Date,actual,naive_last,seasonal_naive_7,arima,sarimax,prophet,lstm,gru,cnn_1d
2018-08-05,116171.5661,116102.016,118338.5608,116001.1032995108,115928.8016633273,123735.51790393991,117044.3910109761,115939.62962639483,119500.54491174119
2018-08-06,116171.5661,116102.016,118339.4613,115874.03726851191,115727.84975016257,123669.39148316548,116835.12406792816,115577.95381006219,119337.96029843473
2018-08-07,116171.107,116102.016,117937.6452,115745.25582010743,115508.37751676168,123631.6722100409,116634.0574556199,115224.64966098858,119197.12167951657
2018-08-08,115827.798,116102.016,117647.613,115604.08590043116,115300.43235500668,123540.5576283168,116450.73104485146,114876.80354210673,119051.01469168744
2018-08-09,115844.3076,116102.016,117204.0507,115452.32822660572,115088.23117622668,123436.96823675136,116283.5982257582,114535.37292220132,118908.2739625329
2018-08-10,115613.2656,116102.016,116793.9394,115282.96210833511,114881.88160767141,123396.90424537336,116128.73016948967,114200.63542140802,118783.82134528493
2018-08-11,115291.4447,116102.016,116102.016,115140.76676937765,114662.84457883523,123295.13642661978,115983.86376800932,113873.18659447326,118667.2776950699
2018-08-12,115175.0843,116102.016,118338.5608,115010.37187130812,114480.55903805875,123242.01197430307,115845.84166492286,113552.8935868767,118560.49198031606
2018-08-13,115176.1601,116102.016,118339.4613,114890.30011876719,114300.74397544179,123165.42619038776,115714.80679336945,113240.62865726236,118453.0703963406
2018-08-14,115070.2956,116102.016,117937.6452,114778.08567880781,114123.2423147865,123114.47153606205,115589.17772643772,112936.70424281264,118340.9576734392
2018-08-15,115093.0188,116102.016,117647.613,114671.80334991039,113950.59599711112,123007.33225725421,115469.34294906996,112642.19783949958,118231.95649502854
2018-08-16,114751.6393,116102.016,117204.0507,114570.09183842006,113781.35118695142,122884.99540724793,115354.50075295365,112358.02110420428,118129.62003234975
2018-08-17,114676.0168,116102.016,116793.9394,114474.52258741281,113616.28487843486,122823.59895880203,115243.50675673754,112084.85205309963,118031.85743012375
2018-08-18,114742.9767,116102.016,116102.016,114384.69136861758,113453.7147154264,122698.11189056352,115135.86894057722,111823.40718435755,117947.55253269151
2018-08-19,114742.9767,116102.016,118338.5608,114300.37626068371,113297.80118582689,122619.12752849772,115031.49568066554,111574.42773457782,117873.22363538147
2018-08-20,114743.4689,116102.016,118339.4613,114221.21602187816,113145.51371041824,122514.8213828177,114929.51655083463,111338.20231875298,117797.47456906064
2018-08-21,114645.2796,116102.016,117937.6452,114146.79474505126,112996.75569994998,122434.58547778353,114830.40249745321,111115.30266943961,117718.45270034851
2018-08-22,113641.0159,116102.016,117647.613,114076.72721538448,112851.66448634856,122296.90787226925,114734.62813184228,110906.45627966648,117650.59977372762
2018-08-23,113606.7373,116102.016,117204.0507,114010.80032736491,112710.03605907192,122143.06869394965,114641.84253482052,110712.21747346682,117596.50691046409
2018-08-24,113842.356,116102.016,116793.9394,113948.77624193755,112571.86000497657,122049.47387739546,114550.8857489894,110532.68886950464,117544.34181210292
2018-08-25,113901.9847,116102.016,116102.016,113890.43821548093,112436.91648278078,121891.32197164101,114461.95384929625,110368.10044353586,117504.5954045625
2018-08-26,113959.969,116102.016,118338.5608,113835.57417191994,112305.48949908352,121779.3857472657,114375.77432876978,110218.80586345609,117476.75092957048
2018-08-27,113960.2745,116102.016,118339.4613,113783.97536482905,112177.24699449576,121641.96024778728,114291.34665543598,110084.66036365002,117449.18865590448
2018-08-28,114520.0245,116102.016,117937.6452,113735.44167827978,112052.1107416153,121528.48962982465,114209.13169704477,109965.69692868824,117419.90568714024
2018-08-29,114802.9145,116102.016,117647.613,113689.79051649253,111930.02431356159,121357.44176904186,114129.6553742492,109862.03375328197,117400.96704620293
2018-08-30,115060.4727,116102.016,117204.0507,113646.8502233132,111810.90361608718,121170.00215711065,114052.6299882948,109773.66442376468,117392.41304756768
2018-08-31,115127.8996,116102.016,116793.9394,113606.46037015769,111694.68280900967,121042.40839900222,113977.22634372691,109700.34980199975,117397.16465820633
2018-09-01,114788.1319,116102.016,116102.016,113568.47012801639,111581.27963895584,120849.62070756959,113903.78802982233,109641.9478710861,117416.08130942992
2018-09-02,115455.5253,116102.016,118338.5608,113532.737161549,111470.65668531957,120702.11006748397,113832.19685186984,109598.18101088805,117456.96201970284
2018-09-03,115455.5253,116102.016,118339.4613,113499.12719548393,111362.72510009816,120527.81556673716,113762.73501119544,109568.75510898467,117407.46867155809
2018-09-04,115534.3935,116102.016,117937.6452,113467.5140170685,111257.41931260642,120375.78300838295,113695.2146789945,109553.24686338694,117335.31675590586
2018-09-05,115266.7973,116102.016,117647.613,113437.77891561792,111154.67705767551,120164.05346830742,113632.19490820062,109551.42904705314,117273.86283597612
2018-09-06,115068.0943,116102.016,117204.0507,113409.8103035413,111054.43509052278,119933.37294177632,113571.0039485974,109562.8994314699,117215.02019455009
2018-09-07,115124.8366,116102.016,116793.9394,113383.50326246943,110956.63309828857,119759.5439445969,113511.72609408741,109587.28327526596,117158.9830740989
2018-09-08,115148.8445,116102.016,116102.016,113358.75910349244,110861.210688248,119517.11397340917,113454.47679066766,109624.1902610229,117105.27869577767
2018-09-09,115147.7547,116102.016,118338.5608,113335.4849811951,110768.1126176617,119316.18196937992,113399.33300233615,109673.22457389384,117053.63402064111
2018-09-10,115147.8701,116102.016,118339.4613,113313.59356125581,110677.28049154175,119084.37373503989,113346.34603842489,109733.9903990319,117003.8309840282
2018-09-11,115368.4879,116102.016,117937.6452,113293.00269371574,110588.65915043138,118870.4978632204,113295.56079459937,109806.09375406634,116955.89890555725
2018-09-12,115060.0617,116102.016,117647.613,113273.63511076577,110502.19492436062,118592.45030060186,113246.98918195453,109889.1424891026,116910.05768236538
2018-09-13,114897.6011,116102.016,117204.0507,113255.41813781079,110417.83523532742,118290.93817135104,113200.66052010865,109982.74445424604,116866.31647683334
2018-09-14,114718.3108,116102.016,116793.9394,113238.28341897843,110335.52890474787,118041.8432503714,113156.58580391858,110086.5175782209,116824.52869086967
2018-09-15,114710.8089,116102.016,116102.016,113222.16665910323,110255.2258667535,117719.91956930989,113114.77877695541,110200.08253846558,116784.58987333423
2018-09-16,114711.019,116102.016,118338.5608,113207.00738246067,110176.87759028721,117435.60594567576,113075.25501526635,110323.06734232305,116746.16284861672
2018-09-17,114711.4077,116102.016,118339.4613,113192.74870573706,110100.43633919036,117117.0041092232,113038.01635132753,110455.10274585051,116708.9305983444
2018-09-18,114507.3414,116102.016,117937.6452,113179.33712488854,110025.8556950981,116813.53379591444,113003.07561247196,110595.82500253359,116672.93893442086
2018-09-19,114354.2645,116102.016,117647.613,113166.72231457102,109953.09038211063,116443.83283679851,112970.4410448423,110744.87403081021,116638.34728227052
2018-09-20,113955.6556,116102.016,117204.0507,113154.85693931291,109882.09620794535,116049.4728693736,112940.1199783431,110901.89158159442,116604.91192256639
2018-09-21,113763.0943,116102.016,116793.9394,113143.69647583667,109812.8300662608,115707.31116161095,112912.11791040278,111066.51940580027,116572.19672598643
2018-09-22,113645.3599,116102.016,116102.016,113133.19904596325,109745.24988851754,115293.17322958233,112886.44583587823,111238.39375691339,116540.0972413905
2018-09-23,113645.3599,116102.016,118338.5608,113123.32525944455,109679.31465731101,114918.6473298136,112863.11474962627,111417.15272089554,116508.30561278659
2018-09-24,113647.0168,116102.016,118339.4613,113114.03806615985,109614.98432042304,114513.04187774274,112842.11915421851,111602.42980251813,116476.40953304252
2018-09-25,113027.8239,116102.016,117937.6452,113105.30261710066,109552.2198139182,114127.01761708499,112823.47187698793,111793.8420142673,116444.34669796945
2018-09-26,114561.6102,116102.016,117647.613,113097.08613361015,109490.98302578024,113680.46308809392,112807.17108545837,111991.00728486724,116412.18307670852
2018-09-27,114072.6327,116102.016,117204.0507,113089.35778438594,109431.23677007502,113216.1845959784,112793.22594201057,112193.52613451879,116379.63646793371
2018-09-28,112920.2098,116102.016,116793.9394,113082.08856978883,109372.94476687507,112812.23178183638,112781.63186545417,112400.98808856594,116346.32754908343
2018-09-29,111755.8381,116102.016,116102.016,113075.25121302364,109316.07161834193,112345.55411196784,112772.3943532176,112612.96526382928,116311.80553102653
2018-09-30,111755.8381,116102.016,118338.5608,113068.82005778578,109260.58279057164,111928.77000801028,112765.50974034856,112829.01420108225,116275.56098539526
2018-10-01,111758.1326,116102.016,118339.4613,113062.77097198935,109206.44458737974,111492.10030018711,112760.97436189478,113048.67403257488,116236.85542430403
2018-10-02,111017.9444,116102.016,117937.6452,113057.08125721492,109153.62413391369,111086.97843260979,112758.78546914204,113271.46373331967,116198.01975740664
2018-10-03,110332.6884,116102.016,117647.613,113051.72956353678,109102.08935560379,110633.90653000507,112758.93206723347,113496.88120485343,116160.38619485902
2018-10-04,109194.9518,116102.016,117204.0507,113046.69580941022,109051.80895845476,110176.12903098995,112761.41598864523,113724.40510771351,116123.63405333615
2018-10-05,108900.2962,116102.016,116793.9394,113041.96110631796,109002.75241025802,109791.94542319982,112766.21799237782,113953.49028024738,116087.60024246133
2018-10-06,108689.1781,116102.016,116102.016,113037.50768789346,108954.88992188923,109358.35774661017,112773.33441347894,114183.5787334695,116052.2279554741
2018-10-07,108689.1781,116102.016,118338.5608,113033.31884325482,108908.19242950616,108987.83484607439,112782.74784342523,114414.08132629993,116017.46405056633
2018-10-08,108689.1781,116102.016,118339.4613,113029.37885429933,108862.63157644933,108610.24521496984,112794.43537626491,114644.40250399221,115983.26271583444
2018-10-09,108689.3046,116102.016,117937.6452,113025.67293672335,108818.17969637283,108276.47091507558,112808.384184665,114873.91922465773,115949.57630689873
2018-10-10,108279.6316,116102.016,117647.613,113022.1871845461,108774.80979635085,107906.27163291261,112824.56678148333,115102.00386521756,115916.36267680788
2018-10-11,108282.6073,116102.016,117204.0507,113018.90851792922,108732.49554046663,107541.9704242724,112842.96484195847,115328.00864535513,115883.57051622991
2018-10-12,108183.7312,116102.016,116793.9394,113015.82463409641,108691.21123383878,107260.78242808807,112863.54813023408,115551.28028732551,115851.14485088055
2018-10-13,107807.9005,116102.016,116102.016,113012.9239611688,108650.93180700438,106938.48186741109,112886.289159168,115771.16826209794,115819.03070647547
2018-10-14,107807.9005,116102.016,118338.5608,113010.19561474293,108611.63280072046,106686.18888416898,112911.15769290389,115987.00279964218,115787.17677368269
2018-10-15,107808.4772,116102.016,118339.4613,113007.6293570485,108573.29035107269,106432.32754037835,112938.11983063308,116198.13703587979,115755.54457050322
2018-10-16,107638.7125,116102.016,117937.6452,113005.21555853238,108535.88117501435,106226.26689964114,112967.14442026115,116403.92044177998,115724.09561493802
2018-10-17,107554.085,116102.016,117647.613,113002.94516172497,108499.3825562199,105986.21363019194,112998.18290117031,116603.71898059733,115692.80058736885
2018-10-18,107460.8922,116102.016,117204.0507,113000.8096472532,108463.77233128907,105752.92703012198,113031.20412126614,116796.91510787167,115661.61917332053
2018-10-19,107273.8367,116102.016,116793.9394,112998.8010018727,108429.0288762899,105602.07708907434,113066.16318488313,116982.91326885652,115630.51472327021
2018-10-20,107391.162,116102.016,116102.016,112996.91168839908,108395.13109362668,105407.94023821403,113103.00878268928,117161.15089337599,115599.45975007577
2018-10-21,107391.162,116102.016,118338.5608,112995.13461742565,108362.05839923077,105280.21368670318,113141.69968397138,117331.08373601566,115568.44325888032
2018-10-22,107391.5056,116102.016,118339.4613,112993.46312072131,108329.79071005779,105145.99906246204,113182.18366315935,117492.2206931692,115537.45425482701
2018-10-23,107243.4868,116102.016,117937.6452,112991.8909262089,108298.30843189503,105053.4667048218,113224.40757844504,117644.09448342017,115506.48907296355
2018-10-24,106912.6037,116102.016,117647.613,112990.41213442998,108267.59244746236,104919.76854655582,113268.31645554416,117786.29096716025,115475.56420557525
2018-10-25,107020.846,116102.016,117204.0507,112989.0211964079,108237.62410480333,104784.77005663955,113313.8534876963,117918.43815173244,115444.67782018596
2018-10-26,107501.568,116102.016,116793.9394,112987.712892826,108208.38520595906,104723.42151335104,113360.96095190293,118040.21535381171,115413.84640908093
2018-10-27,107342.9945,116102.016,116102.016,112986.48231444275,108179.85799591767,104609.4630072592,113409.57929268942,118151.34403702433,115383.09104573586
2018-10-28,107342.9945,116102.016,118338.5608,112985.32484367046,108152.0251518329,104552.24391788314,113459.64162467654,118251.6061367093,115352.45570957813
2018-10-29,107343.1122,116102.016,118339.4613,112984.2361372484,108124.86977250472,104478.70752803041,113511.08930862774,118340.82573515692,115322.00270479664
2018-10-30,107452.0063,116102.016,117937.6452,112983.21210994523,108098.37536811645,104437.05217053153,113563.84629678307,118418.88372141786,115291.80899538937
2018-10-31,107568.7185,116102.016,117647.613,112982.24891922974,108072.52585022147,104344.63699052406,113617.85303366788,118485.7104613987,115261.9075659269
2018-11-01,107915.2455,116102.016,117204.0507,112981.34295085218,108047.30552197363,104241.70303398909,113673.04355014104,118541.28763033802,115232.26543183865
2018-11-02,107808.0204,116102.016,116793.9394,112980.49080528233,108022.69906859554,104203.73025798766,113729.33904972838,118585.63538547338,115202.8578546967
2018-11-03,107800.6162,116102.016,116102.016,112979.68928495314,107998.69154807884,104105.12526513358,113786.67081457457,118618.8270258505,115173.67200716805
2018-11-04,107800.6162,116102.016,118338.5608,112978.9353822623,107975.26838211082,104056.02097502143,113844.96921058616,118640.97616499025,115144.6886482532
2018-11-05,107801.0405,116102.016,118339.4613,112978.22626828655,107952.41534722185,103984.23941874885,113904.15727376514,118652.23306593635,115115.89769933335
2018-11-06,107702.6708,116102.016,117937.6452,112977.5592821666,107930.11856614836,103938.929612623,113964.16170506581,118652.78647373151,115087.28450059937
2018-11-07,108946.7119,116102.016,117647.613,112976.93192112251,107908.36449940607,103838.44918008207,114024.90920544244,118642.86544789362,115058.84355462281
2018-11-08,109034.1241,116102.016,117204.0507,112976.34183106234,107887.1399370682,103724.06102771098,114086.32555961123,118622.71920517812,115030.55562040421
2018-11-09,109023.0492,116102.016,116793.9394,112975.78679774876,107866.43199074393,103672.26626012597,114148.33563605035,118592.62811443485,115002.41886546739
2018-11-10,108934.4304,116102.016,116102.016,112975.26473849041,107846.22808575202,103558.46870492263,114210.86430323792,118552.8981991797,114974.42504366973
2018-11-11,108934.4304,116102.016,118338.5608,112974.77369432681,107826.51595348502,103493.7527944069,114273.83184846172,118503.85747264227,114946.56590886856
2018-11-12,108935.8304,116102.016,118339.4613,112974.31182267767,107807.28362395926,103406.82647669743,114337.17230258061,118445.85227281354,114918.8387123497
2018-11-13,108914.7982,116102.016,117937.6452,112973.87739042881,107788.51941854617,103347.64153977418,114400.80686912045,118379.24176501758,114891.24162163697
2018-11-14,108895.6975,116102.016,117647.613,112973.4687674289,107770.21194288065,103235.26037634433,114464.66408151166,118304.40343933979,114863.77097177813
2018-11-15,108604.5819,116102.016,117204.0507,112973.0844203725,107752.35007994187,103111.54077787627,114528.67247318465,118221.71845081792,114836.42493029698
2018-11-16,108536.0765,116102.016,116793.9394,112972.72290704653,107734.92298330262,103053.4601431113,114592.75782885565,118131.58444677498,114809.20807838392
2018-11-17,108529.0268,116102.016,116102.016,112972.38287091855,107717.92007054291,102936.77458750938,114656.85509562158,118034.40457196243,114782.11675108665
2018-11-18,108529.0268,116102.016,118338.5608,112972.06303604657,107701.33101682395,102872.79472930476,114720.89280691286,117930.58746856014,114755.15827830975
2018-11-19,108529.8479,116102.016,118339.4613,112971.76220229124,107685.14574861845,102790.32976867186,114784.80590982642,117820.54544370028,114728.33174381514
2018-11-20,108468.7736,116102.016,117937.6452,112971.47924081243,107669.3544375936,102739.31210589135,114848.52751898306,117704.69446946729,114701.64264503124
2018-11-21,108688.4493,116102.016,117647.613,112971.21308983346,107653.94749464293,102638.67131265135,114911.99533019388,117583.45235042175,114675.09281443422
2018-11-22,108669.4875,116102.016,117204.0507,112970.96275065688,107638.9155640634,102530.02876245878,114975.14978798426,117457.24238855271,114648.68774945248
2018-11-23,108608.3365,116102.016,116793.9394,112970.72728391702,107624.24951787427,102490.03396352414,115037.93133687956,117326.48422089688,114622.4320312764
2018-11-24,108475.073,116102.016,116102.016,112970.50580605511,107609.94045027423,102394.03768949764,115100.27858892898,117191.59565201485,114596.3247436679
2018-11-25,108475.073,116102.016,118338.5608,112970.29748600385,107595.97967223343,102352.8832550257,115162.14206727665,117053.00181637179,114570.37230029346
2018-11-26,108476.873,116102.016,118339.4613,112970.10154206897,107582.35870621717,102294.86709851421,115223.47137882866,116911.12235100444,114544.5719524389
2018-11-27,108351.8604,116102.016,117937.6452,112969.91723899593,107569.06928103801,102269.38045109542,115284.20971682458,116766.37872542566,114518.92736505649
2018-11-28,108281.924,116102.016,117647.613,112969.74388521108,107556.10332683317,102194.8004388883,115344.31676678926,116619.1905766722,114493.43212447972
2018-11-29,105847.3593,116102.016,117204.0507,112969.58083022657,107543.45297016419,102112.20146968708,115403.74396810489,116469.9738768285,114468.08348199438
2018-11-30,105215.8358,116102.016,116793.9394,112969.42746219946,107531.11052923588,102097.7075164862,115462.4528387725,116319.14459797902,114442.87594017206
2018-12-01,104685.4449,116102.016,116102.016,112969.28320563587,107519.06850923166,102026.17999691596,115520.40123184078,116167.11871220819,114417.80675029854
2018-12-02,104685.4449,116102.016,118338.5608,112969.14751923156,107507.3195977623,102008.02224344651,115577.55433026302,116014.30852664818,114392.87316365958
2018-12-03,104687.6832,116102.016,118339.4613,112969.01989384065,107495.85666042568,101971.1514269159,115633.87548451638,115861.12451595502,114368.07426401714
2018-12-04,104231.4687,116102.016,117937.6452,112968.89985056524,107484.67273647443,101964.64947131046,115689.33720745868,115707.97348983241,114343.40638641891
2018-12-05,103757.5251,116102.016,117647.613,112968.78693895832,107473.7610345891,101906.66112926329,115743.9120119478,115555.25492807955,114318.8695308649
2018-12-06,103285.056,116102.016,117204.0507,112968.68073533356,107463.11492875422,101838.10995807812,115797.57057836547,115403.37289168594,114294.46186487898
2018-12-07,103676.895,116102.016,116793.9394,112968.58084117546,107452.72795423471,101835.05276461355,115850.29274947407,115252.7158655939,114270.1806397469
2018-12-08,102912.9089,116102.016,116102.016,112968.48688164398,107442.59380365022,101772.3672403912,115902.05653555992,115103.6787484122,114246.02768794485
2018-12-09,102912.9089,116102.016,118338.5608,112968.39850416804,107432.70632314509,101760.55386773338,115952.84177938545,114956.63811398826,114222.00026075859
2018-12-10,102913.5314,116102.016,118339.4613,112968.31537712249,107423.05950865142,101727.70310476184,116002.63748609378,114811.96961993133,114198.10019066425
2018-12-11,102810.2863,116102.016,117937.6452,112968.23718858372,107413.64750224323,101723.13958593494,116051.42899587577,114670.0415939462,114174.32656142378
2018-12-12,102607.7771,116102.016,117647.613,112968.16364515928,107404.46458857924,101665.31175267117,116099.19981644615,114531.20862016648,114150.6784567991
2018-12-13,102528.1368,116102.016,117204.0507,112968.09447088689,107395.50519143233,101595.4979370966,116145.94994780491,114395.81520410707,114127.15770926636
2018-12-14,101665.6689,116102.016,116793.9394,112968.02940619896,107386.7638703034,101590.1497796406,116191.67022757133,114264.1976051402,114103.76248634941
2018-12-15,101318.6242,116102.016,116102.016,112967.96820694857,107378.23531711774,101524.56803388296,116236.35332584086,114136.67559035281,114080.49095557211
2018-12-16,101318.6242,116102.016,118338.5608,112967.9106434934,107369.91435300167,101509.69218142414,116279.99741013732,114013.55701573691,114057.34678188674
2018-12-17,101319.0809,116102.016,118339.4613,112967.85649983393,107361.79592513782,101474.05520679352,116322.60431293689,113895.13874242765,114034.3299652933
2018-12-18,101270.857,116102.016,117937.6452,112967.80557280304,107353.8751036968,101467.41560212825,116364.1758667157,113781.68739570383,114011.43684083951
2018-12-19,100823.7337,116102.016,117647.613,112967.75767130358,107346.14707884363,101408.63533129427,116404.71390394989,113673.47418203462,113988.6701572396
2018-12-20,99816.39675,116102.016,117204.0507,112967.7126155913,107338.607157817,101339.37506571943,116444.22392206787,113570.73365836631,113966.0280820174
2018-12-21,99535.95965,116102.016,116793.9394,112967.6702366004,107331.25076207968,101336.4278290361,116482.70958602196,113473.69213550256,113943.50878269676
2018-12-22,99473.81391,116102.016,116102.016,112967.63037530918,107324.07342453823,101275.3863216787,116520.181890669,113382.55210205716,113921.11409175386
2018-12-23,99474.69626,116102.016,118338.5608,112967.59288214322,107317.07078683039,101267.42552285185,116556.64633343741,113297.4995543586,113898.84034423639
2018-12-24,99474.81992,116102.016,118339.4613,112967.55761641424,107310.23859667852,101241.25204836599,116592.11207670794,113218.69666654555,113876.68937262049
2018-12-25,99274.18868,116102.016,117937.6452,112967.5244457921,107303.57270530748,101246.73241474503,116626.60111019426,113146.2918691856,113854.66026066811
2018-12-26,99274.75118,116102.016,117647.613,112967.4932458083,107297.0690649253,101202.7689719589,116660.11160142026,113080.4015245138,113832.7475109508
2018-12-27,99274.75118,116102.016,117204.0507,112967.46389938891,107290.72372626516,101150.99480291421,116692.65821019508,113021.13466486067,113810.95570465892
2018-12-28,98719.77606,116102.016,116793.9394,112967.43629641522,107284.53283618735,101168.10866835095,116724.26475870855,112968.56825422421,113789.27842812598
2018-12-29,98609.9344,116102.016,116102.016,112967.41033331063,107278.4926353394,101129.54516919855,116754.94224181755,112922.76642926942,113767.71934630425
2018-12-30,98633.33489,116102.016,118338.5608,112967.38591265192,107272.59945587325,101146.26158877106,116784.6998219028,112883.77042070952,113746.27571047953
2018-12-31,98633.33489,116102.016,118339.4613,112967.3629428037,107266.84971921807,101146.69272787619,116813.55948867802,112851.60130202016,113724.94660441375
2019-01-01,99178.60851,116102.016,117937.6452,112967.34133757453,107261.23993390711,101180.38569362203,116841.53956690461,112826.25998943941,113703.73386058304
2019-01-02,99620.16357,116102.016,117647.613,112967.32101589358,107255.76669345764,101165.88319708874,116868.64921896331,112807.73182315812,113682.63381403513
2019-01-03,100064.2386,116102.016,117204.0507,112967.30190150635,107250.42667430232,101144.42644008451,116894.91593199625,112795.98290236763,113661.64646477
2019-01-04,101005.5512,116102.016,116793.9394,112967.28392268854,107245.21663377104,101192.29844782726,116920.35070086029,112790.95916902175,113640.7736452638
2019-01-05,100998.8489,116102.016,116102.016,112967.26701197695,107240.13340812184,101184.5028005183,116944.96818536459,112792.59373774126,113620.01077432619
2019-01-06,100998.8489,116102.016,118338.5608,112967.25110591628,107235.17391061973,101231.55901601369,116968.79587265127,112800.8013983855,113599.36060067137
2019-01-07,100998.9322,116102.016,118339.4613,112967.2361448211,107230.33512966236,101261.46570100664,116991.8484225295,112815.48228100469,113578.82220806126
2019-01-08,100476.6307,116102.016,117937.6452,112967.22207255181,107225.6141269512,101323.34325520325,117014.14049480841,112836.52277207797,113558.39468025781
2019-01-09,100562.3416,116102.016,117647.613,112967.20883630402,107221.00803570733,101335.32453068648,117035.69774415398,112863.79093332302,113538.07801726101
2019-01-10,100747.9252,116102.016,117204.0507,112967.19638641042,107216.5140589306,101338.26440006663,117056.52933294696,112897.14841279108,113517.8703865947
2019-01-11,100784.5501,116102.016,116793.9394,112967.18467615436,107212.12946770116,101408.08899194945,117076.66091585332,112936.43945000999,113497.77270449698
2019-01-12,100806.6366,116102.016,116102.016,112967.17366159461,107207.85159952242,101419.47947765583,117096.11265011066,112981.49912212689,113477.78313849168
2019-01-13,100806.6366,116102.016,118338.5608,112967.16330140046,107203.67785670418,101482.67162153711,117114.89553057583,113032.1460140036,113457.90260481689
2019-01-14,100806.853,116102.016,118339.4613,112967.15355669659,107199.60570478531,101525.42220054178,117133.03154696253,113088.19504554974,113438.1283547584
2019-01-15,101025.0485,116102.016,117937.6452,112967.14439091725,107195.63267099464,101596.65409188723,117150.53902403222,113149.44281191338,113418.46313703041
2019-01-16,101155.6032,116102.016,117647.613,112967.13576966904,107191.75634274948,101614.34846876905,117167.43628654629,113215.68224329042,113398.90145420449
2019-01-17,101831.7815,116102.016,117204.0507,112967.12766060182,107187.97436619051,101619.25511536318,117183.74165926619,113286.69344254366,113379.44880370908
2019-01-18,101908.9029,116102.016,116793.9394,112967.12003328737,107184.2844447525,101687.24169330913,117199.46796952494,113362.24918263142,113360.09968811575
2019-01-19,101897.6408,116102.016,116102.016,112967.11285910515,107180.68433776972,101692.97692895596,117214.63720703621,113442.11307413122,113340.85593990063
2019-01-20,101898.2469,116102.016,118338.5608,112967.10611113497,107177.1718591153,101746.72902630043,117229.26403160919,113526.0377327638,113321.71664282566
2019-01-21,101898.2469,116102.016,118339.4613,112967.09976405594,107173.74487587377,101776.33050663357,117243.36493552913,113613.77210929754,113302.67813193856
2019-01-22,101841.2994,116102.016,117937.6452,112967.09379405146,107170.40130704582,101830.82136757814,117256.95274612904,113705.05415964403,113283.7440721916
2019-01-23,102393.0582,116102.016,117647.613,112967.08817871985,107167.13912228466,101828.33908979155,117270.04945312266,113799.61542604832,113264.91263110864
2019-01-24,104759.9772,116102.016,117204.0507,112967.08289699028,107163.95634066314,101809.82658192888,117282.67154879525,113897.17737213666,113246.18197621356
2019-01-25,104864.5858,116102.016,116793.9394,112967.07792904376,107160.85102947078,101851.37896350153,117294.8263630514,113997.46054529729,113227.55210750633
2019-01-26,104893.5124,116102.016,116102.016,112967.07325623871,107157.82130304025,101827.9242082413,117306.5358856048,114100.17449806153,113209.02302498696
2019-01-27,104893.5124,116102.016,118338.5608,112967.06886104101,107154.86532160225,101850.01899066012,117317.80927883618,114205.02695048458,113190.59289617931
2019-01-28,104912.2324,116102.016,118339.4613,112967.06472695826,107151.98129016832,101845.8109583642,117328.66669998312,114311.71737647899,113172.2644697976
2019-01-29,104946.1502,116102.016,117937.6452,112967.06083847783,107149.1674574409,101864.67932830259,117339.11547895017,114419.94433371928,113154.03408088953
2019-01-30,104950.9923,116102.016,117647.613,112967.0571810087,107146.42211474986,101825.1223256163,117349.17760545108,114529.39538502305,113135.90081321704
2019-01-31,104973.3794,116102.016,117204.0507,112967.05374082668,107143.74359501491,101768.46253269428,117358.86040939039,114639.76267439828,113117.86649925627
2019-02-01,104987.7955,116102.016,116793.9394,112967.05050502295,107141.13027173327,101771.1910140447,117368.17488562496,114750.72918347226,113099.92930653106
2019-02-02,104802.772,116102.016,116102.016,112967.04746145556,107138.58055799206,101708.64519746287,117377.13569396397,114861.97972634839,113082.08923504145
2019-02-03,104802.772,116102.016,118338.5608,112967.0445987039,107136.09290550459,101691.80180732011,117385.76115916879,114973.19728465396,113064.3435360732
2019-02-04,104803.1905,116102.016,118339.4613,112967.04190602587,107133.66580367021,101649.23602457166,117394.0531137156,115084.06667249236,113046.69679081666
2019-02-05,104798.9277,116102.016,117937.6452,112967.03937331754,107131.29777865704,101630.75872641747,117402.02988236584,115194.26629030051,113029.14441808147
2019-02-06,104594.6982,116102.016,117647.613,112967.03699107526,107128.98739250694,101555.30028551909,117409.69879502406,115303.48828208641,113011.6882503438
2019-02-07,104287.2551,116102.016,117204.0507,112967.03475035996,107126.73324226237,101464.61196770662,117417.07084654711,115411.41837819153,112994.3227901752
2019-02-08,103527.0607,116102.016,116793.9394,112967.03264276365,107124.53395911447,101435.60577847065,117424.15886426801,115517.74963886195,112977.0535350041
2019-02-09,103503.7998,116102.016,116102.016,112967.03066037782,107122.38820757181,101344.02773955188,117430.97201056748,115622.18062177212,112959.87681987823
2019-02-10,103503.7998,116102.016,118338.5608,112967.02879576384,107120.29468464949,101301.24591063142,117437.5231127785,115724.41813073918,112942.79264479758
2019-02-11,103503.7998,116102.016,118339.4613,112967.02704192499,107118.25211907786,101236.20436972064,117443.81400337722,115824.17263453256,112925.80284223828
2019-02-12,103417.6202,116102.016,117937.6452,112967.02539228021,107116.25927053062,101199.05506469388,117449.86117464893,115921.16742925468,112908.90283100998
2019-02-13,103380.7932,116102.016,117647.613,112967.02384063942,107114.31492887156,101109.03609573969,117455.67378897435,116015.12947596022,112892.09352735078
2019-02-14,103268.4249,116102.016,117204.0507,112967.02238118029,107112.4179134198,101008.16756686258,117461.25184635347,116105.80955789375,112875.37584749871
2019-02-15,103231.0882,116102.016,116793.9394,112967.02100842637,107110.56707223279,100973.58597337584,117466.61550402387,116192.95479334754,112858.74795897765
2019-02-16,103120.6787,116102.016,116102.016,112967.01971722659,107108.7612814068,100881.21223807604,117471.76476198553,116276.33612280372,112842.21169426372
2019-02-17,103090.1377,116102.016,118338.5608,112967.01850273588,107106.99944439446,100842.53485374126,117476.7051176669,116355.7354816013,112825.76338840467
2019-02-18,103090.1377,116102.016,118339.4613,112967.01736039703,107105.2804913389,100786.55949534362,117481.45489582942,116430.95129736453,112809.40395763854
2019-02-19,103090.1377,116102.016,117937.6452,112967.01628592356,107103.60337842406,100763.43716669363,117486.01409647305,116501.7948250507,112793.13156948921
2019-02-20,103085.1442,116102.016,117647.613,112967.01527528363,107101.96708724088,100692.33959102529,117490.39188197855,116568.0993093308,112776.94988890896
2019-02-21,103064.1905,116102.016,117204.0507,112967.01432468496,107100.37062416886,100615.15312557253,117494.59191729817,116629.70532478041,112760.85250223127
2019-02-22,103179.9137,116102.016,116793.9394,112967.01343056055,107098.8130197727,100608.8122958743,117498.62336481265,116686.4845980695,112744.84399064652
2019-02-23,103214.3464,116102.016,116102.016,112967.0125895553,107097.29332821362,100548.96817300297,117502.49355442655,116738.31252082036,112728.9216054405
2019-02-24,103255.787,116102.016,118338.5608,112967.01179851347,107095.810626675,100546.77313871158,117506.20615109215,116785.09563674968,112713.08534661318
2019-02-25,103255.787,116102.016,118339.4613,112967.01105446676,107094.36401480202,100530.8334617235,117509.76665223789,116826.74781947877,112697.33429792651
2019-02-26,103111.9419,116102.016,117937.6452,112967.01035462321,107092.95261415494,100550.84177850343,117513.18605272062,116863.21042977105,112681.6684593805
2019-02-27,103624.1668,116102.016,117647.613,112967.00969635678,107091.57556767565,100525.45818252121,117516.46435254034,116894.43582324681,112666.08691473705
2019-02-28,103729.1281,116102.016,117204.0507,112967.00907719739,107090.23203916725,100496.01116049287,117519.60888160163,116920.39834524001,112650.58966399619
2019-03-01,103911.3286,116102.016,116793.9394,112967.00849482174,107088.92121278628,100538.83939276198,117522.62696980906,116941.09249832226,112635.17579091982
2019-03-02,103958.9552,116102.016,116102.016,112967.00794704452,107087.6422925473,100528.96952561101,117525.51861716263,116956.52194744584,112619.84529550796
2019-03-03,103958.9552,116102.016,118338.5608,112967.00743181029,107086.39450183952,100576.91130956638,117528.2911535669,116966.71601222904,112604.59909399868
2019-03-04,103959.1552,116102.016,118339.4613,112967.00694718567,107085.17708295524,100610.6213428957,117530.94824397416,116971.71867209928,112589.43168896354
2019-03-05,104117.7204,116102.016,117937.6452,112967.0064913522,107083.98929662973,100679.14730005978,117533.49905076514,116971.58490134083,112574.34949406904
2019-03-06,104116.5628,116102.016,117647.613,112967.0060625994,107082.83042159231,100700.52111055731,117535.94174146367,116966.38799899945,112559.34701188677
2019-03-07,104428.799,116102.016,117204.0507,112967.00565931843,107081.69975412839,100715.4720685377,117538.28181349821,116956.21775640611,112544.427907369
2019-03-08,104255.1658,116102.016,116793.9394,112967.00527999604,107080.59660765211,100799.78061897864,117540.52842924946,116941.17312727256,112529.58668308731
2019-03-09,104279.7467,116102.016,116102.016,112967.00492320888,107079.52031228947,100827.96765042597,117542.67792376514,116921.37322254806,112514.82700399397
2019-03-10,104279.7467,116102.016,118338.5608,112967.00458761814,107078.47021447148,100910.10041145126,117544.73396199752,116896.94265061035,112500.14612137478
2019-03-11,104279.7467,116102.016,118339.4613,112967.00427196456,107077.44567653736,100973.766021494,117546.70753880347,116868.02067964627,112485.54495146782
2019-03-12,104347.8515,116102.016,117937.6452,112967.00397506368,107076.4460763473,101067.72420320536,117548.59682170684,116834.75574022344,112471.02166179693
2019-03-13,104459.1176,116102.016,117647.613,112967.00369580142,107075.47080690466,101109.80747224354,117550.40364318379,116797.30725776625,112456.57900107632
2019-03-14,104537.8862,116102.016,117204.0507,112967.00343312991,107074.5192759874,101140.63956541219,117552.13533313887,116755.84565255602,112442.21147187757
2019-03-15,104695.386,116102.016,116793.9394,112967.00318606348,107073.59090578844,101235.99268962877,117553.79372404823,116710.54867477862,112427.92548786719
2019-03-16,104772.298,116102.016,116102.016,112967.00295367505,107072.6851325648,101270.47829992349,117555.38248086415,116661.59773957219,112413.71188666446
2019-03-17,104772.2987,116102.016,118338.5608,112967.00273509262,107071.80140629527,101354.35244762259,117556.89793863437,116609.18525693173,112399.578914412
2019-03-18,104772.8654,116102.016,118339.4613,112967.00252949599,107070.93919034644,101415.48664232314,117558.34925973958,116553.512799233,112385.52015744334
2019-03-19,104875.0239,116102.016,117937.6452,112967.00233611368,107070.09796114679,101503.01587846142,117559.73827665593,116494.78377132781,112371.54019694884
2019-03-20,104923.9816,116102.016,117647.613,112967.00215422006,107069.2772078688,101535.23213734473,117561.06865433572,116433.20157806807,112357.63078678583
2019-03-21,104988.1795,116102.016,117204.0507,112967.00198313258,107068.47643211872,101553.29427071699,117562.34222525505,116368.98428411478,112343.80108933504
2019-03-22,105141.7345,116102.016,116793.9394,112967.00182220925,107067.69514763396,101633.57502143404,117563.55532446169,116302.34628917665,112330.04285845383
2019-03-23,105432.7904,116102.016,116102.016,112967.00167084624,107066.93287998778,101651.34010671604,117564.71894681246,116233.50749039087,112316.36067533254
2019-03-24,105432.7904,116102.016,118338.5608,112967.00152847558,107066.18916630124,101717.5406615545,117565.82576240279,116162.69144984684,112302.75270749505
2019-03-25,105433.7104,116102.016,118339.4613,112967.00139456303,107065.46355496204,101760.77027528755,117566.8885985657,116090.11806468172,112289.21803870327
2019-03-26,105192.1372,116102.016,117937.6452,112967.00126860612,107064.75560535041,101830.89858735412,117567.9001253966,116016.02005936569,112275.75575271914
2019-03-27,104972.9499,116102.016,117647.613,112967.0011501322,107064.06488757141,101846.95008609719,117568.86767280007,115940.61733103587,112262.36401706652
2019-03-28,105212.0734,116102.016,117204.0507,112967.00103869672,107063.390982194,101850.79935890372,117569.78757582384,115864.14077168629,112249.04741293575
2019-03-29,105165.755,116102.016,116793.9394,112967.00093388153,107062.73347999627,101919.50389171836,117570.67266180087,115786.81394340639,112235.80319161263
2019-03-30,105158.1301,116102.016,116102.016,112967.00083529331,107062.09198171696,101928.9696770414,117571.51193587434,115708.86407323788,112222.629520621
2019-03-31,105157.9005,116102.016,118338.5608,112967.00074256213,107061.46609781306,101990.73124390485,117572.31272794881,115630.51289079408,112209.52731619898
2019-04-01,105158.9416,116102.016,118339.4613,112967.00065534003,107060.85544822316,102033.89763249838,117573.07870297656,115551.98579064054,112196.49474587035
2019-04-02,105236.8176,116102.016,117937.6452,112967.00057329972,107060.25966213677,102108.77653500094,117573.80802848145,115473.5008374383,112183.53364211133
2019-04-03,105030.3592,116102.016,117647.613,112967.00049613336,107059.6783777691,102134.74546093175,117574.50436941576,115395.27792832449,112170.64217244572
2019-04-04,105080.7747,116102.016,117204.0507,112967.00042355139,107059.11124214137,102153.94134275327,117575.16589330338,115317.52779805557,112157.82033687356
2019-04-05,105164.3151,116102.016,116793.9394,112967.00035528146,107058.55791086647,102243.5897955804,117575.79809757268,115240.46301386411,112145.06721915674
2019-04-06,105191.1865,116102.016,116102.016,112967.00029106738,107058.01804793983,102279.66935108128,117576.39548479528,115164.29064555425,112132.38373553337
2019-04-07,105191.1865,116102.016,118338.5608,112967.0002306682,107057.4913255354,102373.69228348047,117576.96721735189,115089.21226550174,112119.76896976534
2019-04-08,105191.397,116102.016,118339.4613,112967.00017385729,107056.9774238066,102454.65349808034,117577.51146276634,115015.42119993965,112107.22200561462
2019-04-09,105384.4704,116102.016,117937.6452,112967.00012042146,107056.47603069204,102572.65959637173,117578.0263885625,114943.11077510104,112094.7419268431
2019-04-10,105421.9075,116102.016,117647.613,112967.00007016021,107055.98684172604,102646.80681635048,117578.51749216882,114872.46515483831,112082.33148216501
2019-04-11,105516.237,116102.016,117204.0507,112967.00002288494,107055.50955985379,102718.87905638682,117578.98110863299,114803.66117309923,112069.98517415194
2019-04-12,105512.0382,116102.016,116793.9394,112966.99997841826,107055.04389525091,102865.68694723675,117579.42640033571,114736.87383135546,112057.70758399423
2019-04-13,105498.9636,116102.016,116102.016,112966.9999365933,107054.58956514753,102962.74300825351,117579.84053994402,114672.25980631723,112045.49504673958
2019-04-14,105465.0374,116102.016,118338.5608,112966.99989725313,107054.14629365648,103121.05419493513,117580.24185221932,114609.98127212317,112033.34939486416
2019-04-15,105465.5374,116102.016,118339.4613,112966.99986025013,107053.71381160583,103269.08297956201,117580.61934230477,114550.18391062666,112021.26787965374
2019-04-16,105307.6797,116102.016,117937.6452,112966.99982544544,107053.29185637546,103456.38874180088,117580.97301020035,114493.00699001455,112009.25324982253
2019-04-17,105016.5466,116102.016,117647.613,112966.99979270846,107052.8801717375,103601.51783175967,117581.3120182868,114438.58061609301,111997.30275665633
2019-04-18,105200.4108,116102.016,117204.0507,112966.99976191636,107052.47850770083,103745.71318838536,117581.63086913567,114387.02756476359,111985.41640015513
2019-04-19,104973.8192,116102.016,116793.9394,112966.9997329536,107052.0866203592,103965.26417226416,117581.93139522312,114338.45870083297,111973.595096557
2019-04-20,104973.8192,116102.016,116102.016,112966.99970571148,107051.70427174318,104135.19137199118,117582.21359654913,114292.97847544127,111961.83792962389
2019-04-21,104916.3338,116102.016,118338.5608,112966.9996800878,107051.3312296756,104366.04745089055,117582.47930558986,114250.6766799195,111950.14306687962
2019-04-22,104916.3338,116102.016,118339.4613,112966.9996559864,107050.96726763064,104585.88497876229,117582.73218729757,114211.6421893606,111938.51142456228
2019-04-23,105382.0985,116102.016,117937.6452,112966.99963331684,107050.61216459618,104843.90287731614,117582.97040919616,114175.94097290572,111926.94391890996
2019-04-24,105249.5738,116102.016,117647.613,112966.99961199406,107050.26570493967,105058.33974649837,117583.19213880946,114143.64083217212,111915.43688497035
2019-04-25,105272.2694,116102.016,117204.0507,112966.99959193805,107049.92767827715,105270.18491474957,117583.40104108976,114114.79490896799,111903.99398769575
2019-04-26,105142.5957,116102.016,116793.9394,112966.99957307354,107049.5978793455,105555.52788877935,117583.59894851319,114089.44443400652,111892.61339461
2019-04-27,104581.2214,116102.016,116102.016,112966.99955532976,107049.27610787781,105789.24103405565,117583.78036365134,114067.62330809636,111881.29235699889
2019-04-28,104578.8708,116102.016,118338.5608,112966.99953864013,107048.96216848178,106081.77667792358,117583.94711898036,114049.3544371893,111870.03179110051
2019-04-29,104578.8708,116102.016,118339.4613,112966.99952294202,107048.65587052102,106361.12975419973,117584.11020935708,114034.64881614217,111858.83352939099
2019-04-30,104549.6458,116102.016,117937.6452,112966.99950817651,107048.35702799934,106676.47783555023,117584.25863992465,114023.51194238344,111847.69573939418
2019-05-01,104534.1971,116102.016,117647.613,112966.9994942882,107048.06545944778,106946.06707522189,117584.3924106831,114015.93648600852,111836.61842111009
2019-05-02,104367.9365,116102.016,117204.0507,112966.999481225,107047.78098781442,107210.91518415148,117584.5206840131,114011.90320601789,111825.59974206258
2019-05-03,104221.2534,116102.016,116793.9394,112966.99946893787,107047.50344035687,107547.15242191036,117584.6361300101,114011.39102893595,111814.6406184897
2019-05-04,103596.5079,116102.016,116102.016,112966.9994573807,107047.23264853738,107829.69574588818,117584.74424610253,114014.35964028751,111803.74288286762
2019-05-05,103596.5079,116102.016,118338.5608,112966.99944651015,107046.96844792049,108169.0376243765,117584.83953486197,114020.76964183552,111792.90103776791
2019-05-06,103600.2258,116102.016,118339.4613,112966.99943628539,107046.71067807316,108493.20093678986,117584.93115866912,114030.56514305763,111782.11874814282
2019-05-07,103817.179,116102.016,117937.6452,112966.99942666809,107046.45918246737,108851.3720927932,117585.01362009555,114043.68567224109,111771.39509775433
2019-05-08,103866.4662,116102.016,117647.613,112966.99941762214,107046.2138083851,109161.7811492522,117585.08691914126,114060.06251153057,111760.72917036433
2019-05-09,104041.5843,116102.016,117204.0507,112966.9994091136,107045.97440682552,109465.40027213054,117585.15105580626,114079.61778069,111750.1218822109
2019-05-10,104308.8967,116102.016,116793.9394,112966.99940111054,107045.74083241458,109838.28169931733,117585.20969504284,114102.26535334063,111739.57048457983
2019-05-11,104399.374,116102.016,116102.016,112966.99939358294,107045.51294331667,110155.23047691914,117585.26283685099,114127.91085696111,111729.0758937092
2019-05-12,104580.1422,116102.016,118338.5608,112966.99938650255,107045.29060114856,110526.59354897124,117585.30498380227,114156.45900279202,111718.63902583707
2019-05-13,104580.3422,116102.016,118339.4613,112966.99937984279,107045.07367089532,110880.21664147377,117585.34346580127,114187.79800978863,111708.2580484873
2019-05-14,104832.3662,116102.016,117937.6452,112966.99937357868,107044.86202082835,111265.08103250507,117585.37461789571,114221.81701314429,111697.93387789796
2019-05-15,104954.7437,116102.016,117647.613,112966.99936768673,107044.6555224254,111599.18889034193,117585.40210503785,114258.39598567164,111687.66559783097
2019-05-16,105389.1143,116102.016,117204.0507,112966.99936214481,107044.45405029248,111923.26837522241,117585.42226227542,114297.41123523105,111677.45045957214
2019-05-17,105731.1376,116102.016,116793.9394,112966.99935693212,107044.25748208778,112313.11945890501,117585.43875456072,114338.72990730211,111667.29212807374
2019-05-18,105867.1571,116102.016,116102.016,112966.99935202912,107044.06569844733,112643.29548823596,117585.44974941757,114382.2163986503,111657.18877085962
2019-05-19,105987.8047,116102.016,118338.5608,112966.9993474174,107043.87858291256,113023.90178894412,117585.45341436985,114427.73144108872,111647.13947169173
2019-05-20,105987.8047,116102.016,118339.4613,112966.99934307966,107043.69602185952,113382.56243800011,117585.45341436985,114475.12935276401,111637.14423057003
2019-05-21,105987.8047,116102.016,117937.6452,112966.99933899962,107043.51790442996,113768.06696421068,117585.44608446528,114524.25987063245,111627.20396373265
2019-05-22,106289.3999,116102.016,117647.613,112966.99933516198,107043.34412246395,114098.26531758209,117585.43692208457,114574.96815045996,111617.31592246532
2019-05-23,106417.7699,116102.016,117204.0507,112966.99933155232,107043.17457043423,114413.78196290878,117585.42409475156,114627.10026425055,111607.48193924423
2019-05-24,106497.298,116102.016,116793.9394,112966.99932815711,107043.00914538214,114790.3697234496,117585.40943494243,114680.4986190559,111597.70293030741
2019-05-25,107339.3584,116102.016,116102.016,112966.9993249636,107042.84774685504,115102.59809492771,117585.38561275257,114734.99920826123,111587.97339822646
2019-05-26,107339.3584,116102.016,118338.5608,112966.99932195983,107042.6902768454,115460.65705233939,117585.36545551498,114790.43894148983,111578.29884042978
2019-05-27,107341.1529,116102.016,118339.4613,112966.9993191345,107042.53663973123,115792.3272454679,117585.33613589671,114846.65197965075,111568.67375948897
2019-05-28,108062.9737,116102.016,117937.6452,112966.99931647703,107042.386742218,116146.62815959811,117585.30681627842,114903.47339989113,111559.10365283246
2019-05-29,108230.6258,116102.016,117647.613,112966.99931397743,107042.24049328205,116441.71245463041,117585.27383170785,114960.7346144058,111549.58485550794
2019-05-30,108734.5226,116102.016,117204.0507,112966.99931162634,107042.09780411524,116718.57727156377,117585.23534970885,115018.27070034192,111540.11461880122
2019-05-31,109338.1993,116102.016,116793.9394,112966.99930941491,107041.95858807111,117053.41312982426,117585.19137028142,115075.91215365626,111530.6984401407
2019-06-01,109241.5338,116102.016,116102.016,112966.99930733487,107041.82276061217,117321.28519877842,117585.14922333013,115133.49313525789,111521.33265457411
2019-06-02,109241.5338,116102.016,118338.5608,112966.9993053784,107041.69023925863,117632.9280939543,117585.1052439027,115190.85055477006,111512.01817833954
2019-06-03,109241.904,116102.016,118339.4613,112966.99930353816,107041.56094353832,117916.70528436088,117585.05759952297,115247.81948933995,111502.75226272276
2019-06-04,109591.0467,116102.016,117937.6452,112966.99930180726,107041.43479493777,118222.24493596089,117585.00812266712,115304.24142978116,111493.53765643795
2019-06-05,110014.0409,116102.016,117647.613,112966.99930017917,107041.31171685459,118468.320704957,117584.95498085898,115359.95145324084,111484.37252700904
2019-06-06,110634.7041,116102.016,117204.0507,112966.99929864782,107041.1916345509,118696.54861443289,117584.89817409855,115414.80112915141,111475.2559581979
2019-06-07,111823.8911,116102.016,116793.9394,112966.99929720744,107041.07447510799,118983.7210172826,117584.83953486197,115468.63378080264,111466.18978248068
2019-06-08,112226.4654,116102.016,116102.016,112966.99929585263,107040.96016738204,119205.47283273157,117584.78272810153,115521.30647505539,111457.17216738126
2019-06-09,112226.4654,116102.016,118338.5608,112966.9992945783,107040.84864196091,119473.06162418045,117584.72408886495,115572.67627877051,111448.20219666156
2019-06-10,112226.8629,116102.016,118339.4613,112966.99929337969,107040.73983112194,119715.31302338527,117584.66178467611,115622.60575623727,111439.28078655964
2019-06-11,112620.1845,116102.016,117937.6452,112966.99929225228,107040.63366879092,119982.24373401771,117584.59581553495,115670.95747174497,111430.40976955165
2019-06-12,113113.9208,116102.016,117647.613,112966.99929119185,107040.53009050188,120192.93101370645,117584.53167886996,115717.60681691587,111421.58364820917
2019-06-13,113541.1124,116102.016,117204.0507,112966.99929019442,107040.429033358,120389.20011949122,117584.46387725267,115762.43651327681,111412.80791996061
2019-06-14,113725.4313,116102.016,116793.9394,112966.99928925624,107040.33043599341,120647.95102640953,117584.39424315923,115805.33111483083,111404.07891985371
2019-06-15,114406.2389,116102.016,116102.016,112966.99928837382,107040.23423853591,120844.81985904215,117584.32644154194,115846.18617043774,111395.39481541229
2019-06-16,114406.8851,116102.016,118338.5608,112966.9992875438,107040.1403825706,121090.95679402647,117584.25314249622,115884.89906143355,111386.76018782675
2019-06-17,114449.3214,116102.016,118339.4613,112966.99928676311,107040.04881110443,121314.97206005544,117584.1798434505,115921.37999648726,111378.17137214477
2019-06-18,114684.1069,116102.016,117937.6452,112966.99928602879,107039.95946853161,121566.56231658661,117584.10654440479,115955.54651417243,111369.62928460445
2019-06-19,114897.444,116102.016,117647.613,112966.9992853381,107039.87230059982,121764.38628265564,117584.03141288293,115987.31981801492,111361.13300896769
2019-06-20,115334.3655,116102.016,117204.0507,112966.99928468844,107039.78725437724,121949.7609966937,117583.95261640879,116016.63577134971,111352.68346147258
2019-06-21,115644.8474,116102.016,116793.9394,112966.99928407738,107039.70427822045,122198.99983841271,117583.8811498392,116043.43206998798,111344.27789340491
2019-06-22,115739.8084,116102.016,116102.016,112966.99928350262,107039.62332174306,122387.08750315839,117583.79685593663,116067.6537396454,111335.9181372408
2019-06-23,115642.0703,116102.016,118338.5608,112966.999282962,107039.5443357851,122624.47337241669,117583.71989193863,116089.2677957514,111327.60419298027
2019-06-24,115642.2703,116102.016,118339.4613,112966.9992824535,107039.4672723832,122839.03453554478,117583.64109546448,116108.23209135472,111319.33422814717
2019-06-25,116120.1056,116102.016,117937.6452,112966.99928197521,107039.39208474141,123079.72032487034,117583.5604665142,116124.5283016939,111311.11007521764
2019-06-26,116818.1425,116102.016,117647.613,112966.99928152534,107039.31872720283,123264.44677972968,117583.47617261161,116138.13443705525,111302.92990171554
2019-06-27,117879.7616,116102.016,117204.0507,112966.9992811022,107039.24715522188,123433.81193986806,117583.39554366133,116149.04133505805,111294.79462387894
2019-06-28,118132.649,116102.016,116793.9394,112966.99928070419,107039.17732533722,123663.45260699703,117583.31491471104,116157.25082817844,111286.70149299364
2019-06-29,118319.5334,116102.016,116102.016,112966.99928032982,107039.10919514541,123827.73727420587,117583.22878833232,116162.76841384484,111278.65325777384
2019-06-30,118335.8056,116102.016,118338.5608,112966.9992799777,107039.04272327511,124036.57619120574,117583.14449442974,116165.61424929483,111270.64716950532
2019-07-01,118335.8056,116102.016,118339.4613,112966.9992796465,107038.97786936196,124217.39937291176,117583.05836805103,116165.80665928984,111262.68689314037
2019-07-02,118335.9577,116102.016,117937.6452,112966.99927933497,107038.91459402413,124418.81400657028,117582.97224167231,116163.385958305,111254.76693125057
2019-07-03,117178.7424,116102.016,117647.613,112966.99927904195,107038.85285883832,124558.5093181634,117582.88978024587,116158.37963348249,111246.89003255013
2019-07-04,117456.6427,116102.016,117204.0507,112966.99927876634,107038.79262631651,124676.97950589567,117582.79998891486,116150.84082663043,111239.05711327713
2019-07-05,117511.1271,116102.016,116793.9394,112966.9992785071,107038.73385988313,124849.88515763861,117582.71386253615,116140.8245120331,111231.26542471733
2019-07-06,118420.2325,116102.016,116102.016,112966.99927826326,107038.67652385289,124951.74770740325,117582.62773615743,116128.38199902252,111223.51588310882
2019-07-07,118420.2325,116102.016,118338.5608,112966.99927803391,107038.62058340908,125092.75783597272,117582.53794482643,116113.5865866444,111215.80940468967
2019-07-08,118433.7956,116102.016,118339.4613,112966.99927781819,107038.56600458248,125200.7486444179,117582.44998597157,116096.50607651603,111208.14415698375
2019-07-09,118911.523,116102.016,117937.6452,112966.99927761528,107038.51275423066,125324.84516092649,117582.36385959285,116077.2210975877,111200.51922375296
2019-07-10,119087.2279,116102.016,117647.613,112966.99927742443,107038.4608000179,125383.35842855946,117582.27773321414,116055.81044633355,111192.93643747346
2019-07-11,119159.0006,116102.016,117204.0507,112966.99927724492,107038.41011039556,125417.49504564266,117582.18794188312,116032.36574656074,111185.3939656691
2019-07-12,119209.8735,116102.016,116793.9394,112966.99927707607,107038.36065458292,125503.70290979858,117582.09815055212,116006.97678960026,111177.89272457798
2019-07-13,119234.953,116102.016,116102.016,112966.99927691725,107038.31240254844,125517.34811630633,117582.00835922112,115979.7406966877,111170.43271420005
2019-07-14,119315.7048,116102.016,118338.5608,112966.99927676786,107038.2653249916,125569.5043625075,117581.92040036626,115950.76008648706,111163.0121020592
2019-07-15,119318.2048,116102.016,118339.4613,112966.99927662735,107038.21939332504,125588.90617258703,117581.83244151139,115920.1357451862,111155.62997191737
2019-07-16,119254.9241,116102.016,117937.6452,112966.99927649519,107038.17457965724,125625.57801471448,117581.74081770425,115887.97945382984,111148.2899887268
2019-07-17,119267.3966,116102.016,117647.613,112966.99927637087,107038.13085677558,125598.70808179185,117581.6491938971,115854.39932851041,111140.98848753524
2019-07-18,119425.3119,116102.016,117204.0507,112966.99927625395,107038.0881981298,125550.33812903245,117581.56123504225,115819.50531779649,111133.72730081883
2019-07-19,119570.8606,116102.016,116793.9394,112966.99927614396,107038.0465778159,125557.69062452324,117581.47327618737,115783.42019758966,111126.5055123395
2019-07-20,119496.2554,116102.016,116102.016,112966.99927604051,107038.00597056036,125496.82863846913,117581.37981990409,115746.25391645849,111119.32128962109
2019-07-21,119465.9919,116102.016,118338.5608,112966.99927594322,107037.96635170489,125479.43025470656,117581.29369352537,115708.1310827807,111112.17738137783
2019-07-22,119466.3077,116102.016,118339.4613,112966.9992758517,107037.92769719134,125434.72919570064,117581.20206971823,115669.16897502946,111105.07103889549
2019-07-23,119541.3899,116102.016,117937.6452,112966.99927576563,107037.88998354715,125413.1340446139,117581.11411086336,115629.48670415403,111098.0022621741
2019-07-24,119235.5191,116102.016,117647.613,112966.99927568466,107037.85318787114,125334.09507347952,117581.02431953236,115589.20704605599,111090.97379992783
2019-07-25,119104.9883,116102.016,117204.0507,112966.9992756085,107037.81728781949,125239.79022818612,117580.92719829679,115548.44911168466,111083.98107096637
2019-07-26,118976.7698,116102.016,116793.9394,112966.99927553686,107037.7822615923,125207.45159937828,117580.83923944192,115507.33384446545,111077.02865648005
2019-07-27,118808.1779,116102.016,116102.016,112966.99927546948,107037.74808792026,125113.02779149113,117580.75128058706,115465.9858527761,111070.1119752785
2019-07-28,118808.1779,116102.016,118338.5608,112966.99927540611,107037.71474605177,125067.96387410768,117580.65965677991,115424.51875013743,111063.2328598379
2019-07-29,118808.9567,116102.016,118339.4613,112966.9992753465,107037.68221574032,125001.15042450279,117580.57169792506,115383.05439621299,111056.39131015821
2019-07-30,118886.2882,116102.016,117937.6452,112966.99927529044,107037.65047723224,124962.55378487741,117580.48190659405,115341.71006947591,111049.58549376333
2019-07-31,118719.1264,116102.016,117647.613,112966.9992752377,107037.61951125464,124871.09621297797,117580.3902827869,115300.60029968513,111042.81724312936
2019-08-01,118570.2834,116102.016,117204.0507,112966.9992751881,107037.58929900377,124768.35708562215,117580.30232393203,115259.84144907573,111036.08655825634
2019-08-02,118474.656,116102.016,116793.9394,112966.99927514144,107037.55982213355,124730.91604335053,117580.21253260103,115219.53888502592,111029.39069043002
2019-08-03,118475.3303,116102.016,116102.016,112966.99927509755,107037.53106274449,124634.03301038324,117580.12090879389,115179.8043885804,111022.73238836465
2019-08-04,118475.3303,116102.016,118338.5608,112966.99927505627,107037.50300337272,124588.44627247372,117580.03294993902,115140.74241087936,111016.10890334597
2019-08-05,118424.8682,116102.016,118339.4613,112966.99927501744,107037.4756269795,124522.33961063076,117579.94132613188,115102.458319301,111009.52206785016
2019-08-06,118425.0787,116102.016,117937.6452,112966.99927498092,107037.4489169408,124484.99010855885,117579.85153480088,115065.05015131897,111002.97004940108
2019-08-07,118092.5614,116102.016,117647.613,112966.99927494657,107037.42285703725,124394.66482647197,117579.76357594601,115028.61044697848,110996.4528479987
2019-08-08,117757.2708,116102.016,117204.0507,112966.99927491427,107037.39743144423,124292.33704820009,117579.67561709115,114993.2363275151,110989.97321235725
2019-08-09,117476.853,116102.016,116793.9394,112966.99927488388,107037.37262472232,124254.04258351654,117579.5876582363,114959.0102543553,110983.52656128637
2019-08-10,117443.1064,116102.016,116102.016,112966.9992748553,107037.34842180791,124154.57071142907,117579.4978669053,114926.01927011582,110977.11564350029
2019-08-11,117443.1064,116102.016,118338.5608,112966.99927482841,107037.32480800402,124104.27066635486,117579.40990805042,114894.34125503276,110970.73862652286
2019-08-12,117443.6529,116102.016,118339.4613,112966.99927480312,107037.30176897143,124031.02446018792,117579.32011671942,114864.05225686607,110964.39642659212
2019-08-13,117227.1035,116102.016,117937.6452,112966.99927477933,107037.27929071993,123983.8975346655,117579.23215786456,114835.22190970914,110958.08812747005
2019-08-14,116999.4409,116102.016,117647.613,112966.99927475696,107037.25735959984,123881.03539818924,117579.1441990097,114807.914350227,110951.81464539468
2019-08-15,116811.0552,116102.016,117204.0507,112966.99927473592,107037.23596229372,123763.37700151079,117579.05257520256,114782.19005013237,110945.57323165181
2019-08-16,116186.9396,116102.016,116793.9394,112966.99927471613,107037.21508580828,123707.00546618109,117578.96644882383,114758.10948113796,110939.36755119375
2019-08-17,115988.861,116102.016,116102.016,112966.99927469752,107037.19471746648,123586.8309640759,117578.87848996898,114735.71753890927,110933.19393906817
2019-08-18,115988.861,116102.016,118338.5608,112966.99927468001,107037.17484489988,123513.38693682468,117578.79236359026,114715.0591191118,110927.0551439893
2019-08-19,116005.425,116102.016,118339.4613,112966.99927466354,107037.15545604107,123414.79080098067,117578.70623721153,114696.17636869685,110920.94841724295
2019-08-20,116041.4204,116102.016,117937.6452,112966.99927464804,107037.13653911639,123340.38104176261,117578.61644588053,114679.10043975884,110914.87559130523
2019-08-21,116111.5317,116102.016,117647.613,112966.99927463348,107037.1180826387,123208.59930154453,117578.52848702567,114663.86523310641,110908.83391746196
2019-08-22,116054.269,116102.016,117204.0507,112966.99927461977,107037.10007540052,123060.68869985142,117578.4441931231,114650.48724102485,110902.82614442732
2019-08-23,115911.821,116102.016,116793.9394,112966.99927460687,107037.08250646715,122973.02949722834,117578.35989922052,114638.99028570403,110896.85135596326
2019-08-24,115864.6044,116102.016,116102.016,112966.99927459475,107037.06536517003,122820.80740114949,117578.2737728418,114629.38536200079,110890.90680335555
2019-08-25,115727.3407,116102.016,118338.5608,112966.99927458334,107037.0486411003,122714.7961892176,117578.18764646308,114621.67705110551,110884.9952353184
2019-08-26,115728.1953,116102.016,118339.4613,112966.99927457262,107037.03232410242,122583.3062539743,117578.10152008437,114615.87451539887,110879.11756808992
2019-08-27,115639.7698,116102.016,117937.6452,112966.99927456253,107037.01640426808,122475.81138893397,117578.01539370565,114611.96584378598,110873.26922047972
2019-08-28,115341.2976,116102.016,117647.613,112966.99927455305,107037.00087193015,122310.8227844744,117577.92743485079,114609.94645507645,110867.45294120202
2019-08-29,115417.9123,116102.016,117204.0507,112966.99927454411,107036.98571765676,122129.58176735435,117577.84497342436,114609.80352193731,110861.66873025682
2019-08-30,115392.5024,116102.016,116793.9394,112966.99927453572,107036.97093224565,122008.39261850141,117577.76067952177,114611.51597089288,110855.91567140605
2019-08-31,114626.0208,116102.016,116102.016,112966.99927452781,107036.95650671852,121822.29090759745,117577.67272066692,114615.05906351526,110850.19468088778
2019-09-01,114626.0208,116102.016,118338.5608,112966.99927452038,107036.94243231563,121681.82907327687,117577.59025924049,114620.40806137651,110844.5030099878
2019-09-02,114626.0208,116102.016,118339.4613,112966.9992745134,107036.92870049045,121515.03081764717,117577.50230038562,114627.52814742993,110838.84157494418
2019-09-03,114626.0208,116102.016,117937.6452,112966.99927450682,107036.91530290447,121371.02651010678,117577.41800648304,114636.37900720033,110833.21129199499
2019-09-04,114598.7356,116102.016,117647.613,112966.99927450063,107036.90223142215,121167.93835814022,117577.33737753276,114646.92124245068,110827.61216114022
2019-09-05,114529.72,116102.016,117204.0507,112966.99927449481,107036.88947810598,120946.58658683184,117577.25491610632,114659.10812503933,110822.04326614182
2019-09-06,114359.3787,116102.016,116793.9394,112966.99927448934,107036.87703521163,120782.83759618948,117577.16878972761,114672.88926187233,110816.5036907617
2019-09-07,114675.4393,116102.016,116102.016,112966.99927448419,107036.86489518329,120551.28910550335,117577.08632830117,114688.20784618927,110810.99343499988
2019-09-08,114638.3088,116102.016,118338.5608,112966.99927447934,107036.85305064905,120362.07353213402,117577.0020343986,114705.00707122969,110805.5134150944
2019-09-09,114639.3777,116102.016,118339.4613,112966.99927447479,107036.84149441644,120142.83065315554,117576.91957297217,114723.22463280476,110800.06454728337
2019-09-10,114456.8792,116102.016,117937.6452,112966.99927447051,107036.83021946807,119942.36120008065,117576.83711154573,114742.79364553525,110794.64499909061
2019-09-11,114380.2972,116102.016,117647.613,112966.99927446648,107036.81921895735,119678.52959049925,117576.7546501193,114763.64814028001,110789.25202180193
2019-09-12,113821.7188,116102.016,117204.0507,112966.9992744627,107036.80848620432,119391.98649099424,117576.67585364515,114785.71481799333,110783.89019660768
2019-09-13,113508.5293,116102.016,116793.9394,112966.99927445913,107036.79801469164,119158.53165522932,117576.59155974258,114808.92129586755,110778.55585855557
2019-09-14,113268.8118,116102.016,116102.016,112966.99927445578,107036.7877980606,118852.81155852551,117576.51093079228,114833.19060990469,110773.25084012175
2019-09-15,113225.8316,116102.016,118338.5608,112966.99927445262,107036.77783010725,118585.13263996589,117576.42846936586,114858.43846620216,110767.97605754429
2019-09-16,113231.138,116102.016,118339.4613,112966.99927444966,107036.76810477866,118283.44082860708,117576.34784041558,114884.59064947616,110762.72876210898
2019-09-17,113164.0118,116102.016,117937.6452,112966.99927444686,107036.75861616923,117996.97870792239,117576.26721146528,114911.55828463378,110757.50803757773
2019-09-18,112766.832,116102.016,117647.613,112966.99927444424,107036.7493585171,117644.1883112596,117576.18658251499,114939.26532391508,110752.31846514091
2019-09-19,112885.6832,116102.016,117204.0507,112966.99927444177,107036.74032620066,117266.4301236553,117576.1059535647,114967.61464608448,110747.15546360817
2019-09-20,112563.8156,116102.016,116793.9394,112966.99927443945,107036.73151373513,116940.33871145862,117576.02532461441,114996.5283709059,110742.02086545565
2019-09-21,112186.0202,116102.016,116102.016,112966.99927443727,107036.72291576922,116541.50957712608,117575.94469566412,115025.91395833413,110736.91375444527
2019-09-22,112186.0202,116102.016,118338.5608,112966.99927443522,107036.71452708193,116181.29822400297,117575.86773166612,115055.68344951431,110731.83413057703
2019-09-23,112190.078,116102.016,118339.4613,112966.99927443328,107036.7063425793,115788.7823757494,117575.78893519197,115085.74980182965,110726.78107761286
2019-09-24,111216.1266,116102.016,117937.6452,112966.99927443147,107036.69835729139,115414.39906088084,117575.71013871783,115116.02414018722,110721.75734426698
2019-09-25,110622.1773,116102.016,117647.613,112966.99927442976,107036.6905663692,114977.82499135855,117575.6276772914,115146.41484077985,110716.75926558711
2019-09-26,110202.9583,116102.016,117204.0507,112966.99927442816,107036.6829650818,114521.6713158407,117575.55071329339,115176.83760970499,110711.78867404937
2019-09-27,109884.1875,116102.016,116793.9394,112966.99927442665,107036.67554881336,114123.81373079434,117575.4700843431,115207.20082315548,110706.84465341571
2019-09-28,109634.5453,116102.016,116102.016,112966.99927442522,107036.66831306047,113661.05315081889,117575.39312034509,115237.42018722875,110701.92628744806
2019-09-29,109634.5453,116102.016,118338.5608,112966.99927442388,107036.66125342925,113245.88855376925,117575.3161563471,115267.41049178415,110697.03724109869
2019-09-30,109450.1625,116102.016,118339.4613,112966.99927442263,107036.65436563284,112808.45358659326,117575.24102482523,115297.08652668104,110692.17201693918
2019-10-01,109174.3601,116102.016,117937.6452,112966.99927442145,107036.6476454887,112400.12927745073,117575.16039587495,115326.36674673106,110687.33336368373
2019-10-02,108356.9831,116102.016,117647.613,112966.99927442035,107036.64108891609,111941.40189539194,117575.0815994008,115355.1705229839,110682.52128133236
2019-10-03,106524.0207,116102.016,117204.0507,112966.9992744193,107036.63469193359,111475.53761171795,117575.00463540279,115383.41814272737,110677.73576988507
2019-10-04,105820.1672,116102.016,116793.9394,112966.99927441831,107036.62845065672,111080.8954657807,117574.93133635708,115411.03630691573,110672.97591310377
2019-10-05,105712.4254,116102.016,116102.016,112966.99927441738,107036.62236129551,110634.57428840945,117574.85253988294,115437.94896778907,110668.24171098848
2019-10-06,105712.4254,116102.016,118338.5608,112966.9992744165,107036.61642015226,110249.17557061785,117574.77557588492,115464.087407492,110663.53316353919
2019-10-07,105725.4134,116102.016,118339.4613,112966.99927441569,107036.61062361929,109854.73414581764,117574.70044436306,115489.38474064533,110658.84935451782
2019-10-08,105715.8997,116102.016,117937.6452,112966.99927441492,107036.6049681767,109502.32921598668,117574.62897779349,115513.77316563175,110654.1902839244
2019-10-09,105010.7058,116102.016,117647.613,112966.9992744142,107036.5994503903,109111.944845349,117574.55018131934,115537.19221073856,110649.55778423503
2019-10-10,104660.1577,116102.016,117204.0507,112966.99927441351,107036.59406690947,108726.15155295434,117574.47688227362,115559.58506920532,110644.9500229736
2019-10-11,104488.8208,116102.016,116793.9394,112966.99927441287,107036.58881446514,108422.43037929427,117574.4035832279,115580.8985992239,110640.36883261625
2019-10-12,104331.2908,116102.016,116102.016,112966.99927441227,107036.58368986782,108076.83485071539,117574.32845170604,115601.08149146228,110635.80871573453
2019-10-13,104356.3048,116102.016,118338.5608,112966.9992744117,107036.57869000566,107800.7725036055,117574.25332018419,115620.0842690646,110631.27516975689
2019-10-14,104349.151,116102.016,118339.4613,112966.99927441117,107036.57381184252,107522.95742269339,117574.17818866232,115637.870282508,110626.76544596911
2019-10-15,104349.3924,116102.016,117937.6452,112966.99927441067,107036.56905241622,107293.04583232051,117574.10305714046,115654.3937198889,110622.2822930854
2019-10-16,104265.8663,116102.016,117647.613,112966.9992744102,107036.56440883664,107029.5233071533,117574.03342304703,115669.62526158904,110617.8211299154
2019-10-17,103704.0477,116102.016,117204.0507,112966.99927440975,107036.55987828401,106773.41462525427,117573.96012400131,115683.53192303784,110613.38378893527
2019-10-18,103534.7349,116102.016,116793.9394,112966.99927440933,107036.55545800719,106600.63699408503,117573.8868249556,115696.08988204543,110608.97210262113
2019-10-19,103441.2141,116102.016,116102.016,112966.99927440894,107036.55114532204,106385.69140871576,117573.81352590988,115707.2771488981,110604.58332225878
2019-10-20,103432.466,116102.016,118338.5608,112966.99927440858,107036.5469376097,106238.4731364664,117573.74205934031,115717.07356635827,110600.21653161016
2019-10-21,103433.3676,116102.016,118339.4613,112966.99927440823,107036.5428323151,106086.25212797242,117573.67059277074,115725.47180452138,110595.87539562752
2019-10-22,103146.7485,116102.016,117937.6452,112966.9992744079,107036.53882694534,105977.33476876705,117573.59362877272,115732.453538626,110591.55716559668
2019-10-23,103005.1384,116102.016,117647.613,112966.9992744076,107036.53491906819,105828.97495815139,117573.52582715543,115738.02426610053,110587.26275775569
2019-10-24,102639.3153,116102.016,117204.0507,112966.99927440731,107036.53110631065,105681.10501762596,117573.45252810972,115742.17665704044,110582.99217210457
2019-10-25,102686.6418,116102.016,116793.9394,112966.99927440703,107036.52738635745,105608.70671056454,117573.38106154015,115744.91804135029,110578.74265992908
2019-10-26,102883.8489,116102.016,116102.016,112966.99927440677,107036.5237569497,105485.51676573449,117573.31142744671,115746.25391645849,110574.51788618152
2019-10-27,102906.9646,116102.016,118338.5608,112966.99927440652,107036.52021588346,105420.84762291903,117573.24362582943,115746.20077465035,110570.3141859096
2019-10-28,103005.4054,116102.016,118339.4613,112966.99927440629,107036.51676100848,105341.57402137437,117573.16849430757,115744.76777830656,110566.1361403037
2019-10-29,103162.8955,116102.016,117937.6452,112966.99927440607,107036.5133902268,105295.79676614568,117573.09886021413,115741.9824145693,110561.97825193536
2019-10-30,105484.2778,116102.016,117647.613,112966.99927440587,107036.51010149157,105200.7516810203,117573.03105859684,115737.86117572381,110557.84235328075
2019-10-31,105478.1299,116102.016,117204.0507,112966.99927440568,107036.50689280573,105096.53437178516,117572.95959202727,115732.43154891227,110553.73027681597
2019-11-01,105433.0487,116102.016,116793.9394,112966.9992744055,107036.50376222083,105058.46129798333,117572.89362288613,115725.73018365754,110549.63927382686
2019-11-02,105306.8426,116102.016,116102.016,112966.99927440535,107036.50070783588,104960.7618507849,117572.82215631654,115717.78639957788,110545.5720930276
2019-11-03,105306.8426,116102.016,118338.5608,112966.99927440519,107036.49772779612,104913.38253991536,117572.74885727082,115708.63684619615,110541.5250694659
2019-11-04,105306.8426,116102.016,118339.4613,112966.99927440504,107036.49482029195,104843.95436395392,117572.68472060583,115698.32550293981,110537.50003561794
2019-11-05,105147.4114,116102.016,117937.6452,112966.9992744049,107036.49198355782,104801.43520913945,117572.6150865124,115686.88718685557,110533.49790772174
2019-11-06,105043.8413,116102.016,117647.613,112966.99927440476,107036.48921587116,104703.99583837202,117572.5472848951,115674.37503975155,110529.51593706313
2019-11-07,105097.8385,116102.016,117204.0507,112966.99927440465,107036.48651555133,104592.72067524552,117572.47765080168,115660.8367060075,110525.5568723563
2019-11-08,106806.4989,116102.016,116793.9394,112966.99927440453,107036.48388095856,104543.94447558731,117572.40984918439,115646.32166247924,110521.61888112512
2019-11-09,106914.5312,116102.016,116102.016,112966.99927440443,107036.48131049305,104432.92017632138,117572.34571251938,115630.88305097495,110517.7010471315
2019-11-10,106914.5312,116102.016,118338.5608,112966.99927440433,107036.4788025939,104370.59959976572,117572.27424594981,115614.57218082661,110513.80611908968
2019-11-11,106914.899,116102.016,118339.4613,112966.99927440422,107036.47635573822,104285.57863160942,117572.2101092848,115597.4513562231,110509.93134828543
2019-11-12,106761.0501,116102.016,117937.6452,112966.99927440414,107036.47396844019,104227.7192171692,117572.14230766751,115579.57371897255,110506.07673471875
2019-11-13,106657.3729,116102.016,117647.613,112966.99927440405,107036.47163925013,104116.01718082142,117572.07633852637,115561.00157326383,110502.24411086578
2019-11-14,106605.2455,116102.016,117204.0507,112966.99927440398,107036.46936675366,103992.28745025246,117572.00853690908,115541.79539080964,110498.43164425039
2019-11-15,106626.1932,116102.016,116793.9394,112966.9992744039,107036.46714957085,103933.48808017185,117571.94440024407,115522.01747579886,110494.63933487257
2019-11-16,106565.3358,116102.016,116102.016,112966.99927440383,107036.46498635532,103815.37858672999,117571.87843110293,115501.73013242033,110490.86718273233
2019-11-17,106586.6483,116102.016,118338.5608,112966.99927440376,107036.4628757935,103749.29440751046,117571.81062948564,115480.99932981523,110487.11702030578
2019-11-18,106310.1298,116102.016,118339.4613,112966.9992744037,107036.46081660377,103664.08915585736,117571.74649282065,115459.88553969623,110483.38609887876
2019-11-19,106419.5094,116102.016,117937.6452,112966.99927440364,107036.4588075357,103609.75697905794,117571.68052367949,115438.45473120452,110479.6753346893
2019-11-20,106351.5275,116102.016,117647.613,112966.99927440358,107036.45684736932,103505.30390755995,117571.6127220622,115416.77287348121,110475.9847277374
2019-11-21,106213.9554,116102.016,117204.0507,112966.99927440353,107036.45493491432,103392.43958151188,117571.55041787334,115394.90227071519,110472.31519426117
2019-11-22,106241.5279,116102.016,116793.9394,112966.99927440348,107036.4530690094,103347.91048326761,117571.48628120834,115372.91072452374,110468.66306930828
2019-11-23,106272.0464,116102.016,116102.016,112966.99927440344,107036.4512485215,103247.16985911212,117571.42214454334,115350.85962285764,110465.03201783105
2019-11-24,106239.5044,116102.016,118338.5608,112966.9992744034,107036.44947234514,103201.16576524102,117571.35800787833,115328.81218614381,110461.42112359137
2019-11-25,106232.2672,116102.016,118339.4613,112966.99927440335,107036.44773940176,103138.29848632956,117571.29387121333,115306.83255104728,110457.83038658928
2019-11-26,105705.6823,116102.016,117937.6452,112966.99927440331,107036.44604863906,103108.05918728017,117571.22973454834,115284.98027304269,110454.25705811054
2019-11-27,105930.5124,116102.016,117647.613,112966.99927440328,107036.44439903033,103028.91822043103,117571.16559788333,115263.31857255696,110450.7029706313
2019-11-28,105681.317,116102.016,117204.0507,112966.99927440325,107036.44278957386,102942.03400634158,117571.10146121832,115241.90334011246,110447.16995662771
2019-11-29,105328.6262,116102.016,116793.9394,112966.99927440322,107036.44121929233,102923.60315777108,117571.04098950561,115220.79413118382,110443.6534349094
2019-11-30,105099.3496,116102.016,116102.016,112966.99927440319,107036.43968723221,102848.54659213405,117570.97502036447,115200.05141748379,110440.15798666673
2019-12-01,105131.2673,116102.016,118338.5608,112966.99927440316,107036.43819246317,102827.3126615526,117570.91454865175,115179.72559210626,110436.6808631855
2019-12-02,105131.4673,116102.016,118339.4613,112966.99927440313,107036.43673407752,102787.84818485925,117570.85224446288,115159.87071309748,110433.22298070377
2019-12-03,104847.3004,116102.016,117937.6452,112966.9992744031,107036.43531118968,102779.24892857113,117570.78994027403,115140.53717355136,110429.78342298347
2019-12-04,103837.1797,116102.016,117647.613,112966.99927440308,107036.43392293561,102719.65770284247,117570.72763608517,115121.77536656184,110426.36219002459
2019-12-05,103817.7506,116102.016,117204.0507,112966.99927440305,107036.43256847232,102649.98079668965,117570.66716437245,115103.63018779442,110422.96019806522
2019-12-06,103843.9824,116102.016,116793.9394,112966.99927440303,107036.4312469773,102646.24329404025,117570.60486018358,115086.15203034303,110419.5756146292
2019-12-07,103245.261,116102.016,116102.016,112966.99927440302,107036.4299576481,102583.27795500949,117570.54438847087,115069.37571125438,110416.20843971655
2019-12-08,103245.261,116102.016,118338.5608,112966.999274403,107036.42869970179,102571.52869741544,117570.48391675815,115053.346126194,110412.86050580339
2019-12-09,103255.6653,116102.016,118339.4613,112966.99927440299,107036.4274723745,102539.01963325821,117570.42161256929,115038.0999246847,110409.53181288973
2019-12-10,103222.6763,116102.016,117937.6452,112966.99927440297,107036.42627492094,102535.0013381238,117570.36480580886,115023.6700912971,110406.21961226137
2019-12-11,103062.6556,116102.016,117647.613,112966.99927440296,107036.42510661398,102477.84270552384,117570.30250162,115010.09052683982,110402.92573639442
2019-12-12,102904.2104,116102.016,117204.0507,112966.99927440294,107036.42396674417,102408.73934469016,117570.24202990728,114997.38871845501,110399.64926905085
2019-12-13,102866.9666,116102.016,116793.9394,112966.99927440293,107036.42285461933,102404.05933789354,117570.18339067072,114985.59215328482,110396.39112646869
2019-12-14,102704.561,116102.016,116102.016,112966.99927440292,107036.42176956416,102339.02134765561,117570.12475143414,114974.72831847139,110393.1503924099
2019-12-15,102699.0255,116102.016,118338.5608,112966.9992744029,107036.42071091973,102324.48643690895,117570.06244724528,114964.81187382384,110389.92615063638
2019-12-16,102695.9755,116102.016,118339.4613,112966.99927440289,107036.41967804322,102288.91489722556,117570.00747296099,114955.86389281786,110386.7202336243
2019-12-17,102690.1989,116102.016,117937.6452,112966.99927440287,107036.41867030742,102282.00010609976,117569.94883372441,114947.89811902448,110383.53264137366
2019-12-18,102464.979,116102.016,117647.613,112966.99927440286,107036.4176871004,102222.54810148489,117569.88652953555,114940.92737977672,110380.35970893216
2019-12-19,101908.4133,116102.016,117204.0507,112966.99927440284,107036.41672782511,102152.17415249323,117569.83155525126,114934.96358616953,110377.20784996629
2019-12-20,101853.8669,116102.016,116793.9394,112966.99927440283,107036.41579189904,102147.63743872425,117569.77108353855,114930.01040315515,110374.07065080958
2019-12-21,101761.8584,116102.016,116102.016,112966.99927440281,107036.41487875386,102084.50909377688,117569.71427677812,114926.07332816203,110370.94994393815
2019-12-22,101763.2273,116102.016,118338.5608,112966.9992744028,107036.41398783507,102073.95520386133,117569.65563754154,114923.14777999982,110367.84572935199
2019-12-23,101763.2273,116102.016,118339.4613,112966.99927440278,107036.41311860166,102044.68624240404,117569.5988307811,114921.23833985889,110364.7589232892
2019-12-24,101424.7004,116102.016,117937.6452,112966.99927440278,107036.4122705258,102046.58510185353,117569.54019154454,114920.33401288233,110361.68952574978
2019-12-25,101457.4831,116102.016,117647.613,112966.99927440278,107036.41144309253,101998.58250359255,117569.48521726026,114920.4283854037,110358.63570425757
2019-12-26,101457.4831,116102.016,117204.0507,112966.99927440278,107036.41063579937,101942.35110948399,117569.42841049982,114921.51321128033,110355.5992912887
2019-12-27,101457.4831,116102.016,116793.9394,112966.99927440278,107036.40984815612,101954.63944489697,117569.36977126324,114923.5756631792,110352.57845436706
2019-12-28,101127.9189,116102.016,116102.016,112966.99927440278,107036.40907968448,101910.94084110031,117569.31296450281,114926.59558386277,110349.57502596878
2019-12-29,101129.5489,116102.016,118338.5608,112966.99927440278,107036.40832991782,101922.27889860066,117569.25799021852,114930.55922975997,110346.5871736177
2019-12-30,101135.6156,116102.016,118339.4613,112966.99927440278,107036.40759840082,101917.1608257804,117569.20301593424,114935.44277868091,110343.61489731386
2019-12-31,101173.0074,116102.016,117937.6452,112966.99927440278,107036.4068846893,101945.21065565868,117569.14437669766,114941.22240843574,110340.65819705723
2020-01-01,101441.0989,116102.016,117647.613,112966.99927440278,107036.40618834987,101925.0509374984,117569.08573746108,114947.87429683463,110337.7170728478
2020-01-02,101441.6283,116102.016,117204.0507,112966.99927440278,107036.40550895967,101898.00402336016,117569.03259565294,114955.37004049734,110334.79152468558
2020-01-03,102065.793,116102.016,116793.9394,112966.99927440278,107036.40484610615,101940.4338435698,117568.97578889251,114963.68031980559,110331.8815525706
2020-01-04,102098.5953,116102.016,116102.016,112966.99927440278,107036.4041993868,101927.42315752139,117568.92081460822,114972.77489890301,110328.98440778861
2020-01-05,102126.6394,116102.016,118338.5608,112966.99927440278,107036.40356840892,101969.56756102918,117568.86584032394,114982.61621202868,110326.10283905383
2020-01-06,102066.7612,116102.016,118339.4613,112966.99927440278,107036.40295278933,101994.93739162477,117568.81086603965,114993.16944213588,110323.23501389012
2020-01-07,101924.6544,116102.016,117937.6452,112966.99927440278,107036.40235215423,102052.71933485274,117568.75589175535,115004.40068841599,110320.3836810117
2020-01-08,101854.9346,116102.016,117647.613,112966.99927440278,107036.40176613886,102061.10614673425,117568.70091747107,115016.26597144155,110317.54609170435
2020-01-09,101851.1411,116102.016,117204.0507,112966.99927440278,107036.40119438739,102061.00545337323,117568.64777566292,115028.7286416897,110314.72224596808
2020-01-10,101904.01,116102.016,116793.9394,112966.99927440278,107036.40063655263,102128.3883882414,117568.59463385478,115041.74930092337,110311.91214380288
2020-01-11,101894.5498,116102.016,116102.016,112966.99927440278,107036.40009229584,102137.97294803943,117568.5396595705,115055.27663981059,110309.11670144682
2020-01-12,101894.5498,116102.016,118338.5608,112966.99927440278,107036.39956128651,102200.02327197247,117568.48651776234,115069.27767378074,110306.33408642375
2020-01-13,101811.4992,116102.016,118339.4613,112966.99927440278,107036.39904320221,102242.31593873855,117568.43154347806,115083.70109350185,110303.56613120984
2020-01-14,101781.2276,116102.016,117937.6452,112966.99927440278,107036.39853772832,102313.78506565443,117568.3784016699,115098.50200330839,110300.811919567
2020-01-15,101860.1896,116102.016,117647.613,112966.99927440278,107036.39804455792,102332.41463316024,117568.32709233792,115113.63734001103,110298.07145149523
2020-01-16,101997.3167,116102.016,117204.0507,112966.99927440278,107036.39756339153,102338.94902786578,117568.27211805362,115129.05487803968,110295.34197828031
2020-01-17,102141.9539,116102.016,116793.9394,112966.99927440278,107036.39709393695,102409.24261770895,117568.22080872161,115144.71338668112,110292.62808111262
2020-01-18,102234.7577,116102.016,116102.016,112966.99927440278,107036.39663590911,102417.9433101724,117568.16949938962,115160.56430531759,110289.92701127792
2020-01-19,102234.7577,116102.016,118338.5608,112966.99927440278,107036.3961890299,102475.29138123142,117568.1181900576,115176.55724085512,110287.2396850143
2020-01-20,102231.8922,116102.016,118339.4613,112966.99927440278,107036.39575302793,102509.0847605361,117568.06138329719,115192.64913010437,110284.56426984559
2020-01-21,102410.4412,116102.016,117937.6452,112966.99927440278,107036.39532763847,102568.32265232434,117568.01373891746,115208.7895799714,110281.9016820099
2020-01-22,103250.5283,116102.016,117647.613,112966.99927440278,107036.3949126032,102571.09600991101,117567.96059710931,115224.93277855267,110279.25100526914
2020-01-23,103366.0384,116102.016,117204.0507,112966.99927440278,107036.39450767008,102558.29594697621,117567.90928777732,115241.0347464207,110276.61407209944
2020-01-24,103362.1834,116102.016,116793.9394,112966.99927440278,107036.39411259322,102605.96098111174,117567.85614596917,115257.04692295774,110273.99088250082
2020-01-25,103423.4369,116102.016,116102.016,112966.99927440278,107036.39372713272,102588.9581312279,117567.80666911331,115272.92624497441,110271.37685528291
2020-01-26,103472.698,116102.016,118338.5608,112966.99927440278,107036.39335105452,102617.77921351815,117567.75352730518,115288.62781680522,110268.77748787415
2020-01-27,103472.785,116102.016,118339.4613,112966.99927440278,107036.39298413023,102620.50356322939,117567.7040504493,115304.10765902273,110266.18819908416
2020-01-28,103400.6892,116102.016,117937.6452,112966.99927440278,107036.39262613707,102646.43908735143,117567.6527411173,115319.32362467566,110263.61265386526
2020-01-29,103648.1647,116102.016,117647.613,112966.99927440278,107036.39227685762,102614.01017551319,117567.60509673759,115334.237231765,110261.04901974129
2020-01-30,103662.3267,116102.016,117204.0507,112966.99927440278,107036.3919360798,102564.46354635377,117567.55195492944,115348.80358462525,110258.49729671223
2020-01-31,103716.9313,116102.016,116793.9394,112966.99927440278,107036.39160359668,102574.21290497882,117567.50064559744,115362.98969868584,110255.96023349233
2020-02-01,103609.0238,116102.016,116102.016,112966.99927440278,107036.39127920636,102518.51740158768,117567.45116874158,115376.75709194777,110253.4332488912
2020-02-02,103609.0238,116102.016,118338.5608,112966.99927440278,107036.39096271186,102508.27519556381,117567.40169188572,115390.07094736432,110250.91909162309
2020-02-03,103500.9088,116102.016,118339.4613,112966.99927440278,107036.39065392097,102471.983306261,117567.35221502987,115402.89369917457,110248.4168454499
2020-02-04,103485.1563,116102.016,117937.6452,112966.99927440278,107036.39035264621,102459.37560755794,117567.30090569786,115415.19694399828,110245.9283428478
2020-02-05,103534.5486,116102.016,117647.613,112966.99927440278,107036.39005870462,102389.30744718837,117567.25509379429,115426.95044597912,110243.44991886445
2020-02-06,102761.5709,116102.016,117204.0507,112966.99927440278,107036.38977191772,102303.45792738211,117567.20378446228,115438.12671797493,110240.98615469027
2020-02-07,102342.7577,116102.016,116793.9394,112966.99927440278,107036.38949211134,102278.67069091045,117567.15614008257,115448.7001053197,110238.53338537294
2020-02-08,102453.5129,116102.016,116102.016,112966.99927440278,107036.38921911558,102190.62818368697,117567.10483075057,115458.64495334747,110236.09161091247
2020-02-09,102453.5129,116102.016,118338.5608,112966.99927440278,107036.38895276467,102150.64069477927,117567.05718637085,115467.94110482061,110233.66174754692
2020-02-10,102467.6956,116102.016,118339.4613,112966.99927440278,107036.38869289687,102087.60136948823,117567.00770951499,115476.56657002545,110231.24196280017
2020-02-11,102436.5769,116102.016,117937.6452,112966.99927440278,107036.38843935437,102051.6190865148,117566.96006513527,115484.50485667668,110228.83683786256
2020-02-12,102437.7356,116102.016,117647.613,112966.99927440278,107036.38819198322,101961.8977345862,117566.91058827941,115491.739472489,110226.44179154374
2020-02-13,102639.551,116102.016,117204.0507,112966.99927440278,107036.3879506332,101860.4329999203,117566.86477637585,115498.25759012946,110224.05865631983
2020-02-14,102676.7218,116102.016,116793.9394,112966.99927440278,107036.38771515776,101824.34760313164,117566.81346704383,115504.0500472173,110221.68743219087
2020-02-15,102535.5606,116102.016,116102.016,112966.99927440278,107036.3874854139,101729.5600692363,117566.76765514027,115509.10401641953,110219.32720291876
2020-02-16,102540.0291,116102.016,118338.5608,112966.99927440278,107036.38726126212,101687.56845960484,117566.72001076055,115513.41766526003,110216.97705226543
2020-02-17,102540.0291,116102.016,118339.4613,112966.99927440278,107036.3870425663,101627.40040170334,117566.67053390469,115516.98183135805,110214.63972894511
2020-02-18,102540.4291,116102.016,117937.6452,112966.99927440278,107036.38682919365,101599.24145606713,117566.62288952497,115519.79834718975,110212.31248424356
2020-02-19,102546.2196,116102.016,117647.613,112966.99927440278,107036.3866210146,101522.31050799154,117566.57707762139,115521.86721275514,110209.99806687504
2020-02-20,102450.7976,116102.016,117204.0507,112966.99927440278,107036.3864179027,101438.55344617186,117566.53309819396,115523.1884280542,110207.69281188722
2020-02-21,102460.6192,116102.016,116793.9394,112966.99927440278,107036.38621973466,101424.9762112732,117566.4836213381,115523.76382556307,110205.40038423239
2020-02-22,102303.2545,116102.016,116102.016,112966.99927440278,107036.38602639012,101357.31243065171,117566.44147438683,115523.60623261478,110203.11803519636
2020-02-23,102303.9403,116102.016,118338.5608,112966.99927440278,107036.38583775167,101346.80718362816,117566.39199753097,115522.7193141616,110200.84668101718
2020-02-24,102304.0653,116102.016,118339.4613,112966.99927440278,107036.38565370478,101322.16832672743,117566.34801810353,115521.11773001267,110198.58632169486
2020-02-25,102237.405,116102.016,117937.6452,112966.99927440278,107036.38547413769,101333.1974854121,117566.29854124767,115518.80697759642,110196.33695722939
2020-02-26,102274.6794,116102.016,117647.613,112966.99927440278,107036.38529894133,101298.66943652948,117566.25639429639,115515.80904662656,110194.09858762079
2020-02-27,102215.3975,116102.016,117204.0507,112966.99927440278,107036.38512800934,101260.03114695652,117566.21241486895,115512.13859691225,110191.87029663098
2020-02-28,102340.5227,116102.016,116793.9394,112966.99927440278,107036.38496123791,101293.74151900208,117566.16293801309,115507.81028826261,110189.65391673608
2020-02-29,102427.5404,116102.016,116102.016,112966.99927440278,107036.38479852579,101274.94698949635,117566.11895858566,115502.84427791524,110187.44761545998
2020-03-01,102428.2501,116102.016,118338.5608,112966.99927440278,107036.38463977416,101314.27442069043,117566.07314668209,115497.26255558385,110185.25230904073
2020-03-02,102428.2846,116102.016,118339.4613,112966.99927440278,107036.38448488661,101339.79257014618,117566.02916725466,115491.09077593441,110183.06616500221
2020-03-03,102306.6666,116102.016,117937.6452,112966.99927440278,107036.3843337691,101400.6540701044,117565.98335535108,115484.35092868067,110180.8919320586
2020-03-04,102265.9072,116102.016,117647.613,112966.99927440278,107036.38418632987,101414.98643397124,117565.93937592366,115477.07050096475,110178.72869397186
2020-03-05,102048.7639,116102.016,117204.0507,112966.99927440278,107036.38404247937,101423.60312260466,117565.89539649623,115469.2714825004,110176.5755345039
2020-03-06,102022.5502,116102.016,116793.9394,112966.99927440278,107036.38390213027,101502.35546717726,117565.84958459265,115460.985025382,110174.43153741666
2020-03-07,102101.4431,116102.016,116102.016,112966.99927440278,107036.38376519733,101525.82032686917,117565.80560516522,115452.24228170402,110172.29853518627
2020-03-08,102101.4431,116102.016,118338.5608,112966.99927440278,107036.3836315974,101604.10464266043,117565.76345821393,115443.06890613245,110170.17744405082
2020-03-09,102102.5369,116102.016,118339.4613,112966.99927440278,107036.38350124937,101664.81789657293,117565.7194787865,115433.499715714,110168.06459905801
2020-03-10,102203.6821,116102.016,117937.6452,112966.99927440278,107036.38337407405,101756.72413551969,117565.67549935907,115423.56219759081,110165.96183268397
2020-03-11,102287.364,116102.016,117647.613,112966.99927440278,107036.38324999425,101797.64182008483,117565.63151993163,115413.29391752384,110163.86914492873
2020-03-12,102206.4152,116102.016,117204.0507,112966.99927440278,107036.38312893461,101828.16229498206,117565.5875405042,115402.72511136942,110161.78836826842
2020-03-13,102302.9779,116102.016,116793.9394,112966.99927440278,107036.38301082162,101924.00747037031,117565.54539355292,115391.8896799362,110159.71583775076
2020-03-14,102006.7054,116102.016,116102.016,112966.99927440278,107036.38289558356,101959.72141939393,117565.50324660164,115380.81969155668,110157.65338585187
2020-03-15,101926.6546,116102.016,118338.5608,112966.99927440278,107036.38278315045,102045.47692059302,117565.46109965035,115369.55087951565,110155.60192880985
2020-03-16,101910.3959,116102.016,118339.4613,112966.99927440278,107036.382673454,102109.04786674553,117565.41895269905,115358.11989333597,110153.56055038661
2020-03-17,101759.8648,116102.016,117937.6452,112966.99927440278,107036.38256642764,102199.45915977695,117565.37497327162,115346.556968874,110151.52741810601
2020-03-18,101767.3745,116102.016,117647.613,112966.99927440278,107036.38246200634,102234.8823629652,117565.3309938442,115334.8987556526,110149.50528068228
2020-03-19,101704.1313,116102.016,117204.0507,112966.99927440278,107036.3823601267,102256.34796932938,117565.28884689292,115323.18007071847,110147.49230563926
2020-03-20,101775.2615,116102.016,116793.9394,112966.99927440278,107036.38226072687,102340.09498816734,117565.24853241777,115311.43573111836,110145.48940921502
2020-03-21,101868.5308,116102.016,116102.016,112966.99927440278,107036.38216374647,102361.25271651224,117565.20638546647,115299.69597270859,110143.49567517149
2020-03-22,101868.5308,116102.016,118338.5608,112966.99927440278,107036.38206912663,102430.6359308036,117565.16240603905,115287.99744501205,110141.51018727061
2020-03-23,101868.5308,116102.016,118339.4613,112966.99927440278,107036.38197680988,102476.70466750042,117565.1220915639,115276.37130012314,110139.53752670274
2020-03-24,101190.8448,116102.016,117937.6452,112966.99927440278,107036.38188674016,102549.20049407375,117565.08177708875,115264.85052261245,110137.57402851558
2020-03-25,100482.6114,116102.016,117647.613,112966.99927440278,107036.38179886277,102567.02785108401,117565.04146261362,115253.46809705057,110135.61786023297
2020-03-26,100002.3308,116102.016,117204.0507,112966.99927440278,107036.38171312437,102571.95165357065,117564.99748318618,115242.2524268177,110133.67360304532
2020-03-27,98978.50841,116102.016,116793.9394,112966.99927440278,107036.38162947287,102640.93219446247,117564.9553362349,115231.23558024631,110131.73575952416
2020-03-28,99097.97812,116102.016,116102.016,112966.99927440278,107036.3815478575,102649.79256002815,117564.91868671203,115220.44596071666,110129.80707838372
2020-03-29,99097.97812,116102.016,118338.5608,112966.99927440278,107036.38146822869,102710.0001293571,117564.87287480847,115209.91013913281,110127.88939210013
2020-03-30,99192.06602,116102.016,118339.4613,112966.99927440278,107036.38139053808,102750.61364776485,117564.83439280945,115199.6592675892,110125.98178443532
2020-03-31,99338.72412,116102.016,117937.6452,112966.99927440278,107036.3813147385,102821.90807254834,117564.79041338203,115189.71625203759,110124.08333915123
2020-04-01,99206.63067,116102.016,117647.613,112966.99927440278,107036.38124078391,102843.24603656423,117564.75376385917,115180.10766338206,110122.19314000978
2020-04-02,98711.68575,116102.016,117204.0507,112966.99927440278,107036.38116862942,102856.76734317715,117564.71344938403,115170.85549133635,110120.31210324905
2020-04-03,98769.62351,116102.016,116793.9394,112966.99927440278,107036.3810982312,102939.71771496134,117564.6694699566,115161.98447432836,110118.44022886903
2020-04-04,99045.81635,116102.016,116102.016,112966.99927440278,107036.38102954651,102968.11213526562,117564.63282043373,115153.51385335761,110116.57660063167
2020-04-05,99045.81635,116102.016,118338.5608,112966.99927440278,107036.38096253363,103053.51442953067,117564.59067348245,115145.46561813781,110114.722134775
2020-04-06,99045.81635,116102.016,118339.4613,112966.99927440278,107036.38089715187,103124.98459488947,117564.55402395959,115137.85626095423,110112.87774753713
2020-04-07,98992.83454,116102.016,117937.6452,112966.99927440278,107036.38083336155,103232.7060383104,117564.51554196059,115130.70410656833,110111.04069020384
2020-04-08,99103.15189,116102.016,117647.613,112966.99927440278,107036.3807711239,103295.86147485464,117564.47522748544,115124.02289855116,110109.21279525125
2020-04-09,99112.06602,116102.016,117204.0507,112966.99927440278,107036.38071040116,103356.3287525916,117564.43674548644,115117.82821294994,110107.39406267938
2020-04-10,99152.60081,116102.016,116793.9394,112966.99927440278,107036.38065115643,103491.01763058265,117564.3964310113,115112.13012838346,110105.5854087263
2020-04-11,99152.60081,116102.016,116102.016,112966.99927440278,107036.38059335375,103575.54260964193,117564.35611653615,115106.94330466086,110103.78500091584
2020-04-12,99071.48762,116102.016,118338.5608,112966.99927440278,107036.38053695802,103721.01318669808,117564.3194670133,115102.27598792478,110101.9910067719
2020-04-13,99071.48762,116102.016,118339.4613,112966.99927440278,107036.38048193499,103855.99273640008,117564.2809850143,115098.13092688944,110100.20709124676
2020-04-14,99071.48762,116102.016,117937.6452,112966.99927440278,107036.38042825124,104030.13785517692,117564.2425030153,115094.52094888785,110098.43325434039
2020-04-15,98838.7004,116102.016,117647.613,112966.99927440278,107036.38037587419,104162.08658336237,117564.20951844472,115091.44697015805,110096.66583110052
2020-04-16,98895.93749,116102.016,117204.0507,112966.99927440278,107036.380324772,104293.16643462655,117564.16370654115,115088.91357189044,110094.90757024137
2020-04-17,98733.6666,116102.016,116793.9394,112966.99927440278,107036.38027491368,104499.74293011871,117564.12888949443,115086.92350279921,110093.15755552486
2020-04-18,98848.9916,116102.016,116102.016,112966.99927440278,107036.38022626893,104656.9034256676,117564.09040749542,115085.472181694,110091.41670318905
2020-04-19,98848.9916,116102.016,118338.5608,112966.99927440278,107036.38017880822,104875.2573180486,117564.05192549643,115084.56327352709,110089.6840969959
2020-04-20,98848.9916,116102.016,118339.4613,112966.99927440278,107036.38013250272,105082.90358377795,117564.01710844971,115084.18944839394,110087.9597369454
2020-04-21,98843.11342,116102.016,117937.6452,112966.99927440278,107036.38008732432,105329.07727718141,117563.97679397457,115084.35070629451,110086.24362303753
2020-04-22,98916.23104,116102.016,117647.613,112966.99927440278,107036.38004324558,105532.0432424791,117563.9401444517,115085.03421989584,110084.53575527231
2020-04-23,99295.51817,116102.016,117204.0507,112966.99927440278,107036.38000023973,105732.80786030217,117563.905327405,115086.23907295981,110082.83704988779
2020-04-24,99774.61128,116102.016,116793.9394,112966.99927440278,107036.37995828068,106007.46947220429,117563.86684540598,115087.95335439155,110081.14384193171
2020-04-25,100063.1491,116102.016,116102.016,112966.99927440278,107036.37991734293,106230.90227394324,117563.82836340698,115090.16881804836,110079.46071259443
2020-04-26,100103.4062,116102.016,118338.5608,112966.99927440278,107036.37987740162,106513.55482186665,117563.79171388413,115092.87263659727,110077.78674563784
2020-04-27,100103.5527,116102.016,118339.4613,112966.99927440278,107036.3798384325,106783.41421804004,117563.75689683741,115096.05198270528,110076.11919234777
2020-04-28,100145.3911,116102.016,117937.6452,112966.99927440278,107036.37980041192,107089.64776323242,117563.72024731454,115099.69311280131,110074.45988520034
2020-04-29,100274.44,116102.016,117647.613,112966.99927440278,107036.37976331677,107350.49053988876,117563.68359779169,115103.78045083814,110072.80790795747
2020-04-30,100479.5173,116102.016,117204.0507,112966.99927440278,107036.37972712453,107606.94999137083,117563.64694826884,115108.29750453049,110071.16600933339
2020-05-01,100850.2709,116102.016,116793.9394,112966.99927440278,107036.37969181323,107935.14841768694,117563.60846626983,115113.22686535501,110069.53052437582
2020-05-02,100910.9323,116102.016,116102.016,112966.99927440278,107036.37965736142,108209.99847723635,117563.57364922311,115118.5520410264,110067.90328556088
2020-05-03,100910.9323,116102.016,118338.5608,112966.99927440278,107036.37962374819,108541.99315044747,117563.5388321764,115124.25195806903,110066.28246041245
2020-05-04,100912.3121,116102.016,118339.4613,112966.99927440278,107036.37959095312,108859.16154548222,117563.50218265354,115130.3064592453,110064.67171388281
2020-05-05,101158.6067,116102.016,117937.6452,112966.99927440278,107036.3795589563,109210.70264277475,117563.46736560682,115136.69630355574,110063.06738101966
2020-05-06,101630.191,116102.016,117647.613,112966.99927440278,107036.37952773829,109514.86573159354,117563.43254856011,115143.39858504856,110061.47129429916
2020-05-07,102172.2149,116102.016,117204.0507,112966.99927440278,107036.37949728014,109812.64887011208,117563.3940665611,115150.39039777196,110059.88253748322
2020-05-08,103072.6473,116102.016,116793.9394,112966.99927440278,107036.37946756337,110180.13652007714,117563.35924951438,115157.64883577416,110058.30294304801
2020-05-09,103250.5018,116102.016,116102.016,112966.99927440278,107036.37943856991,110492.17163463293,117563.32809741996,115165.15190934144,110056.72792980315
2020-05-10,103459.6683,116102.016,118338.5608,112966.99927440278,107036.37941028217,110859.14379613186,117563.29144789709,115172.87304756972,110055.16299517707
2020-05-11,103460.7483,116102.016,118339.4613,112966.99927440278,107036.37938268296,111208.9448721876,117563.25479837424,115180.79209322146,110053.60539045557
2020-05-12,103735.6432,116102.016,117937.6452,112966.99927440278,107036.37935575553,111590.60431872777,117563.22364627982,115188.88155915448,110052.05419940058
2020-05-13,104088.6799,116102.016,117647.613,112966.99927440278,107036.37932948353,111922.17285764599,117563.18699675695,115197.11395822665,110050.51217072629
2020-05-14,105081.6029,116102.016,117204.0507,112966.99927440278,107036.379303851,112244.42577763069,117563.1503472341,115205.4691332004,110048.9765557185
2020-05-15,105624.5453,116102.016,116793.9394,112966.99927440278,107036.37927884239,112633.20687105568,117563.11919513966,115213.91959693359,110047.44735437722
2020-05-16,105878.7954,116102.016,116102.016,112966.99927440278,107036.3792544425,112963.10809580651,117563.08071314066,115222.44061099827,110045.92639917857
2020-05-17,105878.7954,116102.016,118338.5608,112966.99927440278,107036.3792306365,113344.26632298785,117563.04956104624,115231.00652072845,110044.4127738845
2020-05-18,105878.7954,116102.016,118339.4613,112966.99927440278,107036.37920740996,113704.32836369533,117563.01474399952,115239.59258769621,110042.906478495
2020-05-19,105879.7193,116102.016,117937.6452,112966.99927440278,107036.37918474876,114092.09609737615,117562.9799269528,115248.17315723553,110041.406596772
2020-05-20,107409.3968,116102.016,117647.613,112966.99927440278,107036.37916263915,114425.42010123093,117562.94694238223,115256.72532339465,110039.91496119165
2020-05-21,108206.5057,116102.016,117204.0507,112966.99927440278,107036.3791410677,114744.91268922797,117562.91212533551,115265.2252639837,110038.43065551587
2020-05-22,108863.9052,116102.016,116793.9394,112966.99927440278,107036.3791200213,115126.3010320922,117562.87914076494,115273.6491568128,110036.95459598272
2020-05-23,110017.1553,116102.016,116102.016,112966.99927440278,107036.37909948718,115444.11511490711,117562.84615619437,115281.9704309779,110035.48220140187
2020-05-24,110388.193,116102.016,118338.5608,112966.99927440278,107036.37907945288,115808.49158076203,117562.81500409993,115290.17167795564,110034.0198854398
2020-05-25,110389.7901,116102.016,118339.4613,112966.99927440278,107036.37905990622,116147.1443709407,117562.77835457708,115298.22449436582,110032.56398314424
2020-05-26,110335.469,116102.016,117937.6452,112966.99927440278,107036.37904083534,116509.01374062344,117562.74720248264,115306.11147168503,110031.11357827709
2020-05-27,110464.6318,116102.016,117647.613,112966.99927440278,107036.37902222865,116812.1618533848,117562.71605038822,115313.81153643769,110029.6714195526
2020-05-28,111009.4318,116102.016,117204.0507,112966.99927440278,107036.37900407486,117097.48572122934,117562.67756838922,115321.3036151481,110028.23750697075
2020-05-29,111503.2692,116102.016,116793.9394,112966.99927440278,107036.37898636294,117441.06807946053,117562.64824877093,115328.56938305487,110026.80909181733
2020-05-30,112856.2934,116102.016,116102.016,112966.99927440278,107036.37896908213,117717.86093438207,117562.61526420036,115335.58776668235,110025.38617409233
2020-05-31,112966.512,116102.016,118338.5608,112966.99927440278,107036.37895222194,118038.48287900978,117562.58227962979,115342.34410622137,110023.97150250997
2020-06-01,113154.3962,116102.016,118339.4613,112966.99927440278,107036.37893577214,118331.18119921332,117562.5492950592,115348.8209931486,110022.56416083219
2020-06-02,113927.2383,116102.016,117937.6452,112966.99927440278,107036.37891972273,118645.4705244983,117562.51814296478,115355.00010270262,110021.16323282091
2020-06-03,115288.2774,116102.016,117647.613,112966.99927440278,107036.37890406398,118900.01646126507,117562.49065582264,115360.87227250267,110019.7696347142
2020-06-04,117347.0183,116102.016,117204.0507,112966.99927440278,107036.37888878638,119136.33526342842,117562.45400629978,115366.4210102635,110018.38245027399
2020-06-05,118344.1549,116102.016,116793.9394,112966.99927440278,107036.37887388063,119431.13046407841,117562.4210217292,115371.63165617596,110017.00167950029
2020-06-06,119272.9034,116102.016,116102.016,112966.99927440278,107036.3788593377,119659.96157781016,117562.38986963478,115376.49779657355,110015.62732239308
2020-06-07,119872.9487,116102.016,118338.5608,112966.99927440278,107036.37884514875,119934.02636780181,117562.35871754034,115381.00477164712,110014.25937895238
2020-06-08,119872.9487,116102.016,118339.4613,112966.99927440278,107036.37883130516,120182.10811502898,117562.32756544591,115385.14616773016,110012.8969329401
2020-06-09,120332.0833,116102.016,117937.6452,112966.99927440278,107036.37881779854,120454.20006322631,117562.29641335149,115388.91282244198,110011.54364930853
2020-06-10,121338.1209,116102.016,117647.613,112966.99927440278,107036.37880462068,120669.37588921237,117562.26526125705,115392.29557340185,110010.1958631054
2020-06-11,122270.5866,116102.016,117204.0507,112966.99927440278,107036.37879176356,120869.477645632,117562.23410916261,115395.29167189557,110008.85540680683
2020-06-12,122598.8017,116102.016,116793.9394,112966.99927440278,107036.3787792194,121131.44246074467,117562.20478954434,115397.89745297084,110007.51953169864
2020-06-13,122629.6987,116102.016,116102.016,112966.99927440278,107036.37876698058,121330.96342375306,117562.1736374499,115400.10925167537,110006.19007025693
2020-06-14,122629.6987,116102.016,118338.5608,112966.99927440278,107036.37875503964,121579.26641666896,117562.1388204032,115401.9224868188,110004.86885495787
2020-06-15,122630.3098,116102.016,118339.4613,112966.99927440278,107036.37874338934,121805.05453662002,117562.11133326104,115403.34082335344,110003.55222084916
2020-06-16,123286.6151,116102.016,117937.6452,112966.99927440278,107036.37873202263,122058.13242139496,117562.07834869047,115404.360596327,110002.24291664503
2020-06-17,124526.417,116102.016,117647.613,112966.99927440278,107036.37872093258,122257.27939469749,117562.05086154833,115404.98180573944,110000.93910986933
2020-06-18,126140.9153,116102.016,117204.0507,112966.99927440278,107036.37871011248,122443.94286954371,117562.0197094539,115405.2081165431,109999.64354923627
2020-06-19,126758.6577,116102.016,116793.9394,112966.99927440278,107036.37869955573,122694.57320939153,117561.98855735947,115405.04594240445,109998.35348603163
2020-06-20,126820.8693,116102.016,116102.016,112966.99927440278,107036.37868925594,122884.29531524249,117561.95923774119,115404.49894827578,109997.06892025543
2020-06-21,126820.8693,116102.016,118338.5608,112966.99927440278,107036.37867920686,123123.69846748986,117561.9262531706,115403.57171534745,109995.79076814573
2020-06-22,126821.3193,116102.016,118339.4613,112966.99927440278,107036.37866940237,123340.79576766188,117561.89876602846,115402.26974104789,109994.5199459406
2020-06-23,127756.1187,116102.016,117937.6452,112966.99927440278,107036.37865983654,123584.66513487068,117561.86761393404,115400.60218775782,109993.25278868775
2020-06-24,128253.9058,116102.016,117647.613,112966.99927440278,107036.37865050354,123773.3403652873,117561.84012679188,115398.58188281022,109991.9920451014
2020-06-25,131057.1014,116102.016,117204.0507,112966.99927440278,107036.3786413977,123947.52324535212,117561.80897469746,115396.21157491932,109990.73863141963
2020-06-26,132036.8656,116102.016,116793.9394,112966.99927440278,107036.37863251352,124182.93744281308,117561.77965507917,115393.5050076562,109989.49163140435
2020-06-27,132095.2926,116102.016,116102.016,112966.99927440278,107036.37862384557,124354.01895327205,117561.75033546088,115390.47409211576,109988.25012881751
2020-06-28,132282.1166,116102.016,118338.5608,112966.99927440278,107036.3786153886,124570.72413865641,117561.7173508903,115387.13073939297,109987.0141236591
2020-06-29,132565.5283,116102.016,118339.4613,112966.99927440278,107036.37860713749,124760.5062220585,117561.69169622431,115383.4877768208,109985.78361592912
2020-06-30,133183.6995,116102.016,117937.6452,112966.99927440278,107036.37859908721,124971.97173794796,117561.66054412987,115379.55711549419,109984.55952186562
2020-07-01,133594.3511,116102.016,117647.613,112966.99927440278,107036.37859123287,125122.78502787036,117561.63488946388,115375.35799641264,109983.34184146865
2020-07-02,133598.2702,116102.016,117204.0507,112966.99927440278,107036.37858356972,125253.39140345895,117561.60373736946,115370.90049819493,109982.13057473816
2020-07-03,135002.3896,116102.016,116793.9394,112966.99927440278,107036.37857609309,125439.3793918204,117561.57441775117,115366.20202936442,109980.92297295996
2020-07-04,135127.9755,116102.016,116102.016,112966.99927440278,107036.37856879845,125555.1766006958,117561.54693060902,115361.27816596834,109979.7236173244
2020-07-05,135697.4648,116102.016,118338.5608,112966.99927440278,107036.37856168135,125710.86007533899,117561.51944346688,115356.14540029195,109978.5288428792
2020-07-06,135780.4265,116102.016,118339.4613,112966.99927440278,107036.3785547375,125834.1319279744,117561.49012384859,115350.82114085864,109977.34048210051
2020-07-07,135577.9718,116102.016,117937.6452,112966.99927440278,107036.37854796267,125973.97173895293,117561.4608042303,115345.3237124298,109976.15761875024
2020-07-08,134957.0356,116102.016,117647.613,112966.99927440278,107036.37854135274,126048.533904066,117561.43514956429,115339.66685857653,109974.98025282839
2020-07-09,134197.87,116102.016,117204.0507,112966.99927440278,107036.37853490369,126098.86071666476,117561.40582994602,115333.87348525062,109973.80838433499
2020-07-10,133249.0301,116102.016,116793.9394,112966.99927440278,107036.37852861162,126201.23184484712,117561.38017528,115327.95733602313,109972.64109703193
2020-07-11,133212.5438,116102.016,116102.016,112966.99927440278,107036.3785224727,126230.84505842923,117561.35085566173,115321.93948436971,109971.48205587151
2020-07-12,133212.5438,116102.016,118338.5608,112966.99927440278,107036.37851648321,126298.60945881788,117561.32153604344,115315.83642257564,109970.32667966338
2020-07-13,133212.284,116102.016,118339.4613,112966.99927440278,107036.3785106395,126333.10242754954,117561.29221642515,115309.66647540234,109969.1768008837
2020-07-14,132777.8289,116102.016,117937.6452,112966.99927440278,107036.37850493802,126384.20226966537,117561.26472928301,115303.4534650397,109968.0333357705
2020-07-15,132482.7499,116102.016,117647.613,112966.99927440278,107036.37849937534,126370.96523271226,117561.23724214087,115297.2065538684,109966.8962843238
2020-07-16,132356.4455,116102.016,117204.0507,112966.99927440278,107036.37849394804,126335.31821196627,117561.213419951,115290.9504803164,109965.7628978294
2020-07-17,132323.6829,116102.016,116793.9394,112966.99927440278,107036.37848865284,126354.38832551957,117561.18593280886,115284.7008204309,109964.63592500148
2020-07-18,131672.4137,116102.016,116102.016,112966.99927440278,107036.37848348654,126304.16472450843,117561.15661319057,115278.47406649718,109963.51353336393
2020-07-19,131365.8459,116102.016,118338.5608,112966.99927440278,107036.37847844599,126296.27437539517,117561.12912604843,115272.29129199088,109962.39572291673
2020-07-20,131365.8159,116102.016,118339.4613,112966.99927440278,107036.37847352812,126259.92347388987,117561.10347138243,115266.16807295923,109961.28615861219
2020-07-21,131368.6838,116102.016,117937.6452,112966.99927440278,107036.37846872996,126245.51685834092,117561.07598424028,115260.12090168752,109960.18025925991
2020-07-22,130924.417,116102.016,117647.613,112966.99927440278,107036.37846404858,126172.52443218321,117561.04849709813,115254.16352174681,109959.07985733608
2020-07-23,130360.912,116102.016,117204.0507,112966.99927440278,107036.37845948116,126083.16616297039,117561.02467490829,115248.31517413662,109957.98495284066
2020-07-24,129478.2525,116102.016,116793.9394,112966.99927440278,107036.37845502491,126054.73701968104,117560.99535529,115242.59326738027,109956.89554577369
2020-07-25,129452.5371,116102.016,116102.016,112966.99927440278,107036.37845067712,125963.2673079305,117560.96786814785,115237.00971257273,109955.809803659
2020-07-26,129452.5371,116102.016,118338.5608,112966.99927440278,107036.37844643516,125920.30014817214,117560.9403810057,115231.57825328504,109954.73139144888
2020-07-27,129494.2481,116102.016,118339.4613,112966.99927440278,107036.37844229645,125854.83767837926,117560.91655881585,115226.31629804059,109953.65664419104
2020-07-28,128790.7861,116102.016,117937.6452,112966.99927440278,107036.37843825849,125816.96818701315,117560.89090414984,115221.23117674392,109952.58739436163
2020-07-29,127688.0832,116102.016,117647.613,112966.99927440278,107036.3784343188,125725.74294460312,117560.8634170077,115216.34304663262,109951.52364196065
2020-07-30,127212.8915,116102.016,117204.0507,112966.99927440278,107036.37843047502,125622.87398788096,117560.83409738942,115211.65648889705,109950.46630322617
2020-07-31,126972.0302,116102.016,116793.9394,112966.99927440278,107036.37842672478,125585.07384119992,117560.8121076757,115207.1870795844,109949.41171320592
2020-08-01,126460.1257,116102.016,116102.016,112966.99927440278,107036.37842306583,125487.73220528547,117560.78462053355,115202.94398107543,109948.36262061408
2020-08-02,126460.1257,116102.016,118338.5608,112966.99927440278,107036.37841949594,125441.71088841173,117560.75713339141,115198.93727198888,109947.32085792681
2020-08-03,126460.1257,116102.016,118339.4613,112966.99927440278,107036.37841601294,125375.30806446521,117560.73147872541,115195.17611470548,109946.28184395377
2020-08-04,126460.1972,116102.016,117937.6452,112966.99927440278,107036.37841261472,125337.90355377944,117560.70765653555,115191.66600665369,109945.246494933
2020-08-05,125774.0659,116102.016,117647.613,112966.99927440278,107036.37840929921,125247.85338673853,117560.67833691726,115188.41885892839,109944.21847581682
2020-08-06,124947.714,116102.016,117204.0507,112966.99927440278,107036.37840606441,125146.20441182512,117560.65451472742,115185.43742024382,109943.19595412904
2020-08-07,124476.5147,116102.016,116793.9394,112966.99927440278,107036.37840290835,125109.04947063094,117560.6288600614,115182.72993674262,109942.17709739358
2020-08-08,123544.5478,116102.016,116102.016,112966.99927440278,107036.3783998291,125011.2177508679,117560.6032053954,115180.29732466287,109941.16373808653
2020-08-09,123432.7974,116102.016,118338.5608,112966.99927440278,107036.3783968248,124963.08122857739,117560.5775507294,115178.14874638527,109940.15495996983
2020-08-10,123157.3988,116102.016,118339.4613,112966.99927440278,107036.37839389364,124892.52798555604,117560.5518960634,115176.28145319561,109939.15167928158
2020-08-11,122855.8065,116102.016,117937.6452,112966.99927440278,107036.37839103382,124848.61387336662,117560.5262413974,115174.70552371268,109938.1520635456
2020-08-12,122688.9143,116102.016,117647.613,112966.99927440278,107036.37838824361,124749.46063968279,117560.50241920754,115173.41454426997,109937.15794523805
2020-08-13,122628.8045,116102.016,117204.0507,112966.99927440278,107036.37838552131,124635.97121872773,117560.4749320654,115172.414928534,109936.16749188279
2020-08-14,122508.7249,116102.016,116793.9394,112966.99927440278,107036.37838286528,124584.1827343487,117560.45110987555,115171.70301155245,109935.18345219403
2020-08-15,122024.2728,116102.016,116102.016,112966.99927440278,107036.37838027389,124468.95193789618,117560.42912016183,115171.27696084922,109934.20307745755
2020-08-16,122022.0808,116102.016,118338.5608,112966.99927440278,107036.37837774558,124400.75418501647,117560.40163301968,115171.13860890044,109933.22728391144
2020-08-17,122022.0808,116102.016,118339.4613,112966.99927440278,107036.37837527881,124307.64700641252,117560.37597835368,115171.28337451573,109932.25790403182
2020-08-18,121759.0647,116102.016,117937.6452,112966.99927440278,107036.37837287209,124238.91008118255,117560.35398863997,115171.70759274282,109931.2921891045
2020-08-19,121738.7276,116102.016,117647.613,112966.99927440278,107036.37837052395,124112.93012408067,117560.3301664501,115172.40943110557,109930.33013912945
2020-08-20,121695.6258,116102.016,117204.0507,112966.99927440278,107036.37836823295,123970.90183077828,117560.30451178411,115173.3815596994,109929.37358658283
2020-08-21,121444.0999,116102.016,116793.9394,112966.99927440278,107036.37836599772,123889.16590573685,117560.2788571181,115174.61848109588,109928.42161522657
2020-08-22,121946.1923,116102.016,116102.016,112966.99927440278,107036.3783638169,123742.87939066908,117560.25686740439,115176.11194915239,109927.47422506067
2020-08-23,121946.1923,116102.016,118338.5608,112966.99927440278,107036.37836168916,123642.79989859447,117560.2275477861,115177.85921515468,109926.5323323232
2020-08-24,121946.4256,116102.016,118339.4613,112966.99927440278,107036.37835961321,123517.23529970762,117560.20739054853,115179.85111672206,109925.59318829994
2020-08-25,121741.143,116102.016,117937.6452,112966.99927440278,107036.37835758779,123415.67113446287,117560.18173588254,115182.07757523573,109924.65954170511
2020-08-26,121086.6316,116102.016,117647.613,112966.99927440278,107036.37835561167,123256.64469365688,117560.1597461688,115184.5321770292,109923.73047630064
2020-08-27,118444.7436,116102.016,117204.0507,112966.99927440278,107036.37835368364,123081.43728673966,117560.1377564551,115187.20575972175,109922.80599208652
2020-08-28,117736.9939,116102.016,116793.9394,112966.99927440278,107036.37835180254,122966.4060372813,117560.11026931295,115190.08641221846,109921.88608906277
2020-08-29,117248.8005,116102.016,116102.016,112966.99927440278,107036.37834996724,122786.65066529198,117560.09011207538,115193.1622234244,109920.9698509913
2020-08-30,117172.7614,116102.016,118338.5608,112966.99927440278,107036.37834817661,122652.79702279286,117560.06445740937,115196.42586343497,109920.05819411018
2020-08-31,117165.0869,116102.016,118339.4613,112966.99927440278,107036.37834642957,122492.94900443955,117560.04246769566,115199.86633739335,109919.15020218135
2020-09-01,116737.0168,116102.016,117937.6452,112966.99927440278,107036.37834472505,122356.32109537255,117560.0186455058,115203.46715301424,109918.24954015709
2020-09-02,116047.5641,116102.016,117647.613,112966.99927440278,107036.37834306201,122161.12039354419,117559.99665579209,115207.2228128692,109917.35071060898
