fold,Date,actual,naive_lag_1,linear_regression,ridge,lasso,decision_tree,knn,svr,random_forest,bagging,gradient_boosting,voting
1,2011-03-28,93829.87101,93827.458,94098.28860034997,94270.40672946286,94098.24337404844,93827.458,93876.37179571428,98735.57672391132,93834.96660793343,93847.92644779998,93884.16572847222,93996.51302195618
1,2011-03-29,94370.8536,93829.87101,94215.56679066911,94360.95815134438,94215.23149282136,94329.40979,93958.77264285715,98735.84529376525,93957.46984740006,93996.71660979999,93878.06457331253,94065.49752401898
1,2011-03-30,94448.05637,94370.8536,94744.16801174886,94847.43787810422,94744.009521862,94327.05756,94215.79472,98738.27453346709,94263.6110140667,94272.61624139996,94414.07820430365,94508.37569882486
1,2011-03-31,94653.60378,94448.05637,94739.01265613791,94817.27019667599,94738.58652975885,94327.05756,94594.86253428571,98762.03347981654,94363.09102880005,94312.83300219996,94601.46759348981,94593.94293965527
1,2011-04-01,94748.70053,94653.60378,94912.77315587422,95011.61987813906,94912.36255857666,94327.05756,94784.72602142856,98777.10082597611,94297.60332899999,94288.05111579996,94526.09736612717,94611.77352442208
1,2011-04-02,94650.25923,94748.70053,94968.18717923027,95107.53898820745,94967.90771423044,94327.05756,96541.81649857142,98815.71195969888,94527.56484339994,94591.26849219999,94971.37244229455,94868.82542463398
1,2011-04-03,94647.05961,94650.25923,94899.33149944375,95072.77254600346,94899.04310179132,94325.80691,96541.81649857142,98816.23408803066,94274.50320620001,94275.92334239995,94627.07398512318,94658.11657910889
1,2011-04-04,94644.21383,94647.05961,94985.05143231673,95173.47968631776,94984.99416925377,94325.80691,96541.81649857142,98816.25254264926,94266.23724300003,94292.87604559997,94486.23203224856,94641.98298718879
1,2011-04-05,94527.56458,94644.21383,95093.58239804626,95299.86244438478,95093.41089030929,94882.91289,96541.81649857142,98816.81561531438,94530.18425033343,94476.98673859997,94523.70701848005,94784.58457106608
1,2011-04-06,94608.88811,94527.56458,94990.2304868747,95203.1562938907,94989.96142342627,94882.91289,97432.21536714285,98844.96277191098,94508.38402846674,94474.04376279996,94462.77516400728,94724.77182878823
1,2011-04-07,94605.41406,94608.88811,95041.36943688209,95252.97477291136,95041.55895019328,94882.91289,94499.49876285714,98760.84750621798,94550.7111487334,94462.72094059997,94392.90071556788,94732.19554573756
1,2011-04-08,94709.64649,94605.41406,95014.25709866891,95235.8488731515,95014.32446000085,94882.91289,95530.95735714285,98788.12306445307,94460.12435660008,94435.03249359998,94373.13109652679,94689.70144209279
1,2011-04-09,94822.52668,94709.64649,95107.04850890343,95324.84825279543,95107.26183448182,94882.91289,96036.09713571427,98801.01023864269,94625.88661406674,94618.30950000002,94760.56743042046,94903.76743242754
1,2011-04-10,94826.39937,94822.52668,95240.18348796779,95475.36255626398,95240.2635048372,94882.91289,97432.21536714285,98839.30804327741,94786.4363243334,94796.47032600001,94864.54860346315,95042.11582802016
1,2011-04-11,94831.50097,94826.39937,95278.3431467253,95530.06564126912,95278.55353469923,94882.91289,97432.21536714285,98839.82672741044,94788.59174813342,94796.24882060001,94876.14037205317,95064.9325871519
1,2011-04-12,94956.80254,94831.50097,95338.76433844729,95643.6381649579,95339.18490061555,94882.91289,97432.21536714285,98839.66746836333,94767.51002473339,94766.49028560001,94911.2786451922,95107.47561162784
1,2011-04-13,94960.29664,94956.80254,95509.33848504318,95827.00751699306,95509.62628239302,94827.4529,97305.17715285716,98858.62390805341,94924.26207253337,94908.66589919997,95285.19967569616,95345.4897550742
1,2011-04-14,95020.92896,94960.29664,95475.83007999748,95814.60959174724,95476.11774891075,94827.4529,98150.30571857143,98869.88129340638,94937.08339753337,94922.57104879999,95256.03883685361,95335.91060871142
1,2011-04-15,95381.18898,95020.92896,95542.32926559454,95887.00566284233,95542.36752660683,95076.87038,95552.50605428572,98899.57090283372,95047.96352413336,95036.3066616,95238.73597428638,95391.23505375402
1,2011-04-16,95365.0207,95381.18898,95934.2592434061,96216.3557568438,95933.03473616004,95076.87038,95552.50605428572,98904.79927951872,95219.00863893336,95220.82799280001,95292.19198869656,95575.85212815792
1,2011-04-17,95368.30625,95365.0207,95881.10499482504,96169.15814814443,95879.82056126843,95076.87038,96564.57463857144,98951.12341262138,95204.20932746674,95212.8739984,95339.9336825232,95571.10038604478
1,2011-04-18,95368.6527,95368.30625,95943.06228657281,96253.09485478772,95942.03457167244,95076.87038,97727.11356,98956.3636151186,95204.89057900006,95216.26178000002,95354.42369114983,95604.1363749792
1,2011-04-19,95246.49381,95368.6527,96027.21398867507,96323.5838878865,96025.98591498611,94957.09469,97727.11356,98957.33093717477,95169.65120180006,95178.602558,95292.73666960906,95595.32391976523
1,2011-04-20,95418.57928,95246.49381,95947.96776039945,96258.35419429494,95946.37578193957,94921.30078,99164.34473571427,99027.45109241987,95007.92130626675,94999.66471139998,95321.07929834368,95529.1182663018
1,2011-04-21,95500.45016,95418.57928,96136.57920234578,96478.90017993808,96135.71516066174,95950.00722,99257.74609857144,99074.61239902534,95384.76104326671,95369.24591899998,95768.39845501933,95877.35322607472
1,2011-04-22,95620.22583,95500.45016,96622.22678817919,96803.78466335006,96621.31219673635,95950.00722,99427.00278571427,99110.60948680875,95387.71285333335,95387.35685999997,95772.69471285943,95988.06407651429
1,2011-04-23,95623.12664,95620.22583,96279.63229640323,96621.66538106206,96278.77933488638,95950.00722,99427.00278571427,99116.59574323207,95436.34733293336,95408.7308816,95983.0257408035,96013.67948493297
1,2011-04-24,95621.72339,95623.12664,96290.25522452833,96667.02403802713,96289.52781594243,95950.00722,99572.04421285714,99198.07236447034,95429.95707160007,95399.29465079999,96171.44584875218,96089.47565279313
1,2011-04-25,95622.78149,95621.72339,96364.67944316103,96738.64527618552,96363.42596657982,95950.00722,99572.04421285714,99176.93320996141,95427.81893086675,95396.06899979999,96560.45723149128,96242.30714618118
1,2011-04-26,95776.68109,95622.78149,96440.37063113805,96825.13321570086,96438.9982780259,95950.00722,99572.04421285714,99177.3095090915,95426.41055133344,95377.536581,96580.22685053237,96277.25687252222
1,2011-04-27,95111.03163,95776.68109,96664.45435820245,97046.2280626949,96662.65461290798,95950.00722,100461.28397571428,99259.77035815951,95436.0943564001,95397.33948120002,96608.72509111097,96363.682503402
1,2011-04-28,95152.69532,95111.03163,95983.66548636864,96449.73509477137,95981.852286219,94921.30078,100461.28397571426,99294.1124298156,95035.38035580007,95049.80568179999,95843.85386210865,95776.32310422669
1,2011-04-29,95297.22483,95152.69532,96104.71990834246,96635.83315867519,96103.22631574614,95076.87038,100730.14458714286,99337.9981608452,95086.02166953335,95083.74376620002,95827.40693125347,95849.75391982067
1,2011-04-30,95004.45704,95297.22483,96245.02156263182,96787.419661112,96243.84891210475,95076.87038,101065.291,99438.57267834876,95118.30725213334,95125.09735880002,95836.60676694254,95914.11122672929
1,2011-05-01,95121.7966,95004.45704,95948.11101559926,96515.78222273749,95946.78024045112,95001.751305,100882.7761,99372.39582952838,95022.76412066673,95014.93606479997,95819.27711163306,95785.94115167909
1,2011-05-02,95124.0956,95121.7966,96169.04806570367,96747.17830539534,96167.61383283247,95076.87038,100882.7761,99373.17069739357,95069.88650126666,95070.13976520002,95836.60676694254,95884.55719120153
1,2011-05-03,95240.8939,95124.0956,96227.6179898574,96797.281024841,96225.97319531188,94957.09469,100882.7761,99374.8221026475,94996.46066960004,95025.55127579998,96099.65231019375,95964.4646682116
1,2011-05-04,95294.80199,95240.8939,96386.17368430205,97012.89668376371,96384.46610186325,94957.09469,101886.71828571428,99668.42628989766,95001.25201166673,95031.45679399997,96566.78518811295,96193.64462784778
1,2011-05-05,95453.05242,95294.80199,96481.57148758603,97149.04802017067,96479.36631892758,94957.09469,102029.85821428572,99759.25429436078,95078.97370526668,95099.38957359997,96523.17962233482,96250.40044925739
1,2011-05-06,95685.73433,95453.05242,96629.38883080083,97330.22414699393,96627.30827697953,95465.8810525,102862.57014285715,99875.21963824393,95362.3674758667,95389.321084,96986.2635079051,96559.6183769219
1,2011-05-07,96025.34451,95685.73433,96807.95094581219,97511.37601101401,96806.09887430417,95500.11908,102862.57014285715,99891.3027500903,95394.16629886666,95413.67676360001,97033.52879580876,96646.3570352298
1,2011-05-08,96031.71383,96025.34451,97171.39446202974,97890.11290717554,97169.48430279731,96494.07136,103175.23227142858,99935.82436539317,95662.18590366666,95687.01840080002,97414.172954088,96988.82392164342
1,2011-05-09,96034.65076,96031.71383,97186.88515934332,97919.02710925534,97185.08584761596,96494.07136,103175.23227142858,99936.71654284466,95666.30397986666,95686.04854820004,97459.62685119019,97014.98598010406
1,2011-05-10,96304.7459,96034.65076,97275.164627906,98032.6801664531,97273.35315014698,96494.07136,103175.23227142858,99937.1407232562,95648.79120093332,95666.56346320001,97420.09378967705,97033.85505235447
1,2011-05-11,96689.37582,96304.7459,97616.79818258769,98321.40184294707,97614.49033580725,96614.51064611113,103175.23227142857,99972.5990201229,95804.96274913331,95808.854933,97822.92548067402,97316.43002425146
1,2011-05-12,96912.34888,96689.37582,97988.88932172424,98682.75248279056,97986.38645026664,96797.7836,103556.96855714286,99987.28087921282,95939.66086313332,95954.49870200001,98089.38641017926,97570.59991870105
1,2011-05-13,97294.16271,96912.34888,98177.44856420664,98871.82948414059,98174.72124998529,96795.34349285715,103556.96855714286,100020.76682634439,96063.05175926667,96096.577568,98332.99103936074,97755.95742758934
1,2011-05-14,97534.78111,97294.16271,98555.61933635903,99223.85876427905,98552.72407358151,96127.47034,103556.96855714286,100042.8438830324,96411.53341786677,96556.8056416,98706.37447484638,98113.9222189974
1,2011-05-15,97554.97737,97534.78111,98731.20849280774,99450.75420800493,98729.28019528328,97787.59283,103556.96855714286,100076.85082925954,96555.21263713345,96700.0943854,98827.79246366539,98277.91976960126
1,2011-05-16,97558.96237,97554.97737,98808.6767488858,99562.24512493012,98806.87340505629,97787.59283,103556.96855714286,100077.92112413389,96567.64263786677,96708.91258119998,98858.77446356307,98329.55407545331
1,2011-05-17,97955.51429,97558.96237,98934.55746086348,99716.35356935319,98932.7887225232,97787.59283,103556.96855714286,100078.77227076446,96543.42618873343,96695.65926940001,99288.7956839687,98516.19181401843
1,2011-05-18,98173.73868,97955.51429,99419.96349935594,100192.66760894321,99417.89634728896,97819.43005,103556.96855714286,100116.66406191506,97026.7463044,97071.219487,100097.41373001988,99105.60921445437
1,2011-05-19,98390.97251,98173.73868,99652.93713933545,100454.33875343777,99650.29805580272,98203.52411,110717.22748571428,100280.64893074278,97375.4658342,97410.4377152,100593.25527347441,99474.35328703739
1,2011-05-20,99147.07421,98390.97251,99863.67686808809,100711.79961528817,99861.36263617201,98203.52411,111101.5418,100352.43695437249,97651.90154840001,97531.15863140002,100612.21498484812,99658.63871617877
1,2011-05-21,99536.54374,99147.07421,100605.48460452192,101472.05512275895,100603.2788053798,99566.29829,111420.50834285715,100393.54599106367,99872.9507892667,99864.37018520007,101278.08576106295,100874.36389102954
1,2011-05-22,99563.87224,99536.54374,100926.84580936909,101829.87482680181,100924.96896877285,99566.29829,111420.50834285715,100454.8872751474,100217.17304686662,100194.72388680006,101156.15693048575,101067.73493471806
1,2011-05-23,99563.03712,99563.87224,101405.62342967863,102207.26804853177,101404.18478654434,99566.29829,111420.50834285715,100458.14690373662,101477.93390199998,101094.53953520005,102288.80231818436,101991.33475623869
1,2011-05-24,99565.64933,99563.03712,101106.44283316017,102121.69625650608,101105.1932014976,99566.29829,111420.50834285715,100458.19193718591,100464.72086239993,100186.19005160006,102761.81820006488,101782.74510632362
1,2011-05-25,100056.8446,99565.64933,101162.44115130643,102225.51697585738,101161.44444086049,99566.29829,111420.50834285715,100459.79709426258,100492.48306279993,100188.59818040003,103074.97426727272,101930.99143531
1,2011-05-26,100802.8466,100056.8446,101711.34311789024,102790.41403800367,101710.37891876002,101901.4895,111641.76670000001,100502.62405716909,101236.64509606655,100926.32971180002,103473.4226323432,102500.16058880447
1,2011-05-27,101189.9369,100802.8466,102546.57979425034,103564.7839999893,102543.32449697552,101901.4895,119773.62027142856,100568.33735538996,102143.59041553317,102133.16743400002,103785.82471474425,103164.73304342224
1,2011-05-28,101616.0258,101189.9369,102803.48213020104,103813.62544143756,102800.33080315519,100734.9815,119533.3909142857,100574.26326181165,102385.91611959985,102331.67175200004,104280.2822002655,103493.27458710097
1,2011-05-29,101656.7628,101616.0258,103171.98362133643,104216.76283442938,103169.35922374722,100734.9815,119504.2018,100582.31901944338,102695.74466959987,102623.85965400003,104679.69638892925,103864.0679643195
1,2011-05-30,101664.5908,101656.7628,103254.96875505557,104315.36293470951,103251.84671465035,100734.9815,119504.2018,100581.7342612919,102901.76488226655,102941.03389400002,104675.32592225328,103964.15124640979
1,2011-05-31,102049.6989,101664.5908,103365.73846105188,104482.16587450303,103362.89690101614,100734.9815,119504.2018,100581.74439523343,102940.58035426654,103118.86662800003,104736.42716707976,104053.05779861643
1,2011-06-01,102764.4457,102049.6989,103871.02433012503,104960.87525023571,103867.5877157546,103155.6164,120009.21561428571,100584.7435103029,103043.83606826665,102861.45378799998,104806.17962850022,104270.29698233418
1,2011-06-02,103334.8563,102764.4457,104577.63220169036,105594.62925603805,104573.56872695369,103155.6164,120162.35814285713,100586.68423234775,103291.0138582666,103336.82394599999,105246.67003803322,104710.77105077928
1,2011-06-03,104596.2871,103334.8563,105045.99567399273,106070.84832856063,105041.68913607782,103583.5679,118824.2175857143,100591.50048527,103990.11421586662,103898.15479400003,105495.01440840057,105185.32565094261
1,2011-06-04,105267.1479,104596.2871,106241.33463527782,107234.78824201392,106236.7849374731,106466.5668,118110.66844285713,100585.94702546303,105021.68174053331,104994.81756000005,105198.36536406154,105818.27844886959
1,2011-06-05,105331.45,105267.1479,106760.5698378911,107761.77995683662,106756.1820308581,106466.5668,112578.33281428569,100552.77534625006,105588.9429365334,105581.79917600001,105458.45288608437,106269.72525981814
1,2011-06-06,105331.9624,105331.45,106806.75023574574,107871.62175315907,106803.1679452064,106466.5668,112578.33281428572,100548.47053766946,105622.57060986674,105535.46951200001,105454.0824194084,106316.09159414475
1,2011-06-07,107421.8398,105331.9624,106944.04515164034,108023.99324643574,106940.42942721126,106466.5668,112578.33281428572,100548.66877470595,105653.05630053346,105701.70692000001,105443.01999771553,106373.35651489491
1,2011-06-08,107794.6956,107421.8398,109194.98306703808,110143.29492872399,109189.93116724309,108138.0033,112936.65980000001,100512.99607675604,107751.53963266687,107809.51976800003,107203.447871471,108366.09414428729
1,2011-06-09,108042.8163,107794.6956,109306.09878727468,110222.90223236472,109300.9297655589,108138.0033,115454.25538571426,100481.04372665002,107833.48990000018,107866.69048800001,107155.56807128429,108403.98673454973
1,2011-06-10,108365.8096,108042.8163,109538.17503486003,110487.93461689274,109533.59660535752,108138.0033,115454.2553857143,100465.58943474866,108002.8572486668,108083.72916999999,107110.29513316313,108533.69566624088
1,2011-06-11,108928.4985,108365.8096,109806.13523098998,110776.07817205042,109802.11243938457,108633.8275,115834.96902857142,100437.90518627969,108375.31515000002,108401.066142,108222.58535362667,109124.65955855903
1,2011-06-12,108954.7966,108928.4985,110380.7510275151,111356.45361033034,110377.12648098501,109873.1541,112463.70612857143,100389.73800711035,109316.02393200014,109259.28736400003,109073.49956242094,109915.3257015838
1,2011-06-13,108953.2407,108954.7966,110486.07035451836,111456.01472838988,110482.48867411088,109873.1541,112463.70612857143,100387.3482029194,109270.2152800001,109238.438678,109137.35930296262,109954.52977045086
1,2011-06-14,109400.187,108953.2407,110723.16731587822,111646.67060962891,110718.78082881149,109873.1541,112463.70612857143,100386.37430949007,109342.6360893334,109240.793716,109198.4605477891,110062.58908225047
1,2011-06-15,109844.6431,109400.187,111121.83499031885,112008.8829121992,111117.41133831661,109873.1541,113419.37934285714,100348.32323083842,109713.70919466666,109647.657218,109522.10880589066,110414.90030425217
1,2011-06-16,110254.4111,109844.6431,111516.33828746947,112432.42302333858,111512.14626775763,110105.2523,115008.29492857144,100290.0635809068,109964.28122933338,109908.07377199997,109949.21541401253,110781.97322222817
1,2011-06-17,111036.86,110254.4111,111867.56614112182,112855.69173638803,111863.55310415641,109923.9532,115393.61014285714,100232.32352778353,110399.97403933338,110388.28680199999,110091.68103478946,111115.7822701703
1,2011-06-18,111520.4881,111036.86,112595.9919726313,113577.69637345563,112591.87916672796,109923.9532,115393.61014285714,100217.54354153707,110850.51817800004,110834.09316599999,110262.71599186017,111563.6435144386
1,2011-06-19,111525.8501,111520.4881,112950.61002020433,113949.3945957304,112947.4572543834,112201.8247,115393.61014285714,100204.43571667414,111913.37494333324,111943.02682999994,111217.62997650777,112360.13317185715
1,2011-06-20,111533.2855,111525.8501,112954.569405811,113991.78128436062,112952.01069170293,112201.8247,115393.61014285714,100205.13190152017,111903.88684199992,111925.85944799994,111232.97950322655,112376.21587652904
1,2011-06-21,111867.5832,111533.2855,113042.32756721521,114220.93612838503,113040.12321552845,112201.8247,115393.61014285714,100204.80270795825,111955.09420733327,111959.39621599992,111303.09941052734,112493.04324874854
1,2011-06-22,113134.4758,111867.5832,113439.66730776399,114569.55466841577,113436.7594366382,113185.6726,115393.61014285714,100183.62848064252,112294.45397599998,112302.18661799998,111727.66784572048,112863.89216337875
1,2011-06-23,113424.4606,113134.4758,114679.24557642837,115649.94282615896,114674.94236066434,113358.2514,115393.61014285714,100202.35714238168,113248.87192599995,113364.55003000003,112889.71452171859,113929.50975795917
1,2011-06-24,113559.2247,113424.4606,114793.7970203313,115710.85495860672,114789.29794623947,113650.1422,115393.61014285714,100167.39941138454,114029.99922066677,114139.48194599997,113679.38773210203,114473.4139704585
1,2011-06-25,114360.6527,113559.2247,114822.28680290836,115792.40094138321,114818.86025725599,113650.1422,115393.61014285714,100151.82810870883,114225.91625866677,114264.73208999998,113690.64905937893,114569.65541980964
1,2011-06-26,114497.0793,114360.6527,115602.03213446785,116530.97019171223,115598.58013517868,113650.1422,115393.61014285714,100127.84885775474,114371.92305400004,114490.68019399997,113690.55618368344,114864.4831431319
1,2011-06-27,114498.3641,114497.0793,115704.85775032983,116605.30757177755,115701.4072439911,114723.4223,115393.61014285714,100122.69266259798,114895.49610800005,114962.561004,114388.16525393743,115296.322977905
1,2011-06-28,115530.8409,114498.3641,115804.74161299126,116677.48354100557,115800.69496444125,114723.4223,115393.61014285714,100122.36823216216,114906.22570733333,114999.42705600001,114449.26649876391,115344.32524903427
1,2011-06-29,116759.7585,115530.8409,116935.54484841408,117659.46196076192,116929.89283788597,117783.9105,115393.61014285714,100106.73896104527,115967.60973466672,116237.00298600004,115184.9745393972,116270.68207827529
1,2011-06-30,120039.8024,116759.7585,117969.90392150391,118573.4546338992,117963.45727722492,116715.6085,115393.61014285714,100007.4181568498,117196.44810933324,117258.69905600007,116212.51462269216,117327.47245530819
1,2011-07-01,120940.1126,120039.8024,121466.52331517471,121744.8953870296,121459.40528093137,120151.7103,115393.61014285714,99978.3862192614,120141.47277666675,120085.97500200002,119684.42759503574,120523.59858624403
1,2011-07-02,120962.2971,120940.1126,121450.67326135782,121824.12109121041,121443.70995076826,120368.7002,115393.61014285714,99978.04832793961,120622.65642600018,120575.06858599998,119963.02403443542,120803.267183882
1,2011-07-03,121563.2712,120962.2971,121280.4504138001,121803.91901834185,121276.22495616954,120368.7002,115393.61014285714,99942.6369347823,120330.40554866684,120281.00693999995,119958.25929061035,120697.52795253969
1,2011-07-04,121564.1054,121563.2712,121995.81317884562,122547.9197166881,121992.55434254197,120368.7002,115393.61014285714,99943.11398264993,120647.82067200015,120654.557116,120115.4632055781,121103.7345314221
1,2011-07-05,123131.8622,121564.1054,122167.42860857814,122648.87170091704,122163.36911960978,120368.7002,115393.61014285714,99942.95938988675,120348.8509293335,120368.43676999994,120140.4151109459,121046.04591373214
1,2011-07-06,124462.0697,123131.8622,123927.45317552572,124209.39440560434,123921.57419270437,120368.7002,115393.61014285714,99951.78300525557,120686.3007433335,120693.641942,120191.81514329689,121695.83676407824
1,2011-07-07,126135.9542,124462.0697,125200.14570860034,125337.44344757817,125195.30063674334,120368.7002,115393.61014285714,99925.20190418376,120699.8143733335,120706.140332,120017.35900515103,122018.20560868755
1,2011-07-08,127064.6259,126135.9542,126526.87561142878,126509.56933636373,126522.53975123573,120368.7002,115393.61014285714,99916.7582985428,120687.94227533351,120687.09019199999,119999.57895563361,122399.03018911027
1,2011-07-09,127892.9967,127064.6259,127176.44828314832,127223.04985231099,127173.07204709233,120368.7002,115393.61014285714,99878.34169712021,120648.48976600019,120665.05150799999,119940.63739792978,122604.05900541366
1,2011-07-10,127910.5407,127892.9967,127936.89215137283,128014.50322784777,127934.31307660489,120368.7002,115393.61014285714,99879.61497969159,120637.64472600017,120632.462072,119930.48183930655,122860.87659771816
1,2011-07-11,127915.577,127910.5407,127938.87049821991,128061.6079188475,127937.58700873842,120368.7002,115393.61014285714,99885.0243050661,120345.82850200018,120336.51372199996,119949.56273093475,122785.66638392747
1,2011-07-12,128437.1911,127915.577,128189.0256366288,128337.44017042615,128187.55559702337,120368.7002,115393.61014285714,99885.44589554914,120432.39923000016,120474.98954599994,119923.98708448366,122897.94216163666
1,2011-07-13,128914.697,128437.1911,128811.27506835281,128876.74492003767,128809.18734276725,120368.7002,115393.61014285714,99894.99184671562,120747.39098333349,120774.084308,120000.18860895734,123208.10817077616
1,2011-07-14,128904.7008,128914.697,129227.7360287076,129385.8919366845,129226.16406521687,120368.7002,115393.61014285714,99893.7909871806,120803.48997000017,120819.60834600002,120330.81672948615,123506.7328787236
1,2011-07-15,129007.9128,128904.7008,129099.80704263085,129253.4001367384,129098.82568772137,120368.7002,115393.61014285714,99897.66589898057,120532.79582933351,120529.90438599997,120223.1928280476,123336.46293137317
1,2011-07-16,129553.4505,129007.9128,129181.36099196409,129306.9351332574,129180.7829335478,120368.7002,115393.61014285714,99902.37193795928,120494.07501800018,120542.60712799996,120445.8733093592,123415.62782020558
1,2011-07-17,129550.3504,129553.4505,129678.58627746669,129841.11938778174,129678.98194400352,120368.7002,115393.61014285714,99879.5036703792,120859.54627333353,120832.71005000002,120458.18896356688,123719.61820822737
1,2011-07-18,129541.9663,129550.3504,129655.96511806204,129809.84714825764,129656.6736658042,120368.7002,115393.61014285714,99877.67832589957,120552.70589333354,120538.74698599995,120473.53849028565,123612.03051062561
1,2011-07-19,129888.2299,129541.9663,129705.60070752255,129913.77290491162,129706.11478049535,120368.7002,115393.61014285714,99878.70801385818,120519.97096133349,120538.38617399994,120534.63973511213,123656.12786711908
1,2011-07-20,129757.3521,129888.2299,130019.61549059158,130207.71920542922,130019.57108554132,120368.7002,115393.61014285714,99881.1304663384,120700.13422333347,120637.76034799998,120544.53096270774,123817.46146382349
1,2011-07-21,129634.3424,129757.3521,129734.69914279984,129972.04425801318,129734.59739780039,120368.7002,115393.61014285714,99883.88996434097,120512.97407466682,120530.04672599999,120469.39988321763,123651.47273863254
1,2011-07-22,129363.388,129634.3424,129578.49201853307,129888.3509241488,129579.40171908884,120368.7002,115393.61014285714,99872.30942391859,120488.95814533353,120510.56597399998,120366.23925660769,123581.18277536333
1,2011-07-23,128724.379,129363.388,129299.46546080636,129584.77829511369,129299.48824909644,120368.7002,115393.61014285714,99875.6378114422,120465.16990866684,120519.441958,120422.29438456733,123490.74752944929
1,2011-07-24,128601.8437,128724.379,128657.59597818893,128883.40050905943,128656.02526564227,120368.7002,115395.30457142857,99878.5246745675,120423.50970266682,120475.77213399998,120436.81446767606,123247.90822646744
1,2011-07-25,128589.0717,128601.8437,128630.22719892692,128808.60045665629,128628.35928256475,120368.7002,115393.61014285714,99865.00955316835,120474.15085466678,120507.81326999998,120402.32336548319,123228.35822560209
1,2011-07-26,127854.4568,128589.0717,128634.36834745732,128691.51208596387,128631.04977133802,120368.7002,115393.61014285714,99865.03971879058,120464.4680400001,120509.09414799997,120503.77159389056,123219.91723995151
1,2011-07-27,127055.7749,127854.4568,127845.18239743501,127812.09329611072,127839.33162507002,120368.7002,115395.30457142857,99858.86238594606,120443.22304533342,120459.97522999998,120466.4540036718,122907.2567817053
1,2011-07-28,126137.6298,127055.7749,127059.39904788122,127011.47830103335,127052.4632560183,120368.7002,115395.30457142857,99850.06315618524,120467.05390733347,120475.56347799998,120511.115617003,122663.21594178995
1,2011-07-29,125184.7838,126137.6298,126129.89593441536,126059.37000563473,126122.1431932252,120368.7002,115395.30457142857,99883.97821409944,120427.0546440001,120427.78379199997,120586.70877530731,122357.71114164738
1,2011-07-30,123738.7722,125184.7838,125205.7200953786,125340.41280273964,125200.66953351989,119636.0044,115395.30457142857,99884.34442790554,120346.4951313334,120406.35182999999,120310.51509305298,121999.141009042
1,2011-07-31,123723.2451,123738.7722,123915.48814234512,124132.7512552847,123909.06447004485,119636.0044,115396.44072857143,99880.79825524223,120393.11843000008,120448.20888399998,120460.8409442888,121662.23687652452
1,2011-08-01,123721.1389,123723.2451,124058.14835544475,124172.03986482102,124050.48225953124,120396.4776,115393.61014285714,99878.7399107066,120442.43517866671,120481.25334399998,120485.34976915212,121699.94160421328
1,2011-08-02,123720.4352,123721.1389,123985.12553753747,123987.86674101384,123976.7745669746,120396.4776,115393.61014285714,99878.73914681423,120477.24288133341,120615.29056200001,120666.58113429286,121710.5635855467
1,2011-08-03,122760.7044,123720.4352,123894.24230250441,123748.4194407338,123884.22960641002,120396.4776,115393.61014285714,99878.70741552339,120505.10696866676,120599.26638400002,120396.95634146943,121550.16091695667
1,2011-08-04,121690.8823,122760.7044,122820.488689886,122742.0479569225,122810.79798410452,119636.0044,115395.30457142857,99862.88084598664,120483.21544066677,120544.83332,120326.99598464312,121184.08646074413
1,2011-08-05,120757.3289,121690.8823,121667.84557547187,121740.10930371622,121660.13831963018,119636.0044,115395.30457142857,99817.23512355934,120453.48477133346,120503.727708,120336.14353661657,120843.24587055542
1,2011-08-06,120142.891,120757.3289,120651.67588289567,120852.8753112567,120647.08041473193,119636.0044,115395.30457142857,99809.73625064733,120249.01217333344,120143.93029799999,119926.25580493321,120342.71442984113
1,2011-08-07,120020.0878,120142.891,120048.46551767003,120292.68475702914,120045.48895568926,119636.0044,115395.30457142857,99848.98849647211,120116.03723133341,120061.91563999999,119986.13180242079,120131.61793026111
1,2011-08-08,119999.3146,120020.0878,119923.63464379338,120166.33819281051,119922.1019341127,120396.4776,115393.61014285714,99848.4010230668,120019.42304800004,119932.54758599999,119696.37257050672,119960.71127043909
1,2011-08-09,119219.8881,119999.3146,119912.2165345847,120030.26290036138,119909.97448399171,120420.9295,115393.61014285714,99848.05201084548,120007.24636400006,119921.90219800001,119608.79731919584,119882.10219451909
1,2011-08-10,118509.0077,119219.8881,119036.4640909697,119114.06510451098,119033.49710224904,118500.3762,115395.30457142857,99839.78986247024,118846.9322473333,118732.82537800002,118613.42272721005,118858.14002635144
1,2011-08-11,117985.6101,118509.0077,118312.41935435962,118452.69131018138,118310.18661646753,118500.3762,115395.30457142857,99822.76544720122,118404.88353266669,118266.62143000004,118259.76785397457,118372.44756560754
1,2011-08-12,117071.1531,117985.6101,117796.4867311363,117958.9746161835,117794.8765475911,118626.5642,115393.61014285714,99819.5216132739,118381.10299933326,118325.52376600007,117900.38651542667,118080.15471031448
1,2011-08-13,116838.4246,117071.1531,116924.37849383109,117050.75951937569,116921.96224360222,115995.1033,115395.30457142857,99821.812264672,116402.44063266662,116212.52668000004,116367.88671477612,116607.02895560615
1,2011-08-14,116813.7901,116838.4246,116778.13505443578,116931.91545392867,116775.90108639796,115995.1033,115393.61014285714,99828.18077088072,116396.97654600002,116212.70932200001,116458.8246143164,116595.9055380817
1,2011-08-15,116809.2508,116813.7901,116731.68196358686,116898.26742130081,116730.60311221526,115995.1033,115393.61014285714,99828.03011079147,116396.26906466667,116230.87369400001,116469.82340843855,116588.11996480201
1,2011-08-16,116437.5716,116809.2508,116712.00553190892,116861.41439482769,116710.90797947081,115995.1033,115393.61014285714,99828.34403965475,116396.6033393333,116225.30573800002,116446.15577335638,116568.05783583912
1,2011-08-17,115843.7032,116437.5716,116325.84290429702,116451.91118874059,116324.41704963552,115995.1033,115393.61014285714,99831.78928007769,115989.61626266668,115852.12719800003,116107.94858367831,116183.15867836187
1,2011-08-18,115498.6331,115843.7032,115696.26437455122,115864.8545598211,115695.54270936569,115995.1033,115395.30457142857,99833.6824956367,115901.00509600001,115888.44243,115352.53665470611,115706.13210350908
1,2011-08-19,115072.466,115498.6331,115397.77304130173,115581.76080907101,115396.98874103157,115995.1033,115393.61014285714,99826.42525438222,115366.63396533333,115320.13662800005,114952.75007947072,115300.38161795835
1,2011-08-20,114591.8322,115072.466,115016.83632042356,115224.4954216132,115015.98104850357,115995.1033,115393.61014285714,99838.02668835975,115010.00364933329,114967.12403400002,114952.75007947072,115062.41638347239
1,2011-08-21,114573.8331,114591.8322,114541.06276651753,114780.96048427308,114540.45331424776,114098.3645,115393.61014285714,99882.7900699637,114252.40778866668,114340.76779600001,114254.31324986494,114429.22717426822
1,2011-08-22,114573.905,114573.8331,114608.52916599099,114865.00692408619,114608.00721931281,114098.3645,115393.61014285714,99882.8422801198,114289.94607733334,114338.99495200002,114269.37855553754,114474.77718565236
1,2011-08-23,114144.1737,114573.905,114646.1725813798,114865.3702481921,114645.67702665985,114098.3645,115393.61014285714,99882.8793885412,114281.08660266668,114321.5947,114210.37028001656,114452.27571029177
1,2011-08-24,113614.8658,114144.1737,114196.58075258331,114444.75400154143,114196.26973002311,114363.6638,115393.61014285714,99898.2958560103,113933.92147533335,113809.38674400006,113602.92988275771,113993.86845321085
1,2011-08-25,112931.6215,113614.8658,113680.87222508126,113991.96349043048,113680.58430504902,114363.6638,115393.61014285714,99905.76695228662,113825.24593000005,113770.13901200004,113598.86441042043,113805.35794361698
1,2011-08-26,113003.0399,112931.6215,113000.44450322432,113326.71787118263,113000.0634781095,112178.0182,115395.30457142857,99948.02777355778,112660.14765600003,112692.76099199995,112329.17999123142,112772.01517280469
1,2011-08-27,112502.4485,113003.0399,113154.88015829578,113500.38447365034,113154.55334655498,112178.0182,115393.61014285714,99939.36963902893,112729.8797573334,112710.79390999995,112343.39371103753,112857.88598067376
1,2011-08-28,112496.9876,112502.4485,112670.60156948204,113066.96091231567,112669.77598644035,111819.5255,115393.61014285714,99903.93822897902,112400.0446353333,112372.54649799997,111979.25581375131,112482.08712046675
1,2011-08-29,112494.9057,112496.9876,112744.45800414585,113129.21509088669,112743.35558383378,111819.5255,115393.61014285714,99903.95630328922,112406.92586866667,112372.96291799998,111972.07352413364,112502.738161229
1,2011-08-30,112226.8534,112494.9057,112759.55780916644,113131.41466506087,112758.62106519064,111819.5255,115393.61014285714,99904.02941712138,112348.80948600011,112327.77185599998,111943.26393035684,112474.49602713926
1,2011-08-31,111961.3313,112226.8534,112470.33216849287,112854.47666508016,112469.57257404203,111819.5255,115393.61014285714,99924.78548674964,112274.46005199998,112321.46819400002,111947.63576599675,112358.85749435896
1,2011-09-01,109690.6311,111961.3313,112195.11999355655,112640.76346805743,112194.7310578467,111819.5255,115393.61014285714,99932.70137658955,112129.98489666668,112202.35815,112034.4273978756,112268.39192086656
1,2011-09-02,108910.3541,109690.6311,109814.9447681522,110422.70013556181,109814.41299939819,108612.9859,115395.30457142857,100030.6255749107,109364.94698333355,109390.24969800001,109766.87244966683,109851.50652285408
1,2011-09-03,108810.147,108910.3541,109213.03234785487,109886.0768113976,109213.04101730042,108612.9859,115395.30457142857,100182.61264799692,108717.76830733336,108675.075974,108926.31061425028,109176.71857766043
1,2011-09-04,108806.2489,108810.147,109200.18807772246,109836.2714864708,109200.00035749716,108612.9859,114610.61695714283,100312.28041166927,108633.79439333336,108606.17059000001,109359.06801866711,109276.37796615709
1,2011-09-05,108807.1774,108806.2489,109639.54893753868,110077.39575345424,109639.12891712898,108612.9859,114610.61695714286,100313.81086287122,108644.4292506667,108635.24927000001,109325.09900199808,109348.97466870635
1,2011-09-06,108796.7489,108807.1774,109212.96145513532,109768.09491937421,109212.48349727718,108612.9859,114610.61695714283,100315.13448373547,108662.48940733339,108660.86331600002,109185.04739300454,109205.21057323737
1,2011-09-07,106621.8172,108796.7489,109137.70188878888,109689.69443176151,109137.45928750299,108612.9859,114610.61695714283,100316.02170871152,108684.78032133334,108621.126126,109221.29811800692,109198.59095703391
1,2011-09-08,105924.5817,106621.8172,106746.90899120954,107418.07738876223,106746.34239131535,106950.0618,112463.70612857143,100392.27665907671,106838.88206933335,106901.38221200001,106921.66170303231,107059.54038704264
1,2011-09-09,105672.7065,105924.5817,106363.02942235436,107249.30551950046,106362.82483691681,105413.7741,112463.70612857144,100363.91788986507,105429.4570466667,105274.88097800002,105720.4974788027,106133.08668165661
1,2011-09-10,105183.1947,105672.7065,106186.46093880205,107016.36660923259,106185.88570513562,103796.2359,115454.99702857144,100462.29939690023,104841.04818266667,104995.45790400002,105078.32819831446,105645.24766340457
1,2011-09-11,105166.7843,105183.1947,105679.13369606511,106476.47679625086,105677.98223235105,105413.7741,115454.99702857141,100489.61558137086,104653.81480133334,104636.92618800001,105128.73259150788,105419.67472969736
1,2011-09-12,105168.2154,105166.7843,105706.4154775294,106484.64094588,105705.28050500696,105413.7741,115454.25538571426,100494.1163377714,104729.06800733334,104710.87295000002,105123.85754054203,105445.85549791846
1,2011-09-13,105208.4939,105168.2154,105677.39575043484,106418.50976571137,105676.29830344857,105413.7741,115454.2553857143,100497.45808299542,104837.79037866679,104708.77273800003,105040.96684103245,105432.4223284702
1,2011-09-14,104959.6943,105208.4939,105592.91944943767,106289.01084428951,105592.09417928268,105413.7741,113855.23029999998,100554.11345152666,104865.84973933344,104769.95369600004,105004.82996639225,105386.56351667173
1,2011-09-15,104497.2603,104959.6943,105401.00626164503,105992.19079127934,105399.21933685156,104717.296,117778.34734285713,100571.66983682573,104778.49699400006,104758.81195400002,105022.21162918647,105264.29980482196
1,2011-09-16,104012.6724,104497.2603,104915.60618280487,105477.37569657457,104913.4573442742,104717.296,118375.25970000001,100587.80511051601,104155.86927466672,104231.24840800004,104630.61082187737,104754.61859770621
1,2011-09-17,103887.8534,104012.6724,104419.75214624648,105016.49708864052,104417.66761603866,103043.9932,118824.2175857143,100591.55560423745,103434.58595200012,103500.23747000004,104549.68130819166,104333.58811627743
1,2011-09-18,103889.0868,103887.8534,104347.1347289372,104949.16676774307,104345.06056682926,103043.9932,120933.7872857143,100592.40671238468,103503.57774733343,103576.09590000003,104549.68915025744,104334.14455511131
1,2011-09-19,103892.8034,103889.0868,104383.53672992937,104955.66356481193,104381.31122785406,103043.9932,120933.7872857143,100592.3750342444,103503.65017866676,103576.09590000003,104643.93656938816,104367.75010428893
1,2011-09-20,103769.1824,103892.8034,104406.13386192656,104967.20828078206,104404.04467650366,103043.9932,120933.7872857143,100592.33446943249,103447.6940340001,103450.80337400004,104565.34527419643,104326.74919632619
1,2011-09-21,102767.5074,103769.1824,104267.65947567682,104679.42426020722,104265.22691066044,103043.9932,120294.13468571428,100586.82032537644,103253.08693466678,103292.491008,104118.2921426542,104016.93444584274
1,2011-09-22,102220.0244,102767.5074,103174.4365087974,103627.30651773799,103171.93231139646,102417.4644,119533.39091428572,100574.7265889964,102712.41067466685,102661.03767199996,103210.2660409914,103183.32774446542
1,2011-09-23,101924.0082,102220.0244,102684.20851802146,103204.80054548354,102682.00625477068,102417.4644,117986.89940000001,100550.72491946167,102845.69366933347,102534.57777399998,102430.3921280456,102826.96211428754
1,2011-09-24,101501.8606,101924.0082,102434.29590564978,102924.47985328174,102431.78305663264,102434.0358,111641.76670000001,100496.35863955242,102841.10425733347,102538.76558199999,102435.53408674023,102733.70606578514
1,2011-09-25,101501.0821,101501.8606,101992.27911604285,102512.51291670211,101990.22359442699,108637.2762,111420.50834285715,100430.36244226324,102859.12268400002,102080.52793399995,102118.05612281732,102496.56390783982
1,2011-09-26,101502.3233,101501.0821,102025.46659140335,102525.10621722983,102023.6663951777,108637.2762,110717.22748571428,100335.22448511927,102858.9575666667,102130.67663999998,102150.14725882871,102511.40368090842
1,2011-09-27,101411.1605,101502.3233,102030.086825334,102545.52378602022,102028.63662288491,108637.2762,110717.22748571428,100333.86597267617,102869.86380600001,102140.66557399997,102020.96792688059,102478.78517296693
1,2011-09-28,100893.5611,101411.1605,101884.73049593541,102418.70505308888,101883.68506507033,108637.2762,110717.22748571428,100302.6707754901,102843.30823266666,102116.05235199997,101919.40931949117,102393.80753508223
1,2011-09-29,100616.0131,100893.5611,101331.41559183471,101918.79181769716,101330.52825607194,108637.2762,104464.30251428571,100227.54266029013,102430.60641373329,101734.48367259998,101544.51155112815,101964.63659418619
1,2011-09-30,100422.459,100616.0131,101075.26921637959,101697.41349372503,101074.71002471773,108637.2762,103982.64545714286,100161.41831021487,102300.32027253332,101559.73731039999,101471.90408738924,101823.21261788253
1,2011-10-01,100391.339,100422.459,100865.38078686998,101428.57956581465,100864.05287989831,108637.2762,103556.96855714286,100079.83608715942,102075.8682815333,101435.31111739995,101054.06726265454,101519.5050366675
1,2011-10-02,100086.2183,100391.339,100839.88042708486,101378.97372832206,100838.44935365513,108637.2762,103556.96855714286,99987.81639129094,102083.4025380666,101377.52041279998,100644.18534862305,101368.85387167057
1,2011-10-03,100088.1928,100086.2183,100539.85523449678,101099.72940456448,100538.54501615513,108637.2762,103556.96855714286,99987.94777426007,101746.73909819992,100841.91191180004,101103.44073551965,101316.63641276135
1,2011-10-04,99678.3372,100088.1928,100602.82061093587,101174.62940210609,100601.85384262018,108637.2762,103556.96855714286,99988.47461591437,101633.63281486658,100675.47361100004,100328.95315402583,101045.73845699949
1,2011-10-05,99220.9043,99678.3372,100142.82584548033,100671.98897822185,100141.92894985812,108637.2762,102862.57014285715,99880.9065619731,101158.67537739995,100234.92433000002,99616.486790975,100482.38371553225
1,2011-10-06,98669.29095,99220.9043,99680.04518216212,100251.61631129487,99679.47827581265,108637.2762,102862.57014285715,99792.95926112264,100808.33236213335,99997.65936300004,99377.15573295022,100145.70146879282
1,2011-10-07,98501.77849,98669.29095,99126.58091235427,99669.73676691497,99125.13053567377,98774.0824,102029.85821428572,99762.03425704375,99049.55166459997,99077.01724799997,98617.00681951104,99112.09841700864
1,2011-10-08,98092.41532,98501.77849,98985.27768674682,99489.36941726328,98983.61750405558,98774.0824,101886.71828571429,99694.55010955983,98917.10367119996,99074.15920659997,98617.00681951104,99007.82663599141
1,2011-10-09,98074.78982,98092.41532,98535.62928704351,99049.64492861439,98533.97084452129,98076.81342,101689.1396,99647.02643896022,98046.47965573338,98011.64296959998,98163.20754017208,98419.77737483995
1,2011-10-10,98075.72633,98074.78982,99013.04768473405,99365.76867936002,99011.34882347354,98032.34025333333,101689.1396,99644.41150565859,98522.21569646672,98870.57552159997,98166.04718685494,98684.67718756055
1,2011-10-11,98078.59929,98075.72633,98600.50293219514,99085.6203628037,98598.77320921353,98032.34025333333,101689.1396,99645.14406899082,98040.81765573338,98022.80528859998,98162.63500741527,98429.69100865077
1,2011-10-12,97923.43627,98078.59929,98591.77160469639,99051.41003788327,98590.03714208349,98032.34025333333,101689.1396,99644.48391605835,98062.71077586668,98032.39973399995,98162.63500741527,98425.58527372174
1,2011-10-13,97698.25472,97923.43627,98374.58657276041,98845.3488743742,98373.03921309105,98032.34025333333,101689.1396,99615.37414204024,97990.03598793338,97987.51268539998,97970.03967040159,98268.47484423639
1,2011-10-14,97523.69422,97698.25472,98126.14412354253,98612.00959085725,98124.61707438546,97620.080425,101593.68857142856,99567.71038259138,97531.98507166664,97559.60937260005,97649.827777241,97931.2741465883
1,2011-10-15,97385.00439,97523.69422,97923.17579338311,98411.30176773714,97921.68574913722,97394.35246,101476.0773142857,99501.21616040566,97267.88214273342,97276.77263380002,97431.355815863,97703.51324211119
1,2011-10-16,97392.8947,97385.00439,97812.50307626753,98287.95072053939,97810.82922586388,97279.89053,101476.0773142857,99482.83647164771,97270.21854666673,97236.3739742,97445.87589897173,97668.01505539262
1,2011-10-17,97392.44205,97392.8947,97861.49301909581,98331.83684986552,97859.93206078262,97279.89053,101476.0773142857,99482.14301429392,97314.16699600001,97321.18108279999,97444.16534756473,97696.72306447676
1,2011-10-18,97174.9272,97392.44205,97898.75722186813,98335.3008139531,97897.2379386356,97394.35246,101476.0773142857,99481.8080902546,97352.55274060006,97361.46552279999,97444.16534756473,97710.67296737264
1,2011-10-19,96864.47661,97174.9272,97644.72096082261,98064.17507648136,97643.3624595131,97034.64402,100882.7761,99389.60946863567,97082.0589852667,97054.23058520004,97170.26585372881,97438.83330515896
1,2011-10-20,96740.52411,96864.47661,97302.53881832422,97730.77361605756,97301.313318718,96728.89922333334,100882.7761,99348.88855354597,96772.01388793324,96779.46786640004,96816.8327491499,97106.54008438023
1,2011-10-21,96349.06732,96740.52411,97167.89421906961,97575.21539809772,97166.44165026746,96586.16567,100461.28397571428,99269.27966263688,96589.88566699997,96579.17450620003,96658.19831096068,96941.09979201945
1,2011-10-22,96155.57064,96349.06732,96738.60529264365,97120.88249367398,96736.93977483222,96167.05412,99572.04421285714,99161.71140744459,96285.1852545333,96276.04001400001,96366.32334639358,96590.79703153361
1,2011-10-23,96161.09982,96155.57064,96569.12122481951,96967.31214822656,96567.57528811457,96164.47859,99427.00278571427,99106.91541852044,96180.3802268667,96135.43227140002,96224.82164024842,96457.50467178057
1,2011-10-24,96161.57871,96161.09982,96616.3628237892,96997.96060825243,96614.78383928229,96164.47859,99318.50713857143,99102.34003625075,96183.17039593338,96136.36728620002,96242.15129555791,96474.42743324791
1,2011-10-25,96035.38344,96161.57871,96636.58784703202,97011.10595513794,96635.13961169735,96167.55629,99427.00278571427,99103.08327002046,96169.61007973338,96134.06623200001,96242.15129555791,96474.28911014309
1,2011-10-26,95990.62257,96035.38344,96488.99434202342,96871.00716503168,96487.69025165985,95891.83172,99257.74609857144,99070.74042545256,96107.17518626669,96094.98454200002,96084.25495605744,96354.14576911861
1,2011-10-27,95853.24186,95990.62257,96427.69996618244,96828.64584313874,96426.4950543269,95891.83172,99427.00278571427,99122.30985401552,96078.03305953335,96069.50433320002,96013.72511259021,96306.80133842076
1,2011-10-28,95743.06329,95853.24186,96245.87417585644,96638.01345111878,96244.50661999172,95562.55803,99572.04421285713,99143.4030501596,95579.54967613328,95572.522708,95735.18689280239,95984.2500066848
1,2011-10-29,95714.54642,95743.06329,96134.38923682822,96533.90317255748,96133.00620903118,95562.55803,99427.00278571427,99125.31833785321,95562.63964319996,95575.38797039998,95735.18689280239,95943.90990285327
1,2011-10-30,95717.41318,95714.54642,96111.27347267106,96517.02003555407,96109.98786383861,95562.55803,99318.50713857144,99093.00441863388,95551.85079339998,95566.6459852,95731.24757311527,95933.37280068977
1,2011-10-31,95716.97579,95717.41318,96142.41879438495,96549.74529114683,96141.29634468674,95562.55803,99318.50713857144,99093.10103295241,95512.09920479996,95514.90616140001,95745.7375817419,95935.86069256288
1,2011-11-01,95610.93975,95716.97579,96180.94302773815,96562.91771813095,96179.76683505862,95562.55803,99318.50713857144,99093.27265134992,95541.21438239998,95541.14310100001,95745.7375817419,95949.95656075761
1,2011-11-02,95406.60328,95610.93975,96067.42395968131,96444.35761351578,96066.36499902979,95562.55803,99224.14945000001,99056.73537949416,95555.29374073328,95531.5759618,95724.81421920455,95908.15519115119
1,2011-11-03,95165.11266,95406.60328,95806.63177683804,96185.11719364426,95805.615182445,95562.55803,98916.82388857144,98983.57799018566,95467.5427945333,95471.98731020004,95511.61898837496,95721.42632551752
1,2011-11-04,95073.97071,95165.11266,95544.82496848067,95909.36331618765,95543.66822720888,95089.67355,96564.57463857144,98953.41621514724,95068.82339320003,95051.43873979998,95022.66106308768,95333.61592415847
1,2011-11-05,95026.39282,95073.97071,95471.5708061605,95826.98063635954,95470.18617102416,95089.67355,99065.67399571429,99010.51919721214,95054.97344073336,95044.0467272,95022.66106308768,95301.53838006018
1,2011-11-06,95024.68225,95026.39282,95411.5078746054,95757.92245860517,95410.18448158461,95089.67355,97727.11356,98958.30144645703,95039.90979746667,95002.37444499998,95040.02079287927,95279.28434965038
1,2011-11-07,95038.86775,95024.68225,95437.39349587107,95763.91800245436,95435.961015708,95089.67355,97727.11356,98958.18463706286,95042.7382288667,95012.89985379997,95054.5108015059,95287.05567760898
1,2011-11-08,94749.35717,95038.86775,95481.46231002963,95788.96417473894,95480.0773012633,94957.09469,97727.11356,98958.06309105524,95018.41099546668,94980.77685039998,95054.5108015059,95287.29532390383
1,2011-11-09,94692.1818,94749.35717,95163.09992295316,95492.23562983947,95161.78989878208,93957.22518,96564.57463857144,98948.09054586652,94480.8336164,94580.906191,94745.28135726711,94906.11686783553
1,2011-11-10,94684.8118,94692.1818,95096.95330559916,95444.36131862632,95095.84691402236,93957.80365,96051.1747657143,98934.63825719751,94365.6889302,94409.7167212,94762.6410870587,94857.56377862835
1,2011-11-11,94638.60997,94684.8118,95066.57183417043,95404.41285680459,95065.43466778881,93957.80365,95591.23355,98917.52026574727,94342.09384060002,94400.07536320001,94783.13587900689,94843.21419213717
1,2011-11-12,94671.98526,94638.60997,94990.41606675905,95319.12752353681,94989.2329170688,93957.80365,95552.50605428572,98905.93040179528,94128.30830859998,94119.099895,94378.95255030152,94608.79612747942
1,2011-11-13,94676.57373,94671.98526,95001.97951379773,95317.6836928663,95000.92377258117,93957.80365,97314.90035142857,98845.83425003878,94339.17569006668,94399.32252400002,94777.86327249886,94811.57421847728
1,2011-11-14,94724.13745,94676.57373,95025.33046958108,95334.42656403431,95024.30504933045,94695.83019,97314.90035142856,98846.3176602971,94573.17879220011,94567.07193080003,94780.89219998497,94896.16585207313
1,2011-11-15,94491.88769,94724.13745,95104.67053836033,95401.3115247308,95103.79280936219,94628.08227,97314.90035142857,98846.80493872376,94602.16883940004,94569.03420040003,94794.1522350472,94932.544199726
1,2011-11-16,94418.48636,94491.88769,94878.28772474798,95192.48750487907,94877.36256215007,94628.08227,97432.21536714285,98844.47733549764,94394.22899473338,94341.607664,94359.34914148801,94648.68854703348
1,2011-11-17,94150.78238,94418.48636,94792.58212992076,95104.43269192363,94791.69568362363,94695.83019,97375.69474857142,98831.03549015825,94480.45251326673,94376.49726919999,94376.7088712796,94653.86469215665
1,2011-11-18,94054.96801,94150.78238,94476.08375133353,94785.30858115273,94475.11673685024,93957.22518,96036.09713571427,98802.04060437612,94157.09552219999,94169.2850172,94244.44159256446,94395.61523197238
1,2011-11-19,94046.85523,94054.96801,94375.15001461015,94681.24624520818,94374.28710098656,93811.421,94499.49876285715,98759.86757854058,93900.1841766667,93911.50604160002,93958.71025182842,94180.04689123442
1,2011-11-20,94047.91911,94046.85523,94363.67867604177,94653.5573796833,94362.71909632016,93811.421,94398.21240142858,98752.64541876153,93916.97635906668,93933.95168579997,94006.07701149394,94192.20358341462
1,2011-11-21,94046.91328,94047.91911,94390.61409108128,94667.27844735533,94389.59945124087,93811.421,94398.21240142858,98752.4987075168,93914.96639266665,93935.65266159998,94006.07701149394,94196.10728383863
1,2011-11-22,93973.07583,94046.91328,94421.2355128147,94668.63627248303,94420.21111726105,93811.421,94398.21240142858,98752.37961457953,93942.62465019998,93944.318588,93996.87717580487,94202.71269949595
1,2011-11-23,93923.1818,93973.07583,94342.57191601188,94597.52842752897,94341.61107495686,93811.421,94366.57399000002,98742.6192813197,93959.69940019997,93976.7969228,94002.59198037192,94186.6066027003
1,2011-11-24,93588.46468,93923.1818,94244.78285238525,94502.26667718662,94243.88642841936,94329.40979,93916.26289285715,98731.00940975657,94018.32166493329,94064.1814752,93856.3211984246,94125.63651351484
1,2011-11-25,93672.86933,93588.46468,93867.89078488262,94152.09664423244,93867.0106376383,93811.421,93847.22497,98723.46804140754,93581.80516933324,93600.36482659998,93626.65587858803,93786.85256405124
1,2011-11-26,93360.12812,93672.86933,93961.69057074524,94241.81735284114,93961.00136030321,93757.73787,93457.12393285715,98714.37366941714,93618.32204153342,93623.17976719998,93653.00275755132,93837.71405064197
1,2011-11-27,93360.12812,93360.12812,93632.20852067148,93933.67835129767,93631.32656755483,93482.11282,94374.49558857142,98725.82468778058,93379.40108706654,93387.53126579997,93422.4699373275,93578.5164585639
1,2011-11-28,93363.68306,93360.12812,93700.55927722564,94012.68534232251,93699.82974331139,93482.11282,94366.0703442857,98724.64490885133,93404.4379991332,93404.75875799998,93455.3166138843,93624.14665178
1,2011-11-29,93283.09831,93363.68306,93748.09799306776,94034.272894807,93747.32684191207,93482.11282,94366.0703442857,98724.94678266518,93408.21989626654,93404.6130328,93455.3166138843,93632.60313498594
1,2011-11-30,93122.69898,93283.09831,93648.23132350507,93930.87093521506,93647.54022629188,93482.11282,93582.53003285716,98714.6411846391,93353.21406499986,93360.9137398,93362.51022453558,93548.86507491684
1,2011-12-01,93356.90546,93122.69898,93428.71254116652,93698.7154451776,93428.05706621228,93250.01148199999,93389.76521714288,98714.09339340175,93229.65454233327,93213.78886819999,93251.45722167086,93393.27573639392
1,2011-12-02,93098.82484,93356.90546,93637.97528279893,93879.62215253747,93637.5473514165,93482.11282,93271.51505857144,98735.74875501325,93352.24779519998,93369.62602300002,93352.45468121399,93528.10820965048
1,2011-12-03,92998.93022,93098.82484,93304.24213544223,93531.24112670282,93303.47481066556,93186.32278,93271.51505857144,98754.85740658782,93230.69497720011,93218.07218960002,93243.29476489534,93335.07695626609
1,2011-12-04,93000.7642,92998.93022,93240.03337006916,93493.70451432213,93239.34454921308,93186.32278,93271.51505857144,98762.49543734935,93216.39206480014,93213.96794900001,93249.46490249773,93319.85382720667
1,2011-12-05,93001.82211,93000.7642,93288.09680523422,93537.80548876674,93287.41316618309,93186.32278,93271.51505857144,98762.15383037445,93208.30766980008,93207.3342938,93266.83590768794,93337.6496887516
1,2011-12-06,92543.78301,93001.82211,93332.60894495511,93568.5143218182,93331.9136194311,93186.32278,93271.51505857144,98762.40568925739,93222.67497473343,93220.592179,93277.76228356881,93356.31719337347
1,2011-12-07,92217.92149,92543.78301,92850.3900929768,93122.43102448128,92849.73881434128,93186.32278,93271.51505857144,98764.82227332152,93188.55486980005,93174.75068260005,93233.2182791972,93181.40139115951
1,2011-12-08,92208.59448,92217.92149,92546.00408751439,92833.3937655246,92545.25319360277,93186.32278,93271.51505857144,98764.46861264454,93185.32762946674,93170.08531920002,93247.73836230593,93088.81991909909
1,2011-12-09,92141.80298,92208.59448,92519.5130462356,92808.90843874456,92518.81702876183,93186.32278,93271.51505857144,98758.78308115875,93194.16404526675,93189.01717700003,93282.02521638107,93095.03256679745
1,2011-12-10,92097.03201,92141.80298,92453.2832444539,92727.82461651451,92452.36581898534,93186.32278,93271.51505857144,98741.94144917355,93191.3848541334,93184.18144740003,93256.56748199284,93058.5923175469
1,2011-12-11,92099.3776,92097.03201,92402.88213755967,92675.22232250427,92401.9116649382,93186.32278,93271.51505857144,98759.24278544681,93191.71227513341,93183.94520560002,93256.56748199284,93041.16735987684
1,2011-12-12,92100.97817,92099.3776,92426.60569103908,92702.53847958628,92425.7930202953,93186.32278,93271.51505857144,98758.88076776172,93195.74291966672,93190.93936920002,93282.02521638107,93060.10220521135
1,2011-12-13,92049.85339,92100.97817,92456.39795471074,92724.51688077564,92455.62614916227,93186.32278,93271.51505857144,98758.54818995003,93201.1261371334,93192.81721140005,93272.825380692,93066.15613286702
1,2011-12-14,92048.26278,92049.85339,92422.69525815289,92705.20938543894,92422.0021111192,93026.89141,93271.51505857144,98763.11128263638,93142.51499220006,93102.49310980001,93227.9105562428,93025.21164462727
1,2011-12-15,91716.60798,92048.26278,92400.11044000139,92709.39955539626,92399.43289731772,93186.32278,93271.51505857144,98769.97753325565,93241.05099653346,93220.9500544,93292.13415150046,93080.86156781006
1,2011-12-16,91681.82509,91716.60798,92012.55239719384,92324.33703448233,92011.79498569731,93026.89141,93271.51505857144,98777.7322380349,93125.51793600009,93087.32722920002,93202.16843152363,92884.00780066867
1,2011-12-17,91574.99086,91681.82509,91992.8450135227,92299.38508740952,91992.0780932522,93026.89141,93271.51505857144,98801.06931010843,93117.46933346675,93091.02618780002,93204.60803782934,92873.82081956854
1,2011-12-18,91578.65992,91574.99086,91860.10992441609,92151.96257496034,91859.37764116979,93026.89141,93271.51505857144,98891.5518963325,93113.02547906675,93093.91618780002,93204.96344351399,92823.31716584701
1,2011-12-19,91577.61665,91578.65992,91911.53744297987,92202.99332120606,91910.8472590976,93026.89141,93271.51505857144,98891.25906634386,93116.5601099334,93097.12915540002,93258.07309244413,92859.20884119452
1,2011-12-20,91352.10042,91577.61665,91962.04508316272,92214.70271109261,91961.22878136835,93026.89141,93271.51505857144,98891.0499913185,93116.77489786674,93089.30015380001,93233.26082458507,92854.91281118146
1,2011-12-21,91375.13479,91352.10042,91728.94717622621,91981.13227451245,91728.07325027905,93026.89141,93271.51505857144,98891.14031338812,93112.68277460008,93077.39965520003,93190.44336040526,92761.41946983927
1,2011-12-22,91406.26258,91375.13479,91728.99475151428,91994.86547364054,91728.28586789723,93026.89141,93271.51505857144,98896.70062011533,93116.59725886672,93088.55089240002,93248.87325675506,92786.77866308745
1,2011-12-23,91314.10448,91406.26258,91741.48976976366,92008.54649529712,91740.75595565942,93026.89141,93271.51505857144,98904.22990559391,93130.28604486675,93106.26576500002,93259.79963263593,92799.54405759992
1,2011-12-24,91052.70215,91314.10448,91616.66621387916,91864.20271368524,91615.60511616149,93026.89141,93271.51505857144,98957.28801481365,93124.04333753341,93098.14514640003,93192.16990059706,92726.80531727191
1,2011-12-25,91054.42995,91052.70215,91754.23042834032,91879.28570570106,91753.5611343597,93026.89141,93271.51505857144,99006.66278961318,93115.56242326676,93082.93619880002,93195.76360782492,92730.20391226425
1,2011-12-26,91054.30459,91054.42995,91823.79862252802,91950.3439951759,91823.1089770451,93026.89141,93271.51505857144,99007.41803814982,93175.12717126675,93140.47627640003,93213.09637958989,92779.52251534419
1,2011-12-27,91054.54493,91054.30459,91449.89952950584,91723.19239325884,91449.1329981491,93026.89141,93271.51505857144,99007.30944159988,93178.18185680007,93133.14030320002,93213.09637958989,92704.82354321626
1,2011-12-28,91055.93463,91054.54493,91467.45842502349,91751.54991503267,91466.71453198118,93026.89141,93271.51505857144,99007.5374943756,93177.33807120008,93129.23838620001,93213.09637958989,92713.99478860754
1,2011-12-29,91052.88969,91055.93463,91436.61877378538,91697.90743671315,91435.67280601025,93026.89141,93271.51505857144,99007.28575268543,93179.1221863334,93140.30451540001,93248.81821403086,92708.61594569248
1,2011-12-30,91019.30103,91052.88969,91401.207402844,91651.15724810705,91399.93393227823,93026.89141,93271.51505857144,99012.84423571746,93197.77169540011,93158.65936700001,93389.44004472072,92746.12299607595
1,2011-12-31,91256.38626,91019.30103,91328.2575567252,91600.80451442466,91327.56900465915,93026.89141,93271.51505857144,99001.5023807953,93206.37711693342,93160.50068960001,93226.21223439391,92677.79795525066
1,2012-01-01,91259.34019,91256.38626,91993.19976687354,92120.5237119503,91992.83094055123,93026.89141,93271.51505857144,98967.87295168958,93200.39840866676,93152.66765500004,93436.22982891831,92919.05064984511
1,2012-01-02,91260.84293,91259.34019,91999.97248921481,92124.34617443269,91999.59986573632,93026.89141,93271.51505857144,98967.76846275611,93201.76284373344,93156.57609540003,93452.13095606587,92926.07999141068
1,2012-01-03,91259.96716,91260.84293,91635.17671711385,91908.73004213626,91634.79843123912,93026.89141,93271.51505857144,98967.73411167103,93204.77064906678,93151.2884168,93408.80123494263,92840.76730871522
1,2012-01-04,91364.42334,91259.96716,91639.15530999543,91929.80728895952,91638.92381895227,93026.89141,93271.51505857144,98967.6616696329,93203.61911353345,93149.7150312,93408.80123494263,92847.40921247854
1,2012-01-05,91577.62226,91364.42334,91708.35512472704,91996.08922293408,91708.11409301811,93026.89141,93271.51505857144,98949.44706001645,93197.62418680011,93146.67817660002,93465.69605087313,92886.46982020244
1,2012-01-06,91689.258,91577.62226,91877.81517775822,92145.36396839762,91877.62880874517,93026.89141,93271.51505857144,98905.6758542838,93195.18176466679,93153.69157840003,93418.26019228522,92919.60197511654
1,2012-01-07,91869.74454,91689.258,91931.18382459089,92155.72406243868,91931.09437741952,93026.89141,93271.51505857144,98988.58801034752,93195.10900766679,93154.20362160001,93368.82897988576,92906.55401666374
1,2012-01-08,91870.79161,91869.74454,92058.82030823693,92282.00360936696,92059.14850199541,93026.89141,93271.51505857144,98994.14544671917,93192.47522693343,93151.86105580002,93370.6303381456,92948.36972481532
1,2012-01-09,91873.15794,91870.79161,92073.20749799728,92303.92409902895,92073.65072816944,93026.89141,93271.51505857144,98997.59616083557,93193.53943973343,93153.81167860002,93393.44758830963,92963.63704235734
1,2012-01-10,91806.94409,91873.15794,92135.31293563936,92374.57743252737,92135.88818712867,93026.89141,93271.51505857144,98997.29470297648,93196.12163740011,93149.2642082,93368.82897988576,92979.84268327108
1,2012-01-11,91778.48234,91806.94409,92099.4741758901,92347.4203736493,92100.01726104366,93026.89141,93271.51505857144,98990.89300676595,93183.33204786674,93116.17483240001,93418.23363461594,92982.995352044
1,2012-01-12,91918.63839,91778.48234,92064.38075241783,92311.61854702172,92064.89578357544,93026.89141,93271.51505857144,98989.53350158453,93185.16093753341,93116.29685419999,93436.75108788013,92977.84352414508
1,2012-01-13,91873.21388,91918.63839,92174.56264763417,92408.79846696625,92175.29117146102,93026.89141,93271.51505857144,98977.61866940327,93184.1486568001,93123.787154,93456.39769838197,93016.44827404944
1,2012-01-14,91892.01316,91873.21388,92111.10614866023,92342.42328616597,92111.33383756634,93026.89141,93271.51505857144,98968.28977351925,93187.7566453334,93126.2062144,93413.05093473628,92981.07695541187
1,2012-01-15,91893.77339,91892.01316,92128.35845818552,92374.85686221771,92128.71265574696,93026.89141,93271.51505857144,98933.42101171846,93187.55652413341,93125.0040696,93481.93476208588,93014.78271614567
1,2012-01-16,91893.41509,91893.77339,92174.89800285963,92423.64515165873,92175.13312552236,93026.89141,93271.51505857144,98934.71058620668,93187.64571460008,93124.99015080002,93457.12249422682,93022.80445349519
1,2012-01-17,91890.5461,91893.41509,92223.82868129712,92478.60830887251,92224.18494676596,92928.30459,93271.51505857144,98934.99207281551,93190.69270253342,93119.24608639999,93454.5869305783,93041.29598066141
1,2012-01-18,92051.57577,91890.5461,92233.81706381921,92509.25208077484,92234.28362756764,92928.30459,93271.51505857144,98922.6199846828,93189.7902945334,93117.27339059999,93455.59704235426,93051.54647255417
1,2012-01-19,92048.36856,92051.57577,92386.30288697858,92658.84604452176,92386.29755862005,92928.30459,93271.51505857144,98914.10615300224,93182.7089845334,93113.43254,93479.92710600192,93107.1607116857
1,2012-01-20,92320.12243,92048.36856,92312.15724974187,92592.62774344167,92312.29110445498,92928.30459,93271.51505857144,98894.65410660673,93184.54600453342,93121.77304199999,93427.44502838557,93068.20625878689
1,2012-01-21,92422.49077,92320.12243,92575.81256315799,92875.08901713454,92575.99411829044,92928.30459,93271.51505857144,98838.3531769695,93185.31870286675,93126.18073939999,93410.02812329515,93156.81194776548
1,2012-01-22,92404.86306,92422.49077,92642.31460147009,92932.50272854952,92642.32029913946,92928.30459,93271.51505857144,98838.68498428707,93182.3580643334,93122.98670400001,93433.86546248369,93182.90875178885
1,2012-01-23,92408.15144,92404.86306,92669.9145653021,92947.00069866133,92669.36918462467,92928.30459,93271.51505857144,98838.83428094057,93182.61817206672,93121.4255322,93414.41251141703,93181.34379404837
1,2012-01-24,92316.49025,92408.15144,92731.27887039214,92997.89736392957,92730.72071643008,92928.30459,93271.51505857144,98838.66716857014,93186.22688566674,93118.53124339998,93429.01647310091,93204.38024089909
1,2012-01-25,92277.71715,92316.49025,92658.35042229992,92911.84611687865,92657.5917130204,92928.30459,93271.51505857144,98855.22198644653,93181.65758086674,93115.9326674,93392.20379224267,93161.90249666269
1,2012-01-26,92209.1276,92277.71715,92592.27175354263,92844.9314675269,92591.45957401219,92928.30459,93271.51505857144,98855.84090326478,93183.84765920005,93114.2037108,93420.61703565087,93149.79872079262
1,2012-01-27,92263.39816,92209.1276,92541.17120646314,92789.44283419641,92539.96686064106,92928.30459,93271.51505857144,98773.7125003707,93181.4445847334,93119.9367196,93362.96877312368,93111.28539735115
1,2012-01-28,92157.95877,92263.39816,92567.58014195206,92797.44774828065,92566.34502209147,92928.30459,93271.51505857144,98755.9333544816,93178.30502300008,93120.57770179998,93345.52015306434,93107.0909747817
1,2012-01-29,92165.44005,92157.95877,92441.61762530476,92660.0470069879,92440.11943968284,92928.30459,93271.51505857144,98760.66732859497,93170.58256986676,93114.4582106,93379.6094328717,93070.07966990878
1,2012-01-30,92165.4786,92165.44005,92491.33803059612,92718.96167489381,92490.16630178504,92928.30459,93271.51505857144,98761.20238206032,93173.90250313343,93122.6739304,93401.90203062122,93098.25540288282
1,2012-01-31,92075.20161,92165.4786,92531.93799782803,92743.4605154777,92530.66800309805,92928.30459,93271.51505857144,98762.49083146141,93181.7445719334,93119.05926679999,93405.43543616604,93110.21350785904
1,2012-02-01,91779.06165,92075.20161,92440.89364631721,92662.22825457534,92439.49324509886,92928.30459,93271.51505857144,98766.58968335959,93179.3701491334,93116.08034319998,93368.62275530779,93070.07371967217
1,2012-02-02,91579.23217,91779.06165,92114.9634466775,92349.97886350394,92113.23207334589,92928.30459,93271.51505857144,98779.2916411753,93164.07992253343,93096.38429500001,93366.36963125657,92960.14280576464
1,2012-02-03,91396.2191,91579.23217,91912.91279743117,92181.13989019532,91911.1789365932,92928.30459,93271.51505857144,98793.37432908406,93160.46393933344,93110.8831834,93336.43077541304,92892.67820164726
1,2012-02-04,91335.70957,91396.2191,91706.5703581464,91995.31338865473,91705.10332176233,92928.30459,93271.51505857144,98800.87589777922,93161.7231930001,93127.4487508,93336.43077541304,92831.15578568929
1,2012-02-05,91343.5422,91335.70957,91632.17396705941,91909.37125983267,91630.97285847268,92928.30459,93271.51505857144,98891.4641559436,93160.39813606675,93127.4487508,93378.4091136285,92816.05950317597
1,2012-02-06,91344.26134,91343.5422,91658.68657388646,91935.01565168002,91657.84671539522,92928.30459,93271.51505857144,98890.97758021044,93169.06396660008,93131.50692800002,93397.86206469516,92833.98056099175
1,2012-02-07,91232.49395,91344.26134,91693.28276590716,91948.7142480549,91692.3477295533,92928.30459,93271.51505857144,98890.88179864724,93189.97642006676,93130.98626120001,93351.82204517888,92830.17090443351
1,2012-02-08,91200.6347,91232.49395,91564.35009789454,91820.69042292617,91563.35518965764,92928.30459,93271.51505857144,98898.35672736345,93199.27363586678,93143.26906340003,93314.79794778218,92778.25400219171
1,2012-02-09,91561.7795,91200.6347,91516.53099876636,91772.42158951858,91515.3240669985,92928.30459,93271.51505857144,98913.02316505818,93200.67315946678,93155.16254860003,93367.70266187849,92780.26580362128
1,2012-02-10,91564.13095,91561.7795,91828.07692377658,92060.12313564934,91827.13336351185,92928.30459,93271.51505857144,98925.61581698668,93218.03862813345,93169.89648760002,93379.33114485217,92885.83096954499
1,2012-02-11,91599.83413,91564.13095,91745.94205220966,91962.78608842145,91745.14700643913,92928.30459,93271.51505857144,98935.12854270451,93219.73674846678,93173.6852152,93375.79703958351,92852.77329215723
1,2012-02-12,91600.25112,91599.83413,91772.02618491868,91989.30925054077,91771.19413076293,92928.30459,93271.51505857144,98933.19675037923,93212.47989633343,93169.1947308,93413.98074281463,92871.92329656293
1,2012-02-13,91601.50609,91600.25112,91795.2293742176,92007.5701908038,91794.42866562509,92928.30459,93271.51505857144,98933.26007378922,93211.98054966675,93168.7126038,93413.98074281463,92877.84382776172
1,2012-02-14,91542.47339,91601.50609,91845.17702493265,92040.45490094746,91844.30722324156,92928.30459,93271.51505857144,98933.21373248733,93220.41135093344,93164.17151719998,93389.36213439076,92883.40946209054
1,2012-02-15,91495.50006,91542.47339,91812.5939732125,91974.8826351098,91811.44470432418,92928.30459,93271.51505857144,98954.6019905163,93223.57748840011,93162.1277158,93363.80802816442,92854.08938389145
1,2012-02-16,91382.46338,91495.50006,91767.68053374691,91895.05713060834,91766.19805557227,92928.30459,93271.51505857144,98964.75764610156,93219.91209393342,93160.13694819999,93396.80903151589,92837.25941868588
1,2012-02-17,91346.86652,91382.46338,91594.37822612587,91708.45088713821,91593.12685757499,92928.30459,93271.51505857144,98958.59493068134,93212.79906566678,93167.26800879998,93325.72432366305,92748.99142548935
1,2012-02-18,91133.67392,91346.86652,91552.86445380384,91661.11652134375,91551.56457106848,92928.30459,93271.51505857144,98970.07484710016,93207.2401528668,93161.13336559999,93343.08405345462,92737.14690922172
1,2012-02-19,91142.81249,91133.67392,91314.01450679523,91459.5411470249,91313.27808604746,92928.30459,93271.51505857144,98971.06153107171,93196.56275373345,93148.16340500003,93353.93663931476,92670.01351335771
1,2012-02-20,91142.93864,91142.81249,91799.35443718625,91805.84216429715,91799.0498113925,92928.30459,93271.51505857144,98972.1270939074,93195.50764993345,93157.13045360002,93376.22923706428,92792.52635043162
1,2012-02-21,91133.97017,91142.93864,91431.6420116545,91580.40525492394,91431.22761715965,92928.30459,93271.51505857144,98974.98085406583,93202.01854253345,93148.98376400002,93351.61062864041,92711.34480869927
1,2012-02-22,91152.90652,91133.97017,91427.60939912141,91582.65136359664,91427.24250416124,92928.30459,93271.51505857144,98976.97322649874,93205.92413253344,93146.92488140002,93351.61062864041,92713.3953749235
1,2012-02-23,91176.05019,91152.90652,91411.94098512913,91610.5030443378,91411.69984151129,92928.30459,93271.51505857144,98922.71635144195,93206.39250740013,93157.79400519999,93387.15561294515,92734.68372156103
1,2012-02-24,91115.94366,91176.05019,91398.50589792257,91599.208439589,91398.31603432553,92928.30459,93271.51505857144,98938.60771838475,93212.02251620012,93166.48677999999,93362.53700452128,92724.58932010346
1,2012-02-25,91060.02579,91115.94366,91310.4156315645,91511.30397134168,91310.11713265612,92928.30459,93271.51505857144,98976.47147085577,93205.89741380012,93169.657887,93364.72648344445,92693.97595619543
1,2012-02-26,91057.19928,91060.02579,91265.356814108,91489.62182664599,91265.2696089927,92928.30459,93271.51505857144,99001.15042998934,93190.56242506676,93159.89643219998,93389.34509186832,92689.84311452702
1,2012-02-27,91059.37728,91057.19928,91313.9741434226,91540.05974618421,91313.87863281443,92928.30459,93271.51505857144,98999.89054308596,93185.52988880011,93160.4901908,93408.79804293498,92711.46255930643
1,2012-02-28,90876.88377,91059.37728,91373.76081182582,91595.30389554851,91373.68690101775,92928.30459,93271.51505857144,99000.08156631162,93189.8895410001,93155.01338139997,93370.91939944887,92718.70427866583
1,2012-02-29,90850.27962,90876.88377,91190.93914150204,91429.41801923246,91196.31433352745,92928.30459,93271.51505857144,99004.76962769877,93169.50980726679,93131.0796764,93325.72432366305,92641.55071672075
1,2012-03-01,90848.62386,90850.27962,91152.67876605755,91396.87122202707,91158.0421625984,92928.30459,93271.51505857144,99014.09048593661,93165.29474680011,93128.7561352,93367.70266187849,92643.28954356855
1,2012-03-02,90845.3493,90848.62386,91121.04527663076,91351.38626005061,91123.8056863747,92928.30459,93271.51505857144,99021.2474848121,93168.99246900015,93140.76431800002,93362.53700452128,92627.63857785735
1,2012-03-03,90856.7054,90845.3493,91107.64991416439,91315.78471883721,91106.23628147489,92928.30459,93271.51505857144,99022.83657163056,93171.65267820016,93144.4130022,93362.53700452128,92616.65813385288
1,2012-03-04,90809.92313,90856.7054,91138.35099975055,91339.63728100758,91126.97150038919,92928.30459,93271.51505857144,99012.77465981319,93175.24974560013,93146.86118159998,93387.15561294515,92634.01421318429
1,2012-03-05,90820.74468,90809.92313,91133.18079955185,91332.14391061197,91132.07537402851,92928.30459,93271.51505857144,99003.41037642033,93182.03346753345,93145.97013839999,93367.70266187849,92627.29334667463
1,2012-03-06,90719.8663,90820.74468,91198.537218055,91391.7037995864,91197.79166154336,92928.30459,93271.51505857144,99003.47071509996,93191.59742566678,93142.62024339999,93384.17943451111,92655.82688658808
1,2012-03-07,90832.95179,90719.8663,91111.96485276929,91321.38756496125,91100.78840203739,92928.30459,93271.51505857144,98994.99568611995,93189.5606294001,93138.90167399996,93334.10671859064,92615.01830431733
1,2012-03-08,90855.20446,90832.95179,91212.15321633255,91414.26583553369,91215.98364131643,92928.30459,93271.51505857144,98990.50890546919,93187.21346766678,93138.0488372,93408.79804293498,92670.09244871182
1,2012-03-09,90857.26815,90855.20446,91190.72728316786,91373.08418525197,91187.78674806259,92928.30459,93271.51505857144,98993.36747699941,93192.8760746668,93146.49156559998,93384.17943451111,92650.04656480996
1,2012-03-10,90811.7588,90857.26815,91137.51135963127,91341.09074684134,91142.76264007634,92928.30459,93271.51505857144,98996.89428397722,93192.77960993348,93148.46426139997,93384.17943451111,92639.34993042865
1,2012-03-11,90820.3989,90811.7588,91092.56564148057,91308.10467275606,91088.06813279794,92928.30459,93271.51505857144,98998.30020864615,93188.65912153343,93145.25714259999,93389.34509186832,92628.7029620526
1,2012-03-12,90838.01342,90820.3989,91154.08885169246,91381.1211107491,91153.26555909813,92928.30459,93271.51505857144,98994.36018522522,93188.95082586678,93146.59988479997,93408.79804293498,92659.62332651694
1,2012-03-13,90951.78472,90838.01342,91232.51556654948,91446.13775345383,91232.00505095141,92928.30459,93271.51505857144,98993.75385569577,93193.35124846677,93142.03034139998,93384.17943451111,92674.55614547724
1,2012-03-14,91074.02691,90951.78472,91365.33048021444,91579.40677019463,91364.71622676271,92928.30459,93271.51505857144,98993.24795040693,93190.51687420013,93137.08734679999,93391.64337415868,92720.52233951782
1,2012-03-15,91227.33521,91074.02691,91425.2268727446,91638.29184153993,91429.0162319405,92928.30459,93271.51505857144,98996.16196887258,93181.08416886677,93129.28715479998,93407.87958765496,92742.41853268722
1,2012-03-16,91281.14407,91227.33521,91514.07109320763,91722.96119266632,91551.46293459341,92928.30459,93271.51505857144,99032.58123817133,93173.85315726677,93132.963038,93381.60964996698,92759.47466663335
1,2012-03-17,91317.88447,91281.14407,91521.50612828594,91733.25994261318,91511.99558313965,93026.89141,93271.51505857144,99055.65038235064,93168.68806286679,93126.9290264,93380.37371524016,92760.77390690672
1,2012-03-18,91321.83547,91317.88447,91567.81208798633,91796.81461210123,91546.4102213917,93026.89141,93271.51505857144,99027.91416770253,93171.1422813334,93117.7637156,93426.41373475644,92798.12354273035
1,2012-03-19,91324.89472,91321.83547,91646.02594675371,91871.23292793683,91643.67697765138,93026.89141,93271.51505857144,99006.43551870117,93171.44018140007,93117.7637156,93474.76013791443,92839.14441575044
1,2012-03-20,91806.54232,91324.89472,91729.20463594928,91943.69889166398,91728.82837803634,93026.89141,93271.51505857144,99003.99955995145,93204.61340666676,93127.3276852,93450.14152949056,92866.15127594043
1,2012-03-21,91887.38296,91806.54232,92253.4373759213,92453.85649465435,92199.46793467885,93807.29824,93271.51505857144,98960.35800276783,93296.50808360011,93284.5410576,93455.97672723091,93068.78043516178
1,2012-03-22,92039.81477,91887.38296,92254.36542847996,92457.51110875282,92244.22190824608,93807.29824,93271.51505857144,98907.13421095154,93293.1288026001,93282.3130436,93483.97735340259,93078.20575491851
1,2012-03-23,92051.83789,92039.81477,92367.30861711377,92582.3667228654,92360.58171230293,93807.29824,93271.51505857144,98894.42171025593,93296.21331273345,93286.17748500002,93459.35874497872,93112.64626019252
1,2012-03-24,92135.43485,92051.83789,92351.32134228077,92584.3264547489,92344.17649037419,93807.29824,93271.51505857144,98883.96847528596,93297.12090373345,93288.3146274,93461.67217071298,93114.37317639844
1,2012-03-25,92138.0961,92135.43485,92459.21662159589,92703.59886580022,92480.65147667727,93807.29824,93271.51505857144,98894.80852127809,93294.88747013346,93286.25651640001,93486.29077913685,93161.59237169016
1,2012-03-26,92140.64845,92138.0961,92530.2702982659,92773.98262051173,92530.81535057149,93807.29824,93271.51505857144,98911.19611799697,93295.14240240013,93286.21414080002,93486.29077913685,93185.13860068291
1,2012-03-27,92151.49038,92140.64845,92641.21277348907,92880.5430001076,92640.8948433538,93807.29824,93271.51505857144,98911.39456816755,93301.09136100013,93288.4710792,93449.67852062106,93210.43762724292
1,2012-03-28,92139.22156,92151.49038,92659.48297584883,92910.21525551644,92605.12703637365,93807.29824,93271.51505857144,98872.78545411257,93296.90145313345,93286.49199960001,93443.57736546137,93216.89802470377
1,2012-03-29,92330.18982,92139.22156,92658.83692413216,92926.58937290558,92650.72634198563,93807.29824,93271.51505857144,98827.90123210121,93296.9561602001,93284.234673,93476.57836881284,93233.37463397284
1,2012-03-30,92403.53496,92330.18982,92838.01769871726,93104.99423236071,92816.91418289304,93807.29824,93271.51505857144,98810.58326624459,93294.95700673346,93286.1200348,93399.74186953908,93266.56436954443
1,2012-03-31,92616.39754,92403.53496,92888.62077685806,93163.25426264078,92878.58750016378,93807.29824,93271.51505857144,98792.86615644926,93297.44637120012,93290.1498822,93423.80774642028,93294.83612675373
1,2012-04-01,92867.64222,92616.39754,93100.73887521069,93379.7228114981,93110.18785729048,93807.29824,93271.51505857144,98793.05797394946,93294.91436860012,93286.17748500002,93391.44438363475,93355.3605212443
1,2012-04-02,92869.18951,92867.64222,93378.57595941918,93654.02168296186,93378.43372714335,93807.29824,93271.51505857144,98798.70111575219,93295.22791960012,93286.17748500002,93391.44438363475,93446.89799539892
1,2012-04-03,92846.21313,92869.18951,93407.10589520005,93724.16018919219,93407.03591039177,93807.29824,93271.51505857144,98799.04723493225,93298.17965073347,93286.67820000001,93335.91653358447,93452.75212450337
1,2012-04-04,93309.57898,92846.21313,93407.56006175916,93747.7657665102,93419.04627678628,93807.29824,93271.51505857144,98806.13400136815,93296.97381900012,93284.57771340001,93316.46358251781,93453.73438934272
1,2012-04-05,93222.54169,93309.57898,93892.78860421374,94211.50236527364,93883.88670957944,93807.29824,93271.51505857144,98808.17175404557,93341.00631286672,93342.54188240001,93363.91507288639,93638.80791700892
1,2012-04-06,93535.21372,93222.54169,94149.00894295138,94306.37576640943,94148.65942207213,93807.29824,93271.51505857144,98803.5064163177,93301.88122526674,93292.44723860003,93296.69396347672,93634.98365171762
1,2012-04-07,93542.09756,93535.21372,94063.96865017233,94373.62671749864,94052.76812632591,93287.28763,93271.51505857144,98797.78835861948,93441.86425593335,93453.57781140001,93702.67481548697,93839.38859630632
1,2012-04-08,93570.55105,93542.09756,94046.86274495286,94352.28710164169,94034.73252420766,93287.28763,93271.51505857144,98785.83098839708,93435.37578306667,93472.8436632,93583.22140635012,93790.29476368618
1,2012-04-09,93570.75138,93570.55105,94126.45178418713,94432.99661255445,94125.21936224907,93287.28763,93271.51505857144,98779.59876148596,93486.80054220003,93462.332929,93583.22140635012,93834.33952036819
1,2012-04-10,93718.11823,93570.75138,94210.55882269604,94514.20815868331,94209.0871523528,93287.28763,93271.51505857144,98779.1385813243,93486.36925480003,93472.8250242,93664.26262446544,93888.2800126496
1,2012-04-11,93896.51238,93718.11823,94424.6441632912,94705.21419607932,94410.72111838617,93431.24493,93271.51505857144,98772.75649020326,93628.2807904667,93601.7406344,93863.85764071916,94065.78420908838
1,2012-04-12,93532.99497,93896.51238,94539.10582567917,94816.5984987887,94537.51611572511,93360.21583,93271.51505857144,98766.45428118618,93773.57652393333,93760.2832804,94148.64043881815,94246.2718205134
1,2012-04-13,93607.07328,93532.99497,94177.99331321614,94479.14433951463,94170.19220535227,93287.28763,93271.51505857144,98763.53647155089,93404.64583339996,93434.94730900001,93706.38213211039,93863.39076834166
1,2012-04-14,93669.53519,93607.07328,94278.31613749704,94615.62260125569,94240.79422914704,93431.24493,93271.51505857144,98747.27941941746,93537.34950239996,93498.491672,93888.25580596017,94013.74263653859
1,2012-04-15,93672.65796,93669.53519,94353.36761928917,94712.91916367128,94353.75261645758,93431.24493,93271.51505857144,98734.28867905417,93637.26624573326,93609.06117299998,93912.87441438404,94087.68660792953
1,2012-04-16,93690.96861,93672.65796,94410.16553702603,94766.5199163812,94408.47910141836,93431.24493,93271.51505857144,98734.68290486695,93656.05189819992,93609.2886806,93880.32003572062,94100.96395010059
1,2012-04-17,93801.45674,93690.96861,94505.18150374177,94850.84544670128,94503.59565216146,93431.24493,93271.51505857144,98734.57062601604,93662.91990319996,93641.55011940001,93875.47104633784,94129.74546541303
1,2012-04-18,93981.39212,93801.45674,94605.24137614577,94973.58862622506,94616.12289438682,93360.21583,93271.51505857144,98738.62403471778,93727.38777799997,93704.0596188,94012.19414688057,94237.7235170352
1,2012-04-19,94299.1047,93981.39212,94718.41530518905,95108.58104887391,94700.45677380032,93360.21583,93271.51505857144,98737.13001746892,93873.59555486661,93839.2196906,94197.38276504613,94393.1864562622
1,2012-04-20,94562.32975,94299.1047,95030.38354291167,95445.9733937203,95021.36021635166,94201.64911,93271.51505857144,98729.35839165359,94296.55145520001,94274.5580438,94500.6950029941,94747.73995063813
1,2012-04-21,94696.53788,94562.32975,95249.4220293438,95663.87641039437,95236.61042548652,94201.64911,93304.06418999999,98724.38915111854,94268.71362333334,94224.05913039997,94421.1307798983,94784.573604542
1,2012-04-22,94805.10755,94696.53788,95362.87644122347,95788.82541423822,95361.80234963699,94201.64911,93313.12576714286,98721.59645514046,94431.94619873332,94463.63784719999,94850.9076870513,95023.89310000761
1,2012-04-23,94807.59683,94805.10755,95522.86357637217,95959.83371938753,95522.27411116977,94201.64911,93313.12576714286,98721.5660080506,94581.13256373332,94596.0217222,95033.22663984029,95191.39764098705
1,2012-04-24,94886.2322,94807.59683,95602.25258856705,96047.75086660069,95601.31386715539,94201.64911,93313.12576714286,98721.5729578961,94567.38597839997,94576.1400038,95461.74939966871,95358.96208155646
1,2012-04-25,95199.62993,94886.2322,95733.76758082453,96181.18672991137,95717.24739216865,94827.4529,93359.66576571428,98718.92259225994,94873.29173026665,94868.95777839996,95738.72784638712,95597.73543552171
1,2012-04-26,95804.19174,95199.62993,96052.55905882615,96426.11555516256,96117.93882974178,94957.09469,93271.51505857144,98734.50029683842,95032.73237600006,95019.15133239998,95911.62570748622,95790.15787954962
1,2012-04-27,96456.37829,95804.19174,96602.35371148218,96910.09368286724,96596.10732347216,95950.00722,93271.51505857144,98751.41685425813,95419.64459186679,95391.79612219999,96391.75133676153,96240.49653716519
1,2012-04-28,96801.63924,96456.37829,97168.2038016867,97449.65104675436,97151.5696980891,96320.85609,93271.51505857144,98744.45594848867,95862.4496150667,95855.9653532,97079.90522705986,96797.33529629365
1,2012-04-29,97119.78097,96801.63924,97433.12211400467,97716.42367738622,97460.58562019713,97140.05201,93271.51505857144,98750.71553244116,96067.07199233334,96056.5282432,97467.82621837858,97083.77396269939
1,2012-04-30,97126.53054,97119.78097,97764.23529153588,98071.26978218455,97750.87856726396,97787.59283,93271.51505857144,98757.23475761202,96186.97365706674,96316.96210479997,97753.75603196869,97337.33315707331
1,2012-05-01,97469.90487,97126.53054,97831.263885347,98182.60533711941,97829.97993885916,97787.59283,93271.51505857144,98752.11964810397,96198.95135760003,96356.37466559996,97775.10594116487,97385.55421196144
1,2012-05-02,97891.8336,97469.90487,98272.25875972249,98619.0541466977,98259.21091077782,97787.59283,93271.51505857144,98747.56187657762,96421.7531361334,96585.93720299998,98444.40455522577,97828.40394601897
1,2012-05-03,99032.39566,97891.8336,98705.56623454893,99016.48409127211,98698.32532657366,97127.29621,93271.51505857144,98741.21642002788,96931.4534855334,97012.66243899999,99421.74657925009,98456.56138535187
1,2012-05-04,99771.16528,99032.39566,99811.20133079936,100076.80038856115,99793.68130344606,98665.62535,93271.51505857144,98734.48316038046,99258.6812164667,99177.13391560002,100668.50438517815,100001.328663402
1,2012-05-05,100388.3051,99771.16528,100402.73730917036,100624.54039811746,100377.41096953677,99566.29829,93309.43597571428,98724.37272957516,100063.65879639995,99896.97583800003,100479.54618078019,100389.24845843254
1,2012-05-06,100697.6772,100388.3051,100948.85172429796,101217.59836155121,100913.52300502753,101901.4895,93377.28166428572,98715.60930453178,101085.50604759985,101002.45988300002,101230.08300262432,101177.72913725847
1,2012-05-07,100706.7059,100697.6772,101253.33527959084,101559.09537188787,101251.94475594154,101901.4895,93337.22623285712,98712.26487713272,101380.73057273313,101317.19393200002,101560.2884448834,101500.03812983481
1,2012-05-08,101472.8165,100706.7059,101365.91529094681,101713.70177493627,101365.19127317466,101901.4895,93337.22623285714,98712.24206771697,101448.76250473314,101409.79244000003,101406.67066121215,101523.04498029384
1,2012-05-09,102327.2395,101472.8165,102265.15121862844,102586.180577882,102237.18781358778,100734.9815,93280.05590571428,98713.18273355288,101793.59629013318,101824.55630800003,101699.22519896191,102026.3340223257
1,2012-05-10,103160.8008,102327.2395,103111.3640364114,103391.38097576248,103071.55338100163,103155.6164,93892.91291857143,98721.26691642428,103078.96481226658,103089.41782199997,102708.24078429579,103059.52885744162
1,2012-05-11,103652.391,103160.8008,103814.83233164565,104080.54020129915,103791.64960718618,103266.2108,93876.37179571428,98735.71768847636,103455.81270253324,103447.27879000001,103242.08688854988,103592.81326412743
1,2012-05-12,104232.2962,103652.391,104240.11204235021,104495.90592969613,104200.31599657306,103593.2031,94499.49876285715,98760.04484926892,103816.31799453328,103914.640064,103481.32705179068,103931.18365867337
1,2012-05-13,104236.4815,104232.2962,104786.17862662363,105078.92003005417,104760.99096678119,106466.5668,95815.21439285716,98791.32831352395,104482.27324586667,104612.68389200002,104452.96632078683,104671.38653223589
1,2012-05-14,104241.8489,104236.4815,104815.48491072978,105141.56419838971,104812.82516523387,106466.5668,96376.0340242857,98806.56455819577,104511.41775853335,104632.67128800003,104484.01351946108,104712.33182546137
1,2012-05-15,104655.6845,104241.8489,105007.59383620543,105354.80667516864,105006.44893215371,106466.5668,96376.03402428572,98808.08899300038,104542.83370186666,104804.713924,104567.8669077272,104821.8357615875
1,2012-05-16,105076.9805,104655.6845,105530.39956852134,105833.17004943301,105489.27983857907,106466.5668,97375.69474857142,98836.37050213385,104875.46023119998,105099.23023000002,105016.08011669475,105241.57013244258
1,2012-05-17,105910.761,105076.9805,105920.3024469957,106231.55245994976,105896.95646416959,106466.5668,107209.58158142856,98882.10533028211,105282.2463252001,105566.13768400002,105337.04875839557,105616.9491811818
1,2012-05-18,106127.0794,105910.761,106691.16846320285,106981.43203741635,106667.8146005738,106466.5668,95591.23355,98918.79329374137,105779.50459386679,105866.61305000006,105918.60631307826,106226.51431478713
1,2012-05-19,106198.0588,106127.0794,106795.78723160297,107136.30878060994,106718.6871088577,106466.5668,99065.67399571429,99013.62183750111,105960.53569253339,106054.18775600003,105829.48933506371,106308.77793606902
1,2012-05-20,106201.9456,106198.0588,106835.80648964737,107254.40553973132,106796.26645593322,106466.5668,99427.00278571427,99129.42440410257,106196.58861186677,106312.921026,105852.71885053761,106434.57100071189
1,2012-05-21,106203.3505,106201.9456,107349.52762914852,107640.61905561113,107346.55624920943,106466.5668,99572.04421285714,99173.7902089893,106343.14507386678,106396.76683000001,105880.38403146405,106621.38272031398
1,2012-05-22,106208.1,106203.3505,107058.47946665548,107535.46397516203,107058.1112771648,106466.5668,99572.04421285714,99176.68720696605,106406.8218758668,106558.40350600002,105941.48527629054,106627.92370910644
1,2012-05-23,106715.2052,106208.1,107117.52681236091,107592.59407251848,107116.34128189555,106466.5668,99572.04421285714,99176.88183545723,106439.02059320013,106578.46972800001,106003.1916431466,106678.26876962173
1,2012-05-24,106988.9151,106715.2052,107650.3210590303,108079.5445494385,107599.12354083432,107122.2246,100239.52565571429,99232.5325125567,107474.10836133349,107442.57507599998,106867.51308369212,107473.72199815471
1,2012-05-25,107410.6429,106988.9151,107803.11396480742,108210.7031741854,107726.08151163209,107122.2246,100882.7761,99370.24131863922,107593.88140800013,107502.98866999996,107265.86213558288,107690.14890592282
1,2012-05-26,107747.0155,107410.6429,108164.27875740553,108609.94910641624,108123.69519695442,107122.2246,101476.0773142857,99490.22296021057,107826.17912800013,107672.803806,107283.92073815677,107906.6829908577
1,2012-05-27,107748.7789,107747.0155,108452.06614268129,108906.75948804601,108407.89633132856,107122.2246,101593.68857142856,99573.23388302802,107777.44074800011,107651.55635200001,107283.92073815677,107989.37365806762
1,2012-05-28,107744.345,107748.7789,108465.13535808494,108923.08201912342,108459.7253793856,107122.2246,101689.1396,99618.54847020672,107731.95941200007,107643.969818,107307.21545240724,107987.41896117693
1,2012-05-29,107925.0808,107744.345,108537.77191515078,109006.13312515033,108535.59823039995,107122.2246,101689.1396,99623.20390956741,107724.19747533342,107664.413616,107374.82497803525,108035.05185950633
1,2012-05-30,108134.7655,107925.0808,108790.99351099187,109205.85012579724,108749.8165521374,107122.2246,101689.1396,99660.39022152429,107708.77398533345,107660.17606600001,107399.47526274806,108104.69979129291
1,2012-05-31,108226.0339,108134.7655,108957.68065994202,109358.26030922223,108882.8783465898,108690.833,102029.85821428572,99757.58090704643,108231.0290840001,108173.41710799998,108289.69640481513,108626.32859934581
1,2012-06-01,108768.9876,108226.0339,109026.78394100146,109384.54105668442,108965.93587696286,108690.833,102862.57014285715,99859.24863438949,108493.38870600007,108475.67802199996,108339.40763488518,108739.11246585655
1,2012-06-02,109429.0217,108768.9876,109556.94369547484,109909.00910755311,109427.1200226688,109738.45182,103556.96855714286,99983.41488278883,109375.30137933345,109307.41462000001,109394.20060678496,109559.50369789051
1,2012-06-03,109428.1121,109429.0217,110154.89943228017,110486.27205322283,110084.5370365419,109873.1541,103556.96855714286,100103.8918364168,109689.80359266681,109668.98866400005,109580.8923187684,109918.98932155268
1,2012-06-04,109432.6708,109428.1121,110113.04429584295,110462.19642732634,110104.05651881281,109873.1541,103556.96855714286,100148.19131758057,109635.47395933348,109596.63809000002,109549.13815630098,109882.26951432026
1,2012-06-05,109938.664,109432.6708,110192.88531469814,110537.71178773504,110190.26383343636,109873.1541,103556.96855714286,100151.95250127628,109702.06804733339,109667.02655,109610.23940112746,109950.0064120653
1,2012-06-06,110587.1302,109938.664,110768.15614506238,111090.44178810854,110554.39427089298,110105.2523,110717.22748571428,100250.55961699427,110079.60626666667,110032.02037999999,110160.02277619108,110443.35694365542
1,2012-06-07,111179.6912,110587.1302,111382.75314609805,111692.25480762852,111341.57117912368,111085.4309,111420.50834285715,100402.45314005708,110854.2964966667,110862.60317600002,110764.3046383026,111103.61864753261
1,2012-06-08,111582.3232,111179.6912,111908.1789836704,112206.16078653422,111879.84152895091,111391.986,111420.50834285715,100433.73032953498,111647.6349986665,111715.17904199997,111431.38538004614,111761.72705508229
1,2012-06-09,112061.6593,111582.3232,112216.77276826439,112533.70206946608,112181.70598133936,111391.986,111420.50834285715,100460.30674610952,111893.91409333321,111941.52777199994,111710.30459261402,112045.97358513776
1,2012-06-10,112064.1066,112061.6593,112635.24100578568,112962.04211239118,112576.58288193679,113185.6726,111641.76670000001,100496.96297220449,112556.75992266662,112564.40593399998,112474.43633158243,112664.41278888007
1,2012-06-11,112068.7449,112064.1066,112665.81438717776,113042.37861450399,112661.82788970011,112796.5703,113496.59598571427,100521.6506880171,112525.97432466663,112603.24386999996,112462.12067737477,112676.82453884846
1,2012-06-12,112499.9127,112068.7449,112813.92818050599,113183.74829446521,112812.38904867077,113185.6726,113496.59598571427,100522.54639617365,112580.33181066663,112662.82057600001,112523.22192220125,112762.43400911102
1,2012-06-13,112907.5413,112499.9127,113334.29009446318,113638.23384750675,113286.8599170415,113185.6726,112029.88688571428,100536.32185524759,112679.64852999993,112672.78661200003,112554.12313185493,112957.33516978721
1,2012-06-14,113484.724,112907.5413,113707.20788859518,113966.4420167834,113659.87606893208,113185.6726,119960.82268571427,100561.70735771534,113028.97499266654,113086.593826,112925.76538407747,113307.06079784247
1,2012-06-15,113718.8785,113484.724,114222.62704604317,114486.42443384645,114178.98663018123,113650.1422,119504.2018,100579.30494344789,114067.36863200004,114198.865854,114143.49611041344,114232.42972541998
1,2012-06-16,113899.6147,113718.8785,114375.49894267294,114737.69040984982,114295.64143208372,113650.1422,120933.7872857143,100587.72796388867,114279.085532,114311.88181400001,114107.95094073188,114374.90896086057
1,2012-06-17,113904.3556,113899.6147,114541.43555409632,114951.16870867227,114492.06719986348,113650.1422,118375.25970000001,100586.66771128993,114440.09565999988,114530.75313200003,114157.27743324717,114516.18060063978
1,2012-06-18,113908.4938,113904.3556,114618.40096028129,115057.47199384937,114617.19977318715,114154.2601,117915.04182857143,100582.3643025363,114452.57227066648,114540.45190800003,114180.50694872107,114563.51707107898
1,2012-06-19,114441.4827,113908.4938,114745.8610491268,115205.72173088085,114744.25201267448,114154.2601,117915.04182857143,100582.17102325617,114575.37937799982,114680.10153600002,114241.60819354755,114674.23643414273
1,2012-06-20,114997.3811,114441.4827,115338.62796568948,115771.59997941577,115303.58703395638,114506.6595,117778.34734285713,100575.54749333646,114900.31315733335,115023.94008800003,114628.60519073789,115100.17277582899
1,2012-06-21,116137.8875,114997.3811,115844.24540693992,116254.25110085317,115714.70341483882,115677.724,112757.12207142859,100522.80959308986,115389.94546800012,115524.40865199998,115496.68041686638,115713.62566190655
1,2012-06-22,116576.3313,116137.8875,116884.13913518735,117277.95977982844,116852.98709043578,115677.724,115454.2553857143,100472.17918330409,115922.90275266662,115944.76938200004,116336.68320743847,116512.5152466445
1,2012-06-23,117036.7954,116576.3313,117134.0463409706,117551.75577757912,117118.82892618171,115985.779,115518.51242857144,100453.0296864506,116117.96975266666,116099.72656000004,116766.77186799597,116812.16579941392
1,2012-06-24,117110.1549,117036.7954,117546.76381289394,118008.50856571995,117465.13095589656,116559.3266,112463.70612857143,100402.88705104633,116669.82960133336,116669.20595400008,116695.60234757455,117124.64683820929
1,2012-06-25,117111.2977,117110.1549,117655.53533964771,118160.19289027508,117641.21586194343,116562.4753,112750.20254285715,100356.7277656578,116805.36082666669,116846.37472600007,116577.39980093564,117180.98450595913
1,2012-06-26,117517.5525,117111.2977,117790.34149541803,118303.70185043008,117789.34263032164,116562.4753,113419.37934285714,100349.30342977669,116836.10369933333,116870.04475000006,116694.55749872033,117278.12101616124
1,2012-06-27,118639.0751,117517.5525,118302.30051539448,118762.34858718474,118196.76922891403,117783.9105,114610.61695714283,100286.64068317972,117300.72760533328,117422.07267000005,116654.43402751388,117572.5034066773
1,2012-06-28,119467.2051,118639.0751,119454.01913607036,119827.20279329436,119327.62406343114,118500.3762,115393.61014285714,100160.783928145,118174.17966600008,118075.77506399999,118184.73438546708,118728.70561492052
1,2012-06-29,120366.5511,119467.2051,120144.65857292402,120480.7097444216,119811.3665469183,119426.4071,115393.61014285714,99941.06536253153,119250.71538933339,119237.62677599996,118829.22762286974,119520.21758554158
1,2012-06-30,121513.3857,120366.5511,120973.51221156344,121311.0042979533,120879.03661657244,120368.7002,115393.61014285714,99844.9031103097,120157.73441066682,120091.67718399997,119741.1252307232,120403.28797978112
1,2012-07-01,121627.5111,121513.3857,122410.07170031546,122565.59803334512,122404.39657675242,120368.7002,115393.61014285714,99829.84637346852,120676.22367800017,120688.87268199999,120085.63713141905,121109.15294758811
1,2012-07-02,121628.2132,121627.5111,122017.36921111327,122379.74079583323,121954.45013332438,120368.7002,115393.61014285714,99820.73460944757,120355.69573266682,120350.40360999996,119941.05214341101,120892.16289063702
1,2012-07-03,121628.6322,121628.2132,122147.58969755322,122551.87941563118,122145.00017754243,120368.7002,115393.61014285714,99813.36229331473,120345.33630866681,120360.23161399995,120031.7034979264,120976.30640740813
1,2012-07-04,122095.0492,121628.6322,122293.42379537341,122686.43534141358,122132.58212996571,120368.7002,115393.61014285714,99797.56145072347,120388.83150066681,120408.04961999996,120490.87009530407,121188.7123124615
1,2012-07-05,122920.7985,122095.0492,122823.32442204835,123236.16932645476,122686.32733096513,120368.7002,115393.61014285714,99782.24211174219,120760.90461333349,120786.582698,120156.75422008612,121384.60938662481
1,2012-07-06,123686.1348,122920.7985,123672.27360120899,124033.8665870539,123500.41087091577,120368.7002,115393.61014285714,99775.78225426191,120759.42110666685,120771.65577,120127.38535479023,121640.22434950365
1,2012-07-07,124025.8567,123686.1348,124359.84487144991,124705.33749463981,124263.07709448322,120368.7002,115393.61014285714,99773.82700298622,120760.30528400019,120749.617086,120127.38535479023,121864.34271114341
1,2012-07-08,124029.9217,124025.8567,124551.87654803574,124926.07690051977,124465.92909951948,120368.7002,115393.61014285714,99773.2863470973,120666.49960733349,120586.483218,120127.38535479023,121906.65395421449
1,2012-07-09,124030.3217,124029.9217,124560.40190842564,125011.14197204968,124556.99696627221,120368.7002,115393.61014285714,99773.14447846587,120474.15408866684,120469.28475399995,120146.46624641841,121877.25410237831
1,2012-07-10,124305.1548,124030.3217,124650.13267928788,125133.79388943432,124648.04627546223,120368.7002,115393.61014285714,99773.14134046617,120471.9672313335,120474.98954599994,120207.56749124489,121937.77620400424
1,2012-07-11,124445.8137,124305.1548,125011.42582180595,125512.51849573766,124956.91189330915,120368.7002,115393.61014285714,99773.07630238842,120485.77239666683,120472.18757999995,120173.59177329112,122057.29422189854
1,2012-07-12,124482.7257,124445.8137,125148.64856735723,125649.06464323628,125098.4945655876,120368.7002,115393.61014285714,99772.99113167281,120537.69622533351,120568.88522999996,120261.62966220696,122149.46351025892
1,2012-07-13,124404.5071,124482.7257,125137.8914262295,125650.45317465684,125137.0009916232,120368.7002,115393.61014285714,99772.96375629547,120507.81920866689,120545.69036199996,120471.2397897876,122209.8373910371
1,2012-07-14,124168.7877,124404.5071,124989.43111477738,125580.39739210511,124977.97915060045,120368.7002,115393.61014285714,99772.95897026747,120468.23010400022,120506.43815399999,120471.2397897876,122173.28909529764
1,2012-07-15,124161.9207,124168.7877,124768.15444405605,125378.31205884709,124711.98532085479,120368.7002,115393.61014285714,99772.9311621411,120475.65193866682,120516.93453799997,120442.91562283573,122098.95987344989
1,2012-07-16,124156.2079,124161.9207,124847.66387197521,125439.22975323419,124846.38593584453,120368.7002,115393.61014285714,99772.9143976577,120488.66087600015,120518.30346199997,120492.80381555438,122140.23148159625
1,2012-07-17,124268.3268,124156.2079,124903.93895583018,125421.46494901241,124902.35290582723,120368.7002,115393.61014285714,99772.91470861465,120466.99058266683,120496.05217599997,120538.07995952842,122142.17849706922
1,2012-07-18,124112.2326,124268.3268,124980.14272852578,125450.3161620567,124942.31823992298,120368.7002,115393.61014285714,99772.90626271478,120489.7947680001,120510.84490199998,120535.65553291638,122158.58882099105
1,2012-07-19,123950.1574,124112.2326,124723.92512858624,125223.71007727378,124734.09468870566,120368.7002,115393.61014285714,99772.90168719497,120478.73037200014,120531.37829399998,120525.45501117727,122075.96515348373
1,2012-07-20,123812.3409,123950.1574,124492.3784440973,125020.64633083675,124501.8402379714,120368.7002,115393.61014285714,99772.90718473955,120414.99888333348,120465.53354999996,120574.69089029763,122003.44536815595
1,2012-07-21,123563.8689,123812.3409,124304.87006447415,124871.53671920548,124330.13315322416,120368.7002,115393.61014285714,99772.91730777545,120405.62371933348,120461.44150799999,120512.53460717831,121929.89834857243
1,2012-07-22,123489.9045,123563.8689,124050.24700601603,124590.30212177522,124112.16737850528,120368.7002,115393.61014285714,99772.95026874049,120451.17917866679,120510.48002599998,120589.21097340636,121876.89742461611
1,2012-07-23,123487.4608,123489.9045,124007.19286932623,124498.22975119535,124016.9896371896,120368.7002,115393.61014285714,99772.9930949083,120453.35682666679,120510.66282599999,120609.58405390433,121853.72354392217
1,2012-07-24,122985.6385,123487.4608,124026.11645783094,124446.2460549091,124024.05692557203,120368.7002,115393.61014285714,99773.00250912634,120475.02397200011,120555.63937999998,120628.50291869442,121849.92431520122
1,2012-07-25,122272.7326,122985.6385,123483.03401413064,123842.07755994986,123552.08857908958,120368.7002,115393.61014285714,99773.06624528178,120468.10590933343,120533.880352,120591.18532847565,121633.78959925298
1,2012-07-26,121586.9298,122272.7326,122753.98870778957,123102.5693883574,122828.5195357349,120368.7002,115395.30457142857,99773.29634845069,120509.74113933345,120565.82439999998,120528.0441944611,121380.11824071732
1,2012-07-27,120860.1657,121586.9298,122080.06349514483,122451.78420778926,122166.77129358918,119636.0044,115395.30457142857,99773.83033209296,120496.72518933346,120515.85962199997,120570.19955718754,121172.90298477009
1,2012-07-28,120227.5016,120860.1657,121383.84669277436,121752.06705621844,121473.76964606106,119636.0044,115395.30457142857,99775.06032728881,120463.59875733341,120422.71401399998,120687.37872632999,120967.68151329395
1,2012-07-29,120221.9788,120227.5016,120785.93819180068,121173.43268109878,120925.7679412506,119636.0044,115396.44072857143,99778.57116947374,120122.22038133343,120049.20160999999,120007.22660863199,120434.29322368807
1,2012-07-30,120221.291,120221.9788,120728.51388744483,121119.82178581845,120726.72055886239,120396.4776,115393.61014285714,99782.86242259185,120157.15352266675,120060.979218,119946.3683162683,120407.78120825118
1,2012-07-31,119383.7058,120221.291,120697.964376574,121037.05981082935,120694.54829217585,120396.4776,115393.61014285714,99782.92573050351,120140.56880133343,120064.69038200002,119922.70068118614,120366.77643111632
1,2012-08-01,118540.422,119383.7058,119787.5027283871,120142.84751632219,119783.26445143003,119213.2579,115395.30457142857,99782.93584702235,119279.34748933325,119302.29707999997,118920.6751730359,119447.62339289712
1,2012-08-02,117873.8199,118540.422,118934.04325633854,119338.32601710758,119025.95311827799,118500.3762,115395.30457142857,99786.83408130094,118440.8466866667,118286.68724200004,118183.35003754302,118654.17424710577
1,2012-08-03,117449.5685,117873.8199,118216.6839843582,118657.25161653796,118320.47931108045,118626.5642,115395.30457142857,99799.84363299307,118391.11834199994,118328.64622800006,117900.38651542667,118316.2521579882
1,2012-08-04,117085.9542,117449.5685,117728.479551951,118192.81372029478,117820.16543420826,115995.1033,115393.61014285714,99821.54168301966,117033.98105333326,117071.936922,116444.30453120767,117223.69976827857
1,2012-08-05,116983.7842,117085.9542,117308.73240563908,117803.15501756688,117369.81101301705,115995.1033,115393.61014285714,99846.6827585719,116429.15675666665,116263.53145399998,116458.8246143164,116897.04546284997
1,2012-08-06,116979.795,116983.7842,117192.13067194074,117677.13312314737,117204.42736783404,115995.1033,115393.61014285714,99861.85399185735,116400.06845466669,116254.53667,116492.48726768281,116856.56294849895
1,2012-08-07,116975.0566,116979.795,117182.5767264124,117597.06172771205,117184.30420802937,115995.1033,115393.61014285714,99865.01853889368,116404.48779533332,116264.67850200002,116446.15577335638,116815.90176546725
1,2012-08-08,116272.373,116975.0566,117155.30600950464,117503.36713771743,117232.94213459041,115995.1033,115393.61014285714,99883.4985415333,116501.62898266663,116306.38830200002,116452.72344379271,116819.2398547256
1,2012-08-09,115647.4083,116272.373,116342.79741416458,116700.09461939883,116413.81144161242,115995.1033,115395.30457142857,99926.38873263892,115992.11769866668,115930.378704,116172.85447135399,116288.35559647316
1,2012-08-10,115329.8751,115647.4083,115725.64602063246,116105.01205284132,115778.03480427312,115995.1033,115395.30457142857,99969.85547637833,115770.44135133334,115799.05431600004,115430.65556669251,115768.70299028906
1,2012-08-11,114841.342,115329.8751,115436.24098450356,115789.91596954888,115527.93791908074,115995.1033,115393.61014285714,100027.4679715492,115379.47580466665,115293.68843000004,115021.72143948368,115397.03773789974
1,2012-08-12,114824.5737,114841.342,114951.04756662047,115322.28094474443,114974.06377186088,114098.3645,115393.61014285714,100082.80547206847,114297.35442333335,114370.16051600003,114535.71925669561,114718.45154159113
1,2012-08-13,114823.7922,114824.5737,115021.69028336562,115376.07790359145,115023.50598883796,114098.3645,115393.61014285714,100095.65385311145,114332.39396133334,114382.07863800004,114546.71805081776,114751.72997191416
1,2012-08-14,114593.9145,114823.7922,115051.356138471,115322.38354862263,115050.81459185597,114098.3645,115393.61014285714,100097.10919534262,114322.10167666666,114375.95839000001,114422.92430201343,114689.1365091009
1,2012-08-15,114479.9537,114593.9145,114772.05782977313,114994.51664098939,114808.26035376619,114098.3645,115393.61014285714,100115.66628075673,114289.47875266669,114379.51375200003,114247.65664025086,114510.55067796899
1,2012-08-16,114181.0712,114479.9537,114626.46611402839,114843.80231601736,114685.30637240046,114363.6638,115393.61014285714,100165.54322501781,114215.73798000003,114244.67235200005,113985.04650610471,114348.19560070737
1,2012-08-17,113990.5007,114181.0712,114294.21125591901,114514.58568218947,114327.96245692496,113394.0021,115393.61014285714,100217.77245436916,113715.63208866674,113685.16718800002,113608.01196239387,113946.07657775003
1,2012-08-18,113796.2915,113990.5007,114099.97190713702,114325.1243297587,114141.96552526986,113394.0021,115393.61014285714,100260.55918323241,113716.3557320001,113670.12219000002,113854.00455498307,113965.16153891396
1,2012-08-19,113793.955,113796.2915,113924.19049334971,114174.9289822753,113971.79582868883,113394.0021,114610.61695714283,100311.08953366731,113703.93398533344,113689.10455000002,113916.12558740492,113931.66285167122
1,2012-08-20,113797.8915,113793.955,113965.3123813256,114222.72397311975,113966.57391713283,114363.6638,113844.94321428573,100339.94435882519,113789.31741866673,113669.71131600002,113962.07956412852,113991.37365197168
1,2012-08-21,113742.1424,113797.8915,114001.44536303112,114274.06024397441,114001.12970942713,114363.6638,113419.37934285714,100340.9341926334,113960.4234066667,113803.66846800003,113978.58698772131,114071.0235461208
1,2012-08-22,113375.5522,113742.1424,113949.66139893109,114209.48606415215,113992.72155545799,114363.6638,112463.70612857144,100363.38987629893,113937.70446266669,113813.94673600001,113986.55188008986,114044.58080230291
1,2012-08-23,113235.8786,113375.5522,113524.17379622962,113783.15186049682,113577.24252626943,114363.6638,115834.96902857143,100413.275348059,113689.63633666669,113618.370568,113923.86782311012,113798.8853400912
1,2012-08-24,113065.3194,113235.8786,113383.20175108667,113644.68152344601,113451.81548851152,113032.6154,115454.2553857143,100470.21651116735,113086.29130466665,113059.68943399997,113146.29032650904,113292.42105154057
1,2012-08-25,113247.0522,113065.3194,113204.46881280345,113445.7533549742,113197.02201045884,113032.6154,114273.56028571431,100499.46442010849,113015.27362799997,112989.75064999994,113039.32053333046,113166.78250543487
1,2012-08-26,113226.2844,113247.0522,113393.89040312829,113623.64958213535,113444.1270742182,113257.4724,112936.47824285715,100514.57048963434,113147.68395600004,113167.77124199997,113325.47706695291,113365.60353502944
1,2012-08-27,113225.6187,113226.2844,113365.76933874542,113577.00273896086,113366.11002818792,113257.4724,112757.12207142859,100534.33661993619,113157.66610733332,113126.74258799996,113338.92228075664,113357.86370901694
1,2012-08-28,113116.9217,113225.6187,113400.12464787324,113618.16978049661,113400.39721205656,113358.2514,112757.12207142859,100534.58942856842,113345.79591333329,113516.56331199998,113322.02341875744,113428.66303752911
1,2012-08-29,112879.6303,113116.9217,113279.91922396817,113529.0871839027,113307.20110337142,113032.6154,112757.12207142859,100542.7959353684,113205.85610733325,113283.05695799991,113135.90630355205,113290.28319826267
1,2012-08-30,112647.0273,112879.6303,113019.08086205245,113276.13162052774,113045.91930047842,112178.0182,116385.49545714284,100558.13863871888,112767.93291199997,112908.35822799992,112772.62139601794,112938.89530951522
1,2012-08-31,112387.1811,112647.0273,112731.89092848325,112957.78610803463,112960.37469251476,112178.0182,119173.82652857143,100554.13288128885,112650.52359333336,112682.24339599999,112720.51195640108,112776.27388592302
1,2012-09-01,112159.9696,112387.1811,112428.10092253107,112610.34905073816,112506.65137441193,111819.5255,117614.62455714284,100541.09432282684,112497.77220600001,112530.67181799999,112437.91578576548,112515.34568083455
1,2012-09-02,112085.4516,112159.9696,112182.30261874908,112366.31864874598,112192.55215099812,111819.5255,113496.59598571427,100515.60953486708,112367.21912733326,112436.54324799997,112280.96440851549,112338.16739486491
1,2012-09-03,112082.4689,112085.4516,112572.10015844765,112601.24994359104,112572.76746178657,111819.5255,111641.76670000001,100511.75567962538,112388.13705999998,112424.28790199997,112296.16765908604,112428.51822089235
1,2012-09-04,112083.2866,112082.4689,112183.85521983523,112361.04705177183,112184.07726570734,111819.5255,111641.76670000001,100511.64269721002,112346.17135933334,112441.635484,112306.78832216351,112338.0022444229
1,2012-09-05,111866.7595,112083.2866,112168.41063998353,112330.37415784664,112169.88043611633,111819.5255,111641.76670000001,100511.27974867458,112317.8734873333,112447.198894,112313.7448024252,112320.66414920171
1,2012-09-06,111460.0165,111866.7595,111852.46492020892,112011.88840157416,112071.93927429753,111819.5255,111420.50834285715,100385.52368352422,111944.2555426667,111953.32055599996,111840.63240260053,111932.25878228048
1,2012-09-07,111021.2923,111460.0165,111360.03100194922,111497.77715766469,111430.88315992372,111310.8657,110717.22748571428,100256.81751547873,111369.30010733336,111361.19583800001,111432.44509395234,111433.17411965014
1,2012-09-08,109921.3297,111021.2923,110902.12637170867,111077.67182403001,110928.21877991107,110401.5673,103982.64545714286,100205.1890967292,110597.08838333329,110578.544546,110502.77381913317,110725.84467549883
1,2012-09-09,109885.493,109921.3297,109789.34646095295,110053.14775203433,109839.38920538213,109062.3736,103982.64545714286,100162.16922465667,109632.06807533346,109697.192892,109888.11639111844,109857.77740616207
1,2012-09-10,109885.0302,109885.493,109909.82616664606,110176.16942992556,109912.42730608537,109062.3736,103556.96855714286,100133.78435434366,109554.60913333352,109633.82281000001,109855.35595842401,109862.04484056104
1,2012-09-11,109277.4152,109885.0302,109937.75491694539,110156.32224929876,109938.41634850767,109062.3736,103556.96855714286,100132.91373959335,109563.1517946668,109653.704646,109784.8994087513,109834.79115090561
1,2012-09-12,108637.8744,109277.4152,109265.23178877782,109497.03481409917,109261.89494680754,109062.3736,103556.96855714286,100135.33405001537,109107.77572200003,109082.04361999998,109165.72323581265,109256.8445906373
1,2012-09-13,108258.6342,108637.8744,108593.66312227267,108874.2054648277,108619.49327982134,108109.7704,103556.96855714286,100122.9817044645,108548.85459133335,108463.54742199999,108882.08386835939,108768.38130817348
1,2012-09-14,107685.3463,108258.6342,108203.24777035679,108500.48482884103,108250.67243130863,108191.3281,103556.96855714286,100080.5524056882,107988.54309466667,107868.17133599997,108369.06167885517,108286.0298674543
1,2012-09-15,107456.3605,107685.3463,107585.91021955224,107892.06733630739,107635.44704153194,106962.5826,103556.96855714286,100022.82137945051,107356.33757199996,107190.24528999999,107016.80514158608,107421.73668329783
1,2012-09-16,107447.9146,107456.3605,107436.1885149061,107761.58532979242,107449.43090155692,106962.5826,103556.96855714286,99984.58484725333,107289.61190666663,107194.81027200002,107112.402437445,107387.86655796802
1,2012-09-17,107447.1441,107447.9146,107444.03507543412,107731.5231330685,107444.47729943127,106962.5826,103556.96855714286,99976.57130009585,107267.50598799995,107183.07288800001,107136.78031121484,107378.60314409442
1,2012-09-18,106979.4091,107447.1441,107423.17368107307,107677.61550773411,107423.3373185986,106962.5826,103556.96855714286,99976.89477722599,107209.09342000006,107217.59564199999,107021.48451615685,107302.73114796367
1,2012-09-19,106931.1542,106979.4091,106910.72859287783,107181.322750697,106923.56868466655,106962.5826,103175.23227142858,99968.99887377673,107079.73044533345,107079.48217,107011.1240220391,107090.72573935652
1,2012-09-20,105888.9744,106931.1542,106852.30381825694,107101.11825882159,106953.52286737152,106962.5826,102862.57014285715,99890.49198820586,107133.4216173334,107100.25408399999,106726.87529451562,106987.13839022354
1,2012-09-21,105380.2051,105888.9744,105689.82593173321,105943.86054223891,105745.03623220554,104717.296,102029.85821428572,99771.98604294304,105357.03529466671,105249.01417200005,105410.18563538179,105570.36049076247
1,2012-09-22,105110.5057,105380.2051,105278.43972585426,105506.15318016185,105308.18062286977,103796.2359,101886.71828571429,99699.42651534725,104753.57752666669,104786.66123800004,104676.62290481407,104978.7845372142
1,2012-09-23,105106.4163,105110.5057,105050.3387101727,105259.3723112293,105092.34208820362,104717.296,101689.1396,99633.40234089672,104814.96485799998,104728.30408000003,104757.32240353941,104943.88652425625
1,2012-09-24,105106.7241,105106.4163,105055.88637083888,105243.56965185834,105055.96056082573,104717.296,101593.68857142856,99592.34806680695,104926.24405266663,104832.62198000004,104783.92292612047,104984.57887688182
1,2012-09-25,104296.1329,105106.7241,105060.63647935103,105175.26394549097,105060.32768206207,104717.296,101593.68857142856,99592.39341359209,104945.7324633334,104810.65739000002,104654.74359417235,104925.24666766559
1,2012-09-26,103288.1536,104296.1329,104201.08569046266,104333.82031632906,104209.85434369194,104717.296,101593.68857142856,99583.56100640177,104394.21443200002,104399.454324,104059.99759858225,104262.67744897044
1,2012-09-27,102446.0819,103288.1536,103147.17296674702,103360.69324568767,103199.11891437505,103790.0201,101476.0773142857,99522.81763250381,103471.047114,103357.78501400001,103912.02016612173,103581.25350860313
1,2012-09-28,101762.8341,102446.0819,102384.81437107452,102662.1167280031,102412.6063011485,102434.0358,101065.291,99438.86835291596,102973.97879933343,102904.11865799996,103083.69796522222,102906.59783085292
1,2012-09-29,100365.691,101762.8341,101761.19495215509,102077.73300180816,101780.47184650981,102434.0358,100882.7761,99387.80814227588,103100.7000433334,102492.284528,102374.97750890018,102517.80351801391
1,2012-09-30,100365.5097,100365.691,100373.23276695126,100791.86040686756,100376.05926763857,108637.2762,100882.7761,99363.093539745,101865.02731713327,101118.17617960002,101317.0047611223,101324.63082837437
1,2012-10-01,100364.2185,100365.5097,100536.76895492326,100970.42005249913,100567.51554502935,108637.2762,100730.14458714284,99326.44324905344,101863.83930879996,101124.1329554,100879.48184945573,101237.91373691829
1,2012-10-02,99933.80994,100364.2185,100509.71305957937,100869.42516739274,100509.40977798238,108637.2762,100461.28397571426,99292.49116304705,101878.76102373327,101135.89269479999,101073.64988656374,101273.94535922993
1,2012-10-03,99206.62834,99933.80994,100016.90873830128,100418.49575333092,100058.08072473007,108637.2762,100239.52565571429,99248.088914497,101391.63828153323,100700.7774492,99929.00605542521,100579.71336342978
1,2012-10-04,98321.81571,99206.62834,99262.11247696535,99685.57467463931,99308.01469148115,108637.2762,99572.04421285714,99153.06267964434,100963.91468606671,99994.56227020003,99685.10708520348,100111.53214863648
1,2012-10-05,97926.32843,98321.81571,98373.3744804659,98864.13186107318,98428.84154695581,98076.81342,99170.45078,99047.0868248684,98549.08318093324,98417.08293879998,98540.37130079839,98651.19544760161
1,2012-10-06,97624.02236,97926.32843,98028.17001058499,98558.9551857812,98045.12524246705,98032.34025333333,98916.82388857144,98974.06538579594,98028.43374453342,98188.13153519995,98115.12244191852,98234.17045741105
1,2012-10-07,97615.64244,97624.02236,97817.8593883168,98385.8090176226,97858.89133037307,97620.080425,95591.23355,98922.34210362508,97528.50954399999,97558.94943060001,97889.34243394421,97934.55366518894
1,2012-10-08,97611.30725,97615.64244,98257.4529837225,98613.32313575331,98258.74917407139,97624.42472,99402.80859857143,98884.7937138155,98027.04016319996,98411.43254340002,97906.6720892537,98182.34512940231
1,2012-10-09,97611.64358,97611.30725,97835.82316377785,98269.95244037975,97835.0228240093,97624.42472,100078.61456857143,98883.43117503547,97550.50258633336,97558.23942700004,97823.82775112917,97881.42759261408
1,2012-10-10,97313.83013,97611.64358,97818.14708580644,98197.78225617214,97817.04872017601,97624.42472,99939.31224,98883.74107890917,97547.82133586667,97570.59211560004,97765.16141486952,97836.92166896944
1,2012-10-11,97067.83691,97313.83013,97476.32186087575,97824.60438031908,97490.68971148618,97279.89053,97853.40998714286,98871.7296227173,97253.43704800005,97257.8953794,97421.64279672127,97499.89474168012
1,2012-10-12,96884.70816,97067.83691,97252.58440241002,97584.19025174923,97273.657054628,97034.64402,97432.21536714285,98843.11316661138,97033.3857174,97012.49852899999,97156.6633049416,97258.07975803029
1,2012-10-13,96702.45309,96884.70816,97093.04897168784,97336.59166134255,97108.60594416733,96728.89922333334,96541.81649857142,98815.3239906221,96775.32910906654,96792.20790820003,96803.00322683311,96971.64133241407
1,2012-10-14,96703.86939,96702.45309,96922.87657958349,97171.19184720084,96934.7175787582,96586.16567,95815.21439285713,98795.65013483603,96546.84207993331,96530.698008,96576.68942744676,96764.9077848603
1,2012-10-15,96702.49565,96703.86939,96967.60905811326,97211.58274658538,96964.83438648949,96586.16567,95530.95735714285,98787.86047616079,96553.18030593332,96539.398366,96594.01908275625,96786.26071175832
1,2012-10-16,96450.04824,96702.49565,97005.07828536295,97222.28469865004,97003.24444249707,96586.16567,95530.95735714285,98788.28372993419,96550.49291180001,96532.73621819999,96566.1132680112,96779.63029282041
1,2012-10-17,96267.35597,96450.04824,96730.75387828506,96935.23241950788,96750.8881082194,96320.85609,94784.72602142856,98776.76560501655,96396.8265933333,96406.56202539997,96325.42062412755,96552.49321232292
1,2012-10-18,96008.17421,96267.35597,96544.85494504024,96728.66630473721,96574.32129458556,96320.85609,94380.69665714286,98752.31959744851,96292.95699939995,96200.3039184,96256.90864813462,96426.17731742392
1,2012-10-19,94962.85659,96008.17421,96268.75799027244,96481.55625101813,96279.76189239629,95891.83172,93876.37179571428,98735.48534717513,96081.73983160002,96073.05470020002,95828.82157411316,96130.70588557709
1,2012-10-20,94595.94147,94962.85659,95182.58070242418,95459.8714726471,95220.30832404576,95089.67355,93778.69882285714,98723.1943442939,94966.22077039997,94929.66298379996,94833.88002880596,95086.65742395101
1,2012-10-21,94597.66818,94595.94147,94931.32222724587,95285.08732504734,94949.5555458092,93957.22518,93384.84299571428,98713.76774072438,94119.9872536,94094.5228176,94174.65110981498,94526.57522948744
1,2012-10-22,94598.21053,94597.66818,95013.2819214091,95379.47658188039,95011.73260093806,93957.80365,93372.24126571428,98712.37099369765,94140.5430514,94112.6181566,94239.0603275434,94586.35998694127
1,2012-10-23,94429.26902,94598.21053,95045.96560809287,95431.35590445455,95045.25233841146,93957.80365,93372.24126571428,98712.3910289322,94130.44756813334,94103.65195519998,94207.49778637176,94589.7670863199
1,2012-10-24,94226.39034,94429.26902,94866.53105538961,95291.42709667704,94878.90830914618,93957.22518,93398.37851714286,98712.29273770502,94128.6393184667,94104.13372859999,94154.98906801162,94525.01849438512
1,2012-10-25,94220.92986,94226.39034,94618.32136573507,95072.9501571744,94622.57808870435,93957.22518,93398.92783857141,98712.37172408117,94206.71595506668,94123.20653,94164.4811381628,94481.3824168013
1,2012-10-26,94003.69777,94220.92986,94589.6541692138,95043.84501118558,94603.10801600131,93957.80365,93442.08918285715,98713.49001989221,94143.88541260002,94154.91550199999,94197.32781471958,94461.68607950171
1,2012-10-27,93815.5644,94003.69777,94397.1392913052,94881.7745483172,94407.57059647993,93360.21583,93359.80760285715,98715.88980319368,93697.70626933333,93691.96233600001,93848.57196851558,94142.68426205537
1,2012-10-28,93780.02821,93815.5644,94241.06481764629,94757.64537932622,94243.25183864248,93360.21583,93359.80760285714,98717.74568878654,93572.51997293333,93549.3946734,93664.59820372469,93998.25451866142
1,2012-10-29,93778.59076,93780.02821,94255.30273943687,94739.0585552035,94253.88867891073,93360.21583,93351.64870714287,98718.14751998243,93573.67861073335,93553.32088339998,93670.64265517952,93994.45994037211
1,2012-10-30,93762.59136,93778.59076,94295.60833898872,94763.66860911396,94294.63606967592,93360.21583,93351.64870714287,98718.10800559822,93575.54932140005,93561.0716924,93692.89439916496,94010.70410989299
1,2012-10-31,93627.81039,93762.59136,94278.49489257242,94753.54050845219,94288.32706466274,93360.21583,93362.17770999999,98720.06720307816,93575.9910270667,93563.7312084,93668.89215261259,93999.4745627105
1,2012-11-01,93140.14765,93627.81039,94101.7379892412,94574.68788031746,94121.4141273718,93431.24493,93271.51505857144,98727.1332602811,93531.29171959995,93516.61404940001,93592.14031839473,93899.37330610405
1,2012-11-02,93075.81106,93140.14765,93567.75320064544,93987.0726652962,93590.74295993408,93186.32278,93271.51505857144,98740.51191761027,93203.13863493336,93192.10045020004,93281.05983980188,93490.42371334381
1,2012-11-03,92937.56542,93075.81106,93544.0786472073,93936.34729655921,93551.69893242753,93186.32278,93271.51505857144,98752.4754480827,93206.77768300004,93203.51476500004,93298.41956959346,93480.51484971757
1,2012-11-04,92935.49914,92937.56542,93405.32931527612,93794.43964115683,93408.43019187308,93186.32278,93271.51505857144,98758.23771850417,93191.10318846673,93184.99320760004,93287.22997740426,93424.2576023426
1,2012-11-05,92935.81075,92935.49914,93446.77400092053,93822.08948601849,93445.21923731065,93186.32278,93271.51505857144,98760.37091872757,93195.9870140667,93192.41579380004,93315.52735847534,93444.53461952019
1,2012-11-06,92948.66424,92935.81075,93480.68576911853,93835.00403956196,93477.56268997537,93186.32278,93271.51505857144,98759.82316068288,93196.89459233335,93192.34682720002,93315.52735847534,93449.14199679023
1,2012-11-07,92857.15632,92948.66424,93469.2374644804,93810.60697496003,93496.80833431527,93186.32278,93271.51505857144,98773.402603537,93195.49224386668,93188.05567000003,93315.52735847534,93440.54219243402
1,2012-11-08,92650.92788,92857.15632,93314.28419579151,93671.8823701416,93318.66349998387,93186.32278,93271.51505857144,98790.64734859261,93204.6858067334,93193.90456500003,93285.52060472425,93387.36292719975
1,2012-11-09,92559.03101,92650.92788,93099.65223933753,93473.32965279819,93098.936358678,93186.32278,93271.51505857144,98794.19353190169,93204.22135566677,93192.10969840002,93274.43643448733,93317.32914765076
1,2012-11-10,92442.9957,92559.03101,93004.321947585,93377.64787106216,93007.54433798767,93186.32278,93271.51505857144,98797.23237912844,93191.70030686675,93182.11100280001,93242.21100912776,93270.5197290189
1,2012-11-11,92442.4741,92442.9957,92896.28950714157,93283.40676642617,92891.55348909169,93186.32278,93271.51505857144,98797.95287045887,93190.28132006674,93182.01769980002,93265.93092792555,93246.53967147281
1,2012-11-12,92442.53887,92442.4741,92944.19420947194,93332.86123742344,92942.43144641451,93186.32278,93271.51505857144,98795.79020037109,93194.23982606671,93189.44028600004,93294.22830899664,93273.7764574956
1,2012-11-13,92422.94706,92442.53887,92987.48340778488,93378.50683180506,92981.54134598673,93186.32278,93271.51505857144,98792.89196599534,93195.1112000667,93189.37131940002,93294.22830899664,93289.2821136228
1,2012-11-14,92217.44294,92422.94706,92956.01343068342,93351.10046023558,92978.41007954245,93186.32278,93271.51505857144,98803.89847326088,93190.6407670667,93178.12521760004,93265.5755222409,93269.10558318107
1,2012-11-15,92199.63509,92217.44294,92703.80053903269,93088.41411755067,92710.17183391088,93026.89141,93271.51505857144,98822.05829752304,93121.24506653339,93089.79257920003,93256.24062594029,93155.29993667477
1,2012-11-16,92177.66785,92199.63509,92680.22293672676,93079.71270525779,92706.28582307021,93026.89141,93271.51505857144,98845.01082492966,93126.02954180009,93097.09932080003,93268.5209688165,93158.08773862479
1,2012-11-17,91967.82163,92177.66785,92635.68007729379,93026.7367481058,92644.46116609631,93026.89141,93271.51505857144,98870.01107080531,93127.14962306674,93097.31609580002,93243.7255102564,93132.53729380966
1,2012-11-18,91966.54868,91967.82163,92416.61138597004,92797.55081941176,92416.15675626155,93026.89141,93271.51505857144,98877.53563623835,93114.29016106676,93086.37589880005,93213.65958714625,93041.83352254158
1,2012-11-19,91966.74842,91966.54868,92472.11010591735,92847.21577820095,92470.70200200868,93026.89141,93271.51505857144,98878.05524447151,93116.90272086674,93093.00463800004,93243.25935551165,93069.12595152644
1,2012-11-20,91862.07056,91966.74842,92511.53533612775,92880.81945849779,92510.40094569132,93026.89141,93271.51505857144,98878.05096154942,93117.93275266672,93086.35427400004,93234.05951982258,93077.60391032904
1,2012-11-21,91851.75428,91862.07056,92392.83887934127,92766.19479384748,92399.10943927385,93026.89141,93271.51505857144,98883.65449151541,93114.86856240005,93081.80573240003,93191.24205564277,93024.10180396342
1,2012-11-22,92420.58746,91851.75428,92364.72169459998,92733.83762454393,92368.57152003147,93026.89141,93271.51505857144,98892.95402745357,93120.75805160006,93093.026628,93234.05951982258,93029.55173198886
1,2012-11-23,92344.15729,92420.58746,92851.58268243227,93178.13603504718,92884.76071429848,93026.89141,93271.51505857144,98923.82363800114,93147.0619808001,93111.29460740004,93261.78003603434,93195.65935062722
1,2012-11-24,92195.08579,92344.15729,92655.86905724088,92967.39416022405,92646.840621318,93026.89141,93271.51505857144,98943.23715510989,93147.14857566678,93113.39819120003,93238.88935153712,93117.81069580931
1,2012-11-25,92195.26232,92195.08579,92518.80437084423,92858.21285883509,92549.69795411063,93026.89141,93271.51505857144,98962.84763921272,93144.06391786676,93111.79583360003,93236.04970485426,93079.44216051871
1,2012-11-26,92196.16093,92195.26232,92568.66939855716,92908.73896795005,92568.20845303558,93026.89141,93271.51505857144,98988.60304786767,93145.37328186676,93113.63719640001,93264.34708592536,93106.15311191406
1,2012-11-27,92147.19158,92196.16093,92624.6783110379,92957.6385637789,92623.88486137199,93026.89141,93271.51505857144,98988.29845006787,93143.79101253343,93108.3495178,93271.81102557293,93124.41353396175
1,2012-11-28,92097.45783,92147.19158,92608.95786552045,92925.85041425587,92616.48933424568,93026.89141,93271.51505857144,98994.96440046857,93142.70028586675,93104.54208760001,93240.25213602501,93102.93427871587
1,2012-11-29,92058.96088,92097.45783,92553.85332379807,92860.80458618124,92569.30739488547,93026.89141,93271.51505857144,99016.00869368346,93130.42694306673,93099.58075480002,93226.99210096277,93072.74121007025
1,2012-11-30,91762.94405,92058.96088,92443.59546375378,92735.08218778094,92419.44536411302,93026.89141,93271.51505857144,99009.78559146429,93130.07488966678,93103.94454440002,93219.5281613152,93028.22841292097
1,2012-12-01,91652.05629,91762.94405,92132.78094977442,92423.40982855012,92157.7525094307,93026.89141,93271.51505857144,99011.94738375013,93178.37593093343,93132.57117420003,93351.69951890816,92984.49509279725
1,2012-12-02,91652.5185,91652.05629,92051.94879073107,92366.0822921524,92061.16086384658,93026.89141,93271.51505857144,99042.99669806373,93171.81879240011,93137.55744880001,93400.03804612985,92979.31304356079
1,2012-12-03,91652.87025,91652.5185,92101.35424371251,92408.34544345022,92100.3127049314,93026.89141,93271.51505857144,99051.62744243066,93175.55630106677,93141.4062246,93422.33064387937,93002.07746279878
1,2012-12-04,91399.54119,91652.87025,92147.05395506314,92438.58132675684,92146.07135623618,93026.89141,93271.51505857144,99051.37045618164,93175.5896962001,93133.519279,93397.7120354555,93003.96101947082
1,2012-12-05,91129.72312,91399.54119,91869.15681272717,92175.7721462211,91914.41779237983,93026.89141,93271.51505857144,99093.5682106775,93172.29348513344,93121.25245300002,93360.89935459723,92902.9883286506
1,2012-12-06,91157.16253,91129.72312,91544.54156801273,91923.43391824885,91576.93817651233,93026.89141,93271.51505857144,99163.3142852521,93170.64891473344,93118.94697,93400.03804612985,92831.37362637073
1,2012-12-07,91118.72783,91157.16253,91556.78398731064,91931.33634940229,91557.45698249376,93026.89141,93271.51505857144,99192.6509934807,93176.77822873344,93142.04484800002,93397.7120354555,92835.27553786374
1,2012-12-08,91158.15753,91118.72783,91508.02449846164,91868.23584656414,91514.25583288868,93026.89141,93271.51505857144,99199.43911508191,93174.5059692001,93137.08001960002,93378.25908438883,92807.00030005102
1,2012-12-09,91159.49473,91158.15753,91543.25539914446,91900.02064504132,91547.30289090678,93026.89141,93271.51505857144,99209.3100947796,93175.6965976001,93141.6177614,93422.33064387937,92832.68262884027
1,2012-12-10,91163.08024,91159.49473,91561.33059267356,91907.89375950719,91560.60708466532,93026.89141,93271.51505857144,99213.04830004103,93176.45972453343,93141.49029340001,93413.1308081903,92832.49476407697
1,2012-12-11,91159.70777,91163.08024,91597.40668387312,91934.30301844096,91596.77171366349,93026.89141,93271.51505857144,99212.69983430325,93196.98116493344,93152.92140260001,93399.43857564729,92843.57425300723
1,2012-12-12,91115.79126,91159.70777,91602.9483564086,91943.84516694213,91607.60297251801,93026.89141,93271.51505857144,99217.0828238004,93209.31154640013,93152.1829568,93421.0810056371,92858.07923965978
1,2012-12-13,91082.44888,91115.79126,91537.97686944454,91887.39555978839,91537.58433936635,93026.89141,93271.51505857144,99221.71081070224,93202.72792220008,93147.22197999999,93426.24666299431,92838.79004832759
1,2012-12-14,90905.48097,91082.44888,91485.97952111663,91790.6505060249,91518.22112732852,93026.89141,93271.51505857144,99251.34978701347,93205.7818275334,93154.11201620002,93401.62805457044,92799.35346270958
1,2012-12-15,90627.25097,90905.48097,91278.24731586741,91577.35417582747,91280.55249928405,93026.89141,93271.51505857144,99282.23580514487,93195.7727878001,93156.78666440003,93362.62589478903,92711.91761947221
1,2012-12-16,90625.87116,90627.25097,90996.3732576225,91318.41601984779,91005.9533522585,93026.89141,93271.51505857144,99294.23893401823,93174.02993286676,93128.76473600003,93380.8396795142,92624.42854407623
1,2012-12-17,90627.92897,90625.87116,91083.77319742441,91390.91557124695,91081.78952097284,93026.89141,93271.51505857144,99302.82661453482,93175.59636873342,93141.79890640001,93412.33211295279,92659.61468431105
1,2012-12-18,90532.83023,90627.92897,91136.46554630288,91407.01922844435,91134.7880299467,93026.89141,93271.51505857144,99302.60744740414,93175.97371513341,93134.02568020001,93387.71350452892,92656.90214936889
1,2012-12-19,90101.85254,90532.83023,91030.51752753723,91277.84865886348,91051.31335668599,93026.89141,93271.51505857144,99321.57599677736,93171.46234826675,93126.86273140002,93350.90082367067,92600.07061026698
2,2012-12-20,89592.8644,90101.85254,90121.44355586896,90223.79018561619,90120.04523032188,90101.85254,92052.95961857142,98165.4119675224,90288.59641853326,90271.81784019999,90390.19054225735,90300.85904880227
2,2012-12-21,89635.92021,89592.8644,89548.05650644535,89660.57587105955,89546.53026831956,90101.85254,92694.12188714286,98501.68773749218,90290.05975059995,90273.1622314,90363.37896977864,90104.67153047939
2,2012-12-22,89563.66034,89635.92021,89675.44011911834,89835.57614730063,89675.91585187841,90101.85254,91643.45618428571,97574.42057416093,90299.67466053324,90287.77967599999,90383.561592607,90172.93746681362
2,2012-12-23,89580.26324,89563.66034,89614.37757490686,89798.50354601476,89615.6818114128,90101.85254,91622.96583857143,97507.40665807595,90299.00169906659,90286.09723999999,90416.58873629688,90171.36466045941
2,2012-12-24,89580.2941,89580.26324,89684.25256303365,89843.26780297517,89684.51612006532,90101.85254,91477.22567285714,97433.51621539264,90311.95692039991,90300.9842266,90422.82439958297,90192.68304098601
2,2012-12-25,89290.03315,89580.2941,89976.52632316026,90082.86630970429,89976.24616365481,90101.85254,91249.37613000002,97581.67857894563,90306.30130886658,90297.164454,90383.561592607,90257.57640372595
2,2012-12-26,89289.6606,89290.03315,89590.66906019553,89720.05638785701,89589.87509154427,90101.85254,91393.03920857143,97870.37052930954,90297.52623446658,90283.7540644,90267.7688454918,90095.11715593847
2,2012-12-27,89288.70312,89289.6606,89354.52875639379,89595.91567079973,89354.51436572887,90101.85254,91232.40499857141,97290.36310016554,90349.8774376666,90341.8038086,90415.25724080902,90120.35011642512
2,2012-12-28,89250.62489,89288.70312,89446.045800216,89693.90297118523,89446.04130854247,90101.85254,91117.07802714287,97182.08884700989,90353.7512380666,90377.02989840001,90408.06904414269,90151.90775113151
2,2012-12-29,89200.74098,89250.62489,89374.35593756255,89603.60533988052,89374.38449941015,90101.85254,91183.01761142856,97298.28395574867,90350.62980533327,90373.16002420001,90401.8333808566,90118.68950869013
2,2012-12-30,89201.30812,89200.74098,89361.12359085045,89564.10551436993,89360.08028481637,90101.85254,91205.74085999999,97232.56695790496,90353.72283013327,90365.96147719999,90441.09618783256,90119.64151077857
2,2012-12-31,89200.72547,89201.30812,89329.73183927136,89562.67284754271,89329.91855634855,90101.85254,91165.88337714285,97183.622394885,90363.13900039994,90374.581031,90447.33185111865,90124.38123302044
2,2013-01-01,89166.07331,89200.72547,89652.92530720944,89823.27656055272,89652.43034327214,90101.85254,91067.05567571428,97452.71517250456,90356.9908064666,90371.0237686,90408.06904414269,90196.11213705399
2,2013-01-02,89166.36452,89166.07331,89366.31217788886,89585.20540542503,89366.05133332271,90101.85254,91142.96809142856,97234.3593777243,90351.8971959999,90366.36995960001,90416.025491796,90117.70936440698
2,2013-01-03,89239.48236,89166.36452,89369.199981493,89540.357985943,89368.5140958852,90101.85254,91340.34267857143,97252.56426421563,90364.0868278666,90380.0824694,90457.53027719069,90120.65836366675
2,2013-01-04,89816.72754,89239.48236,89440.17478089056,89600.07345262551,89439.26321986983,90101.85254,91673.98115571428,97231.10526210589,90382.67726406659,90401.69657039997,90474.93734990704,90152.56268886638
2,2013-01-05,90003.15642,89816.72754,90084.20127385,90246.97715493379,90084.83571518767,90101.85254,92969.14965428572,98947.67982297888,90380.14600559995,90416.38085799997,90527.173592588,90384.7655843739
2,2013-01-06,90001.14525,90003.15642,90213.78374534883,90359.07924824407,90214.0597820845,90101.85254,92351.22425285714,97716.01896807934,90397.34735626663,90371.12592259998,90567.84142152646,90441.42267534572
2,2013-01-07,90025.20393,90001.14525,90150.5241288141,90324.66292648762,90151.67250543069,90101.85254,92509.14004142857,97469.67953033163,90403.15333113329,90378.50563059998,90576.7460853777,90434.85411433288
2,2013-01-08,90238.59581,90025.20393,90210.2943653127,90371.10570105925,90211.31022204575,90101.85254,92355.73027714285,97585.07936896409,90395.15611953326,90375.47432919998,90562.80707001421,90443.02296353558
2,2013-01-09,90255.18456,90238.59581,90487.7425516296,90659.14011622273,90489.25882819823,90101.85254,92284.20952428572,97905.36877438732,90395.78827393327,90394.57425539999,90609.60710285629,90554.84516433743
2,2013-01-10,90137.15301,90255.18456,90511.24619841066,90669.31315804379,90512.20083379094,90101.85254,92509.14004142857,97533.89465149358,90402.34083219994,90388.28271779997,90627.51841856136,90566.39080293504
2,2013-01-11,90135.84259,90137.15301,90431.66784105965,90556.1933621565,90431.1494553572,90101.85254,91920.11520571429,97328.52425132316,90440.77207959993,90439.94006839998,90798.20394112763,90598.38979429468
2,2013-01-12,90238.95481,90135.84259,90317.94835299099,90441.5618905191,90318.30402124734,90101.85254,92112.37431999999,97296.2464309483,90456.98962699996,90473.82603579998,90663.80608287244,90520.78586679716
2,2013-01-13,90238.89144,90238.95481,90424.71774463783,90538.80493024383,90425.01788791342,90841.506381,91873.41863,97334.21739560564,90516.85372699997,90526.18847399998,90805.74796238847,90620.46887321076
2,2013-01-14,90239.30691,90238.89144,90432.99924077585,90545.08454487022,90433.4455893882,90841.506381,92073.76946857142,97181.91841832352,90616.34563746663,90606.30531239997,90842.04745567299,90667.82587933661
2,2013-01-15,90243.68778,90239.30691,90474.23926433921,90585.43649316537,90474.55040773237,90841.506381,91823.59261714286,97269.689817011,90626.11944226662,90625.34424399998,90858.95696969649,90690.17096837616
2,2013-01-16,90255.44118,90243.68778,90438.29928668002,90554.2467280987,90438.70242264662,90841.506381,91813.98763857143,97228.23611061073,90620.30495426664,90646.76592779999,90827.82947891731,90667.46038709422
2,2013-01-17,90454.13257,90255.44118,90448.55846394283,90566.56073548624,90448.42634020199,90841.506381,92009.45811,97256.90225506306,90629.28171073332,90643.73126999999,90821.29200473089,90672.37815031683
2,2013-01-18,90824.07658,90454.13257,90656.11203036204,90843.20105969603,90657.08457674178,90841.506381,92351.39595,97518.51933614099,90640.26224406666,90648.6504962,90886.84576592362,90790.10302322877
2,2013-01-19,90822.4838,90824.07658,91113.68103101873,91277.83852180904,91112.7342366628,90841.506381,92894.05977857143,98242.10188277201,90676.826274,90677.25776579998,90999.75282922445,90984.80587501118
2,2013-01-20,90821.79167,90822.4838,90983.0572525145,91159.80284674035,90983.03977427841,90841.506381,92403.73232714285,97393.36930808834,90700.39213260001,90664.17457619996,91013.46479490768,90957.88659141601
2,2013-01-21,90821.03481,90821.79167,90971.67703870253,91173.2914790112,90972.36305897779,90841.506381,92433.48729714286,97374.06589451768,90695.12370400003,90654.89841879997,91013.46479490768,90960.62665930629
2,2013-01-22,91081.99787,90821.03481,91002.04980416244,91217.74728902442,91002.77540312962,90101.85254,92259.81717285713,97450.05258133852,90596.49581819997,90584.82610719999,91056.42426106661,90956.88912276366
2,2013-01-23,91071.51982,91081.99787,91335.03328493382,91559.9860842808,91336.09318499356,91256.38626,92439.39423571427,97930.10546738768,91120.72979446656,91106.09976680003,91312.57317555994,91331.09635143576
2,2013-01-24,91168.01302,91071.51982,91306.21361921422,91496.75546746455,91306.36155446069,91256.38626,92398.12992,97439.3911151212,91144.26867593324,91109.1216294,91310.05732897158,91317.02715745645
2,2013-01-25,91284.37453,91168.01302,91389.24261154905,91566.42593062145,91389.43936959286,91256.38626,92480.49484428573,97421.33368346418,91177.62058386666,91148.27749400002,91396.62377931167,91380.2234312666
2,2013-01-26,91266.08415,91284.37453,91443.07309048707,91595.14846234454,91442.73865077247,91321.53822,92466.50702571428,97552.03378138371,91394.58994100006,91348.44410079998,91519.79597088753,91503.17812474404
2,2013-01-27,91266.38434,91266.08415,91376.93625995048,91543.87809319235,91377.27064344849,91321.53822,92406.6262057143,97367.55600225346,91393.61620206673,91342.38207359999,91463.78930226943,91467.0945325095
2,2013-01-28,91268.01435,91266.38434,91431.083072639,91579.1292582246,91430.69925834348,91321.53822,92073.77709142856,97314.4051186576,91399.1040289334,91352.49115179999,91463.78930226943,91480.67419647581
2,2013-01-29,91210.03812,91268.01435,91484.09300474732,91616.51173063599,91483.41638377156,91321.53822,91994.42119428572,97376.13681867934,91357.19733080005,91333.66889100001,91515.79640625179,91496.50182256261
2,2013-01-30,91126.15091,91210.03812,91357.48529561596,91481.68668527842,91357.02720406008,91321.53822,91906.86924,97298.73725969046,91342.79195180004,91311.7616296,91509.5607429657,91444.67979334806
2,2013-01-31,91101.13557,91126.15091,91230.3648457014,91386.23549541552,91230.68102359836,91227.33521,91934.15057142859,97312.42569127253,91127.96988913337,91112.00235380001,91218.6833090511,91244.29623119999
2,2013-02-01,90925.8804,91101.13557,91196.6271182919,91355.06475194915,91196.45967654925,91227.33521,92005.60753285715,97200.3559931889,91007.77631366672,91017.4444436,90936.44775703293,91099.76294088294
2,2013-02-02,90820.84887,90925.8804,90958.32143791119,91102.6365909423,90957.8122545844,90841.506381,91489.70088857142,97442.57702142677,90717.11195060004,90739.9396466,90652.48145509197,90824.07666554477
2,2013-02-03,90820.98882,90820.84887,90882.5416611978,91034.35802347164,90882.2538130604,90841.506381,91530.78254285714,97285.4138589423,90631.71571240007,90660.2350722,90632.38493853564,90766.15289146912
2,2013-02-04,90820.66053,90820.98882,90929.06325032016,91074.55875918614,90928.67954881725,90841.506381,91629.92708571428,97205.98267689801,90635.66117986671,90658.42419959999,90639.45029715201,90783.22341206828
2,2013-02-05,90584.80122,90820.66053,90937.16502243107,91094.7107005744,90936.72337477333,90841.506381,91448.7233957143,97286.19975021921,90616.3192774,90646.45077719999,90615.7316162163,90775.58719806357
2,2013-02-06,90277.86378,90584.80122,90635.30970872502,90808.13220324313,90635.07889981318,90841.506381,91591.28902999999,97515.46494493743,90599.27647053334,90603.46816620002,90575.92561757557,90661.11143045069
2,2013-02-07,89797.28018,90277.86378,90301.31703152176,90492.89211188076,90300.9527509338,90841.506381,91580.76384285714,97752.50859653894,90529.47515826666,90532.52532439999,90488.21977848276,90503.52901621006
2,2013-02-08,89667.96699,89797.28018,89809.45140207822,89968.49364964859,89806.9950866193,90841.506381,92961.28085000001,98380.43272588075,90549.28833000002,90553.02034120001,90518.67045996123,90345.48414653662
2,2013-02-09,89601.78435,89667.96699,89699.69467518541,89904.98267837864,89699.10722194571,90841.506381,92362.70342714284,97619.11431464911,90553.21125673332,90547.3426362,90519.3381575194,90325.84403087712
2,2013-02-10,89595.8385,89601.78435,89667.88769154035,89860.81502144135,89667.12904585627,90841.506381,92400.05913714286,97556.49370372844,90567.53284926667,90560.66658599999,90556.3361004392,90328.22799038241
2,2013-02-11,89594.05116,89595.8385,89659.13015283231,89849.14407016657,89658.63969011401,90841.506381,92778.36621142855,97466.99411216777,90574.53754733333,90563.05091379998,90562.5717637253,90328.75112707507
2,2013-02-12,89407.72584,89594.05116,89627.88126766474,89814.43190941103,89627.2492317076,90841.506381,91970.74338428571,97428.59499590169,90557.33228959997,90534.43954179999,90534.58217033361,90302.11545644821
2,2013-02-13,89152.44127,89407.72584,89383.94247094922,89587.45157325751,89383.20040249065,90101.85254,91530.38536571428,97462.72728929536,90481.62109213327,90472.72584339998,90475.96038920643,90181.67768486573
2,2013-02-14,88774.11563,89152.44127,89101.40360822847,89326.17742248997,89100.39641560012,90101.85254,91638.56626714286,97604.44606482453,90518.86928246665,90512.22409319998,90493.77713880474,90112.94128125378
2,2013-02-15,88576.08922,88774.11563,88742.94603004024,88973.81649180061,88742.06167831358,90101.85254,92552.88327714287,97947.07431752025,90475.57599966665,90459.73924259999,90425.24743840912,89958.2133099588
2,2013-02-16,88583.59573,88576.08922,88590.5777579276,88804.75495310208,88589.75022761745,90101.85254,91625.55048285714,97646.17033589183,90465.50705326663,90428.24768199999,90398.64190980575,89889.63463872483
2,2013-02-17,88583.27665,88583.59573,88610.74810991592,88842.7140505133,88611.54896332504,90101.85254,91577.50736285714,97462.3234421425,90470.21539713332,90434.3256232,90457.4196420519,89923.44969656617
2,2013-02-18,88581.4833,88583.27665,88960.06885153848,89093.21908593534,88959.34460398536,90101.85254,91580.41584999999,97565.33186777109,90473.1413921333,90434.97803779999,90457.4196420519,90007.92670670686
2,2013-02-19,88579.50251,88581.4833,88621.56019764276,88803.26181368026,88621.26521885532,90101.85254,91365.19002285715,97407.2393909683,90463.88940559994,90426.79282819999,90418.15683507593,89895.10268478538
2,2013-02-20,88281.97772,88579.50251,88609.9418743778,88787.7584896372,88609.56855188806,90101.85254,91357.58259857143,97299.15163584551,90484.65147493327,90477.1551126,90418.15683507593,89896.85559988214
2,2013-02-21,88118.42162,88281.97772,88251.99510104487,88410.50261335044,88251.21902466139,90101.85254,91544.37371142858,97741.4536285998,90506.21946039998,90485.1773232,90424.78578472628,89780.50261949224
2,2013-02-22,88009.71581,88118.42162,88149.64054804428,88322.04338805955,88148.94622210323,90101.85254,91460.63554571429,97352.70296094834,90500.15433026661,90487.283195,90397.97421224757,89740.05731019126
2,2013-02-23,87578.70532,88009.71581,88067.62360605696,88247.37422016336,88067.51348012751,90101.85254,91434.5046242857,97421.59433971737,90466.15476359996,90428.2888382,90398.64190980575,89704.05696452303
2,2013-02-24,87524.49679,87578.70532,87566.7117919551,87736.21912175092,87566.3404226419,90101.85254,92222.12599857141,98275.30648185735,90469.09704179998,90434.50781359998,90450.35428343553,89551.89014899549
2,2013-02-25,87516.1749,87524.49679,87599.44193929956,87772.21898739891,87599.19298740874,90101.85254,91464.65174571428,97486.4849002575,90470.10609846663,90435.20138439997,90451.18397876581,89564.50302154379
2,2013-02-26,86351.58934,87516.1749,87616.21102626443,87770.84825694043,87615.87984377501,90101.85254,91717.54094857142,97557.09229273911,90463.88940559994,90426.79282819999,90418.15683507593,89550.96483253878
2,2013-02-27,85052.86076,86351.58934,86154.29231220343,86299.59915446518,86153.34740537014,90101.85254,97675.08109142857,100140.25341925437,90453.48294266663,90424.6086808,90310.71926481095,89021.2671206476
2,2013-02-28,82045.44012,85052.86076,84834.31496018072,84972.85143843459,84832.41635550438,90101.85254,99781.25774857143,100249.48991322612,90466.18136179996,90433.2282346,90395.14587148123,88611.39289057192
2,2013-03-01,97249.90691,82045.44012,81433.30081875646,81538.73546344141,81429.88678903074,90101.85254,106855.88488571429,100272.85571179257,90469.82963046664,90434.595729,90543.36894987001,87517.31134792602
2,2013-03-02,93655.12717,97249.90691,100365.7036427964,100509.94557228923,100377.30370245785,96127.47034,115049.00872857144,100271.3424462028,96996.47108106664,96931.1493888,96919.22083593652,98141.87916309747
2,2013-03-03,93647.78627,93655.12717,93300.37072315662,92991.54796598598,93297.7044417712,93686.59751749999,110993.64111428571,100271.34245212989,93539.03705579987,93534.83931760005,93185.79963729226,93238.79488635938
2,2013-03-04,93646.9643,93647.78627,93458.18347663918,93568.4117694707,93461.57320954127,93686.59751749999,116759.51932857142,100271.72362107657,93569.5610922666,93578.98709360004,93221.33161840543,93453.1014933809
2,2013-03-05,93188.04102,93646.9643,93330.95715925816,93561.80532384978,93336.09543591892,93737.92804999999,116759.51932857142,100271.55845310395,93636.57594633334,93653.17689880001,93222.37148256472,93473.58425091596
2,2013-03-06,93152.28205,93188.04102,93234.6261594845,93505.79384476335,93238.9291118191,92928.30459,115437.6150142857,100271.54052754692,93273.80187833331,93350.24202439998,92840.96971636855,93206.85514648841
2,2013-03-07,95505.66134,93152.28205,94137.8499866062,94332.39787457713,94139.74052569593,92928.30459,111550.63342857143,100273.2838336657,93238.87327166664,93263.17462559998,92818.03394782376,93463.10169802251
2,2013-03-08,95109.3684,95505.66134,99001.47051089654,98957.19778663301,98997.29977402069,96456.37829,111892.20601142859,100271.45064105594,95653.03956133335,95738.70855679997,95551.74760764196,96720.66165186944
2,2013-03-09,94848.83347,95109.3684,94469.92861902353,93701.36957178739,94464.75956494156,95381.18898,92517.63592571429,99099.69396366875,95177.21663853347,95148.4414174,94785.09401675715,94554.56007569267
2,2013-03-10,94843.60374,94848.83347,94851.6158226755,94347.08131799476,94847.4145425483,94695.83019,94945.72612285714,98988.08761518764,94773.70308813333,94741.39551900006,94435.3616852799,94518.71536380266
2,2013-03-11,94840.56772,94843.60374,94910.0859827835,94465.91999417232,94906.8764242038,95199.62993,93858.16109428571,98917.47083446024,94795.19841680002,94767.43646180004,94442.42704389627,94567.84848495621
2,2013-03-12,94613.59299,94840.56772,95000.05309915428,94490.90910997667,94996.90203155766,95199.62993,94428.6326742857,98943.01878438564,94792.53099426674,94777.80102040005,94511.18031683215,94598.20680702518
2,2013-03-13,95580.13241,94613.59299,94992.55544903496,94397.19433774082,94988.43670288935,94608.88811,93639.02584571429,98820.69575701519,94583.85170526663,94575.05152760002,94221.32726323366,94400.79110208037
2,2013-03-14,95670.83384,95580.13241,96427.23752787434,95565.34108214448,96422.62527490473,96456.37829,101038.15535571429,100172.24642759096,95647.47942720003,95758.59590300001,95582.15828513377,95598.3262648261
2,2013-03-15,96507.21383,95670.83384,95531.83514511588,95744.71680536977,95533.54276586242,94962.85659,93530.64624714285,98649.15867604295,95655.65480346674,95652.76141739998,95375.7257517187,95592.0324535184
2,2013-03-16,96484.42688,96507.21383,96578.33924154972,96565.80892549067,96580.58777817049,96801.63924,100923.30987285715,100167.68427385757,96713.16344780009,96706.14533320002,96335.77050434332,96538.24762587802
2,2013-03-17,96482.71406,96484.42688,96434.1625373999,96434.5362909476,96436.34395425091,96801.63924,99938.34931857142,99276.42918363628,96676.19945779999,96669.27907640002,96133.72014458416,96414.8186311106
2,2013-03-18,96480.66135,96482.71406,96451.91255700316,96477.82323671722,96454.59171378959,96801.63924,103150.58312142857,99324.00530307853,96677.30117419998,96659.25926580002,96129.41127665256,96428.17856252326
2,2013-03-19,97163.84998,96480.66135,96531.90727881885,96519.4223425814,96534.4042973823,96801.63924,99499.92259,99295.85854791847,96690.85884519998,96680.89776420002,96259.37694693379,96489.88604490506
2,2013-03-20,97130.21231,97163.84998,97510.88467665653,97465.14662141672,97513.86641631956,96127.47034,102812.71329,100098.26873607714,96985.48269753333,96881.92394179999,97168.69783792288,97206.44238562432
2,2013-03-21,97059.58527,97130.21231,97148.31847844791,97205.50444237542,97151.75299531358,96127.47034,102454.0449042857,99161.73006576933,97072.81286606663,97072.24835159998,97029.43749307482,97102.58493383894
2,2013-03-22,97038.24092,97059.58527,97106.352435606,97111.14786945678,97108.85026859574,97055.38056,97232.50265142857,99006.45751686722,96944.6534648,96949.1579482,96725.47547548417,96927.09226991364
2,2013-03-23,96767.22848,97038.24092,96928.88493492278,96871.4434857451,96931.04176952624,97055.38056,95342.25318714287,98951.97918093743,96983.39264299998,96987.0430996,96768.50459884862,96874.4469091979
2,2013-03-24,96768.32436,96767.22848,96643.93016563098,96569.10426666033,96645.14758094601,96849.24466,94744.42790571428,98964.93698576507,96836.34321919999,96862.42058079998,96670.60509823919,96692.01752803318
2,2013-03-25,96769.28332,96768.32436,96762.13150920878,96650.87895148643,96762.22149990094,96851.57677833334,93382.52753857142,98722.69732624937,96881.96112733327,96904.73974720002,96691.3151087915,96741.38506253708
2,2013-03-26,96898.31284,96769.28332,96860.51752878891,96666.30860623557,96859.23102701634,96851.57677833334,93384.64187714284,98669.91300939285,96907.73720306664,96920.79840700002,96764.64707842373,96779.56429590865
2,2013-03-27,96781.43801,96898.31284,96859.52802259896,96667.99485488191,96857.82616705135,96965.5756,93537.23780142856,98638.92228821604,96925.10143486668,96927.95618020002,96741.38622742369,96778.16083905743
2,2013-03-28,96760.34274,96781.43801,96675.2751943357,96433.08300185669,96670.77791581902,96849.24466,93775.22523999999,98450.3499271849,96856.6773611333,96867.2405902,96713.94336284466,96667.90124194488
2,2013-03-29,100255.8849,96760.34274,96954.42686634502,96637.3281036328,96946.38234671121,96694.06283,93670.83946428572,98339.46213206355,96820.07825446672,96836.3069226,96674.48036944587,96710.6289091818
2,2013-03-30,100254.4046,100255.8849,100853.36447533111,100456.94239497567,100839.79105199958,99678.3372,115049.00872857143,100272.13529412926,100317.92845673337,100314.96620379998,100128.9954638308,100301.28877184661
2,2013-03-31,100258.0402,100254.4046,100170.15410816454,100042.79390034957,100174.80533797789,100387.3929,103623.15182857144,99995.99126510239,100304.28681859997,100290.00981559999,99933.45502456739,100093.51191450564
2,2013-04-01,100257.5504,100258.0402,100120.13467300286,100043.1818356189,100121.98097641426,100387.3929,103623.15182857144,100145.34393005587,100368.98227273334,100350.2145414,99787.69191157995,100066.61867331073
2,2013-04-02,100214.2818,100257.5504,100139.09927776908,100128.95292940912,100141.59444654475,100391.339,102751.33932428571,100156.8307957197,100337.05921386667,100355.6651506,99854.93717675426,100106.98310667668
2,2013-04-03,100412.566,100214.2818,100169.51489593701,100130.81464048459,100171.67432319038,100292.8918,103315.4791242857,100018.4917999258,100401.0617740667,100435.4415744,99995.45184638399,100175.77608697843
2,2013-04-04,100352.882,100412.566,100651.06546670449,100538.84767669169,100651.4542627472,100391.339,100214.42388714284,99852.59199428283,100558.5992782667,100590.59644019994,100230.9676076886,100442.80485421566
2,2013-04-05,100352.4503,100352.882,100898.20326102938,100657.78289709525,100894.8899985602,100391.339,96114.25948714286,98792.74979503802,100490.69379533334,100434.0970946,100386.22276978461,100511.5664874044
2,2013-04-06,100504.1961,100352.4503,100224.40695733074,99877.16072583379,100224.82654253418,100391.339,95350.16827142856,98125.28299775251,100409.64469913329,100358.89496499998,100104.17206227957,100130.32582908221
2,2013-04-07,100506.8193,100504.1961,100415.42855557508,100080.68371426528,100415.74276712272,100422.459,94058.3691342857,98299.83570457502,100839.75509739995,100764.12329999996,100455.79048846957,100458.74310004494
2,2013-04-08,100509.8993,100506.8193,100419.7738043774,100083.10930287304,100419.76354903674,100422.459,94849.36480285715,98121.92443648008,100837.82832006662,100798.239116,100455.79048846957,100458.90937046974
2,2013-04-09,100695.3277,100509.8993,100454.01173555007,100125.79642434776,100453.94868423622,100422.459,96009.98328571429,98189.82137413726,100886.82395593326,100830.5412462,100561.60499265867,100524.74179097988
2,2013-04-10,100885.1496,100695.3277,100712.49189748618,100370.39249645169,100712.07913452818,100422.459,95241.24573285715,98415.61573923059,100844.13274939999,100849.46701199998,100564.43283118797,100592.98602567987
2,2013-04-11,101020.0238,100885.1496,100858.11892403524,100494.65361727888,100857.1341630811,100422.459,95936.74621857142,98465.23231946093,100915.63555866663,100930.25805400003,100593.82111452147,100668.036763489
2,2013-04-12,101394.2978,101020.0238,100912.60100556788,100845.29297308237,100914.36241678393,100963.0753,99647.88987142856,98421.63443500709,101040.90846733328,101061.57491400001,100642.40185186251,100842.8677640927
2,2013-04-13,101550.245,101394.2978,101342.0496862788,101268.93464897781,101343.66246787299,101318.8342,97235.35000285714,99118.83803505369,101278.52878933334,101290.43194799998,101176.24258580877,101241.2353413733
2,2013-04-14,101550.5672,101550.245,101432.2961932467,101375.08182551128,101435.11309728112,101318.8342,99865.70486285714,98725.10704261236,101474.65891200001,101457.88449199998,101392.79587836731,101414.17887195955
2,2013-04-15,101552.3243,101550.5672,101436.32282618743,101377.51420315605,101439.01546602392,101050.985,98462.24204,98550.0544707027,101439.96361799998,101403.402504,101401.70054221855,101406.39278779151
2,2013-04-16,101756.1704,101552.3243,101501.36790494432,101429.30323533731,101503.75185651628,101050.985,98879.88930285715,98546.07153077396,101480.67797666663,101389.25630400004,101470.92704453408,101460.30275217934
2,2013-04-17,102054.9531,101756.1704,101760.11082581509,101682.08348786889,101762.10721238477,101050.985,99672.61273142857,98750.72524212846,101697.83224933334,101598.13641400002,101462.02238068284,101613.97937262834
2,2013-04-18,102176.7361,102054.9531,102075.97151295823,101980.3681860108,102078.36308173716,102417.4644,102129.47254142856,98990.72440121586,102218.56843466675,102247.81387400001,102240.8309808393,102146.58920050562
2,2013-04-19,102712.2854,102176.7361,102169.05664644008,102046.93809988194,102170.97927447391,102417.4644,101067.16615714284,98607.40498728804,102029.02320266672,102010.58317800002,102176.21579113828,102084.05903122899
2,2013-04-20,102953.6109,102712.2854,102722.42385876646,102590.0191388766,102724.0698042393,102417.4644,97114.15387428572,99671.84947837949,102583.51330933328,102542.409788,102650.54195506523,102608.0248010917
2,2013-04-21,102951.6329,102953.6109,102891.79672080507,102737.14854787494,102893.01931446783,102417.4644,100091.97249714285,99165.59663264053,102715.74001666663,102667.25475,102544.60748551255,102665.83201668471
2,2013-04-22,102952.8126,102951.6329,102878.2140628074,102710.57538069003,102878.78376955618,102417.4644,99985.57909999999,98861.93183729018,102711.42553133334,102706.92118399998,102553.51214936379,102658.50435379571
2,2013-04-23,103054.2508,102952.8126,102946.00067526255,102771.65092690893,102946.03176443528,102417.4644,100328.46541285714,98812.51821602788,102764.0093693334,102741.92073199997,102622.73865167932,102719.46631597388
2,2013-04-24,103428.6488,103054.2508,103094.6786939236,102897.60943636186,103093.92374781922,102417.4644,101509.57808714286,98750.85583323281,102826.89767600005,102758.48677999999,102622.73865167932,102782.4152546804
2,2013-04-25,103266.6243,103428.6488,103516.08058704772,103282.70579552004,103514.44778487473,103769.1824,101408.63082714286,99264.17506073782,103393.16362199996,103367.86630199995,103590.90805339869,103422.25915697291
2,2013-04-26,103679.1199,103266.6243,103282.6141290462,103021.69767510402,103279.42286899334,102417.4644,100955.71657142858,98453.34930436547,103149.01154866666,103116.14027599999,102853.84453175505,103008.18458517524
2,2013-04-27,103995.6013,103679.1199,103714.95892867196,103418.73718514797,103711.17773653388,103593.2031,98095.7047942857,99238.49544120995,103576.53746666665,103629.71723399997,103586.13266458084,103527.1357721318
2,2013-04-28,103995.9474,103995.6013,103968.44571953965,103766.937729542,103969.7420555863,103593.2031,100924.27157714286,99156.79160879095,103714.46474199988,103755.17771,103835.59871754682,103772.33372969623
2,2013-04-29,103996.8953,103995.9474,103942.45930877955,103745.07606525249,103943.79269087846,103593.2031,100769.19266714285,98717.49919548121,103753.88317066658,103769.24372199998,103828.97414060381,103775.97779217428
2,2013-04-30,104266.346,103996.8953,103994.12109800056,103819.34528364113,103995.55895189945,103858.151,100276.18057,98751.09262733365,103713.48193066659,103780.822708,103893.40591429311,103808.7443762003
2,2013-05-01,104725.6893,104266.346,104347.31518613559,104191.06679822839,104348.64597963971,103858.151,102006.45077285713,99140.42828666099,103843.22152533327,103918.66842000005,104210.48741175854,104081.59191177339
2,2013-05-02,105346.0119,104725.6893,104791.35944058241,104625.38346313866,104792.48535750159,105910.761,103257.59305142857,99670.42477568539,104765.62943933324,104680.90905000005,105057.72827544204,104816.24705930463
2,2013-05-03,105791.0204,105346.0119,105504.72343128867,105369.14866473495,105505.90689369562,105910.761,103362.37310428571,100140.26091177439,105642.27801399988,105991.083452,105801.1098389753,105604.17883923672
2,2013-05-04,106091.7351,105791.0204,105851.43290241828,105705.53789318229,105852.50586669781,105076.9805,104079.61174428572,100057.49271089649,105785.45476466656,106116.71596600003,105859.91330376558,105783.63532053815
2,2013-05-05,106093.0563,106091.7351,106067.28372198896,105916.84201642667,106068.47349677133,107122.2246,102191.8882642857,100023.62523622153,106454.48968866667,106580.60276800003,106306.81427238577,106226.0486591597
2,2013-05-06,106094.0128,106093.0563,106056.97415775938,105914.5910343928,106058.4318732662,107122.2246,107520.34034285715,99744.68712032495,106472.50592733338,106569.20699000004,106300.18969544276,106229.09555238964
2,2013-05-07,106515.5168,106094.0128,106158.53656851329,106015.57653352803,106159.75539624711,107122.2246,107152.75806142857,99641.81551687086,106502.18312400003,106609.37431200003,106393.49186775474,106303.7505084276
2,2013-05-08,107054.2273,106515.5168,106722.57353559617,106574.22396739482,106723.2113477597,107122.2246,104597.25896857142,100086.05631941266,106697.44698133343,106799.06349599999,106928.85601567235,106733.50898813353
2,2013-05-09,107623.4404,107054.2273,107297.77012609446,107088.19949055584,107297.78847020192,108138.0033,108632.97117142857,100263.3914226048,107435.6379940001,107473.64942399997,107781.37654685302,107435.071343803
2,2013-05-10,107739.4556,107623.4404,107794.06193601192,107574.24309300116,107794.15918290426,108138.0033,108775.38847142857,100401.67742353605,107679.10540333338,107647.47377599997,107963.1146346459,107738.82104366015
2,2013-05-11,108150.3724,107739.4556,107745.34457920665,107531.41687466166,107745.76506269121,108138.0033,110528.74812857142,99982.55821541691,107746.65435333338,107715.38524799999,107881.05419008493,107719.70847269332
2,2013-05-12,108155.1707,108150.3724,108166.13618713853,107971.62298648388,108167.35260141804,108226.0339,107533.29997714286,100430.44870421299,108042.97948400007,107923.754366,108313.33183220583,108109.31143422994
2,2013-05-13,108157.4551,108155.1707,108162.87516353672,107966.70465874962,108164.16591188271,108226.0339,109029.73277142856,100053.33895028883,108038.2968286667,107866.39846199997,108297.54113601515,108100.84754114383
2,2013-05-14,108344.5798,108157.4551,108278.0339382941,108090.07174295049,108279.01749118167,108226.0339,108304.58290000001,99941.6410685106,108035.11123,107893.37023399999,108414.92319064593,108180.03538786546
2,2013-05-15,108564.0815,108344.5798,108527.51529377952,108338.62799387037,108528.03052942644,108690.833,107320.01534285715,99979.28994056824,108269.66706866675,108130.954554,108701.497391331,108436.59748462272
2,2013-05-16,109068.1292,108564.0815,108717.16266122708,108541.37947286533,108717.63267632769,108636.33744999999,106751.47381428571,99950.69312472137,108419.41147800014,108421.22092600001,108822.19357406082,108594.32817497542
2,2013-05-17,109328.7808,109068.1292,109191.01267761482,109026.01367067803,109191.82491953643,109400.187,111055.05672857142,100381.6363064455,109346.03030933344,109353.21716800006,109387.32822356526,109253.12406785891
2,2013-05-18,109621.2189,109328.7808,109409.77422504098,109250.67002004728,109410.50461094776,109514.44152,108530.48475714284,100213.55784161115,109452.38503866675,109430.98269000002,109325.17628992167,109342.74378287856
2,2013-05-19,109621.2162,109621.2189,109637.0092982534,109491.95620981086,109638.65415149737,109514.44152,110050.43402857144,100349.30858309125,109703.4475920001,109702.96978999999,109566.3432950097,109587.24903227355
2,2013-05-20,109620.7296,109621.2162,109936.61808983896,109738.62147219709,109938.09458819476,109514.44152,108492.84020285713,100124.39551595117,109656.84639466678,109635.91914999997,109559.7187180667,109651.72886164353
2,2013-05-21,109621.0217,109620.7296,109688.52963650285,109585.70380270331,109690.42037988336,109514.44152,109922.46425714286,100091.67649387095,109664.01482733349,109666.41204599997,109664.13200132792,109637.95021045492
2,2013-05-22,110230.5746,109621.0217,109724.15236748762,109644.56137009735,109725.79604672451,109514.44152,109400.62601428572,99990.44906862886,109665.9261666668,109648.40959799997,109664.13200132792,109658.20651269735
2,2013-05-23,110289.9708,110230.5746,110473.79261927411,110410.63146229465,110474.97132397429,111081.28825000001,112221.04517142857,100542.50041446966,110793.99352866669,110779.55204,110716.31268866628,110640.31255987588
2,2013-05-24,110772.7745,110289.9708,110371.19646651855,110275.24569709225,110372.3211915028,111081.28825000001,109057.7177714286,100072.9976913706,110693.27433733334,110690.99738400002,110530.98153073597,110499.83385505386
2,2013-05-25,111071.8286,110772.7745,110892.8290987823,110814.27869074164,110893.60496064312,111081.28825000001,111286.99281428571,100540.48067953093,110894.50506733335,110864.46818000004,110739.64071100818,110816.14148969438
2,2013-05-26,111071.8286,111071.8286,111112.26764510955,111026.76778109944,111113.29910779266,110587.1302,111444.55664285715,100519.2121559465,111328.29704733327,111381.31901799998,111017.76391352873,111124.27624732046
2,2013-05-27,111078.353,111071.8286,111087.89114747714,111009.26491756369,111089.13774695472,110587.1302,112349.17557142857,100317.8921016302,111312.07289666664,111355.91900999997,111011.13933658572,111110.82571693869
2,2013-05-28,111047.9326,111078.353,111161.23670260642,111087.62054938286,111162.09303093776,110587.1302,111807.56632857141,100292.42988752008,111396.72271999998,111394.64921199997,111115.55261984695,111199.96529640992
2,2013-05-29,111075.2143,111047.9326,111214.76614641398,111130.885700599,111214.74237685675,111081.28825000001,112554.94257142856,100154.12039731177,111066.65058266668,111111.02341200001,110865.43918132313,111020.99182152962
2,2013-05-30,111168.969,111075.2143,111177.56097120231,111100.44371787443,111177.5768020814,111081.28825000001,110384.64327142858,100094.91504982582,111289.69337933329,111283.22735200002,111095.88120572634,111162.00610097802
2,2013-05-31,111262.3993,111168.969,111328.69265492645,111254.85621857805,111328.53652259173,111876.3132,113112.18465714285,100056.63123322556,111617.44761133332,111588.95895800002,111553.72107096082,111475.34163362406
2,2013-06-01,111570.3341,111262.3993,111358.75552992104,111292.57497154023,111359.07992540693,112061.6593,114730.17078571428,100059.69940365279,111738.53830333328,111612.41846600003,111611.78747350974,111547.63358279441
2,2013-06-02,111570.3341,111570.3341,111660.39533867563,111594.52013830486,111661.07094759801,111876.3132,117799.81247142857,100318.23835450741,112044.44067866665,112061.62995799999,111729.79478292841,111789.58519996663
2,2013-06-03,111587.1502,111570.3341,111626.35946786651,111562.15898010021,111627.08737950822,111876.3132,117330.8671142857,100135.51954764515,112030.04765066666,112071.07074200004,111729.74204015566,111773.98289030751
2,2013-06-04,112270.4672,111587.1502,111674.3533335042,111608.94931606509,111674.72164240011,112061.6593,116969.79052857144,100160.98999753079,112067.94932333338,112131.68513800003,111790.49039413745,111822.46301117864
2,2013-06-05,112692.1853,112270.4672,112503.20049745956,112471.9497180879,112503.10441545202,112076.81172,114175.40325714285,100649.59096435922,112293.11202533329,112234.54566799998,112543.3404962742,112436.13407989847
2,2013-06-06,112711.0014,112692.1853,112878.23428266458,112830.52132448205,112877.98579789752,113358.2514,115041.5681142857,100699.50033208812,112750.01812000004,112808.4463900001,112981.22916489185,112853.92286979132
2,2013-06-07,112729.8608,112711.0014,112786.29048216261,112777.86255660327,112786.73972697096,113256.17142500001,115787.49142857142,100540.43316685631,112807.6548006667,112781.38120400003,112900.70354265925,112828.74029997642
2,2013-06-08,112655.9287,112729.8608,112794.09589096071,112826.78119488883,112795.4239975389,113256.17142500001,115924.7678,100543.10263648459,112854.21277000006,112829.91478200005,112900.70354265925,112860.56583584938
2,2013-06-09,112655.0205,112655.9287,112685.50858127615,112712.43641857844,112686.67611594574,113256.17142500001,116316.68015714285,100476.97948694171,112794.44202466667,112813.30313000007,112853.1750223749,112786.68448854
2,2013-06-10,112656.4224,112655.0205,112784.90358270862,112814.8076181314,112786.25101881026,113256.17142500001,117928.80132857141,100474.68886561198,112792.82631733331,112799.21911800008,112853.1750223749,112820.2696526132
2,2013-06-11,112585.9937,112656.4224,112919.364794128,112913.99056996021,112919.68277683292,113116.9217,118842.90738571431,100362.79019973431,112769.93980066672,112721.67309200006,112913.92337635669,112865.95124899452
2,2013-06-12,112467.3844,112585.9937,112780.81772359286,112738.61950935089,112780.4597857213,112879.6303,119440.37872857142,100280.40629623138,112729.41658400004,112670.38967000003,112913.92337635669,112793.98648990253
2,2013-06-13,112508.8946,112467.3844,112576.18113486926,112536.79343635713,112575.83717235802,113216.3694,119606.70090000001,100274.9543438406,112372.21240600002,112341.76367800003,112465.85624318277,112458.28736184664
2,2013-06-14,112873.3875,112508.8946,112628.54192823281,112602.37828947637,112628.39704586905,113225.95155,119635.89395714286,100337.41027413787,112786.97261799999,112691.38316000003,112900.70354265925,112763.35148337854
2,2013-06-15,112709.0125,112873.3875,113025.8893878904,113032.9900144036,113026.65204344588,113225.95155,119589.79182857143,100509.46733401359,113005.75649266668,112978.79326800005,113095.58991776995,113044.77880828007
2,2013-06-16,112709.0415,112709.0125,112782.98871593189,112797.14075587978,112783.46485058135,113225.95155,119623.75962857142,100363.77317727829,112872.48788733334,112782.55601400005,112847.78119978275,112839.13661433196
2,2013-06-17,112713.6538,112709.0415,112823.11548932763,112862.84249440297,112823.98478082371,113225.95155,119649.37027142859,100413.24686232477,112884.67290866666,112782.90067400006,112853.1750223749,112866.8968084815
2,2013-06-18,112792.1429,112713.6538,112841.44727632916,112933.29340591349,112842.28728980597,113116.9217,119533.01652857145,100430.61774768883,112857.45597133339,112785.28633400006,112913.92337635669,112901.55758453452
2,2013-06-19,112990.7184,112792.1429,112946.00813769974,113068.09191918644,112946.78658488787,112879.6303,119800.33268571428,100486.39326765746,112974.38680066667,112923.83685400007,113087.30409432527,113043.26093805947
2,2013-06-20,113229.7676,112990.7184,113192.96744802543,113305.66124568957,113193.31177253764,113424.4606,119604.33367142857,100548.17190841188,113112.74541533331,113009.15481400004,113064.44452943213,113160.95039681834
2,2013-06-21,113413.7342,113229.7676,113434.98477575858,113548.48623243025,113435.75293706448,113225.95155,119752.01975714286,100634.43877841321,113451.36198466661,113339.71324199998,113463.31701365011,113487.72174358233
2,2013-06-22,113547.2781,113413.7342,113522.00696057975,113617.07874670936,113522.59697830449,115357.4941,119025.2104142857,100653.76674997958,114007.05424333332,113901.94398399997,113991.41812589979,113871.85037198082
2,2013-06-23,113557.5216,113547.2781,113669.82539371708,113789.11168473358,113670.984045569,115357.4941,119684.7638857143,100704.71550628125,114139.70910999994,114023.33040600002,113952.79426946667,113960.53835473339
2,2013-06-24,113557.9915,113557.5216,113687.0112309921,113816.94289525853,113688.47135423185,113235.8786,119604.24585714286,100696.44956896258,114059.81850066657,113900.50241400005,113952.79426946667,113943.18522179726
2,2013-06-25,113969.7904,113557.9915,113742.26133441542,113862.69036965711,113743.42434970243,113235.8786,119555.03944285715,100678.67017988994,114095.20256466657,114011.73894200001,114013.54262344846,113990.47851925739
2,2013-06-26,114418.4855,113969.7904,114270.86628721454,114368.42063274552,114271.49193314763,113235.8786,118262.86362857143,100758.7993970579,114105.33297599989,113994.42862800004,114301.05127144855,114258.26829339798
2,2013-06-27,114689.7765,114418.4855,114713.38030235021,114782.61488577309,114713.47056518312,115530.8409,117363.45112857143,100801.12000916532,114875.78276400002,114969.05240600003,114878.30284170527,114845.5668304928
2,2013-06-28,114912.3527,114689.7765,114898.46272382457,114972.64120455166,114898.4798092636,115530.8409,117785.03138571429,100876.14800684228,115246.76065000017,115391.13574400006,114900.58023721274,115039.99403058819
2,2013-06-29,111634.426,114912.3527,115071.77679523299,115127.83338283011,115071.81280101194,115530.8409,117783.49877142857,100879.68301230577,115290.68282400012,115345.97815800004,114987.97425915404,115135.49682199476
2,2013-06-30,111634.4236,111634.426,111229.45281261852,111343.5356799814,111225.94728692081,111021.2923,111466.70620000002,100272.53938492134,111635.22977800001,111767.01782200001,111817.64446814606,111598.80330870916
2,2013-07-01,111634.6007,111634.4236,112206.92362860084,112360.47362677002,112205.95898450109,111484.34885,119553.97965714285,100740.81409153981,111695.24656400007,111837.567948,112037.05252620924,112030.92423899313
2,2013-07-02,111634.8378,111634.6007,112071.94826472037,112209.22929934382,112070.90625767976,112061.6593,119162.76464285715,100710.26592102861,111695.41584000012,111921.97995800004,111620.13814109225,111841.59442681207
2,2013-07-03,111858.5969,111634.8378,112061.04947803298,112157.4972978794,112059.77518739826,111484.34885,118851.82407142858,100690.79510603404,111662.0292100001,111852.44971600002,111403.58066499601,111741.03572429183
2,2013-07-04,112404.1349,111858.5969,112159.7247725422,112271.17645715708,112159.50954779323,111460.0165,120126.49068571429,100649.60224417271,111332.13229933337,111570.53924999997,111482.83584897703,111695.38153515583
2,2013-07-05,112535.6838,112404.1349,112509.21150930595,112668.4702680372,112510.05250703086,112076.81172,119073.5313,100599.72132434393,112370.35869799997,112404.256716,112251.26049521274,112430.02982041663
2,2013-07-06,112674.2793,112535.6838,112238.6056811884,112492.18300497094,112238.79447361708,112494.9057,120395.3067857143,100720.15713068849,112663.28779933334,112652.81074000003,112588.35227567013,112581.27435999147
2,2013-07-07,112705.0332,112674.2793,112880.15516060912,113261.02561858972,112880.45681855768,113256.17142500001,119978.45854285716,100832.17175514062,112758.79344133327,112782.85942200001,112590.20072305258,112870.00659432518
2,2013-07-08,112707.3049,112705.0332,112913.43283245401,113287.46023164026,112913.49464974758,113256.17142500001,119599.19128571429,100843.0657067348,112810.41279266663,112795.64520200001,112586.81305442925,112894.89535957872
2,2013-07-09,113161.3481,112707.3049,112955.54009703285,113348.14485604882,112955.45180415342,113116.9217,120196.2117,100831.62016721212,112784.22194933337,112759.03691200001,112698.2860289018,112943.55094476133
2,2013-07-10,113237.8102,113161.3481,113528.8739379517,113928.0002565776,113529.24977399372,112879.6303,118929.28755714287,100768.94411311696,113358.03891599995,113340.34491999997,113319.335571002,113535.12491452652
2,2013-07-11,113465.2194,113237.8102,113534.86952256417,113910.73328770607,113534.7113635549,113424.4606,119544.90695714286,100825.45079293073,113335.81079599996,113341.29630999998,113260.73229895518,113502.42546088707
2,2013-07-12,113660.7627,113465.2194,113676.19623518024,114040.46469919103,113676.33231040179,113235.8786,120203.41207142857,100838.07148005083,113889.15632533327,113760.17043200003,113771.78121380915,113900.46741277783
2,2013-07-13,113877.506,113660.7627,113899.24309197022,113993.76137044342,113898.2663289197,113235.8786,120267.71985714286,100807.39664793672,114029.94725533326,114026.52117000004,113771.78121380915,113931.82994652861
2,2013-07-14,113875.9067,113877.506,114095.87964796464,114183.04047577815,114095.60862170829,113235.8786,120193.23259999999,100829.044911014,114018.41110533325,113966.19567000003,113959.72264785483,114053.72474298875
2,2013-07-15,113877.7631,113875.9067,114095.18373171937,114170.81223979697,114094.46514096993,113235.8786,119617.09862857142,100841.43867909159,114050.60503133322,113987.28002200002,113968.62731170606,114063.34819427876
2,2013-07-16,114032.0209,113877.7631,114173.46110415133,114235.58769094685,114172.37083271056,113235.8786,120230.6753142857,100820.46647900199,114092.20973399987,114095.35588199999,113994.278075729,114107.35850022524
2,2013-07-17,114050.8257,114032.0209,114301.89591399548,114358.04372081233,114301.04460530721,113235.8786,120164.15592857145,100828.02755814728,114064.57481266656,114015.23702600002,113985.37341187776,114135.99731511889
2,2013-07-18,114227.3757,114050.8257,114294.40342337024,114380.01830287924,114293.63145599912,113235.8786,120024.41432857142,100815.18869169222,114045.46746999986,113967.14703000004,113985.20621094028,114136.89732793979
2,2013-07-19,114424.9926,114227.3757,114461.43822344617,114544.15339552941,114461.18254562278,113235.8786,119987.42524285715,100818.93354925477,114018.4829673332,113977.15089200005,114042.40853079512,114201.68163121924
2,2013-07-20,114354.0753,114424.9926,114624.82225661055,114706.04971074351,114625.21768012305,114823.7922,120212.39912857141,100806.31681679678,114479.16671333328,114493.79187600002,114476.37328676153,114553.86323694611
2,2013-07-21,114355.2502,114354.0753,114469.7605483329,114556.65684629403,114470.35343113633,113235.8786,120099.93325714287,100824.97268997536,114169.53440733321,114102.31923200004,114042.8818289566,114256.35769419461
2,2013-07-22,114356.854,114355.2502,114510.41706744695,114611.88667295933,114511.30312427688,113235.8786,120024.41432857142,100847.49474419624,114175.89380133324,114099.05425200002,114151.2441108608,114313.00819505112
2,2013-07-23,114356.1104,114356.854,114553.033764174,114690.16925616916,114554.04781125546,113235.8786,120275.43267142856,100837.48967153848,114209.83270599994,114163.57925200001,114176.89487488374,114358.96561235095
2,2013-07-24,114351.6215,114356.1104,114550.00975403494,114694.17279792653,114551.08381191517,113235.8786,120156.77729999999,100836.28529601835,114219.12230266658,114134.03906000001,114258.11998829899,114390.47169629736
2,2013-07-25,114369.8542,114351.6215,114548.14390685796,114720.59541125986,114549.801559047,113235.8786,119495.02792857144,100809.79123159472,114190.95586533324,114091.12163800006,114249.04812351026,114386.8664667011
2,2013-07-26,114422.8593,114369.8542,114535.50007795377,114732.32162237413,114537.92309605278,113235.8786,119690.11458571428,100811.49773887725,114156.37728066658,114079.16621800004,114270.95010673699,114386.5496699259
2,2013-07-27,119172.6554,114422.8593,114543.73989639463,114773.61515188629,114546.8624594238,114823.7922,119688.96702857144,100785.05667847938,114485.23851599997,114498.34175200001,114704.9148627034,114654.58951019654
2,2013-07-28,119173.8567,119172.6554,120126.73788902737,120348.9985804136,120132.02667097525,119725.0927,115049.00872857144,100271.3822451058,119016.11926333338,119047.00520999996,119220.39680329637,119528.50488234777
2,2013-07-29,119175.0497,119173.8567,119228.85805351535,119302.03507521386,119229.21487872905,119725.0927,118927.1840142857,100554.1568244333,118932.34410066674,118945.31883799996,118990.93319676461,119075.10412421508
2,2013-07-30,119118.5208,119175.0497,119094.45479301651,119267.17500122421,119096.81775175892,119725.0927,122153.41467142857,100469.92901527134,118950.01790400007,118966.82304799996,119072.24766616187,119096.48019046204
2,2013-07-31,119183.8333,119118.5208,119031.35952802522,119237.87071833467,119034.47788754752,119725.0927,122153.41467142857,100472.73124379161,118928.94592266674,118960.22547999996,119084.2818165196,119083.69948584033
2,2013-08-01,119276.6741,119183.8333,119248.57739157297,119440.73867134294,119251.6778597651,119725.0927,118927.1840142857,100587.70666252263,118908.94815266674,118933.81807199997,119037.7266497045,119129.1378245714
2,2013-08-02,119462.8967,119276.6741,119625.80621465982,119744.93019955361,119627.87309520392,119665.03285555558,117549.27407142858,100832.19215782935,119406.93007333338,119369.08203399995,119377.35955297317,119509.73994195339
2,2013-08-03,119868.1225,119462.8967,120291.59311574219,120274.27786346374,120290.38698041634,119751.71298333332,117589.3595857143,100839.14237377669,119766.15794133345,119806.91497599999,119834.4210982237,119958.2856343403
2,2013-08-04,119869.8083,119868.1225,119961.28694925219,119778.47032433253,119960.86042522821,119665.03285555558,118938.251,100970.3724442004,119907.12396600009,119977.72803,119733.10969513262,119806.23466182174
2,2013-08-05,119862.3483,119869.8083,119889.76907932741,119714.7955955448,119889.84847061498,119665.03285555558,119604.24585714286,101047.42845503535,119821.20479933341,119824.00778000003,119711.6040379905,119749.2014776229
2,2013-08-06,119863.8375,119862.3483,119888.57937233898,119726.67419749967,119889.06031363332,119665.03285555558,119555.03944285716,101038.48353085577,119777.21215400005,119782.34705999999,119816.01732125173,119773.30122425048
2,2013-08-07,120075.5677,119863.8375,119914.92568924082,119755.2621751063,119915.5267479929,119665.03285555558,119421.19815714285,101042.95775854305,119813.7125100001,119807.07669400005,119816.01732125173,119794.9973354527
2,2013-08-08,119760.2629,120075.5677,120162.73638826756,120011.6330969616,120164.03751472496,120221.6349,119604.33367142857,101044.14022658872,120282.0041346668,120211.215014,120313.73938275449,120202.45887146097
2,2013-08-09,119958.4282,119760.2629,119767.984159132,119605.72179732547,119768.68313493252,119751.71298333332,119646.54269999998,100859.36994842565,119785.71823400006,119786.666412,119735.59792085091,119709.01265072548
2,2013-08-10,120206.805,119958.4282,119945.13953845341,120143.6308476742,119948.46078608432,119751.71298333332,119846.41378571429,100972.72457900971,119883.88875533342,119841.19711000002,119762.20976513845,119929.90978938201
2,2013-08-11,120332.1893,120206.805,120133.50940012539,120307.40370065678,120137.17777167515,120221.6349,119659.01384285712,100994.6496638745,120366.74704466679,120332.58798200003,120235.26287125,120303.13787219119
2,2013-08-12,120333.6898,120332.1893,120242.64261746644,120406.60092932843,120246.44910017568,120221.6349,119721.65022857142,101051.78867045557,120418.4698500001,120336.81952199999,120244.16753510124,120356.4127714766
2,2013-08-13,120505.0624,120333.6898,120234.0657393525,120378.3534815996,120237.67206744858,120221.6349,119607.9575,101030.37373185412,120359.2236260001,120311.45005600002,120348.58081836246,120362.0526419874
2,2013-08-14,120909.3875,120505.0624,120431.687618984,120565.92007547872,120435.06030335417,120221.6349,119717.31735714285,101061.36946643871,120617.86431866676,120580.43180199999,120394.442147763,120526.07551396948
2,2013-08-15,120998.469,120909.3875,120803.52050477033,120922.62544881749,120806.84122024075,121065.3967,119387.44434285712,101026.3466448823,121183.85622000012,121043.29981000004,120984.37633296818,121030.28600059527
2,2013-08-16,121135.1922,120998.469,120879.99279028604,120981.09739453513,120882.74258085783,120888.7738,119594.26977142858,101108.74955829415,121297.97101666674,121209.58963400005,120861.84248079256,121046.97029733147
2,2013-08-17,121318.3092,121135.1922,120981.89082331424,121082.26457687606,120984.60137444621,121006.1078,119881.46808571428,101075.29430061847,121261.67160800005,121256.50875400002,120861.84248079256,121068.59288855623
2,2013-08-18,121326.0702,121318.3092,121137.0588074028,121201.68059289487,121139.4894572804,121065.3967,119684.76388571427,101091.97887698616,121301.07583466674,121287.10317200002,120814.31396050821,121105.69012935662
2,2013-08-19,121327.9281,121326.0702,121120.75942762697,121139.22778755816,121122.41471425025,121065.3967,119832.28845714286,101081.04271798834,121326.59947466677,121306.74630000001,120814.31396050821,121093.38040757772
2,2013-08-20,121119.1062,121327.9281,121175.2586402768,121144.54438396516,121175.9915920164,120698.6733,119721.2796,101042.25038531986,121307.77833466671,121333.21387999998,120880.45270003818,121110.92513955668
2,2013-08-21,121235.0238,121119.1062,120949.61686030161,120879.59600825161,120949.00970466052,120698.6733,119650.89425714286,100930.6553631563,121206.92271200004,121208.00777000001,120851.45738143782,120979.32536722983
2,2013-08-22,120822.0069,121235.0238,121061.8213814575,120908.96270795695,121060.38386610699,121065.3967,119987.88821428572,100957.82700909232,121204.01192466673,121160.49087000001,120866.49779899628,120993.15747720665
2,2013-08-23,120888.9175,120822.0069,120551.93358596391,120353.16129532972,120548.79903567709,120698.6733,118629.24567142858,100826.39585217141,120807.8139613334,120706.693408,120503.06470802147,120554.67998822819
2,2013-08-24,120834.5923,120888.9175,120674.1640709787,120438.85287284231,120670.14566306562,121006.1078,120002.19435714286,100897.33429965794,120941.687874,120933.319366,120856.95305326853,120745.83126670361
2,2013-08-25,120834.6531,120834.5923,120570.99588713622,120270.50099353674,120565.18235605143,121065.3967,120003.65442857143,100890.59297415079,120736.10510400012,120650.569294,120520.30918588181,120508.97176113956
2,2013-08-26,120833.5098,120834.6531,120561.05061294802,120386.45141078501,120561.46926873855,121065.3967,120062.26465714285,100957.09347147729,120601.37388866673,120597.60487400001,120482.27526779949,120490.03352241707
2,2013-08-27,120860.3355,120833.5098,120548.89860709202,120376.55325934422,120549.1727530008,120698.6733,119970.00724285716,100935.06756048647,120603.2270666667,120577.072532,120518.98343670524,120499.58792090538
2,2013-08-28,120910.8067,120860.3355,120582.86197082709,120437.0854109257,120583.16917857206,120698.6733,120100.53387142858,100936.7136554958,120670.26246533335,120623.054832,120518.98343670524,120542.11043765477
2,2013-08-29,120841.6096,120910.8067,120557.19270110349,120409.74627730504,120557.28218685942,121065.3967,119759.58617142859,100882.86458288861,120866.28699133334,120807.340616,120819.40097858345,120698.47808240727
2,2013-08-30,120736.7581,120841.6096,120500.10393836406,120359.31736008718,120499.99757066382,120698.6733,120387.58508571428,100885.56723798273,120641.26721066666,120674.00415999997,120516.04341608,120505.54266227795
2,2013-08-31,118956.4292,120736.7581,120349.21851590225,120209.99352139997,120349.07413054218,120420.9295,120103.39715714287,100850.81047257663,120322.14892733333,120418.519656,120350.17196527008,120294.1048046678
2,2013-09-01,118639.929,118956.4292,118308.72422388867,118186.54015877617,118307.50776448425,118900.925,114507.80345714287,100344.65416647316,118795.24191266664,118787.68759800002,119077.12537906383,118686.30248350221
2,2013-09-02,118639.5273,118639.929,118593.84758543031,118440.20800170727,118593.83709281145,118900.925,114612.42298571428,100943.72865470742,118482.34973266661,118532.05749000002,118359.13941082681,118427.23238173356
2,2013-09-03,118649.2928,118639.5273,118392.63577227667,118242.09347522701,118393.30036478909,118900.925,116470.25292857143,100924.09223225323,118502.30951866666,118522.97814800004,118388.57417776907,118377.65905722091
2,2013-09-04,118530.5251,118649.2928,118381.39732594101,118205.12473356242,118382.1401601067,118900.925,115739.55387142858,100932.62833246336,118510.21205866667,118530.15178600005,118416.62952415785,118377.32210546231
2,2013-09-05,118182.8162,118530.5251,118141.42046404647,117928.45093579034,118141.91178773862,118500.3762,115557.18861428571,100976.67171195308,118283.50512933337,118326.67737400008,118183.84641879478,118131.93416130617
2,2013-09-06,118367.1291,118182.8162,117616.45689045567,117434.12317988288,117616.87138679146,118679.143,114167.24601428573,100999.4969325073,118155.43900999993,118182.39853400005,118102.50623539617,117897.35614175966
2,2013-09-07,116846.4903,118367.1291,117725.92660192485,117586.26496994759,117726.00648035959,118894.3864,117991.00291428572,100747.31262306598,118552.33091600004,118651.74066200007,117995.49985305454,118044.69857966738
2,2013-09-08,116843.4708,116846.4903,116163.03917199286,116056.94205199085,116161.56947278338,116272.373,114647.10901428573,100419.42465210608,116471.50176466654,116504.94678200003,116607.84812403668,116378.76398023136
2,2013-09-09,116838.5982,116843.4708,116468.81716734108,116398.05672448174,116469.32335390098,116437.5716,114939.34324285713,100909.5182874394,116538.2283253332,116552.90543199997,116598.77446317539,116511.6865043301
2,2013-09-10,116170.6498,116838.5982,116482.6254319305,116364.93170739137,116483.43484941953,116272.373,111659.20848571429,100911.6660972136,116545.85436066652,116575.10906599999,116589.0698173067,116499.95196178819
2,2013-09-11,115497.6513,116170.6498,115663.95974741458,115524.35173350712,115664.07212559645,114675.362,111470.83835714284,100896.74841612848,115494.48969733328,115509.03610800007,115713.29212232884,115577.37785105642
2,2013-09-12,115218.132,115497.6513,114924.15023711423,114800.49802558123,114924.48985643062,114675.362,110590.74251428572,100889.7742907152,114984.08858733332,114942.44403600003,114891.37418788203,114891.98693359886
2,2013-09-13,114552.4889,115218.132,114679.5161506781,114574.22363684537,114680.90472670758,114675.362,109408.49101428571,100967.31841670876,114876.70765266666,114895.313616,114925.21888537011,114792.05005829404
2,2013-09-14,114136.2865,114552.4889,113826.50808514655,113598.4505142388,113826.8542968337,114552.66007499999,107244.27005714284,100862.51870402461,114458.93297466658,114490.53446600001,114181.15595248905,114079.51314713148
2,2013-09-15,114020.7362,114136.2865,113664.28452850686,113464.59142894432,113665.0317758244,113394.0021,109471.4121,100929.93557861773,113698.52517533331,113741.17654400007,113674.89488859859,113612.67049762541
2,2013-09-16,114019.9845,114020.7362,113561.12847173813,113361.55488494257,113562.58295657321,113394.0021,108969.62165714287,100887.60799914415,113670.64422599996,113710.89408600006,113571.00850842231,113534.40253978828
2,2013-09-17,113314.2727,114019.9845,113494.6895329183,113306.64023092361,113496.34599854154,113394.0021,108726.2804,100807.89833970064,113719.27708466668,113728.16289000002,113517.63690269046,113514.51807276026
2,2013-09-18,112738.2538,113314.2727,112683.0316791267,112518.90513205531,112683.7287875208,112775.6858,108275.36545714285,100834.64420243652,113227.52745333343,113274.949102,113270.25147681417,113005.56135406764
2,2013-09-19,112509.3181,112738.2538,112144.0990059492,112004.85861382245,112144.71711481208,112178.0182,108544.6876142857,100868.52767780717,112355.67731733345,112267.48842800001,112157.08804095282,112172.54132403624
2,2013-09-20,112180.8824,112509.3181,111925.59477862713,111834.08121024918,111926.88060505348,112708.0339,108181.21711428571,100811.51263821489,112381.99156666674,112365.12194600001,112219.6563215836,112145.24303283317
2,2013-09-21,111759.2333,112180.8824,111650.3301491651,111452.67204021051,111651.14419877574,111310.8657,106567.61877142856,100778.85962570748,111962.58111266668,111990.95430200001,111761.65985425728,111725.63766904482
2,2013-09-22,111758.5802,111759.2333,111245.0490643282,111060.84336643197,111245.8459789898,111310.8657,107104.72324285713,100809.87221345239,111353.98988800003,111358.32993800001,111191.73048349813,111202.18791264338
2,2013-09-23,111759.2545,111758.5802,111296.27061409946,111127.79838358887,111297.48947290065,111484.34885,107363.48991428573,100663.91153892173,111346.7626893334,111409.099322,111228.7378075969,111234.43296017306
2,2013-09-24,111515.4211,111759.2545,111237.08620443834,111031.93451528641,111237.95061326402,112061.6593,105811.67117142856,100585.5253583519,111373.65308866669,111459.38207800002,111112.88653436182,111172.82471277163
2,2013-09-25,110577.5611,111515.4211,111006.44123106512,110792.90902853693,111006.58983814581,111484.34885,104969.37827142856,100569.93884581095,111182.84897066669,111175.41024600003,110914.5974342497,110963.45181115111
2,2013-09-26,106864.9901,110577.5611,109989.49983256274,109793.17414353811,109988.57362424023,109369.1345,105093.71461428572,100607.92711383865,109896.71348000003,109953.03875600001,110008.11188658192,109899.33317004003
2,2013-09-27,106550.9954,106864.9901,105817.65390974692,105590.12812671707,105813.44916910357,105413.7741,109703.48845714284,100271.72645725108,106196.35329266667,106248.35362199994,106143.16358455547,105976.54833464639
2,2013-09-28,106389.7064,106550.9954,106152.47090408538,106018.30797282068,106151.87526231307,105413.7741,103038.38764857143,100504.08583135145,106160.67385266669,106182.04741199996,106343.80619205804,106174.26267251513
2,2013-09-29,106391.5417,106389.7064,106161.08964492436,105981.19559554005,106160.92035940007,105413.7741,104111.79503428572,100429.38655312645,106123.8227973333,106146.35085799996,106304.45434129926,106136.49091139087
2,2013-09-30,106392.0417,106391.5417,106076.80815274447,105854.65997892825,106078.73906569452,105413.7741,104307.7921057143,100420.51553784225,106107.64750933334,106243.64375999996,106190.62938022362,106050.97895616175
2,2013-10-01,105888.1025,106392.0417,105905.14874722701,105661.77594352287,105907.32654980772,105413.7741,104493.70266285715,100475.8335324146,106128.03018200003,106223.80703799998,105949.09840329297,105912.96817627196
2,2013-10-02,104901.1728,105888.1025,105067.83638788853,104884.9984150774,105069.0230879797,105106.3596,103165.06586285714,100594.8193980155,105310.99188266665,105242.23350999999,104817.69087095108,105004.56038956503
2,2013-10-03,104242.9781,104901.1728,103827.01898038438,103793.98842791113,103826.44795514157,103974.989,101226.73273428572,100475.20554513419,104142.54353799991,104022.21751200002,104110.70592923279,104015.74596504793
2,2013-10-04,103500.5445,104242.9781,103788.54056885908,103890.73716214608,103788.18109762135,103790.0201,102962.30988571429,100506.03192087427,103848.91423266656,103849.15765800001,103462.89153224087,103734.1809756845
2,2013-10-05,103084.4799,103500.5445,103082.27148406056,103151.03841420397,103081.52433708456,103780.477,101752.05859,100529.11979915315,103439.4323066667,103400.66171200003,103131.62578577762,103240.69883554942
2,2013-10-06,103084.4799,103084.4799,102748.34871099435,102831.00154775163,102748.15551723825,102585.8622,100131.53374857141,100508.04710603412,102471.67411600014,102414.41129600002,102318.39761577363,102540.35775984179
2,2013-10-07,103087.3345,103084.4799,102726.8666423125,102791.72045140459,102728.59869644052,102621.891,101650.04472714286,100363.70216782216,102512.93637466675,102459.27380000001,102487.78279342105,102597.47987316413
2,2013-10-08,102620.6479,103087.3345,102643.19314937294,102711.31424721301,102644.82403169604,102621.891,101338.8816042857,100289.64345764597,102562.23827666677,102583.10984599998,102316.56342499639,102530.03864962539
2,2013-10-09,102389.8406,102620.6479,102060.24401163822,102119.42925695992,102060.64775263997,102621.891,101142.25079857142,100366.45403984335,102262.77955733353,102272.05236399999,101973.88539597655,102118.69807008999
2,2013-10-10,102029.697,102389.8406,101959.58567178049,101814.78167931801,101959.11223149797,102045.142,100110.88594142858,100065.44233368641,102064.45211733351,102099.22353799999,102032.91902137158,101970.7176060077
2,2013-10-11,101656.598,102029.697,101576.09041483716,101448.02399277514,101575.74875914979,101636.6708,99843.919,100054.40712828704,101723.51677066679,101751.97350400001,101493.26065882012,101554.93380742068
2,2013-10-12,101421.2519,101656.598,101279.6409212099,101178.35326904149,101279.31675925813,101376.9848,100112.1925142857,100057.56686155302,101522.96238000001,101490.14936599998,101181.12825359723,101294.14796754625
2,2013-10-13,101420.0276,101421.2519,101108.9208934927,101021.23087092173,101109.22570411697,101359.4941,99959.92322428573,99953.7723642079,101322.28341799999,101346.813512,101041.21291873645,101128.24240255273
2,2013-10-14,101419.4553,101420.0276,101443.72238174852,101295.30406364975,101444.06774707568,101080.1644,99990.84584,99844.36937585002,101342.00738333332,101247.591826,101071.94773772704,101236.4197282367
2,2013-10-15,101421.1342,101419.4553,101103.67215156935,100997.99369354638,101104.20997177274,101050.985,99905.77594285714,99742.81512292805,101154.95502066666,101122.82342000004,101009.16977817516,101054.03949746273
2,2013-10-16,101084.4748,101421.1342,101168.44397838572,101034.27865038157,101168.36789033852,101050.985,99594.4967,99610.8301434446,101110.33145599996,101086.529396,101009.16977817516,101051.25996151888
2,2013-10-17,100702.2987,101084.4748,100733.2017160474,100577.78706054116,100732.76365440215,101137.0306,98153.70137857144,99701.55382894391,100967.09028400005,100947.61750199998,100482.96376549607,100675.94703667909
2,2013-10-18,100694.5031,100702.2987,100347.90891492272,100175.37827024171,100347.29293288442,100385.0282,99161.28666714285,99673.8780413637,100510.5513066,100532.733662,100356.54039897278,100347.48999193816
2,2013-10-19,100438.1599,100694.5031,100466.01171198284,100303.77679372426,100465.58654014136,100385.0282,98542.17245571429,99345.2943017795,100522.36083153328,100513.56465920001,100375.11662148284,100400.41808224679
2,2013-10-20,100439.9676,100438.1599,100219.4715272925,100070.25840926969,100218.70285722897,100384.5747,97334.03558,99425.18393752926,100218.56641093318,100241.49917499999,100117.02846549895,100135.28442856728
2,2013-10-21,100441.2788,100439.9676,100278.4063183322,100149.25803865698,100277.90841694096,100384.5747,99430.25931428571,99208.04716390683,100180.47523406651,100179.08438279996,100147.76328448954,100159.165519071
2,2013-10-22,100050.6518,100441.2788,100312.77839313488,100172.79255756976,100311.6227306283,99784.82353,99381.82066285714,99146.26674037834,100100.1603296665,100160.51132919999,100076.87546338823,100116.60945020815
2,2013-10-23,99904.20685,100050.6518,99840.76541510319,99724.46168859089,99838.34381250104,99933.80994,98097.09034142856,99388.0657189141,99875.10967819985,99883.69009740005,99830.79378458358,99810.12171712477
2,2013-10-24,99885.51286,99904.20685,99774.39560554396,99699.24247772428,99771.52699158015,99360.273716,97853.71739142858,98955.54295744852,99545.20482113327,99489.01219920005,99249.9663983739,99498.13789907715
2,2013-10-25,99707.89774,99885.51286,99826.75105307723,99754.1874175048,99823.88104802505,99360.273716,97871.05034,98704.79743604717,99552.7977775333,99510.48256920006,99293.53863535184,99533.50794346332
2,2013-10-26,99511.15908,99707.89774,99458.91277943934,99318.88816284912,99458.45595046977,99208.33945500001,96084.3282185714,98608.68305560945,99469.85257473332,99462.06688580003,99260.63743477738,99349.79272411995
2,2013-10-27,99406.0677,99511.15908,99289.54056002601,99169.75609886412,99289.10691370069,99360.273716,96270.71927714287,98567.60385090027,99288.00817819999,99298.02791200002,99014.42435937967,99157.39621214794
2,2013-10-28,99407.08257,99406.0677,99202.04712325742,99097.5885852868,99201.57351336614,99360.273716,95855.45420142857,98423.62780135855,99245.19101566667,99238.30541000004,98990.82286337146,99111.20082144164
2,2013-10-29,99067.53916,99407.08257,99222.90333866319,99141.08727628778,99222.19886850289,99208.33945500001,96689.13836142859,98388.17230225664,99212.58407379997,99232.5763448,99005.8963713943,99119.85590716067
2,2013-10-30,98884.08129,99067.53916,98901.15432553604,98823.12493082455,98899.50655168726,99174.17532571428,97609.96869000001,98696.27331513091,99073.07407646671,99076.517347,98836.1820089601,98910.79367208378
2,2013-10-31,98801.71046,98884.08129,98740.25796705381,98659.99500871659,98738.67103650703,99109.81386,94911.5425142857,98385.54023724061,98865.72070746675,98906.06158719999,98712.6946919717,98746.13680271835
2,2013-11-01,98710.58708,98801.71046,98613.1348302987,98535.79570801115,98612.21352600245,98637.930445,95265.04517571429,98160.6562883812,98706.04843786667,98730.20301539998,98473.85547607833,98571.89987398539
2,2013-11-02,98650.57844,98710.58708,98507.93138514581,98419.01737358193,98507.26273316215,98637.930445,95829.2746457143,98178.3264408203,98614.31006253333,98623.34181279998,98444.36825867674,98492.56523159733
2,2013-11-03,98647.27138,98650.57844,98446.01158241366,98364.71233989431,98445.89487605599,98637.930445,94806.99908857144,98058.14468463279,98627.97039626667,98602.26304299998,98540.59364747863,98511.09212787986
2,2013-11-04,98647.24779,98647.27138,98454.82583152,98379.66197657965,98455.01657315735,98478.50665899998,95607.27816999999,97974.32229110891,98559.40538340007,98520.08387019996,98557.11249583466,98498.7266186048
2,2013-11-05,98565.63112,98647.24779,98452.9584935083,98360.71928424462,98452.78618155795,98478.50665899998,96160.55362285713,97992.17321320293,98529.62518273339,98490.00618960001,98502.42196007044,98464.25547568283
2,2013-11-06,98370.1941,98565.63112,98407.8961580477,98330.81854075145,98407.38288392164,98478.50665899998,96386.37555999999,97937.5157462969,98515.59867606671,98491.36793800002,98485.9031117144,98444.10677617753
2,2013-11-07,98345.54197,98370.1941,98179.58600780212,98112.23798586485,98179.22133977443,98076.81342,95208.85609,98026.36187074303,98263.05815099989,98265.19982419997,98471.54723029729,98282.28112238734
2,2013-11-08,98839.00972,98345.54197,98172.06138643608,98102.50061854982,98171.93682303559,98076.81342,96777.03341142858,97810.32673326253,98266.73856253325,98269.96044219998,98492.1387750005,98287.12598536118
2,2013-11-09,98571.37753,98839.00972,98752.32195405656,98660.01833295348,98753.03800650188,98636.32203,95103.77143285715,98993.44054730311,98750.60262966674,98754.31062440001,98704.6045310852,98705.07516456848
2,2013-11-10,98539.96138,98571.37753,98343.33008455411,98230.94019439921,98343.57671834037,98478.50665899998,95694.33703428572,98078.59406748634,98456.46844133327,98451.92044540001,98490.76092398343,98392.72318657197
2,2013-11-11,98539.56295,98539.96138,98345.9514765687,98250.38129711032,98346.55883518189,98478.50665899998,96603.86940142857,97768.29426991247,98456.76054913324,98448.52227259995,98514.0342380173,98407.05869475362
2,2013-11-12,98517.64641,98539.56295,98375.20521358507,98257.75646526324,98375.60027171262,98478.50665899998,96526.04569142858,97839.85407437432,98448.90003946655,98410.7727076,98510.37840772375,98405.67830415118
2,2013-11-13,98433.78363,98517.64641,98372.87383723217,98251.28659167018,98373.08772937082,98478.50665899998,96416.09000285713,97795.25266864598,98443.3647471332,98414.710281,98500.0952226538,98398.24885381905
2,2013-11-14,98407.17162,98433.78363,98325.3121409561,98209.4247701213,98325.2521654325,98210.15541,95030.64306285713,97798.13594825029,98304.84782726651,98210.3803456,98507.15807563224,98340.47689100669
2,2013-11-15,98371.64985,98407.17162,98318.05206581847,98187.59744895228,98318.08342838682,98210.15541,95806.8515542857,97690.31714414438,98297.21060653315,98220.040917,98500.0952226538,98328.30109271308
2,2013-11-16,98292.67046,98371.64985,98147.0893382228,97997.70968001257,98147.33912840423,98210.15541,94478.57248857142,97758.00027049877,98215.59757133327,98143.52804960003,98492.1387750005,98235.14867544877
2,2013-11-17,98292.40562,98292.67046,98112.68124361902,97982.76158548296,98112.79271017677,98210.15541,95296.45289714287,97706.99475649434,98210.54898473328,98186.32924060003,98488.37245861201,98227.22767627607
2,2013-11-18,98293.60991,98292.40562,98144.3737901678,98017.17555258177,98144.65396129986,98210.15541,94913.53379857143,97655.65305836963,98240.27970639993,98186.99905200003,98504.89130696804,98254.11552198324
2,2013-11-19,98714.59286,98293.60991,98172.74623123345,98041.3436773151,98172.84229634462,98210.15541,94678.2461942857,97726.83655338263,98253.99559919994,98177.58036260003,98465.62849999208,98253.65592550237
2,2013-11-20,97478.12536,98714.59286,98672.09374552673,98530.60244618692,98672.66833257828,98478.50665899998,95270.80416142858,98664.31256610887,98470.6007866666,98433.4844802,98457.07846500844,98486.09389928733
2,2013-11-21,97233.56695,97478.12536,97112.1206206216,96955.94795091332,97111.1481387557,97092.24036,101415.99985142857,100175.98115760082,97248.86022946678,97264.31422700002,97173.65931602963,97126.15583213657
2,2013-11-22,97254.80604,97233.56695,97002.88714716866,96931.5623479753,97003.18125502908,97034.64402,95893.04947428571,98004.09356839179,97075.24264606675,97065.76212659999,96937.21046574671,96981.33848659624
2,2013-11-23,97335.98399,97254.80604,97099.3361287536,97003.3921381833,97099.82922862413,97034.64402,92408.60987428571,97967.48436656652,97135.69256533336,97120.58253459998,96983.88422906252,97040.98964419308
2,2013-11-24,97334.27416,97335.98399,97217.39257879512,97109.87869513231,97218.08501196695,97092.24036,93949.64832142857,97976.54555862938,97213.1253769334,97254.3475744,97173.85014758621,97165.6180732173
2,2013-11-25,97340.6515,97334.27416,97199.92190188717,97087.65362426382,97200.6927960676,97092.24036,93943.6725157143,97836.83049641241,97206.8571589334,97236.20470519997,97173.85014758621,97156.12031026115
2,2013-11-26,97500.10138,97340.6515,97185.38600818251,97082.1708069082,97186.23176955424,97174.9272,94617.58006714284,97824.01660815376,97206.09687153337,97244.13125180002,97134.58734061025,97140.95167301728
2,2013-11-27,97385.42102,97500.10138,97193.22970333179,97111.78198660577,97193.87504307994,98130.92858,93477.19305857143,97856.19205073625,97482.40150413328,97411.13737560002,97350.48611836652,97314.88986970186
2,2013-11-28,97344.50042,97385.42102,97208.29306260135,97179.29373150939,97209.00175529535,97592.36224,93071.55599142855,97647.59134978542,97497.69401386657,97470.25982580004,97121.21617684835,97266.06797407476
2,2013-11-29,97398.04262,97344.50042,97204.39926920312,97183.0714320673,97205.3089109147,97592.36224,93081.82117285715,97536.06693198577,97493.12827313328,97480.50444360005,97153.37697889033,97276.52556136363
2,2013-11-30,97440.74363,97398.04262,97271.21189676873,97237.35953711683,97272.14971050147,97592.36224,93872.42270571427,97687.41757517448,97524.76058499992,97488.82511880004,97075.83745168571,97279.31919126748
2,2013-12-01,97431.74376,97440.74363,97303.49403937162,97261.4881006761,97304.32247599245,97592.36224,92992.01694285715,97619.53885725341,97526.35497393327,97471.12076460004,97240.83977863661,97342.89428441534
2,2013-12-02,97432.04505,97431.74376,97311.52227033855,97263.864246608,97312.15901529457,97592.36224,92063.33380857142,97541.61299079485,97505.6056580666,97473.12422780003,97029.30912070887,97266.25967512785
2,2013-12-03,97134.47871,97432.04505,97335.42686963703,97314.61454597994,97336.1363743945,98130.92858,92463.83687142856,97626.06570625798,97563.47130233324,97508.15134700002,97032.1876671035,97303.42450513889
2,2013-12-04,97063.67879,97134.47871,96971.32937119615,96855.3967110749,96971.26868254194,98130.92858,93425.30686857142,97904.93764955981,97465.11401799986,97363.09660300003,96811.54994123992,97044.02022343823
2,2013-12-05,96941.64195,97063.67879,96953.9835280134,96836.0661340726,96953.95473111689,96884.70816,92147.42460428571,97555.35924028394,97143.47108339996,97142.38054299999,96565.68232601233,96848.40651449497
2,2013-12-06,96579.75039,96941.64195,96827.14508646322,96703.44205260974,96826.806650036,96694.06283,93210.88992142859,97516.36789645582,96845.7156990666,96789.700103,96511.1669839826,96686.77491188631
2,2013-12-07,96084.15771,96579.75039,96401.09243440787,96275.31787684781,96400.45282924957,96252.83687,93947.62898285713,98164.94270495651,96357.40893486666,96369.15251899997,96157.35660256889,96263.36113809445
2,2013-12-08,96184.36946,96084.15771,95861.00391056252,95745.85884886018,95860.80376829462,96161.339265,94411.25714857143,98665.41060539533,95995.28538993337,95977.98461920001,95772.02686362831,95837.7237008073
2,2013-12-09,96185.08714,96184.36946,96078.64027993297,95976.71945995004,96078.95757260347,96161.339265,92752.29530142856,97823.11846014648,96068.03710366669,96121.5905604,95871.56033598927,95972.10563320201
2,2013-12-10,96863.56333,96185.08714,96062.69180199156,95969.9126704903,96062.91091793899,96035.38344,92775.30272285714,97749.6527443848,96057.70450360006,96088.6277442,95832.2975290133,95953.30490103456
2,2013-12-11,96828.15009,96863.56333,96896.4141387187,96808.22937706254,96897.40066768827,97119.78097,95052.00709428571,99387.31730573083,96850.05894313334,96809.31999439998,96548.66667248482,96735.6516642269
2,2013-12-12,96760.35368,96828.15009,96679.50901421712,96591.39127140232,96679.99606162032,97029.42838666668,92019.26232142856,97578.49731094972,96870.21421546667,96858.12476579999,96521.56650592027,96661.05733092975
2,2013-12-13,96362.2409,96760.35368,96537.20927475407,96495.31007228265,96537.76409522565,97029.42838666668,92128.90248,97550.88879063861,96803.05762086669,96786.2441788,96462.20293618957,96586.8568764463
2,2013-12-14,96486.26552,96362.2409,96104.22594439243,96108.9372822194,96104.43978118678,96228.08203,93857.72102142856,98271.60936089432,96333.3660316666,96324.703501,96101.59419523698,96181.29916970765
2,2013-12-15,96508.9108,96486.26552,96458.46734323051,96491.12233397554,96458.84454868059,96770.27722,92086.10416285714,97730.86237015351,96625.1142077332,96654.75728540002,96237.4956997806,96451.24408049644
2,2013-12-16,96508.88142,96508.9108,96519.80983858241,96524.83423517036,96519.68163260246,96770.27722,91763.16825142856,97519.49162550489,96612.06026993322,96646.08266799999,96237.4956997806,96458.13006829472
2,2013-12-17,96347.64653,96508.88142,96605.86089802861,96567.57800667676,96605.18413520005,96770.27722,91455.67130428572,97564.35970939767,96580.2653594666,96614.9739568,96223.55668441711,96457.13335018682
2,2013-12-18,96261.03859,96347.64653,96278.0771312441,96220.2582048045,96277.18519843076,95874.1667,91675.26918857142,97578.38220609358,96217.07626993331,96270.93001899999,96100.9264976788,96179.42032413888
2,2013-12-19,95604.45299,96261.03859,96177.99442523775,96144.50820251161,96177.61032574771,95874.1667,91301.16845999999,97525.75621178535,96069.53086560011,96107.69006559998,95827.61838647941,96013.88581819704
2,2013-12-20,95559.07153,95604.45299,95347.01222145608,95277.40207121432,95346.87168937137,95349.61946,94122.26209142855,99035.35910899837,95367.72479993338,95358.08810660001,95153.00051254508,95266.04246123093
2,2013-12-21,95751.17714,95559.07153,95500.05170535766,95421.36054332624,95500.04207320667,95349.61946,91812.67552285714,97633.64823534286,95442.35967466675,95464.1964814,95128.50831378854,95330.74284392718
2,2013-12-22,95651.87276,95751.17714,95722.62889659812,95635.69916260998,95722.96261846264,95349.61946,91549.52163285716,97861.33386062845,95540.33862153339,95561.01278379999,95274.16208717677,95483.3999571067
2,2013-12-23,95652.58953,95651.87276,95571.68517202961,95478.52288276132,95571.84450835967,95349.61946,91860.3179857143,97550.41917022425,95528.93208713336,95566.05848600002,95262.88412819964,95423.44636603144
2,2013-12-24,96116.71928,95652.58953,95559.8792940994,95534.18670481154,95560.36484963987,95349.61946,91229.21608,97565.81646201745,95503.98419313334,95523.53796380002,95243.80394405204,95427.32494733231
2,2013-12-25,95856.51351,96116.71928,96414.25398633338,96339.76453019895,96414.8499710711,95874.1667,94039.42878428572,98736.42052233986,96098.22428160008,96093.11713739998,95731.0295289838,96056.33944692761
2,2013-12-26,95856.51351,95856.51351,95967.22197306262,95906.6454893605,95967.3944370315,95349.61946,91707.19620714286,97941.34318712774,95502.8616442,95431.75711140002,95380.27953437855,95596.59555597969
2,2013-12-27,95856.69533,95856.51351,95806.46264613012,95823.86098188955,95807.14748485139,95349.61946,91341.62027,97466.43462058576,95614.14882666666,95558.81771000002,95402.995124599,95613.66831105173
2,2013-12-28,95838.55321,95856.69533,95823.78083223796,95847.86154730202,95824.3459188241,95349.61946,91329.96179857141,97565.47364403529,95602.98307173334,95566.0804864,95402.995124599,95617.94658121145
2,2013-12-29,95838.49111,95838.55321,95772.95497748438,95794.56605513339,95773.53757582721,95349.61946,91537.58394428571,97483.5171373903,95598.29854473332,95562.37635840001,95416.93413996248,95603.26624660974
2,2013-12-30,95838.49111,95838.49111,95839.9305028967,95862.58759812568,95840.37208691347,95349.61946,91109.96688142857,97441.700507095,95605.15175666667,95562.0457608,95416.93413996248,95628.22449825161
2,2013-12-31,95881.21867,95838.49111,95900.25874800148,95901.67588776392,95900.35465268191,95349.61946,91077.59990285712,97512.5327914839,95595.22881933334,95564.67393759999,95456.73868624454,95651.21446444727
2,2014-01-01,95890.39774,95881.21867,96168.05652225758,96091.75766162449,96167.53428831937,95349.61946,91181.56738285713,97661.39837076684,95604.70427546666,95540.00928659999,95415.47741165035,95703.97978291383
2,2014-01-02,95885.39774,95890.39774,95890.9091877435,95842.34199086962,95890.82565531452,95349.61946,91521.12641,97487.54177893477,95607.47045693333,95541.67649740003,95465.74533809838,95638.51926196711
2,2014-01-03,95943.87526,95885.39774,95864.23178758188,95816.48441812249,95864.16670243519,95349.61946,91514.45453142856,97398.35505187062,95608.24468320001,95547.70669499999,95476.44097328589,95633.7233582028
2,2014-01-04,95957.94291,95943.87526,95912.95716819107,95881.96978932315,95913.15738647025,95349.61946,91845.04632857142,97540.4121714864,95722.38805740002,95654.38189440002,95503.43621976044,95702.59802216121
2,2014-01-05,95957.94291,95957.94291,95926.62821969824,95887.90592042136,95926.43845312462,95349.61946,91887.58623142856,97438.74603611302,95715.63476500001,95631.01111940003,95493.0760088968,95698.8722314394
2,2014-01-06,95958.26762,95957.94291,95949.92547854615,95906.02566056227,95949.03333822271,95349.61946,91860.56040142856,97383.88583887141,95717.23262473335,95623.59069140002,95303.89508071105,95642.38445533556
2,2014-01-07,96208.39229,95958.26762,95969.44740780129,95956.62511139455,95968.75444545521,95349.61946,91512.52988,97469.67881623415,95716.09758480004,95627.6503068,95462.34584050161,95711.68951223207
2,2014-01-08,96301.80289,96208.39229,96262.44942749654,96224.4061429824,96262.10120542262,96449.88678,92603.6247842857,97892.14229542659,96321.04949993329,96321.40781579999,95879.11583068476,96141.52382453349
2,2014-01-09,96618.6283,96301.80289,96303.44009438214,96267.32828468499,96304.02853545733,96494.07136,92444.75808571429,97590.26588225513,96341.22591706664,96351.224466,96176.32587230328,96261.62669135164
2,2014-01-10,95408.08392,96618.6283,96639.2012253613,96605.32431600058,96640.42526287523,96447.223085,92702.3452357143,98169.36256342247,96588.22653086665,96575.30238519996,96291.31160970125,96494.9541521895
2,2014-01-11,95373.16595,95408.08392,95125.18878851474,95096.01734353437,95124.84818347756,95038.37369,99141.07423428573,100131.55635610306,95192.50029146673,95240.2366948,94931.42054034439,95073.31272511516
2,2014-01-12,95574.07874,95373.16595,95303.91441456304,95317.27403112948,95304.37097530907,95004.45704,91810.19133714285,97478.02871367529,95152.20359753341,95153.08282399998,95003.12076904709,95157.53279923667
2,2014-01-13,95574.48783,95574.07874,95618.45441910844,95608.25952939336,95619.14534260346,95349.61946,92012.30296857143,97777.30674872057,95486.62841933336,95486.66357919999,95220.88626360666,95438.59140411112
2,2014-01-14,95520.60754,95574.48783,95642.81256596372,95611.11136817833,95643.20032374599,95349.61946,92017.90893,97586.83144402206,95464.15369853335,95505.99724840002,95240.66748899112,95438.64418523427
2,2014-01-15,95564.81258,95520.60754,95521.42194529144,95488.27414993275,95521.74946970891,95349.61946,91599.13604999999,97544.50009822946,95447.9694814667,95468.93569580001,95214.80844989266,95383.68402709738
2,2014-01-16,95463.87074,95564.81258,95508.34908856444,95492.28882892868,95508.61995723372,95349.61946,92055.05814285715,97532.42958979242,95483.94033786668,95523.19273980001,95232.3115596172,95402.84690880419
2,2014-01-17,95445.08601,95463.87074,95213.562561244,95227.27993884048,95213.33867424759,95349.61946,91950.96693714286,97402.90599490721,95452.26187080005,95440.7702226,95200.86149035039,95293.46776666364
2,2014-01-18,95545.94456,95445.08601,95437.36980828064,95498.80376416324,95436.29708180748,95349.61946,92168.61055142856,97426.1475409901,95476.1329146667,95453.3397136,95281.92876358531,95418.95514747174
2,2014-01-19,95540.22912,95545.94456,95584.13238296802,95634.90509196513,95582.99414062868,95349.61946,92403.96551428572,97478.3823910736,95487.7724600667,95464.93132560002,95265.01924956181,95462.56560053122
2,2014-01-20,95539.33206,95540.22912,95534.70066505691,95568.69506508656,95533.6267726532,95349.61946,92438.70040857143,97321.52735616987,95480.8298278667,95452.98157140001,95247.01882596767,95432.18123964033
2,2014-01-21,95555.49521,95539.33206,95544.8787472492,95592.9691872267,95543.71428348258,95349.61946,92249.46209,97411.69997335727,95480.52265893336,95470.13460040004,95263.92833999117,95445.80672871707
2,2014-01-22,95573.36411,95555.49521,95569.1408138069,95623.38182674466,95568.01033957835,95349.61946,91967.84270142857,97383.14867022198,95481.05297140003,95476.64523020001,95281.92876358531,95462.12118724333
2,2014-01-23,95716.85393,95573.36411,95542.28855373542,95625.49501175569,95541.9239435095,95349.61946,92918.69878857143,97409.06099368732,95484.04997540003,95470.85573240003,95257.39086580474,95455.64528432016
2,2014-01-24,95908.37566,95716.85393,95735.36953037229,95722.25649917271,95734.42377803275,95349.61946,92761.24733285715,97503.91307736523,95573.34423553334,95544.5418162,95390.98873056272,95562.19648842292
2,2014-01-25,95871.92739,95908.37566,95929.98802265603,95903.18759290852,95929.2785597906,95349.61946,92985.2660842857,97750.73305622535,95649.08986460001,95589.56790139999,95492.30733157528,95681.52826302794
2,2014-01-26,95940.9181,95871.92739,95821.16446581655,95803.10541175706,95820.4261336942,95349.61946,92486.25348571429,97409.89423289825,95643.46644206671,95574.16525319999,95484.30248140302,95643.62477840895
2,2014-01-27,95941.54153,95940.9181,95925.1111186219,95908.57799332614,95924.48064897991,95349.61946,92500.80434428572,97448.75915358422,95737.13680226669,95672.00872660002,95484.30248140302,95710.00575899861
2,2014-01-28,95977.74938,95941.54153,95946.17324489166,95916.96163998907,95945.38240611812,95349.61946,92397.17510714286,97472.01915980993,95734.7734196667,95649.74157960001,95501.21199542652,95717.64901836077
2,2014-01-29,96030.15181,95977.74938,96001.43438781472,95970.84607801773,96000.64257881972,95349.61946,92334.23166857143,97453.27145073617,95729.88555760006,95610.51424,95501.21199542652,95733.9812103481
2,2014-01-30,96021.85667,96030.15181,96060.8236800725,96015.48428491213,96060.00205662906,96178.62419,92574.29324571429,97475.14015524022,96126.4178407333,96103.60575139997,95845.88148512405,95995.92787025649
2,2014-01-31,96048.42097,96021.85667,96011.92089757221,95952.17496679853,96011.00168220843,96178.62419,91995.72899857142,97336.18266408527,96124.39360259999,96090.49519160003,95852.41895931047,95976.32917623634
2,2014-02-01,96129.94413,96048.42097,95993.15305590938,95934.64367861184,95992.3912314962,96178.62419,91979.16987857143,97463.9492292106,96185.14089546665,96172.62236079999,95852.41895931047,95990.73451112966
2,2014-02-02,96140.39801,96129.94413,96097.70998320416,96040.36072893269,96097.14610626963,96449.88678,92136.93963857142,97477.50799207536,96193.68029979998,96176.66243119998,95835.50944528697,96023.18349133986
2,2014-02-03,96140.79232,96140.39801,96103.54504704553,96040.23841311954,96102.96674202119,96449.88678,91701.65988,97368.10817886342,96180.84942293332,96136.27785319995,95835.50944528697,96018.8657604466
2,2014-02-04,95872.60991,96140.79232,96130.10491422041,96065.29289707527,96129.49091740092,96449.88678,91965.50843999999,97448.83040908823,96201.67032759999,96165.68295999998,95852.41895931047,96039.79406132858
2,2014-02-05,95603.40466,95872.60991,95813.63370087251,95753.54470297035,95812.74039959004,95349.61946,92198.45979714286,97708.58936080246,95515.72073806667,95442.9930672,95463.02894900402,95577.431463347
2,2014-02-06,95629.65127,95603.40466,95514.88430919398,95482.40599317005,95514.4491354422,95349.61946,92346.79518571429,97732.95445928795,95414.49104126665,95413.96934360004,95231.75231260121,95376.21644901263
2,2014-02-07,95784.66775,95629.65127,95591.0099153277,95579.39770566724,95591.05087945443,95349.61946,91885.66636999999,97384.4112891114,95544.06622653332,95548.40431640003,95349.72745596853,95491.06379605636
2,2014-02-08,95656.55543,95784.66775,95767.59657504615,95748.40046749568,95768.14918097235,95349.61946,91743.76816571427,97684.46089538548,95545.3653518,95551.02455920003,95451.0460569811,95581.60395875893
2,2014-02-09,95673.67855,95656.55543,95548.276663244,95516.18560980065,95548.0375532177,95349.61946,91678.09300285715,97481.6722935549,95578.83223759999,95566.41846400002,95366.38077828787,95487.13287522951
2,2014-02-10,95673.88506,95673.67855,95581.56543423838,95556.48092258879,95581.30760246875,95349.61946,91692.48740857144,97381.63252855187,95572.9470359333,95539.78366140001,95373.44613690424,95500.95803180878
2,2014-02-11,95515.70551,95673.88506,95567.15326281973,95551.87645001311,95566.98766124902,95349.61946,91653.6276157143,97454.93736976068,95583.6711608,95567.69775540002,95349.72745596853,95495.09168892722
2,2014-02-12,95501.51469,95515.70551,95413.09093903008,95419.24751098364,95412.73849180654,95349.61946,91705.25559285715,97519.1533740652,95459.91225879999,95449.6286806,95220.48486616276,95366.54821198212
2,2014-02-13,95955.58913,95501.51469,95464.66992893809,95482.09869315808,95464.35564997997,95349.61946,91207.22071142857,97443.30271497302,95478.0217164,95452.54915680003,95257.39086580474,95405.8370917876
2,2014-02-14,95741.20335,95955.58913,95984.9446835548,95988.09218152531,95985.36430221862,96045.63114,93017.90161857144,98536.67876968787,95852.9388838,95821.09249640004,95507.38397579816,95782.80501370782
2,2014-02-15,95443.55877,95741.20335,95591.23134346533,95578.8722031827,95590.97140713653,95349.61946,91855.86106571429,97714.59993313081,95536.53974600001,95509.72519120002,95353.4733816984,95489.62844362704
2,2014-02-16,95412.70857,95443.55877,95285.02981113961,95293.40275169237,95284.58811367149,95349.61946,92153.41152857142,97845.54604549965,95446.63668440001,95419.72069280001,95257.32081131046,95332.45341580093
2,2014-02-17,95412.66245,95412.70857,95629.56067868262,95575.83538058652,95628.86266534311,95349.61946,91496.42922000002,97571.2869243591,95334.89927613338,95302.9051516,95158.78704940784,95356.50723537592
2,2014-02-18,95403.70747,95412.66245,95352.41454499855,95329.29403551397,95352.00886112264,95349.61946,91414.02412142858,97488.87939770169,95316.89344000001,95298.36614300002,95135.06836847213,95260.41861466203
2,2014-02-19,95411.58991,95403.70747,95395.62057847234,95343.80500692043,95394.99448924,95240.8939,92120.32744857144,97454.61693575431,95221.42613080004,95245.363926,95037.25818158036,95200.82977310027
2,2014-02-20,95497.54226,95411.58991,95406.0639868214,95345.78196367968,95405.44800785281,95240.8939,91448.92936285713,97494.77294580464,95239.83143226671,95253.7293836,95030.72070739394,95205.44470111345
2,2014-02-21,95447.36786,95497.54226,95360.66949335794,95297.81465350658,95360.21315728175,95349.61946,91287.65918857143,97481.91611058712,95486.02798386668,95436.75188479999,95240.66748899112,95341.50337545479
2,2014-02-22,95453.60266,95447.36786,95287.36250901426,95228.35657447086,95286.83128591054,95349.61946,91093.45912285717,97536.62153425167,95492.58794100002,95453.74160000001,95230.16091324906,95317.03514290665
2,2014-02-23,95453.42337,95453.60266,95352.71897391374,95312.69238156147,95352.48924279318,95349.61946,91043.01525571429,97514.41471754662,95503.81651540003,95453.30617760001,95249.29721667155,95355.26870454436
2,2014-02-24,95453.83467,95453.42337,95376.8944487521,95332.58954496958,95376.56515225732,95349.61946,91086.84685571429,97475.56363554783,95500.47600400003,95453.36660160002,95267.2976402657,95366.7877297451
2,2014-02-25,95783.73372,95453.83467,95405.31499086035,95341.83711509632,95404.93515000444,95349.61946,91393.11265571429,97556.42301400997,95485.14797093334,95464.2472706,95277.65785112933,95368.21431238634
2,2014-02-26,95768.50299,95783.73372,95802.45736477843,95733.43448462633,95802.65357357025,96045.63114,92690.75781142859,98244.95063556929,95659.50060400002,95640.79174520001,95503.11306334219,95632.01605065617
2,2014-02-27,95070.00346,95768.50299,95700.96796548496,95659.08566120455,95701.2206718384,95349.61946,91103.82555714285,97729.38872376549,95564.1146609334,95527.435264,95386.72964708018,95536.6433230727
2,2014-02-28,95179.26427,95070.00346,94841.7560754117,94791.92849310445,94841.20254882005,95022.71269583331,94283.73550714285,99319.43676207223,95022.47437340005,95025.06619579998,94745.30855212787,94853.23713954412
2,2014-10-01,106155.7807,95179.26427,93993.19733612,95258.48357538429,94034.63363438263,95240.8939,96606.41787285714,98087.57458109346,95106.69090173331,95135.6032682,95188.29180064867,95184.48875925543
2,2014-10-02,105425.9639,106155.7807,106765.79052573303,108327.27047914124,106825.36008176036,107122.2246,115049.00872857144,100271.3424462028,106434.63860933341,106407.147558,105352.71908777812,106704.87605875092
2,2014-10-03,104993.6192,105425.9639,103841.52521761724,105023.79920686792,103894.18111267842,103796.2359,121367.45464285712,100271.55169387202,105145.14405533326,105219.36961600003,104677.0501424313,104948.66446821083
2,2014-10-04,104519.6614,104993.6192,103242.04760376459,104590.24705596888,103295.46611865754,103796.2359,123600.3596,100271.53955766733,104266.58309399984,104230.50442400001,104005.86904098002,104287.56639698292
2,2014-10-05,104519.8069,104519.6614,102673.06951102425,104119.63602398372,102728.3993804139,103889.0868,121367.45464285712,100271.6296585661,104022.72395933325,103948.02622199994,103530.72336901049,103891.02778410916
2,2014-10-06,104522.5879,104519.8069,103078.19844472742,104505.46426745312,103133.7024466382,103892.8034,123525.12382857144,100273.72728320003,104166.21836933329,104056.86679599997,103646.38718169456,104106.02327282699
2,2014-10-07,104390.0454,104522.5879,104330.71139829975,105321.17829414946,104371.56569664387,103288.1536,115418.89964285714,100290.38391991188,104115.60961333329,103976.66615999996,103757.5903542307,104398.12608723783
2,2014-10-08,104238.9785,104390.0454,105209.44730040955,105881.45383048206,105242.20238310368,103288.1536,106817.06982857143,100229.05589539532,103967.37620399994,104001.32702799994,104081.53648114903,104643.45550521034
2,2014-10-09,104023.1868,104238.9785,102863.95119051378,103138.15050197032,102898.4320573005,103288.1536,114280.69882857143,99262.32346690065,103621.63273733333,103662.14505199999,103936.61180761938,103565.465015641
2,2014-10-10,103866.1399,104023.1868,102746.07767216461,103073.70391420957,102779.36650128085,103889.0868,114280.59670000001,99260.98716131978,103597.26530466671,103599.053738,103489.94714607525,103386.97212165051
2,2014-10-11,103759.1909,103866.1399,102681.78740447573,103058.78327052176,102714.09881845501,103889.0868,111017.6179857143,99292.22669787615,103608.12858933337,103560.872326,103501.09907542965,103389.33697842825
2,2014-10-12,103758.9491,103759.1909,102668.4240902804,103085.90268762063,102701.20375606146,103889.0868,110972.01051428569,99291.98196331329,103522.75377866671,103458.863862,103263.6046663765,103290.75371088793
2,2014-10-13,103758.6962,103758.9491,103182.28993100718,103383.45177054356,103209.82158799793,103892.8034,109737.57892857144,99371.70699870457,103555.29327533339,103467.241474,103281.49299681559,103406.74601423084
2,2014-10-14,103758.3644,103758.6962,102874.92805950293,103143.84045005539,102902.65114650618,103288.1536,108135.66971428572,99353.60030548106,103462.29241466675,103435.192446,103291.41040744266,103299.18109072158
2,2014-10-15,103605.7663,103758.3644,102782.67968202129,103822.63334992221,102811.42156074813,103288.1536,109840.74304285715,99480.44310384638,103353.37007200008,103345.64491400002,103291.41040744266,103489.13794312165
2,2014-10-16,103155.6173,103605.7663,102644.45921548248,103607.3672082175,102670.99382933485,103288.1536,113132.62074285714,99443.52749300454,103442.52371200005,103450.839978,103318.65081718932,103456.18057913562
2,2014-10-17,102944.2645,103155.6173,102209.11501855239,103104.85759941598,102232.88932716027,101501.8606,104362.40332714285,99623.41282900883,102851.21288333338,102726.94110400001,102720.40286395416,102892.15778223453
2,2014-10-18,102928.4548,102944.2645,102056.158298639,102912.72536862022,102079.536716223,101501.8606,112342.67102857144,99419.04898434371,102437.27134400004,102389.37526400002,102399.51302481235,102583.16991247753
2,2014-10-19,102928.5061,102928.4548,102249.39251725367,102972.87071494064,102267.86096022314,101501.8606,110761.82518571429,99342.3487976344,102495.87124533339,102416.72801,102423.32212288593,102630.68802771998
2,2014-10-20,102930.0362,102928.5061,102256.5101831087,102939.01290247896,102274.43454191247,101501.8606,110761.8251857143,99278.60845358917,102505.14299133338,102429.73725200004,102433.60530795588,102625.92040058941
2,2014-10-21,103040.3494,102930.0362,102241.4644953557,102877.5499098516,102258.837653951,101501.8606,109439.98974285716,99228.23963739346,102572.38930600004,102515.10962600002,102505.86854459163,102651.93592014776
2,2014-10-22,102803.8048,103040.3494,102380.7120874517,102928.57669885867,102395.5441250501,101501.8606,108862.38622857143,99178.73969215505,102679.9107286667,102587.18217000001,102505.86854459163,102704.785324039
2,2014-10-23,102670.8298,102803.8048,102017.65707346876,102533.81510777345,102031.49620669584,101501.8606,106710.67278142857,99047.41462323662,102440.35897933337,102447.02738399997,102443.48294162705,102472.5523429113
2,2014-10-24,102552.2124,102670.8298,101938.19195530374,102412.15369977191,101950.79726683174,101501.8606,104776.53583857145,98828.70209950647,102175.89453266673,102085.49499800005,102136.7685618165,102241.60559808504
2,2014-10-25,102773.1929,102552.2124,101872.39666358134,102258.6502921354,101882.76714277113,101501.8606,97097.09574428572,98763.58278807602,102128.02468266673,102078.20069000004,102099.64233212928,102162.10576897714
2,2014-10-26,102772.5195,102773.1929,102202.82766353711,102474.267743134,102210.45011695493,101501.8606,99544.64339428571,98885.2577023033,102468.55529600005,102413.336898,102276.60257898277,102406.47520603893
2,2014-10-27,102771.7777,102772.5195,102168.52862950202,102350.70562156818,102174.66691608007,101501.8606,97258.87142142859,98470.99276068766,102403.04135133339,102448.162642,102334.16628357761,102362.63775215973
2,2014-10-28,105240.384,102771.7777,102164.3086591269,102264.6657116789,102168.68606889655,101501.8606,97960.76654285715,98412.57340191453,102515.31262000006,102559.32171199998,102376.11259919059,102385.36364362319
2,2014-10-29,105046.0797,105240.384,105575.40834033425,105106.19386541059,105563.22908311816,103796.2359,110446.55485714287,100281.85368501265,104948.15183799987,105142.474156,105153.27196374064,105069.20588905037
2,2014-10-30,104902.0643,105046.0797,104924.48802882116,104241.41338153592,104907.12599215104,103796.2359,102799.2062,99571.1259810564,104816.81623533327,105037.40500399997,104366.80965128046,104475.01308938321
2,2014-10-31,104905.5001,104902.0643,104698.03456386481,104283.66911770392,104694.75331420681,103974.989,108829.68312428573,99741.31006845039,104576.80083533321,104593.55675399998,104341.57414189223,104400.68136497645
2,2014-11-01,102823.4104,104905.5001,104761.53672351078,104345.66622158598,104758.51378167448,103974.989,108834.68892714285,99729.44426071504,104570.81235266651,104581.24171999999,104408.1593393262,104441.5459711929
2,2014-11-02,102823.5062,102823.4104,102375.96825285461,101963.86487992389,102369.80979901974,101762.8341,110993.64111428571,100287.20413462719,102346.84949866672,102419.45704200001,102374.53888086154,102228.41775315073
2,2014-11-03,102824.2097,102823.5062,102972.10972989135,102554.01451211283,102965.37840553604,101762.8341,97229.00781714285,99057.94525656597,102407.5089673334,102495.89711,102499.95994711781,102487.16114218801
2,2014-11-04,102812.1739,102824.2097,103250.05264779428,102736.17001143117,103242.66308117764,101762.8341,102897.00435857142,99320.7091225869,102555.28929533344,102626.05447,102571.63230830035,102621.03053835499
2,2014-11-05,102653.6455,102812.1739,102801.74417617264,102167.09551367578,102793.9707022001,101762.8341,103575.68803714286,99347.24910266811,102564.28041533343,102615.44676600002,102475.25194663908,102402.20929188277
2,2014-11-06,102838.5512,102653.6455,102623.68542320826,101980.02059344135,102613.93031625138,101762.8341,99068.83639428571,99239.07773392356,102407.94815800014,102479.943582,102243.58447340236,102210.51774161462
2,2014-11-07,102722.8688,102838.5512,102767.83487508215,102163.97274511636,102758.08507554856,101762.8341,97087.87056571429,98945.45737949034,102480.6314313334,102597.265504,102460.29353595308,102368.29923746763
2,2014-11-08,104056.6379,102722.8688,102349.18126605562,101877.79390180812,102340.65921631461,101762.8341,97709.97259142858,98525.97443330516,102423.07968800006,102552.924276,102440.29255252279,102247.05538077699
2,2014-11-09,104060.6153,104056.6379,104339.14031600066,103887.50226117803,104330.82794054481,103593.2031,107482.51163285716,100346.03410215063,103537.16882666662,103589.93623400001,103687.13827640674,103703.93645475047
2,2014-11-10,104061.1947,104060.6153,104138.4100988516,103616.89753648634,104128.26392976359,103593.2031,98235.64347571427,98887.22649604574,103559.07715466665,103630.89504400002,103633.89100661439,103603.28856592246
2,2014-11-11,103943.9608,104061.1947,104091.21524321733,103765.73450137541,104081.76248965613,104412.1039,100817.47457857142,99087.427040544,103694.16206666669,103684.98710800003,103659.54177063733,103706.47944622648
2,2014-11-12,104058.4046,103943.9608,104022.68474219162,103650.78513240995,104011.22094344179,104412.1039,100764.13165142856,99040.00384683776,103645.89300733336,103680.35189400002,103595.27623250586,103630.6514574164
2,2014-11-13,104059.2481,104058.4046,104284.81585868687,103875.08567423915,104272.23347962215,104412.1039,98889.66665428571,99089.16797956443,103770.39262799999,103682.34524000002,103650.4699058486,103765.31606936258
2,2014-11-14,103676.9385,104059.2481,104295.95453526634,103848.3440011817,104282.6879642107,104412.1039,97993.12651,98785.21356544267,103898.45278266665,103905.44266800002,103642.32237230414,103796.37305205083
2,2014-11-15,103705.5991,103676.9385,104039.86430359838,103393.23528738334,104023.5657770804,104412.1039,96900.12745285714,98892.61210717421,103767.22568599999,103777.84223600003,103270.2801279298,103476.91370043771
2,2014-11-16,103705.359,103705.5991,103951.59289992586,103229.63902139368,103934.13419343231,104412.1039,97694.21297285715,98406.52976056244,103810.57246666666,103813.33763000002,103350.74005056145,103463.65051287394
2,2014-11-17,103706.4482,103705.359,104019.5631407728,103253.67399202069,104000.53737277181,104412.1039,97713.75842285714,98372.72596959939,103836.515178,103830.40757600003,103350.74005056145,103480.30974019405
2,2014-11-18,103546.4856,103706.4482,104059.81733902713,103272.30230006574,104040.10412117347,104412.1039,97848.48051,98429.97211440712,103750.25404000006,103738.63256400003,103352.35062950835,103458.30232319138
2,2014-11-19,102616.4388,103546.4856,103913.44402655949,103102.91267424515,103892.89130786607,104412.1039,97923.38848714286,98469.43564050602,103632.40025666673,103639.78851000001,103288.08509137688,103341.13267409627
2,2014-11-20,102527.9648,102616.4388,103027.36413516996,102089.47681609409,102999.33441363802,101762.8341,97578.50828857142,100036.12110209666,102428.39072133345,102452.04375600001,102111.6563085608,102209.84128199611
2,2014-11-21,102535.1188,102527.9648,103090.30548095162,102146.59014846472,103061.55987391315,101762.8341,97569.31964428573,98539.57565024034,102200.36741333341,102218.42168600002,102199.37521729544,102182.11092636453
2,2014-11-22,102504.6372,102535.1188,103162.4439020879,102312.57269628851,103134.14068353489,101762.8341,97278.70062428572,98653.64757213238,102231.07612533339,102275.95641600003,102225.82328878414,102256.49070346868
2,2014-11-23,102460.4898,102504.6372,103115.20790970139,102245.0427912539,103086.48434731911,101762.8341,97438.04527999999,98610.61396216265,102216.77469733344,102237.69102400004,102221.21969996781,102227.67906285172
2,2014-11-24,102462.1742,102460.4898,103107.47635587316,102192.63743699767,103076.97283039725,101762.8341,97644.66395142858,98539.9201120301,102203.42610333343,102237.56111600004,102216.42197218843,102204.1618375065
2,2014-11-25,102474.9089,102462.1742,103045.88608968745,102149.67299154667,103015.97991465649,101762.8341,97698.34625571428,98475.61092490844,102336.41832266677,102304.25372200002,102180.09208412525,102222.06113277956
2,2014-11-26,102330.0985,102474.9089,103049.58686984834,102158.19818203387,103018.08132040432,101762.8341,97933.18348142855,98373.091925247,102351.17578133344,102308.03089600003,102192.13971976133,102233.8378943762
2,2014-11-27,101700.9192,102330.0985,103066.81905288533,102186.58547435906,103036.0213156738,101924.0082,97674.67929571428,98443.59383369613,102330.01829200011,102329.01239400003,102151.87022715669,102222.82466450527
2,2014-11-28,101667.0155,101700.9192,102357.58312789006,101446.28160575875,102325.97122682206,101050.985,96106.5909,99412.83933362376,101364.22796333331,101273.18045200002,101227.45844719664,101345.9893387629
2,2014-11-29,101521.6334,101667.0155,102408.3095988523,101526.95345143047,102377.64362973033,101050.985,97192.47037142857,98456.94483512234,101414.87774666667,101319.77075200001,101346.20519229177,101429.34546346297
2,2014-11-30,101511.8758,101521.6334,102303.19322034078,101395.10092126155,102271.21985047086,101050.985,97545.64985142858,98516.53784835569,101297.54194799997,101267.99264799998,101373.21337733127,101355.28541553092
2,2014-12-01,101512.2602,101511.8758,102390.19119420818,101404.32966205139,102355.23387504225,101050.985,97644.66395142856,98413.33596619352,101298.83713466664,101243.17583399998,101403.59423438458,101368.92034370087
2,2014-12-02,101075.4205,101512.2602,102492.23263662422,101416.0540987569,102454.17960030814,101050.985,97285.83694142857,98462.48560956681,101303.32851599995,101226.126904,101351.09945990265,101356.82735821983
2,2014-12-03,100517.4727,101075.4205,102064.87866706176,100836.07662867902,102022.23136983016,100706.7059,96120.94910714286,98993.58775050536,100831.89175033328,100885.73517260002,100567.87911832644,100745.28249911293
2,2014-12-04,100120.1823,100517.4727,101492.46405426238,100243.21880365002,101447.76284178562,100706.7059,96312.59817857142,99335.19448641673,100423.00886313316,100530.26870340001,100413.33073544547,100359.85280074288
2,2014-12-05,99554.71523,100120.1823,101229.56879018652,99989.33585338909,101184.27194801655,99494.96052,96677.11258285714,99017.23725074019,100090.50628286658,100073.16639240002,99963.18229655623,100014.34147760396
2,2014-12-06,99536.4892,99554.71523,100678.1024865461,99385.31861177736,100631.1258976222,99215.71111333334,96426.23392714288,99601.00779597159,99682.11104440001,99647.70409440003,99340.44322965658,99469.29096194466
2,2014-12-07,99551.07571,99536.4892,100920.62350896087,99530.24311534013,100869.77176161515,108637.2762,96081.96265142858,98940.15536715026,101109.75744073337,101343.86425640006,99530.23631867139,100056.74562491495
2,2014-12-08,99551.79923,99551.07571,100987.69302543944,99553.89885428373,100936.52494583398,108637.2762,96203.70544571428,98912.4158293329,101115.93742933334,101333.51246380006,99467.85722527781,100045.89783629829
2,2014-12-09,99953.20257,99551.79923,101020.41521202352,99545.0857919003,100966.48019066796,108637.2762,96270.08866571428,98771.75948551175,101101.82060866672,101323.33874840006,99428.59441830184,100025.16693962296
2,2014-12-10,99991.89306,99953.20257,101395.98035185187,100014.63669726317,101345.1033484195,108637.2762,96508.60918714285,99112.26435714462,101566.3797085333,101996.73573180007,99657.24183288253,100412.75274622632
2,2014-12-11,99966.01331,99991.89306,101468.32324877229,100025.57754898528,101414.66309110899,108637.2762,96897.69996571427,98457.94580795262,101629.53431099998,102053.52491040004,99638.3905393662,100431.16746645048
2,2014-12-12,99990.7995,99966.01331,101436.93576868238,100027.5113399391,101383.15146241564,108637.2762,96667.17111142857,98406.54480038173,101624.01336273336,102019.28700180007,99635.58290899865,100429.03587055703
2,2014-12-13,99268.19811,99990.7995,101634.61571008003,100201.02405542266,101578.84298814273,108637.2762,97386.42989142858,98514.12059778113,101636.82691126667,102028.53423760006,99645.8660940686,100494.57235358597
2,2014-12-14,99268.60813,99268.19811,100797.0504911014,99353.82444323375,100740.25036684542,108637.2762,95313.63546857143,99628.31023881833,101028.59762540009,101456.7676788,99081.01080072326,99821.1442897857
2,2014-12-15,99269.02312,99268.60813,101009.5539647808,99562.16065460711,100952.32665143382,108637.2762,96879.82075428571,98378.63721922153,101158.7128571334,101597.50630920006,99185.17904521152,99968.68418565068
2,2014-12-16,98848.93744,99269.02312,101186.09416957668,99625.70139874326,101126.0009494616,108637.2762,96739.74352714284,98483.06023550147,101141.55748246674,101595.91686700004,99145.91623823556,99971.05837314851
2,2014-12-17,98715.82578,98848.93744,100708.61189649138,99040.6476571507,100645.58834339787,108637.2762,96120.94910714286,99048.47970878318,101081.8728468001,101526.16275020003,98704.10107162314,99608.87385852465
2,2014-12-18,98572.14495,98715.82578,100652.3205052762,98937.51006960208,100587.64014210433,108637.2762,95685.34461857143,98604.9423508894,100908.1196401333,101365.28736500004,98601.5918730082,99482.40719424786
2,2014-12-19,98635.0418,98572.14495,100548.77180567343,98718.10716527357,100481.45959275728,108637.2762,96748.62436428573,98500.06407575037,100928.91530219994,101377.3570736,98585.79283946555,99410.93843564636
2,2014-12-20,98507.85487,98635.0418,100583.88721562277,98772.05398713713,100516.55375308456,108637.2762,95768.10505857143,98441.51097180713,100994.56691899999,101384.05865500002,98650.05837759702,99472.22642791137
2,2014-12-21,98552.62299,98507.85487,100515.87723535158,98762.20486422184,100449.23724148315,108637.2762,96889.17992000001,98363.07174193708,101576.77311893334,101762.14553960001,98648.65714244972,99662.5450418683
2,2014-12-22,98552.6011,98552.62299,100700.7390509144,98885.11371537359,100630.77553995534,108637.2762,96077.95706714285,98321.52872924527,101877.5078368667,102144.93768520001,98689.32118457298,99817.31424560443
2,2014-12-23,98194.16097,98552.6011,100682.42875534647,98908.01105283853,100612.08117091285,108637.2762,96540.01686142858,98329.08295607453,102215.08252353336,102319.32383960002,98650.05837759702,99924.3839846563
2,2014-12-24,98239.76973,98194.16097,100327.3963212598,98582.50660616055,100256.40788369007,97541.53644,96443.81798,98731.19531020614,99858.54385846671,99683.32139059999,97997.21127894775,98812.75391452502
2,2014-12-25,98049.32145,98239.76973,100856.96437856334,99016.57766285496,100783.11454049841,97541.53644,95101.06142571429,98467.97475550357,100222.99625033335,100148.39436480001,98077.27585062188,99105.61658793672
2,2014-12-26,98049.33602,98049.32145,100641.9474785005,98807.77713824477,100567.84455340201,97541.53644,95568.01933142856,98485.86737995822,99433.37714293337,99656.68182560001,97802.27352651407,98681.14260256407
2,2014-12-27,98047.47358,98049.33602,100322.80970691831,98499.63742164754,100249.54944203934,97541.53644,96083.52983857143,98315.99916296202,99435.5173824667,99225.17550459999,97869.92673326886,98601.69384579438
2,2014-12-28,98057.04013,98047.47358,100345.3511949655,98536.66143231244,100272.09675055883,97541.53644,96438.88446571429,98263.35661739869,99442.97247460004,99215.71670199998,97909.18954024483,98629.6078157191
2,2014-12-29,98057.04914,98057.04013,100355.27941767013,98551.97100695345,100281.88089958866,97541.53644,96218.93166428572,98218.27015804178,99936.56970406671,99633.45795459999,97909.18954024483,98799.24341708834
2,2014-12-30,98116.68054,98057.04914,100378.84326647503,98549.89876821963,100304.55062031292,97541.53644,96499.61296285715,98256.75653644878,99920.68611006672,99619.60266219999,97869.92673326886,98780.17053718508
2,2014-12-31,98243.47862,98116.68054,100531.68287887033,98714.84229619344,100456.97349147624,97541.53644,96116.25164571429,98270.15283832788,100394.63210180003,100282.14753500004,98094.37638868761,99067.95026222702
2,2015-01-01,98343.49626,98243.47862,100983.63395321947,99061.82417908969,100907.34147843647,97541.53644,96278.00043285715,98472.40454781667,101194.48892906672,101152.15417480005,98127.40568038641,99461.23959618092
2,2015-01-02,98343.69374,98343.49626,100758.3214491104,98906.31490783706,100683.01607700008,108637.2762,96382.74876,98283.64088507045,103106.51539740004,103363.48716420008,98682.9579492054,100231.9294181475
2,2015-01-03,98684.73359,98343.69374,100707.71417129383,98847.83018433984,100632.82641202796,108637.2762,96782.78253571426,98275.87336423495,102914.31968893335,102969.09849260007,98720.6606598409,100160.93684437136
2,2015-01-04,98684.84818,98684.73359,101213.69599692833,99278.37551963024,101135.70506882425,108637.2762,95235.31788857143,98886.82779414125,103081.42114666667,103144.77287140006,98741.2242521474,100367.00697281475
2,2015-01-05,98685.22039,98684.84818,101244.56115168172,99250.02518480911,101164.2248702817,108637.2762,96936.75240428573,98352.27255591692,102599.60582579998,102733.56000340005,98734.59967520439,100194.74356193782
2,2015-01-06,98917.39578,98685.22039,101289.79588352918,99266.04802281747,101209.1291860672,108637.2762,96329.4545457143,98398.69107169723,102598.06892046664,102727.28404100008,98735.96506318763,100200.02733549058
2,2015-01-07,99548.91245,98917.39578,101535.70014481572,99536.24941685877,101456.4346647867,108637.2762,96651.24099285714,98700.88416479401,102827.08088453347,102885.99500820007,98878.24867193209,100413.85965777478
2,2015-01-08,99601.00088,99548.91245,102181.34942001844,100173.9514285874,102104.35982017068,108637.2762,98541.93186428571,99753.29624117656,103071.85890546671,103049.74330100005,99563.85310170318,100936.55447858576
2,2015-01-09,97724.39232,99601.00088,102050.7202600112,100063.15150492844,101975.12811195542,108637.2762,97350.95416714285,98664.4097915788,103068.1065772,103121.59654700007,99476.09736114349,100869.11848109064
2,2015-01-10,97711.27485,97724.39232,100041.34120012773,97947.75949626791,99957.49096763256,96127.47034,110703.68299142856,100290.42902092595,98209.30700586668,97963.21248599999,97408.71315647801,97855.2598862042
2,2015-01-11,97752.80457,97711.27485,100321.47092282225,98293.1044224057,100239.37764706215,96127.47034,96359.7402,98522.83732174619,98105.52197273335,97939.96951719999,97536.00682165036,97978.21107226313
2,2015-01-12,97753.03643,97752.80457,100413.82794001512,98376.20419927704,100332.97047904629,96127.47034,96072.7624642857,98624.05309299081,97694.3797582,97537.79967100002,97544.01161601642,97871.53185783116
2,2015-01-13,97890.22511,97753.03643,100494.6455002443,98428.52577809879,100413.38273944761,96127.47034,95742.11948142856,98763.98290929108,97608.41260680002,97517.32074699999,97520.29293508071,97852.41043999318
2,2015-01-14,97923.04165,97890.22511,100684.67473953731,98570.41899930546,100601.55981386449,97990.59788,95742.11948142856,98840.29857449191,97903.82796353335,98066.1385264,97879.80479998191,98118.01725427357
2,2015-01-15,98087.29608,97923.04165,100433.15364966834,98359.07975294371,100350.5390131322,98081.78057624999,96072.7624642857,98556.37898430602,97898.38581313335,98057.70366499998,97880.05970748431,98045.84175785379
2,2015-01-16,97964.66565,98087.29608,100459.84476387447,98434.16402807938,100376.36694171853,97541.53644,96127.21858571428,98411.6510750626,98000.42344673333,98075.31207759997,97870.90013613067,98101.8292036478
2,2015-01-17,97987.57325,97964.66565,100616.2986288802,98690.66723726352,100532.31463609725,97541.53644,96659.72297571428,98311.0337239475,97959.85767853331,98091.74057879999,97849.95204220488,98166.82565266725
2,2015-01-18,97988.1686,97987.57325,100667.30680325128,98749.59845760696,100583.59487891753,98072.10805,96705.77674714285,98258.90940744698,98041.76729799996,98184.1573884,97886.15613695845,98225.84063085512
2,2015-01-19,97988.33506,97988.1686,100722.506527833,98771.10576888091,100637.49826548784,98072.10805,96614.97059857142,98219.1922218648,98024.98074286664,98168.3952474,97886.15613695845,98227.41421623534
2,2015-01-20,98114.97025,97988.33506,100800.3866607172,98828.68323510261,100714.15204079237,98072.10805,96822.56115857142,98289.12823487562,98018.00328299997,98155.466029,97903.06565098195,98249.91738969485
2,2015-01-21,98169.86733,98114.97025,100948.85001426419,98996.18991988995,100862.19876270491,98072.10805,96739.02307,98398.9008942243,98225.41699053331,98201.140714,98119.55885874739,98447.0552563902
2,2015-01-22,98432.08249,98169.86733,100991.52244325538,99019.02304271395,100903.9031772392,98072.10805,96586.65208142856,98337.91525897292,98331.00118319999,98458.31419379996,98102.00884562492,98484.01102384628
2,2015-01-23,98610.09154,98432.08249,101235.35527910737,99123.58505166988,101148.22753240853,108637.2762,95698.77928142858,98634.70881726059,100881.3907303333,101167.90315900002,98699.23575541395,99568.07051247238
2,2015-01-24,98747.01518,98610.09154,101371.15504611423,99270.82040609741,101284.93479057359,108637.2762,96331.82685714285,98604.17543495896,100847.71889039993,100919.50844960003,98699.23575541395,99605.92501730377
2,2015-01-25,98748.58344,98747.01518,101557.47877197679,99404.78367779701,101469.3221368426,108637.2762,96602.57317142856,98586.78358178884,100889.03544613325,100963.30593600005,98691.23090524168,99661.6833430573
2,2015-01-26,98747.82416,98748.58344,101616.6675596552,99414.35370944897,101526.56450748994,98637.930445,96736.46855714286,98474.41978445623,100574.48984606659,100359.20270320002,98691.23090524168,99560.02482025242
2,2015-01-27,98712.27768,98747.82416,101700.05570940711,99467.89552267235,101608.53770709368,98478.50665899998,96809.5815,98518.50806588617,99341.92878086658,99113.49140100004,98708.14041926518,99172.65490760138
2,2015-01-28,99166.78843,98712.27768,101693.4419902812,99428.66788550348,101600.81991301363,98478.50665899998,96748.14413142858,98448.45177044442,98958.06462673326,98877.46697840003,98687.92801106257,99024.88684109977
2,2015-01-29,99198.63929,99166.78843,101700.06916061042,99802.95523514428,101624.31362692613,99174.17532571428,96273.72575857141,99175.83236797727,99379.70277740015,99191.39346620001,99107.47258106868,99430.04353120438
2,2015-01-30,99119.99639,99198.63929,101608.70353153674,99667.30213087896,101532.81798287836,99174.17532571428,96670.58771285714,98273.784105732,99352.49826673346,99161.24894399996,99048.47544830931,99356.09194864058
2,2015-01-31,99192.06321,99119.99639,101458.26816028745,99519.84067297212,101382.64564663482,99174.17532571428,96671.37193714285,98305.97116564673,99332.81088360009,99130.68508279997,99022.02737682061,99291.55964446427
2,2015-02-01,99191.70421,99192.06321,101516.11547776304,99589.93471227605,101441.18591453428,99174.17532571428,96691.47715,98319.90090268268,99380.95337353346,99180.45860819999,99031.56593428581,99334.15134003176
2,2015-02-02,99192.21778,99191.70421,101567.99877875899,99617.21379514149,101492.39614672057,99174.17532571428,96691.58863000001,98252.2295179048,99349.9902280001,99139.47150799997,99031.56593428581,99332.92331914247
2,2015-02-03,99097.64021,99192.21778,101704.05065550034,99696.63094557091,101625.77406295859,99174.17532571428,96722.02301857143,98329.01625933319,99340.09154053344,99138.17336379997,99048.47544830931,99361.73264480456
2,2015-02-04,99085.61173,99097.64021,101712.86720611072,99660.18879308838,101632.27113779481,99174.17532571428,96599.91132714287,98280.57317929994,99291.1868561334,99083.47878379999,98984.20991017784,99311.8618531332
2,2015-02-05,99105.7538,99085.61173,101675.22413347232,99592.65767260636,101593.29140129568,99174.17532571428,96522.52072714285,98265.65801887406,99293.19955553344,99077.76928319997,99020.6422501169,99302.16649275225
2,2015-02-06,99070.06623,99105.7538,101671.82536188244,99616.2705674218,101590.90998313636,99174.17532571428,96616.82081857142,98240.8389133796,99302.20041560009,99082.1773056,99048.47544830931,99322.3154771104
2,2015-02-07,98567.61368,99070.06623,101612.43158643755,99597.93561945636,101532.38530233953,99174.17532571428,96344.03261571427,98319.1546719765,99297.03020866675,99070.98530939998,99028.2630401067,99307.74295607659
2,2015-02-08,98496.31345,98567.61368,101096.01832660567,99009.07299333361,101011.3892363938,98478.50665899998,95286.64305857143,99053.05075008444,98786.19577386662,98630.58135659999,98633.15793438134,98809.47556719386
2,2015-02-09,98496.54472,98496.31345,101127.76704939186,99044.41123688672,101043.06211905625,98478.50665899998,96136.44681285716,98292.29315810023,98796.38836359994,98626.547542,98682.15017771214,98840.9832593996
2,2015-02-10,98403.18658,98496.54472,101205.5465877027,99080.55737535084,101119.63222525657,98478.50665899998,96292.51897857143,98370.4372787523,98830.46464279993,98647.02124580002,98684.87956826514,98865.30052880531
2,2015-02-11,98438.86853,98403.18658,101161.52190281771,99026.19288834519,101073.80459687307,98210.15541,95911.38442,98380.10379082501,98692.25658713326,98474.6369572,98620.61403013367,98779.68783520402
2,2015-02-12,98435.60356,98438.86853,101222.5055820014,99069.04630425619,101133.92853622421,98210.15541,96313.11092571428,98388.66003119438,98683.30871493327,98460.15371739998,98685.13447576754,98812.49649831901
2,2015-02-13,98395.4201,98435.60356,101081.9274912456,98972.35889990618,100995.41902330905,98210.15541,96168.18746571429,98291.17718351605,98660.60281486656,98444.005769,98684.87956826514,98772.61376101263
2,2015-02-14,98439.24122,98395.4201,101015.96088047998,98901.63239735654,100928.34635026955,98210.15541,96229.62521142855,98339.13773539355,98641.97702953326,98432.45310259997,98658.43149677644,98734.01364122207
2,2015-02-15,98439.24217,98439.24122,101229.96419156813,99082.10786609528,101139.95963872709,98210.15541,96482.10068285714,98325.08054610377,98690.36997559993,98478.05659599997,98691.23090524168,98821.23624897895
2,2015-02-16,98439.27876,98439.24217,101571.71843886272,99344.131771431,101480.78201114948,98210.15541,96523.68065428572,98391.72074812894,99241.27190533327,99299.33076880002,98691.23090524168,99092.21152733533
2,2015-02-17,98428.19801,98439.27876,101300.09736131951,99097.34412755842,101208.53863307231,98210.15541,96511.28033428572,98346.85862366103,98688.27333939992,98468.86212220001,98708.14041926518,98831.25262874119
2,2015-02-18,98434.83241,98428.19801,101338.60801360523,99103.81138901965,101245.84887873687,98210.15541,96415.80469714287,98331.92050198432,98689.57662386657,98470.17461959999,98697.85723419524,98830.41508236049
2,2015-02-19,98486.71661,98434.83241,101304.30032458664,99074.7334619566,101212.06515812616,98210.15541,96262.09383571427,98340.525334663,98689.81078179991,98477.79068819998,98690.59040614271,98818.37821663306
2,2015-02-20,98462.27263,98486.71661,101326.98578043233,99093.96542594083,101235.22949888457,98478.50665899998,96395.69258857143,98314.2131020733,98820.43334579996,98657.90307659999,98686.58496393343,98866.99457855808
2,2015-02-21,98827.08134,98462.27263,101300.35276047824,99020.9873580947,101208.41416809113,98478.50665899998,96091.76190714285,98359.55396785427,98827.92027186658,98661.12519539999,98676.30177886349,98841.73646960825
2,2015-02-22,98797.14201,98827.08134,101714.16235435913,99421.4055503549,101623.13306298965,98636.32203,96650.39688714284,98942.82423940068,99100.46852373343,98960.70660219998,98822.61528458726,99114.82978622521
2,2015-02-23,98797.24298,98797.14201,101624.98175222693,99316.48396195527,101533.83751081317,98478.50665899998,96140.82411571429,98355.24556593213,98909.79016019999,98754.36663039999,98651.7414324112,98959.33851818882
2,2015-02-24,98886.42254,98797.24298,101648.88021338072,99330.56429518128,101557.63404572592,98478.50665899998,96261.39792857144,98427.89506953159,98918.61673333331,98753.50744340004,98682.31405147746,98977.16502666402
2,2015-02-25,98955.81617,98886.42254,101714.04958188435,99425.65048202853,101624.28652573364,98636.32203,96223.25372428574,98485.96988492097,99131.1050943334,99027.27523639999,99003.22065411872,99186.65874349355
2,2015-02-26,98994.75064,98955.81617,102540.94672457976,99710.21419044936,102428.15725632836,98636.32203,96079.53869857141,98766.4829606,99164.61315613345,99044.19979180001,98664.30511213116,99179.71081957132
2,2015-02-27,99101.54533,98994.75064,102674.44014071465,99756.94780488855,102558.79989611643,98636.32203,96374.80702142857,98694.0442457727,99175.39903993344,99032.305429,98678.02159753845,99203.45614745347
2,2015-02-28,96511.58118,99101.54533,102798.47668295317,99887.70490722165,102683.40107626069,99174.17532571428,96318.05106857143,98804.84600653505,99361.56122000006,99164.81328719998,98829.91150244324,99359.72587655498
2,2015-03-01,96534.22777,96511.58118,98993.446276325,96479.95270566284,98894.70228226885,96252.83687,108129.88685714288,100280.3474335719,96351.66320986667,96364.61539599998,96359.12317473927,96396.91303008959
2,2015-03-02,96534.25822,96534.22777,99530.92650675857,97094.8654482817,99434.7140288727,96605.20280666667,99638.9587642857,99469.22869108306,96418.71184740009,96460.05531960001,96500.31491948938,96671.29740505705
2,2015-03-03,96745.69433,96534.25822,99639.30877371092,97140.23451053794,99542.72271923308,96472.74625,103379.42322000001,99664.87741583624,96396.50150860011,96432.3512158,96528.65427607324,96688.4634317371
2,2015-03-04,96809.20535,96745.69433,99906.14650215834,97365.1766971748,99809.0029939185,96472.74625,101668.46799857145,99702.1835231818,96474.69450573345,96532.35994819998,96590.36608219445,96810.07909503423
2,2015-03-05,96708.90687,96809.20535,99900.88068192702,97325.34141372063,99801.953423584,97029.42838666668,99638.95876428571,99517.45815992216,96813.17099079998,96862.09790960002,96759.29836086153,96965.93692179404
2,2015-03-06,96700.69753,96708.90687,99600.49799503262,97071.04277075856,99501.5499552657,96472.74625,96100.49944142858,99247.67345594228,96469.8877494001,96527.49867199999,96447.21136579741,96662.71396198536
2,2015-03-07,96649.48235,96700.69753,99367.30611843138,96950.41670903323,99268.03466263543,96059.11408,95777.56620285715,98916.95279001673,96480.41421166676,96486.1928006,96375.91895819077,96602.24995963025
2,2015-03-08,96657.32922,96649.48235,99796.74279872612,97483.97757653974,99697.2388364494,96059.11408,95661.94153714286,98732.95675515477,96537.64351893337,96556.08031900003,96472.44032418208,96831.35380655174
2,2015-03-09,96658.37693,96657.32922,99880.98137638754,97527.00162858183,99779.78278614164,96059.11408,95624.87499,98719.08009183352,96529.3108488,96553.8389692,96492.6527323847,96849.65506992217
2,2015-03-10,96760.10175,96658.37693,99871.27663533106,97538.48271832544,99771.39064497685,96059.11408,95843.45126,98745.04271723254,96491.42946000003,96508.03355260003,96478.71371702121,96836.20863178222
2,2015-03-11,96763.03234,96760.10175,99979.63203886438,97612.88195082507,99878.98081415404,97163.22563,95878.71821285714,98795.33744952283,96795.61994966674,96809.20495560001,96628.48358567887,97012.32849539023
2,2015-03-12,96806.43794,96763.03234,99960.36894413302,97562.70073307175,99858.43286053464,97163.22563,95728.71340142858,98766.70348676151,96827.60344966674,96865.3855976,96692.09201277318,97027.46539850389
2,2015-03-13,96750.28325,96806.43794,100019.9727763469,97617.95304104747,99917.66763268024,97163.22563,95951.08704428571,98758.27679779871,96789.86114700003,96808.24898640001,96667.78095757261,97025.19838187337
2,2015-03-14,96788.57556,96750.28325,99980.93717691678,97376.58837524716,99877.52562763068,96059.11408,95937.51433428573,98772.43058745172,96573.30947413342,96590.05821360003,96485.5994727184,96811.83244069964
2,2015-03-15,96785.54113,96788.57556,100076.43209006147,97456.50501898605,99972.24337878551,97163.22563,95964.6254742857,98767.6393330624,96783.49319980004,96810.78701760001,96681.7199729361,96973.90606390739
2,2015-03-16,96786.34905,96785.54113,100158.07540162664,97485.55650660905,100051.87142015243,96760.409605,95817.22130714286,98760.89086664269,96760.52396906671,96794.11821500001,96681.7199729361,96975.93348287062
2,2015-03-17,96801.788,96786.34905,100206.80532299184,97533.07130222436,100100.11605903758,97163.22563,95898.78271571429,98815.60654462408,96812.89478720007,96862.30867460003,96675.92828456566,97007.29812466337
2,2015-03-18,96811.44481,96801.788,100232.803802404,97545.05278369752,100125.5040478395,97163.22563,95905.95350142858,98809.69207980634,96833.04067246671,96842.19861200005,96689.06343740011,97022.38563118811
2,2015-03-19,96704.09106,96811.44481,100259.10583886702,97546.61711584074,100150.91801803734,97163.22563,95806.62284428572,98824.82077994944,96827.17439240002,96848.10802940004,96713.37449260068,97029.05533361381
2,2015-03-20,96965.43026,96704.09106,100105.34536778727,97394.71685621332,99997.0685221957,96059.11408,95661.20077714288,98797.74952329251,96532.8103277334,96537.8878604,96476.45029327822,96801.32582574165
2,2015-03-21,97276.61136,96965.43026,100439.28655651736,97730.84633152664,100331.54470413939,97163.22563,96341.73637285715,99097.382758769,96889.52927386668,96883.02214980003,96711.62478005784,97110.66679515038
2,2015-03-22,97278.13087,97276.61136,100720.23703464321,98027.89515422453,100613.89580653881,96127.47034,96725.17923857142,99195.22451265318,97272.20905393329,97288.19230519999,97186.22312838328,97495.44244551369
2,2015-03-23,97278.97047,97278.13087,100700.29219843762,97999.91741892639,100593.69628863536,96127.47034,96275.40594428571,98874.71390808033,97298.8054397333,97286.11112679998,97176.99313455031,97491.90533107
2,2015-03-24,97191.99032,97278.97047,100658.51757690097,98026.70351582128,100553.89565912243,96127.47034,96533.26011142858,98906.38301901156,97333.84080486662,97312.47236359997,97178.35852253356,97512.96761440714
2,2015-03-25,97166.86393,97191.99032,100582.26822001446,97958.85291579494,100477.1425670401,96127.47034,96435.18441857143,98882.99354566769,97120.66047033324,96933.65033959998,97007.44300278321,97362.3187963038
2,2015-03-26,96953.80007,97166.86393,100569.59959288106,97972.65157704054,100464.78564596442,96127.47034,96054.93350142858,98858.07882972035,97067.34451459991,96962.81076019997,97026.37887776972,97355.45832313671
2,2015-03-27,96934.14243,96953.80007,100389.22137517318,97796.54286205847,100283.84343183687,96694.06283,95539.56833857142,98884.51682492848,96806.71361813329,96809.30293060002,96694.18460266592,97099.14702761923
2,2015-03-28,96868.82893,96934.14243,100390.51043777437,97803.00089059671,100285.0825265596,96694.06283,96321.9896,98826.55039035108,96786.62223906662,96765.53777280002,96738.81639752224,97109.47984239519
2,2015-03-29,96868.65148,96868.82893,100287.05600530685,97702.30178582852,100181.2755536969,96760.409605,95765.83443428572,98804.46904730369,96753.13792926664,96775.2392898,96697.87899781627,97051.10623763716
2,2015-03-30,96869.2975,96868.65148,100268.4727539694,97644.70484948278,100162.53020891307,96965.5756,95967.93896285714,98740.87443316853,96824.02497559995,96833.9941724,96718.09140601888,97062.27374370054
2,2015-03-31,96892.08081,96869.2975,100273.95082328176,97660.31010718131,100168.26477945723,97140.05201,96265.83179428571,98781.24826395113,96949.95806566658,96982.78156619999,96694.37272508317,97101.54696597702
2,2015-04-01,96735.58232,96892.08081,100292.58433025399,97700.771236598,100187.37156663756,97140.05201,95926.9538114286,98760.64214675008,96985.81965286656,97040.50085160002,96694.37272508317,97126.98787151591
2,2015-04-02,96979.18523,96735.58232,99788.1511342656,97406.50817866447,99691.6137537957,96477.434755,95915.88943142859,98698.3977870264,96566.2203263334,96563.00980480004,96328.93386960111,96767.220791533
2,2015-04-03,96987.6524,96979.18523,100383.14082204911,98008.19039208586,100288.3133572135,97140.05201,96920.32554714287,98938.27306264035,97078.08205066653,97099.2644144,96761.53154101888,97282.60132792375
2,2015-04-04,96987.51348,96987.6524,100020.39181585246,97728.02249633516,99925.94613216598,97140.05201,96800.94397285713,98675.85292715237,97097.21451999988,97124.5833596,96770.43620487012,97198.55774040171
2,2015-04-05,97001.59252,96987.51348,100031.21254240723,97747.35681955435,99936.74185658501,96769.30865,96000.11580285714,98648.19223983314,97094.93986826653,97086.46691819999,96753.52669084661,97198.60779288916
2,2015-04-06,97001.32229,97001.59252,100051.06030795941,97782.00741086254,99957.08349943704,96851.57677833334,96145.48862142858,98627.93995756029,97088.45033513318,97085.9549982,96753.52669084661,97207.99481228077
2,2015-04-07,97008.80195,97001.32229,100024.32038852501,97785.30764245725,99931.89935978418,96851.57677833334,96360.27304714287,98654.85408984267,97131.08099446654,97115.10730179997,96770.43620487012,97228.94161393131
2,2015-04-08,97123.95664,97008.80195,100068.22664934784,97808.08880481352,99974.88554064717,96851.57677833334,96199.3540557143,98650.28736494292,97116.72671799986,97103.31005499997,96770.43620487012,97231.75057589449
2,2015-04-09,97218.457,97123.95664,100002.4339796189,97900.66432689432,99916.51397436322,97291.0685,96139.92280428573,98650.30836970209,97427.8999807998,97411.46987839999,97213.93188977175,97514.16539915529
2,2015-04-10,97397.78736,97218.457,100032.30033210649,97916.57959240336,99946.571860666,97500.21279,95944.3381257143,98584.7926118006,97463.82128779984,97409.35388899999,97231.48190289421,97537.29426103248
2,2015-04-11,97565.35971,97397.78736,100219.12924101012,98100.98414625552,100133.57678096442,97500.21279,96446.79472285714,98791.82146640812,97552.03765693324,97567.7509862,97373.2803505907,97675.43405125983
2,2015-04-12,97597.72717,97565.35971,100285.69936106847,98244.90780271654,100203.28426746099,97500.21279,96823.95881142859,98760.97152263837,97591.8297968667,97582.09138419997,97569.12664253864,97801.95474737395
2,2015-04-13,97606.07346,97597.72717,100206.59877408239,98242.37604694054,100127.45779975009,97500.21279,97027.92352857145,98588.02136547693,97587.92813600005,97576.31381039998,97578.03130638988,97802.77849644348
2,2015-04-14,97702.86583,97606.07346,100203.4150802723,98274.01787708385,100125.61053061094,98130.92858,97162.48287857142,98616.80877497955,97640.63453173336,97641.19665759995,97651.18422022478,97855.27887634734
2,2015-04-15,98082.67924,97702.86583,100246.6300367016,98380.50183521573,100171.87980235906,98130.92858,96300.90426857142,98621.81149751486,97635.45240786672,97639.63421679998,97696.17216134588,97904.04213480944
3,2015-04-16,98214.75739,98082.67924,98232.00094164099,98257.67251394359,98231.82007691755,98172.68151,97993.4792557143,99117.36730221398,98117.21565333329,98110.73828460003,97861.32524734661,98078.73780487449
3,2015-04-17,98393.3919,98214.75739,98385.25909364068,98401.8963228411,98385.04153841827,98432.08249,97962.79087285713,98594.13092172393,98303.66959233338,98304.24578219996,98399.2088515582,98368.25825557757
3,2015-04-18,98594.31322,98393.3919,98557.40113544429,98570.4113722401,98557.10730631789,99147.07421,98118.66741714286,98781.5734495321,98601.30008946652,98599.66312300002,98636.98832784167,98602.89992984943
3,2015-04-19,98595.16832,98594.31322,98733.30030633687,98749.11958716958,98733.28086270858,99088.16946,98742.74798285714,98865.34322832657,98775.69581986658,98734.57969180004,99039.96386037265,98854.92642246961
3,2015-04-20,98596.03333,98595.16832,98778.93253372826,98801.15230290318,98779.22006729747,99088.16946,98201.40147285713,98601.6842093922,98840.83986966663,98804.37568140002,99046.57041796047,98896.18753017676
3,2015-04-21,99413.78008,98596.03333,98844.22905099741,98871.00171082742,98844.48596830519,99088.16946,97960.58575857143,98598.56270204285,98866.23430926658,98805.82542000004,99137.52344710569,98958.25315573323
3,2015-04-22,99713.80975,99413.78008,99605.03396143015,99631.91803711336,99605.00180372711,99638.713518,99117.79654571427,100455.6553635514,99362.2846187333,99395.00474820008,99659.10540721967,99551.10268768878
3,2015-04-23,99890.81944,99713.80975,99915.67674540792,99926.38075613484,99915.67032492033,97724.39232,98723.19168142857,99412.69405585158,99322.31946426655,99511.53082400003,99652.69335245654,99633.79785761931
3,2015-04-24,102281.7534,99890.81944,100093.20963233174,100118.77987398645,100093.4054449981,100254.908,98843.06661285715,99291.5220676667,99770.79307813325,99826.4349336,99903.76101736414,99931.11132316128
3,2015-04-25,102688.8193,102281.7534,102276.03232398503,102298.47129064561,102275.52487948239,103155.6164,110036.30091428572,100942.41658047849,102861.13646799991,102878.94789999998,102413.04762084578,102524.21845983043
3,2015-04-26,102689.7285,102688.8193,102830.70983130446,102822.7254889437,102830.47156021895,103155.6164,104253.51354285714,101008.8213944075,103159.86249599996,103143.41166400003,102784.59840077106,102922.39546190489
3,2015-04-27,102691.0395,102689.7285,102877.48747988796,102894.44338741976,102877.811142053,103155.6164,102054.6117,100829.81087873607,103193.12395933333,103153.51333799999,102805.29902832751,102964.28879169353
3,2015-04-28,103183.5717,102691.0395,102916.86296247444,102934.84246025841,102917.47878280412,103155.6164,102532.18768571426,100724.18547017932,103251.38577866668,103287.62475999999,102978.05198651526,103054.7600751468
3,2015-04-29,103608.1392,103183.5717,103368.70913232477,103381.47418874528,103369.29389143104,103300.53355,104253.51354285714,101021.53000841776,103408.23524733336,103377.86713199997,103315.45951712839,103368.38965106901
3,2015-04-30,104569.9776,103608.1392,103811.02666506324,103803.29504172332,103811.40444563275,104232.2962,101778.1465142857,100878.84108508068,103777.14604866659,103792.881878,103753.6913906003,103778.04416033007
3,2015-05-01,104633.5833,104569.9776,104788.09074051093,104747.10328028744,104787.52837165992,105338.73095,104025.43441142856,101165.91227062662,105073.1401066667,105095.442754,104875.80155048997,104898.6816458147
3,2015-05-02,105143.2965,104633.5833,104850.21120749578,104756.42637534467,104850.11416796627,105331.9624,106637.76118571428,100233.84408591592,104890.82324933332,104904.45205,104855.1882697191,104834.14596479903
3,2015-05-03,105139.4914,105143.2965,105293.2162427253,105213.97819171064,105293.38171582378,105338.73095,106995.39457142857,100942.50313541082,105531.22862999997,105614.65350999996,105315.68236250225,105353.62972807097
3,2015-05-04,105139.7571,105139.4914,105370.86208738206,105296.00260574018,105371.2546195738,105331.9624,107224.01988571428,100408.296993777,105377.29134066668,105425.56372799998,105349.92334615938,105341.07243085542
3,2015-05-05,105647.2214,105139.7571,105428.1854141439,105395.24483360394,105428.82520486767,105331.9624,107390.47462857142,100292.15363237626,105417.84191466667,105582.888436,105436.82422794162,105416.63699207075
3,2015-05-06,106566.1167,105647.2214,105904.33561617685,105863.70871184593,105904.74115808544,105338.73095,107674.91215714287,100819.33124362811,105827.25800266667,105866.60298600003,105911.0149614178,105867.32722531015
3,2015-05-07,107168.6487,106566.1167,106779.25270658649,106712.2822731184,106779.19288044196,107122.2246,107116.62605714287,101205.45681128249,106693.90817866674,106694.38068000002,107020.47416799492,106808.88820659334
3,2015-05-08,107992.4606,107168.6487,107331.42632319215,107342.4462706705,107332.0119169357,107410.6429,108400.40227142858,101187.17975601886,107526.67329933355,107595.17821199997,107812.01007294202,107560.37654764869
3,2015-05-09,108541.4889,107992.4606,108129.01484230442,108157.20599789193,108129.61252241042,108191.3281,104492.5265,101371.89936343583,108075.3329993334,108097.60735199999,108081.49402502547,108104.6776740836
3,2015-05-10,108542.1627,108541.4889,108668.725122918,108687.61923000982,108669.50736112468,109068.1292,105992.24492857142,101412.09372779046,108773.48184200011,108792.94475600003,108750.05970339908,108737.05359180301
3,2015-05-11,108543.1213,108542.1627,108751.54209446383,108779.1543016308,108752.61055724714,109068.1292,106449.16838571428,101131.02687309618,108637.7670206668,108672.71297800003,108792.15907040663,108736.3601309014
3,2015-05-12,108837.0351,108543.1213,108826.20423720815,108872.01240544027,108827.25893743934,109068.1292,107177.16318571428,101044.91233583144,108678.30554400012,108724.00171200007,108892.71148884029,108814.34314609355
3,2015-05-13,109155.3764,108837.0351,109123.12229908479,109153.60742208203,109123.7900870964,109624.37375,108073.37318571427,101124.34932288346,109161.21892200012,108942.11421200001,109168.35466383462,109161.06033597224
3,2015-05-14,109675.8537,109155.3764,109404.34341523732,109431.62173849666,109404.87373286442,109624.37375,108591.31599999999,101015.46429046369,109342.66937266677,109246.26414600002,109447.68232562151,109407.3244789283
3,2015-05-15,109796.2447,109675.8537,109907.09147942119,109905.56851696518,109907.33558012206,109873.1541,107519.12325714286,101162.65019880704,109790.67228216682,109733.90313199996,109758.16710774343,109818.13596895848
3,2015-05-16,110245.042,109796.2447,110042.3101358214,110029.35603858661,110042.54322630411,110242.49285000001,108609.46637142857,100760.46977556332,109925.22258250011,109848.82374599997,109930.48519913295,109961.68794007321
3,2015-05-17,110315.2484,110245.042,110439.63568292673,110413.36083975286,110439.72614058068,110772.7745,109375.8826142857,101157.98717837987,110513.12859666666,110468.80739400003,110459.697035347,110462.0621572555
3,2015-05-18,110315.2484,110315.2484,110850.80416020166,110780.73299349929,110850.44115760582,110772.7745,109226.87084285714,100831.4296188066,110544.35994733333,110481.04501200003,110456.78021822477,110593.95771968579
3,2015-05-19,110316.4937,110315.2484,110651.14454011922,110614.62167538586,110650.7565488015,110772.7745,108249.10620000001,100701.02254052082,110544.21848133337,110493.76259200001,110543.681100007,110567.50708557542
3,2015-05-20,111219.0206,110316.4937,110661.16631542289,110634.79209799241,110660.49028700312,110772.7745,108169.66798571427,100553.67436662142,110551.81611599999,110493.37511,110543.681100007,110576.76310466645
3,2015-05-21,111753.2714,111219.0206,111433.73109551615,111415.25089389265,111432.95679466806,111391.986,110080.87262857144,101301.14785499811,111422.921602,111460.27663599997,111739.62318015133,111525.93189201465
3,2015-05-22,112080.5012,111753.2714,111978.650515381,111946.75608827942,111977.56781833044,111876.3132,111335.00032857143,101268.90876220669,111845.46805399995,111994.83457799997,111929.15131816214,111907.1251534805
3,2015-05-23,112366.4763,112080.5012,112321.37745433097,112285.69065119675,112319.98292823578,113134.4758,110587.50488571428,101182.55691824191,112364.8145386667,112363.426324,112291.03719297182,112313.8474609451
3,2015-05-24,112366.6092,112366.4763,112483.04037277844,112502.7498679737,112483.52566809239,112272.7693,112197.64077142859,101270.74094521446,112494.13409200005,112589.89100199997,112494.04716665395,112496.97704220924
3,2015-05-25,112369.6212,112366.6092,112530.70459731974,112555.07444740889,112531.39301204847,112272.7693,110954.00301428571,101046.58769161037,112487.7879613334,112574.40772599998,112500.65372424177,112514.50537766136
3,2015-05-26,112774.1006,112369.6212,112608.76355999325,112632.06302699629,112609.12528895715,112272.7693,110616.8552857143,100969.51958580186,112544.02634466668,112604.79652399996,112587.554606024,112587.88132589567
3,2015-05-27,112915.97,112774.1006,113024.6035867406,113027.92209830432,113024.20449205048,113185.6726,112797.6625,101188.65220568037,112954.88432266658,112953.56684800005,112986.73065404118,112989.84569167068
3,2015-05-28,113255.3114,112915.97,113137.48504983813,113125.41680962285,113137.12487542244,113185.6726,110655.41145714284,100830.36798406355,113154.84498066654,113182.75666000003,113014.31990811131,113098.1938994669
3,2015-05-29,113400.2061,113255.3114,113441.07139443615,113412.05730606534,113440.56364047478,113413.7342,114444.09471428573,101027.63773773664,113481.62636466669,113383.882828,113427.28739822832,113440.32368965344
3,2015-05-30,113429.0874,113400.2061,113554.36793046443,113552.72548802936,113554.51663190748,113684.51035,113022.0331,100887.09202748051,113649.31003600008,113599.34905399995,113682.35706973032,113628.13086458661
3,2015-05-31,113428.4579,113429.0874,113580.53812370457,113569.46250422533,113580.57992416658,113684.51035,113686.27135714286,100767.17418264344,113696.04358800009,113658.50610799996,113682.35706973032,113649.2877206519
3,2015-06-01,113428.1961,113428.4579,113606.647087864,113600.02706713048,113606.80875629255,113684.51035,114050.93085714287,100712.88667932543,113698.27114000006,113687.02642199995,113697.7709525923,113665.35638657428
3,2015-06-02,113276.9735,113428.1961,113687.8877637258,113658.34631961798,113687.46763982516,113684.51035,112650.15304285717,100610.3340301385,113745.2526766667,113737.48093199995,113775.86450910037,113726.48783512834
3,2015-06-03,114035.3208,113276.9735,113561.43768951246,113544.84396859328,113560.67887634151,113684.51035,114458.83672857143,100419.71296648061,113834.87638800005,113755.76818799997,113822.7048994892,113734.1417520275
3,2015-06-04,114069.1204,114035.3208,114188.21111809391,114179.88485215072,114187.38744131254,114144.38195000001,111622.25295714286,101203.30862494468,114176.34820066659,114185.18819599997,114338.21104028061,114231.48136436597
3,2015-06-05,113852.3628,114069.1204,114241.56053743199,114237.3267226409,114241.18326185536,114144.38195000001,115059.34665714287,100655.11440793896,114165.98945733324,114174.29230599999,114157.43062655325,114186.9156021758
3,2015-06-06,113644.8042,113852.3628,114031.45308989193,114056.42880279795,114031.33135131291,113918.1814,114037.07488571429,100545.80037311619,114017.57036666677,113978.28188600004,113895.56004728531,113989.85307225001
3,2015-06-07,113644.5686,113644.8042,113799.50078696551,113856.28765738761,113799.85365351643,113918.1814,115149.75364285716,100520.81898269586,113987.9074866667,113948.89384600004,113919.89847136634,113921.36453847354
3,2015-06-08,113644.0318,113644.5686,113798.33638227137,113867.2753068171,113798.92855193742,113918.1814,114434.15575714289,100573.73809827777,113994.02888400006,113950.86142800002,113920.24245238715,113927.18221440143
3,2015-06-09,113534.8963,113644.0318,113861.73124867943,113932.10765966056,113862.01921913763,113235.8786,115948.94884285713,100552.50805135924,113909.26638133342,113887.72558400001,113964.95057089141,113935.44153729512
3,2015-06-10,113296.9882,113534.8963,113807.54451557987,113870.91755471725,113807.38550335317,113235.8786,115000.37244285714,100444.19888251682,113610.87938800002,113631.77923999997,113745.06635421008,113742.28776564245
3,2015-06-11,113151.741,113296.9882,113534.64225241754,113601.69023145417,113534.48514886097,113235.8786,113567.67229999999,100407.9777734134,113649.2738053334,113612.441228,113706.68117360584,113652.54840346448
3,2015-06-12,112985.7786,113151.741,113369.7376265769,113451.87127844626,113369.54521665312,113065.3194,114763.09584285716,100372.33981290215,113175.47044266669,113209.98434000002,113408.65009278966,113345.3306046342
3,2015-06-13,113081.0804,112985.7786,113201.04858412582,113301.81046218562,113200.97533387844,112990.7184,113296.26800000003,100395.47499247748,112977.78783399997,112976.77875799999,112917.58904616458,113065.72911411674
3,2015-06-14,113080.7141,113081.0804,113262.08739692898,113360.92632442259,113261.90626891967,113413.7342,113071.70790000001,100446.1426237483,113176.18591666664,113191.01696399997,113217.76422969531,113251.62549026152
3,2015-06-15,113081.2077,113080.7141,113285.01458660993,113382.80329308694,113284.82324166241,113413.7342,111339.3162,100388.13845272375,113157.53259666664,113153.30646200001,113224.37078728313,113254.9022256789
3,2015-06-16,112917.3976,113081.2077,113337.31568580869,113419.27757215539,113336.6830887355,113413.7342,112009.4692,100362.93061023907,113175.20235733333,113173.50771399998,113269.07890578739,113287.85294509203
3,2015-06-17,112664.9599,112917.3976,113188.81673735142,113304.39315969948,113187.96738551401,112990.7184,112705.46664285714,100301.3240507647,112949.38611999998,112953.76165000001,112945.13657261679,113066.30528410542
3,2015-06-18,112515.8657,112664.9599,112942.59006694007,113061.84926518892,112941.36165584001,112693.12931333335,112007.3854,100296.8130443854,112656.22147599998,112667.13832200006,112754.36459276565,112824.14511131817
3,2015-06-19,113270.2224,112515.8657,112763.41090943034,112897.73217212537,112762.54823832067,112693.12931333335,110755.60694285714,100298.70454485249,112647.31174199999,112593.13551600004,112439.74020986207,112661.59470799581
3,2015-06-20,113071.5121,113270.2224,113365.18546047894,113485.70767889412,113364.89804424622,113235.8786,111455.36945714288,100993.63560866566,113722.84326333339,113627.97110799998,113445.83250839371,113551.46115020708
3,2015-06-21,113071.505,113071.5121,113248.82767798351,113362.24728645086,113248.43847331837,113413.7342,110452.77851428572,100385.39713346564,113163.11886200003,113168.50093999998,112897.65510864275,113141.00708569789
3,2015-06-22,113071.7703,113071.505,113227.39526619697,113352.63453891985,113227.1985768735,113413.7342,110530.58482857143,100401.63710713187,113188.89074466666,113189.801372,112897.99908966356,113146.5081244167
3,2015-06-23,112922.1778,113071.7703,113273.4719006396,113391.65632026862,113273.04341294817,113413.7342,110723.8094,100416.16657397502,113211.2568046667,113231.586864,112942.70720816782,113181.87344436771
3,2015-06-24,112694.5622,112922.1778,113158.16649587588,113271.24910708683,113157.49471942744,113229.7676,110456.7557857143,100368.632869848,113099.84835866663,113104.712686,112618.76487499721,112996.62078025022
3,2015-06-25,112670.3641,112694.5622,112929.50714341566,113053.57461412578,112928.98728387209,112693.12931333335,110976.41465714284,100364.1313365891,112721.6681893332,112723.52405800004,112406.89265789099,112727.37848711666
3,2015-06-26,110331.4253,112670.3641,112899.52439772051,113013.0472721201,112898.93640857714,112693.12931333335,110452.1127857143,100322.17605140997,112688.7086606666,112663.22589600005,112674.45184353487,112792.06925877386
3,2015-06-27,110307.0666,110331.4253,110936.5956387957,111045.86116784917,110935.59566828203,106864.9901,103724.66826000002,100946.36625474314,109981.5542653333,110180.86604800003,110200.00065068105,110409.13869462117
3,2015-06-28,110304.6009,110307.0666,110645.22855498875,110812.87690179228,110645.27231254894,110442.01573181814,109956.29845714287,100783.42689348542,110263.91785533332,110298.061252,110352.77591875475,110476.52355862678
3,2015-06-29,110306.1472,110304.6009,110643.4568275717,110790.78691741818,110643.61856110033,110442.01573181814,108519.95725714286,100850.58787871948,110274.90485399998,110309.33511400002,110359.38247634257,110475.02474925357
3,2015-06-30,110251.0899,110306.1472,110658.91691390309,110791.97712461109,110659.02117159551,110442.01573181814,108466.90687142858,100837.75099823372,110267.4546193333,110290.84527200002,110855.02251129877,110638.15141841439
3,2015-07-01,109969.6658,110251.0899,110843.96239748239,110948.7607356353,110843.75091926103,110442.01573181814,108988.42875714286,100754.3611212272,110261.545322,110291.43694600002,110287.83487074252,110499.38030945927
3,2015-07-02,109970.9386,109969.6658,110258.33791389172,110415.71326129968,110258.2850803003,109923.9532,107362.93652857143,100676.3488594501,110095.47363000005,110092.724064,110145.92064924262,110219.03584684746
3,2015-07-03,110155.0182,109970.9386,110124.32022742853,110370.68311166318,110124.9435279106,110442.01573181814,110450.78495714287,100229.30746916919,110140.73482200001,110186.23852199997,110203.48422717977,110238.30072028098
3,2015-07-04,110466.685,110155.0182,110323.47208931415,110618.38391523856,110324.28954781954,110442.01573181814,110605.55257142858,100317.52018279173,110287.21191133333,110299.12704400001,110233.6336286908,110379.74315175424
3,2015-07-05,110466.7139,110466.685,110563.58681572416,110845.81808224817,110564.69927067595,110442.01573181814,110873.73458571428,100445.50923382668,110396.53642866663,110395.58696599999,110394.91180761348,110545.75543950942
3,2015-07-06,110467.7955,110466.7139,110596.96062549872,110871.81834705373,110598.09838789167,110442.01573181814,110530.58482857143,100245.66052870266,110386.41449933324,110381.632204,110343.45396335324,110533.89560324674
3,2015-07-07,110940.9713,110467.7955,110640.64728145259,110913.41585929331,110641.6722698313,110442.01573181814,110723.8094,100278.36131370721,110389.70975933329,110383.13168400002,110294.49433595172,110532.53998485945
3,2015-07-08,111003.7797,110940.9713,111035.058520778,111296.80146385723,111036.35371400439,109921.3297,110658.1320142857,100732.41823725763,110625.11541866677,110623.30886200002,110540.55777461725,110820.82488571375
3,2015-07-09,111436.3786,111003.7797,111107.27149834707,111364.910816907,111108.6328581671,109923.9532,110868.79357142858,100415.81303501103,110568.63001666674,110498.59235799997,110642.28800002608,110858.60961119994
3,2015-07-10,111553.8604,111436.3786,111515.10373427339,111651.83093369595,111516.0662468679,112404.1349,110872.4930142857,100735.53401614093,111658.4232113333,111649.82183400002,111308.61427615206,111539.62280706043
3,2015-07-11,111697.2638,111553.8604,111662.13308337159,111782.74905150053,111662.95214452455,112404.1349,110665.98198571429,100479.64943141739,111894.00658266668,111891.31974800002,111525.93089699096,111734.2288437194
3,2015-07-12,111844.5321,111697.2638,111793.68720583597,111913.2408480128,111794.46651444197,112404.1349,111099.41578571429,100521.1861260557,111831.36810733331,111896.87558400001,111645.20103557485,111796.60333030699
3,2015-07-13,111844.695,111844.5321,111976.38584014642,112097.236045233,111977.20566719693,112404.1349,111020.46532857143,100537.03427718846,112098.3457813333,112133.41113000002,112036.42124216905,112077.33435624512
3,2015-07-14,111858.3112,111844.695,112072.98321390121,112187.3670071285,112073.50096117659,111634.8378,110705.59222857142,100394.96277254487,112057.05960599997,112150.12710000001,111987.46161476753,112077.29607596532
3,2015-07-15,111987.6508,111858.3112,112100.0460049135,112194.7574105508,112100.41327497824,112404.1349,110765.18518571429,100322.41583462957,112169.006006,112187.08649600003,111987.46161476753,112117.07501043944
3,2015-07-16,112109.0491,111987.6508,112210.5546356678,112306.08388969077,112210.80546651402,113216.3694,110659.60342857144,100333.78452356912,112262.43688400001,112114.46159200004,112025.2388580908,112197.91987726053
3,2015-07-17,112464.5303,112109.0491,112325.1421259478,112417.72922001379,112325.26950567836,113216.3694,110733.46247142857,100306.52549722875,112387.01087199998,112418.57211800007,112091.23858574506,112298.65955925295
3,2015-07-18,112625.3894,112464.5303,112633.34065410093,112736.88477390667,112633.71175777179,113161.3481,110814.76444285715,100608.97970730034,112684.49964933329,112713.84396600003,112287.64200183937,112569.67547502644
3,2015-07-19,112624.7608,112625.3894,112783.36260296882,112901.1633369597,112784.5298289144,113161.3481,110952.3625,100492.43297120482,112731.62782399986,112705.65353399998,112660.76108333326,112764.51741476427
3,2015-07-20,111073.8268,112624.7608,112825.26384660776,112953.25892307305,112826.56430120187,113161.3481,110787.18205714285,100409.19729473688,112694.4802479999,112677.54438799998,112733.98885341026,112793.90934149439
3,2015-07-21,111309.1301,111073.8268,111589.91398960628,111781.20058778962,111590.64535934429,106864.9901,113053.13927857144,101015.26502252187,110709.95338733337,110890.12026800001,110987.4946515012,111159.54954220807
3,2015-07-22,111709.0718,111309.1301,111665.2800057615,111897.65669166774,111666.4569954609,112404.1349,110697.16504285714,100534.56534769875,111587.81927399998,111513.898214,111615.60768878792,111700.36121815187
3,2015-07-23,111963.8008,111709.0718,112003.83265362207,112236.2961342744,112005.32733678019,112404.1349,110873.73458571428,100697.05744145834,111710.50920333328,111589.38174199998,111883.64807514225,111943.48447091664
3,2015-07-24,112484.5532,111963.8008,112244.59386433676,112467.17691786356,112246.26772051114,111866.7595,110721.45794285715,100584.80567859065,112193.99228666666,112184.72027000005,112235.40224772292,112298.85715075105
3,2015-07-25,113134.8436,112484.5532,112680.64192136495,112909.02900444045,112682.73283705156,113161.3481,111157.28052857144,100884.50981892145,112628.30937399993,112645.358766,112530.16745371715,112689.16861071919
3,2015-07-26,113179.7096,113134.8436,113308.0802127994,113517.34735814937,113308.44872445807,113257.4724,113326.69267142857,101125.2820257476,113312.37150200002,113281.70784400002,113512.20200798137,113447.30695604358
3,2015-07-27,113180.7098,113179.7096,113388.12132085272,113610.9149525705,113388.64159357871,113257.4724,112720.23639999998,100829.33284861506,113331.97372133331,113339.74793799999,113463.93072425874,113468.93979938752
3,2015-07-28,113549.9819,113180.7098,113483.18057488743,113744.66029094593,113483.67260350422,113257.4724,112749.95862857143,100867.58747140488,113388.38565933336,113470.15317799998,113505.59752595861,113546.21449207929
3,2015-07-29,113812.1558,113549.9819,113823.89643713686,114071.64583789281,113824.10613691277,113918.1814,112683.36027142858,101111.40759719831,113926.89181533344,113876.57977999997,113776.08108032259,113924.87291118293
3,2015-07-30,113895.7263,113812.1558,114065.09005301705,114286.57945219408,114065.0535774437,113918.1814,111502.1059,100999.27488759258,114118.53798800004,114040.85152000003,113954.12229985003,114119.74658001472
3,2015-07-31,114178.9656,113895.7263,114159.82259157818,114366.97903552953,114159.43687298494,113918.1814,111657.45665714286,100775.1208868098,114081.32954733334,114056.22434600006,114085.08235680919,114177.79697989069
3,2015-08-01,114483.0317,114178.9656,114412.18675551761,114595.87929628568,114411.5160804834,113660.7627,110928.93124285713,100895.31340050769,114236.660274,114312.702648,114135.28347860096,114322.6076829622
3,2015-08-02,114482.7459,114483.0317,114672.25016474305,114833.49116522538,114671.57948523396,114381.88753333333,111804.56448571429,100962.42801256807,114560.04419666668,114610.90070399997,114701.87539043074,114698.47025077428
3,2015-08-03,114484.9983,114482.7459,114741.24169898657,114828.1911020753,114740.31613986669,114666.10081250001,111863.93561428571,100723.23102668194,114541.30026666663,114554.25043199996,114708.48194801855,114692.6577722535
3,2015-08-04,114485.8816,114484.9983,114791.213579542,114878.88134041226,114790.1622502043,114666.10081250001,112743.89678571429,100681.83030002826,114527.44860600002,114560.35088999994,114750.14874971843,114718.82623204358
3,2015-08-05,114704.1805,114485.8816,114776.4759370277,114864.93676792372,114775.4319213506,114973.67843333333,111288.34182857141,100616.17834945115,114536.4469326667,114554.15796799997,114750.14874971843,114717.17748343629
3,2015-08-06,114894.1363,114704.1805,114909.53407870514,115010.24769888338,114908.86726787471,114666.10081250001,111704.53605714286,100772.59115055167,114736.44481333342,114761.88591199995,114750.14874971843,114832.28042064508
3,2015-08-07,114695.4895,114894.1363,115080.37436359965,115188.6341576332,115079.70160606147,114666.10081250001,111243.93608571427,100757.16902162592,114705.8308126667,114679.23004,114409.4181688631,114767.96104638767
3,2015-08-08,114642.9762,114695.4895,114895.04252559441,115029.31255027112,114894.70970770974,114381.88753333333,112954.0177,100570.30872173017,114696.53806133343,114755.09942199997,114692.60686819088,114806.15249326515
3,2015-08-09,114616.9302,114642.9762,114801.83472112718,114941.05137059234,114801.66903663153,114381.88753333333,112051.48572857142,100567.80727210052,114693.51224266666,114738.537172,114716.9452922719,114783.83630184364
3,2015-08-10,114617.0947,114616.9302,114796.14519072513,114934.25671632578,114796.01015022756,114381.88753333333,111457.71907142855,100568.55727759608,114681.47795066662,114737.642818,114717.28927329271,114777.67464676169
3,2015-08-11,114639.269,114617.0947,114831.94702337935,114981.86413354635,114831.87552398168,114381.88753333333,111920.96295714287,100595.55715415867,114656.66175799999,114721.76238399999,114750.14874971843,114796.22488042159
3,2015-08-12,114647.1244,114639.269,114828.80150322658,114976.9155998718,114828.80120077559,114381.88753333333,111755.56011428572,100572.1093756783,114653.29095933338,114664.387508,114750.14874971843,114793.45176964121
3,2015-08-13,114672.9448,114647.1244,114786.82123804028,114928.6291408865,114786.89200604307,114381.88753333333,111145.22,100551.64211898246,114680.50499066664,114739.023468,114750.14874971843,114786.42762709052
3,2015-08-14,114529.7261,114672.9448,114772.80827917508,114922.29116962405,114772.99276310137,114381.88753333333,111590.74990000001,100536.83976460855,115933.49998466668,116252.88741799997,115124.67729752927,115326.82281727332
3,2015-08-15,114534.2774,114529.7261,114633.76705158215,114800.67884455601,114634.02924070263,114381.88753333333,112581.14714285715,100517.13034682063,115297.87198066665,115714.82164999997,114692.60686819088,114930.38589780452
3,2015-08-16,114534.6289,114534.2774,114594.97335583855,114766.05973567427,114595.52803533491,114381.88753333333,112051.48572857142,100536.40224064713,114547.81195199992,114687.65502599998,114710.6827157049,114674.85146779304
3,2015-08-17,114535.4079,114534.6289,114611.6636372436,114776.94890313975,114612.24051607377,114381.88753333333,111652.57582857143,100535.99153935428,114502.92700533326,114570.03804599999,114717.28927329271,114665.72172725525
3,2015-08-18,114913.68,114535.4079,114649.01803188841,114802.76614602069,114649.43751218416,114381.88753333333,111749.13851428572,100545.83738111469,114481.1012653333,114552.69058399998,114750.14874971843,114678.00538702414
3,2015-08-19,114914.8003,114913.68,114962.83907494345,115083.85415514017,114962.31447553038,114381.88753333333,111538.38332857144,100817.18824436191,114416.18789200007,114367.06374200003,114442.27764528882,114647.43989747635
3,2015-08-20,114548.0728,114914.8003,114943.67522428106,115054.73967487585,114943.13465731303,114381.88753333333,111260.82185714286,100580.89851216011,114414.50881266671,114430.69332399999,114442.27764528882,114637.17537761045
3,2015-08-21,114392.985,114548.0728,114605.54543252708,114709.4241645351,114604.81060874302,114381.88753333333,112579.86555714285,100571.9521368725,114397.93343333331,114422.00754199998,114692.60686819088,114599.9881553531
3,2015-08-22,114920.2968,114392.985,114425.61610223807,114527.69809874,114424.76045816195,114156.3788,112369.81185714286,100508.23483711491,114341.85673199999,114339.72699799998,114495.43726338053,114454.99736470683
3,2015-08-23,114920.0058,114920.2968,114812.8732378727,114900.59657403987,114812.50134447214,114381.88753333333,111995.6797142857,100915.32291492139,114409.19744266671,114492.37262999998,114426.54015287534,114578.77805652731
3,2015-08-24,114921.9034,114920.0058,114858.3026961034,114934.53984438047,114858.14083667553,114381.88753333333,111122.82455714287,100591.19959296065,114355.01246800003,114347.51136599999,114387.07619442687,114558.87616893579
3,2015-08-25,114635.6302,114921.9034,114900.56534380154,114963.23441721068,114900.17778020527,114381.88753333333,111220.43651428571,100595.21954317132,114353.61180333339,114329.10064799999,114419.93567085259,114578.92729713222
3,2015-08-26,114593.7265,114635.6302,114639.320504897,114690.56520522742,114638.6309902,114381.88753333333,112452.4720857143,100570.68269788097,114471.9760953334,114465.54620000003,114650.18266909466,114604.24132321849
3,2015-08-27,114295.003,114593.7265,114512.26160934355,114577.19054956072,114511.87149436088,114381.88753333333,110614.0599142857,100540.48207314618,114472.88373599996,114502.50454600001,114752.01444841812,114600.6962446596
3,2015-08-28,114221.3533,114295.003,114246.32549734152,114311.31256534839,114245.87231211612,114156.3788,111983.54968571429,100580.51940883753,114223.20345399993,114239.88399599999,114537.447084273,114357.32103454044
3,2015-08-29,114314.8454,114221.3533,114149.08994488926,114206.30878713672,114148.60225154278,114156.3788,111171.3790857143,100549.67009996616,114055.00330333332,114128.83117,114537.447084273,114266.25305824768
3,2015-08-30,114314.845,114314.8454,114165.14076271943,114206.74054458278,114164.90600190788,114156.3788,110597.58750000001,100574.47951083469,114081.22923333332,114099.42323599997,114551.34073790621,114279.77017194078
3,2015-08-31,114316.2236,114314.845,114174.77475710017,114211.78278764026,114174.66435756153,114156.3788,110450.98659999999,100540.9931214477,114081.1011513333,114084.49467,114557.94729549403,114283.6104114892
3,2015-09-01,114259.069,114316.2236,114188.92081548681,114240.02174957038,114188.79905922835,114156.3788,111292.05325714286,100530.19416405294,114242.0461586666,114212.86869199999,114564.43221703691,114348.8333750913
3,2015-09-02,114130.0298,114259.069,114122.55508552802,114179.63128585614,114122.44551091667,114156.3788,110548.43452857142,100505.70704612591,114239.05986866665,114216.10069199999,114526.77141376382,114315.15418942888
3,2015-09-03,113436.0024,114130.0298,113962.62890668074,114005.18374118701,113962.43581529331,114363.6638,110979.1096,100466.23896980796,114120.91729399991,114087.662346,114232.70475376355,114119.60192965016
3,2015-09-04,113086.3235,113436.0024,113361.47517619636,113402.33703635709,113361.25633453779,113086.142,111615.30562857143,100847.83878534148,113390.4110806667,113388.97693199998,113475.80982868276,113422.85264856885
3,2015-09-05,112840.4562,113086.3235,112964.3502752472,113039.51538842484,112964.61167880532,113116.9217,111453.91862857142,100700.04335113824,113056.04144066678,113011.32117800001,112895.7669242627,112997.10791778477
3,2015-09-06,112840.3622,112840.4562,112687.20050700761,112750.8104223412,112687.46271361159,112336.8823,111930.34285714287,100699.6419344803,112658.68994199998,112599.13462800003,112570.57003919971,112660.02346784697
3,2015-09-07,112840.5669,112840.3622,112925.06583385619,112946.13709918849,112925.09958197812,112336.8823,112426.17837142856,100658.86494597643,112667.80197066665,112616.82213200003,112451.67650581119,112688.5385252221
3,2015-09-08,112840.8518,112840.5669,112669.16854387384,112696.58670320171,112669.37177503476,112336.8823,110919.6328857143,100636.31830170889,112698.44660733332,112651.08598800002,112425.53218881234,112606.85516644911
3,2015-09-09,112545.8764,112840.8518,112624.05042329292,112651.98573273442,112624.30879846078,112336.8823,112091.2544,100564.95733052431,112734.14682333333,112680.92138600003,112396.32649015651,112594.15301540808
3,2015-09-10,112258.4326,112545.8764,112308.93384950138,112333.6610004546,112309.04990602187,112387.1811,111958.93234285714,100525.1103886143,112437.23228400004,112426.75943999998,112202.67301089685,112324.5220984505
3,2015-09-11,112185.1934,112258.4326,112014.14940811494,112056.9398011267,112014.29374358742,111794.5856,111406.12304285714,100487.17022824776,112096.04665533338,112096.989794,111913.01068150793,112021.99904598935
3,2015-09-12,112038.696,112185.1934,111890.54522052922,111943.51442801622,111890.88713945252,111866.7595,110772.08547142855,100426.07868067414,111876.89675933338,111869.75469,111662.67032060304,111827.69383598422
3,2015-09-13,112038.6768,112038.696,111728.4536786926,111773.68580018128,111728.76308093623,111885.0042,111686.98405714285,100444.16137176439,111849.32828733342,111854.33104800001,111646.6297680029,111756.54795183921
3,2015-09-14,112039.1785,112038.6768,111707.79437577815,111743.1719215439,111708.159349858,111885.0042,109814.53035714287,100427.2468840014,111854.98366400006,111866.55151400002,111646.9737490237,111748.37644485588
3,2015-09-15,111925.8124,112039.1785,111727.55446768674,111750.65089068862,111727.82652884812,111866.7595,110975.98524285713,100428.78732261788,111867.53290266667,111881.57953000002,111578.47306382816,111732.21895239448
3,2015-09-16,111532.9426,111925.8124,111597.16251554515,111610.8663827063,111597.37288970414,113216.3694,111532.79391428572,100375.71808227386,112020.4020713334,112056.20943399999,111536.63006667428,111722.63284023799
3,2015-09-17,110925.2363,111532.9426,111215.5666290628,111210.07721535469,111215.84635373663,111043.7319,110370.17514285714,100509.72594900857,111278.43739066669,111338.623354,111065.98532570226,111184.83331057454
3,2015-09-18,110395.3901,110925.2363,110664.48420365491,110651.23035095565,110664.58847389008,109921.3297,108693.3584,100772.29657126415,110156.53198800006,110334.89899000002,110172.68771662102,110326.81668519224
3,2015-09-19,110282.3144,110395.3901,110153.63960305997,110126.9286005354,110153.4172359486,110442.01573181814,108216.79468571428,100801.6409960245,110158.43203333337,110264.48038999998,109822.81489983322,110036.058511234
3,2015-09-20,110282.5362,110282.3144,109969.31021021323,109940.25078587681,109969.22564313507,110442.01573181814,108741.72232857144,100575.05556137647,110307.17924933339,110345.92910200002,109915.4227553705,110054.2842635269
3,2015-09-21,110283.4774,110282.5362,109940.58548890689,109908.08455374339,109940.9876447419,110442.01573181814,108674.79297142859,100567.79569570729,110282.54355733337,110343.34658200001,109915.7667363913,110035.46494915603
3,2015-09-22,111249.8205,110283.4774,109953.64829954525,109917.65678722056,109953.98890370557,109885.0112,108900.75720000001,100519.27274953458,110117.95387933336,110167.30138800002,109866.80710898979,109967.4725918479
3,2015-09-23,111026.427,111249.8205,110731.45032482574,110675.39667366592,110732.17871372518,111876.3132,109372.69306285716,100964.44884794178,111309.732918,111268.17150199998,110932.75695775589,110972.62884980727
3,2015-09-24,110585.2406,111026.427,110565.1526116106,110499.7152941965,110565.7860741715,109369.1345,110875.37417142859,100357.38169240035,110170.67722200007,110346.31532800004,110191.45645193283,110287.28298937647
3,2015-09-25,110142.4866,110585.2406,110150.0502291834,110124.2855355311,110150.6705746965,109885.0112,108772.5483742857,100479.40615521642,109766.58348000003,109782.39044200003,110167.94314356273,110019.6040530313
3,2015-09-26,109755.8242,110142.4866,109721.43061358237,109709.98358833764,109722.06261575823,109885.0112,107664.77446,100476.01124301385,109100.67047333335,109245.36156400002,109589.20170665716,109466.61858944273
3,2015-09-27,109757.7744,109755.8242,109359.82075655948,109348.96899244323,109360.30450730384,108612.9859,108702.43371714286,100454.94378354233,109204.49164400013,109149.46893199997,109283.89888640062,109279.11984094798
3,2015-09-28,109758.4944,109757.7744,109353.11060808398,109332.37437449742,109353.68259685175,108612.9859,109640.51231428572,100315.12793581295,109215.65922266679,109179.76097799998,109284.24286742143,109277.42548819521
3,2015-09-29,109020.3123,109758.4944,109408.33187708676,109356.83828361753,109408.71411316567,108612.9859,108961.2657142857,100362.80792393805,109169.1277646668,109131.28332799998,109235.28324001991,109253.74976276809
3,2015-09-30,108437.5176,109020.3123,108776.89844080035,108688.77011721695,108776.7175413747,108612.9859,108609.56237142856,100911.45669990784,108762.52408733325,108653.24682200002,108286.1523600505,108579.1488548669
3,2015-10-01,106931.473,108437.5176,108185.0066966771,108078.25908961779,108184.75507379894,105624.0098,109746.12208571428,101129.54042225225,107979.06401333328,107922.19346200002,108050.96310865201,108036.0954038677
3,2015-10-02,106019.5765,106931.473,106885.1050512746,106779.4258071746,106884.36934715824,106931.1542,109868.15449999999,101149.57217164224,106076.46154533325,106046.823314,105799.16779642105,106218.35171630963
3,2015-10-03,105166.0825,106019.5765,105911.69829695694,105826.23443138001,105911.53219824785,105672.7065,103395.15101857143,101327.02167507476,105494.55558266661,105666.15283800001,105471.87676261915,105597.55559222192
3,2015-10-04,105166.0825,105166.0825,105048.89325041696,104968.62268570947,105049.09638995721,104993.6192,104035.26254285713,101317.66192803257,104680.47270999997,104813.95377599998,104766.2399608811,104805.11178553019
3,2015-10-05,105166.62,105166.0825,104900.9431502388,104819.3888561428,104901.72088671206,104993.6192,104279.84926285714,101183.79771221125,104718.70790266663,104837.25016999998,104848.32118974022,104795.47264951655
3,2015-10-06,104752.2296,105166.62,104839.27209003281,104802.61101685974,104840.4102171919,105046.0797,104522.21799142857,101141.23034357527,104746.00678666664,104744.26985599998,104780.68460175248,104776.43413509295
3,2015-10-07,104277.076,104752.2296,104433.58067975446,104421.62963666643,104434.60218472542,105046.0797,105176.81629142856,101204.78930242737,104256.81528199997,104271.547112,104185.87150982262,104288.105476163
3,2015-10-08,104083.2005,104277.076,103902.72165422465,103922.5452918329,103903.61431042428,103978.04505,106251.46381428571,101019.19742503275,103806.0955573333,103801.45595999998,103598.80143323998,103775.81409413538
3,2015-10-09,103440.835,104083.2005,103641.89564675794,103694.45338681355,103643.0010729079,104017.9296,101005.64650285714,100576.4096372364,103848.68739866666,103898.186178,103692.2592811615,103745.13335554725
3,2015-10-10,103087.4786,103440.835,103047.65221046163,103100.82247194291,103048.69158535905,103084.4799,103441.26443999998,100938.018298799,103016.34290333343,102948.76542999997,102991.20301702223,103036.12279743286
3,2015-10-11,103072.0184,103087.4786,102656.39484166153,102732.7684927666,102657.71670981383,103040.3494,101078.41000285714,100736.645201908,102680.18354600012,102664.53752999994,102806.40033351186,102739.78412409285
3,2015-10-12,103072.0165,103072.0184,102850.32190810042,102886.50650416689,102851.56375244382,103040.3494,102489.63948714286,100541.0768806438,102700.0894160001,102684.66350399994,102806.74431453267,102797.78007823322
3,2015-10-13,103071.9663,103072.0165,102593.18181682163,102620.77046632084,102594.47466841518,103040.3494,101872.8599557143,100436.96586531827,102684.43397466677,102691.74529799997,102757.78468713115,102687.66304270625
3,2015-10-14,102830.981,103071.9663,102572.24972344188,102588.76716561682,102573.44283604111,103040.3494,100482.05303857142,100292.41153943211,102672.11870666676,102672.71931799996,102757.78468713115,102672.89018647159
3,2015-10-15,102620.4489,102830.981,102349.3952522203,102314.41309113086,102350.17432799938,103040.3494,99991.83594714287,100273.31909580017,102626.57478266676,102591.994446,102732.56121328639,102557.84969569468
3,2015-10-16,101932.3052,102620.4489,102112.4451286348,102048.3192993673,102113.07303099004,102389.8406,100735.31175857144,100078.05368098977,102378.39695066688,102295.44564599995,102314.34699975875,102247.0210832643
3,2015-10-17,101610.3775,101932.3052,101530.14300888001,101435.85965444508,101530.19937573538,101656.598,101247.86223285714,100669.46974136108,101623.02810599998,101620.34227800003,101661.14317544756,101573.34364529753
3,2015-10-18,101610.5732,101610.3775,101190.41370555462,101104.86731156582,101190.20861812476,101525.28891250001,99903.5094657143,100302.23425650131,101457.57283533335,101433.57224800004,101334.56482238276,101299.00165642732
3,2015-10-19,101613.3071,101610.5732,101170.54599328212,101077.55898815404,101170.34231141953,101525.28891250001,100139.22262142856,100137.7372461463,101472.57735066664,101460.798354,101334.90880340357,101295.01504740807
3,2015-10-20,101413.689,101613.3071,101212.47563728278,101091.76103699686,101212.06284604956,101525.28891250001,100308.36938999999,100131.47260654275,101440.24252933325,101407.025508,101285.94917600205,101272.65091411072
3,2015-10-21,100105.6195,101413.689,101039.70858360373,100903.34487462559,101039.05374641513,101080.1644,100158.94482857142,100152.12386056945,101236.64125599997,101278.72426199999,101107.08019889085,101082.35544317214
3,2015-10-22,99975.84653,100105.6195,99910.49841370368,99805.85547585256,99910.02467714812,99554.71523,103662.24486714286,101083.91938937992,99804.15051433322,99849.0225714,99819.69551371057,99809.90050129878
3,2015-10-23,99808.34082,99975.84653,99667.49154535036,99581.7429612132,99667.20863926936,99554.71523,99767.74737142857,100220.02444913959,99656.92686900002,99671.96368160001,99602.33865381448,99613.6694946759
3,2015-10-24,99591.46465,99808.34082,99522.08285531323,99435.21807870296,99521.83679650626,99554.71523,100263.21853428571,100228.60917598646,99557.17603213341,99645.72070300003,99621.78296406091,99538.05902496575
3,2015-10-25,99590.85889,99591.46465,99307.73554275587,99229.60909366995,99307.62511026711,99338.27459666667,99778.47416285715,100261.74418173055,99372.96947686667,99449.81974720005,99362.51056365205,99321.69637806289
3,2015-10-26,99591.75854,99590.85889,99291.79141918004,99224.04573013884,99291.79504107246,99338.27459666667,100025.37742571428,100037.99522850383,99421.62560066667,99473.9874616,99362.85454467285,99336.17529182613
3,2015-10-27,99360.15304,99591.75854,99343.78385632663,99298.7533703044,99343.54373152439,99338.27459666667,99451.53769428571,99847.7804367416,99466.02097606673,99545.13818139998,99333.68185649153,99366.15206762089
3,2015-10-28,99002.68691,99360.15304,99167.12070195444,99142.86817410687,99166.42779702951,99101.63573878049,98717.91063857145,99808.55160620948,99082.46460013337,99105.33704639999,99245.59817719138,99156.97698381054
3,2015-10-29,98753.60113,99002.68691,98846.3090617199,98862.15335572792,98845.74114486107,99101.63573878049,99219.82061285715,99821.47268674533,98934.59632586663,98977.59594859995,98831.69132082457,98876.14700080636
3,2015-10-30,98672.8551,98753.60113,98612.32632762258,98610.1043504148,98611.62415402399,98568.52671272727,98956.93494714284,99600.40117848561,98687.10304393328,98634.29166500003,98783.80109345014,98693.66949593274
3,2015-10-31,98504.9651,98672.8551,98445.31232426735,98417.61085324,98445.12651291738,98568.52671272727,98174.37617857142,99394.90398180204,98594.93005379995,98593.42764919998,98783.80109345014,98598.78066683002
3,2015-11-01,98505.59262,98504.9651,98246.608668321,98222.63635554994,98246.76120640557,98194.16097,97678.66845428571,99251.55698112021,98438.11229699988,98455.8496588,98451.18106779575,98370.64324011518
3,2015-11-02,98506.25108,98505.59262,98193.67468038196,98161.00069084928,98194.2116078929,98194.16097,97946.46520285713,99091.89712358151,98434.85432719991,98446.28710799999,98443.56147354106,98346.47216386342
3,2015-11-03,98312.98809,98506.25108,98239.72653810645,98203.64715745607,98240.05212386441,98194.16097,98502.8079442857,99042.25095432208,98438.12254479989,98457.57776579999,98414.38878535974,98352.05282920523
3,2015-11-04,98170.38906,98312.98809,98115.94607761782,98037.66839315752,98115.71615486756,98194.16097,97796.13592285714,99007.97239220575,98190.34821699999,98193.85700219998,98204.01826902237,98144.0116263933
3,2015-11-05,97943.28946,98170.38906,97936.8711401962,97872.73157131457,97936.81665080221,98012.37223909092,96972.73845714286,98880.97491670462,98068.90468346674,98033.7149064,98136.01600288654,98025.88408588928
3,2015-11-06,97667.71281,97943.28946,97712.92368498676,97645.85913962394,97712.94928132003,98012.37223909092,97147.46899,98915.64121818388,97934.80092780018,97956.7713206,97902.87241743108,97827.8441616184
3,2015-11-07,97642.14926,97667.71281,97461.19918708604,97391.67312249578,97461.15041466022,97541.328295,96861.94110285713,99034.43799793778,97582.43101906683,97577.2353122,97627.17129781342,97533.758479792
3,2015-11-08,97642.14843,97642.14926,97360.0370229511,97287.21066318304,97360.41448497094,97541.328295,96699.55188285712,98863.80698265559,97584.65838740008,97600.09275880002,97661.86666863656,97511.24523973989
3,2015-11-09,97642.8315,97642.14843,97359.48960890729,97281.55447871808,97359.97852355149,97541.328295,96768.5077,98813.96296711564,97579.29734473341,97589.5298412,97668.47322622438,97509.77501655863
3,2015-11-10,97579.65985,97642.8315,97410.6066977348,97326.31091832748,97410.88609922993,97541.328295,97556.90943857143,98795.86585856482,97576.09161686673,97560.88086959999,97639.30053804305,97513.90102441242
3,2015-11-11,97495.07467,97579.65985,97374.72379835315,97291.23436327983,97374.82759189807,97313.83013,97079.12826428573,98706.73174921513,97406.12206506671,97419.17833979998,97597.45754088917,97431.6046564119
3,2015-11-12,97400.92217,97495.07467,97284.65344483191,97210.2098398364,97284.65479944444,97392.66837500001,97290.07883285715,98662.04846456536,97312.69827446676,97328.46621739998,97289.58481017387,97270.83097482567
3,2015-11-13,97330.34937,97400.92217,97197.28419529024,97134.33423953666,97197.26372800734,97392.66837500001,97324.42657285715,98577.20744623398,97330.69867373338,97334.99554199999,97302.67904378899,97255.90398568635
3,2015-11-14,97330.95653,97330.34937,97145.38761844201,97089.76393177081,97145.32772938386,97392.66837500001,97054.45078571429,98566.92031078653,97331.19300253334,97329.82221279999,97302.67904378899,97241.21199269772
3,2015-11-15,97330.79077,97330.95653,97097.5552356553,97039.2946961564,97097.8029898894,97392.66837500001,97363.63411142856,98488.2595950522,97349.54261839998,97366.61739440002,97341.55660849293,97243.46464101644
3,2015-11-16,97331.26167,97330.79077,97117.48575246563,97058.55757447817,97117.76302946554,97392.66837500001,97677.78694142858,98435.3831818536,97329.5975595333,97329.4747632,97348.16316608075,97245.43943336408
3,2015-11-17,97326.34382,97331.26167,97187.0874021846,97125.09211861962,97187.11039869704,97392.66837500001,97228.35639857143,98458.34768309059,97304.32757080004,97303.54282459996,97314.19811754618,97247.87260232195
3,2015-11-18,96829.3166,97326.34382,97208.77342798068,97154.64837613424,97208.65292357923,97392.66837500001,97860.2665257143,98399.69236266927,97299.27938693337,97294.95739939997,97314.19811754618,97256.0419602046
3,2015-11-19,96746.19502,96829.3166,96795.48183517666,96744.54702785984,96795.09101683472,96808.86303609755,97968.14461714287,99032.7308731105,96692.23850193336,96711.7545332,96792.31651656516,96743.03401545278
3,2015-11-20,96872.3442,96746.19502,96601.83501278558,96531.72687029766,96601.99111434394,96503.49269136363,96756.36781857142,98210.24148484756,96577.24699726672,96531.5978536,96704.17077003878,96604.38154586771
3,2015-11-21,96868.38001,96872.3442,96694.31703774977,96620.63223867652,96694.57628175504,96808.86303609755,95515.64499999999,98375.13679693478,96725.99366120002,96713.03391100002,96856.19097922949,96734.27229303533
3,2015-11-22,96868.57654,96868.38001,96683.4142378218,96607.13938200683,96683.73691113658,96808.86303609755,96322.89537000001,98209.53631741626,96712.20486186667,96723.06000420003,96872.81050253862,96730.71824880404
3,2015-11-23,96868.71624,96868.57654,96696.28465424522,96621.1240439063,96696.63553124832,96808.86303609755,96796.80781285714,98155.79662051336,96712.20219480002,96723.49081860002,96879.41706012643,96737.5810996109
3,2015-11-24,96945.54257,96868.71624,96746.14982139195,96674.05545032752,96746.33539660352,96808.86303609755,97197.15226142856,98182.34106707702,96733.62720999996,96725.91218600003,96850.24437194511,96752.64234409085
3,2015-11-25,96896.04215,96945.54257,96811.58412618487,96748.06417101936,96811.71187790915,96808.86303609755,97090.98637857141,98192.9029456748,96830.64131773332,96848.94146860004,96850.24437194511,96809.64995356592
3,2015-11-26,96716.31967,96896.04215,96757.10582808929,96707.19639937463,96757.3284347495,96808.86303609755,96917.95190285715,98113.93870670715,96701.30867433331,96731.40824100001,96829.20309198115,96745.90272189637
3,2015-11-27,96752.60599,96716.31967,96585.85007031437,96535.82549813014,96586.08851341819,96503.49269136363,97500.78004571427,98065.54990073519,96568.41862966666,96548.73742279997,96708.35296391958,96604.19903057213
3,2015-11-28,96729.58316,96752.60599,96577.82282296625,96524.6769010725,96578.20650167423,96503.49269136363,96247.23994999999,98068.81321989869,96610.0693578,96616.24724279997,96726.4288114336,96620.39169010204
3,2015-11-29,96728.68682,96729.58316,96550.21594919328,96498.33984176528,96550.63811887997,96503.49269136363,97643.08247571428,97981.79604037214,96588.98437800005,96584.53693880003,96743.04833474272,96610.12418483601
3,2015-11-30,96729.48952,96728.68682,96568.60628230935,96514.98052662019,96569.03267244586,96503.49269136363,97081.5343542857,97952.65307477862,96587.9763892667,96569.42878440002,96749.65489233054,96617.5372694058
3,2015-12-01,96114.8879,96729.48952,96624.18895051874,96569.93999149711,96624.4715862041,96503.49269136363,97195.78889285715,98006.05435020417,96565.02851279998,96543.7676258,96729.15829612083,96621.3756001393
3,2015-12-02,95913.9429,96114.8879,96137.7043718983,96062.78048317376,96137.52618981745,96041.16163999998,96902.70408571429,99119.00342989767,96028.60569200003,96008.99005760001,95998.29507074255,96029.89374863879
3,2015-12-03,95695.21397,95913.9429,95870.75387472817,95811.5042075493,95870.80360354041,95819.29638399999,96269.60311571429,98065.15348726886,95653.63082693335,95618.03005619999,95815.7954572065,95760.31016389637
3,2015-12-04,95077.32002,95695.21397,95657.9332720481,95607.71395966539,95658.06469853426,95693.19672111109,96179.07985571427,98099.17281950449,95561.78155013338,95575.69559179999,95642.35869967207,95603.95140315693
3,2015-12-05,96050.35037,95077.32002,95101.44968029257,95047.2936140772,95101.52105274661,95029.21139692308,96518.19136142857,99326.76929595672,95021.67360726678,95021.9206202,94974.37776061581,95014.44832731993
3,2015-12-06,96067.24025,96050.35037,95814.08885510277,95754.01874953676,95814.91164968914,96041.16163999998,96589.29145857143,100361.19560375529,96081.7366219333,96078.01297500003,96161.72719939915,95999.1608569564
3,2015-12-07,96068.2888,96067.24025,95932.2192263675,95850.60523191074,95932.79276134605,96041.16163999998,95590.76237000001,97880.41944170425,96075.58661640005,96083.80379080003,96093.33904564133,96006.51029798404
3,2015-12-08,96050.54202,96068.2888,95953.17913874629,95891.87591325313,95953.70686603064,96041.16163999998,95751.13323714286,97864.60971921643,96068.20496220005,96066.94618040002,96064.16635746001,96008.08241097107
3,2015-12-09,96124.99147,96050.54202,95939.93208957925,95905.91967432416,95940.55612099226,96041.16163999998,96741.27704285714,97887.29598704532,96085.02400453338,96064.8525396,96068.34855134081,96019.76407673278
3,2015-12-10,96083.09669,96124.99147,95965.40507425455,95936.46946510204,95966.18281683064,96041.16163999998,96811.10127857143,98008.28246797337,96126.59832346672,96101.46405820001,96084.96807464994,96049.34528773958
3,2015-12-11,96071.05579,96083.09669,95929.71347192477,95907.53027279957,95930.51284712183,96041.16163999998,97213.5321642857,97889.93981234482,96133.0692361334,96093.49699499998,96060.57275462015,96033.72408785105
3,2015-12-12,95871.93171,96071.05579,95951.22481590639,95931.80472882178,95951.72886837326,96041.16163999998,96827.71247000001,97868.55905250153,96136.01187726676,96137.97886000002,96085.9083283229,96051.24164480383
3,2015-12-13,95871.97875,95871.93171,95739.30137012393,95696.14732838498,95739.75485731155,95819.29638399999,95930.60924714287,97772.43262155677,95730.4699298666,95751.11213179998,95793.21676374508,95739.94467399888
3,2015-12-14,95873.35542,95871.97875,95748.55131603622,95709.40160263327,95748.99999249646,95819.29638399999,96509.66985857142,97639.05335935061,95791.10501966669,95813.4518742,95793.56074476588,95764.68912235527
3,2015-12-15,95898.03248,95873.35542,95815.81730887595,95744.41383805555,95815.9498045516,95819.29638399999,96395.57985428572,97687.95462679252,95794.8434382,95831.34078500001,95774.81872335509,95771.35866653688
3,2015-12-16,95739.64942,95898.03248,95845.58474798595,95768.7851873295,95845.65731952456,95819.29638399999,96725.48360428572,97647.96414419754,95855.91189613337,95878.916187,95858.56886942868,95827.75531763052
3,2015-12-17,95603.57495,95739.64942,95685.59774696817,95605.61369957689,95685.60391645438,95693.19672111109,95327.46111428572,97671.52698121013,95674.37131866667,95675.38431219998,95635.21234524182,95638.39912116178
3,2015-12-18,95131.95044,95603.57495,95532.86351932537,95425.57653497698,95532.77477659276,95550.58144375002,95128.6105557143,97565.15156783717,95587.94246359996,95574.94523879998,95579.65420967135,95531.05773608276
3,2015-12-19,94995.11782,95131.95044,95084.71178362072,95034.38678082162,95084.81672452907,95029.21139692308,94857.50136428572,98462.63677137285,95062.56638946678,95053.53050740002,95084.39112813768,95060.44809947535
3,2015-12-20,94995.01046,94995.11782,94908.28911083851,94877.56462389244,94908.6710281204,95029.21139692308,94788.01753714286,97721.55673686016,94946.89662666681,94937.50046680003,95008.34308645016,94944.26811233647
3,2015-12-21,94995.35424,94995.01046,94916.0471167591,94882.79848504116,94916.43708814417,95029.21139692308,94652.16094714285,97687.28123074432,94943.49335966675,94938.17748480004,95008.68706747096,94944.99297072629
3,2015-12-22,95876.58823,94995.35424,94956.3143874204,94918.68573384557,94956.60115126045,94973.698232,94804.2,97734.52684756767,94907.11166660007,94893.38418800003,94975.94918823362,94933.91552955976
3,2015-12-23,95900.12163,95876.58823,95680.54345905615,95641.65684736543,95681.32366862734,95819.29638399999,95216.0687542857,100086.2343731671,95810.67596926662,95867.60039200001,95817.23337886028,95756.52206516411
3,2015-12-24,96320.39679,95900.12163,95744.29766862723,95704.30440295782,95745.13619047838,95819.29638399999,96694.79414,97776.55332850058,95974.77269613334,95978.84066379997,95834.5603582557,95837.87915244895
3,2015-12-25,95897.11616,96320.39679,96345.66275433876,96292.79957350924,96346.64040810906,96503.49269136363,95659.64503714287,98944.60674188215,96470.17867286668,96481.41705139999,96318.5957935928,96360.52467998957
3,2015-12-26,95897.17881,95897.11616,96038.07541897552,95994.25393446107,96038.79451903755,96456.37829,94603.81366999999,98644.47585619235,95914.43387633329,95943.02662519999,95802.66955995561,95903.78579025
3,2015-12-27,95897.29889,95897.17881,95730.65823870477,95738.50901011258,95731.7998109476,96456.37829,97169.17567285712,97948.01840838265,95975.87987866663,96022.4927286,95838.12427741123,95850.83772206349
3,2015-12-28,95897.57178,95897.29889,96056.21541200574,96023.97574711828,96056.82443819473,95948.119398,95665.45756857144,97884.0044478421,95912.58332279995,95970.2366302,95875.34205104229,95937.30037365352
3,2015-12-29,96020.60345,95897.57178,95872.51255925266,95857.55360574293,95873.0116237833,95948.119398,95683.84009142859,97685.45475796003,95855.33129473327,95911.8803082,95901.89618781344,95871.59369609655
3,2015-12-30,96079.77496,96020.60345,95966.11230329763,95917.43289646899,95966.5483035731,96041.16163999998,95386.31552142857,97710.31752649181,96055.65457433331,96066.82797540001,96125.67172755212,96032.91973278481
3,2015-12-31,96167.66409,96079.77496,95979.3873758522,95914.12870512258,95979.89646381496,96041.16163999998,95323.54742999999,97623.35811234551,96109.086554,96116.00469139998,96125.67172755212,96049.62899555823
3,2016-01-01,96497.40862,96167.66409,96310.09763109093,96182.53864585134,96310.06334288043,96178.1998722222,94101.84404571429,97712.45625185051,96206.91928826671,96182.3305796,96087.26894870242,96158.90896094016
3,2016-01-02,96497.68799,96497.40862,96345.78036179303,96251.66356278052,96345.95673801003,96503.49269136363,94869.18724000001,98357.07135098052,96502.08300793335,96609.2541864,96459.89096082591,96404.54584384659
3,2016-01-03,96553.97168,96497.68799,96366.67130365687,96258.02103046514,96366.44202687671,96503.49269136363,95596.92642142858,97724.11474805183,96474.44510126668,96588.76370339998,96459.89096082591,96397.4523641859
3,2016-01-04,96555.47278,96553.97168,96430.95099729857,96337.14748859187,96431.37179094623,96503.49269136363,95537.71930142856,97773.22114824197,96515.05703686662,96589.95481699998,96466.49751841373,96439.5673479574
3,2016-01-05,96546.82969,96555.47278,96471.84212786106,96418.90774528895,96472.45217666656,96503.49269136363,95131.54849714287,97786.37683244744,96518.5416987333,96606.8279088,96481.52558158137,96472.99167520122
3,2016-01-06,97045.47765,96546.82969,96464.14566018993,96410.89096412194,96464.78848484455,96503.49269136363,94697.20339571428,97728.51473587008,96539.2743088666,96583.0135604,96481.52558158137,96477.23028485663
3,2016-01-07,97012.55102,97045.47765,96882.12853092985,96843.61014235795,96882.74185183835,96955.61339642857,97123.73758571429,99060.68868117775,96709.04823186673,96662.66447539999,97062.57754431028,96871.7453061783
3,2016-01-08,97351.56996,97012.55102,96902.68290171004,96833.7357306986,96903.19708405767,96955.61339642857,96387.29180428572,97821.87782869127,96651.06241786669,96655.5238404,96943.43575416353,96809.4113009096
3,2016-01-09,97337.60454,97351.56996,97192.72815310248,97130.13112668863,97193.22203990204,97534.78111,94019.50246571431,98566.41465449167,97334.35422799998,97373.14264220001,97321.8598740138,97262.11507623414
3,2016-01-10,97814.6756,97337.60454,97196.95100178638,97138.42867092977,97197.59456978252,97616.0373,95581.55651000001,97913.45139977419,97306.71164046672,97315.06118120001,97321.8598740138,97255.66672847011
3,2016-01-11,97816.88112,97814.6756,97658.50887953742,97599.98431807352,97658.88534552399,98082.67924,96655.62840571428,99161.34218134201,97677.52801620006,97724.371597,97740.81939324192,97672.77724250517
3,2016-01-12,97813.76223,97816.88112,97752.55022799008,97691.65336163384,97752.92240000181,98082.67924,95315.86634142858,98186.77733540731,97675.99446173341,97712.094585,97834.16521690236,97733.93768008989
3,2016-01-13,97906.5574,97813.76223,97755.06260451763,97700.63749262913,97755.52423054,97127.29621,95695.83962857143,98082.44830720586,97503.06090706676,97561.40332720004,97834.16521690236,97679.28787219942
3,2016-01-14,97892.28739,97906.5574,97791.12022900041,97733.10972187971,97791.74439102245,97541.53644,95743.28914142857,98119.01625517417,97873.21849040006,97805.71802120002,98046.10887605225,97884.14569611067
3,2016-01-15,98012.85806,97892.28739,97783.45837140983,97736.59726030115,97784.06108828704,97541.53644,95583.71506428572,97921.38010441088,97866.09007493338,97836.60536040002,98001.40075754799,97868.02936426084
3,2016-01-16,98072.20728,98012.85806,97881.6788519975,97822.77999120309,97882.14903868666,97541.53644,95623.8859957143,98087.83428308959,97943.54081938668,97911.78526979999,97994.79419996018,97920.37167018332
3,2016-01-17,97920.01007,98072.20728,97948.81665021258,97879.12128324735,97948.86488368553,97541.53644,95405.54113,97927.93811551042,97953.05385540001,97922.32000020002,97994.79419996018,97942.32311286918
3,2016-01-18,97920.12757,97920.01007,97840.89357036396,97752.5412878066,97840.63448743014,97541.53644,96111.97929714285,97801.354098116,97807.54025446676,97760.66668680005,98001.05677652718,97853.71277293352
3,2016-01-19,97988.90607,97920.12757,97875.84333946566,97781.9447339353,97875.39878458413,97541.53644,95985.20497,97815.09925442198,97828.0086243334,97775.78367820004,98046.10887605225,97885.35407810699
3,2016-01-20,98150.6365,97988.90607,97923.65866492482,97842.80908493156,97923.27027938377,97541.53644,96343.7319257143,97851.68622713743,97960.0461566666,97905.44712359998,98046.10887605225,97949.65470588347
3,2016-01-21,98157.02592,98150.6365,97992.61296562351,97930.80929795332,97993.05114192532,98390.97251,95676.4615157143,98049.99255369703,98272.47765380007,98231.32929739996,98297.91497080744,98167.06730752026
3,2016-01-22,98318.99824,98157.02592,97993.218057527,97941.54287288821,97993.7558569568,98390.97251,96704.64361571429,97830.3360253443,98298.62054346674,98244.98247199999,98253.20685230318,98164.45675621938
3,2016-01-23,98763.74084,98318.99824,98121.34109872805,98070.85260115577,98122.12804588243,98684.73359,96028.91543285715,98151.64248887243,98507.45153059992,98475.5483568,98331.22208416033,98303.17540530534
3,2016-01-24,98857.32212,98763.74084,98516.33664514455,98477.54827628139,98516.83554384409,99088.16946,96720.88078857142,99049.74068149478,98748.03699933336,98725.20600939999,98882.85095109839,98702.81207557104
3,2016-01-25,98857.54114,98857.32212,98670.45143980821,98624.2980975457,98670.83542965289,99088.16946,95798.76942142857,98281.63251154195,99048.25505600002,99084.65563180005,98879.93413397616,98850.82909584063
3,2016-01-26,98913.97185,98857.54114,98725.32507840432,98673.12968800396,98725.58712679097,99088.16946,95521.75885857143,98251.03344548699,99031.73624126671,99057.01552420003,98924.64225248042,98876.50272725038
3,2016-01-27,98943.874,98913.97185,98774.07655206986,98719.26626417962,98774.27574463321,99101.63573878049,95190.27150857143,98247.93602507436,99202.25720780001,99260.28326220006,98967.40697441978,98962.97681546646
3,2016-01-28,98932.26751,98943.874,98766.05582498721,98701.17076413332,98766.32163936959,99101.63573878049,95458.65776285714,98198.36995538656,99210.20158846665,99271.29150320006,98967.40697441978,98959.59310900659
3,2016-01-29,98899.10314,98932.26751,98754.50928435285,98684.05886343363,98754.6801147678,99101.63573878049,96715.39098285713,98047.57932453245,99059.5029286666,99126.3320772,98922.69885591551,98888.7535493386
3,2016-01-30,98750.79293,98899.10314,98722.39202428354,98639.79068008877,98722.38812536135,99101.63573878049,96646.97026428572,98005.76457123326,98977.01507939995,99053.13423060002,98916.0922983277,98844.29935260548
3,2016-01-31,98743.98548,98750.79293,98558.63243929509,98463.4699372515,98558.7440372195,99088.16946,96346.13503285714,97945.99824497946,98815.44210926665,98803.56856699998,98879.59015295535,98719.50073315784
3,2016-02-01,98745.20926,98743.98548,98563.63430265388,98461.13985302395,98563.62809661558,99088.16946,96647.02041571427,97875.4612959394,98787.34719166667,98755.77293719997,98870.21660963213,98706.23455144092
3,2016-02-02,98784.25418,98745.20926,98610.36089066426,98500.4488771392,98610.19349353087,99088.16946,96671.48482285715,97930.84558326242,98791.86248626666,98748.8089212,98914.9247281364,98735.74536384743
3,2016-02-03,98807.02539,98784.25418,98635.70602672962,98523.53324428687,98635.48223399474,99088.16946,96664.67231714286,97918.64896876719,98824.28857679997,98781.8922464,98914.9247281364,98754.24884974107
3,2016-02-04,98641.88219,98807.02539,98621.85034122637,98501.87442473248,98621.5464712998,99088.16946,96622.05049142857,97895.87552192005,98816.68873406663,98781.73212579999,98914.9247281364,98744.49596231182
3,2016-02-05,98624.42219,98641.88219,98447.64446737697,98346.98205806398,98447.62110217146,99088.16946,96193.73589142856,97889.36023731268,98737.50037546661,98718.12252969998,98828.4984077699,98637.6602804335
3,2016-02-06,98561.47801,98624.42219,98397.98512827033,98317.14130260679,98397.9818199208,99088.16946,95729.71029571428,97901.83122148052,98565.74073018887,98579.37226396665,98846.06043796132,98576.314156919
3,2016-02-07,98235.7732,98561.47801,98318.30666716029,98253.32237319308,98318.53887784276,98504.47748999999,96520.56585571429,97836.2380910829,98469.90864578885,98466.34380986667,98484.05121915964,98402.42741271386
3,2016-02-08,98235.78686,98235.7732,98066.01942835505,97997.30066479913,98065.97602336103,98464.29019,94938.76724,98156.09510279393,98178.11678973345,98172.35821839995,98226.71971665039,98134.04572372766
3,2016-02-09,97257.43336,98235.78686,98056.67393755433,98002.14704644143,98056.96077524312,98464.29019,96292.51897857143,97907.28557523047,98174.52673473344,98182.97901799997,98266.46563849962,98147.71313989151
3,2016-02-10,97166.70049,97257.43336,97237.72464185917,97180.70970354095,97237.62264277229,97089.2071614286,94871.37600857143,100220.72456572654,97146.2653575334,97214.83204999998,96948.22373504326,97091.7329320392
3,2016-02-11,97159.9417,97166.70049,97014.14066423375,96972.22791763704,97014.3432527432,97089.2071614286,95534.00065285714,98217.26546928902,97065.94924280001,97082.6796882,96980.35391220573,97006.17702421425
3,2016-02-12,97117.30851,97159.9417,96975.98945377642,96924.94608013652,96976.27762391613,97089.2071614286,94798.56375285714,98197.34476662683,97062.36265133331,97058.2693472,96972.18261317951,96986.49711488311
3,2016-02-13,97136.91192,97117.30851,96911.16941595254,96845.42442872124,96911.38185077743,97089.2071614286,95171.43731142858,98206.86454736457,97051.28582346662,97066.39281500003,96950.86642541972,96949.1922258692
3,2016-02-14,97135.44226,97136.91192,96874.77492999495,96814.35658249364,96875.13829928906,97387.60914375,95579.16133714284,98039.52872256596,97173.04278799998,97224.888673,96958.81930187246,96982.07289078868
3,2016-02-15,97136.07063,97135.44226,97147.72324032214,97066.42054884983,97147.77902422984,97387.60914375,95285.0072957143,97974.46883924417,97137.87970826667,97149.13057119999,96970.03800117764,97058.11275276472
3,2016-02-16,97157.78411,97136.07063,96888.06686668456,96842.47841984505,96888.07773062667,97387.60914375,95705.09889428572,97798.57306500695,97207.04245519996,97226.4118916,96963.68062339899,97004.40049948134
3,2016-02-17,97126.50383,97157.78411,96911.76022167236,96889.51913530371,96911.8406539681,97387.60914375,95916.80059142856,97771.02572537916,97150.19858333329,97194.47059360002,96967.86281727979,97002.52684530559
3,2016-02-18,97088.29826,97126.50383,96841.91292120302,96808.42117560604,96842.0540570841,97089.2071614286,95864.29040571429,97756.68304813221,97032.1310750667,97059.73047359998,96955.90475526302,96932.15233531193
3,2016-02-19,97167.29834,97088.29826,96779.81823738996,96739.6806461331,96780.06732258979,97089.2071614286,95865.30194,97711.62743336325,97038.01982240002,97071.68996520001,96929.89409573637,96902.53152142315
3,2016-02-20,95678.81574,97167.29834,96825.52105708388,96774.87540824748,96825.80510974913,97387.60914375,95269.27531857144,97864.03799829913,97154.78025873331,97195.21729100004,96944.60372590834,96958.08646429637
3,2016-02-21,95698.75306,95678.81574,95593.24493650309,95514.43181107515,95593.04286494484,95693.19672111109,95159.46372428571,100849.88263628108,95565.24487073334,95539.98610419998,95646.20091885884,95575.29253355577
3,2016-02-22,95698.03362,95698.75306,95461.14431343158,95412.89289618512,95461.75832047706,95693.19672111109,95037.87469428571,98186.7621146392,95635.93429506672,95652.38733659999,95673.943103739,95574.25676499696
3,2016-02-23,95573.55384,95698.03362,95518.44311935955,95404.22590965599,95518.77775013381,95693.19672111109,94929.59066857143,98333.62036920323,95652.79856420007,95649.04643919998,95644.77041555768,95567.26496313792
3,2016-02-24,95553.10326,95573.55384,95396.15721605356,95270.43305208228,95396.47575058162,95550.58144375002,95149.10880714285,98399.41767627887,95535.57095353339,95552.92220679998,95533.9159363812,95446.63998066563
3,2016-02-25,95383.39299,95553.10326,95306.502440586,95189.37700113856,95307.03296767785,95550.58144375002,95182.08910428571,98280.72545899927,95492.35870300002,95497.5081508,95587.07227916838,95422.93599443564
3,2016-02-26,95455.69559,95383.39299,95126.45049858629,95018.09960140764,95126.94634285136,95038.37369,94402.17853142857,98184.26513409663,95281.6207737335,95290.07314500002,95563.62969330545,95287.78335614887
3,2016-02-27,95467.39158,95455.69559,95120.73784183142,95034.27008196396,95121.17663253417,95550.58144375002,94396.88667571428,97930.07128144497,95428.89181900005,95430.35284920003,95576.39936314363,95346.52042136922
3,2016-02-28,95579.62836,95467.39158,95165.53306234017,95133.320960466,95166.10208570102,95550.58144375002,94974.72803428573,97641.483925088,95436.91797213341,95421.99578020004,95597.20108033356,95389.14667097766
3,2016-02-29,95580.8474,95579.62836,95276.77418437813,95238.95610406206,95277.34854916231,95550.58144375002,94975.23039142857,97711.22538997754,95567.70916406676,95586.27644540004,95603.80763792137,95470.15763535007
3,2016-03-01,95539.64581,95580.8474,95332.30721628694,95292.86584648005,95332.75368306437,95550.58144375002,94741.54640571428,97677.58304395415,95586.74134306674,95614.00307240005,95574.63494974005,95484.74737976228
3,2016-03-02,95455.43156,95539.64581,95302.63749471014,95272.00335366881,95303.08247151655,95550.58144375002,94710.65815,97653.01344032279,95527.49089686674,95527.64280100005,95548.00018331407,95449.16481128322
3,2016-03-03,95441.82521,95455.43156,95197.22554882296,95173.86212060647,95197.75139121723,95550.58144375002,94314.51702428573,97672.03568681052,95491.30036106678,95498.29243140001,95562.68122884663,95409.28123683995
3,2016-03-04,95580.44478,95441.82521,95183.35888311132,95171.75286515163,95183.90683671602,95089.67355,94703.39636142857,97613.17241198629,95457.89833666677,95459.44976859998,95595.15168988775,95408.2676305687
3,2016-03-05,95577.89065,95580.44478,95328.15135560371,95242.03128111789,95328.33876713511,95550.58144375002,94888.45330571428,97803.8447461533,95634.13447313341,95669.73070560001,95588.54513229993,95488.23696218374
3,2016-03-06,95565.85975,95577.89065,95342.25571708992,95259.22884952201,95342.41855415696,95550.58144375002,94695.14040285714,97609.78574169762,95636.75362546675,95669.82498820001,95615.71838596443,95503.9002869844
3,2016-03-07,95566.35838,95565.85975,95370.28827880116,95291.1829707023,95370.36625924318,95550.58144375002,95002.62211571427,97565.67812809936,95587.23071513341,95586.067945,95622.32494355224,95500.246209796
3,2016-03-08,95488.17265,95566.35838,95416.07533196991,95330.94568355451,95416.10672622682,95550.58144375002,94686.79921000001,97617.69215593538,95604.19778720007,95595.00352980001,95593.15225537092,95509.43190870849
3,2016-03-09,95711.25934,95488.17265,95371.62857059241,95297.41789543643,95371.57544261703,95550.58144375002,95104.90440571427,97586.47817092946,95607.20676973343,95580.11714239999,95556.61543589288,95487.08003368758
3,2016-03-10,95306.90642,95711.25934,95469.55309584136,95375.4698964073,95470.09506484655,95693.19672111109,94716.00252142859,97910.037023335,95714.61069693342,95713.16256680005,95684.08943837848,95591.39001057307
3,2016-03-11,95316.16276,95306.90642,95148.44584311265,95056.42818726439,95148.80633417971,95804.19174,93022.1275957143,98113.63015724762,95343.26858293344,95332.21127599999,95586.32919281712,95328.67532100498
3,2016-03-12,95368.87722,95316.16276,95112.27660668883,95029.08855799814,95112.74127667047,95804.19174,94343.49180142858,97587.61417976166,95321.8474376667,95313.80927019998,95599.0988626553,95316.67828610672
3,2016-03-13,95346.76834,95368.87722,95154.33151674239,95078.97017097307,95154.84440254413,95535.81049999999,94342.55480857143,97577.43063053937,95357.08445686674,95364.5970586,95615.71838596443,95350.5910046014
3,2016-03-14,95346.76834,95346.76834,95178.79349205508,95105.76466217278,95179.23306719655,95535.81049999999,94962.81198428571,97511.46609431859,95329.43540160006,95332.5765126,95622.32494355224,95352.50833577504
3,2016-03-15,95363.9202,95346.76834,95238.09403497851,95166.95275610703,95238.38888592672,95347.0969825,94740.94339428573,97581.9950604037,95317.5979516667,95318.762304,95607.14811319747,95363.8996069904
3,2016-03-16,95389.79382,95363.9202,95269.98171075786,95204.32056770298,95270.24614505417,95535.81049999999,95086.76512285715,97568.23809324406,95359.54116786672,95353.841044,95607.14811319747,95390.33661625574
3,2016-03-17,95419.62736,95389.79382,95263.97447389271,95205.65842509168,95264.24838542723,95535.81049999999,94578.2527757143,97573.2620836755,95423.54751220008,95443.87971899998,95611.53746398412,95413.58113375863
3,2016-03-18,95402.75984,95419.62736,95313.04571922596,95278.6879231388,95313.31137628593,95535.81049999999,95599.74579714285,97545.76450256656,95520.11115566672,95539.26524739998,95626.08186469799,95474.96031450118
3,2016-03-19,95520.63712,95402.75984,95326.54275670987,95300.0190639232,95326.65556242043,95347.0969825,94915.40781428572,97603.37104409223,95457.88439906678,95491.3262818,95619.47530711017,95459.12625670007
3,2016-03-20,95549.76257,95520.63712,95438.14161634834,95419.02521273725,95438.31071974558,95550.58144375002,94700.04235285716,97713.00099274471,95629.2864225334,95637.38410360001,95623.43471006025,95557.24878177697
3,2016-03-21,95551.15481,95549.76257,95432.23225247503,95380.56412132607,95432.74059052805,95550.58144375002,94820.64915428571,97559.88632766424,95646.0714424667,95638.53501319997,95589.53464128893,95538.7234016939
3,2016-03-22,96284.67592,95551.15481,95492.15853579635,95435.70808373285,95492.54876058665,95550.58144375002,94780.90567571427,97612.55567587401,95656.59353560004,95643.85326979999,95602.81754058621,95565.03971997304
3,2016-03-23,96309.54121,96284.67592,96142.92451409949,96094.26966008937,96143.37355502848,96686.12727809523,94542.6276157143,99747.34489109743,96514.62179153338,96536.46579880001,96435.68240803444,96348.1912865524
3,2016-03-24,96225.70311,96309.54121,96210.10045219441,96132.93785306168,96210.46304654112,96686.12727809523,95414.82933000001,97933.8672658556,96542.85080019996,96529.2738304,96389.61189199815,96355.1335150866
3,2016-03-25,96248.33089,96225.70311,96399.77527955748,96300.7327169795,96399.92119823805,96686.12727809523,95875.68233142859,97974.83923638063,96435.67638739996,96444.09657159999,96360.35399014573,96365.58769817506
3,2016-03-26,96247.90203,96248.33089,96144.04197896607,96084.68892667264,96144.48355385548,96686.12727809523,95611.62285285714,97946.96045605722,96450.48578999996,96446.84378619998,96365.37570140361,96300.18347269208
3,2016-03-27,96240.80371,96247.90203,96139.20497209806,96077.57609767251,96139.74434114133,96686.12727809523,95928.16321857143,97833.53628690616,96477.60139479997,96420.99692399999,96365.37570140361,96306.85106462537
3,2016-03-28,96240.80371,96240.80371,96178.00679769734,96112.19857241728,96178.4477652665,96686.12727809523,96268.43120571428,97729.80430293207,96674.45318539998,96600.9010206,96371.98225899143,96386.21133893623
3,2016-03-29,96437.087,96240.80371,96250.50895420054,96176.92215606314,96250.72708863142,96686.12727809523,95303.87976714286,97713.09877572888,96675.09227880002,96629.33007200001,96389.61189199815,96413.87544228711
3,2016-03-30,96588.21622,96437.087,96405.86079955149,96315.1012970154,96406.11736579861,96686.12727809523,95505.79888428572,97934.98997411893,96824.03436326663,96646.1022346,96490.4183373099,96543.18466586398
3,2016-03-31,96732.69371,96588.21622,96528.66455207557,96441.92559518231,96528.99786450215,96686.12727809523,95260.94335428572,97906.8237238802,96832.47523973323,96633.9486658,96520.03622908234,96598.1456879993
3,2016-04-01,96805.06062,96732.69371,96676.1172549177,96595.67489124532,96676.41022371019,96686.12727809523,96213.13527142857,97922.95578970274,97439.68032866665,97420.2465056,96775.31167917271,96936.88896636157
3,2016-04-02,97248.22889,96805.06062,96745.37425132628,96671.98470630929,96745.77250598489,96997.37652800001,95653.08258714285,97952.31694552556,97477.22194946658,97526.27939700002,96902.64948326159,97017.28537967916
3,2016-04-03,97255.6476,97248.22889,97145.7121969111,97080.70532186882,97146.17453625187,97387.60914375,96488.17008,98985.7653309623,97081.39152306659,96971.73822480002,97010.91052567684,97057.66912353742
3,2016-04-04,97255.21125,97255.6476,97227.16429599168,97159.79645756907,97227.6575529041,97387.60914375,96927.50665714286,98079.30911595555,97361.48783286664,97423.2130696,97090.68788114474,97203.99072386016
3,2016-04-05,97429.04759,97255.21125,97270.51170524475,97241.80657858355,97271.20149081592,97387.60914375,97325.94273,98120.95229724777,97336.72347479995,97389.79275919998,97135.395999649,97237.97535101084
3,2016-04-06,97506.47497,97429.04759,97435.08643260236,97405.7944603628,97435.75428476438,97500.21279,95837.81868714285,98322.06563118835,97611.0162239333,97623.41870959997,97445.65963642654,97487.49010690756
3,2016-04-07,97662.22762,97506.47497,97502.36484569902,97465.23380153388,97503.0040577375,97616.0373,97036.32129999998,98155.27115889032,97631.01032793347,97633.36931560001,97445.65963642654,97513.96792196464
3,2016-04-08,97834.41823,97662.22762,97648.74480506244,97611.75085810678,97649.50803234796,97127.29621,97713.4600457143,98247.40377860265,97548.9319438668,97571.10282259998,97725.44377194671,97628.70885797344
3,2016-04-09,97920.75527,97834.41823,97835.84796581235,97787.81172407378,97836.21326251695,97127.29621,96851.86820714285,98355.54979386879,97584.05127746682,97581.2598724,97907.30386451475,97759.72228868511
3,2016-04-10,97981.7413,97920.75527,97909.33409696481,97851.2506454092,97909.76176624348,98172.68151,96587.42345428572,98191.5092761631,97897.1355513334,97797.12072820003,98091.43661272914,97946.60760315724
3,2016-04-11,97981.85795,97981.7413,98005.24606952268,97949.69268109117,98005.6956853213,98172.68151,97102.57102571428,98176.23396369153,98031.56284186665,97999.71777399998,98098.04317031696,98026.43289775826
3,2016-04-12,98076.93504,97981.85795,98069.29819683183,98020.44948276614,98069.67141368391,98172.68151,97039.11798857142,98162.2744367257,98020.7066371333,97998.47348139998,98142.75128882122,98061.30246957357
3,2016-04-13,98201.55449,98076.93504,98161.37384904794,98115.89309967942,98161.7216903308,98172.68151,96626.80443571428,98220.59406416632,98061.47331813327,98012.39942219997,98142.75128882122,98106.70590221131
3,2016-04-14,98494.25826,98201.55449,98263.3095138154,98222.18648378085,98263.65564394914,98203.52411,96414.47399428571,98280.54456205675,98332.58717380007,98306.621628,98388.9891078918,98314.58758849092
3,2016-04-15,98781.9947,98494.25826,98536.74294912668,98486.865040689,98536.9498833037,98858.72675,97499.7461442857,98682.75069354365,98744.84182913312,98666.60710740002,98597.43029801598,98609.71238927938
3,2016-04-16,99027.92237,98781.9947,98814.62185190925,98775.02409637386,98814.83782393174,99088.16946,97066.87422,98847.66193461025,98902.76619386666,98815.75023080003,99071.06910956604,98916.28646660219
3,2016-04-17,99027.92237,99027.92237,99056.77759508917,99013.14486937302,99056.932152924,99101.63573878049,99451.07817,98866.00926670899,99287.39073493342,99316.02802420006,99105.07055674824,99135.2020536849
3,2016-04-18,99028.27882,99027.92237,99104.05927655645,99060.35273654958,99104.30157925465,97724.39232,99019.23344142856,98532.09066314502,99116.77150500001,99254.96073740008,99102.8697890619,99093.33134353715
3,2016-04-19,99538.97737,99028.27882,99162.36898579216,99126.63249755197,99162.55112015414,99101.63573878049,98989.3669857143,98551.4085911446,99229.20344933342,99259.77784760008,99156.38523284032,99170.74039324191
3,2016-04-20,99768.4947,99538.97737,99653.81208123679,99615.15078661172,99653.62960573258,97724.39232,100410.68503285715,99676.4141621715,99432.22250593327,99598.53721440004,99698.76386849282,99582.04572034592
3,2016-04-21,99946.20492,99768.4947,99850.75640989134,99821.0243318512,99851.17965326173,100254.908,99423.44597999999,99091.57529773851,99676.38252873323,99802.75518240001,99957.27646114257,99818.22777390899
3,2016-04-22,100213.5694,99946.20492,100024.71555097832,99992.29358402858,100025.164685265,100254.908,99686.02767571427,99007.07166553623,99878.87367419992,99879.43778559999,99941.99121993086,99937.71949271979
3,2016-04-23,100338.2917,100213.5694,100302.58838526568,100275.44104469207,100302.87836286794,100254.908,98233.68157,99343.00689515448,100472.85769913324,100513.80306199998,100443.73404082927,100397.34426155151
3,2016-04-24,100338.712,100338.2917,100402.57361639239,100355.80148738412,100403.02124530726,100254.908,98673.32854999999,99228.88075078187,100403.22800339985,100387.41637420001,100443.73404082927,100400.92117720442
3,2016-04-25,100340.2092,100338.712,100453.89032487448,100403.84527993778,100454.30086800082,100254.908,99105.63484285714,99066.65663813661,100411.10985026653,100369.3267242,100450.34059841708,100421.76524287381
3,2016-04-26,100655.3418,100340.2092,100531.30603908891,100478.03180304953,100531.47303638962,100254.908,99579.0147257143,98970.03289121798,100472.92122893326,100445.55269819999,100503.8560421955,100484.93635805942
3,2016-04-27,100648.8183,100655.3418,100829.6999649943,100763.85612218169,100829.59185854603,100418.74406666668,99981.37715285714,99413.33168474345,100745.79584886656,100643.8571642,100865.80909466218,100791.82035523682
3,2016-04-28,100913.4342,100648.8183,100815.53391651109,100754.81809827538,100815.65075803122,100418.74406666668,98907.35997285714,98919.95737787426,100692.20992086659,100625.310872,100865.80909466218,100770.9457046014
3,2016-04-29,101228.5787,100913.4342,101050.47307405948,101001.99753648929,101050.61508603724,100528.1244,99655.76791714285,99347.18340022604,100950.30172266658,100943.03010399999,101096.19362119406,101016.16429344997
3,2016-04-30,101758.3746,101228.5787,101338.95569897324,101285.39334749633,101339.14419643386,101756.1704,100331.25700428571,99634.6313777309,101482.14287866667,101461.11171400001,101583.34585637176,101450.29402751157
3,2016-05-01,101757.8697,101758.3746,101846.1290426924,101789.90209615654,101846.17645002066,101756.1704,103775.88974857143,100288.90025861886,101912.06630066669,101913.02948400001,101813.83065490054,101838.59968390792
3,2016-05-02,101759.0162,101757.8697,101903.23034013802,101853.8808669152,101903.69929315848,101756.1704,103004.71606714286,99535.74436559841,101854.86056000006,101906.55219400002,101811.71615820826,101840.15252837451
3,2016-05-03,102401.2292,101759.0162,101957.61604934052,101936.6876125878,101958.16916202406,101756.1704,102377.73565714285,99549.27889628055,101912.18097266657,102001.42836,101938.93654409228,101929.26837644889
3,2016-05-04,103315.6878,102401.2292,102554.20322103053,102535.16754484593,102554.46233614348,102531.5418,104765.22051428571,100676.75628050527,102798.70780733334,102807.7579,102676.8957898756,102670.25704735162
3,2016-05-05,103807.5327,103315.6878,103430.43976610483,103405.30468013245,103430.47166024614,103590.0966,104505.88483428571,101133.2681580477,103620.97292666661,103598.02560199995,103817.45408818843,103614.57723166251
3,2016-05-06,104380.8011,103807.5327,103946.26268926248,103905.91923947132,103946.26360575539,103858.151,104202.75847714285,100948.81940097893,103912.52339799986,103884.16451199997,104198.31076029368,104005.58446592162
3,2016-05-07,105189.3471,104380.8011,104499.31483805669,104457.62136798628,104499.38649338219,104692.3755,106063.70002857143,101178.46045851808,104564.03527066666,104713.69733200004,104750.65020979331,104590.76894948208
3,2016-05-08,105193.8947,105189.3471,105252.02201720967,105197.48078182728,105252.15855857785,105338.73095,104542.14135714286,101377.80176238822,105564.86349733332,105538.850054,105378.13309383688,105380.1591243325
3,2016-05-09,105195.8691,105193.8947,105361.4270369618,105301.21435629753,105361.77421936356,105331.9624,106743.91508571428,101020.86600257568,105416.62657133336,105404.75710399999,105333.36238475774,105350.40110412955
3,2016-05-10,105762.2759,105195.8691,105440.48958851137,105396.05117117091,105440.86049721001,105331.9624,105415.50520428573,100908.6154237859,105499.01445133334,105570.813826,105436.82422794162,105443.96328348195
3,2016-05-11,106755.6394,105762.2759,105991.16408077648,105915.71219527448,105991.01730237603,105338.73095,107397.74132857143,101276.77184308949,105934.46572333327,105992.13536600002,105911.0149614178,105920.39762667519
3,2016-05-12,106950.761,106755.6394,106918.61359840556,106807.58861661445,106918.06296465221,107122.2246,106150.65975714284,101384.7751392226,106514.97216333341,106537.87965199997,107020.47416799492,106781.01164931426
3,2016-05-13,107334.7142,106950.761,107179.89739868767,107053.32770745382,107179.41368097029,107122.2246,106828.29271428571,101132.69683424702,106528.69659933336,106568.46393999994,106858.57857486706,106813.53429388475
3,2016-05-14,108233.4998,107334.7142,107514.38068371135,107406.2085490159,107514.27023975214,108138.0033,107390.33364285715,101337.53899623796,107761.1131560002,107859.33679999999,107759.33299931792,107642.21823477799
3,2016-05-15,108233.7911,108233.4998,108333.24195523505,108215.3808494179,108333.18002977312,108564.0815,108827.43867142856,101506.14199694847,108651.68693133342,108635.595744,108735.02659901962,108534.03145992364
3,2016-05-16,108234.3911,108233.7911,108443.76153121276,108324.68595740836,108444.0251559936,108690.833,107875.87417142859,101289.67625450723,108563.55725066677,108544.90852400001,108674.30445395663,108520.84922067724
3,2016-05-17,109114.1167,108234.3911,108513.64077003289,108425.95698140305,108513.9906314559,108690.833,108788.92362857141,101226.67784113776,108578.52142333343,108612.242504,108761.20533573886,108588.5612468251
3,2016-05-18,109607.2861,109114.1167,109326.97401711142,109251.67072404102,109326.95246540553,109624.37375,108569.28064285715,101535.37157259518,109319.4893573335,109148.76430600003,109530.34304566197,109367.16770901217
3,2016-05-19,111262.3559,109607.2861,109796.60677836653,109720.03781970474,109796.942176458,109624.37375,110255.68564285713,101630.33357196418,109708.64752533346,109714.93567000002,109852.73399822049,109760.47311441955
3,2016-05-20,112096.8964,111262.3559,111333.08090727641,111260.8523692347,111333.12241153531,111391.986,115025.00381428571,101116.33780437353,111452.5513353333,111449.278226,111652.7222983691,111455.37533431237
3,2016-05-21,112554.5813,112096.8964,112216.42959357754,112144.20023970807,112216.61521406492,113134.4758,112262.30597142855,101590.94038939697,112366.07425466659,112329.24410799998,112247.23971002568,112252.5047348001
3,2016-05-22,112554.6772,112554.5813,112650.95439453541,112575.45029263546,112651.64657802472,112272.7693,109272.40857142855,101706.7605996464,112695.619384,112734.50278799995,112765.2677300738,112678.77913556976
3,2016-05-23,112554.6772,112554.6772,112996.74778230836,112903.48958303558,112997.49303094397,112272.7693,110998.02675714284,101602.78285177234,112679.95653999998,112708.35505799997,112785.96835763025,112789.8048268886
3,2016-05-24,112555.5181,112554.6772,112813.42653493183,112772.04206083727,112814.43967211987,112272.7693,109857.79458571428,101699.82374887532,112701.71056533331,112719.78543199996,112832.40815746393,112768.7202612115
3,2016-05-25,113296.3689,112555.5181,112832.67335859522,112799.13386866843,112833.62654414221,112272.7693,112757.29341428573,101727.98846980563,112720.90835599999,112726.39081599997,112846.05969411535,112788.7006395946
3,2016-05-26,114924.72,113296.3689,113520.55764501129,113452.71679815851,113520.85489236408,115357.4941,110907.50365714285,101734.63223070587,114140.9005193334,114124.42124199994,113851.02901186494,113814.88210978561
3,2016-05-27,115798.6421,114924.72,115056.6309965266,114913.22713451942,115055.90076873431,114666.10081250001,115433.30372857144,101135.42137641547,114872.94157333346,114920.89099600002,114723.1354460736,114836.4347179755
3,2016-05-28,116367.7479,115798.6421,115947.34478434232,115794.43493077258,115946.69756908706,115329.8751,114134.78704285713,101674.26284752868,115829.28244799998,115828.913972,116015.98039018587,115879.89925631946
3,2016-05-29,116367.8566,116367.7479,116493.72582472203,116341.03879470544,116493.39110405844,115329.8751,110627.2351,101802.018926103,116689.74128599995,116708.80918799998,116384.8303373974,116471.8701393676
3,2016-05-30,116374.0308,116367.8566,116550.54664573059,116421.34930041428,116550.83242705766,115329.8751,114383.57082857144,101749.385981801,116668.19663199993,116673.54181799998,116460.6975556715,116516.74782936189
3,2016-05-31,116871.5634,116374.0308,116618.60254774921,116525.44362699668,116618.92388410958,114675.362,113811.07155714286,101806.01277450194,116633.47685933327,116649.84156999999,116547.59843745374,116568.83964126122
3,2016-06-01,117087.2154,116871.5634,117132.39918720715,117022.01698736903,117131.95872082062,120039.8024,113121.7251,101960.87363278186,118104.32983866661,118259.29527000006,117854.36648373012,117660.23776992194
3,2016-06-02,118270.3395,117087.2154,117344.59737204292,117264.7882729951,117344.25711601024,120039.8024,112625.32484285715,102011.75260116102,118051.39079999998,118022.36172400005,117936.08822476817,117750.75576592109
3,2016-06-03,119684.9841,118270.3395,118366.06849119616,118266.4743436773,118365.76493990462,118644.00927499999,116879.22815714286,101458.69118614015,118621.11664333321,118522.78013600002,118811.92468734614,118566.50522478555
3,2016-06-04,120209.561,119684.9841,119719.85037795198,119586.61279313306,119719.25814508744,120206.805,116810.0942857143,101247.64233858694,120191.0067053335,120239.12523399996,121151.31295580654,120309.64415142436
3,2016-06-05,120720.1475,120209.561,120268.82479093189,120122.13564312697,120268.61290143253,120940.1126,115281.12454285714,101902.43877065527,120776.88814200008,120789.36916199999,121614.37475192895,120837.799512352
3,2016-06-06,120721.5604,120720.1475,120776.07981377338,120657.78196067241,120776.46770988496,120940.1126,113120.37471428573,101816.87153624884,121262.45935333331,121229.35075600004,121630.01913523518,121183.42014974698
3,2016-06-07,121579.735,120721.5604,120901.70470896993,120768.8396376952,120901.86902634136,119760.2629,120416.61428571427,101834.09129546507,121021.53446199998,121026.72428600003,121752.41282643715,121180.92897537745
3,2016-06-08,122258.9724,121579.735,121701.44726061013,121562.22265447238,121701.01307949531,123131.8622,118947.68275714286,101635.97598900695,122351.20653799991,122304.01877400004,122710.04115283015,122207.82344843417
3,2016-06-09,123365.5096,122258.9724,122368.96586049357,122258.62518173888,122368.52534523494,123131.8622,118610.54711428573,101845.37471483159,122531.62676066656,122355.00974000004,123390.81286308577,122727.02160183042
3,2016-06-10,123814.4273,123365.5096,123388.8127596447,123271.58668550588,123388.47268569893,124462.0697,119852.5825142857,101472.78044547616,125885.05793799998,125847.74956399998,125392.58626212692,124849.74362854427
3,2016-06-11,124273.1473,123814.4273,123857.64065117681,123706.30818641707,123857.21967656554,124462.0697,115147.14531428572,101993.14610944633,126105.20577466661,126042.56600399996,125632.02607193403,125147.84667767257
3,2016-06-12,124404.5942,124273.1473,124293.52087637412,124130.85200595784,124293.14489735523,124462.0697,118000.8885,101973.08930915366,126122.06133933328,126088.65856199995,125914.25302426242,125389.05545651785
3,2016-06-13,124404.4817,124404.5942,124449.55752364013,124288.06396973976,124449.7265403278,124462.0697,117550.78494285714,102057.34236808425,126226.13946133331,126123.27152399994,125934.95365181887,125483.05236096396
3,2016-06-14,124541.1274,124404.4817,124551.0135622461,124384.34176384303,124550.7469151949,124462.0697,115343.33258571429,102100.424224878,126224.94556999997,126117.56569399996,126059.08340243685,125556.12357875996
3,2016-06-15,124764.8897,124541.1274,124703.32361609291,124489.59215112065,124702.36528093535,124462.0697,115994.15060000002,102242.69179043705,126283.81402133325,126296.43015999995,126125.17330981788,125632.85982742393
3,2016-06-16,125294.8448,124764.8897,124860.26777338886,124672.99225643097,124859.6069433137,124462.0697,122666.89574285714,102241.69181239404,125439.44688533331,125849.05447,125258.03043750452,125123.48985975627
3,2016-06-17,125955.7396,125294.8448,125311.29168684816,125141.81085250503,125310.60878728353,124462.0697,119119.68352857143,102140.205687673,125446.87371999995,125809.87664999999,125216.287058253,125268.32387691933
3,2016-06-18,126220.2659,125955.7396,125886.24330848009,125753.35627661963,125886.489411352,124462.0697,119695.09152857143,102033.74569520024,126089.644212,126401.658344,126077.39265890924,125973.46438250963
3,2016-06-19,126220.2659,126220.2659,126107.33683116776,125990.72034154987,126108.28050250892,124462.0697,118837.12028571428,102350.81594181005,126175.25363466663,126606.88337200001,125897.05022659992,126021.00806760548
3,2016-06-20,126220.9582,126220.2659,126142.17989789121,126033.26197367805,126143.36129976762,124462.0697,122738.77577142857,102319.83142093394,126135.34656466663,126554.66333400001,125903.65678418774,126024.08844084413
3,2016-06-21,126348.6161,126220.9582,126193.29949329498,126108.59639086641,126194.30585373822,124462.0697,122890.44855714287,102321.22691391749,126140.3752053333,126551.20474200003,125975.90571238204,126074.9591028606
3,2016-06-22,126093.0936,126348.6161,126323.67586752924,126236.13783145427,126324.23341057631,124462.0697,123549.25685714286,102389.20259310256,126083.86732266661,126292.53616,125242.3722413384,125854.12579848642
3,2016-06-23,126362.3829,126093.0936,126107.0724070828,126028.76591518002,126107.0221672868,124462.0697,125693.9910142857,102094.58968353254,125908.22963866658,125972.940874,125195.53528739016,125710.84361374559
3,2016-06-24,126662.7502,126362.3829,126283.10802930503,126195.67736256201,126283.13140586304,124462.0697,120598.10198571428,102281.54875521499,125775.52550266654,126160.72094800005,125139.65701174932,125703.61995899263
3,2016-06-25,127023.6889,126662.7502,126474.8951361077,126394.73675910087,126475.76796514269,123686.1348,120613.7513285714,102269.32959704041,125691.96443733324,125963.65082200005,125505.6596673505,125864.12028792819
3,2016-06-26,127001.9888,127023.6889,126806.00308707688,126746.90044788418,126807.04660946492,125184.7838,120150.664,102301.54328176344,125919.03158999987,125989.51739200007,125520.31162093843,126062.0812196075
3,2016-06-27,127002.4143,127001.9888,126827.94393960226,126764.66004257055,126829.0512198591,125184.7838,120170.18744285716,102360.16258656407,125835.45698199987,125861.61495800003,125526.91817852625,126042.3450676989
3,2016-06-28,127237.9892,127002.4143,126881.97655211884,126803.0543621536,126882.5669525199,125184.7838,120430.36074285714,102363.15544502928,125851.86879133321,125862.74905200004,125611.13292728936,126088.68536025872
3,2016-06-29,127171.0481,127237.9892,127100.9873863867,126997.96070892361,127100.94391665698,127055.7749,120598.30918571427,102413.91272315297,126168.64516199988,126184.76360200005,125945.38154799624,126370.66247297324
3,2016-06-30,127189.5655,127171.0481,127035.24899327781,126936.67097964099,127035.02916625698,127915.577,119781.03722857141,102319.70529750337,126120.39599866659,126084.34067600005,125593.02531427826,126216.69743086194
3,2016-07-01,127572.9647,127189.5655,127311.65043259211,127173.68776443358,127310.62837524261,127915.577,120123.95245714288,102278.02488204202,126075.37219133327,126073.83548000002,125529.16311636186,126259.40769070957
3,2016-07-02,127573.1167,127572.9647,127347.12964123298,127238.44313034047,127346.55901816173,127915.577,119811.76501428572,102249.66085912002,126326.02727266659,126465.912938,125475.33083996805,126346.60041432503
3,2016-07-03,127574.1722,127573.1167,127311.40185428731,127208.07439720251,127311.53426972646,127915.577,119646.20734285715,102353.63648987655,126109.26747533324,126276.74747799998,125481.42946920732,126266.25711391435
3,2016-07-04,127575.2789,127574.1722,127324.30146693316,127214.05731515455,127324.3928061522,127915.577,119818.67950000001,102375.83382151702,126085.10279133325,126243.612646,125471.47506539349,126256.8783906271
3,2016-07-05,127570.4935,127575.2789,127365.36126117084,127250.34691847155,127365.31093975934,127055.7749,119849.77165714288,102343.17888025836,126080.90844866658,126240.54905800002,125428.402412385,126253.21925984103
3,2016-07-06,127768.639,127570.4935,127380.90111739535,127225.65721239286,127380.20628489032,127055.7749,119680.47881428571,102333.73678528784,126052.29384066659,126219.30594,125443.05436597293,126240.33513967747
3,2016-07-07,127859.6619,127768.639,127501.77231049264,127355.93236406747,127501.30247230793,127915.577,119952.38884285714,102324.81731005583,126077.94805666657,126244.96378800001,125360.94123761464,126264.9405527829
3,2016-07-08,127219.2372,127859.6619,127581.99694682582,127440.8702870522,127581.57604952507,127915.577,119876.29745714285,102337.40794951268,126067.82541199992,126240.726078,125307.30861534594,126272.00143813268
3,2016-07-09,126930.721,127219.2372,126990.99443728762,126889.35108435414,126991.02496472352,127915.577,119974.2239,101822.08791191477,125842.84110333324,125877.21844200004,125234.60581402609,125988.93266723782
3,2016-07-10,126743.9551,126930.721,126663.28529738061,126584.65775504035,126663.51222859498,122760.7044,120226.45357142856,102209.02490952313,125065.09341199984,125360.44343000006,125068.84987265177,125572.86701323064
3,2016-07-11,126744.3904,126743.9551,126495.95115331127,126422.29552962052,126496.25034888563,122760.7044,120091.87637142857,102305.37917344338,125068.99015133316,125375.34370600004,125068.84987265177,125520.04518453515
3,2016-07-12,126398.8178,126744.3904,126521.43288774943,126443.40282984922,126521.56564329,122760.7044,120213.90645714286,102334.93275377619,125023.71191133316,125370.49926200006,125080.56288379112,125515.89254165783
3,2016-07-13,126072.3262,126398.8178,126237.44118876982,126145.66002183434,126237.11553402267,122760.7044,119145.40194285715,102197.84298130577,124691.27150933318,125014.74002200006,124672.94916616748,125169.960232445
3,2016-07-14,125654.7871,126072.3262,125878.93003586288,125793.59460212817,125878.44010884404,122760.7044,119093.70685714287,102192.2945378557,124559.72595666652,124635.41942800005,124650.60719173125,125001.30925017531
3,2016-07-15,125227.9698,125654.7871,125445.67857231484,125391.73518146152,125445.11682759132,122760.7044,119139.65105714285,102133.951508108,123776.73141533318,123767.11355000004,123516.81341520138,124228.42667066537
3,2016-07-16,125312.831,125227.9698,125012.99220043761,124995.07754309391,125012.70228774012,122760.7044,119139.65105714285,102116.61793138215,123406.6911146665,123355.42173800003,123418.24995653391,123940.00620476477
3,2016-07-17,125312.8194,125312.831,124998.77455096069,124989.05443433032,124999.04895107214,122760.7044,119350.65977142857,102262.40930946142,123776.71175066648,123795.18843000002,123484.34620026595,124083.37079508758
3,2016-07-18,125314.3603,125312.8194,125003.47993999197,124987.03146995418,125003.8388327091,122760.7044,119610.73075714287,102315.96468306727,123775.12399666647,123795.18843000002,123468.58046442697,124076.91197701586
3,2016-07-19,125328.1108,125314.3603,124999.29124002274,124972.46451363823,124999.52444986308,122760.7044,119747.56175714286,102286.02125067744,123721.17636999983,123762.05092600007,123366.25552523002,124019.9654696227
3,2016-07-20,125058.7706,125328.1108,124994.51950626026,125001.27702911831,124994.72871696904,122760.7044,120175.76464285716,102248.84518605763,123671.36251533315,123675.74409400001,123380.90747881796,124017.84900775646
3,2016-07-21,124753.5254,125058.7706,124709.04949495703,124734.54535783635,124709.28895029813,122760.7044,119627.13228571428,102138.17824250778,123303.72683999983,123235.01236600002,123354.47451905075,123797.5822389623
3,2016-07-22,125126.2487,124753.5254,124418.49514260744,124417.73522345281,124418.2923578677,122760.7044,119637.73405714286,102154.33704964576,123301.9752906665,123232.26395000004,123366.19797187192,123695.30282866374
3,2016-07-23,124394.2917,125126.2487,124685.34862194807,124666.61701678745,124685.46126637064,122760.7044,119887.48454285713,102050.17650136902,123304.25688533313,123287.28597600007,123366.96556695957,123779.27982302672
3,2016-07-24,124372.2076,124394.2917,124080.02589120895,124043.070564152,124079.97976085158,122760.7044,118763.42697142858,101835.91333016814,123219.60272133313,123160.64852800006,123366.94898391275,123543.20742313263
3,2016-07-25,124367.8588,124372.2076,123975.19135705657,123947.64583971624,123975.62942350497,122760.7044,120038.38464285713,102313.9048655573,123161.71834599982,123154.87493400004,123400.66140756365,123503.34186442656
3,2016-07-26,123978.8319,124367.8588,124000.78623983366,123944.91439717071,124001.02493377935,122760.7044,119859.10698571429,102295.41303043929,123121.96936999985,123160.02151600004,123337.04982657419,123467.97786458158
3,2016-07-27,123333.8788,123978.8319,123665.61875031621,123594.84844812316,123665.58805139287,122760.7044,117167.4112,102189.46537327355,123051.8305646665,123007.34472800004,123034.47032339909,123227.04977872958
3,2016-07-28,122687.5467,123333.8788,123052.46964266372,122979.78469514937,123052.46004802508,122760.7044,116527.94258571429,102002.72919559033,122886.17922399988,122920.92797600005,122775.49656715123,122880.48682876682
3,2016-07-29,121186.6347,122687.5467,122444.80708904055,122362.58859219671,122444.61259551845,121690.8823,115994.00924285714,102048.81922468927,121542.96008133334,121604.28919599998,121530.54736320098,121812.03201224368
3,2016-07-30,121060.6418,121186.6347,121102.28214965118,121032.01662879746,121101.80724926182,121690.8823,117944.19417142858,101224.90720550825,120845.30529666672,121049.01227400001,120709.67907869787,120862.33366805401
3,2016-07-31,121060.6172,121060.6418,120800.36729550685,120773.19095871682,120800.85963493916,120829.4676,118609.02025714285,102118.5005182382,120832.33506600007,120960.50153399998,120791.80067604223,120799.10890025304
3,2016-08-01,121060.6183,121060.6172,120765.64750774342,120723.48690669393,120766.2883196069,120829.4676,118951.8662,102084.78109828247,120866.4620953334,120991.090238,120785.3061643438,120791.7517221237
3,2016-08-02,121061.6789,121060.6183,120752.95224681323,120713.48170245206,120753.5873973006,120829.4676,118278.29135714285,102157.78141313297,120877.37955733339,121018.91691599999,120721.69458335434,120770.85194771325
3,2016-08-03,120696.6469,121061.6789,120699.88716758415,120675.4063550636,120700.52837115982,120829.4676,116457.0409857143,102265.98227444805,120854.50799266677,120964.972346,120697.53715404958,120742.48383392666
3,2016-08-04,120439.7688,120696.6469,120334.04399601236,120336.73741722982,120334.49536942114,119383.7058,113673.6756857143,102241.87932695293,120130.39033200011,120183.24285399994,119982.77247393841,120149.96674105611
3,2016-08-05,119895.4063,120439.7688,120030.47765308495,120098.8013261644,120031.11043130214,120054.09779999999,113710.04848571427,102202.50465953784,120121.34651466674,120176.99944599993,120015.65364677373,120078.60049586829
3,2016-08-06,119441.2497,119895.4063,119588.79157314062,119661.32266967274,119589.22696656355,119219.8881,115221.2459142857,102070.97223391247,119723.31020200002,119768.45529399998,119535.15472242444,119639.9291980324
3,2016-08-07,119441.3642,119441.2497,119098.57758266534,119170.6757434622,119099.35664998455,119219.8881,113964.53901428574,102185.80162004479,119230.61671266663,119031.11704200001,119078.77935578175,119160.02393730351
3,2016-08-08,119441.8293,119441.3642,119038.6697653636,119106.06134783634,119039.72554532505,119219.8881,114785.69945714285,102263.49811029715,119265.17582466667,119030.31451400003,119112.49177943265,119161.24298397855
3,2016-08-09,119029.5332,119441.8293,119057.56830432088,119096.12848304724,119058.52115476916,119219.8881,114594.14398571428,102242.80105981698,119249.02814266662,119117.52467800003,119048.88019844319,119131.34560805235
3,2016-08-10,118683.3721,119029.5332,118707.2140883733,118724.0683866321,118707.76929424895,117449.5685,114094.77929999998,102194.71078194043,118453.70025600001,118441.55390200004,118722.50821533603,118633.4256193227
3,2016-08-11,118179.5354,118683.3721,118319.9892460419,118329.72039346403,118320.56756309177,117449.5685,112790.62859999998,102195.7315863602,118058.83273066665,118064.59577600007,118313.73532856126,118234.09615089731
3,2016-08-12,118039.4769,118179.5354,117852.1550326629,117805.42666099778,117852.31786595541,117449.5685,114030.19350000001,102113.85313966502,117502.55117199995,117450.54469799997,117648.29873743835,117652.09219014535
3,2016-08-13,117910.6449,118039.4769,117636.43954631076,117598.50344656646,117636.9313250889,117449.5685,113887.7735,102183.46160655029,117154.95507333329,117051.91164599996,117564.83490874288,117439.43114288087
3,2016-08-14,117910.5893,117910.6449,117471.7572667327,117434.96286181352,117472.41568203896,117449.5685,113669.5571857143,102192.73510376913,117165.942938,117062.60899799997,117620.44480972097,117407.11686984483
3,2016-08-15,117911.7872,117910.5893,117456.0715596908,117420.96042887798,117456.81513232153,117449.5685,113969.70112857143,102166.51996770961,117163.14675066662,117079.32016399995,117613.95029802254,117399.35249252238
3,2016-08-16,117539.5717,117911.7872,117475.71269017814,117446.45004600345,117476.32913648026,117449.5685,113529.96462857144,102118.1653396237,117114.84148733331,117000.16998800001,117550.33871703308,117370.54341678995
3,2016-08-17,116943.3623,117539.5717,117174.09510932495,117151.80680168953,117174.38490111532,117449.5685,112433.8945142857,102071.66768929354,116861.00419466657,116707.70136999995,117529.98616618637,117180.93238751416
3,2016-08-18,116490.2484,116943.3623,116617.3279958124,116610.8454723773,116617.44967434836,116272.373,113409.62428571428,101956.99145510397,116599.90463066663,116480.61052399993,116727.67493158845,116646.1416782108
3,2016-08-19,116277.2387,116490.2484,116186.52299173738,116174.85421927343,116186.50798976817,116272.373,113762.2075142857,102100.1535052541,116148.43686666653,116157.86474199995,116472.49123343312,116265.26077312436
3,2016-08-20,115808.5816,116277.2387,115983.52046077256,115958.72249722548,115983.13504861206,114831.9954,113334.56804285714,102136.1100522585,115780.37895599994,115813.453748,115891.68788094682,115876.92977805743
3,2016-08-21,115808.3425,115808.5816,115573.99463363629,115568.23595964712,115573.73895205263,114831.9954,112673.09198571429,102099.7841610909,115264.30305266666,115272.68135400004,115390.52450976292,115407.68784069223
3,2016-08-22,115809.5348,115808.3425,115488.97622707734,115480.84394580459,115489.13209993258,114831.9954,113426.58957142859,102108.63682092672,115263.07825800002,115302.35906400002,115424.23693341382,115389.3863790728
3,2016-08-23,115508.5536,115809.5348,115531.94188999505,115514.52814506939,115531.79906010206,115498.1422,113751.9048,102077.00466186473,115330.88005466665,115374.33156400007,115360.62535242437,115402.01118405345
3,2016-08-24,115257.1081,115508.5536,115292.56181158169,115288.19695804299,115292.06327848052,115498.1422,112325.13171428572,102066.94275516192,115165.05647533332,115231.47902400007,114821.01186628337,115091.42176655323
3,2016-08-25,115317.5801,115257.1081,115027.45192656606,115036.46075372961,115026.91095295757,115498.1422,112938.81132857142,102009.74133505172,114831.85403199996,114826.55123400007,114837.6313895925,114901.98205844068
3,2016-08-26,115141.7494,115317.5801,115013.38042653115,115028.95063359427,115013.11599238332,115329.8751,113364.2471857143,101936.41574559148,114871.14784599999,114929.32745600004,114888.35647481041,114929.48498480156
3,2016-08-27,114962.7147,115141.7494,114834.98425498471,114848.83811174304,114834.7954234727,115329.8751,113205.75278571427,101898.12340856994,114767.71703333336,114776.37960800005,114855.86060883988,114824.13858463877
3,2016-08-28,114963.5152,114962.7147,114558.85137793914,114563.98972440787,114559.37817981002,115329.8751,112921.65789999999,101875.09918405322,114775.32053266662,114772.50646000003,114959.38065145283,114766.23030284244
3,2016-08-29,114963.6878,114963.5152,114542.78648787952,114547.28601079222,114543.3806991654,115329.8751,113241.03117142855,101857.45484307043,114770.14997399993,114799.42538000003,114952.8861397544,114756.7740415155
3,2016-08-30,114778.4454,114963.6878,114585.06411607697,114572.81679733473,114585.39920542538,115498.1422,112898.55877142858,101806.97064550806,114809.48535866667,114836.11588000003,114889.27455876494,114757.19223825545
3,2016-08-31,114464.1108,114778.4454,114448.07409245473,114420.2818344444,114448.11789931776,114381.88753333333,112956.75009999999,101797.8943733502,114522.03100999999,114461.28197200004,114424.15458369817,114455.48914271418
3,2016-09-01,114547.3239,114464.1108,114161.48941195567,114128.65235762169,114161.34086095855,114381.88753333333,112081.64365714286,101790.85838763817,114301.33423933323,114296.54352800004,114440.7741070073,114290.25356798741
3,2016-09-02,113859.8087,114547.3239,114163.87584138743,114120.46578771,114163.90656961928,114381.88753333333,113008.41497142857,101743.50501332979,114341.7504513332,114293.61782400006,114491.49919222521,114317.90514375613
3,2016-09-03,113871.4938,113859.8087,113613.74191380374,113554.34299084474,113613.35650015752,114363.6638,112189.87457142856,101663.98836213491,113755.42766200006,113801.577398,113543.80407783827,113617.85824356102
3,2016-09-04,113863.3141,113871.4938,113508.5409754606,113463.31202597669,113508.63760772944,114363.6638,113604.0623857143,101725.21549058497,113764.7825246667,113815.976552,113626.51984487944,113618.20479850762
3,2016-09-05,113863.2141,113863.3141,113766.37535316004,113679.37756340511,113766.28901453232,114363.6638,113269.55414285716,101683.24289507077,113737.00292600006,113771.52126199998,113633.12640246726,113683.16896395748
3,2016-09-06,113863.8289,113863.2141,113539.21957631879,113471.37506752837,113539.21204364371,114363.6638,112898.55877142858,101679.3857372586,113747.94420600004,113801.52098599996,113457.41835688308,113558.9125434705
3,2016-09-07,113546.9853,113863.8289,113541.31454961942,113476.20522145575,113541.19798624425,114363.6638,113635.52771428574,101641.0894023691,113743.8861860001,113817.86958599996,113396.81038593453,113538.96726446347
3,2016-09-08,113546.7227,113546.9853,113224.90293996182,113171.89795204256,113224.87028609165,113086.142,113087.95664285714,101610.08371112189,113371.54048866674,113411.94404599998,113080.18871301139,113207.8757179069
3,2016-09-09,113273.5471,113546.7227,113151.2245276884,113100.93212527611,113151.29232862355,113086.142,113640.12154285716,101504.15578549258,113486.90671866675,113531.763832,113137.75229094854,113241.86371163046
3,2016-09-10,112807.6782,113273.5471,112913.81833021482,112862.70740239871,112913.93287213758,113086.142,111983.94227142858,101495.5298842357,113457.4661240001,113425.19944399997,113165.52879013613,113161.90077217831
3,2016-09-11,112806.7085,112807.6782,112483.97613366174,112435.70624481674,112484.04540798895,112336.8823,111977.67404285715,101547.7935580604,112629.44771466665,112605.50060000003,112393.2922283901,112486.14872929116
3,2016-09-12,112807.3863,112806.7085,112452.88058731536,112410.42339321169,112453.0746924395,112336.8823,114065.28117142858,101525.8277761936,112640.27135800001,112603.88640599999,112445.28611755803,112498.66028958991
3,2016-09-13,112582.5273,112807.3863,112502.85574116796,112447.17848088834,112502.8470002802,112336.8823,114034.82737142858,101512.76809321031,112577.03467133339,112555.67523000004,112396.32649015651,112473.51321412607
3,2016-09-14,112483.9383,112582.5273,112320.91688784257,112257.04941267318,112320.64179489326,112387.1811,112212.29084285714,101505.650229561,112433.09298733331,112427.69940600004,112166.5124297937,112285.55160993339
3,2016-09-15,112291.8162,112483.9383,112160.40265772161,112114.02109101774,112160.37941912648,112226.8534,112320.9961142857,101438.73068356526,112294.643634,112368.592806,111860.5884508786,112089.75105863212
3,2016-09-16,112132.36,112291.8162,111946.19611685339,111864.82325864943,111946.11423119986,111794.5856,112436.00252857144,101353.91311534676,112166.20772,112179.52497200004,111893.46962371391,111974.83353412112
3,2016-09-17,111657.9295,112132.36,111751.57243207179,111679.99812963491,111751.6706439258,111866.7595,112355.46814285716,101259.23323868247,111881.37418733336,111888.96504199998,111643.12926280902,111734.83385992575
3,2016-09-18,111657.8004,111657.9295,111329.0295539406,111269.99658805988,111329.12009316642,111021.2923,111723.97945714286,101336.14367423224,111371.68731199997,111400.362074,111190.82515305537,111277.50301770506
3,2016-09-19,111658.4932,111657.8004,111256.91327988685,111194.61440115116,111257.35070923464,111570.3341,111920.81754285714,101240.03915497035,111560.3382346666,111511.37463199998,111242.8190422233,111332.59055934702
3,2016-09-20,111718.2298,111658.4932,111283.18254933959,111213.28944046455,111283.53615966818,111570.3341,112168.44655714286,101225.2093434109,111617.89337799998,111599.50595199996,111193.85941482178,111341.68074442877
3,2016-09-21,111533.0152,111718.2298,111333.25265748623,111257.13383053151,111333.54876623987,111570.3341,113450.80152857142,101204.35891058494,111709.4035453333,111643.11349199997,111193.85941482178,111386.79893022886
3,2016-09-22,111158.8173,111533.0152,111098.55270797583,111014.6923338368,111099.02282830603,111570.3341,112201.21931428571,101202.3583478647,111324.65127066667,111339.15808999998,111065.98532570226,111135.10964340193
3,2016-09-23,111011.908,111158.8173,110741.23201085776,110651.05743001748,110741.55175960113,111043.7319,111668.89544285715,101202.6970484889,110948.77503866664,110966.56281999998,110960.05402221056,110853.2954969649
3,2016-09-24,110826.4427,111011.908,110569.72139931902,110473.34018261329,110570.01183880583,109369.1345,112184.24530000002,101094.90186319122,109823.96407400005,109933.16545599997,110215.41085782906,110170.90503814747
3,2016-09-25,110826.4307,110826.4427,110381.34799380519,110292.69876569117,110381.76410449261,109369.1345,111977.6296142857,101095.41941373407,109660.81306866666,109747.40938200001,110134.76148866984,110029.42444100922
3,2016-09-26,110826.3538,110826.4307,110368.04907833494,110275.43611282369,110368.56293994497,109369.1345,111241.79660000002,101057.56990386592,109251.24051533335,109421.78223000001,110135.10546969065,109887.26069928256
3,2016-09-27,110214.4434,110826.3538,110406.33053392074,110296.27058614878,110406.67737498514,109369.1345,111747.72782857144,101046.6694435768,109244.1217786667,109409.511992,110086.14584228913,109875.51273570153
3,2016-09-28,109539.865,110214.4434,109885.23792987654,109769.61470497207,109885.2684304423,109885.0112,110480.07737142859,101211.68470854459,109059.36679533335,109265.640234,109661.47879622289,109496.82009884277
3,2016-09-29,109439.9486,109539.865,109221.25604336146,109121.59836748616,109221.30020869401,108612.9859,111398.71685714286,101250.218852284,109226.2831180001,109138.60843599994,108933.41469301439,109093.76539283355
3,2016-09-30,108988.4989,109439.9486,109033.26236427229,108936.38795996497,109033.55895289878,108612.9859,109493.10927142858,100998.65704346684,109218.48067333341,109123.93461399997,109017.94577399683,109057.60480243173
3,2016-10-01,108278.318,108988.4989,108653.20844530119,108540.49542730665,108653.27448495956,108612.9859,108555.03171428571,101132.81190664895,108851.276572,108713.73190000003,108117.53741303214,108503.10313744626
3,2016-10-02,108278.318,108278.318,107947.8902517815,107835.61072713655,107948.20565993656,105624.0098,110005.5721,101272.49259771017,107640.54474533336,107605.29224200002,107908.36023047434,107794.83856764808
3,2016-10-03,108280.4583,108278.318,107870.19251321832,107775.98486102196,107870.75703987143,105624.0098,109210.70881428572,100914.19296295055,107605.11354666673,107538.88504600001,107960.35411964227,107780.48417577699
3,2016-10-04,107763.1696,108280.4583,107868.08180451435,107776.06195005338,107868.61722624049,105624.0098,108959.26075714287,100816.38120347781,107568.98152466673,107451.35861200001,107911.39449224075,107752.14598898694
3,2016-10-05,106658.7359,107763.1696,107417.79348987278,107337.27456374097,107418.1091029436,105624.0098,107100.55501428571,101017.37930972397,107006.09634466669,106910.95243599998,107164.3690129456,107169.24664045109
3,2016-10-06,106031.3662,106658.7359,106423.96162247134,106359.98661366888,106424.00879730456,106931.1542,104549.68317142858,101244.96792295629,106009.9731213334,105903.04179399998,105902.28229853114,106090.74734451114
3,2016-10-07,105689.3363,106031.3662,105730.8351109059,105684.13308763904,105731.17299455334,105672.7065,106018.80937142858,101196.32976773614,105591.5933333333,105740.26957399999,105505.75084030174,105593.82575375802
3,2016-10-08,105374.8343,105689.3363,105346.62105322717,105306.76061536469,105347.12227551016,104993.6192,107525.07815714285,101049.96982044508,105023.29411666661,105039.27338999997,105078.19345940056,105136.08273047728
3,2016-10-09,105082.298,105374.8343,105005.1377057711,104976.95448108349,105005.93511465126,104993.6192,107561.88204285716,101047.66266389948,105067.14815733331,105104.41148599997,105119.15140679071,105054.41801506917
3,2016-10-10,105082.761,105082.298,104948.57917411714,104882.82782980218,104949.31000485102,104993.6192,106453.89722857143,101006.55660583808,104659.72052733328,104724.565254,104691.03118935082,104744.52651549542
3,2016-10-11,105084.2909,105082.761,104639.49574627931,104587.2796936625,104640.4156521189,105046.0797,105387.49484285715,100706.21384772436,104604.66092066655,104596.92913799999,104561.54718697183,104584.49593376696
3,2016-10-12,104860.0239,105084.2909,104598.97392658552,104543.07371881917,104599.74181627331,105046.0797,102512.54765571428,100417.2866951373,104617.14030733323,104630.909292,104561.54718697183,104573.92040437473
3,2016-10-13,104671.8633,104860.0239,104346.8748875621,104319.6303279783,104347.78114234244,105106.3596,100681.49304857143,100338.10070674251,104453.95706999992,104514.017082,104201.30857124199,104324.9653230734
3,2016-10-14,104595.9809,104671.8633,104145.35344495943,104119.61760431017,104146.20845410509,105106.3596,100059.85846142856,100200.92833660574,104438.59162399994,104420.360972,104234.1897440773,104264.13299079581
3,2016-10-15,104553.8386,104595.9809,104035.96332713914,103984.36909405982,104036.7762931445,105106.3596,100015.62051857144,100072.74187295837,104372.06246866655,104368.19142799998,104234.1897440773,104196.87376893456
3,2016-10-16,104553.8386,104553.8386,103961.97579836813,103921.60967283524,103962.94324722738,104519.73415,100910.13227714285,99984.25807877432,104309.2689399999,104259.91179399999,104273.20773113366,104168.02878132294
3,2016-10-17,104554.4204,104553.8386,103953.11234020151,103910.30751937693,103954.22790445392,104519.73415,100688.09661285715,99931.43745121917,104314.12998733323,104253.80291399999,104275.49167248826,104166.64305973281
3,2016-10-18,104248.9051,104554.4204,104000.42501423614,103929.03125843217,104001.28086962763,104269.55549999999,99610.3079757143,99922.21765299098,104239.62450266657,104199.67432199998,104226.53204508674,104131.72926872848
3,2016-10-19,103505.0485,104248.9051,103764.79156458432,103644.93289824692,103765.14443738745,103605.7663,99551.48641285715,100027.98824484291,103701.10306399994,103779.50996399997,103684.81755812264,103676.9511734565
3,2016-10-20,102792.881,103505.0485,103106.48508183047,102972.12712066923,103106.551776727,103155.6173,101105.18882714286,100655.96790850679,102938.6605940001,102923.41565799998,102958.32184418691,102956.36985295208
3,2016-10-21,102712.8095,102792.881,102465.12473444591,102341.63824416354,102465.02010647127,102220.0244,101551.24187571427,100709.23782339344,102660.15600333345,102642.78071,102713.79247797458,102571.86224182385
3,2016-10-22,102509.7,102712.8095,102307.92910106435,102174.91976463838,102308.08798685847,102653.6455,100295.66694285716,100114.67720126366,102740.8129453335,102806.04164799995,102684.39623132512,102533.37631376566
3,2016-10-23,102500.613,102509.7,102120.20742960836,101971.07379255285,102120.30352886609,102029.697,101843.85971428572,100220.35684981855,102326.67946933348,102317.69439600004,102355.3049471489,102217.68606967841
3,2016-10-24,102502.4942,102500.613,102102.56799879248,101962.70736249328,102102.72566020282,102029.697,99895.83530142857,100037.7666417801,102346.76164333349,102315.835028,102355.64892816971,102221.70597799883
3,2016-10-25,102305.172,102502.4942,102140.19606312852,102016.89692174386,102140.17584895018,102045.142,99989.82462285714,99868.33899324872,102360.01387933349,102318.65033200002,102306.6893007682,102227.8667006152
3,2016-10-26,102050.155,102305.172,101983.01758406713,101884.40813782952,101982.69675754484,101636.6708,98680.35493571428,99708.68194660473,101969.40022666674,101962.25661600001,101940.3476694822,101931.38534465949
3,2016-10-27,101619.2696,102050.155,101708.0998451253,101638.1257029984,101707.90336241137,101700.9192,98858.51354,99567.29655535345,101832.91034333332,101859.663744,101956.96719279133,101809.33441304101
3,2016-10-28,101491.322,101619.2696,101312.43223578022,101260.18557553767,101312.36569632716,101525.28891250001,99004.04697857142,99771.2531789274,101350.20431786662,101347.76621200003,101246.30972773249,101285.56654037892
3,2016-10-29,101428.1831,101491.322,101170.29320514438,101133.3611294471,101170.26300669218,101525.28891250001,98672.23329285716,99421.04431833411,101345.26741999999,101358.30372200001,101287.40590552424,101255.34481832378
3,2016-10-30,101411.7336,101428.1831,101082.73708119028,101050.4704456698,101082.9086640424,101525.28891250001,99112.59236571427,99338.12375184095,101335.40565706666,101337.83765000003,101328.3638529144,101238.07998521696
3,2016-10-31,101412.8853,101411.7336,101050.95891563437,101013.54319770586,101051.351612445,101525.28891250001,98833.64592857144,99237.02070709066,101273.19014839994,101325.22645200002,101191.68185397789,101159.47173336124
3,2016-11-01,101173.0561,101412.8853,101109.74840828995,101067.70048348451,101109.86041111704,101525.28891250001,98415.55108142855,99178.93750651157,101184.48929733322,101274.99415199998,101134.75865130087,101128.98281070619
3,2016-11-02,100939.1178,101173.0561,100945.12721263763,100889.45343836343,100944.78057868294,101080.1644,98148.11346714284,99196.49293626133,100980.99825253325,101091.25213999995,101092.91565414699,100987.78911501456
3,2016-11-03,100557.459,100939.1178,100699.81018444864,100632.37008849221,100699.3850081399,101901.4895,98150.29041857143,99072.84000541779,100712.39545393323,100839.25273240004,100650.29745346525,100665.02099863022
3,2016-11-04,100134.9025,100557.459,100304.49784111013,100233.85614472616,100304.41425645535,101189.9369,98197.15601571428,99246.33076724374,100476.39915246652,100599.46511260002,100412.87834161766,100374.37787960343
3,2016-11-05,100059.8014,100134.9025,99881.53966907493,99800.13164382408,99881.60965495108,99268.19811,97512.48488714285,99423.11140721312,99897.2552141332,99861.32886600004,100014.24099127213,99903.87594974315
3,2016-11-06,100060.0089,100059.8014,99739.62423290523,99663.05503610235,99740.00634889764,99268.19811,98048.70568571429,98974.15472306083,99960.61482986661,99959.29912040003,100055.19893866229,99892.95626821042
3,2016-11-07,100060.0906,100060.0089,99726.29594418891,99643.25498063794,99726.82362643376,99742.347065,98286.73308857143,98920.51966163714,99973.51215119995,99948.1554712,100055.5429196831,99890.77001717367
3,2016-11-08,99938.23344,100060.0906,99738.962487155,99643.23120623555,99739.4664872132,99742.347065,97940.00924,98850.04506735809,99955.39210333335,99907.60609940006,100006.58329228158,99868.40220061682
3,2016-11-09,99733.99454,99938.23344,99631.52820434523,99539.8327045507,99631.9084516915,99742.347065,98017.12814428571,98756.65335486062,99811.19803620008,99814.2960316,99580.73238603176,99643.92104226084
3,2016-11-10,99602.94539,99733.99454,99421.64160339446,99332.80523532379,99421.87215827925,99338.27459666667,97921.32549571429,98738.52536150086,99629.48341420003,99667.25174280001,99289.9410770159,99417.40990884656
3,2016-11-11,99571.87373,99602.94539,99274.90656038137,99198.98361408415,99275.19388129431,99338.27459666667,97828.36802142859,98561.71016926641,99517.04163133331,99582.4130514,99303.03531063102,99339.68685201615
3,2016-11-12,99500.56385,99571.87373,99231.48695177597,99165.58264077458,99231.8873295587,99638.713518,98167.48079714285,98555.15951571465,99607.95503406669,99621.59597220001,99321.11115814504,99364.88294432877
3,2016-11-13,99500.56385,99500.56385,99159.46323161844,99097.88793033139,99159.89371691311,99638.713518,98104.19157571429,98513.67686946246,99388.50730879996,99372.61040980005,99297.75257587491,99261.38260500209
3,2016-11-14,99501.82168,99500.56385,99182.42036573793,99126.05010992147,99182.8016632117,99638.713518,98429.75089285713,98470.39403764921,99420.38225786661,99412.79116940005,99298.09655689572,99281.50964156126
3,2016-11-15,99474.78716,99501.82168,99245.78846830445,99184.55005330601,99245.91481049231,99638.713518,98405.69015285715,98474.7278292176,99397.85930546669,99392.73575660003,99268.9238687144,99283.77774249569
3,2016-11-16,99205.2716,99474.78716,99245.17782696833,99189.2528934905,99245.13350803858,99638.713518,98369.0884442857,98403.92454629063,99322.36572619999,99342.29572240004,99268.9238687144,99260.1808294683
3,2016-11-17,99181.19466,99205.2716,98999.18220832176,98935.83374174933,98999.03501866896,99101.63573878049,97723.59790285715,98551.31323702776,98954.23434093334,98956.9720804,98993.78068927735,98961.28292398667
3,2016-11-18,98759.71062,99181.19466,98925.76628774045,98848.36228109802,98925.81950113356,99101.63573878049,98261.94509000001,98229.9198167885,98991.13786160001,98979.31986559999,99031.5573279943,98957.01915689744
3,2016-11-19,98590.43692,98759.71062,98536.88965902649,98445.26514916115,98537.0296112953,97478.12536,96407.49393142856,98823.63304619103,98536.42691453334,98555.26744780003,98775.83751817464,98585.84319395637
3,2016-11-20,98590.18093,98590.43692,98341.22006114341,98260.35135647024,98341.48852519772,97478.12536,98400.95311,98360.68618372793,98670.80278840003,98560.10002000003,98816.79546556479,98582.64987014502
3,2016-11-21,98590.8519,98590.18093,98337.92531890873,98255.4617299698,98338.2822311229,97478.12536,97814.84039571429,98274.9433536249,98667.53270700002,98551.36092880002,98817.1394465856,98580.0446278518
3,2016-11-22,98590.1228,98590.8519,98388.01046937869,98299.9829219064,98388.2016388208,98568.52671272727,98277.13778285714,98294.54501706257,98708.31272373334,98565.86916660004,98787.96675840428,98598.75413468135
3,2016-11-23,98513.02444,98590.1228,98388.92367771915,98302.98770158092,98389.02658495764,98568.52671272727,97891.1950342857,98205.51952917088,98715.36471840001,98562.32447640004,98787.96675840428,98602.10639279506
3,2016-11-24,98627.42262,98513.02444,98289.14540638629,98212.4576591973,98289.31474451469,98839.00972,97681.92732571428,98150.51639698524,98494.14148959996,98457.42752360001,98389.16531151498,98365.25482010409
3,2016-11-25,98551.26764,98627.42262,98348.78967393152,98278.257353995,98349.05441316584,98891.10073666666,96989.56705142857,98140.09809181286,98516.67000669998,98511.8595494,98800.51992327647,98531.81576132383
3,2016-11-26,98459.7594,98551.26764,98278.43152465322,98215.26284666856,98278.80144738246,98774.0824,97494.49952428571,98069.36587235476,98451.73816903327,98412.02310379999,98406.4417390109,98357.8142515709
3,2016-11-27,98458.52795,98459.7594,98182.64153304342,98129.36048556225,98183.08908129543,98774.0824,97766.41848857142,98020.84662939348,98460.14278293875,98437.7805091,98447.39968640106,98345.6343183007
3,2016-11-28,98458.56136,98458.52795,98203.45679374701,98153.38883955161,98203.87537003202,98774.0824,97249.65279000001,97984.56017845692,98454.4104994054,98429.2770083,98447.74366742186,98351.84766879295
3,2016-11-29,98337.71441,98458.56136,98262.38857658251,98211.28011258219,98262.64742897075,98774.0824,97162.84671285715,98032.30014973448,98447.08599978323,98421.08619230003,98418.57097924054,98358.97903053532
3,2016-11-30,98373.0832,98337.71441,98176.51607984527,98115.37273521752,98176.59788296072,98210.15541,97298.1704257143,97997.09156473851,98396.38423433322,98370.8100757,98208.20046290317,98239.98581081798
3,2016-12-01,98087.62738,98373.0832,98168.16774255443,98117.23998602259,98168.39979109597,98288.98576750001,97663.02267714287,97965.4213154405,98367.99794193327,98363.10061809998,98435.19050254967,98306.80947683519
3,2016-12-02,97827.82202,98087.62738,97930.76276730548,97856.83052038851,97930.76113372965,98065.694615,95824.84517285715,98107.40276761501,98093.88102330007,98060.13407360003,97902.87241743108,97951.19465370655
3,2016-12-03,97848.15947,97827.82202,97667.20944287116,97589.18125426685,97667.27553228276,97841.7660361111,95419.05821999999,98110.58283287879,97747.07179833343,97774.87126760004,97702.92313743444,97679.72539667824
3,2016-12-04,97848.15947,97848.15947,97635.72140765282,97569.30196093369,97636.0711932188,97841.7660361111,96673.74852000001,97860.48610687646,97890.37799213339,97862.60135980006,97753.43504003983,97737.70499770231
3,2016-12-05,97848.15947,97848.15947,97645.31628941654,97566.86827656803,97645.68253984317,97841.7660361111,96655.72538857142,97847.25812805018,97843.77424566672,97831.82976460006,97760.04159762764,97723.56137328746
3,2016-12-06,97823.51807,97848.15947,97689.03379198225,97611.16996334426,97689.27977967808,97841.7660361111,96798.52124285714,97884.83036801366,97845.48506280009,97835.24400320004,97730.86890944632,97729.17464519688
3,2016-12-07,99672.62631,97823.51807,97668.12071224929,97596.85474446362,97668.3424406691,97841.7660361111,97418.39436285714,97831.11023352008,97787.22151840008,97805.94022260007,97715.05237766408,97699.7095468426
3,2016-12-08,100077.4478,99672.62631,99151.59012972501,99070.4125775943,99153.35782910323,99638.713518,106522.40207857142,100968.96816844538,99604.62803546664,99621.85449040002,99308.66089389165,99327.90050231753
3,2016-12-09,100114.3392,100077.4478,99670.93505244928,99560.67142879161,99672.61304462524,99947.68511600001,99292.53543714285,99681.34987185363,99946.36390793322,100028.354552,100050.59399789067,99852.5431115385
3,2016-12-10,100101.9907,100114.3392,99738.99480316328,99649.00270398152,99740.80657939706,99268.19811,101357.50859142854,99447.45396360752,99932.7561509332,99988.2801568,99716.24750338437,99766.00211943302
3,2016-12-11,100102.1254,100101.9907,99720.3129837848,99649.21772975165,99722.3493268386,99268.19811,101562.61292,99442.50822676552,99937.59998566654,100027.64978719996,99909.16819767526,99831.99530436448
3,2016-12-12,100102.7022,100102.1254,99773.36845140386,99708.29458356931,99775.32786069256,99947.68511600001,101561.43862285714,99276.80324709081,99904.18577099986,99990.00091519998,100109.22613552384,99907.23549669767
3,2016-12-13,100228.0271,100102.7022,99868.83909736841,99786.86781329801,99870.48213905975,99947.68511600001,100627.64900714284,98937.75512295359,99893.68190546652,99952.77545860002,100150.89293722372,99943.81421866275
3,2016-12-14,100227.5916,100228.0271,100050.85625666726,99948.56424809321,100051.86509438785,99958.187175,97362.65983142857,98496.74048010434,100145.87615306655,100135.61211080002,100275.234406614,100123.22493592459
3,2016-12-15,100061.6421,100227.5916,99999.18612808317,99831.10767830613,100000.07209359505,99958.187175,97562.6863442857,97994.6595863669,100150.12850099988,100165.4792528,100296.36946722677,100092.53521551093
3,2016-12-16,100205.8276,100061.6421,99856.43947944566,99676.85530093245,99857.07938263236,99947.68511600001,96962.46194857142,97933.23308028061,99944.74630333325,99950.827073,100114.48611630894,99912.02924019155
3,2016-12-17,100063.8235,100205.8276,99952.91205415047,99785.835387715,99953.81094846105,100385.9838,95939.96055857142,98146.4598364219,100149.79259766651,100165.95141379996,100256.90343321324,100064.17713953159
3,2016-12-18,100063.8759,100063.8235,99850.29281189633,99690.2884149929,99850.91548816481,99268.19811,96711.11817142858,97934.75615238977,99944.80981919993,99989.90222759999,100161.1665148262,99932.088249673
3,2016-12-19,100064.7619,100063.8759,99869.48900505684,99716.64853553007,99870.03932543634,99947.68511600001,97220.45437,97888.85398767481,99953.80265839995,99972.801057,100161.510495847,99943.98722992565
3,2016-12-20,99877.19998,100064.7619,99921.45466509317,99767.26858648418,99921.93621532561,99947.68511600001,97312.72975142857,97950.14977097066,99931.61267019995,99940.85358640002,100194.36997227272,99964.41707631895
3,2016-12-21,99829.79571,99877.19998,99725.22378076099,99667.59487061207,99726.22868989238,99947.68511600001,97600.68676285715,98030.46531213696,99564.07250486662,99646.5801522,99730.89902992862,99654.18880180245
3,2016-12-22,99918.38838,99829.79571,99610.83129844366,99576.40419273256,99612.13224803915,99947.68511600001,97017.83110857142,97990.08611160357,99599.79962693328,99702.36968399999,99730.89902992862,99635.70094986481
3,2016-12-23,99828.85709,99918.38838,99679.48493945156,99650.49386797038,99680.80056741569,99947.68511600001,97137.08495285714,98053.31505404114,99553.02349859994,99621.535193,99744.0647445376,99649.19403703597
3,2016-12-24,101786.6737,99828.85709,99586.72594260436,99550.26813869776,99588.0804273882,99268.19811,97148.18499999998,98029.45763365271,99535.13140406663,99625.7791768,99715.20014555496,99600.19989610645
3,2016-12-25,101786.8223,101786.6737,101598.59297280537,101524.05582506213,101599.29643915349,101075.4205,107891.48861428571,100970.96891268458,101905.8979466667,101753.78781900002,101976.29606598728,101802.08327923871
3,2016-12-26,101786.975,101786.8223,101791.07801455472,101682.69878999528,101791.6956815422,101075.4205,99792.22456714285,99188.43217587363,101769.5724577333,101683.83361700003,101899.1005869553,101783.79061156129
3,2016-12-27,101786.975,101786.975,101538.46339096603,101491.01503769976,101539.69988173581,101075.4205,101565.76014714285,99398.89077418356,101786.91577133322,101667.74816700003,101961.54053449816,101746.49044784372
3,2016-12-28,101787.2103,101786.975,101538.43643711081,101507.97666751254,101539.85925575663,101084.4748,102818.86349142858,99434.58586359759,101787.18109999991,101692.54150500002,101961.54053449816,101752.23276733687
3,2016-12-29,101830.207,101787.2103,101525.42920849838,101483.2621353549,101526.76278799023,101075.4205,100935.35752571428,99274.27279198705,101776.58934973327,101687.725533,101961.54053449816,101740.46400652878
3,2016-12-30,101920.8714,101830.207,101579.28434732275,101523.33713971774,101580.43795324996,101075.4205,98832.35142714286,98982.55222586225,101764.01686133326,101691.863103,101887.25194487676,101724.86864864257
3,2016-12-31,102454.0955,101920.8714,101727.2931061129,101628.48801132462,101727.40959230483,101050.985,96500.09976142857,98621.49163950628,101909.09805733328,101805.77079400003,101889.4527125631,101809.01292707368
3,2017-01-01,102469.7427,102454.0955,102426.38084743638,102222.54630679365,102425.65806342101,102176.7361,98164.48463285714,99588.28074824507,102759.20765133329,102669.51604999999,102537.07714476345,102506.27703429679
3,2017-01-02,102469.7427,102469.7427,102512.8839906282,102294.17251958908,102512.02343996897,102176.7361,96936.75240428571,98533.71374832522,102755.26092199997,102640.88872599999,102497.61318631498,102515.68220930135
3,2017-01-03,102470.2595,102469.7427,102290.58080906332,102088.81017827943,102289.80913958972,102176.7361,96138.09745571429,98507.19027957902,102813.6419913333,102792.41017799999,102563.09445066222,102488.51554009166
3,2017-01-04,102392.8757,102470.2595,102292.90595278893,102080.91723799733,102291.96980371448,102176.7361,96137.7495757143,98458.82560002564,102773.7983893333,102698.975086,102563.09445066222,102472.60335933095
3,2017-01-05,102751.5232,102392.8757,102209.5962992806,101991.39320180196,102208.40114786853,102176.7361,96670.27688428572,98352.46733418485,102497.04683733328,102524.430432,102173.37810369417,102220.6060476098
3,2017-01-06,102936.0797,102751.5232,102434.14661065007,102253.1011552208,102434.34818296783,102823.5062,96101.01274142857,99094.65191862918,103136.0143913333,103160.06081999998,102932.9998656907,102774.03847074827
3,2017-01-07,103157.3118,102936.0797,102587.68615720031,102492.56833134334,102588.60680192744,102823.5062,96552.2271042857,98808.66375059394,103081.03037266665,103011.79953599999,102926.39330810288,102833.3306707043
4,2017-01-08,103152.7068,103157.3118,102922.5830298768,102843.7633710707,102923.51949934108,103157.3118,99338.57796857142,99631.33817643957,103125.94103366653,103111.70799199997,103075.43079146613,103015.04506540112
4,2017-01-09,103152.6218,103152.7068,102948.23823330984,102872.30340737443,102949.23246055003,103157.3118,99522.00408571427,99292.5250518318,103107.21850233321,103104.96693199994,103079.36375126622,103019.62855365795
4,2017-01-10,101878.5887,103152.6218,102983.9088650087,102908.2037801191,102984.89496837147,103157.3118,99284.01862428572,99414.6713944709,103081.80696733322,103072.52706999997,103116.81769718215,103035.60948154482
4,2017-01-11,101928.8154,101878.5887,101858.33719168037,101811.63408396328,101858.63711790799,100105.6195,99328.74069857142,102049.54028005972,101566.50290999994,101546.15773599996,101763.17273874058,101713.76991090126
4,2017-01-12,101930.6885,101928.8154,101801.51883697356,101771.05675849176,101802.191525491,101515.25646666666,96314.90439,99306.35321455194,101693.40551199991,101698.500654,101928.43879868179,101797.63368972449
4,2017-01-13,101985.6409,101930.6885,101805.16806973732,101741.1037206286,101805.71772513661,101515.25646666666,96525.34900714285,99322.59242069132,101677.94878666659,101711.65619000001,101874.73159047619,101764.59469925713
4,2017-01-14,102005.0398,101985.6409,101837.1709603181,101778.45825372872,101837.6844647239,101515.25646666666,97443.79867857145,99478.89171331211,101666.74032066659,101629.76500200003,101869.3328118035,101771.51046206628
4,2017-01-15,102004.9843,102005.0398,101815.06366076882,101750.39546372027,101815.5938077122,101515.25646666666,96662.43908000001,99291.99254155418,101670.87290399995,101671.09499000001,101869.84267287089,101763.70368019702
4,2017-01-16,102004.9843,102004.9843,101806.97555673162,101750.84823164357,101807.17235246747,101515.25646666666,97303.99744714286,99058.07468245777,101646.96746533325,101630.64012,101873.77563267098,101757.1971098826
4,2017-01-17,102039.1801,102004.9843,101814.43553963176,101779.62400492407,101814.12091035814,101551.04550000001,97987.23312714287,98913.75661268666,101663.93245933326,101684.68010600003,101891.54802899224,101778.36816441652
4,2017-01-18,102036.8754,102039.1801,101889.7720362403,101881.34319333106,101889.30164983204,100105.6195,98563.01573571427,98895.69629788693,101656.82224199992,101664.22716800001,101903.95783087902,101814.04108873667
4,2017-01-19,102479.5087,102036.8754,101850.66399262943,101844.48481635826,101850.00316840068,101551.04550000001,98535.87978857142,98848.03693464214,101686.93106599992,101722.24464600002,101880.77952531626,101804.06513589148
4,2017-01-20,102480.9321,102479.5087,102233.01401195406,102203.3754718154,102232.46624687925,102467.8863,97561.92838857144,100051.87473506358,102657.00259866663,102625.27042999998,102393.85086588562,102418.07631212256
4,2017-01-21,102486.6168,102480.9321,102256.90465443689,102211.89334518695,102256.11359494812,102467.8863,97803.90526571429,99027.73220290556,102782.31627733335,102818.09426799997,102388.45208721292,102460.88723657775
4,2017-01-22,102495.2081,102486.6168,102245.0465192227,102190.16496787722,102243.84819522224,102467.8863,97190.25089285713,98969.26063982281,102776.994554,102799.51898199998,102377.59180633309,102448.25044273678
4,2017-01-23,102495.5094,102495.2081,102205.35066565927,102174.73620042871,102205.74302183583,102467.8863,97046.58787857143,99067.28263697088,102802.25409400002,102802.388114,102382.99058500578,102453.3269598115
4,2017-01-24,102653.5599,102495.5094,102272.54753292509,102172.42315443992,102272.2437200967,102467.8863,97407.19717428573,99067.90680332445,102826.83939733337,102806.243596,102418.97871204911,102472.7470879408
4,2017-01-25,102619.8881,102653.5599,102411.06670673654,102301.15330394146,102410.79578330256,102467.8863,97680.8549742857,99243.04423925093,102978.81788400009,102971.06622600002,102577.94784787555,102619.30634527236
4,2017-01-26,103152.5951,102619.8881,102375.52053390424,102255.8348881268,102375.10867428692,102467.8863,97210.13885999999,98949.95656808188,102979.34948200009,102970.15741400002,102413.16899015245,102549.45112009312
4,2017-01-27,104138.8281,103152.5951,102814.96010811998,102662.52803532728,102815.04674088686,103157.3118,98249.8219,100487.6527347697,103277.60089399997,103245.223806,103039.85573635016,102993.32822189247
4,2017-01-28,104131.7393,104138.8281,103768.65809194293,103608.64031832697,103768.30862548178,103969.78104999999,99231.59009428571,102099.24456919235,104007.82650933336,103967.62377200002,103706.51206888694,103774.32629884909
4,2017-01-29,104131.3573,104131.7393,103796.19155842547,103620.28749550332,103796.16192773086,104038.71756666666,99457.79520142857,100118.65834533857,103961.29303333344,103963.36100799996,103688.65566265276,103756.74539716316
4,2017-01-30,104131.4031,104131.3573,103799.77005612726,103636.3080500715,103800.37583302546,104038.71756666666,100745.39636428573,100204.56347966102,103965.82787600011,103954.00117599998,103694.05444132545,103765.39678913234
4,2017-01-31,104048.0324,104131.4031,103847.40417322748,103687.44767792977,103848.03768640736,103969.78104999999,100199.24169714286,100178.96737700698,103925.25745333335,103875.31924799999,103731.50838724138,103781.40450616817
4,2017-02-01,104128.1058,104048.0324,103783.00597004886,103618.25285920118,103783.59192650697,104038.71756666666,99624.79545571431,99869.78784035819,103944.59318800004,103949.67060599997,103725.96608970086,103762.93737896736
4,2017-02-02,104104.6651,104128.1058,103850.10136669394,103698.14907948086,103850.81433576277,104038.71756666666,98667.34204428573,99655.79097334977,103979.51093533337,103985.73640999997,103726.49828584367,103801.38610021929
4,2017-02-03,103656.2303,104104.6651,103846.60139317659,103666.99645203936,103846.93375669458,103915.32893333334,98382.66473142858,99188.77783614019,103768.89260933334,103751.919792,103693.5627027681,103709.8172547136
4,2017-02-04,103119.4376,103656.2303,103404.92730760653,103209.32764314799,103405.43421078006,103745.59245,98053.86001571428,99930.78003100281,103626.51143333329,103626.22682200004,103432.74632250302,103422.86179966143
4,2017-02-05,103119.7471,103119.4376,102879.89618248359,102711.93166134664,102880.58919040779,102623.95321250001,97419.91228,100297.44015562476,102936.71031833328,102928.03581533334,102973.70644082801,102874.11614016932
4,2017-02-06,103119.6879,103119.7471,102861.68110098076,102703.94775688255,102862.67112616065,102722.8688,96369.54086428571,99311.96140769361,102963.31229499995,102941.7730893333,103018.4512545295,102895.23710213734
4,2017-02-07,103123.8799,103119.6879,102904.97191818,102754.85995188278,102905.90044547516,102722.8688,96770.43947428571,99408.65243662115,102934.25460866664,102896.07866999997,103029.4200062652,102906.17818893823
4,2017-02-08,103089.3409,103123.8799,102901.3651230835,102754.61374722823,102902.35021557866,102722.8688,96299.86708857142,99352.44981050694,102909.35665933332,102843.100274,103064.47591757192,102909.4821080445
4,2017-02-09,103029.9423,103089.3409,102826.46163310982,102718.29452920824,102826.63850659355,102623.95321250001,96883.68684000001,99188.18138576848,102927.59925599996,102852.52327999996,103048.63241634319,102898.17540051712
4,2017-02-10,103042.6469,103029.9423,102728.04097569549,102683.38204134436,102728.48306148028,102623.95321250001,97874.72055285715,99026.83416812061,102954.80981733324,102947.64393599996,102876.58056778705,102838.25747548822
4,2017-02-11,103048.6278,103042.6469,102735.24723357291,102711.47223081668,102735.56274364694,103157.3118,97033.30380714286,99066.2861560914,103611.95627133333,103604.24866599997,102876.21380608348,103066.54743607783
4,2017-02-12,103048.6278,103048.6278,102739.86307269154,102727.8731725642,102740.20831419299,103054.2508,97234.55487142857,99008.99614021587,103618.1427403333,103645.86785199997,102865.35352520365,103070.45647936704
4,2017-02-13,103049.1187,103048.6278,102752.4384782276,102732.29686848332,102752.6272656044,103054.2508,97438.63951857142,98960.69531695671,103626.08711566661,103638.57923599996,102869.28648500374,103075.89015638456
4,2017-02-14,103017.9397,103049.1187,102788.80642818194,102754.91170757322,102788.70959499481,103054.2508,97473.81509142858,99027.07872796006,103660.35478199998,103606.83122799997,102906.74043091967,103107.33564016428
4,2017-02-15,102919.97,103017.9397,102748.5364392905,102712.1623146456,102748.3322640882,103054.2508,97465.66206428572,98971.15341164274,103643.49829933331,103605.80168399999,103253.20561330758,103202.9554090955
4,2017-02-16,103001.8855,102919.97,102624.69942761221,102583.73010106455,102624.4548592224,103054.2508,97445.97976285715,98975.09835944402,103580.21467866666,103550.947108,102871.96789364069,103011.97089112397
4,2017-02-17,103319.1287,103001.8855,102696.52588833804,102623.30240352977,102696.03203272214,103054.2508,97142.41546285714,98949.78855963805,103602.79484999996,103536.34892799999,102881.61258475618,103035.90327942865
4,2017-02-18,102806.2508,103319.1287,102970.08718061821,102856.22093235499,102969.96997666759,103054.2508,98356.97170285713,99675.97329931517,103483.52032399994,103588.72646600001,103137.2808275099,103159.00736128828
4,2017-02-19,102803.7384,102806.2508,102505.6473134576,102387.27990197702,102505.22147942428,103054.2508,97863.13399000002,99962.2772800726,103313.67208766665,103387.64967600004,102824.54167130226,102841.8312203153
4,2017-02-20,102803.7384,102803.7384,102682.85365358248,102556.7936105333,102681.96599852871,103054.2508,96258.09213714286,98941.45416275278,103228.01728433328,103273.26361000004,102869.28648500374,102884.69912662345
4,2017-02-21,102805.1186,102803.7384,102516.60373505815,102397.60077857472,102515.89370229801,102722.8688,96555.47117571428,98877.40663164231,103087.06911466664,103067.48696600003,102850.12900207717,102778.26629843951
4,2017-02-22,102975.8793,102805.1186,102509.05242557704,102378.03687701328,102508.25519897019,102722.8688,96560.09472857144,98835.43403767723,103079.82310999995,103042.85714800002,102862.53880396395,102773.46626365907
4,2017-02-23,101890.26,102975.8793,102629.34123583783,102486.42740843997,102628.7749166905,102722.8688,96283.50628,99084.07600346932,103100.55967399993,103051.677024,102835.27245054868,102807.41984432952
4,2017-02-24,102058.8082,101890.26,101681.29772925496,101532.30517618122,101680.10254530549,101501.8606,95577.84507857142,101781.76822609064,101689.73119466663,101677.95798400002,101628.2292163353,101616.7551957277
4,2017-02-25,102103.0332,102058.8082,101709.91314367055,101569.09407288607,101709.50721199824,101501.8606,95863.22998285714,99196.82452211627,101916.06721266663,101929.02694600001,101773.08940006082,101752.75022853784
4,2017-02-26,102100.6657,102103.0332,101755.91878079563,101614.62958917805,101756.43227740777,101501.8606,95815.98278142858,99004.32618448224,101902.77271333328,101930.56777800003,101809.05261987417,101775.4849741285
4,2017-02-27,102100.6657,102100.6657,101773.6589374659,101630.0001620445,101774.11483424432,101501.8606,96038.33167714285,98945.4019514706,101877.93036799994,101915.96441200002,101812.98557967426,101773.63870323956
4,2017-02-28,102165.4667,102100.6657,101807.33690077944,101665.33767022706,101807.66364231023,101501.8606,96162.91497857144,98998.12605972393,101877.40445599995,101930.59296600003,101770.2000669938,101770.9807310736
4,2017-03-01,102122.2021,102165.4667,101851.86314014457,101716.47498404642,101852.19465996334,101700.9192,96265.25259142857,98945.71391735403,101991.95263999997,102015.29136800002,102176.05959228305,101961.49573877647
4,2017-03-02,102305.4123,102122.2021,101763.72565378694,101654.4575624296,101763.94894835388,101501.8606,95769.42176142857,98801.29950513765,101969.81973666667,102006.33720200004,101801.5967894455,101808.62469618059
4,2017-03-03,102430.3816,102305.4123,101971.85194811829,101910.23326584649,101972.37916243891,101700.9192,95739.29134142857,99070.84653864837,102278.92704399998,102348.16726800002,102185.38431271214,102124.84820751952
4,2017-03-04,102812.3696,102430.3816,102107.88894657222,102010.7384302617,102108.23585956136,101700.9192,95801.5906142857,99067.44666363181,102698.44623133334,102805.37919800004,102324.73499736981,102344.63988632162
4,2017-03-05,102811.049,102812.3696,102417.62868500616,102294.44776076329,102418.5780945281,103054.2508,97348.95155142857,99863.97328190379,103190.99936499997,103178.25602600003,102848.44181354369,102777.96297976898
4,2017-03-06,102811.1515,102811.049,102448.30280070458,102307.2197574718,102449.21591756649,103054.2508,96060.46975142857,99008.99897816413,103180.31302633332,103170.20185200004,102859.86752683151,102782.46677021221
4,2017-03-07,102534.6483,102811.1515,102491.98263084024,102353.17703045876,102492.7884840435,103054.2508,96499.78804,99105.4480527147,103167.0799,103159.85820400002,102843.56720833128,102787.94137959667
4,2017-03-08,102507.4487,102534.6483,102245.42337112126,102122.58721656437,102246.10904959991,102773.1929,95970.42022285714,99245.01577400825,102707.23164466677,102773.22262000002,102295.6894737344,102375.16944498853
4,2017-03-09,102569.0481,102507.4487,102213.12410708591,102043.14303199874,102213.4316874179,102773.1929,95920.73492142858,98848.72074948647,102826.05134866669,102824.03374200003,102363.23682599301,102410.81040221947
4,2017-03-10,102577.6201,102569.0481,102272.7388814753,102097.09170947646,102273.02056999328,102773.1929,95862.71937428573,98780.94549605019,102863.61966466665,102882.09330200002,102354.48141590579,102438.39759668296
4,2017-03-11,102606.5696,102577.6201,102293.87771839062,102109.01402461022,102294.05745596824,102552.2124,95592.37701285713,98825.985854007,102817.72895666666,102869.88042600002,102352.97665713361,102426.5732128035
4,2017-03-12,102606.301,102606.5696,102289.39547575278,102097.24190662598,102289.64004126415,102552.2124,95540.48383714286,98762.71134572255,102821.24330400002,102869.73734600002,102353.486518201,102423.99057627567
4,2017-03-13,102606.501,102606.301,102309.19410776897,102123.99833452694,102309.38479083803,102552.2124,95766.28715714285,98711.92773545645,102978.02751999999,103097.149512,102349.61553415039,102483.88046289243
4,2017-03-14,102594.3056,102606.501,102346.94363344774,102173.49488978767,102347.02024594723,102552.2124,95685.51630714287,98808.08323066164,102986.0993606667,103083.68222000003,102375.19187432235,102511.59537492559
4,2017-03-15,102593.5059,102594.3056,102350.12685990873,102188.54682853847,102350.21217483672,102552.2124,95775.68307714288,98787.30234278546,102925.76719666674,103020.08507800002,102387.06948006632,102500.46116842383
4,2017-03-16,102643.708,102593.5059,102326.9921924782,102179.75210496622,102327.19899036284,102552.2124,95755.23084999998,98804.8546448996,102925.50873066667,102990.73999800003,102764.41412623011,102623.22498728766
4,2017-03-17,102668.0374,102643.708,102374.07007786,102231.11513769618,102374.28756250252,102552.2124,96063.29636571428,98789.28264351569,103101.73664733331,103265.87087600002,103018.05934907493,102783.63704470148
4,2017-03-18,102621.8169,102668.0374,102396.67708028179,102273.0310767566,102397.14212656269,102552.2124,95878.00128857141,98901.54221593795,103114.70121799999,103265.036594,102552.90997342672,102646.8807560611
4,2017-03-19,102621.8169,102621.8169,102345.31834996692,102229.74090458301,102346.08282892058,102552.2124,95504.17665428572,98836.73455063315,102919.17269866663,102972.79320600002,102402.99524735348,102517.30295020105
4,2017-03-20,102622.2169,102621.8169,102350.98470924045,102228.58495562886,102351.77050460507,102552.2124,95726.58525142858,98790.24739473035,102900.42306799997,102973.24329400001,102410.9370146022,102513.31501274368
4,2017-03-21,102625.2841,102622.2169,102403.23188524583,102268.97418041772,102403.79095981711,102552.2124,95965.77652142858,98872.93629311064,102928.05049733334,102966.56128600001,102448.39096051813,102548.47187942306
4,2017-03-22,102717.1745,102625.2841,102410.99891563138,102277.9966136268,102411.58516980422,102552.2124,96262.20517285714,98885.43641846858,102907.48020133338,102992.98137600001,102795.38833904885,102660.28838466968
4,2017-03-23,102680.8583,102717.1745,102470.29154263242,102341.95405198554,102471.08114501726,103054.2508,95957.13955428572,98999.54858981613,103344.40133333337,103483.77020000003,102899.71563862651,102862.02367464849
4,2017-03-24,102502.1376,102680.8583,102447.76662302787,102321.65573962807,102448.69895264083,102552.2124,96088.19079285716,98849.00002379686,103174.05116200002,103262.53685000002,102580.23423516566,102691.98037893126
4,2017-06-01,112953.6903,102502.1376,102745.25134224814,102745.01499438893,102746.00399615917,103155.6164,108516.55405285714,100945.59462897052,103022.7833833333,103068.39080400005,102834.12415212512,102867.30750994913
4,2017-06-02,114346.2674,112953.6903,112386.72967660049,112405.22779403109,112385.59766729893,113255.3114,106740.62342428572,102270.10846624305,113239.96708666657,113192.42640600003,112869.61306363462,112838.26931477741
4,2017-06-03,114758.5639,114346.2674,114310.1742727005,114116.19352780131,114310.01376731759,114468.36786666665,112812.50473142858,102267.16923112319,114598.59769400003,114638.98464200005,114272.77218529742,114329.18780236626
4,2017-06-04,114828.9665,114758.5639,114637.41921176747,114532.22340808989,114640.01092936954,114910.46483999999,99791.85182428571,102268.79890158193,115076.49374666679,115124.72659800002,114585.7737019063,114731.49695222099
4,2017-06-05,114829.4392,114828.9665,114723.75968479784,114680.29674885405,114728.18087237954,114629.4623547619,99791.85182428572,102271.06117538527,115073.15292533346,115082.15337399999,114667.05095809921,114806.83354409557
4,2017-06-06,115435.7781,114829.4392,114863.09061298396,114826.77934816734,114868.19097243872,114629.4623547619,99791.85182428572,102275.03308321013,115130.3383933335,115117.03368200002,114768.86649835986,114908.66141328689
4,2017-06-07,115624.1691,115435.7781,115664.2056657899,115577.18951777842,115668.23570812127,116759.7585,113774.07271999998,102283.10362624736,115904.38693000004,115857.261052,115795.32919412781,115758.96854730208
4,2017-06-08,115978.5896,115624.1691,116259.71529332257,116080.53120184797,116260.38815189624,116759.7585,111073.41687142858,102504.7627332061,116012.36734533338,116056.19613400003,116235.36449037057,116109.4210125173
4,2017-06-09,116175.8086,115978.5896,116226.97438853508,115710.490391424,116227.50858408521,115545.0116,112517.97204285716,103589.2055242869,116075.32760466657,116138.05064399994,116252.31337488344,116012.71045699134
4,2017-06-10,116484.6882,116175.8086,116398.89382138517,115873.75834614119,116400.43854323961,116509.4479,115284.86080000001,103537.04881750274,116150.3145506666,116222.481864,116374.84380210828,116132.97223297204
4,2017-06-11,116496.1945,116484.6882,116684.07457073868,116186.66733545919,116686.29935163193,116576.3313,116824.34597142857,103542.69098041617,116511.17650599992,116528.492088,116853.46923176166,116517.10435774026
4,2017-06-12,116496.0197,116496.1945,116752.49175598317,116285.6482287318,116755.33440074149,116576.3313,120994.2591,103454.0731970008,116461.45957866659,116521.39968599999,116858.86801043435,116535.32527261092
4,2017-06-13,116731.9626,116496.0197,116830.30957282848,116383.95762282064,116833.1739931948,116715.6085,120972.60851428572,103364.61406148152,116479.08671599999,116545.83494000002,116930.90624938697,116597.98352940253
4,2017-06-14,116901.2709,116731.9626,117054.26636100347,116602.6872532682,117057.16903289728,117098.65554999998,121022.80551428572,103396.29670378786,117368.12365399991,117226.730514,117579.55100669966,117183.45397132258
4,2017-06-15,116955.7865,116901.2709,117022.67051110422,117079.99460046891,117029.7317462558,118270.3395,126182.27664285715,103436.90211157137,117523.4540913333,117478.42038600003,117681.70399921283,117428.38423033834
4,2017-06-16,116963.0237,116955.7865,117061.09568971513,117178.75495839561,117068.7896284295,117098.65554999998,128897.73352857142,103403.82328531492,117286.99091533326,117193.50967000007,117640.65476925382,117368.80021432757
4,2017-06-17,119140.17,116963.0237,117066.89689866194,117199.33741822126,117074.80570940665,117098.65554999998,129387.66698571427,103319.63987996244,117295.00015599988,117191.70528600005,117646.13331349322,117380.15696257145
4,2017-06-18,119140.17,119140.17,119088.39835701649,119222.39348709465,119095.00063930693,119725.0927,117566.90842857142,102313.49272331975,119252.577952,119208.10125200004,119925.53456350887,119466.83533420118
4,2017-06-19,119141.1444,119140.17,119256.86461234423,119340.6128896931,119263.29301121004,119725.0927,122613.14678571429,103396.74043449365,119184.46172799997,119143.35080200003,119733.11207750865,119419.39556506724
4,2017-06-20,118960.6436,119141.1444,119279.47765708728,119399.29594821476,119286.03129472284,119725.0927,122385.79298571427,103363.37626458677,119128.01907866666,119120.10819200001,119815.63496616732,119447.6499976829
4,2017-06-21,118792.1362,118960.6436,119115.82186898618,119235.4847459726,119122.01161086514,119467.2051,120969.65797142858,103277.70353586423,118882.79795399997,118812.20353800003,119524.3773531902,119214.22001772093
4,2017-06-22,119081.7663,118792.1362,118944.45121412854,119062.47550474036,118950.14650321739,119467.2051,125034.92604285714,103357.97906829334,118881.66898733328,118878.55906199999,119384.79468569449,119109.64639258938
4,2017-06-23,119029.1462,119081.7663,119230.18553352324,119301.58517811367,119235.18527267246,119725.0927,123183.5005,103608.18276722195,119243.90844600007,119241.795326,119714.98442723983,119420.1593504512
4,2017-06-24,118938.8675,119029.1462,119273.60136964792,119294.13848756577,119276.95967117308,119725.0927,129387.66698571427,103356.98326895188,119243.32384333345,119161.80262599999,119678.08298544477,119405.18177211465
4,2017-06-25,118939.4047,118938.8675,119094.6024039945,119020.54855069803,119096.85565701421,119467.2051,128053.92157142857,103360.55090918453,119105.58121600005,118946.63989399999,119438.70855168402,119188.2794394607
4,2017-06-26,118939.8203,118939.4047,119110.79964532045,118998.72382707262,119111.73443504647,119467.2051,127435.98089999998,103472.17687893558,119071.44826533333,118911.417194,119443.4146296692,119171.19557402506
4,2017-06-27,118848.2218,118939.8203,119152.72340019025,119002.41362939063,119152.07719686413,119467.2051,125475.41527142857,103500.670039719,119035.13588999999,118969.67773399997,119521.98100464222,119186.5101746776
4,2017-06-28,119172.5467,118848.2218,119086.420470689,118893.50540472515,119084.03118494687,119467.2051,122771.45327142856,103508.0106714821,119065.40843333329,119089.65698199997,119352.43583139514,119103.78322315119
4,2017-06-29,119265.2161,119172.5467,119378.15578988504,119119.37694554379,119373.75748977666,119725.0927,122137.02261428573,103567.95223029748,119203.650656,119202.08804399999,119357.30375823876,119226.77711992752
4,2017-06-30,119200.4323,119265.2161,119526.5528288696,119184.87251506672,119519.04328352772,119725.0927,119078.26072857143,103624.51764633888,119384.26338000005,119318.02429400003,119409.03017392285,119326.05535632987
4,2017-07-01,118888.255,119200.4323,119348.21436713333,119246.11496941568,119348.75593255805,119725.0927,117074.19178571428,103766.75434742044,119196.15188066679,119229.89439000002,119168.01153947988,119203.42612985411
4,2017-07-02,118888.255,118888.255,118806.94793327274,118756.60783235432,118808.76969230789,118894.3864,118664.91308571429,103695.77074459754,118936.09945466668,119002.65528199996,118927.75447821338,118873.48725507811
4,2017-07-03,118888.255,118888.255,118793.45959554546,118748.34073613086,118795.3870619857,119029.2282,114018.29778571428,103928.44316408642,118976.04117066663,119004.91223799996,118918.70839034814,118881.03009904856
4,2017-07-04,118894.1188,118888.255,118842.07746626766,118773.083411526,118843.53751213396,119029.2282,114579.41404285716,103894.08755986445,118957.48471733331,118998.37199999997,119017.40060462094,118915.98957782675
4,2017-07-05,119231.3855,118894.1188,118861.76375567593,118770.73469089717,118862.76279683792,119029.2282,113893.29958571428,103888.33630167146,118963.70774933328,118992.65291199995,119008.17313743668,118914.20519255572
4,2017-07-06,119380.4389,119231.3855,119090.06681231869,118995.04418567636,119091.75913021213,119701.5624,116380.00468571429,103757.82150087664,119234.52421866666,119241.618078,119284.46284393307,119171.34374942537
4,2017-07-07,119568.8349,119380.4389,119236.4959829468,119128.53805211128,119237.99341902237,119355.8589,114713.76537142856,103947.13392027587,119348.5963686667,119362.48939600006,119304.20808086904,119260.44750054901
4,2017-07-08,119873.2234,119568.8349,119404.04584985116,119300.71116015423,119405.52522873109,119868.9654,113558.96784285715,103929.93321024584,119663.74182666665,119666.26922800005,119767.75767421788,119577.40355367959
4,2017-07-09,119873.03,119873.2234,119689.21232956662,119593.33951752537,119690.5148588147,119868.9654,113830.72679999999,103929.25088830732,119796.95522066673,119752.85646400001,119863.57899917683,119751.29124578966
4,2017-07-10,119877.466,119873.03,119721.693138553,119622.14045632858,119723.01458323369,119868.9654,113792.53697142858,104059.69163824376,119768.6653486667,119731.32997199999,119876.48273391974,119755.76284630502
4,2017-07-11,120033.0458,119877.466,119778.3896573103,119669.09646599808,119779.2950568769,119868.9654,114760.86981428573,104036.24578095254,119770.23447066669,119760.54570199997,119905.49810103566,119781.60967923347
4,2017-07-12,120136.1951,120033.0458,119935.42627602673,119833.68020932873,119935.93439967147,120909.3875,114048.79331428571,104020.86564096322,120306.5777933334,120278.55470199996,120398.48297904388,120179.58032723534
4,2017-07-13,120427.5537,120136.1951,120009.86214339099,119897.38004171042,120010.25082218523,120909.3875,113794.62325714286,104011.4577759497,120202.81573933338,120100.612182,120398.48297904388,120166.22625336256
4,2017-07-14,120550.2697,120427.5537,120298.32998500524,120173.50579814105,120298.28723036812,119612.6531,114074.19002857142,103962.51757529516,120727.48952133332,120707.400906,120424.29840512732,120441.76457486722
4,2017-07-15,120804.2383,120550.2697,120440.4576751073,120282.25065472935,120439.92876346255,119612.6531,114381.67087142856,104000.4280401263,120801.37299933331,120777.37915200001,120418.89962645463,120500.84109350578
4,2017-07-16,120804.2383,120804.2383,120659.67080943589,120487.51259862092,120658.76296423931,122920.7985,113927.23497142857,103980.99852915398,121442.03677933328,121458.993204,120669.46353433191,120866.3376374287
4,2017-07-17,120805.2717,120804.2383,120633.84154746842,120490.77784806724,120634.88037905058,122095.0492,113792.53697142856,104111.63989231433,121435.07815466663,121457.20007400001,120682.36726907482,120869.40775726957
4,2017-07-18,120102.9039,120805.2717,120685.38680113584,120548.91508705234,120686.37492842945,123131.8622,114039.79585714288,104101.64531169244,121459.38555066663,121461.643484,120711.38263619074,120906.56109130324
4,2017-07-19,120473.2746,120102.9039,120064.70877359177,119964.58087567934,120065.40904479267,119636.0044,122319.21132857143,103389.6251644061,120258.36233666673,120168.98487999996,120239.43246118442,120154.12522451016
4,2017-07-20,120685.1491,120473.2746,120322.38279663,120229.13740580567,120323.36185179595,119612.6531,117587.2079142857,103866.59416412933,120885.88958599999,120792.07724,120444.14872553697,120519.72523911421
4,2017-07-21,121031.5678,120685.1491,120536.99453868927,120424.14536900747,120537.9170908308,119612.6531,115735.39325714284,104073.80058531405,120714.08073066667,120724.05199599998,120414.92248513414,120517.71619493609
4,2017-07-22,120979.7835,121031.5678,120852.54141066578,120741.72442179435,120853.76394698078,122920.7985,115576.81645714285,103933.78050861247,121501.98743973328,121447.42699200004,121039.47133027915,121094.39439726893
4,2017-07-23,120984.9381,120979.7835,120795.15230417145,120686.46118372148,120796.40570802838,122095.0492,116200.0509,104175.03114426997,121496.3573477333,121435.58729400003,121006.94276667848,121063.2537660444
4,2017-07-24,120984.9688,120984.9381,120802.30632070059,120709.3578599354,120803.55854147367,123131.8622,114280.22542857143,104228.6360080531,121508.50465973333,121486.34288400001,121015.25415491103,121077.70555819325
4,2017-07-25,121226.5649,120984.9688,120827.64224753973,120750.46124138372,120828.90233527814,122095.0492,115840.4195857143,104206.20202506479,121539.23039239997,121464.786074,121019.48561929628,121103.05908435998
4,2017-07-26,121600.836,121226.5649,121096.10284921301,121043.70538505707,121097.11250916007,122258.9724,115921.25321428572,104123.84063304693,121607.92903200003,121621.80493799996,121032.11366863767,121227.91602856491
4,2017-07-27,121780.7226,121600.836,121432.33182555727,121379.95211386355,121433.05244566368,120860.1657,117605.9490857143,104009.53760825444,121524.60766866663,121532.61880999999,121463.08994612783,121455.883242886
4,2017-07-28,121974.1542,121780.7226,121619.45401053707,121561.43981073986,121620.31622322078,120860.1657,113972.94702857143,104268.38631534942,121230.21529600002,121208.05431799997,121437.42990382152,121409.69500352046
4,2017-07-29,122155.0731,121974.1542,121789.18502606294,121743.80262884483,121790.16659446424,120860.1657,114883.20349999999,104242.74150615057,121235.35998333337,121081.13370799996,121933.9859484138,121637.716186864
4,2017-07-30,122158.9275,122155.0731,121951.85497893448,121909.12826511674,121952.81059009835,120860.1657,115664.3286,104294.91602163596,121398.95472133342,121315.43413199997,121923.12566753397,121743.73621799471
4,2017-07-31,122158.9275,122158.9275,121987.20887033136,121937.71088071392,121987.86682137214,120860.1657,117650.54254285715,104357.79089382276,121422.46277955564,121370.14144599998,121928.52444620666,121762.89936882541
4,2017-08-01,122137.9745,122158.9275,122055.2827892789,121964.70436652306,122055.38545583902,120860.1657,117823.31151428573,104306.56190265105,121376.31272866671,121307.06402399998,121964.51257324999,121768.50988947992
4,2017-08-02,122515.1483,122137.9745,122039.23072594797,121956.49661200374,122039.21244250827,120860.1657,118733.39120000003,104287.56659184046,121298.20724733335,121351.87501199995,121964.51257324999,121739.73881086236
4,2017-08-03,122548.5912,122515.1483,122357.74900406066,122272.74843676735,122357.45219042728,121725.0108,119373.29215714286,104042.54612569921,121342.51155666672,121282.99184999999,121965.0447693928,121860.10158760897
4,2017-08-04,122365.1827,122548.5912,122396.4718880748,122314.44495711429,122396.46715067881,121725.0108,118776.30188571429,104330.29307577277,121254.84889044448,121228.10490199996,121939.3847270865,121836.22619154844
4,2017-08-05,122610.0554,122365.1827,122224.84780877182,122142.5395386285,122224.77204953044,121725.0108,120106.19711428571,104168.18979618081,121180.43689511115,121097.67275799999,121928.3242929725,121750.43357557071
4,2017-08-06,122611.1005,122610.0554,122395.11754164378,122310.72400354048,122395.35023705268,121725.0108,119466.03282857143,104181.19489237103,121248.58157733339,121189.480876,121923.12566753397,121827.47708280261
4,2017-08-07,122611.502,122611.1005,122419.92431137181,122331.58288723811,122420.33339080922,121725.0108,119007.15175714286,104321.08073593998,121249.3629180001,121224.47672799997,121928.52444620666,121836.49008381495
4,2017-08-08,122614.4707,122611.502,122455.42270317295,122373.143459501,122455.73792111619,121725.0108,118631.46902857142,104280.81425072224,121250.59218466669,121190.38112999997,121964.51257324999,121862.7494058059
4,2017-08-09,122422.6263,122614.4707,122459.93865869328,122395.46033101562,122460.22119583223,121725.0108,119930.87492857141,104247.89726847269,121236.417694,121203.51170399999,121959.23504749614,121863.70435750393
4,2017-08-10,122275.8769,122422.6263,122244.26599467499,122190.35982409364,122244.63560910047,121725.0108,120435.75747142857,104158.9560273574,121250.75593533335,121160.59841199999,121891.82416154146,121777.64664032281
4,2017-08-11,122223.4877,122275.8769,122091.88402478857,122053.8066797659,122092.2861592873,121725.0108,120080.9495,104236.85734130796,121198.61066866666,121123.68567400001,121898.30380161211,121716.9070500149
4,2017-08-12,122195.034,122223.4877,122040.9873665395,122010.89440034688,122041.557220003,121725.0108,120152.99801428572,104214.39341039452,121159.44249066668,121080.15640800001,121894.46797190345,121688.268287639
4,2017-08-13,122195.034,122195.034,121980.33886506323,121940.02194175965,121980.9510467264,121725.0108,120467.46504285713,104237.73632011298,121215.99346400003,121157.875022,121908.4140760945,121688.14316061807
4,2017-08-14,122195.234,122195.034,121990.56784049046,121948.5545039108,121991.22459635788,121725.0108,120492.33138571428,104258.23796857127,121216.73252933336,121141.945574,121913.8128547672,121693.03329600378
4,2017-08-15,122209.0951,122195.234,122022.09669093686,121976.91628307724,122022.53024695058,121725.0108,120310.03002857142,104210.39008089493,121214.74787600001,121109.17036199998,121902.3745884364,121698.01291583788
4,2017-08-16,122062.2937,122209.0951,122013.76041948391,121993.28705881652,122014.2215019053,121725.0108,120470.59237142857,104172.90623907947,121207.66902133333,121139.30404599998,121914.78439032318,121705.24682349102
4,2017-08-17,121915.098,122062.2937,121856.63753140032,121846.27788711834,121856.41639805006,121725.0108,120379.55544285713,104093.07093834195,121170.77656466671,121149.637354,121868.96567519526,121628.6733756601
4,2017-08-18,121492.3976,121915.098,121705.8168491047,121695.32330851899,121705.62971076537,121725.0108,120080.9495,104133.80928774564,121091.95880966668,121110.54195599999,121870.32047978969,121552.53419932512
4,2017-08-19,121263.7704,121492.3976,121301.85810107288,121308.68610243373,121301.68277563187,121725.0108,121111.2141,103902.8236857977,120946.86438833336,120903.46040000001,121339.90235857999,121198.4842831157
4,2017-08-20,121261.0693,121263.7704,121031.97703736414,121046.93049627103,121032.0670854023,121098.55693333333,122335.97550000002,104136.72679856341,120877.64326088889,120896.60569400003,120967.50059848255,120964.02478521416
4,2017-08-21,121261.5804,121261.0693,121018.04816568054,121019.0411999542,121017.97535052015,121098.55693333333,120813.71497142858,104203.75923455658,120891.24624822222,120909.776612,120958.45451061732,120956.24731959791
4,2017-08-22,122174.8991,121261.5804,121040.44037946315,121024.76575345408,121040.1086987092,121098.55693333333,121291.60338571428,104163.99562920335,120855.58111955556,120833.822644,120959.4260461733,120946.59097306099
4,2017-08-23,121855.8137,122174.8991,121820.1209858639,121761.58021038951,121820.11189889931,121725.0108,118008.05162857144,103037.03925024855,121309.56379,121235.16160200002,121993.78053868902,121688.30817969283
4,2017-08-24,121571.031,121855.8137,121552.06019982879,121488.98724095964,121551.88206560956,121725.0108,119325.61425714285,104001.25041544574,121065.9701946667,121037.18832800003,121329.3614681111,121294.77296791249
4,2017-08-25,121687.4615,121571.031,121247.12568547748,121209.46625646245,121247.15074834347,121725.0108,120251.55992857143,104032.20395165247,121013.50018266668,120985.89761600005,121341.65083007842,121188.20575640252
4,2017-08-26,119520.7763,121687.4615,121325.9953716848,121294.05675559124,121326.27257126074,121725.0108,120188.39242857143,104054.00628596128,120965.53023333338,120932.90169800002,121347.31248551972,121202.29982481478
4,2017-08-27,119505.8633,119520.7763,119437.74175248684,119418.89691601104,119437.31590237393,119634.9744,111182.98625714285,102340.66018194461,119449.80431666665,119498.38435200002,119440.48688418228,119436.39603895332
4,2017-08-28,119505.8633,119505.8633,119262.35423059593,119254.783822586,119262.81885366436,119634.2426,118658.62058571428,104055.96663276487,119429.87669333327,119500.13407800002,119484.17299143468,119389.61116911798
4,2017-08-29,119636.7168,119505.8633,119295.90332657135,119234.05716089223,119296.40288435546,119219.8881,119539.69254285714,103888.46547463014,119383.0697166667,119414.46393800002,119418.98046068773,119345.36911274889
4,2017-08-30,119555.3705,119636.7168,119335.90833576981,119229.41566833862,119336.50279443874,119219.8881,119244.82718571428,103846.20035200959,119462.50427000006,119525.26448799997,119431.39026257451,119374.43673363775
4,2017-08-31,119784.1944,119555.3705,119206.52715530673,119107.38930517601,119207.19859170071,119634.2426,118320.84885714286,104055.01281604635,119348.34726933326,119398.33274800003,119357.90260105913,119271.2130585228
4,2017-09-01,119568.2906,119784.1944,119357.90928562355,119256.25291958726,119358.96864047223,119344.5406,116422.8273,103960.93691275353,119551.40940000008,119639.68722800001,118913.25092516621,119240.30441491785
4,2017-09-02,119352.6733,119568.2906,119116.270637782,119050.18698428618,119116.86089142464,120058.1862,115721.21747142856,103807.62812960327,119413.65566399996,119455.46114600002,118799.74749700041,119087.86338176217
4,2017-09-03,119352.6066,119352.6733,118952.15687460532,118946.36086970614,118952.74434420478,119243.3146,115939.44970000001,103887.833039903,118763.86953733327,118541.93868400004,118400.97931199695,118703.73657301212
4,2017-09-04,119352.6066,119352.6066,119140.47354625247,119105.30727951782,119140.91749201043,119243.3146,117219.1966,103872.81514877238,118766.468382,118505.88659000002,118399.73716798241,118757.17094316676
4,2017-09-05,119352.7733,119352.6066,118952.24399643292,118966.54438645444,118953.32590745631,119243.3146,116568.3212142857,103949.09423470258,118751.23310866667,118447.115354,118348.37269892664,118688.71673134925
4,2017-09-06,119595.6983,119352.7733,118936.74591356794,118925.62130948421,118937.74335950872,119243.3146,117965.18652857144,103953.61069208021,118759.64821,118463.984974,118336.49509318268,118673.92153755562
4,2017-09-07,119657.0751,119595.6983,119125.36051395588,119094.88340624954,119126.46960469164,120058.1862,117748.17941428571,103782.02239273784,119581.58493733332,119519.91999399997,118848.41547655643,119174.96127337978
4,2017-09-08,119457.5319,119657.0751,119158.55638442574,119116.27811218007,119159.84790763406,120058.1862,116588.54152857141,103906.98165982067,119568.84495733333,119601.047186,118826.70060598172,119170.6078918317
4,2017-09-09,119383.9639,119457.5319,119012.68630609024,118875.87433698364,119013.181224898,120058.1862,115755.36284285714,103789.08557170666,119506.42434266664,119513.23442600001,118815.64017186772,119065.97961717268
4,2017-09-10,119426.258,119383.9639,118917.63687581704,118793.66847697017,118918.20840826543,119243.3146,117361.40368571428,103818.8504298372,118879.86927733329,118732.38806600003,118337.57535078186,118670.37103502844
4,2017-09-11,119426.8978,119426.258,118967.08954264075,118838.69628304825,118967.60048369537,119243.3146,117218.71011428571,103823.59895719473,119167.56103266664,119056.90789000005,118563.2325151384,118856.49661028443
4,2017-09-12,119257.8999,119426.8978,119013.1899365133,118885.56658478883,119013.55674081111,119243.3146,116568.32121428572,103807.64819713583,119129.03310266667,119020.11846800003,118545.99857390838,118853.53275378798
4,2017-09-13,119069.4469,119257.8999,118871.08835589048,118742.9417595762,118871.27603216941,119243.3146,116550.34490000001,103807.74616395842,118743.98132533331,118603.434546,118289.77818864184,118592.23375785044
4,2017-09-14,118974.6944,119069.4469,118652.53173957337,118537.9469289276,118652.80841724286,118900.925,113738.75877142858,103808.22604453313,118467.11222866665,118455.981602,118148.41092327159,118384.49002695527
4,2017-09-15,118962.2511,118974.6944,118555.29288878011,118437.000630792,118555.3672488046,117515.4932,117251.26102857143,103835.20354341765,118371.23319266662,118230.026074,117906.70819962685,118238.31400769514
4,2017-09-16,118875.5197,118962.2511,118550.59963642692,118430.74477635103,118550.45693595073,117515.4932,117745.09750000002,103772.03637727335,118287.02544799996,118164.80307800001,117830.75742181308,118182.84254872135
4,2017-09-17,118875.5197,118875.5197,118467.99372587947,118356.08849899362,118467.42982507341,117515.4932,118200.11301428571,103775.47201329112,118192.53258266662,118123.84413600001,117880.15688475009,118142.92598880344
4,2017-09-18,118875.7015,118875.5197,118471.2861964551,118361.46480156812,118470.47281425365,117515.4932,117068.36405714286,103770.62798896425,118179.71907266664,118105.19103400002,117785.3612730065,118108.84838241375
4,2017-09-19,118425.5949,118875.7015,118499.48324129275,118393.34882424516,118498.51258940819,117515.4932,116491.97915714285,103712.39842975233,118225.51278933331,118082.68979399999,117739.48766758721,118119.44976038854
4,2017-09-20,118373.0559,118425.5949,118101.01195097009,118020.8454653203,118099.87829125264,117515.4932,115215.61847142859,103586.90406225475,117613.53169866661,117301.39264800001,117293.98227164609,117642.78647854434
4,2017-09-21,118048.8639,118373.0559,117989.64658752261,117935.08147986117,117989.49762667718,117515.4932,116960.08637142857,103756.49230570266,117575.37557333331,117383.09484400004,117273.77449801525,117594.74385040323
4,2017-09-22,117867.2881,118048.8639,117713.73124500841,117650.3872829378,117713.38861980496,117449.5685,113366.88068571429,103712.25503709115,117296.30484866661,117198.07110000003,116740.4864963037,117229.05954263604
4,2017-09-23,117743.0462,117867.2881,117535.63533382058,117477.01098204587,117535.13061713491,117449.5685,113357.64627142857,103708.43566278479,117350.45792999987,117262.56676400005,116723.02085517501,117183.4965890736
4,2017-09-24,117647.1817,117743.0462,117409.20141350952,117368.44701205083,117408.70571074043,117449.5685,114245.45715714284,103720.49355836329,117420.49495599991,117361.31648000005,116800.03179616148,117196.32458807074
4,2017-09-25,117648.1231,117647.1817,117219.8310440558,117108.72208579944,117220.20834315187,115995.1033,115957.76061428571,103646.51991565352,117260.96186199985,117285.51909800005,116742.25974623655,117037.31456467863
4,2017-09-26,117457.435,117648.1231,117221.54217446275,117101.60074363954,117221.8042287115,115995.1033,114715.12100000001,103565.48017084983,117036.56743466647,116938.58582000001,116680.43092951115,116939.53303593905
4,2017-09-27,116969.0521,117457.435,117046.61937156199,116930.2631200701,117046.78943108808,115995.1033,114117.91212857144,103539.12009309641,116717.86100333318,116567.22286199998,116101.44968062494,116583.19126800941
4,2017-09-28,116570.6436,116969.0521,116560.92390715762,116455.26736404357,116561.10783451854,116943.3623,113127.02537142856,103381.19819288858,116735.75350266675,116813.40276199998,115960.84478991956,116383.95521887664
4,2017-09-29,115760.8774,116570.6436,116162.7778297359,116066.16380668228,116162.997388299,116838.51139999999,112829.26807142857,103484.57885185983,116378.647188,116329.15351199998,115976.6498708531,116140.48695517845
4,2017-09-30,115601.5312,115760.8774,115416.79932512867,115321.39123733998,115417.08092928464,114831.9954,113624.0800142857,103191.08055748994,115402.59372800005,115395.94938600002,114631.71640988102,115118.56712507368
4,2017-10-01,115589.7968,115601.5312,115172.70985791538,115079.32950712078,115173.40191591666,114831.9954,115643.29914285715,103501.6975194143,115331.79460466666,115437.42993000004,114642.80916713172,115017.97775963973
4,2017-10-02,115592.609,115589.7968,115138.82457808706,115029.18399939087,115139.50714556233,114831.9954,115058.18020000002,103475.33046458854,115383.63671199999,115465.60460800005,114706.27187067493,115039.69752735527
4,2017-10-03,115000.7528,115592.609,115140.14770548174,114998.95248501931,115140.68353417404,114831.9954,113809.44641428572,103437.54741381288,115365.11204533342,115410.95907800006,114653.48914181476,115005.85122405582
4,2017-10-04,114040.8219,115000.7528,114581.80364612394,114457.05605035239,114582.08097032107,115257.1081,111355.0100857143,103312.33731772503,114857.6109766666,114927.460694,113846.48128025976,114387.04943575959
4,2017-10-05,112365.2008,114040.8219,113649.50000187635,113548.23874495491,113649.57815028152,113824.0164125,110285.38702857142,102999.03846053891,113464.50905666665,113448.64832400004,112823.00278687986,113278.58352950048
4,2017-10-06,111196.6287,112365.2008,112095.62461174157,112020.75038740714,112095.62955501665,110331.4253,112403.35668571426,102477.22787772365,112018.41028666678,111984.23808200001,111285.07053116032,111774.74373507808
4,2017-10-07,109883.1573,111196.6287,110948.63922173525,110896.6561548955,110949.03350001268,111080.6671,106438.0271857143,102690.83784788552,110654.23306133332,110781.42730999998,110280.63484918767,110610.5080218055
4,2017-10-08,109693.501,109883.1573,109657.18202904184,109585.1649401068,109657.9031727388,109388.6947,108568.46977142857,102480.37447876313,108981.1946613334,109155.593316,108762.52813161782,109109.62924435268
4,2017-10-09,109693.5505,109693.501,109539.02294605078,109436.00437406581,109540.04962773893,109061.9084,106973.55928571429,102717.64327306821,108898.15975200007,109084.42525400002,108822.9600715507,109052.37473253887
4,2017-10-10,109694.8713,109693.5505,109265.39794492177,109164.18178518087,109267.09318359317,109061.9084,106260.27665714284,102784.2046357207,108846.51481000007,108985.69351400001,108728.20582840627,108912.96747452907
4,2017-10-11,109045.5067,109694.8713,109175.10198992355,109088.1191735008,109176.89934365168,109061.9084,108492.26288571428,102952.54276148196,108836.50325266673,109036.45131800002,108781.2437592589,108901.95539514214
4,2017-10-12,108663.047,109045.5067,108501.02916759983,108462.24977826388,108502.62573263134,106621.8172,106220.00922857142,103014.17207071227,108300.52601066664,108076.11749200005,107594.51126907543,108119.095686002
4,2017-10-13,108294.1217,108663.047,108090.33396347395,108089.50052223277,108091.92809288966,107880.1208,109687.82318571428,102935.10158230893,107403.83089866662,107146.02386000007,107547.55052528292,107680.29398206079
4,2017-10-14,108021.7088,108294.1217,107712.0113427238,107745.92625901339,107713.72045070352,107880.1208,107195.62702857143,102803.27834438198,107429.9048,107074.02934200004,107194.52462639095,107456.78522846811
4,2017-10-15,108021.4958,108021.7088,107442.20046451151,107501.65346584145,107444.18720180541,106979.4091,106238.8957,102793.50645390806,107185.75540066668,106966.53639400001,106767.47512318922,107151.62799656577
4,2017-10-16,108023.875,108021.4958,107405.14706429884,107450.92978322273,107407.39336762918,107447.1441,106400.43771428573,102694.2250814289,107286.40608666664,107142.75577000005,106767.00642376422,107168.11409788452
4,2017-10-17,106480.7579,108023.875,107420.88352588672,107429.71161641549,107422.88361609071,107447.1441,104949.86212857145,102633.24279443923,107301.15612733335,107219.12050400003,106696.28639542396,107142.38471305759
4,2017-10-18,106191.668,106480.7579,106065.37281495942,106051.70601914436,106066.17882374229,105924.5817,107854.95049,102469.24368991413,106199.00169333335,106148.48283599995,105773.10063214882,106007.93611487553
4,2017-10-19,105763.4326,106191.668,105667.8133386137,105612.86586208378,105668.81841746026,105924.5817,103928.89162857142,102680.0003328705,105940.368174,105930.30157399997,105961.5957445899,105838.27659355791
4,2017-10-20,105267.6782,105763.4326,105291.28347289763,105186.43253326928,105291.83320660648,104717.296,103468.16065714286,102715.54547057024,105318.59434933338,105318.14453000003,105359.94472377884,105288.32386879383
4,2017-10-21,105079.4746,105267.6782,104830.5383222507,104663.87900386608,104830.75817729294,104960.20243333334,101802.2421657143,102707.07168945215,105051.38308866661,105066.81234000003,104903.4389569347,104872.90034982248
4,2017-10-22,105079.4746,105079.4746,104595.2277175822,104432.40191522827,104595.66277435477,105082.761,101765.30661857143,102590.97301765523,104816.06733866659,104782.23346,104650.04154488395,104632.83693292628
4,2017-10-23,105079.8746,105079.4746,104557.12844997646,104408.09406711494,104557.66490681832,105082.761,102070.28577714285,102438.43754973174,104818.0975399999,104823.675906,104654.98691602887,104627.05950771458
4,2017-10-24,104588.9425,105079.8746,104545.652136427,104434.99345250147,104545.9631919307,104902.0643,102226.94757142858,102177.95776562899,104721.35192599989,104650.933516,104571.85708580182,104576.06748810106
4,2017-10-25,104313.8276,104588.9425,104180.56049816454,104116.31666751014,104180.30934487519,104012.6724,102478.80225,102316.67888157062,104297.68206933323,104296.78815400001,104207.98629068818,104207.3283425105
4,2017-10-26,104147.3357,104313.8276,103884.26790745443,103847.7488782403,103883.93143503106,104083.2005,101799.34367142858,102072.8165194218,103857.3406633333,103899.48657799997,103726.75556317675,103810.61503491679
4,2017-10-27,103960.5709,104147.3357,103724.20428815247,103694.81132444924,103723.9112729958,103440.835,101471.56353999999,101883.52631182653,103685.45465000006,103710.05067399995,103581.60615579534,103653.9573767482
4,2017-10-28,103759.3873,103960.5709,103573.88692690627,103554.35761487624,103573.56630371047,103915.32893333334,100996.14628857143,101858.3261480786,103765.32359999996,103746.52532399999,103595.54837471544,103638.4098631972
4,2017-10-29,103759.3873,103759.3873,103353.29750626544,103333.7955217267,103353.35095029874,103745.59245,102092.00003999998,101810.18377585517,103611.62395466665,103579.76556400002,103452.07720258796,103465.8322263271
4,2017-10-30,103760.403,103759.3873,103364.8267182834,103368.99927659037,103364.79892580544,103745.59245,101751.36195714284,101655.96836783514,103631.84550066668,103581.71216400003,103457.02257373287,103485.95578366332
4,2017-10-31,103671.8875,103760.403,103455.02744977594,103423.03525156394,103453.98727026377,103505.0485,101742.75059,101496.25041895782,103449.90983200002,103355.69177400002,103386.30254539261,103419.74920965219
4,2017-11-01,103155.8637,103671.8875,103439.96601079678,103456.64142438585,103438.4142662122,103505.0485,101806.1187857143,101374.59698343217,103373.54968133336,103405.860614,103370.65412827731,103400.28174466551
4,2017-11-02,103046.8412,103155.8637,102995.63714989953,103028.67255042895,102993.70079576816,103072.01745,100269.47424,101711.01129762811,102838.3151443333,102743.85077200005,102781.98146151936,102882.98971876054
4,2017-11-03,102927.9389,103046.8412,102873.61697641804,102901.21625647185,102871.7979839415,103072.01745,101967.65118571429,101090.68523698105,102873.65713933329,102805.45354333334,102784.01066412746,102852.96135331086
4,2017-11-04,102749.449,102927.9389,102721.17869380626,102710.85503492139,102720.02794371563,103072.01745,101439.92385714284,100949.26296763838,102845.78505933327,102805.99379733336,102775.03988918464,102777.22666114643
4,2017-11-05,102749.449,102749.449,102511.88320770065,102485.26950534924,102511.28639233796,103072.01745,102049.16704571429,100875.51371331664,102740.2654044444,102654.71967800002,102857.13221191044,102694.22237390136
4,2017-11-06,102749.649,102749.449,102450.82299244322,102389.7692004901,102450.99369177144,103071.9663,100817.72984428573,100654.30033198223,102770.87949877775,102699.272418,102854.1821999862,102671.61029975135
4,2017-11-07,102609.0501,102749.649,102489.48658169915,102412.56885074716,102489.37671648718,103071.9663,100090.12637142857,100579.62538958975,102764.72158477776,102693.78547400003,102811.39668730574,102662.89570761022
4,2017-11-08,102522.8069,102609.0501,102376.45560289777,102319.66657611265,102375.98957044099,102389.8406,99130.52871285715,100473.90890738019,102352.5910553334,102379.130258,102277.510411719,102316.5893477217
4,2017-11-09,102434.8987,102522.8069,102301.54174929301,102278.92429149343,102300.96258560951,102317.63524999999,98964.13292428572,100349.12014972481,102412.09862333337,102402.12040800002,102333.44232752216,102341.48841411632
4,2017-11-10,102373.1665,102434.8987,102210.13971163357,102178.78429844754,102209.72884079514,102047.64850000001,98475.92346714286,100206.6078348695,102233.55095000005,102323.87347000004,102319.10524186511,102243.8134967709
4,2017-11-11,102325.3129,102373.1665,102155.0575505008,102122.89120424128,102154.66863277824,102047.64850000001,98522.93333142858,100189.34762293019,102110.90631399999,102159.55847200002,102174.7667217587,102136.18807999999
4,2017-11-12,102325.3129,102325.3129,102100.88923147244,102079.09227260223,102100.63835814189,102047.64850000001,98227.56473714285,100094.52019583723,102037.2860746666,102108.36764800003,102210.72994157205,102109.03609628028
4,2017-11-13,102326.2915,102325.3129,102120.9411084365,102107.34893386571,102120.65309485658,101700.9192,98259.92897857144,100027.94810699161,102035.50159599991,102097.51465600003,102216.12872024474,102119.65975003678
4,2017-11-14,102363.2936,102326.2915,102184.61735828275,102187.23876675917,102183.95498024943,101700.9192,98441.66947,100030.92195887605,102075.60584733327,102134.65661800001,102185.75300945106,102149.53254118115
4,2017-11-15,102340.5548,102363.2936,102259.91612240615,102268.54208718055,102258.81377623163,101700.9192,99046.40583999999,99970.83064770437,102251.2117093333,102297.60183200001,102220.53362181809,102246.76247277732
4,2017-11-16,102224.1991,102340.5548,102157.27052768532,102126.06974085125,102156.96138604,101700.9192,99103.37973857143,99773.05986074291,102232.56114599992,102297.50721400003,102244.5945035414,102201.07513013086
4,2017-11-17,101830.5625,102224.1991,102057.71479562372,102025.95738621696,102057.37616283481,101700.9192,98663.10615142857,99681.69364308046,102049.44776533326,102058.01153200005,102201.03865919432,102092.14793691486
4,2017-11-18,101758.9466,101830.5625,101707.0400309516,101668.214921937,101706.62826432353,101614.82355,98824.88412857142,100176.5854106201,101604.17715266664,101600.54006000001,101777.92467575577,101683.43891678647
4,2017-11-19,101758.9466,101758.9466,101585.06449618212,101543.83543072864,101585.03259815116,101614.82355,99114.5177342857,99596.8893365192,101592.97394533329,101558.83339000003,101562.89491673601,101566.56809759932
4,2017-11-20,101759.0666,101758.9466,101595.79976788812,101548.70669302992,101595.80381941184,101614.82355,100333.89090999999,99562.36797276096,101606.9268246666,101561.19796600005,101568.2936954087,101574.64240436842
4,2017-11-21,101730.2219,101759.0666,101646.33205092985,101595.8595978913,101646.08641556512,101614.82355,100633.07337285715,99616.40533807999,101591.24050333323,101563.80315800004,101525.50818272824,101570.86942798427
4,2017-11-22,101315.7503,101730.2219,101621.79797551788,101579.3740511277,101621.41983842361,100105.6195,100637.83199999998,99537.48758402874,101525.52320866661,101450.41938400002,101525.50818272824,101543.46848084085
4,2017-11-23,101152.4993,101315.7503,101208.63451770488,101163.67358764164,101208.30199223572,101063.20275,98309.39428,100078.51433076935,101018.12088133316,101040.50140799997,101089.97447440382,101090.58964779288
4,2017-11-24,101126.0762,101152.4993,101017.66635782557,100980.91084257553,101017.5055157534,100955.037275,99771.81705571429,99440.15648003406,100890.3063973332,100906.62346399999,100717.23978164021,100862.81900718297
4,2017-11-25,101271.5886,101126.0762,100991.99798327195,100962.19738857553,100991.97878212856,100955.037275,99480.27001285715,99438.08316384007,100844.98260666656,100823.14489799997,100722.51101008257,100843.23033510822
4,2017-11-26,101186.0281,101271.5886,101097.64010935504,101062.4403718367,101097.84462220276,101063.20275,99704.41048571428,99522.7293368438,101164.70812799988,101155.31876999997,101200.43915040197,101142.52921674617
4,2017-11-27,101186.0281,101186.0281,101036.10376286547,100997.3142943946,101036.28710962889,101063.20275,101245.04624428572,99303.41846601837,101039.44134533325,101037.91439399995,101204.37211020206,101080.3759166433
4,2017-11-28,101104.7104,101186.0281,101060.6588891924,101034.81504540419,101060.71944946302,101063.20275,100655.24177857142,99331.79145641776,101034.2842813332,101035.36297199996,101161.5865975216,101076.89530808634
4,2017-11-29,101068.9167,101104.7104,100977.24053659537,100969.64488798814,100977.17619439612,100734.9815,99669.70684714286,99230.26486570039,100782.12485733327,100772.51539399993,100727.89114047372,100826.55362859838
4,2017-11-30,100714.1896,101068.9167,100927.88603117598,100935.53468887054,100927.90242920807,100734.9815,99449.32316571428,99206.68217004069,100783.87859399995,100795.56072999994,100752.48421833984,100823.96583373677
4,2017-12-01,100466.9493,100714.1896,100607.72303526335,100583.82415546502,100607.74077055774,100134.9025,97954.80566714285,99558.25532409863,100578.11769819997,100642.86867659993,100581.16459112693,100581.0354815973
4,2017-12-02,100429.783,100466.9493,100364.54485796866,100338.89243747863,100364.59386234739,100134.9025,97141.57285,99401.47631575623,100429.01713326655,100497.16496759998,100495.90087222116,100421.27014765545
4,2017-12-03,100429.8385,100429.783,100279.49601713108,100247.75042880944,100279.75512374706,100086.2183,99988.22822,99148.25170117369,100287.94631613325,100279.7401024,100203.63105421007,100246.44259971759
4,2017-12-04,100430.601,100429.8385,100278.56625783184,100237.64985254337,100278.94507304802,100086.2183,99696.59445714286,99090.4963909006,100183.80906959991,100237.3320754,100197.48342763865,100206.31411659397
4,2017-12-05,100376.2459,100430.601,100305.6441517512,100261.70648527355,100305.91252474993,99982.56441,100655.24177857142,99111.91425450283,100148.2235427999,100221.44898399999,100167.10771684497,100192.34591497279
4,2017-12-06,100366.9383,100376.2459,100253.04065934295,100200.01059958276,100253.1360593085,99982.56441,99862.14556285714,99006.4443240366,100086.49040606657,100152.434013,100144.53379842344,100143.67826802425
4,2017-12-07,100211.7699,100366.9383,100183.89712278714,100122.0034372425,100184.16920180872,99982.56441,98022.74458571429,99032.58030903261,100054.2397058666,100117.39813359999,100165.6931769476,100113.97877335222
4,2017-12-08,102176.1222,100211.7699,100045.15610284501,99991.5510061373,100045.42951325039,100086.2183,97176.71000142858,99011.97515676795,99938.39084673324,99966.87883080001,100111.29591452563,100013.74592246539
4,2017-12-09,102187.7857,102176.1222,101763.38121420413,101663.22404029152,101765.49004576975,101700.9192,104517.01672857143,102322.24740421894,102162.2684573333,102262.226284,102214.30295727606,102013.26515163363
4,2017-12-10,102185.9523,102187.7857,101894.4411294731,101753.183147958,101896.50206746745,101700.9192,101117.65694285715,100384.89947486788,102108.74121133327,102232.85985,102206.05041886313,102022.6582593848
4,2017-12-11,102186.1034,102185.9523,101897.36661978668,101779.12805767324,101899.58730088266,101700.9192,101738.67354285714,100583.17689266261,102124.19460999995,102232.09902,102196.40362342732,102033.2420970335
4,2017-12-12,102136.2377,102186.1034,101939.34473742476,101827.53408594729,101941.52585242045,102467.8863,101715.6101,100655.21034385765,102181.00240133327,102222.64090399999,102193.68306016299,102067.40651581452
4,2017-12-13,102110.5352,102136.2377,101916.94763713915,101809.68842754498,101919.0534203611,102417.4644,102281.21067142858,100421.96562649055,102114.09880799998,102149.85918199999,101800.23333676052,101908.00685743516
4,2017-12-14,102055.2185,102110.5352,101914.38073608847,101787.91674681066,101916.23914716723,102417.4644,101183.58000142858,100015.7972109204,102101.24094333334,102149.63524399999,101848.65906869996,101912.60558628132
4,2017-12-15,102173.5723,102055.2185,101952.92099983993,101810.17726135248,101953.91117503331,102417.4644,97407.69595285715,99264.20326006411,102148.79951066665,102208.98735799998,101854.18586028017,101937.7208774331
4,2017-12-16,102225.1087,102173.5723,101973.80727291215,101765.08259141013,101974.91621371043,102467.8863,98330.94219142858,99207.10349240177,102109.73304133327,102160.12315599994,102243.70262388255,102039.50608554199
4,2017-12-17,102231.8024,102225.1087,102021.1329799936,101821.80905827897,102022.05624519498,102467.8863,97936.73177428571,99062.35606565246,102162.27269733326,102170.02922399998,102232.84234300272,102072.30803287165
4,2017-12-18,102232.0024,102231.8024,102051.8425143411,101862.8686477581,102052.74361564017,102467.8863,98528.76942571427,99011.25125100742,102141.96111333327,102169.92589999997,102238.24112167541,102081.02362758893
4,2017-12-19,102690.8634,102232.0024,102093.47297299003,101910.65671832295,102094.33969996651,102467.8863,97284.93404,99102.69922788061,102137.48976266659,102137.402974,102274.22924871874,102107.4585765694
4,2017-12-20,102692.8576,102690.8634,102527.02104174766,102359.64177798337,102527.72128524324,102936.0797,98498.70622714286,100379.20033019765,103002.31856666671,102958.63378400002,102870.3033901575,102744.08791160253
4,2017-12-21,102633.6882,102692.8576,102538.57552704473,102365.19423507941,102539.4057427451,102936.0797,98428.00640571429,99325.50074962084,102975.19021000006,102949.94664000001,102870.3033901575,102736.895945079
4,2017-12-22,102635.2737,102633.6882,102456.31240069609,102388.8352027475,102457.66490434775,102467.8863,97422.15841285714,99319.12536896813,102601.57156266671,102539.809042,102392.38504701301,102460.93060414241
4,2017-12-23,102408.9395,102635.2737,102451.17152338361,102386.78973024966,102452.49749348898,102467.8863,97793.02608285715,99400.76379897149,102614.22690933337,102562.16376399998,102411.09819663287,102470.7049454053
4,2017-12-24,102414.4644,102408.9395,102230.64335716986,102162.87494791287,102231.94951261868,102467.8863,98164.53145999998,99517.8251501881,102400.80258733328,102396.14840799995,102401.31116558072,102321.66290027562
4,2017-12-25,102414.2917,102414.4644,102445.7974455108,102359.0619480635,102446.79474138748,102467.8863,98212.39732857143,99450.40714082035,102500.68705799994,102504.77106599997,102399.82697252907,102419.85865953083
4,2017-12-26,102414.3592,102414.2917,102498.1964111576,102398.24324053196,102498.92362968266,102467.8863,98454.45414714285,99467.55558720272,102467.47236866665,102553.653622,102429.01145498683,102431.57568806181
4,2017-12-27,102414.893,102414.3592,102268.08232885436,102173.32061704852,102269.21775344045,102467.8863,97553.52847428572,99266.55554073621,102467.08347600003,102556.96942999998,102426.3925459918,102355.59887968011
4,2017-12-28,102362.3878,102414.893,102235.99114132382,102143.570872181,102237.1500330391,102467.8863,98239.41655428571,99257.64242023068,102481.02221133334,102574.315648,102435.36864853662,102353.32057735033
4,2017-12-29,102419.0861,102362.3878,102182.50519419179,102100.10406157804,102183.66445136133,102467.8863,99286.18097714287,99181.66193740284,102376.56686199999,102470.03817199997,102275.974191755,102250.88170511101
4,2017-12-30,102692.2922,102419.0861,102220.41177103398,102141.76939720706,102221.29945705667,102467.8863,99110.49402285714,99326.32675777463,102667.3550393333,102748.28161399999,103099.87952359009,102636.33465337682
4,2017-12-31,102654.9329,102692.2922,102451.89595201873,102363.62093528845,102452.82526032339,103157.3118,98891.35549571428,99837.44473774027,103180.89824666668,103118.71199800001,102854.47937257089,102799.666184842
4,2018-01-01,102654.9329,102654.9329,102651.82761472842,102530.48302728924,102652.09940561383,102467.8863,98960.64290714286,99412.96965198802,102950.67559666668,102966.64586400002,102566.05679008903,102682.40513801498
4,2018-01-02,102655.1123,102654.9329,102472.88000373056,102388.33097052886,102473.45341899431,102467.8863,98021.83180428573,99381.94956467673,103135.9341513334,103148.34302800005,102586.67434848167,102703.64649011462
4,2018-01-03,102934.9651,102655.1123,102464.44556741294,102371.82484630802,102464.84178066783,102467.8863,98192.91391571428,99318.2065570116,103113.63516866675,103154.38878800004,102586.67434848167,102690.71145448547
4,2018-01-04,100525.5273,102934.9651,102701.24193925256,102598.39225624326,102701.25912785115,103157.3118,97921.50523857142,99884.36195869095,103175.70505933334,103134.05476000003,102927.8833432486,102900.6602196084
4,2018-01-05,100599.7456,100525.5273,100573.46011897609,100495.65527771041,100572.39313456854,100120.1823,103902.48154571428,102292.18455619036,103259.81740313335,103441.61112240003,100528.47895978754,101427.98388021044
4,2018-01-06,101042.2611,100599.7456,100458.47910533898,100384.13747807633,100457.62302510123,100134.9025,98292.49646714285,100250.0462495936,100706.44209793326,100668.5746718,100536.14587126137,100542.24181575699
4,2018-01-07,101045.2772,101042.2611,100814.10711768118,100690.12726299942,100814.83182711774,100955.037275,100539.34390285714,100933.30561355452,100857.93131406662,100750.968332,100722.48342888286,100756.8473353163
4,2018-01-08,101045.3224,101045.2772,100850.68558497455,100704.83551683687,100851.29591896886,100955.037275,97404.84539285714,100209.90151939883,100808.90052873327,100739.07420399999,100727.88220755555,100747.20608437523
4,2018-01-09,101720.4915,101045.3224,100854.80118929893,100712.92532245138,100855.34135115419,100955.037275,97358.23359142856,100064.55320981344,100760.98378946658,100685.90320999999,100688.9594084792,100720.95617346572
4,2018-01-10,101751.2709,101720.4915,101406.35669162954,101273.64948757633,101407.2835663191,100105.6195,97322.99953285714,101239.16838846466,101482.89869533326,101489.91387399998,101511.32020368782,101422.62279553247
4,2018-01-11,101673.5709,101751.2709,101375.14430191331,101260.46507948903,101375.981997554,101551.04550000001,96849.86832857144,99468.26933075259,101558.35697533326,101518.86422400002,101542.99634155443,101453.93946545891
4,2018-01-12,101703.9248,101673.5709,101403.43897701538,101368.10285921257,101404.32589733062,101920.8714,97387.92326142857,99489.8136074846,101779.4892473333,101783.12500800005,101509.5783081796,101552.39013824181
4,2018-01-13,101689.6649,101703.9248,101424.25284111605,101389.00614667666,101425.09210582319,101920.8714,97493.22539857143,99484.72388656373,101785.33115999997,101789.86319600005,101505.6453483795,101559.99421835206
4,2018-01-14,101635.0134,101689.6649,101380.80871965611,101322.05862541604,101381.67020251407,101551.04550000001,96937.85248,99274.15260663687,101525.21190933327,101484.93183000005,101528.77260737303,101458.6810473741
4,2018-01-15,101635.9236,101635.0134,101357.78016072043,101290.42943704088,101358.4661785204,101551.04550000001,96815.43108571428,99126.58986078778,101411.07560066655,101396.37627600002,101401.93126308317,101367.81210026353
4,2018-01-16,101575.4134,101635.9236,101412.41265596174,101332.73528750945,101412.71992302722,101515.25646666666,97183.28566000001,99093.20338386396,101394.28114933312,101378.44529199999,101380.3534188291,101369.12328522389
4,2018-01-17,101577.6876,101575.4134,101316.0988596256,101225.63591874632,101316.46327438462,100105.6195,96965.80010142855,98995.68569973558,101216.00621866655,101262.92281199998,101379.82122268628,101273.82112003304
4,2018-01-18,101424.6728,101577.6876,101321.64622427229,101117.63954511963,101321.58472657652,101515.25646666666,97221.15509714287,98927.52815558844,101410.34519933313,101389.41113600001,101404.94649669522,101310.97708038265
4,2018-01-19,101393.9747,101424.6728,101185.44730307776,100988.13064213473,101185.39131980974,101515.25646666666,97378.27691428573,98964.00298898216,101304.19869799983,101206.12915800001,101125.61079586472,101139.31337866643
4,2018-01-20,100581.577,101393.9747,101135.9184705667,100964.51616928843,101136.01438688838,101515.25646666666,97261.4076942857,99007.53809842384,101167.44135733317,101137.17492,101130.88202430708,101087.6131836429
4,2018-01-21,100616.5224,100581.577,100387.34294503591,100234.61230150235,100387.32083870913,100120.1823,97791.76607428571,101156.8236799885,100354.24555333322,100202.1081564,100515.58588646399,100368.14791376652
4,2018-01-22,100617.3898,100616.5224,100375.19142656689,100235.60702071214,100375.18994854312,100134.9025,96165.39605,99158.41240412748,100436.45126866658,100310.60247639997,100525.86328962338,100399.30719300068
4,2018-01-23,100967.7353,100617.3898,100399.67009045096,100280.62334459352,100399.82333740225,100134.9025,96433.69982285715,99268.58206265833,100416.25332259992,100318.30290139999,100494.02175995709,100396.9661423835
4,2018-01-24,100903.0578,100967.7353,100698.86065666832,100574.14442559534,100699.22257222669,100955.037275,97808.22999285713,99868.84938760016,100750.86949066658,100693.969276,100701.36921036599,100675.4610422093
4,2018-01-25,100860.1092,100903.0578,100622.05422723784,100497.21863879886,100622.38601307529,100134.9025,96762.80393285713,99096.34428294063,100719.10305866662,100623.75324399996,100677.22304674353,100631.18158140301
4,2018-01-26,100754.7196,100860.1092,100562.51898321466,100457.23806903047,100562.91800498446,100134.9025,97121.78309285715,99027.03061631447,100734.22368599995,100629.81783399997,100666.452159183,100619.30463807115
4,2018-01-27,100944.9399,100754.7196,100442.61798197623,100353.4092123847,100442.95238708373,100134.9025,97267.75640428571,99189.65022020016,100617.52601066661,100494.88730599998,100566.59416082466,100512.50979462532
4,2018-01-28,100900.9286,100944.9399,100625.97013026278,100559.35829777858,100626.51866338453,100134.9025,96387.19919714287,99437.66218624626,100770.86090866665,100650.64909799997,100687.11227724903,100672.44382789808
4,2018-01-29,100900.9784,100900.9286,100625.46495442047,100554.74387334034,100626.0486927503,100134.9025,97226.03751428572,99109.61625474134,100751.30589933333,100629.41146999998,100691.04523704913,100665.69833657426
4,2018-01-30,100796.6175,100900.9784,100679.14338891741,100607.66622430118,100679.42203620014,100134.9025,97383.54826142857,99165.98830624136,100749.54868599997,100640.51993199998,100674.7449185489,100677.31994295002
4,2018-01-31,100621.7856,100796.6175,100574.37603672482,100504.66764244866,100574.53956878303,100134.9025,96736.98409857143,99110.74084140426,100711.7660646666,100575.86494399999,100639.97238126991,100618.80202946172
4,2018-02-01,100403.9248,100621.7856,100396.1393634738,100336.33014252465,100396.24404982412,100134.9025,97372.37602428571,99186.19785217833,100474.67130466664,100358.87164879998,100458.70238669234,100423.23461129454
4,2018-02-02,100555.4806,100403.9248,100205.66134182822,100158.25403290124,100205.85960285294,100254.4046,97215.66866285713,99216.34054826999,100322.3440229332,100254.62585299999,100110.73476199474,100197.1109392764
4,2018-02-03,100671.232,100555.4806,100297.43956231912,100163.96539877178,100297.07862314938,100134.9025,96904.96423142856,99163.34837324046,100449.1476812666,100338.29062199999,100509.08381986605,100374.06563330146
4,2018-02-04,100671.232,100671.232,100378.38795451995,100229.81741923379,100378.0791244626,100134.9025,96867.80659285713,98985.87197773473,100570.65256539997,100464.97036399998,100514.92221341016,100438.46406601464
4,2018-02-05,100671.232,100671.232,100391.076888537,100238.99520522749,100391.0126890191,100134.9025,97536.96685999997,98830.07670025605,100584.03217006664,100467.30205599997,100518.85517321025,100447.2941828348
4,2018-02-06,100558.0637,100671.232,100410.02830805733,100275.92546567494,100409.97386211473,100134.9025,97147.8051157143,98924.13675624179,100581.93392746664,100461.05618299998,100482.87330511535,100446.91089941899
4,2018-02-07,100288.8145,100558.0637,100295.47175047506,100165.59282061738,100295.37160376053,100134.9025,96564.8354957143,98905.08368142076,100461.60149166663,100338.79892299998,100448.10076783637,100358.43169337347
4,2018-02-08,100284.9902,100288.8145,100017.14057956667,99897.87458971156,100017.61318677351,99933.80994,97083.04221857143,99171.82676432772,100217.74166446661,100108.63812179999,100111.20666141539,100075.60763853119
4,2018-02-09,100178.018,100284.9902,100011.86981311358,99894.06288697038,100012.3851641461,100254.4046,97086.77126285715,98817.59447293317,100245.02826519992,100152.29896839999,100135.39622811995,100091.49579343008
4,2018-02-10,100165.4895,100178.018,99910.512903197,99789.76111684299,99911.03361477648,99860.35005380952,96868.71140428571,98959.16130490006,99963.54318073326,100010.86989820002,100078.38377057042,99943.89602271556
4,2018-02-11,100165.4895,100165.4895,99869.18877370395,99746.68025362793,99869.78568903852,99860.35005380952,96330.63419428571,98873.63102941703,99895.99708673324,100011.25298319997,100119.61821882613,99920.76518639577
4,2018-02-12,100165.8837,100165.4895,99882.43764292668,99762.9175446555,99882.97358955811,99860.35005380952,96675.42126142858,98830.17481616301,99900.03908446657,100002.18290799996,100125.01699749882,99929.32454220696
4,2018-02-13,100147.7305,100165.8837,99926.52415712262,99812.52513331959,99926.85767167895,99860.35005380952,96555.4711757143,98916.48640492014,99868.80196839994,99956.33386559998,100082.23148481836,99921.18619551264
4,2018-02-14,100165.8944,100147.7305,99911.95757913354,99805.43391758046,99912.16921861861,99860.35005380952,96891.49940857141,98858.76824203251,99919.45990446662,99960.11963559999,100089.03512940393,99937.97631715034
4,2018-02-15,100124.1494,100165.8944,99912.18901150564,99808.3171582152,99912.44392663115,99860.35005380952,96920.15364571428,98868.67238438464,99921.57946033326,99994.52992219996,100126.03800915684,99951.97820923511
4,2018-02-16,100029.8095,100124.1494,99875.76879549229,99783.64843895275,99876.0174572413,99860.35005380952,97059.88543571428,98798.12903506415,99918.10634866661,99981.8528826,100092.619975782,99931.45825446711
4,2018-02-17,99711.27909,100029.8095,99786.7413860636,99699.65614348435,99787.08620433172,99860.35005380952,97245.72168142856,98941.0789722388,99841.1306636666,99903.95082880002,100081.94996866694,99874.2455919393
4,2018-02-18,99537.56464,99711.27909,99491.96216244836,99412.66281187159,99492.2072049433,97724.39232,96877.7832457143,99255.30239369566,98927.87718186651,99048.71557780003,99697.83952893729,99346.12650755847
4,2018-02-19,99537.56464,99537.56464,99513.97718790543,99399.45648633901,99513.75222074732,97724.39232,96406.86022285713,99037.52505689602,99500.31457626655,99277.03162740004,99468.9001139493,99456.22372551828
4,2018-02-20,99539.21796,99537.56464,99333.73575680923,99226.79155828537,99333.8637053482,97724.39232,96460.90793285715,98891.7720953973,98819.99864153322,98890.62966040001,99423.1645893446,99156.65159638773
4,2018-02-21,99785.99749,99539.21796,99326.25630568172,99199.66336243134,99326.3496272854,97724.39232,96319.02999857142,98849.35475856937,98815.82296153322,98890.5811394,99435.57439123138,99150.35357173199
4,2018-02-22,100262.4849,99785.99749,99502.87424131631,99371.29035268717,99503.50310523558,99860.35005380952,95650.25966999998,99262.53606116735,99285.45506019986,99479.3408844,99971.97846048023,99542.90795778908
4,2018-02-23,100299.2187,100262.4849,99937.5091974518,99794.08372463995,99938.35044084553,100254.4046,96746.59529571429,100046.39394763431,100217.62284973328,100135.7816696,100140.42824508908,100050.71160648744
4,2018-02-24,100342.262,100299.2187,99992.73953304936,99850.36900247425,99993.60872045498,100254.4046,96383.18200714285,99059.72401388253,100261.3221590666,100180.63367139999,100140.83918831304,100084.17678328464
4,2018-02-25,100504.2278,100342.262,100024.03349553775,99900.91508625032,100024.99395956202,100254.4046,96424.58984999999,99146.3694153134,100269.45833113325,100168.8347002,100165.43226617917,100111.93522785425
4,2018-02-26,100504.6028,100504.2278,100199.27714971267,100079.1944438874,100200.46195962813,100134.9025,96993.13148857142,99400.61519804852,100450.19533066658,100416.52279040002,100518.32677012881,100349.2388482276
4,2018-02-27,100418.4499,100504.6028,100264.83551189338,100137.5836616233,100265.82184059655,100134.9025,96888.50200142858,99213.75331748175,100487.86124213328,100457.4843478,100500.56063275598,100375.33517883753
4,2018-02-28,100347.5093,100418.4499,100208.70096079272,100084.17404559547,100209.4901771049,99933.80994,96429.69308428573,99026.10471400605,100389.37146379997,100295.352778,100201.49063941847,100225.01204960463
4,2018-03-01,100326.7571,100347.5093,100120.22583884875,99984.96614643525,100120.93377726342,99933.80994,96352.69137428571,98856.76162986828,100254.38349206657,100168.84508019997,100195.68091752181,100145.01018534122
4,2018-03-02,100445.4413,100326.7571,100092.14712718759,99938.98086225738,100092.79287211916,100254.4046,96242.26875428573,98772.03160845747,100275.09460819991,100141.39758759999,100169.08725248571,100127.72090764767
4,2018-03-03,100171.6168,100445.4413,100209.06133797645,100034.59903091288,100209.47768154925,100254.4046,95855.52160999998,99014.27013708676,100391.92595186656,100306.08048239998,100196.55425902003,100207.69308059983
4,2018-03-04,99847.24385,100171.6168,99963.00919084749,99781.8506977118,99963.4038351556,99860.35005380952,96926.25047857143,99144.44353458968,99898.81439626659,99955.75558299998,100139.56940416305,99940.07816604715
4,2018-03-05,99847.64823,99847.24385,99665.29397174351,99495.43233026595,99665.69517640054,99860.35005380952,96061.05552142857,99287.97985831287,99613.14743713323,99784.9128422,100139.56940416305,99749.38305718741
4,2018-03-06,99888.12689,99847.64823,99684.73491161784,99522.00145120123,99685.09435015287,99860.35005380952,96249.99090857143,98939.037615381,99618.42771626657,99764.623555,100155.08089746223,99765.17002164335
4,2018-03-07,99769.4544,99888.12689,99721.46920979375,99575.25963443842,99721.94012233631,99860.35005380952,96319.02999857142,98922.5316647115,99635.07575373322,99704.30446179998,100167.49069934901,99792.60869584023
4,2018-03-08,99743.50063,99769.4544,99580.36608274323,99461.070897725,99581.13199300184,99860.35005380952,95904.08898285714,98958.53926589213,99202.84396519983,99412.7370486,99973.0524560922,99545.65577300568
4,2018-03-09,99804.80906,99743.50063,99546.84872360968,99434.92522252466,99547.51120910973,97724.39232,95722.21158857144,98854.15893596713,99038.44799239984,99143.48055640001,99713.47480417337,99395.61600636596
4,2018-03-10,99885.39652,99804.80906,99582.10114133907,99476.4908199111,99582.79124102244,99860.35005380952,96226.07196285714,98959.63926536034,99208.66359319983,99441.73428040002,100139.66932485906,99608.27457932332
4,2018-03-11,99885.29194,99885.39652,99643.26565753309,99559.72045741629,99644.00494822914,99860.35005380952,95889.15978714285,98924.39906008588,99706.76266659987,99774.8884798,100132.37524207575,99799.61945536397
4,2018-03-12,99885.8144,99885.29194,99679.94912548657,99605.65317566706,99680.63496290483,99860.35005380952,95903.07945714286,98844.7934647512,99721.33543066654,99813.4323028,100136.30820187584,99821.09893606981
4,2018-03-13,99850.98666,99885.8144,99720.75079559724,99641.19126090505,99721.29282638445,99860.35005380952,96082.95593714286,98933.81871965369,99688.4027503332,99785.2447788,100174.29434393458,99834.62945172428
4,2018-03-14,99849.59904,99850.98666,99685.27220567972,99605.86541602878,99685.79169940545,99860.35005380952,96259.09348857144,98898.813128588,99663.61842819987,99826.3834466,100173.76214779177,99814.4153306735
4,2018-03-15,99895.767,99849.59904,99662.47811804421,99588.11200280362,99663.07682200869,99860.35005380952,96232.94906,98918.13651114891,99689.83450146652,99863.15964019999,100173.76214779177,99817.23621735396
4,2018-03-16,99861.32033,99895.767,99708.66254084799,99637.0297758483,99709.3321141813,99268.19811,95902.47432142857,98904.82380307661,99751.17963159988,99849.56706020002,100148.63430162828,99845.61456969216
4,2018-03-17,99662.06934,99861.32033,99687.94569392661,99598.91112081143,99688.44143151947,99860.35005380952,95898.69593,98952.67467975299,99643.91404879987,99819.1679132,100255.05511867057,99832.62676276063
4,2018-03-18,99662.06934,99662.06934,99495.18912362392,99393.97385066694,99495.48993078219,97724.39232,95662.66774714286,99013.86103454069,98879.43392886649,99033.20329840003,99480.19131832632,99251.19969928659
4,2018-03-19,99662.19434,99662.06934,99493.32730067006,99388.46106326405,99493.38590597227,97724.39232,95790.70371571428,98799.24455307162,98968.2606868665,99076.96577820003,99505.8935636156,99287.53843791538
4,2018-03-20,99754.27457,99662.19434,99533.67169989647,99422.9166582177,99533.44770034417,97724.39232,95838.33683000001,98884.4137348593,98966.2810115332,99045.40525500003,99512.35458919023,99300.51741964703
4,2018-03-21,99822.13327,99754.27457,99614.00917157825,99491.50532817352,99613.75308796963,99860.35005380952,96179.44710428573,98935.81630669201,99286.36295239987,99460.12783900002,100040.00908180169,99605.9591207917
4,2018-03-22,99871.66701,99822.13327,99650.93085252731,99520.69113250836,99650.739333777,99860.35005380952,95802.29103142857,98925.67115313512,99785.20344226652,99859.62583959999,100190.63493113634,99832.1765019704
4,2018-03-23,99979.22868,99871.66701,99686.1117520781,99556.38847623566,99686.17895824846,99860.35005380952,96054.41977000001,98868.17425141971,99709.76814033322,99845.78650500003,100164.97488883004,99810.3771684663
4,2018-03-24,99656.3903,99979.22868,99776.91361402917,99652.914957366,99777.50999306866,99860.35005380952,96626.23256,99094.72392647299,99629.10516826653,99830.6358676,100165.385832054,99815.80198589551
4,2018-03-25,99657.10919,99656.3903,99510.52077652879,99425.46228600461,99510.87429223367,97724.39232,95326.50851285715,99080.81228933575,98828.92830893317,99001.78505740003,99496.53190552809,99250.3075001553
4,2018-03-26,99657.53343,99657.10919,99512.97814827543,99435.76361857628,99513.36402492426,97724.39232,95773.96195,98579.63119151753,99215.26934379987,99393.85540060005,99495.04771247644,99382.02689161753
4,2018-03-27,99595.32335,99657.53343,99566.00477035981,99482.83223972181,99566.34858595014,97724.39232,96007.80879000001,98670.96387288997,99201.49336693324,99387.79345380003,99524.2321949342,99402.85260052975
4,2018-03-28,99440.46864,99595.32335,99518.79652306336,99435.98802134201,99519.06352367174,97724.39232,95994.98596142858,98638.171608143,99116.53618333324,99340.83183840004,99524.2321949342,99358.91879986982
4,2018-03-29,99519.79936,99440.46864,99354.22024289684,99275.53204178302,99354.50933898528,97724.39232,95897.46707999999,98724.51439748888,99109.17114526659,99266.65085380005,99281.2090336537,99221.97074023444
4,2018-03-30,99643.84784,99519.79936,99619.21803732225,99520.88495437687,99619.10674878306,97724.39232,96635.22447285715,98797.13998865639,99777.36756346656,99674.93639960002,99502.34179525975,99600.19810436772
4,2018-03-31,99643.84784,99643.84784,99533.64595368234,99447.65092057933,99533.83105802041,97724.39232,96132.68605285713,98809.95128419451,99271.83818673319,99370.63338620003,99500.50921468358,99406.66610733203
4,2018-04-01,99629.76736,99643.84784,99546.29599815216,99476.44721337844,99546.6060713031,97724.39232,96134.17765571429,98635.74707698915,99271.79312193321,99366.15881300005,99488.18311493115,99412.14115008093
4,2018-04-02,99629.76736,99629.76736,99544.81515014476,99472.70994827189,99545.19134583567,97724.39232,96258.68457999999,98590.2957185917,99235.80428706655,99361.29981840005,99493.58189360384,99400.69870964742
4,2018-04-03,99637.00962,99629.76736,99575.22315032237,99503.65345127854,99575.5234309387,97724.39232,96622.70816000001,98686.33258423074,99266.82467853324,99367.52101140004,99538.08655425685,99436.18822802289
4,2018-04-04,99745.43544,99637.00962,99584.55104547826,99523.30292983253,99584.90428502359,97724.39232,96643.69701857142,98682.9460276689,99349.41979766657,99415.23928160005,99538.61875039966,99470.44715929958
4,2018-04-05,100046.3746,99745.43544,99673.82934925666,99621.54500000503,99674.35528684215,97724.39232,97005.99778714287,98852.38083076334,99472.60643599986,99565.75477920003,99767.55816538764,99620.56986713085
4,2018-04-06,100117.0979,100046.3746,99954.02984268827,99893.72519206774,99954.65673914406,99268.19811,97954.37024571428,99382.42421007622,100032.95036199993,100088.4453696,100177.83532546378,100034.83695984381
4,2018-04-07,100073.7561,100117.0979,100044.50437759014,99961.05488948566,100044.98366352565,99268.19811,97528.66681857142,98982.63436113099,100060.55104093322,100113.0015354,100172.43654679108,100064.68082573665
4,2018-04-08,100126.6346,100073.7561,99996.40556691823,99920.58010792837,99997.02885453429,99268.19811,97260.63449714286,98872.6748763748,100055.53986453323,100124.64845580001,100160.11044703865,100045.41013983342
4,2018-04-09,100127.227,100126.6346,100065.54009555392,99994.49193774896,100066.24973396535,99268.19811,97783.32805142856,98913.1708506031,100113.93717246655,100175.23105399997,100209.11884521002,100105.84931847517
4,2018-04-10,100183.3276,100127.227,100124.77070886224,100050.31985404981,100125.32000098182,99268.19811,97690.82200428573,98939.69096913219,100111.22733806659,100192.39709379998,100245.63916839616,100135.7287868375
4,2018-04-11,100436.9014,100183.3276,100193.47722182832,100113.36875437213,100193.8981137192,99268.19811,97671.39362142856,98919.14793781444,100193.61634659993,100234.06672439999,100245.63916839616,100184.20808978942
4,2018-04-12,100664.6508,100436.9014,100417.4817405351,100338.91917367096,100417.79918785361,100339.07096666667,98008.90635857145,99368.6920653925,100598.17056119989,100450.18397980003,100300.64093605168,100412.57689030752
4,2018-04-13,100740.7606,100664.6508,100637.23618826688,100552.29500579998,100637.56681549043,101901.4895,98693.38004571428,99326.15944803602,100863.7389326666,100742.87961200005,100650.9122489911,100688.98206248588
4,2018-04-14,100890.1874,100740.7606,100722.54153674789,100639.01967885064,100723.02568135248,101394.2978,97624.08942285714,99201.14109866203,100914.0281153333,100801.64451400006,100730.77718922417,100761.27499446936
4,2018-04-15,100917.8637,100890.1874,100860.1466531618,100787.13030506937,100860.706035413,101394.2978,98554.38921428572,99382.15645892496,101031.57805133336,100935.88600400001,100822.97233566977,100880.56023069083
4,2018-04-16,100918.0027,100917.8637,100922.36956809979,100850.38351842204,100922.79688556692,101394.2978,98369.77446000002,99195.18596447354,101056.36718533335,100956.569454,100823.28591601018,100910.01220658852
4,2018-04-17,101061.3157,100918.0027,100978.5259476937,100907.80738089953,100978.87380988074,101394.2978,99133.59565857143,99215.94946681728,101053.10514800005,101039.77725400003,100859.2740430535,100940.06219065102
4,2018-04-18,101526.8658,101061.3157,101125.17926188007,101060.55368800533,101125.454578613,101901.4895,97554.05159571429,99343.09727453161,101095.69258133335,101126.265034,100943.47355239587,101033.23994057818
4,2018-04-19,101972.4873,101526.8658,101544.72523410578,101489.9370492472,101545.02146006726,101758.44295,99904.59782142857,100466.88339203654,101829.10681999986,101814.227808,101615.6541162734,101644.89932850683
4,2018-04-20,102131.7951,101972.4873,101992.03265264194,101930.81170247089,101992.31080797887,102417.4644,100732.02067142855,100624.67161463585,102135.56875533338,102150.27257399999,102053.63598242697,102040.00548007707
4,2018-04-21,103094.4839,102131.7951,102172.62715190681,102108.31437589649,102173.08458874801,102417.4644,100161.37937285715,100104.61498658556,102300.57516400001,102364.613742,102070.88331317423,102159.92428435692
4,2018-04-22,103413.7185,103094.4839,103066.20792534295,103019.02994412452,103066.58904349509,102936.0797,104033.44351857144,102336.87315917097,103045.69746699998,103099.63450399997,103211.76681648412,103092.1647425362
4,2018-04-23,103415.2473,103413.7185,103456.02483639686,103399.08209472412,103456.22156634457,102936.0797,101876.01215857142,101488.55483051698,103221.87726533324,103245.12966800001,103322.74199762418,103314.56711922718
4,2018-04-24,103740.696,103415.2473,103529.33221020683,103477.4230206546,103529.73158317065,103807.5327,104503.22710999999,101095.01824096801,103263.76502666654,103313.78628199996,103451.65897877079,103397.61567536398
4,2018-04-25,103646.8297,103740.696,103849.82686469235,103814.16676741412,103850.2556279918,103676.9385,102046.35825714286,101529.44534935946,103871.10567266669,103865.440692,103792.1252679172,103825.79923599935
4,2018-04-26,103875.2899,103646.8297,103772.6208633078,103730.93441589351,103773.12501937566,103676.9385,103266.6713557143,100674.95449509888,103822.0021013333,103844.06806799998,103741.25273078408,103764.72974933696
4,2018-04-27,104288.6102,103875.2899,103986.09220574438,103931.03762631715,103986.5100302775,103676.9385,100880.69835142858,100819.97440402291,104046.09768999998,104094.892452,104073.58432563745,104016.9065473182
4,2018-04-28,104536.8668,104288.6102,104424.43498306486,104364.9814478145,104424.51566454006,104412.1039,102448.17265714286,101195.70418138932,104391.9904420001,104364.040466,104271.93485074687,104342.9689135205
4,2018-04-29,104522.5439,104536.8668,104641.92229650545,104553.34609644455,104642.11033437413,104614.7821,102293.86069571428,100752.28336177462,104697.86722666664,104558.51339400001,104797.63699405671,104682.95010572263
4,2018-04-30,104522.7965,104522.5439,104659.14717217404,104566.18362928224,104659.4574923401,104614.7821,101892.29348857142,100343.52040001994,104681.27072266665,104585.94095200002,104867.4410380605,104704.96513000313
4,2018-05-01,104744.6284,104522.7965,104712.73563796497,104633.04439042592,104713.06316080038,104238.9785,102054.92600714286,100381.57663151325,104688.29478533332,104610.04611600003,104904.89498397642,104742.07805324522
4,2018-05-02,105072.5882,104744.6284,104902.95221572756,104838.89639537456,104903.40649784589,104692.3755,103672.5183142857,100720.36234606261,104934.0946433333,104958.439274,105014.25617977571,104929.08240616118
4,2018-05-03,106078.2428,105072.5882,105221.21051996169,105180.32969520727,105221.62400874036,104860.0239,104382.69724285712,101060.29584716915,105290.26483933341,105192.45684199999,105264.56218804045,105245.05224086037
4,2018-05-04,106768.7587,106078.2428,106196.4194628139,106154.71360243652,106196.35462137469,105910.761,106914.19163999999,102536.6511855572,106276.77038133322,106227.90375799999,106159.80107683723,106197.09502020232
4,2018-05-05,108135.2672,106768.7587,106873.35672723106,106857.9700348504,106873.7104387845,107122.2246,105540.33045714287,102549.95252546498,106957.73395600003,107053.86069399996,106682.34532387015,106832.68310490686
4,2018-05-06,108135.2672,108135.2672,108164.75782044412,108169.95943776476,108164.91125635486,108156.3129,106214.11624000002,102624.5219053728,108240.34146,108235.73178999999,108475.32975204376,108295.21021660283
4,2018-05-07,108136.339,108135.2672,108275.40470533966,108266.37990123697,108275.86945505033,108156.3129,105088.92535714286,102585.42749705483,108230.80225799997,108239.37112600001,108400.76324146205,108299.31513356633
4,2018-05-08,108771.1265,108136.339,108323.54092818077,108342.30127081774,108324.36258682678,108156.3129,106091.93507142855,102594.60362296099,108279.18099066667,108272.03552399999,108483.28613012072,108368.25613053504
4,2018-05-09,109591.5963,108771.1265,108957.17102704987,108966.45876296987,108957.46304764196,108837.0351,105567.2086,102985.99474079571,109051.08402000008,109039.31018199999,109037.79478460894,109018.44585585962
4,2018-05-10,110108.5348,109591.5963,109791.64653422355,109780.14958588136,109791.29077461718,111262.3559,105508.89637142855,102980.75934641705,110539.95115600024,110658.11254999993,110112.86716872509,110144.32263686888
4,2018-05-11,110727.9957,110108.5348,110324.8634872314,110282.35286428856,110324.4326816167,110191.061,107104.41055714284,103016.3573019483,110402.53253800009,110349.47391799999,110288.06853391006,110324.31797873291
4,2018-05-12,111371.5539,110727.9957,110939.74243095162,110881.71793274893,110939.23610531815,111242.0645,107590.4102,103057.42329938729,110972.7149026667,110919.83767600007,110905.80114550436,110920.07799363999
4,2018-05-13,111371.5539,111371.5539,111517.87359584146,111422.58766409496,111517.34519542105,112149.36055,107162.64925714287,103134.29202998625,111845.00484333347,111791.65609799996,111688.57411881069,111652.05554207972
4,2018-05-14,111371.7539,111371.5539,111590.84348009255,111491.4137661725,111590.62773895283,112149.36055,107928.07651428573,102816.44596272345,111734.29601400014,111656.392566,111676.8962493292,111634.20200983394
4,2018-05-15,111680.8937,111371.7539,111669.33016923636,111576.86937010998,111669.02444932163,112149.36055,109013.28585714285,102710.94153443591,111794.21933933352,111722.04489999998,111743.31913813374,111704.80261585908
4,2018-05-16,111976.2393,111680.8937,111977.90062170723,111873.63035016623,111977.18831185423,112043.27043333334,110702.21678571429,102850.0667939732,112020.58979533332,112044.60897199996,112047.54303279411,111980.5877260979
4,2018-05-17,112335.4118,111976.2393,112236.60368341362,112143.03343726097,112235.9587571088,112368.1152,111078.1155,102711.53606640777,112265.40489600001,112281.46200199999,112302.51456866322,112236.9843006414
4,2018-05-18,112967.5283,112335.4118,112582.32212124974,112500.16870061403,112581.8780704537,112796.5703,111249.24987142858,102744.67305615173,112513.7045613334,112501.66512999998,112633.28987696208,112549.0543796365
4,2018-05-19,113964.3262,112967.5283,113158.11731471446,113122.23581043928,113158.09989381683,112915.97,110674.18752857143,103023.82834756916,113259.34879133331,113370.95154200002,112991.04714914663,113124.21058363974
4,2018-05-20,113775.7379,113964.3262,114095.08533167465,114039.97782807633,114094.68078869597,114145.0663,109139.07834285716,103036.07754268259,114165.24383466663,114184.93839000004,114253.16173702694,114152.79446658997
4,2018-05-21,113777.0296,113775.7379,114187.14573715763,114119.8894156081,114187.24596669154,114145.0663,109883.38020000001,102768.51348017404,114115.6207,114155.29564000001,113933.20690225689,114056.239005955
4,2018-05-22,113777.4225,113777.0296,114007.61845191733,114007.72243710005,114008.65321262294,114122.4611,110782.31571428571,102982.1620770631,114146.45687800007,114214.84414999999,114021.37926579356,114058.51952696456
4,2018-05-23,114801.1087,113777.4225,114010.04215542364,114036.09686681903,114011.22645904192,114122.4611,111084.56402857143,102897.04708448642,114111.10517066675,114163.913022,114028.22623471495,114058.47609073359
4,2018-05-24,115375.3649,114801.1087,114946.52192357265,114980.33617295594,114947.52030227445,114910.46483999999,109108.0450714286,103022.73274804084,115175.21157666676,115204.80503000002,115146.94199088344,115100.82991350205
4,2018-05-25,115587.8548,115375.3649,115574.32143791206,115589.50153498075,115574.68120698599,115798.6421,111884.70254285715,103356.10146534961,115695.98672133336,115675.96331000002,115772.2688673541,115685.91904122273
4,2018-05-26,116131.1854,115587.8548,115790.14033159098,115803.34524150532,115790.6204599585,115798.6421,112664.58557142857,103246.73889043702,115840.04546733337,115792.44037200003,116143.29185981769,115928.89418955213
4,2018-05-27,116176.6729,116131.1854,116241.64380369027,116240.13950754405,116242.20865162775,116281.0842,112251.89747142857,103425.04926261895,116184.96468866663,116299.34661399998,116253.79237207884,116226.2988560965
4,2018-05-28,116176.784,116176.6729,116351.7558704211,116346.17634458253,116352.32987092368,116367.8566,112586.25832857144,103272.79923726848,116183.87419399999,116300.99091999997,116230.50952559484,116253.52002139245
4,2018-05-29,117762.2232,116176.784,116420.02181536224,116415.87334715397,116420.20887062857,116871.5634,112175.32508571427,103177.57735214326,116213.41924199999,116293.52047599993,116317.13687820412,116315.47648911936
4,2018-05-30,118388.497,117762.2232,117957.4942212084,117949.36035261663,117955.98941793089,117098.65554999998,112964.89045714286,102555.80023619563,118751.56011599985,118583.470658,118346.65960306207,118349.19335722619
4,2018-05-31,118410.8821,118388.497,118601.62028634033,118530.09727994181,118599.58125014343,119684.9841,110148.73168571429,103467.79097843845,118700.70125199991,118640.00304,118806.86936041006,118679.22263078392
4,2018-06-01,118719.905,118410.8821,118629.64770547247,118512.5955623208,118628.21358582334,119684.9841,114835.48032857142,103891.77857130542,118860.51635333327,118676.24709600004,118683.03597435127,118685.38263000177
4,2018-06-02,118911.1854,118719.905,118880.34363967857,118812.57175063388,118879.78907107428,119467.2051,115332.87611428571,103997.45844343168,119125.14996799998,118902.86057400003,119031.46306585602,118989.72826149664
4,2018-06-03,118344.4402,118911.1854,119048.48948389402,118951.80230447889,119048.11326733379,119467.2051,115624.52314285714,104058.45244424087,119186.90217666671,118963.781458,119173.40195701954,119104.03547938837
4,2018-06-04,118345.7235,118344.4402,118577.04654737838,118500.519148016,118577.1241061386,119684.9841,118684.1677142857,103261.87773559958,118801.04289799996,118535.94275200003,118681.02294069878,118660.86166223825
4,2018-06-05,119936.5855,118345.7235,118654.43984734859,118562.31883370123,118653.5631566601,119684.9841,115503.27388571428,103876.32428077397,118877.39252866656,118578.04691000003,118792.81936495277,118744.17690910686
4,2018-06-06,121151.7762,119936.5855,120066.91086875484,119938.5252902892,120065.63245096829,120206.805,116751.15437142857,102558.87043789461,120279.2296686668,120308.78755999994,120435.58486456252,120217.77994117285
4,2018-06-07,121801.2446,121151.7762,121238.93814017203,121089.46838244642,121237.53084734545,122920.7985,118538.13847142857,102977.53489297339,121444.10634333335,121413.53737999997,121913.76309472036,121482.44594016671
4,2018-06-08,122040.6914,121801.2446,121886.24996362516,121741.63073897215,121885.4480812556,122920.7985,118230.28150000001,103753.67946914975,121705.66435999997,121658.97971399999,121897.40596329144,121781.56702075452
4,2018-06-09,122751.5986,122040.6914,122096.65322111356,121981.86228051408,122096.70505337487,122920.7985,120456.1032,103835.08930630024,121901.16307666662,121803.21246799994,122344.25833984876,122075.76123234315
4,2018-06-10,122751.5986,122751.5986,122728.12681455287,122633.91107432335,122728.61849837925,123365.5096,121336.00377142859,103343.56438328126,122091.12057266665,122041.10406599994,122369.59526444046,122364.87563714349
4,2018-06-11,122751.7373,122751.5986,122835.55353717282,122743.99790916189,122836.502462515,122095.0492,120688.77711428571,103713.53392886359,122073.55711266666,122007.15479399997,122350.40181464414,122389.31894549092
4,2018-06-12,123209.3754,122751.7373,122928.8353856291,122889.54200498859,122929.6429851957,122095.0492,119265.30375714286,104076.0711102978,122134.45633400003,122039.71317799995,122419.8796921405,122481.29267704305
4,2018-06-13,123512.5456,123209.3754,123348.28278543218,123275.33679158938,123348.3895029914,123489.9045,117813.27127142857,104173.66377641947,123642.45598933326,123668.91990400001,123775.23484344478,123564.3425414558
4,2018-06-14,123863.6015,123512.5456,123618.55438441908,123495.71129025682,123618.44212540388,123489.9045,123515.63792857144,104329.1752699216,123803.92167933335,123832.407586,123759.66703973345,123686.43333644122
4,2018-06-15,123922.0104,123863.6015,123950.9751633156,123815.93085788688,123950.78418472239,123812.3409,125123.96542857144,104347.55899025196,123961.57595400003,123949.38673999999,123918.75980795128,123898.75553994607
4,2018-06-16,124355.9888,123922.0104,124026.84272881481,123883.84645569959,124026.75752938083,123563.8689,125050.93897142858,104352.28438030888,123991.97710599996,123991.42375999998,123913.36102927859,123929.72819699271
4,2018-06-17,124355.9888,124355.9888,124393.58597449894,124210.61977954848,124393.55649440267,124029.9217,123519.65684285715,104222.38669386297,124251.0946113333,124268.70321400004,124354.00926277493,124271.90788455222
4,2018-06-18,124356.3221,124355.9888,124424.985065504,124242.5783443269,124425.69416936941,124029.9217,125314.24595714283,104417.47242632239,124251.78155399996,124278.89224000003,124366.91299751784,124287.09096528158
4,2018-06-19,124470.1885,124356.3221,124461.01988089603,124345.45565534633,124461.76778623142,124112.2326,124432.28935714286,104385.14807197271,124268.62041399993,124291.11600199998,124410.78535614365,124341.62047516332
4,2018-06-20,124612.1004,124470.1885,124547.47543247319,124466.6082019923,124548.1764106159,124404.5071,125021.75008571429,104423.90072186154,124736.91240999987,124847.46766800001,124929.7664876988,124711.09569989699
4,2018-06-21,124554.3067,124612.1004,124659.63351245769,124584.52415703362,124660.01476027866,124404.5071,123840.80102857143,104381.79346320212,124832.80977066656,124979.84438400003,124929.7664876988,124782.36680513299
4,2018-06-22,124557.6506,124554.3067,124579.69167918041,124506.79416230798,124580.68596233838,124404.5071,125348.54061428572,104368.59171268145,124794.90847733321,124952.10184400003,124896.22221381,124732.64161781706
4,2018-06-23,124649.2226,124557.6506,124558.32964225169,124514.93931236857,124559.70692682167,124404.5071,125452.52002857144,104292.22230832811,124776.00908866654,124950.30083600004,124877.50875717044,124722.81905273518
4,2018-06-24,124649.2226,124649.2226,124607.27099516313,124543.76101212013,124608.50358830867,125317.030375,124191.83471428571,104340.2136536605,124835.67530666651,124980.566746,124640.39426903633,124673.27686260764
4,2018-06-25,124650.2034,124649.2226,124618.94605970448,124548.80229292024,124620.20918839835,125317.030375,124230.43381428572,104368.73249691272,124835.72706999985,124972.91746400003,124653.29800377924,124679.27578889979
4,2018-06-26,125138.9212,124650.2034,124658.94473925544,124593.83514991293,124659.76295973812,125317.030375,123898.55944285713,104321.61194000032,124862.76974399984,125014.62595799999,124750.59379121069,124735.73289504116
4,2018-06-27,124764.5517,125138.9212,125111.64078851766,125040.1065112165,125111.6430739762,125955.7396,122294.59208571429,104068.23921440032,125089.5253413332,125221.06324399996,124834.79086042888,124988.14090432618
4,2018-06-28,125066.2514,124764.5517,124724.2970417416,124682.37195789334,124725.31678223428,125317.030375,122586.43129999998,104058.4116311573,124906.23147133323,125111.31755200001,124744.61446755726,124777.73929892795
4,2018-06-29,125150.5212,125066.2514,124940.86654348747,124900.83804951803,124942.46698895683,125317.030375,124218.28861428573,104375.1164649085,124786.08743133319,124986.90419399997,124688.74808608237,124791.89118897787
4,2018-06-30,124656.1988,125150.5212,125034.0860000718,124989.70166867504,125035.46374342858,125294.8448,123535.61457142858,104458.57200977043,124816.8731779999,125017.95232799997,124672.79151454319,124826.45545373939
4,2018-07-01,124678.0761,124656.1988,124792.4339212522,124727.73051217948,124792.90430163383,125317.030375,122845.80904285713,103823.19767090057,124843.5167526666,125024.09517799999,124675.94498565159,124749.06408349921
4,2018-07-02,124678.0761,124678.0761,124602.11445982795,124549.32127964622,124602.60381572707,125317.030375,124153.31332857141,104486.65377831571,124843.82187466658,125007.26979999998,124641.67699922468,124678.2733845125
4,2018-07-03,124678.3261,124678.0761,124661.4678813337,124580.40194614747,124660.71783813357,125317.030375,124588.11658571429,104421.76320094042,124862.48414399994,125071.21078,124734.43792644404,124725.77467219716
4,2018-07-04,124605.9816,124678.3261,124644.69968358132,124536.47562653886,124643.09030564093,125317.030375,124460.87627142857,104397.15055567997,124874.43818266655,125028.02526999998,124722.56032070007,124711.15804330182
4,2018-07-05,124012.7297,124605.9816,124530.50121554642,124435.69693246548,124529.59542703096,124404.5071,121399.24757142858,104362.4440025706,124824.97120866661,124994.36556999998,124675.30653003101,124645.32489038771
4,2018-07-06,123769.7286,124012.7297,123951.54176854536,123875.54361568792,123950.98726556059,123978.8319,123615.5549,103804.53946195467,123797.39230333328,123855.96087799998,123842.77264452302,123838.5695211814
4,2018-07-07,123876.5723,123769.7286,123656.6637103966,123606.48155609437,123656.3994735386,122985.6385,124980.53222857144,104232.27390711792,123394.46462466657,123409.14919200006,123560.7086384879,123520.55160641628
4,2018-07-08,123876.5723,123876.5723,123728.3765079624,123678.08297454665,123728.13277932514,122985.6385,123094.48695714284,104312.29270405667,123537.84278466657,123442.89833800001,123567.55920780376,123594.49498900566
4,2018-07-09,123877.3995,123876.5723,123725.76650004846,123670.54855383743,123725.81545264865,122985.6385,125503.58972857143,104377.05877862946,123546.05839333325,123448.57490200004,123567.69911311346,123594.76868676138
4,2018-07-10,123596.0691,123877.3995,123745.04758454749,123706.18433025002,123744.89654621924,122985.6385,123672.91408571429,104337.86909975272,123567.60215399993,123541.31944000002,123568.67064866945,123614.1523776398
4,2018-07-11,123379.8866,123596.0691,123480.1581889011,123431.72108424158,123479.478629338,122985.6385,124352.00081428571,104202.10611293635,123350.7434086666,123377.21947400001,123285.17225390289,123355.8789156037
4,2018-07-12,122593.4469,123379.8866,123194.73856789402,123187.77267822895,123194.46681640303,122687.5467,124415.17981428573,104189.17951485858,123250.95969333328,123287.08699800006,123295.1747976846,123244.63572308228
4,2018-07-13,122346.7612,122593.4469,122497.96810300203,122510.94353668965,122497.66543458724,121586.9298,121282.58857142858,103498.6235287106,121845.80493799994,121790.419852,121852.11575298634,122069.62140922532
4,2018-07-14,121860.591,122346.7612,122224.34703684799,122215.72810576449,122224.3127001804,121586.9298,125353.20457142856,104219.20923536879,121793.9223506666,121716.243848,121917.38224166771,121975.67756603293
4,2018-07-15,121860.591,121860.591,121743.67871701287,121721.18272236761,121743.6924761085,121586.9298,122134.07012857143,103968.98891480398,121626.16810466659,121647.19415,121484.76672016805,121610.70584906742
4,2018-07-16,121861.4093,121860.591,121688.37079330537,121660.66349334909,121688.9588537605,121586.9298,122105.50164285714,104236.76401540701,121639.01062666664,121680.51183399999,121458.00368981136,121585.8926032757
4,2018-07-17,121620.0663,121861.4093,121688.19721323982,121654.32995964777,121688.763421265,123131.8622,121529.46364285714,104254.35987865104,121696.021202,121711.30517799995,121405.22096095119,121585.19070753298
4,2018-07-18,121316.3975,121620.0663,121440.6325920118,121420.09970817795,121441.11739473892,121586.9298,121236.357,104282.19164673232,121734.77475266662,121821.45434199997,121350.14323871626,121501.67256652028
4,2018-07-19,121090.4044,121316.3975,121100.89386810483,121078.6164895722,121101.28111429879,121586.9298,121082.06884285716,104189.21763040469,121602.64075573326,121609.91578200001,120953.76258287394,121211.6732760598
4,2018-07-20,120529.8447,121090.4044,120877.62604365799,120868.92140150454,120878.14861597697,121586.9298,120080.0382,104296.82282350825,121470.87316631657,121463.88810799998,120903.0393771491,121080.9446483234
4,2018-07-21,120199.081,120529.8447,120351.84383844823,120357.30028989186,120352.26636653187,119971.6029,119289.81004285715,103879.56912233717,120514.17609533337,120536.94725199997,120175.24965974652,120348.90868165727
4,2018-07-22,120199.081,120199.081,119998.258958892,120015.95927514727,119998.8912776565,119971.6029,118597.62565714285,104199.87427475236,120142.53147533337,120140.98796400003,120254.23601012725,120137.57558686928
4,2018-07-23,120199.962,120199.081,119960.77845744196,119969.3979342669,119961.66023534724,119971.6029,119973.48432857145,104292.5957359113,120133.23369600005,120101.03231800001,120210.2069615743,120104.27953061376
4,2018-07-24,119710.783,120199.962,119971.37303231939,119959.47630059399,119972.11241030256,119383.7058,118571.50955714287,104271.1791581805,120031.45778000011,120009.74938799998,120157.42423271413,120049.45277110273
4,2018-07-25,119265.2819,119710.783,119522.94558758367,119515.40141090087,119523.40816425119,119422.8107,118842.37614285713,104018.35761667443,119508.58576000005,119543.83357399996,119520.16153529503,119514.71623539865
4,2018-07-26,119204.7386,119265.2819,119060.8698613318,119044.3832603983,119061.53171899176,119701.5624,118221.57207142857,104049.51477461727,118748.58983933322,118699.36943199999,118928.4759826389,118907.14969412348
4,2018-07-27,118681.2356,119204.7386,118957.71697859917,118946.98762898926,118958.14411212198,119701.5624,118002.33265714288,104274.28540655537,118678.70455933323,118767.22217799997,118837.17390545066,118820.95536459105
4,2018-07-28,118338.5608,118681.2356,118506.54323965855,118488.23384154955,118506.88451485916,117515.4932,117793.88304285712,103918.46482561584,118239.46513266658,118272.33357000003,118356.83712330529,118361.51203250715
4,2018-07-29,118338.5608,118338.5608,118149.94010982025,118151.3109480011,118150.45458702848,117515.4932,117116.02361428572,104132.7835822794,117958.85552866662,117959.87910800008,118164.02947399807,118091.39865022193
4,2018-07-30,118339.4613,118338.5608,118090.68500906278,118077.91489177223,118091.618554529,117515.4932,117020.70891428573,104203.04874376016,117997.8421973333,117975.90267600007,118154.98338613284,118076.91349174613
4,2018-07-31,117937.6452,118339.4613,118103.6153057433,118086.61320044831,118104.36589740858,117515.4932,116020.83657142858,104179.99567458798,118016.03002599996,117977.19218800006,118102.20065727267,118068.28129457364
4,2018-08-01,117647.613,117937.6452,117751.39187241046,117750.4505963903,117751.81541909114,117539.5717,117688.55175714285,104059.70159209534,117653.32493799985,117728.92638600005,117464.41141498194,117622.72898312402
4,2018-08-02,117204.0507,117647.613,117444.81624970373,117466.54140267434,117445.22589220938,118270.3395,116358.76541428572,104135.14187686202,117359.97626333324,117488.21254200002,117527.97061893166,117451.49609497974
4,2018-08-03,116793.9394,117204.0507,117030.47006013631,117045.32098448728,117030.54109966397,116975.0566,117436.27410000001,104008.03827043908,117064.86865933321,117005.84275999998,116970.9543356383,117027.04799315293
4,2018-08-04,116102.016,116793.9394,116618.3218318257,116621.73914687775,116618.64381835295,116975.0566,117025.58974285715,103991.27563362352,116737.1747886666,116683.55551999995,116785.19199358799,116714.70197637744
4,2018-08-05,116171.5661,116102.016,115969.27393293969,115984.2136838109,115969.47200641372,115329.8751,116874.31752857144,103644.40311158756,115700.57496666658,115754.68205399999,115707.46193893549,115797.41686313767
4,2018-08-06,116171.5661,116171.5661,115976.06978529136,115999.44357812605,115976.59232976862,115508.5536,116247.03982857145,104011.3907892314,115803.30821466657,115835.74051599998,115743.64309011768,115848.79829430343
4,2018-08-07,116171.107,116171.5661,116007.38502125855,116012.06628844318,116007.57355017013,115508.5536,116471.84731428573,104060.24530748035,115758.22763266663,115764.51265400002,115685.95551544095,115818.7498121836
4,2018-08-08,115827.798,116171.107,116003.03089948447,116016.80583791286,116003.03988418687,115508.5536,116020.83657142856,104106.12839353367,115787.0271793333,115802.01893400002,115685.95551544095,115829.9295108957
4,2018-08-09,115844.3076,115827.798,115651.40662727275,115692.39465158976,115651.39645310272,115508.5536,115580.55205714286,104009.56793211757,115717.3054093333,115685.91428000003,115549.9540108431,115653.21802392206
4,2018-08-10,115613.2656,115844.3076,115635.54118634433,115685.6321542947,115635.50397729644,115508.5536,115640.98132857143,104042.76827273729,115757.72693066664,115707.90988000005,115580.25664020322,115674.53857505486
4,2018-08-11,115291.4447,115613.2656,115400.3538719788,115432.57030692637,115400.51566067447,115508.5536,114845.82857142857,103926.90431831646,115525.56996466669,115573.31834600003,115569.19620608923,115509.11215922743
4,2018-08-12,115175.0843,115291.4447,115100.69609732847,115152.14922387346,115100.96829211075,114841.342,113648.48351428572,103942.96265385501,115113.12218733325,115140.56381600002,114932.76851785171,115066.01330968614
4,2018-08-13,115176.1601,115175.0843,114959.64644405602,114997.17310674895,114960.19842407374,114962.7147,115343.81544285714,104049.65562117535,115019.30477399995,115076.02229399998,114932.76851785171,114983.08213286688
4,2018-08-14,115070.2956,115176.1601,114993.7559694133,115015.32118936401,114994.03091494725,114778.4454,115194.05538571428,103992.4313291483,115007.39523000002,115060.17281599996,114870.9397011263,114964.55204016344
4,2018-08-15,115093.0188,115070.2956,114897.35517381634,114919.53644406045,114897.3916827342,115257.1081,115019.41189999998,104002.01780763194,114990.92839599997,115008.83348000002,114815.86197889138,114908.77560631727
4,2018-08-16,114751.6393,115093.0188,114887.19815652516,114903.68921447636,114887.2960299123,114778.4454,114610.87078571427,103937.29418360726,115018.23144733327,115045.72217599997,114905.53532277414,114942.48532819458
4,2018-08-17,114676.0168,114751.6393,114581.48677306868,114585.9384501185,114581.31455749768,114406.91872500001,115505.52881428573,103865.96751644782,114548.241082,114719.82478000004,114464.43487307198,114532.87146839681
4,2018-08-18,114742.9767,114676.0168,114495.72509281631,114488.70034500776,114495.40340763157,114070.85452499999,114148.06444285714,103858.17263948452,114434.243514,114594.35586000001,114477.6014845835,114466.84844786375
4,2018-08-19,114742.9767,114742.9767,114514.62205589148,114507.03839280542,114514.73753710298,114070.85452499999,113936.28717142856,103823.08051676847,114493.66099266663,114657.81425199998,114519.4959914503,114506.73179230746
4,2018-08-20,114743.4689,114742.9767,114526.38886307117,114514.40155295297,114526.57992556367,114070.85452499999,114158.02445714283,103862.13521839763,114530.5546646666,114666.38824399997,114532.39972619321,114525.78531460428
4,2018-08-21,114645.2796,114743.4689,114569.40783639425,114568.72765439084,114569.37148251507,114070.85452499999,113631.59607142858,103823.88920477708,114522.08190466663,114666.95104799996,114467.20719544626,114519.33891816791
4,2018-08-22,113641.0159,114645.2796,114498.18893816204,114501.42334825429,114497.8763445174,114629.4623547619,113875.04764285714,103839.30774593593,114460.47046399995,114568.57568399998,114424.53927509811,114462.1443624508
4,2018-08-23,113606.7373,113641.0159,113574.89676217208,113588.33433810403,113574.3787322781,113375.5522,116085.3422,103054.06219723736,113483.93701066668,113540.76509999998,113439.99995079396,113504.09043318823
4,2018-08-24,113842.356,113606.7373,113466.77705982095,113484.1971783211,113466.69976177339,112775.6858,114209.04148571428,103910.92577367973,113504.55060799993,113496.30530399998,113597.22375149908,113528.65717927337
4,2018-08-25,113901.9847,113842.356,113691.01575121767,113680.70885877272,113690.8873373648,112775.6858,115082.36411428571,103690.28104902766,113728.11759799992,113759.64305800006,113666.0363776039,113691.62094479217
4,2018-08-26,113959.969,113901.9847,113713.90419844547,113680.5906849107,113713.97409250625,112775.6858,113869.69277142857,103774.26510434931,113790.38005999992,113796.18418800001,113860.53092119012,113777.16722203359
4,2018-08-27,113960.2745,113959.969,113759.52377088682,113725.23221270634,113759.70939707129,112775.6858,114729.26851428571,103774.61493725241,113807.21918799996,113798.02516600002,113886.098784007,113806.18339490444
4,2018-08-28,114520.0245,113960.2745,113792.38735049585,113774.64000643339,113792.30220602741,112775.6858,114378.49175714285,103724.91469522197,113793.07541133334,113779.94847999999,113828.41120933027,113798.70887569898
4,2018-08-29,114802.9145,114520.0245,114271.69614406842,114271.89247051155,114271.8926268757,114910.46483999999,116852.86441428572,103333.63686471694,114458.91154933341,114439.38084800002,114563.76164907457,114431.52188963984
4,2018-08-30,115060.4727,114802.9145,114570.67159498151,114558.77105845307,114571.12764094345,114629.4623547619,113631.5072142857,103634.48489077044,114635.85287399997,114626.00458200001,114530.25968480506,114574.9612057527
4,2018-08-31,115127.8996,115060.4727,114824.26579230881,114794.55318806143,114824.90074136593,114963.60149999999,113972.94702857143,103698.3584228554,114965.13598266662,114977.05690400001,114889.63017409609,114883.1064482747
4,2018-09-01,114788.1319,115127.8996,114882.27783028131,114837.70999664658,114883.13127148418,114552.4889,113723.06871428574,103704.66841726807,114888.26956866661,114924.291032,114250.76831289017,114658.91595940113
4,2018-09-02,115455.5253,114788.1319,114564.72256474638,114524.28070245794,114565.52929178446,114629.4623547619,115748.80862857142,103527.67313572216,114562.9278406667,114573.85764000002,113923.333121764,114336.84722162953
4,2018-09-03,115455.5253,115455.5253,115330.34902483577,115229.60889623688,115331.42581702667,114963.60149999999,117496.36171428571,103243.87055359306,115222.19402399997,115204.92435600003,114647.19044449563,115032.99778824416
4,2018-09-04,115534.3935,115455.5253,115249.73607841872,115142.14074325262,115250.77205731938,114778.4454,115677.37505714285,103637.82360793753,115110.13365000005,115104.46459799999,114571.32926498716,114941.20121941327
4,2018-09-05,115266.7973,115534.3935,115327.78983520862,115159.45332765879,115328.43799117558,115257.1081,115851.30917142857,103623.49017621086,115242.74783533337,115207.24836000003,114978.91531337016,115127.03882545412
4,2018-09-06,115068.0943,115266.7973,115074.4231013872,114911.67389862076,115074.91921391268,114778.4454,115600.76718571429,103508.54508955401,115039.14459999996,115039.59335199997,114284.17285522126,114744.99711794732
4,2018-09-07,115124.8366,115068.0943,114855.4539345378,114701.83803623824,114856.17586442833,114963.60149999999,116505.37701428572,103561.02874162878,114909.2771726666,114874.42902600001,114284.84277339526,114631.98599410003
4,2018-09-08,115148.8445,115124.8366,114895.42457750939,114747.77765581422,114896.24114033942,114963.60149999999,118042.53805714287,103545.09493070864,114897.92670599997,114879.07097599999,114344.99548026537,114663.56661402651
4,2018-09-09,115147.7547,115148.8445,114925.96614787845,114774.76413880466,114926.89346835624,114963.60149999999,117828.2575857143,103502.14392199667,114898.52679133324,114845.617446,114341.93914323623,114671.74335779138
4,2018-09-10,115147.8701,115147.7547,114916.22765476655,114745.97565840826,114916.93659042666,114963.60149999999,118294.47054285715,103506.46441917463,114894.02927733325,114829.75991600001,114303.93332735477,114647.97942103208
4,2018-09-11,115368.4879,115147.8701,114939.01358397026,114799.93623539178,114939.75854413924,114778.4454,117791.3452142857,103493.3485554586,114884.3888333333,114868.50023199998,114292.49506102398,114658.94004324969
4,2018-09-12,115060.0617,115368.4879,115105.56758312893,114982.49541511893,115106.63338608854,115257.1081,118019.83784285715,103434.13533688293,115065.27788999997,115092.16907399998,114633.47998355099,114893.75109622329
4,2018-09-13,114897.6011,115060.0617,114818.03849982828,114726.65091092179,114819.07583801752,114778.4454,115583.30728571428,103374.92174090285,114897.70298999995,114883.46139999999,114333.11050850742,114652.48813647639
4,2018-09-14,114718.3108,114897.6011,114654.15284233581,114582.27283239871,114655.2832323747,114629.4623547619,117918.8661,103467.38639324869,114582.07208199998,114604.17290399998,114017.7719223219,114394.03894557354
4,2018-09-15,114710.8089,114718.3108,114487.01198488286,114398.63324153112,114487.7247647415,114629.4623547619,115421.7501142857,103436.92438214338,114486.94949133332,114507.371246,114000.76948110171,114295.4507379887
4,2018-09-16,114711.019,114710.8089,114432.14468445141,114372.8146648554,114433.15112625965,114629.4623547619,119204.02824285715,103485.888434414,114506.46417733331,114546.48338000002,113977.11062386459,114285.4631553511
4,2018-09-17,114711.4077,114711.019,114442.76659062538,114375.72759813852,114443.77235852354,114629.4623547619,118998.11047142856,103506.89832340679,114514.43280933333,114553.34101,113982.50940253728,114290.88993666972
4,2018-09-18,114507.3414,114711.4077,114471.6368644684,114402.13158988889,114472.55242262066,114629.4623547619,115721.83211428572,103489.77449684296,114503.26960733334,114543.77701599998,113870.87674579021,114258.75931433747
4,2018-09-19,114354.2645,114507.3414,114262.24774664638,114186.43537548686,114262.94685196487,114629.4623547619,115337.57661428572,103397.65598492541,114210.71908266669,114210.48200999996,114409.52812149024,114268.8941932146
4,2018-09-20,113955.6556,114354.2645,114081.29453796464,114014.02466602436,114081.94563653547,114181.82586666668,117563.28584285716,103377.02634626553,113793.90554466662,113813.85391000005,113975.15394558903,113927.69471876002
4,2018-09-21,113763.0943,113955.6556,113708.37685652918,113649.00975987548,113708.1542543023,112775.6858,115369.69515714285,103329.68800993884,113318.25632066652,113387.92395000003,113641.05807831268,113536.10805295156
4,2018-09-22,113645.3599,113763.0943,113497.00673187125,113436.07746859308,113496.71562239756,112775.6858,112766.74855714287,103378.38836391596,113308.49938999991,113365.80754000007,113347.2414326256,113363.9394304062
4,2018-09-23,113645.3599,113645.3599,113340.73746911413,113267.62792408594,113340.60961516477,112775.6858,113101.42240000001,103398.54448852656,113254.96126999991,113257.03596800005,113321.07411302853,113281.22110237146
4,2018-09-24,113647.0168,113645.3599,113324.58915645609,113236.42619243122,113324.42126657988,112775.6858,115327.87378571428,103386.18095326869,113281.47143599995,113263.56467800002,113257.53697373449,113258.47820072189
4,2018-09-25,113027.8239,113647.0168,113329.32603706849,113239.50747596093,113329.1019383946,112775.6858,113194.27927142858,103342.84625246441,113306.17782133329,113268.375862,113138.84017179951,113228.17515636458
4,2018-09-26,114561.6102,113027.8239,112769.96790789819,112668.51840489802,112769.27265493899,112336.8823,112429.55247142857,103181.34023191575,112848.39753399997,112792.45786400001,112432.94536804137,112649.9537689798
4,2018-09-27,114072.6327,114561.6102,114018.5787910773,113876.12409764534,114019.40108872131,114910.46483999999,111900.26034285712,102445.11903316366,114344.20821266677,114249.18823799999,114432.58729678924,114217.63986903378
4,2018-09-28,112920.2098,114072.6327,113691.4967990923,113525.03048704648,113691.98522890278,112775.6858,114139.022,103194.86528353138,113358.18150133322,113458.88325000003,113508.01175817996,113463.74124885323
4,2018-09-29,111755.8381,112920.2098,112609.52933816443,112493.85846889326,112609.96004369837,112336.8823,114462.45401428571,102741.86932534093,112746.5078633333,112802.50375599999,112204.79685346295,112481.72106189649
4,2018-09-30,111755.8381,111755.8381,111487.21425681308,111395.11892938946,111487.60501017977,111710.47162000001,112408.10782857145,102809.34201902455,111464.08149866662,111477.20347800004,111365.82460827004,111408.34167877537
4,2018-10-01,111758.1326,111755.8381,111401.74036784338,111298.49438012615,111402.31097967636,111710.47162000001,113385.45464285715,103323.91043706881,111528.24479266665,111511.81001,111447.90629819252,111424.88182366178
4,2018-10-02,111017.9444,111758.1326,111424.98041969667,111275.23799333042,111426.0675265199,111710.47162000001,114201.09555714286,103316.40534362322,111540.54383733332,111509.340336,111322.61477792391,111379.46553619589
4,2018-10-03,110332.6884,111017.9444,110803.7058983319,110639.2399376824,110804.43883832904,109921.3297,110849.08714285713,103135.77721424364,110141.16071200007,110097.90568600003,110150.03800961739,110310.14621976663
4,2018-10-04,109194.9518,110332.6884,110011.8601052179,109825.6383337933,110012.49103822908,109539.865,109408.53325714286,103127.81047077579,109987.46930466674,109963.34499200003,109885.05899572925,109899.38887806311
4,2018-10-05,108900.2962,109194.9518,108911.2535237364,108763.84640635722,108911.65255648439,109061.9084,107330.99265714285,102787.97273808635,108830.56384733324,108809.23128200001,108917.30450780121,108837.23825383054
4,2018-10-06,108689.1781,108900.2962,108544.7131270026,108442.44072396393,108545.43616531105,107880.1208,108478.11614285714,103029.20929088673,108193.34531333328,108263.39618200003,108507.62989285908,108381.13864338543
4,2018-10-07,108689.1781,108689.1781,108318.493778768,108228.6989769546,108319.62094414583,107880.1208,109368.71678571428,102977.46584763285,107753.80820666655,107684.78650200002,108373.97340805402,108118.82686389174
4,2018-10-08,108689.1781,108689.1781,108462.85706003665,108342.54740442801,108463.85034859799,106931.473,107398.77742857144,102844.29827044718,107742.71208066658,107724.79794199999,108378.91877919894,108154.72608809784
4,2018-10-09,108689.3046,108689.1781,108238.88480310429,108119.09588495726,108240.0366124309,106931.473,107856.4498142857,102742.51716086833,107670.83141199993,107613.10322400002,108327.16249157565,108039.02992951094
4,2018-10-10,108279.6316,108689.3046,108163.77571946537,108158.25625438592,108165.63957594108,106931.473,107991.74428571427,102599.56973006643,107701.8940599999,107653.01166399999,108327.16249157565,108062.43760198716
4,2018-10-11,108282.6073,108279.6316,107758.50683825395,107777.02095832997,107760.20335972928,106931.473,108260.59377142857,102478.0909175724,107264.36738999997,107259.11490600006,107847.69693518344,107629.69509450445
4,2018-10-12,108183.7312,108282.6073,107743.9820318474,107733.37067233823,107745.73105256761,107880.1208,108519.27644285714,102174.35646900412,107532.78534599999,107544.78388800002,107964.80700899285,107743.65434244368
4,2018-10-13,107807.9005,108183.7312,107659.71061485096,107585.19555229791,107661.1736757966,107880.1208,105501.6677857143,102106.32781844004,107563.21733199999,107604.20485400004,107911.10455121339,107686.5058118371
4,2018-10-14,107807.9005,107807.9005,107293.03836072041,107213.33715068286,107294.56883597796,106979.4091,107356.30352857141,102253.91721853087,107082.71467933326,106992.52395599996,107449.5243001993,107248.52537673847
4,2018-10-15,107808.4772,107807.9005,107266.15296139545,107185.65613410424,107267.7982257539,106979.4091,105771.32567142857,102092.81720757163,107152.97371199993,107086.15488599997,107429.03221189306,107255.88735266576
4,2018-10-16,107638.7125,107808.4772,107307.04367481766,107185.81110840203,107308.30744759928,107447.1441,106284.72772857144,102063.16155017127,107221.88865666662,107202.24910399997,107368.83741279374,107258.84572595412
4,2018-10-17,107554.085,107638.7125,107152.35427672524,107011.54228525319,107153.21791686998,107447.1441,103843.69925857142,101891.21789133288,107071.09755999994,106982.49313199997,107307.66361461782,107130.10115329032
4,2018-10-18,107460.8922,107554.085,107061.67349645631,106882.98632920475,107062.256396769,107447.1441,104037.50161428572,101754.5482445354,106976.64815399995,106950.05761599998,107377.58698943113,107079.07382421194
4,2018-10-19,107273.8367,107460.8922,106976.47000321555,106794.08372462135,106976.73752780774,107447.1441,103277.75055714286,101652.04842781936,107151.10980399995,107012.76616999999,107361.55067160184,107102.24806674104
4,2018-10-20,107391.162,107273.8367,106814.3052619587,106639.20745595735,106814.00783823698,107447.1441,102250.1632,101608.82549684969,107222.8428113333,107034.229348,107347.55921259169,107069.86982662744
4,2018-10-21,107391.162,107391.162,106907.59190674752,106750.91105760437,106907.26107733537,107447.1441,104254.53657142857,101535.21210233084,107277.07109866658,107185.53984799999,107395.28016378733,107141.08744001943
4,2018-10-22,107391.5056,107391.162,106940.87189345644,106789.47441155266,106940.29127698722,107447.1441,103394.44563428572,101469.95918399515,107225.6768459999,107106.984836,107408.18389853025,107141.11171869427
4,2018-10-23,107243.4868,107391.5056,106986.7027408472,106850.11614566407,106985.90299542023,107447.1441,103369.39658428573,101457.46618422054,107214.74673933328,107132.26068799998,107356.42761090696,107140.43016530143
4,2018-10-24,106912.6037,107243.4868,106877.98153560805,106750.10880733962,106876.86159995495,107447.1441,102580.57382285714,101388.52498021192,107133.3446786666,107005.74326599999,107321.65507362798,107068.36951987806
4,2018-10-25,107020.846,106912.6037,106578.96073174065,106477.77329108928,106577.12062936726,105888.9744,102331.95304714284,101491.60841215476,106274.19310200012,106400.32909399999,105980.13745204387,106244.03461504442
4,2018-10-26,107501.568,107020.846,106666.31740833727,106587.98436926058,106665.77234605048,107447.1441,102503.06655428573,101344.64604619215,107189.24433199993,107130.586602,106983.55086614181,106920.25985580077
4,2018-10-27,107342.9945,107501.568,107139.06377720025,107038.52366204934,107138.56975981453,107410.6429,104446.14161142857,101778.88618978801,107498.04334000005,107546.14609200001,107359.31694397399,107298.62798200779
4,2018-10-28,107342.9945,107342.9945,106988.68064284053,106865.61375927886,106988.45964961161,107410.6429,103074.11016571429,101141.37779816228,107482.9024713333,107578.010424,107434.13418164742,107260.88347075321
4,2018-10-29,107343.1122,107342.9945,106952.99957485283,106816.47728216901,106953.30797521757,107410.6429,101250.06188000001,101002.11544709653,107519.52705399998,107636.20922200002,107417.43569157098,107251.14667591332
4,2018-10-30,107452.0063,107343.1122,107018.27012981847,106896.96973713156,107018.20751097496,107410.6429,100491.05354714286,101028.20384332331,107510.6558306667,107642.75407000001,107406.9450949674,107271.52355425521
4,2018-10-31,107568.7185,107452.0063,107150.71550176751,107052.67416406414,107150.44911860574,107410.6429,100899.59455000001,101085.50227221557,107545.02399533338,107695.02154400002,107407.47729111022,107335.05848350258
4,2018-11-01,107915.2455,107568.7185,107255.27095184289,107148.10584334287,107255.1879233511,107410.6429,100770.70993714286,100968.23898222068,107571.72249333338,107701.79654200001,107134.81507513873,107284.88113727164
4,2018-11-02,107808.0204,107915.2455,107572.16065226827,107425.1953082537,107572.33585948555,107410.6429,109183.19594714286,101273.15314988782,107886.7874400001,107996.40788799999,107390.23794199449,107567.40689674944
4,2018-11-03,107800.6162,107808.0204,107430.95466764955,107241.97029771948,107431.65911623026,107410.6429,98995.64505,100758.71446938776,107703.99225666674,107735.36117799999,107378.10211600683,107441.35489013103
4,2018-11-04,107800.6162,107800.6162,107398.26103491621,107218.12665673878,107399.19695956811,107410.6429,101726.10074571427,100702.61548974644,107692.36912000003,107712.976036,107407.96642231532,107439.48739968472
4,2018-11-05,107801.0405,107800.6162,107416.80085627176,107233.49770535996,107417.75172724102,107410.6429,101978.87841571428,100652.96001561824,107697.81016333337,107785.863292,107413.36520098802,107448.22435656044
4,2018-11-06,107702.6708,107801.0405,107477.94681483446,107288.22200378972,107478.6012566941,107410.6429,101091.35517857142,100648.76656169104,107703.07435600007,107787.79506,107391.25516059113,107460.85050679363
4,2018-11-07,108946.7119,107702.6708,107407.59541134693,107205.07067194348,107407.94871139589,107410.6429,101491.00652142857,100531.66734862498,107506.38105066672,107605.05068799999,107404.90835525158,107372.12002595393
4,2018-11-08,109034.1241,108946.7119,108485.08475047737,108258.66164032444,108486.29386046848,109155.3764,107748.28530714285,102437.71504214955,109083.95363600006,109023.774732,108706.51276081956,108683.04267904803
4,2018-11-09,109023.0492,109034.1241,108631.67165870949,108399.80599213383,108632.74480331056,109155.3764,104197.48933999999,101211.81898327231,109006.87467533338,108882.64391799997,108544.56199858102,108650.41422201607
4,2018-11-10,108934.4304,109023.0492,108622.80777264929,108403.8938196975,108624.16128673402,109155.3764,102959.31988428571,101290.52576752806,108954.6305206667,108873.76449999996,108537.69740103572,108632.07391379999
4,2018-11-11,108934.4304,108934.4304,108529.73785577758,108328.79725646958,108531.21406821457,109155.3764,104444.89436714286,101230.88330473198,108885.54464400004,108771.018124,108567.1193797562,108593.82042674195
4,2018-11-12,108935.8304,108934.4304,108557.10278880301,108361.3028305051,108558.31135785497,109155.3764,104998.83945714287,101181.8194962623,108957.38431400005,108788.36568400002,108572.5181584289,108630.40176764468
4,2018-11-13,108914.7982,108935.8304,108620.81890555826,108422.96620106179,108621.90112392693,109155.3764,105005.70417142857,101078.27141231764,109037.63255200005,108968.18400599998,108610.50430048764,108690.36768451649
4,2018-11-14,108895.6975,108914.7982,108644.61882320562,108447.87132779612,108645.36807094334,109155.3764,101665.97112,100738.88505062355,108886.7518533334,108883.331884,108604.16238244816,108646.26185452589
4,2018-11-15,108604.5819,108895.6975,108545.7692855658,108332.3717162407,108546.65563961247,109068.1292,102204.31146,100638.60060349887,108890.7242933334,108867.83518400001,108604.16238244816,108609.0861306741
4,2018-11-16,108536.0765,108604.5819,108283.45876830933,108073.09402514472,108284.21454919585,109114.1167,101219.41951857143,100748.77751648285,108485.24872666679,108535.444342,108241.803233787,108266.71532853284
4,2018-11-17,108529.0268,108536.0765,108198.5041089146,107998.47224099388,108199.27700372846,109114.1167,102414.88703428571,100604.93061607874,108532.67298733337,108532.83994600002,108261.06592123951,108264.07038318891
4,2018-11-18,108529.0268,108529.0268,108174.83792571325,107977.53017419096,108175.53946439187,109068.1292,102437.07519999999,100574.83010402172,108509.87487933345,108500.09502400001,108261.5757823069,108249.66027861043
4,2018-11-19,108529.8479,108529.0268,108189.25458218284,107990.1051989476,108189.9734493279,109068.1292,102709.10641428572,100559.87158287302,108518.96861333343,108547.13853,108266.9745609796,108258.68279108686
4,2018-11-20,108468.7736,108529.8479,108225.91904220231,108021.0127585664,108226.45365313848,109114.1167,101935.93261428572,100591.33252806094,108578.42063200004,108551.94077000002,108290.35311460207,108296.59550172284
4,2018-11-21,108688.4493,108468.7736,108135.90307385866,107997.03042260086,108136.86482737656,109114.1167,102492.95995714286,100581.97413434871,108379.3252913334,108423.18381400005,107985.0923983867,108120.482704107
4,2018-11-22,108669.4875,108688.4493,108283.9849230785,108151.45287027351,108285.04627048141,109068.1292,102196.92918999998,100791.21141872216,108852.67862400014,108813.974662,108378.72754156691,108460.95301194687
4,2018-11-23,108608.3365,108669.4875,108289.43677052115,108155.60560477649,108290.14989605955,109114.1167,102469.87070714285,100498.51089937417,108704.93077133346,108634.995932,108351.601680388,108404.04601883264
4,2018-11-24,108475.073,108608.3365,108229.05946372365,108091.79451210199,108229.70660828633,109114.1167,102581.93570428572,100524.59451144685,108509.71346800005,108489.63484399999,108241.98600991609,108281.16466333938
4,2018-11-25,108475.073,108475.073,108075.53597783658,107945.516740869,108076.52332626356,109068.1292,101237.04961714285,100510.72096554871,108415.10253866675,108373.68969800002,107983.2611737347,108114.62681775681
4,2018-11-26,108476.873,108475.073,108083.15413634073,107949.15537557461,108083.88784853547,109068.1292,102204.31146,100464.18723524977,108492.93198866677,108494.338438,107966.3197028003,108136.13568901388
4,2018-11-27,108351.8604,108476.873,108125.38561555544,107979.19389448561,108125.84598839187,109114.1167,101935.9326142857,100496.64564686388,108536.2903026667,108505.370154,108004.30584485905,108173.26334733712
4,2018-11-28,108281.924,108351.8604,108014.85470529065,107862.53190091914,108015.10529378995,109114.1167,102106.91177142857,100445.16473068914,108385.17442333342,108439.98585000001,107962.19746685168,108069.96793036808
4,2018-11-29,105847.3593,108281.924,107902.39524816781,107730.71852693436,107902.58606052265,109068.1292,102576.2425857143,100389.08660424412,108337.26305800007,108357.34886600001,107981.65869904474,108016.54676132639
4,2018-11-30,105215.8358,105847.3593,105750.67090756322,105588.97589943116,105750.138386599,106198.0588,103902.4815457143,102301.97693885994,105556.98041866666,105566.550328,105435.19112941106,105527.04914916963
4,2018-12-01,104685.4449,105215.8358,104988.8379755352,104856.20761422932,104989.23913651577,106198.0588,104552.44454285713,102089.64551711793,105212.22896533333,105172.84248000005,104869.061014281,104979.16586461455
4,2018-12-02,104685.4449,104685.4449,104446.2076642995,104285.72095286493,104446.77851976402,102823.4104,105883.24392857144,102217.73928341066,104220.0493626666,104281.14057799999,104331.52589714908,104279.09873756021
4,2018-12-03,104687.6832,104685.4449,104379.71887050208,104193.23550655201,104380.62601396376,102823.4104,107264.49628571428,102019.88685588397,104314.78048266663,104338.19007,104338.59208181968,104282.20269034611
4,2018-12-04,104231.4687,104687.6832,104356.61835295147,104151.24487638618,104357.5648536927,102823.4104,107256.85185714286,101908.01800216456,104306.98238333326,104265.58542600002,104366.202176372,104274.80981203048
4,2018-12-05,103757.5251,104231.4687,103869.71985526658,103696.91171388958,103870.61628060378,103288.1536,105385.61092857142,101924.5515944518,103570.7077093334,103601.29836199996,103696.27668610837,103654.63203644379
4,2018-12-06,103285.056,103757.5251,103289.22876485123,103176.28859467241,103289.85523076517,104083.2005,103006.72950714284,101360.50333473693,103526.35816933337,103501.63435800002,103328.56726833105,103343.73801077895
4,2018-12-07,103676.895,103285.056,102866.33879924886,102829.74214579759,102868.16826903282,102623.95321250001,99788.58531571428,101112.18548743824,102891.8528743333,102894.01648673335,102892.97758812088,102871.52420275059
4,2018-12-08,102912.9089,103676.895,103165.8828253158,103123.90434702349,103168.26226060747,103745.59245,98945.18785142856,101049.50436064052,103622.57718933334,103644.60422533336,103375.0917567344,103373.85776436375
4,2018-12-09,102912.9089,102912.9089,102496.83717261947,102457.09237141482,102499.00411794859,102623.95321250001,102599.31058571428,101802.23259381436,102822.34220399994,102843.3604356667,102757.00212256066,102678.81223265846
5,2018-12-10,102913.5314,102912.9089,102564.41584062549,102565.68032435622,102565.78447890494,102784.9992230769,100337.34983142857,102280.88765248554,102887.9596748,102919.41527000006,102783.08660503937,102745.57553473186
5,2018-12-11,102810.2863,102913.5314,102556.03040019014,102544.93916740178,102557.43445306785,102784.9992230769,100016.06264,102165.81540136383,102798.19732800002,102810.39510800004,102712.3478918874,102685.16146242974
5,2018-12-12,102607.7771,102810.2863,102445.60151075028,102447.88112157262,102447.14166721478,102784.9992230769,100182.34441428572,102001.9666197355,102767.55142799999,102808.11960800005,102681.24524788931,102632.2259324873
5,2018-12-13,102528.1368,102607.7771,102272.28895730813,102178.62925579725,102273.27532538676,102399.7866,99888.11294428572,101924.40893218365,102353.07718133337,102375.999462,102618.13201672926,102383.27948461997
5,2018-12-14,101665.6689,102528.1368,102198.70756047552,102085.74002224572,102199.6528036638,102399.7866,100600.48159714286,101749.28787542638,102381.14950200007,102384.20522799996,102640.4519684166,102369.11383088748
5,2018-12-15,101318.6242,101665.6689,101356.59979488756,101202.103678322,101357.08607955537,101697.5919611111,100997.28644285713,103618.48680116123,101509.25995533331,101515.80713,101615.03716380881,101442.13359915471
5,2018-12-16,101318.6242,101318.6242,101010.94283130374,100891.23905879924,101011.59602029152,101362.72615,100531.56025000001,102376.50664348992,101127.2702626666,101055.495276,101019.00563619593,101012.50498588727
5,2018-12-17,101319.0809,101318.6242,101001.22760165538,100871.08610678621,101001.99242041181,101362.72615,100218.25555714285,102109.45597474722,101203.53151533326,101176.80471999999,101044.40546465466,101039.67436225805
5,2018-12-18,101270.857,101319.0809,101022.5484870779,100864.93078769952,101023.1228509351,101362.72615,100730.29279857142,102120.08417675504,101174.33913866658,101189.061266,100919.82819673914,100986.36604103509
5,2018-12-19,100823.7337,101270.857,100975.49787616178,100810.81281786693,100975.96052658939,101074.54055,100193.30064285714,101980.05333201458,100913.41476799992,100864.10173400001,100900.49052508961,100874.9060369855
5,2018-12-20,99816.39675,100823.7337,100543.5995056623,100390.34559530033,100543.74368126648,100557.459,100670.86903714285,102502.67807137758,100722.61113000005,100754.73647999998,100675.53538991799,100596.16403840612
5,2018-12-21,99535.95965,99816.39675,99572.2873043391,99487.71052331937,99571.87517147549,99453.78835,101936.58926714284,103943.89111369864,99632.19103833321,99685.13766700003,99641.4928414303,99587.1314676943
5,2018-12-22,99473.81391,99535.95965,99314.30747667028,99256.41906054033,99313.70456252826,97724.39232,99854.72621714287,102387.42878439861,99195.81134433333,99155.20008960005,99455.45581442314,99302.56207309895
5,2018-12-23,99474.69626,99473.81391,99257.99079160253,99213.83951607558,99257.47506648186,97724.39232,99856.68506714285,102235.85568109638,99058.29284446665,99036.5076494,99394.21280910101,99222.11505654774
5,2018-12-24,99474.81992,99474.69626,99271.02490285176,99233.17020556047,99270.46269428563,97724.39232,99518.82002714287,102182.00349078771,99071.65324686664,99049.44034020002,99404.22225321524,99236.34856854744
5,2018-12-25,99274.18868,99474.81992,99442.45671920887,99418.846384149,99441.06239658207,97724.39232,100016.95465428571,102113.37336737828,99049.48416913333,99004.83162479999,99298.28378318856,99255.53811215697
5,2018-12-26,99274.75118,99274.18868,99260.89321788735,99291.0190455626,99259.05744921717,99019.258695,99564.00159571428,101878.91889120187,98907.95283,98935.12854339999,99061.90498320574,99086.95895292278
5,2018-12-27,99274.75118,99274.75118,99111.5607090604,99236.67833036119,99110.10350956865,99002.96114,98762.31057428572,101299.66316292218,99022.82727006664,99018.64456819996,99136.5525047973,99132.01936840838
5,2018-12-28,98719.77606,99274.75118,99187.45901560187,99352.05977106992,99185.4864031368,99175.59052,99019.52787571427,101068.7627735173,99017.62172373329,98979.0231178,99122.51946052175,99164.06698510832
5,2018-12-29,98609.9344,98719.77606,98593.14509331765,98626.44456665844,98592.42387319956,98527.65995666667,98737.42504571429,102133.9890098166,98531.20545620003,98500.88987619997,98570.54558144965,98576.06520143604
5,2018-12-30,98633.33489,98609.9344,98441.80276031433,98461.90956686584,98441.5805392047,98527.65995666667,98604.08360999999,100894.00556566809,98529.29341606665,98551.72161719996,98635.14411987104,98542.1157009345
5,2018-12-31,98633.33489,98633.33489,98451.91077215575,98444.4171562788,98452.0313562689,98527.65995666667,98880.2783,100816.21777596918,98521.18870159998,98540.56566379998,98645.15356398527,98536.91980728802
5,2019-01-01,99178.60851,98633.33489,98623.54397998478,98608.61131836611,98622.94165613431,98527.65995666667,97655.96953285714,100989.22473213237,98510.02090440004,98520.27888939997,98613.61025394913,98577.41415890509
5,2019-01-02,99620.16357,99178.60851,99021.43546430062,99012.96786266578,99021.17217261887,99130.02242,99306.44420857143,102365.90980402366,99093.15825933333,99108.72982880003,99194.51235726621,99100.21282642178
5,2019-01-03,100064.2386,99620.16357,99442.78428955017,99357.43819371761,99442.59371440497,97724.39232,99176.25525571428,102045.12804951477,99530.72749119991,99280.44243000002,99631.7568099769,99506.64083163148
5,2019-01-04,101005.5512,100064.2386,99838.52673246796,99721.96067913057,99838.63521050969,100059.8014,99322.91645714287,102196.85946185146,100803.82234246655,100583.69873020002,100038.27508325734,100188.01936828483
5,2019-01-05,100998.8489,101005.5512,100765.95194991467,100642.66983725419,100766.3242747411,100963.0753,102157.03231,104137.253301098,101112.68077066663,101081.51379600001,100999.74872979688,100918.3664459059
5,2019-01-06,100998.8489,100998.8489,100819.94235777698,100710.19340424135,100820.04250358905,100963.0753,101848.8049142857,102416.11664196441,101094.26035399997,101034.65997399995,101032.14261709862,100945.53212511331
5,2019-01-07,100998.9322,100998.8489,100827.48989709739,100702.8692302553,100827.88909985291,100963.0753,102135.73984285715,102272.96720381617,101093.43978133328,101040.04298399999,101028.05178061713,100941.4535974019
5,2019-01-08,100476.6307,100998.9322,100908.43047346955,100793.06509700969,100908.26823870643,100963.0753,102317.87478571429,101899.85954808799,101135.4004926666,101085.010494,101008.69224796811,100979.05261254813
5,2019-01-09,100562.3416,100476.6307,100448.64733504511,100346.0277419431,100447.9542312101,100421.5504625,96228.88311571428,102064.88199780033,100486.73841799995,100526.7560002,100437.3457092997,100423.37062308092
5,2019-01-10,100747.9252,100562.3416,100525.27506327307,100426.80040636726,100524.37968430683,100576.61123333331,100114.76731571429,100787.94383355396,100517.38082579999,100491.64276999999,100552.94179472575,100499.04100896434
5,2019-01-11,100784.5501,100747.9252,100732.93064099953,100582.22302449813,100731.65307478874,100765.15045999999,98860.39899285715,100755.753895122,100752.65517473336,100765.79019000004,100866.04616354099,100733.6414542575
5,2019-01-12,100806.6366,100784.5501,100755.84006996811,100586.85980288159,100754.26990170965,100765.15045999999,99961.51496714285,100485.09316488015,100819.34207599997,100790.18162800003,100867.33199116161,100757.84462334773
5,2019-01-13,100806.6366,100806.6366,100742.2821103283,100554.35419925855,100741.32893198701,100765.15045999999,101411.98290000002,100356.75681891499,100877.48139866671,100803.12808800004,100884.34226929052,100772.05928907193
5,2019-01-14,100806.853,100806.6366,100746.24356932932,100567.1359552799,100745.43108876192,100765.15045999999,99404.64141857142,100296.33108733082,100877.70417533333,100827.71350800004,100892.26071313908,100779.03361458411
5,2019-01-15,101025.0485,100806.853,100766.19744212282,100643.75141666004,100765.33995484386,100765.15045999999,101359.79423428573,100455.75954483662,100916.28433999997,100862.54203200003,100905.34252492673,100821.79276052892
5,2019-01-16,101155.6032,101025.0485,101000.91857157236,100930.408335039,101000.20874867076,101394.2978,98863.90583285714,100963.6972371866,101099.8449586667,101042.01455200004,101075.13125672055,101035.12818347542
5,2019-01-17,101831.7815,101155.6032,101116.13062769346,101067.85175148024,101115.62441515626,101045.2772,99102.78435714287,100812.11738633267,101172.40890400008,101206.50795599999,101070.25188086441,101103.50417878157
5,2019-01-18,101908.9029,101831.7815,101749.92917769744,101756.66384582294,101749.65144085581,102151.75668000002,99283.48367428572,103109.48599590184,101954.78849666659,101971.68972200001,101915.77850595953,101875.74361614969
5,2019-01-19,101897.6408,101908.9029,101830.2946288696,101824.01476504949,101830.28780453495,102151.75668000002,100498.02902714287,101397.32891128637,102115.06887666663,102111.63607399998,102039.43528869901,101992.8396434717
5,2019-01-20,101898.2469,101897.6408,101801.80981079879,101805.41670598729,101802.02018082667,102151.75668000002,101398.62030571428,101270.89080745199,102113.75496333334,102143.13643800003,102012.36067572006,101977.1774483469
5,2019-01-21,101898.2469,101898.2469,101820.11903378446,101829.13877640825,101820.30660223708,102151.75668000002,100464.22399142857,101216.89575334176,102116.02279666672,102120.51000000002,102022.37011983429,101989.17723096976
5,2019-01-22,101841.2994,101898.2469,101869.59129811455,101851.4849479726,101869.43728626735,102151.75668000002,100045.69848285716,101124.88710855992,102131.36393866666,102135.458042,102058.47800885997,102013.77563183308
5,2019-01-23,102393.0582,101841.2994,101822.24543481228,101796.50033094877,101822.030900104,102151.75668000002,100803.48466428572,100892.40397975777,101998.67441799998,102013.18506600002,101839.08938636002,101878.08804510294
5,2019-01-24,104759.9772,102393.0582,102346.91322076118,102324.38765725105,102346.6637266952,102655.08571904762,100314.00162142856,102617.49820662597,102584.70382866668,102653.54181800004,102600.06694643473,102503.05281078415
5,2019-01-25,104864.5858,104759.9772,104635.07508328244,104605.18719426006,104634.33844487333,104529.6393888889,105017.64552857142,104358.95726856487,104482.01257733327,104636.799804,104632.31942343236,104573.17306500855
5,2019-01-26,104893.5124,104864.5858,104787.59190189592,104698.48411560031,104787.09038490204,104529.6393888889,101469.7117,103703.52904781325,104471.91544333323,104508.28053600003,104528.76575830365,104566.38843907906
5,2019-01-27,104893.5124,104893.5124,104778.46751841919,104710.19027093587,104778.47433551004,104529.6393888889,103018.0993,103892.55563880745,104511.99542933323,104596.886838,104503.78214559036,104575.3226152865
5,2019-01-28,104912.2324,104893.5124,104791.81650977985,104728.56831405054,104791.8916108099,104529.6393888889,102805.82544285714,103869.4109246369,104536.8732493332,104588.72836600002,104511.70058943893,104592.38071760756
5,2019-01-29,104946.1502,104912.2324,104858.4212916719,104792.26905751688,104858.34032847048,104248.9051,104746.16907142857,103662.92833609149,104420.37134333314,104421.53973200003,104561.90875906033,104591.51638663678
5,2019-01-30,104950.9923,104946.1502,104947.15254647375,104857.48276605383,104946.82014892325,104248.9051,102804.68642857143,102992.2238923411,104407.98838199984,104417.31481800003,104570.1543617424,104611.87516993203
5,2019-01-31,104973.3794,104950.9923,104959.69619388702,104868.06505441372,104959.30452698508,104529.6393888889,102604.20167285715,101891.86268191597,104468.94525933318,104457.76855400001,104555.59510621868,104630.86847332185
5,2019-02-01,104987.7955,104973.3794,104875.6244643981,104708.09592459866,104875.19869456442,104529.6393888889,100638.22706714286,101382.55239404865,104513.44311799991,104566.43908000004,104561.95192581089,104594.49698946982
5,2019-02-02,104802.772,104987.7955,104873.67994078099,104714.29450294713,104873.44041653736,104529.6393888889,101073.57661142857,101508.74377610315,104478.35998866658,104524.12276200004,104554.03348196232,104582.22932452534
5,2019-02-03,104802.772,104802.772,104691.52641009276,104558.13298232523,104691.35803065033,104529.6393888889,100290.00679142858,101537.08448964467,104452.8625566666,104543.812052,104522.0347819271,104511.01010697296
5,2019-02-04,104803.1905,104802.772,104701.51142135366,104579.19698883739,104701.3274676289,104529.6393888889,101665.3503357143,101473.81355290611,104452.24476133325,104546.03186400002,104536.9683130976,104522.80335442275
5,2019-02-05,104798.9277,104803.1905,104730.96472113098,104606.4391957727,104730.63788431465,104248.9051,100799.16440571428,101558.63304300429,104352.30338333314,104479.91733400004,104565.46909829298,104508.07055913295
5,2019-02-06,104594.6982,104798.9277,104714.28878341624,104615.94251433662,104714.15302488668,104248.9051,101431.44825285715,101548.45126548893,104380.60881933317,104515.34141000001,104546.13142664345,104514.22758677109
5,2019-02-07,104287.2551,104594.6982,104448.36769434929,104458.94640618483,104449.16054066533,104529.6393888889,100231.52038714285,101682.65446557236,104374.06630466656,104481.45042600002,104305.64870470401,104379.55380518513
5,2019-02-08,103527.0607,104287.2551,104135.00657109001,104157.22986700467,104135.81625424423,103758.7011,99809.18937142858,101816.19038916068,103969.07031333333,104019.009906,103999.98178991735,104042.09399008512
5,2019-02-09,103503.7998,103527.0607,103387.84390019206,103430.668748035,103388.66377309553,103119.4376,99385.82673428571,103283.90547893057,103035.60404533322,102962.03963800002,103197.93172068319,103221.40150468379
5,2019-02-10,103503.7998,103503.7998,103334.6260830571,103383.63044113255,103335.54926653091,103714.77906153846,101601.62435142859,101764.83168062825,103089.87411199999,103062.78420700002,103273.76237302809,103249.08897538688
5,2019-02-11,103503.7998,103503.7998,103345.34595715442,103370.0777045339,103346.14657752175,103714.77906153846,102452.18130000001,101741.76148191855,103098.93192333334,103083.59282700004,103283.77181714232,103250.92714833653
5,2019-02-12,103417.6202,103503.7998,103359.46277953393,103368.06107256352,103360.05619992713,103714.77906153846,102350.9702,101695.53369691024,103086.76018266664,103057.58329300003,103312.27260233769,103255.69795252262
5,2019-02-13,103380.7932,103417.6202,103256.27009734859,103260.84086947286,103256.78775986948,103714.77906153846,102625.45964285715,101463.0307379217,103036.56069599996,103000.45822600003,103284.02089106702,103193.80748551327
5,2019-02-14,103268.4249,103380.7932,103178.9182075969,103197.89687810648,103179.55608699874,103714.77906153846,102187.51359999999,101239.81572909908,103120.98561266661,103092.23885200005,103283.06093861387,103200.64780979564
5,2019-02-15,103231.0882,103268.4249,103051.66949021672,103085.07188596924,103052.26835368384,103155.6173,101064.2401842857,101029.14064839492,103194.28485199992,103137.47946000006,103279.34605091301,103186.23426296073
5,2019-02-16,103120.6787,103231.0882,103017.38462426474,103066.309775483,103018.20889120096,103155.6173,100734.41540000001,101080.29196104936,103220.66175333326,103182.96174600002,103256.14751981774,103181.039682878
5,2019-02-17,103090.1377,103120.6787,102894.98024869536,102925.54232649667,102895.81722419825,103008.68641481482,101326.78958285715,100982.10940730128,103159.53270333324,103151.30699800001,102956.92978089597,103014.0016035753
5,2019-02-18,103090.1377,103090.1377,103007.09012811171,103001.29858525931,103007.35113226064,103008.68641481482,100310.16382714284,101005.84446107305,103038.52132599993,103057.96481400005,102956.92978089597,102998.91656405172
5,2019-02-19,103090.1377,103090.1377,102878.0337007943,102864.1185415963,102878.61824348167,103008.68641481482,101709.13139428571,100907.56475122453,103054.51283866662,103105.17703600001,102975.33577334842,102964.65571787044
5,2019-02-20,103085.1442,103090.1377,102871.57455168183,102826.97793707,102872.0849929307,103024.1970875,101688.36142714285,100817.23880410982,103013.79971666666,103090.10515,102918.59636283922,102919.79133885862
5,2019-02-21,103064.1905,103085.1442,102842.04489159415,102760.09888228831,102842.53712002114,103024.1970875,100915.13997999998,100772.9622922533,103000.24054199996,103060.24336400001,102923.8464574568,102894.72862724836
5,2019-02-22,103179.9137,103064.1905,102812.91045780682,102689.42494615293,102813.35732193496,103024.1970875,100557.15623285715,100717.00176095396,103031.07553866666,103108.55923000003,102905.06974624291,102875.19007702083
5,2019-02-23,103214.3464,103179.9137,102919.94874873188,102813.0580754189,102920.25023261091,102806.2508,100709.84870857142,101079.61986736952,103116.06672400002,103045.04407199999,103216.43565893586,103048.52015278493
5,2019-02-24,103255.787,103214.3464,102953.88292026783,102847.27753072017,102954.24393469223,102806.2508,101769.1027057143,100947.54230398878,103116.51895466665,103059.85971599999,103247.37580545245,103070.39076361309
5,2019-02-25,103255.787,103255.787,103012.8944916451,102907.77469139299,103013.1842517852,102561.47056666667,101746.42747142857,100952.40792253538,103111.85972399997,103073.46398999996,103255.29424930102,103091.64288823132
5,2019-02-26,103111.9419,103255.787,103045.88213527891,102939.17685504656,103045.97599642469,102561.47056666667,101395.82317999999,101011.23072245822,103064.19086933331,103065.44804399999,103227.87127526652,103077.0796665488
5,2019-02-27,103624.1668,103111.9419,102914.53564703705,102816.03186237722,102914.57368574096,103024.1970875,101024.20744857143,101005.27212724941,102992.4516313333,103070.46272133333,102914.19524055136,102907.5595780873
5,2019-02-28,103729.1281,103624.1668,103385.48111210518,103272.7400005532,103385.64787307708,102561.47056666667,101385.47092857142,102432.68138877678,103429.19191266663,103526.25293600002,103568.54263206008,103423.49151509331
5,2019-03-01,103911.3286,103729.1281,103511.55226162764,103384.58911792564,103511.6225985079,102806.2508,101736.80094285714,101202.82906941266,103511.59747066673,103582.65076000003,103472.99598223536,103456.39419027591
5,2019-03-02,103958.9552,103911.3286,103691.01036835132,103560.24210600823,103690.99820430661,104104.6651,101542.41302857142,101552.4626134547,103874.43048733336,103867.15869200003,103776.03861660868,103736.90373665009
5,2019-03-03,103958.9552,103958.9552,103746.78197398837,103625.6928508664,103746.71196408407,104104.6651,101691.62475714285,101320.92937922262,103915.64762200006,103928.35469600001,103806.97876312527,103782.77307866391
5,2019-03-04,103959.1552,103958.9552,103767.02723472303,103649.95203642893,103766.92241534144,104104.6651,101365.54371428571,101225.61152181197,103939.56375733344,103944.42674000001,103814.89720697384,103801.47100024541
5,2019-03-05,104117.7204,103959.1552,103815.01482338477,103711.91860258163,103814.62489915916,104104.6651,101600.65403714286,101269.29565970137,103875.3787126667,103890.20410399997,103804.28560823883,103797.19430782906
5,2019-03-06,104116.5628,104117.7204,104003.57954560062,103910.37389744511,104003.02481956065,104104.6651,101618.39712428571,101391.83678591436,103918.25704400007,103984.12773999998,103932.94918395655,103920.52670846724
5,2019-03-07,104428.799,104116.5628,103993.06654355499,103891.21521486837,103992.39842154316,104104.6651,101534.10672857144,101094.92247753609,103895.72075400005,103934.07908999998,103908.73213645088,103898.55603510643
5,2019-03-08,104255.1658,104428.799,104283.6363363077,104173.42328796962,104283.14436254089,102823.4104,101716.73259999999,101759.39247525025,103907.0150839999,103917.33364800003,104345.55341715147,104141.99726304032
5,2019-03-09,104279.7467,104255.1658,104123.58872102585,104009.89364493128,104123.14260778548,104536.8668,100679.29368142858,101257.09622729808,103868.87509133335,103825.06157799995,103984.788417319,103954.51905119454
5,2019-03-10,104279.7467,104279.7467,104129.68760287215,104028.23787071009,104129.48775913395,104536.8668,101862.72766285716,101127.25821116296,103920.03150533338,103751.377732,103982.00004172852,103976.75647259066
5,2019-03-11,104279.7467,104279.7467,104153.3879333891,104054.83150146098,104153.13034498533,104536.8668,101411.51268999999,101073.50150705014,103904.13741466672,103767.205018,103989.91848557709,103982.96246723493
5,2019-03-12,104347.8515,104279.7467,104193.18962851018,104089.14394232795,104192.73006015921,103656.2303,101390.12209714286,101129.52476698754,103811.68021066663,103702.85043799998,104001.23687429618,103967.35367576359
5,2019-03-13,104459.1176,104347.8515,104248.70025719455,104163.08691944786,104248.41634666017,102823.4104,101436.14129571429,101175.531399428,103786.13814199985,103713.55393800004,104351.99243001443,104100.40583048738
5,2019-03-14,104537.8862,104459.1176,104343.89671883408,104259.52172987616,104343.77808634871,102823.4104,101378.69311571428,101267.33391453122,103850.58109333321,103779.11826400002,104340.76067390882,104150.28783237272
5,2019-03-15,104695.386,104537.8862,104401.92460822783,104318.71859421558,104401.86317075974,102823.4104,101932.75567285714,101204.65816126495,103874.98374066658,103872.23221400002,104348.47525753235,104180.72586413818
5,2019-03-16,104772.298,104695.386,104560.62127327659,104488.59909401015,104560.61355784257,102823.4104,101058.59702,101525.31175776705,103901.22540599991,103819.55633400002,104528.20527085183,104306.00992362063
5,2019-03-17,104772.2987,104772.298,104633.86474577726,104561.69662574459,104633.93081796262,102823.4104,101953.54952,101383.73631444572,103977.51151599993,103919.56168200001,104523.3258949957,104354.17801224673
5,2019-03-18,104772.8654,104772.2987,104653.53870693417,104580.82467510682,104653.58826021489,102823.4104,101827.99618999999,101294.50842635517,103992.08455399993,103967.782602,104549.68732410717,104374.1988510713
5,2019-03-19,104875.0239,104772.8654,104684.3308533937,104617.6054183669,104684.2840189636,102823.4104,101787.31834428571,101359.80918427565,103889.37780599983,103861.97385600004,104585.09091110407,104364.0247118236
5,2019-03-20,104923.9816,104875.0239,104790.51967642827,104720.68887428092,104790.41868555688,102823.4104,101771.81761000001,101438.91287852105,103907.8170546665,103893.79285400003,104589.02002397354,104405.84198430699
5,2019-03-21,104988.1795,104923.9816,104822.44001704788,104757.6150229999,104822.47934945658,102823.4104,101452.72567285715,101376.39889764138,103933.4418613332,103789.00710200002,104587.75248225394,104426.26978886234
5,2019-03-22,105141.7345,104988.1795,104888.94326031866,104808.24665229133,104888.87993125986,102823.4104,101833.19684428572,101328.79684720316,104027.14360933323,103951.23902400004,104583.07165814725,104472.82063992393
5,2019-03-23,105432.7904,105141.7345,105035.66566042823,104947.74587842211,105035.5464191902,104296.1329,100838.56927714286,101606.67036046785,104940.83768466667,104982.599456,105022.65687493884,104970.41347934255
5,2019-03-24,105432.7904,105432.7904,105316.88900870895,105228.59558316175,105316.73525577583,104902.0643,101105.70726142857,102025.05665764172,105169.3285853334,105203.37990199996,105201.67458406361,105199.86625085292
5,2019-03-25,105433.7104,105432.7904,105345.7475231386,105249.37095350785,105345.52167198507,104902.0643,101261.68774714286,101500.1327842322,105151.74017666673,105192.10208199998,105209.59302791218,105203.5680526956
5,2019-03-26,105192.1372,105433.7104,105378.11564296839,105284.61848189472,105377.74686182337,104296.1329,101229.96378285714,101570.22498556462,105058.27214933338,105096.903718,105245.70091693786,105196.19718272198
5,2019-03-27,104972.9499,105192.1372,105152.2411796505,105066.24512203163,105151.81488640684,104902.0643,100559.34859,101595.89213118432,104944.86721133342,105075.08622200001,104977.5679453017,104996.22675955557
5,2019-03-28,105212.0734,104972.9499,104924.18109053664,104844.24874810451,104923.8159811503,102823.4104,100562.78013571429,101461.80554695004,104025.05573333321,104000.94207400004,104460.21473963585,104443.1730736912
5,2019-03-29,105165.755,105212.0734,105136.67956207477,105059.6135918235,105136.5183008289,104902.0643,100413.56311857142,101705.883048158,105016.31175333336,105033.997128,104982.48647407851,105019.47060641179
5,2019-03-30,105158.1301,105165.755,105100.82345142217,105008.36492245212,105100.64361541464,104296.1329,101392.97663142857,101388.39939821023,104902.04807533335,104965.24163199999,104967.72148413192,104959.37816063914
5,2019-03-31,105157.9005,105158.1301,105071.28347631491,104977.82749601947,105071.19448620624,104902.0643,101749.46774142857,101333.50840809011,104978.63876000003,105023.70475799996,104962.84210827578,104973.10278809843
5,2019-04-01,105158.9416,105157.9005,105084.43154569891,104997.2892793847,105084.28711894214,104902.0643,101332.00837571429,101301.81307999091,104961.30058333336,105013.70681799996,104969.7466393897,104976.11216736927
5,2019-04-02,105236.8176,105158.9416,105108.01346570949,105031.75590212445,105107.7414141313,104296.1329,101359.55394857143,101373.95326692608,104859.61041066665,104928.62041799996,104962.97825552546,104951.44818943886
5,2019-04-03,105030.3592,105236.8176,105191.07409282489,105123.0466609962,105190.85835091594,104902.0643,101082.49203285715,101441.41462389629,104998.91253466671,105000.589844,104981.24810072823,105034.40243213037
5,2019-04-04,105080.7747,105030.3592,104994.60004320112,104940.75304386714,104994.49349676054,104902.0643,100220.12692571428,101486.98772777716,104571.99403199994,104626.51689600002,104905.88469482452,104806.21059023053
5,2019-04-05,105164.3151,105080.7747,105021.28740574671,104966.55103948494,105021.21592740252,104902.0643,101833.19684428572,101359.84491197672,104803.10997799992,104719.920526,104977.73092824615,104915.79731524368
5,2019-04-06,105191.1865,105164.3151,105099.95423857396,105057.11868933894,105099.97602833169,104296.1329,101035.6638314286,101532.28988540778,104946.50295399998,104919.86219399999,104969.81248439758,104991.14470924549
5,2019-04-07,105191.1865,105191.1865,105122.64628070293,105074.5553781322,105122.76880116301,104902.0643,101324.22007857144,101422.6008038039,105045.28262466668,105016.07019199996,104964.93310854145,105028.25703711344
5,2019-04-08,105191.397,105191.1865,105142.05283759019,105093.27175013814,105142.09834360058,104902.0643,101337.99842142858,101384.70703874055,105031.0408486667,105041.84321799995,104990.39930860164,105038.23730246881
5,2019-04-09,105384.4704,105191.397,105176.69982499507,105115.13325600362,105176.50713511948,104296.1329,101013.98002999999,101448.13223164564,104953.3651926667,105001.94297599999,105021.01358657192,105029.83734508074
5,2019-04-10,105421.9075,105384.4704,105359.99212928217,105278.78923389869,105359.77831214215,104902.0643,100845.50639571427,101728.0505047781,105239.95605666666,105237.21582399996,105225.01490840998,105247.92006632511
5,2019-04-11,105516.237,105421.9075,105394.32217399318,105322.61803876808,105394.28907387628,105215.8358,100662.23494285715,101552.55584705864,105263.00005933334,105225.15521599997,105224.82079600327,105270.14629803489
5,2019-04-12,105512.0382,105516.237,105485.62590062425,105409.68420532526,105485.56555705423,105215.8358,100590.79821142857,101619.4768481169,105294.62218599998,105276.12949999995,105218.57589554702,105307.62742895742
5,2019-04-13,105498.9636,105512.0382,105482.17487326977,105400.90016405447,105482.11734238919,104685.4449,100769.36947428572,101621.97101658545,105204.02708333332,105202.38589599996,105208.5664514328,105271.16456627352
5,2019-04-14,105465.0374,105498.9636,105465.85819229682,105389.34015507039,105465.8909424601,105215.8358,100613.55489285712,101583.20408450962,105252.84147133333,105226.98197199997,105258.95333791284,105300.37832143885
5,2019-04-15,105465.5374,105465.0374,105456.66105370352,105383.06293463496,105456.61854829994,105215.8358,100613.6120357143,101534.6924620999,105258.85822266666,105219.42668799996,105261.87517829372,105301.26544519846
5,2019-04-16,105307.6797,105465.5374,105493.81121541937,105421.66136026169,105493.59535242592,104685.4449,100705.77943,101587.64854006581,105188.251838,105172.21111199998,105278.02710064095,105295.98009963421
5,2019-04-17,105016.5466,105307.6797,105349.30731938017,105263.04015179405,105348.9787364424,105215.8358,100072.11570714286,101579.20585107133,105132.55890266664,105120.22769199999,105772.03961798872,105389.21289081646
5,2019-04-18,105200.4108,105016.5466,105053.57038069915,104978.1983446099,105053.37907686252,105069.64349444446,99794.62297142857,101855.93451730035,104657.21122999996,104735.16918600003,105512.01256189647,105049.14071216877
5,2019-04-19,104973.8192,105200.4108,105354.29714228018,105261.71505526394,105353.69150463848,105069.64349444446,99628.17292285713,101915.28748502482,105142.16860599995,105094.24916599998,105635.04364062606,105346.30910062998
5,2019-04-20,104973.8192,104973.8192,105003.65545288783,104926.41180932178,105003.546160908,102823.4104,101381.64498285715,101834.75779121576,104094.72101333327,104071.60955600004,105230.17107388334,104750.43463217946
5,2019-04-21,104916.3338,104973.8192,104995.74916531068,104927.29367191499,104995.69638693139,102823.4104,100184.48953857143,101719.69697944497,104166.27793733329,104153.19284600006,105242.77308263736,104778.78156396188
5,2019-04-22,104916.3338,104916.3338,104965.52353185441,104904.0510423587,104965.3162688119,102823.4104,99666.59501285714,101717.40967761309,104129.83419133328,104035.94493000006,105240.6820823717,104758.18910535456
5,2019-04-23,105382.0985,104916.3338,104985.0550833411,104942.77206343961,104984.7831969998,102823.4104,99827.53437428571,101781.77044002974,104053.39085933319,103997.73835200007,105259.08807482415,104751.75033253232
5,2019-04-24,105249.5738,105382.0985,105431.02393730305,105387.96625150052,105430.89710779325,105069.64349444446,100623.9916942857,102832.70960323999,105356.96256066668,105332.60350199997,105945.00065245495,105563.30982154072
5,2019-04-25,105272.2694,105249.5738,105315.58416344953,105280.58310073073,105315.62201921197,106078.2428,99917.06186999999,101908.32427809789,105261.62557466664,105294.56095999997,105678.94414809004,105407.05094116247
5,2019-04-26,105142.5957,105272.2694,105313.2661774159,105280.8165441667,105313.40080540624,106078.2428,100249.25769142856,101893.628469872,105295.60683866664,105267.64585399996,105703.07456298222,105426.49931527185
5,2019-04-27,104581.2214,105142.5957,105206.83548558256,105188.0672654708,105206.90400631182,106078.2428,101359.95591857143,102002.4917284221,105184.91407933334,105189.35375799995,105693.06511886799,105355.34882122405
5,2019-04-28,104578.8708,104581.2214,104679.37403711205,104669.4242519801,104679.28920586746,102823.4104,101385.04432571428,102829.28479464779,104043.11817466668,104045.994714,105134.11808772103,104615.55350478929
5,2019-04-29,104578.8708,104578.8708,104681.26809539473,104676.8533755826,104681.22492453511,102823.4104,99814.97015714286,101908.46081064807,104068.84656733331,104073.18211400002,105197.5026014678,104647.73418146123
5,2019-04-30,104549.6458,104578.8708,104722.56099524915,104692.01755794721,104722.36146160697,102823.4104,99749.13801571428,102009.46441739661,104014.54767733322,104040.74966800005,105255.61102745062,104654.0587542437
5,2019-05-01,104534.1971,104549.6458,104680.16296322011,104618.98523119031,104679.88823961384,102823.4104,99690.01327285715,101960.48041358594,104169.6390666666,104130.91358000002,104745.74527760589,104511.45652515425
5,2019-05-02,104367.9365,104534.1971,104645.17621851162,104601.44664251799,104645.10600242097,102823.4104,99646.41868142856,101973.68215358962,104358.31636999991,104369.308822,104763.10659119675,104574.28986790487
5,2019-05-03,104221.2534,104367.9365,104480.73207528006,104432.3138023852,104480.59064403654,102823.4104,101779.03033714285,102008.86347590719,104272.14933533325,104240.561916,104732.61426331557,104479.02580034467
5,2019-05-04,103596.5079,104221.2534,104331.48131284658,104301.58483169512,104331.3275786237,103505.0485,102746.64396142858,102060.836875477,103985.23993266666,103850.62882200001,104341.08390601302,104209.30289012492
5,2019-05-05,103596.5079,103596.5079,103768.74365676972,103752.28950390437,103768.40762483324,103087.4786,100585.83428714285,103212.8109817109,103338.86643866656,103361.40861799996,103789.0977458009,103626.75122945728
5,2019-05-06,103600.2258,103596.5079,103753.64306272485,103740.44914446016,103753.46308564267,102780.1942,100751.55325142856,102238.4485427377,103386.24641999992,103398.065618,103878.36950560106,103668.35502335371
5,2019-05-07,103817.179,103600.2258,103769.8810335399,103763.50496351138,103769.83258894202,102780.1942,99965.59571571428,102342.2441937626,103331.54887799993,103384.638312,103850.94653156656,103648.66679102596
5,2019-05-08,103866.4662,103817.179,103973.15050104959,103950.93085419702,103973.1971991138,103841.05856666667,98959.28758,102567.20459322947,103826.38730533331,103821.252114,104219.3334013247,103998.88385361835
5,2019-05-09,104041.5843,103866.4662,104003.82335139788,103984.4862962091,104003.99397421857,103892.8034,101090.51587714287,102385.11741103165,103949.18429800001,103877.35607400002,104251.68395382285,104061.78484934398
5,2019-05-10,104308.8967,104041.5843,104164.67768473667,104152.10660010792,104164.89644212279,103841.05856666667,99664.55458142857,102550.1446172394,103958.60969666668,103887.84434600001,104242.8076755921,104117.84132412223
5,2019-05-11,104399.374,104308.8967,104428.9495978351,104398.27392230165,104429.08186150255,104536.8668,99432.83274857143,102928.66895505051,104167.04637533338,103929.71616799997,104450.19117463291,104338.50382408932
5,2019-05-12,104580.1422,104399.374,104551.22845832563,104539.6992232103,104551.46232321888,102823.4104,99083.19110142857,102822.59611093346,104298.0084379999,104229.518236,104831.88687686775,104556.53151269264
5,2019-05-13,104580.3422,104580.1422,104751.54581185432,104739.0158195808,104751.70931507806,102823.4104,99339.84197857142,103008.53644002702,104378.37279599992,104383.80990000001,104839.80532071632,104652.3979787657
5,2019-05-14,104832.3662,104580.3422,104801.88552120073,104787.39079829845,104801.82530256643,102823.4104,100698.85951428572,102842.5658930226,104410.58544466666,104395.87564199998,104833.4995980096,104677.15861365823
5,2019-05-15,104954.7437,104832.3662,105049.78279283863,105027.1457282362,105049.68639737606,102823.4104,98838.71543285713,103195.95416250524,104525.87770066658,104522.08237800002,105019.31434972616,104857.44592620964
5,2019-05-16,105389.1143,104954.7437,105174.80778643527,105132.50941082781,105174.76063499582,102823.4104,103790.44967285715,103021.51707539275,104563.89591733321,104439.96766000001,105050.25449624275,104915.55327480125
5,2019-05-17,105731.1376,105389.1143,105593.71440278651,105522.07568601352,105593.73336174678,107122.2246,99691.08900285713,103682.61273595969,106010.65752333334,105899.404458,105659.17464482726,105730.63595139138
5,2019-05-18,105867.1571,105731.1376,105958.2341272934,105852.22466506586,105957.8758852484,107122.2246,99990.22336142857,103733.06675996233,106205.84923799994,106190.04669200002,106057.84690476899,106038.64026927827
5,2019-05-19,105987.8047,105867.1571,106106.52860577767,106002.79964756915,106106.23002421984,107122.2246,104661.71388714285,103604.16839157783,106164.1081979999,106215.262622,106056.73489432066,106074.54757996323
5,2019-05-20,105987.8047,105987.8047,106389.43076337993,106277.8180326722,106388.54372434052,107122.2246,106296.78662857143,103659.31855148078,106223.3301426666,106235.98177000001,106064.65333816923,106188.60050450267
5,2019-05-21,105987.8047,105987.8047,106293.12766739383,106213.45932531933,106292.65178842189,107122.2246,107424.24288428572,103530.68206188823,106293.46042399995,106322.698292,106094.16713783523,106200.36229571817
5,2019-05-22,106289.3999,105987.8047,106303.28884428408,106225.82344236744,106302.78785903027,106755.6394,110800.77871428571,103421.22930483027,106331.80635466661,106324.36759799998,106094.16713783523,106217.26564495642
5,2019-05-23,106417.7699,106289.3999,106612.22896184315,106555.20679015662,106611.57056938208,107122.2246,111203.43883,103834.11851107136,106504.99594199994,106552.39687399997,106670.6195113622,106576.94074783959
5,2019-05-24,106497.298,106417.7699,106744.3408559612,106687.80045281579,106743.676085054,107122.2246,112697.29674285713,103652.25974285312,106528.33240933334,106545.76763199997,106650.86446340846,106622.33244185253
5,2019-05-25,107339.3584,106497.298,106821.75405881414,106773.03105738279,106821.09142728958,107122.2246,112697.22621428572,103691.17383795376,106607.838896,106575.43334799996,106701.78945667665,106694.21980335315
5,2019-05-26,107339.3584,107339.3584,107641.64699740401,107626.27616470313,107640.9515281086,107800.02410909091,105754.16254857143,104766.3300617233,107722.77518333343,107721.62138600003,107847.56822987148,107732.20652596936
5,2019-05-27,107341.1529,107339.3584,107678.08724507419,107647.56671218903,107677.56483046101,107800.02410909091,112417.24672857144,104221.32879324828,107696.02506133339,107697.264144,107831.2871911346,107724.95965488568
5,2019-05-28,108062.9737,107341.1529,107705.89440212998,107706.0887783023,107705.42040118252,107800.02410909091,111910.03081428571,104309.66310440315,107707.6686980001,107695.00208600004,107880.90522765776,107764.88756798672
5,2019-05-29,108230.6258,108062.9737,108431.31523265602,108459.3410879802,108430.71938161144,108541.4889,108144.79417142857,105031.63715135395,108222.27712599999,108183.59394000004,109585.44682293721,108755.68834563914
5,2019-05-30,108734.5226,108230.6258,108597.83131991958,108625.67634407981,108597.46402058669,108683.123875,112894.52384285715,104924.2592087087,108434.5504146667,108457.976108,109811.82435438043,108957.35037104231
5,2019-05-31,109338.1993,108734.5226,109091.81601931034,109145.64315612968,109091.48341908323,109704.1219,109890.63622857144,105256.17425877854,109336.61974733353,109354.46594800003,110535.08051846012,109672.44780730778
5,2019-06-01,109241.5338,109338.1993,109709.22686140073,109765.08103778334,109708.84478019267,110230.5746,109084.77184285715,105337.63845284216,109701.13148333346,109647.47974650002,110288.47520874525,109918.22924328735
5,2019-06-02,109241.5338,109241.5338,109599.38811405153,109632.13765646829,109599.17601670255,109155.3764,110965.85607142858,105091.44039284853,109475.34338200012,109433.548652,110207.64241130653,109771.70781659165
5,2019-06-03,109241.904,109241.5338,109610.66520675873,109651.1482845916,109610.62944021096,109155.3764,112075.65231428572,105140.25883365837,109468.32669933347,109404.9839425,110225.89745810283,109781.7908140093
5,2019-06-04,109591.0467,109241.904,109667.99496386832,109701.08487185526,109667.71004876336,109155.3764,112010.19335714287,105008.15038673027,109479.75806216682,109437.65538050001,110275.51549462599,109818.7861428827
5,2019-06-05,110014.0409,109591.0467,110001.63096763834,110016.57862263775,110001.25141023264,110230.5746,114017.32321428573,105268.93956022632,109960.30152466675,109973.68778250001,110067.69477312201,110014.85830680885
5,2019-06-06,110634.7041,110014.0409,110425.7175161833,110434.00722251998,110425.30438925204,110071.84375,114192.3996142857,105347.32630279208,110438.19884133332,110362.611836,110489.08006922877,110453.76204436069
5,2019-06-07,111823.8911,110634.7041,111032.45418727057,111020.80090567416,111031.85741661765,111179.6912,112113.82447142857,105471.68094366278,111020.07929466659,111026.75449400002,111065.82209366717,111035.56743133598
5,2019-06-08,112226.4654,111823.8911,112159.75288845188,112178.68114227877,112159.2324312214,111867.5832,117085.21055714287,104991.41221309794,112074.3734019999,112073.21315200003,112157.55195904463,112136.8688344411
5,2019-06-09,112226.4654,112226.4654,112578.73124862782,112591.91872464879,112578.4322736413,112064.1066,114849.61845714285,105849.3415735241,112308.45248133327,112317.06608999993,112279.04378222516,112393.13832940241
5,2019-06-10,112226.8629,112226.4654,112603.14275307162,112621.97501459604,112602.96652911052,111858.3112,113448.34534285715,105786.58397571104,112305.1590506666,112251.04431199998,112293.65010091955,112406.92805539405
5,2019-06-11,112620.1845,112226.8629,112632.7346817212,112690.8837734185,112632.71020097713,111858.3112,115105.19327142856,105857.07841488798,112485.94030533326,112464.64249400003,112399.22028882972,112525.34812252717
5,2019-06-12,113113.9208,112620.1845,113036.46146807534,113086.55674908146,113036.23119979782,112765.98368421053,117387.20805714287,106010.77651389554,112792.71869600001,112748.498566,112833.51462431569,112904.26335646573
5,2019-06-13,113541.1124,113113.9208,113526.30506746838,113572.1695689938,113526.05233802117,113358.2514,115086.68477142858,105969.05071624139,113521.41005866657,113540.25171200001,113571.07358016713,113554.88440260918
5,2019-06-14,113725.4313,113541.1124,113954.31757417068,113988.31379268278,113953.96534369359,113916.3655125,115908.51912857142,106073.05337777335,113755.71220599997,113744.23578399996,113805.77852968802,113849.93484279024
5,2019-06-15,114406.2389,113725.4313,114099.63972642449,114092.62370892482,114099.32215214481,113916.3655125,115103.33131428574,106172.08636342068,113972.89679333325,113960.97791999996,114087.88993722321,114051.13681316042
5,2019-06-16,114406.8851,114406.2389,114742.40690504534,114746.54470175665,114742.13021300305,115013.8708,117707.5537142857,105870.95958007671,114879.86932800007,114798.476322,114936.10178755427,114854.17193910367
5,2019-06-17,114449.3214,114406.8851,114785.40673280737,114778.2879217267,114785.16619832313,115013.8708,116992.22305714285,106247.38512244613,114837.45733866672,114756.85062800001,114922.74125825541,114846.16217288293
5,2019-06-18,114684.1069,114449.3214,114862.18899532958,114874.72547780491,114861.91577280386,115013.8708,115748.00775714286,106285.3147894249,114859.2013326668,114859.27953200002,115013.58737104443,114915.83806050538
5,2019-06-19,114897.444,114684.1069,115093.92555733616,115108.19159728914,115093.58593564908,116137.8875,120436.9370857143,106349.24020000549,115007.16714066672,115059.33345800005,115090.04849918207,115068.46907904597
5,2019-06-20,115334.3655,114897.444,115283.61777129798,115296.34858493984,115283.34229685208,116137.8875,122219.09641428571,106334.48771073298,115354.42855666672,115468.70700600004,115086.52688735725,115245.7680096546
5,2019-06-21,115644.8474,115334.3655,115682.31765857317,115734.26723810482,115682.25325401673,116137.8875,117544.01162857143,106290.16900224167,115773.27208199998,115814.21932600002,115408.20337709865,115638.58089906782
5,2019-06-22,115739.8084,115644.8474,115994.26710241217,116042.80989425431,115994.16229037003,115650.94655,117731.03448571429,106373.45411981798,116023.55505466655,116022.991872,115993.7080056714,116020.02431819741
5,2019-06-23,115642.0703,115739.8084,116063.11006829397,116082.29109326893,116062.98235409442,115650.94655,120774.9344285714,106461.73733475391,116001.60336266662,115997.02223999999,115968.72439295812,116017.53961629789
5,2019-06-24,115642.2703,115642.0703,115977.27203950551,116016.9051354098,115977.31175347953,115650.94655,118923.77802857143,106383.78850065956,116030.63678866663,116033.82305399998,115966.03453246398,116004.52548551348
5,2019-06-25,116120.1056,115642.2703,116005.19820456774,116053.38624424001,116005.09282402784,115650.94655,121136.77327142858,106420.5990815693,116084.97341599996,116072.656558,116056.309178438,116064.88961289266
5,2019-06-26,116818.1425,116120.1056,116469.00565777984,116516.66366931527,116468.75830752653,115814.9535,118982.37381428572,106237.26767573351,116274.69332666673,116278.334276,116222.16713601565,116337.84137733256
5,2019-06-27,117879.7616,116818.1425,117131.42824564165,117189.34719443065,117131.27944099903,117036.7954,118358.46492857144,105945.85357784666,117399.09000066663,117255.41339200005,117502.16420104797,117363.53379871509
5,2019-06-28,118132.649,117879.7616,118162.4628667326,118202.21766917873,118162.04810383596,120039.8024,120024.37301428571,105329.74667191724,118499.45653399998,118560.43886000004,118325.48749911958,118342.38723409944
5,2019-06-29,118319.5334,118132.649,118396.53125483166,118445.19735375434,118396.46265049299,120039.8024,117163.11925714287,106546.81257912793,118854.0136146666,118819.63530799998,118435.92148670396,118578.37748504164
5,2019-06-30,118335.8056,118319.5334,118555.26478961793,118621.27582498254,118555.43152370855,119186.11854444444,119860.08285714286,106522.09581199734,118981.96515199995,118937.14512399999,118745.62515719976,118782.95537806075
5,2019-07-01,118335.8056,118335.8056,118745.77736260052,118790.61278425498,118745.37947610789,119186.11854444444,119753.94928571429,106447.18218360796,118988.1201053333,118964.467678,118764.70971316841,118847.81420091889
5,2019-07-02,118335.9577,118335.8056,118658.40764447858,118707.8096649391,118658.21267692753,119141.1444,121594.069,106663.53828062094,118999.28834533326,119045.214966,118877.92606183783,118861.6746907034
5,2019-07-03,117178.7424,118335.9577,118677.23845139141,118691.6153684941,118676.75331530755,119141.1444,121108.01205714284,106753.19752214996,118999.07232066662,119082.627624,118886.1716645199,118858.95311789354
5,2019-07-04,117456.6427,117178.7424,117568.0760464364,117597.00549716053,117567.34858002118,120039.8024,116392.45864285715,104858.01989689026,117647.65486400001,117744.50905800001,117396.06952423889,117546.9099617998
5,2019-07-05,117511.1271,117456.6427,117740.47928654097,117753.28723254276,117739.84151249193,120039.8024,119399.18615714285,106497.30963221172,117748.56618666669,117754.17848000005,117443.88857223267,117648.58066381403
5,2019-07-06,118420.2325,117511.1271,117785.06701363488,117768.48093100617,117784.45059801987,120039.8024,123313.33872857144,106549.3501154697,117627.71936266668,117646.58624200002,117401.83433846079,117599.3448773779
5,2019-07-07,118420.2325,118420.2325,118603.5878988219,118566.06721687345,118603.45050401795,119186.11854444444,119568.36994285711,105449.84541010892,119075.57469399998,119065.70013400001,118685.98730587118,118775.87640558153
5,2019-07-08,118433.7956,118420.2325,118626.82860795631,118576.60548423017,118626.70868935101,119049.56646666669,120095.50025714285,106874.90781978592,119000.36577400002,118976.048328,118589.50948187118,118722.16024670046
5,2019-07-09,118911.523,118433.7956,118631.89141446847,118617.94366604762,118631.78301549423,119186.11854444444,117929.9074142857,106860.62969651034,119033.20626199993,119037.07677199997,118636.20567801346,118762.451868687
5,2019-07-10,119087.2279,118911.523,119058.11799560218,119094.99290277061,119058.05436974992,119186.11854444444,116859.8323857143,106498.55242004165,119133.9016853333,119140.64200599998,119092.56087023094,119107.15181944496
5,2019-07-11,119159.0006,119087.2279,119250.49040656339,119355.56673128674,119250.84520468881,119186.11854444444,115655.00104285714,106889.69782304727,119227.15575199996,119223.826192,119148.31899281508,119243.68049203393
5,2019-07-12,119209.8735,119159.0006,119303.25973212771,119403.86685743838,119303.67849740094,119395.45422500001,116297.28502857141,106976.80930626336,119245.83678933332,119237.32081400004,119127.20618083004,119258.96994253392
5,2019-07-13,119234.953,119209.8735,119357.10138619322,119455.51428000188,119357.50406917374,119395.45422500001,120748.36231428573,106864.45480511563,119204.17958333336,119216.798528,119108.12162486138,119255.93849606554
5,2019-07-14,119315.7048,119234.953,119340.20340514355,119404.95866759049,119340.56397084588,119395.45422500001,118762.09004285715,106892.03629271664,119287.673346,119317.17024400004,119274.00208946824,119322.21136768624
5,2019-07-15,119318.2048,119315.7048,119428.46167465235,119500.6845050031,119428.8636121584,119370.03777272729,120037.1809,106934.30097280836,119445.2332026666,119398.29769400007,119493.9798135951,119479.9658404216
5,2019-07-16,119254.9241,119318.2048,119473.13280928248,119527.94680794078,119473.22346956274,119370.03777272729,120439.46825714286,106787.80787846485,119433.29648866659,119382.68667200003,119543.59785011825,119501.61371557521
5,2019-07-17,119267.3966,119254.9241,119418.68975866496,119396.93531427017,119418.29387714574,119204.7386,120792.04069999998,106684.60371308884,119220.56382533339,119212.56029000001,119308.80283217461,119308.76732392605
5,2019-07-18,119425.3119,119267.3966,119392.66135785806,119374.37157910985,119392.41818628823,119204.7386,118372.57331428572,106657.05485422371,119322.61837333336,119324.94583200004,119330.0314840984,119342.34047884721
5,2019-07-19,119570.8606,119425.3119,119529.63585878523,119502.23495762653,119529.34998223145,119370.03777272729,118475.00285714286,106678.0871859917,119490.54117466656,119467.02365600005,119521.88526668926,119504.88713299413
5,2019-07-20,119496.2554,119570.8606,119641.13589381496,119651.6801094795,119641.14036038867,119869.69085714286,118767.15975714286,106676.77647954972,119731.57037799999,119745.54924799997,119752.32063308047,119711.85704018665
5,2019-07-21,119465.9919,119496.2554,119556.75632799142,119566.36145786692,119556.83200623225,119869.69085714286,118755.94575714286,106691.68881722465,119703.37445199992,119722.76835799997,119724.64715987304,119664.79435657997
5,2019-07-22,119466.3077,119465.9919,119534.01429174512,119538.99439827316,119533.91149296977,119869.69085714286,117810.96234285715,106729.38367164548,119669.16432066663,119669.00638800001,119724.64715987304,119644.26862627095
5,2019-07-23,119541.3899,119466.3077,119546.69370246679,119561.69415364266,119546.5079383586,119869.69085714286,120086.72097142859,106693.75593412168,119703.33120066665,119705.60049799999,119774.92236153121,119679.98257194685
5,2019-07-24,119235.5191,119541.3899,119614.99588905362,119621.88615116186,119614.72645755416,120075.5677,120418.32178571432,106657.27945194754,119760.62337399999,119757.77542599993,119767.41599947357,119716.64184154513
5,2019-07-25,119104.9883,119235.5191,119303.71409737408,119318.67664308951,119303.48417043473,118888.14600000001,120077.80512857142,106375.19375686388,119110.98495000007,119133.30956000002,119264.50400422771,119231.38853243909
5,2019-07-26,118976.7698,119104.9883,119143.9638527142,119172.12155687295,119143.85715779243,118888.14600000001,121047.72885714287,106628.4972897695,119051.68413866666,119061.29159,119089.32497403507,119104.37688985823
5,2019-07-27,118808.1779,118976.7698,119006.72491047755,119045.36092730312,119006.4737322428,118888.14600000001,121682.09598571427,106568.52147728707,118901.59461666668,118846.48306399997,119053.6800680136,119000.21187066114
5,2019-07-28,118808.1779,118808.1779,118833.23025647852,118882.45113284602,118832.98828467153,119049.56646666669,121742.51665714287,106574.9312782349,118891.98515600001,118867.040868,118897.21482787732,118890.55037224111
5,2019-07-29,118808.9567,118808.1779,118838.67678817989,118889.1344668057,118838.33920217268,119049.56646666669,121399.5429,106660.17987856065,118911.0065086667,118855.23182399997,118918.98924434012,118906.3767399375
5,2019-07-30,118886.2882,118808.9567,118857.2359667369,118901.31012015945,118856.74053160619,119049.56646666669,121525.5074142857,106619.69623494866,118890.57694066667,118860.875288,118927.38579267834,118906.42428450148
5,2019-07-31,118719.1264,118886.2882,118907.9978065488,118954.27654683267,118907.53130938222,119395.45422500001,121177.2881,106546.72954683288,119005.57627333341,118991.465922,118927.38579267834,118962.41287094814
5,2019-08-01,118570.2834,118719.1264,118726.5248098668,118794.78899306859,118726.22203131262,119049.56646666669,121397.71905714287,106458.13689248184,118895.54333733338,118923.95177400002,118605.29022139305,118765.20751726501
5,2019-08-02,118474.656,118570.2834,118540.00278915766,118610.53826964345,118540.09281499377,119049.56646666669,121487.028,106451.66804918059,118893.60845066667,118889.11347800001,118622.33303255188,118708.82658428734
5,2019-08-03,118475.3303,118474.656,118428.07162540709,118498.1044361194,118428.1821955232,119049.56646666669,121127.10349999998,106387.84212330062,118842.0291033333,118848.206546,118347.70519889325,118562.61291278199
5,2019-08-04,118475.3303,118475.3303,118412.56215956301,118472.02206820642,118412.69034281406,119049.56646666669,120676.54115714286,106375.6113213925,118867.63877466659,118821.31701000003,118345.51568353125,118561.72550880142
5,2019-08-05,118424.8682,118475.3303,118402.3860423695,118471.36622906376,118402.73009425719,119049.56646666669,120709.50452857141,106431.89079087805,118896.68912466662,118866.84649200001,118364.60023949991,118577.5518644101
5,2019-08-06,118425.0787,118424.8682,118365.79235323434,118428.4091841907,118366.046824614,119049.56646666669,120494.92234285713,106393.741892381,118889.55896266662,118848.96197800004,118341.89414384004,118553.28743023246
5,2019-08-07,118092.5614,118425.0787,118347.71511641883,118390.22539995596,118347.92528689402,119049.56646666669,121177.2881,106345.92287194122,118840.45965399993,118831.31236800001,118291.84681863125,118507.51062419573
5,2019-08-08,117757.2708,118092.5614,118021.01233368518,118063.17660404296,118021.0151005487,117743.0462,119991.20352857144,106148.0814817498,118055.96134266665,118002.53837199997,117941.44038622199,118020.19277764387
5,2019-08-09,117476.853,117757.2708,117687.48919661404,117728.37053586544,117687.3705191452,117743.0462,120216.64252857142,106234.22762794796,117766.0276039999,117686.08228400002,117525.02438265929,117673.14084084153
5,2019-08-10,117443.1064,117476.853,117404.06078058043,117433.05869049917,117403.89149828505,116089.25636666668,120296.17314285715,106251.37789994873,116966.58682866665,116951.281074,117006.38744390939,117135.34432102507
5,2019-08-11,117443.1064,117443.1064,117337.56612848234,117357.35832137206,117337.59889574313,116633.1634,119389.74045714286,106351.21354619312,116918.32607133336,116887.17455400001,117037.32759042598,117104.33732771047
5,2019-08-12,117443.6529,117443.1064,117332.1624010528,117340.84542548419,117332.25351093507,116633.1634,118372.84572857144,106365.78762617765,116941.81748400003,116873.715674,117059.10200688877,117113.921638791
5,2019-08-13,117227.1035,117443.6529,117338.19946967548,117348.53684838235,117338.26276727705,116089.25636666668,119368.08344285714,106334.99081879649,116899.21659733333,116804.534596,117031.67903285427,117093.14415952332
5,2019-08-14,116999.4409,117227.1035,117114.97342714418,117128.07428979306,117114.93957710746,116957.80615,116485.02508571428,106231.51941687148,116876.12188400005,116817.48904399997,117000.57638885618,117001.59085421643
5,2019-08-15,116811.0552,116999.4409,116867.79195673075,116895.33279965613,116867.82964974575,116957.80615,115800.91085714285,106159.58013378202,117231.02900533339,116954.31439799997,117025.16415512329,117050.50865337094
5,2019-08-16,116186.9396,116811.0552,116671.23810216528,116704.640482067,116671.30067696338,116957.80615,115738.434,106197.5131217905,116647.2136253334,116580.55858200001,116866.46900737613,116739.44103825884
5,2019-08-17,115988.861,116186.9396,116083.05537136078,116120.43744497708,116082.87171682388,115613.2656,117788.98164285712,105758.5946183663,115808.49774399988,115877.68821200002,116202.27832383827,116043.73783760508
5,2019-08-18,115988.861,115988.861,115856.18662639226,115898.20233257872,115856.12943097447,115844.3076,115755.50227142857,106207.81528068332,115632.33873533327,115668.36042800001,115657.86643388725,115729.4691672664
5,2019-08-19,116005.425,115988.861,115844.96423160296,115873.4627688696,115845.01696425515,115844.3076,114986.59152857143,106222.8934785225,115634.60374533325,115689.14384799998,115679.64085035004,115729.23578818429
5,2019-08-20,116041.4204,116005.425,115863.74934742035,115888.71265866711,115863.77389923313,115508.5536,113951.34614285715,106186.30598250579,115572.66022533333,115671.71733800003,115630.32833059292,115697.23373819778
5,2019-08-21,116111.5317,116041.4204,115886.05715239739,115907.67790652742,115886.0937153907,115497.6513,113203.38379999998,106162.45167045707,115569.3622113333,115634.42332400002,115630.32833059292,115702.45614948454
5,2019-08-22,116054.269,116111.5317,115921.81432132666,115947.17724273898,115921.90190993085,115844.3076,114641.53372857142,106016.47398874845,115607.19170666659,115690.215316,116120.95379099227,115891.77424679928
5,2019-08-23,115911.821,116054.269,115837.58320478986,115854.81987894153,115837.84859740951,115613.2656,116836.6049857143,105898.22402250451,115610.03431066657,115678.76328399999,116067.37712053294,115844.07710338035
5,2019-08-24,115864.6044,115911.821,115703.04978203544,115736.15155275572,115703.44750428286,115613.2656,114775.6348142857,105835.62497759883,115534.7666893333,115564.78924600001,115605.03674164804,115625.31832791236
5,2019-08-25,115727.3407,115864.6044,115641.76727696798,115673.10711280393,115642.34767364313,115844.3076,117155.22780000001,105870.62386206044,115568.62941399994,115564.25225199999,115657.86643388725,115633.20098689703
5,2019-08-26,115728.1953,115727.3407,115519.80126634236,115540.67069293476,115520.3345203343,115844.3076,114060.63988571428,105894.7997410324,115513.9331493333,115458.419136,115605.91288991578,115553.50557739462
5,2019-08-27,115639.7698,115728.1953,115540.54075866884,115547.98909411558,115540.89134971515,115508.5536,114767.48719999999,105888.24670864301,115505.30189466667,115447.27914600003,115578.37478662145,115543.88859180124
5,2019-08-28,115341.2976,115639.7698,115460.47687803252,115454.41589770916,115460.7011296692,115590.08686666668,114675.87674285716,105928.05680676566,115401.1887486667,115362.96844600001,115547.27214262336,115467.62559633308
5,2019-08-29,115417.9123,115341.2976,115162.69147678911,115155.34058049461,115162.72944760043,115081.35848124998,113503.70541428572,105851.55175947216,115142.75531599997,115152.75547599999,114960.90014354452,115086.33201334637
5,2019-08-30,115392.5024,115417.9123,115217.19657277317,115180.40074821394,115217.21547859101,115590.08686666668,115026.47982857142,105893.31867230457,115266.01331399995,115265.23207400003,115212.92192183764,115219.77866135053
5,2019-08-31,114626.0208,115392.5024,115189.34143672329,115138.25040583653,115189.40699833976,115590.08686666668,115217.26818571427,105851.76217185354,115245.46879266664,115252.22033000004,115191.14750537484,115191.62223462602
5,2019-09-01,114626.0208,114626.0208,114466.49612735376,114425.03438795451,114466.22287060786,113641.0159,115333.97842857141,105390.86933351771,114302.99434133331,114308.02841400003,114461.38863631323,114396.47245520035
5,2019-09-02,114626.0208,114626.0208,114594.75795816143,114561.67660783393,114594.040186085,114030.88266,113170.73144285716,105855.72415913526,114246.73216800002,114282.76741,114550.35399781114,114452.92092454837
5,2019-09-03,114626.0208,114626.0208,114474.14788096405,114456.83600341735,114473.78327852774,114030.88266,113048.95804285714,105913.67248752444,114226.96302866672,114253.48583399999,114472.44840835755,114385.41581348055
5,2019-09-04,114598.7356,114626.0208,114466.23085514306,114460.60696290333,114465.91369970418,114030.88266,112856.63247142857,105911.06616815244,114226.45819466673,114250.19663600001,114472.44840835755,114386.50452197588
5,2019-09-05,114529.72,114598.7356,114430.11302417629,114442.28012207015,114429.82170279758,114030.88266,114081.71277142856,105869.86122154136,114283.8262606667,114380.40421800004,114469.63084587391,114398.57907620359
5,2019-09-06,114359.3787,114529.72,114333.51654805936,114335.06398286902,114333.33769082661,114030.88266,114129.03304285716,105804.9683417922,114176.3629893334,114223.65010600004,114447.15681941267,114319.52793053836
5,2019-09-07,114675.4393,114359.3787,114142.40552620006,114149.93530172147,114142.30281463868,114030.88266,112748.67302857143,105584.32362278753,114064.80388000004,114036.06480600001,114036.164905676,114083.63469579916
5,2019-09-08,114638.3088,114675.4393,114441.70175713398,114446.19266775296,114441.92013421358,114030.88266,118245.36360000001,105505.10297997456,114465.95381466669,114566.86768200001,114457.03525512479,114456.3939125148
5,2019-09-09,114639.3777,114638.3088,114432.95636262104,114431.21689160232,114433.04231752222,114030.88266,115678.62948571428,105629.22815440997,114340.48070400002,114344.61975400001,114447.38638750381,114406.36132770205
5,2019-09-10,114456.8792,114639.3777,114461.21634754243,114465.8283211197,114461.05743161283,114030.88266,116361.0369857143,105611.66520008126,114336.147164,114343.27449000001,114419.84828420948,114407.2745897764
5,2019-09-11,114380.2972,114456.8792,114297.4528282369,114305.65345125004,114297.09957634176,114030.88266,115446.58472857144,105589.99944916152,114298.73743599998,114288.27319199998,114384.72973361363,114329.70687362121
5,2019-09-12,113821.7188,114380.2972,114191.29790227627,114207.74130508135,114191.15942683934,114030.88266,115844.91732857144,105557.14215927322,114180.22866999994,114193.84715799999,114218.45517947266,114202.14171818465
5,2019-09-13,113508.5293,113821.7188,113666.40355336512,113677.93266255195,113666.02640456385,113836.2516,112534.66049999998,105403.16260111381,113662.69806933329,113697.51504799999,113573.80251601274,113638.144415966
5,2019-09-14,113268.8118,113508.5293,113369.79599011742,113347.10685623408,113369.18721787445,112836.0075,112454.04278571428,105512.12587660793,113318.71531666667,113206.15495,113322.96191658928,113329.59469649667
5,2019-09-15,113225.8316,113268.8118,113082.21001835847,113009.2714175967,113082.08261598984,112836.0075,113020.13729999999,105511.9278577137,113054.26027266674,112988.71304199997,113336.8697830251,113133.46715776285
5,2019-09-16,113231.138,113225.8316,113030.80548173332,112948.6743684554,113030.80130377912,112836.0075,113102.14634285716,105507.1818983356,112987.56999066661,112978.47560199998,113026.31964225195,112987.52133379132
5,2019-09-17,113164.0118,113231.138,113040.63574599236,112956.08682767133,113040.58371402639,112836.0075,112146.16501428571,105461.12165597352,113036.77750000003,112968.59334999997,112998.78153895763,112997.21528887632
5,2019-09-18,112766.832,113164.0118,112962.23253561498,112888.93471918862,112962.22651339564,112836.0075,112069.9692,105420.61367095128,113084.61980133335,113007.20626399998,112908.12059507631,112960.55837186608
5,2019-09-19,112885.6832,112766.832,112555.01091355733,112503.0683715656,112554.87109765605,112465.07488571429,113414.8859142857,105265.16809519539,112493.33197333336,112521.58651999997,112390.80333766458,112462.40122752119
5,2019-09-20,112563.8156,112885.6832,112649.47881563894,112619.30811657263,112649.4300718836,112180.8824,112515.08872857143,105199.34785851625,112503.72571199996,112522.33850400004,112475.50243692602,112532.84542183287
5,2019-09-21,112186.0202,112563.8156,112342.07471263404,112332.96365061306,112342.08398836604,112180.8824,112051.34032857142,105178.33881071738,112193.46956666668,112160.34705599998,112144.9388399899,112223.79068575654
5,2019-09-22,112186.0202,112186.0202,111967.77135603015,111963.04194176906,111967.8095865649,111645.48329999998,112270.4254,105188.43712718722,111711.90146266676,111716.04029999998,111763.06837554168,111812.67059332582
5,2019-09-23,112190.078,112186.0202,111957.15621129825,111953.32550816171,111957.27942253186,111645.48329999998,112375.34222857142,105191.01073147007,111751.00208600011,111766.57907400001,111814.02840922809,111839.45200112998
5,2019-09-24,111216.1266,112190.078,111971.70304267673,111946.83546465063,111971.7887403069,112482.99873333333,112146.1650142857,105149.02938232447,111739.22168400012,111730.981074,111764.71588947097,111816.92434604059
5,2019-09-25,110622.1773,111216.1266,111061.36002633501,111047.19770935294,111060.87864268175,109883.1573,111128.44882857143,104931.73590341689,110703.11964999996,110705.89432000004,110850.45671932188,110866.9246928916
5,2019-09-26,110202.9583,110622.1773,110469.34190385611,110454.32001393115,110468.77845955805,110332.6884,111146.36219999999,105199.79517930666,110240.21674600006,110290.79452600004,110259.93710533358,110318.15795508826
5,2019-09-27,109884.1875,110202.9583,110017.02582397287,109970.55895322733,110016.58079277055,109758.1344,111292.79387142857,105204.57966982186,109649.13383066676,109789.32066000001,109766.61914281559,109795.43730890322
5,2019-09-28,109634.5453,109884.1875,109688.1625434629,109636.66410956076,109687.73637720804,109755.8242,110056.45847142857,105101.77542376002,109460.0847680001,109512.98159199998,109437.64909008244,109511.46598921444
5,2019-09-29,109634.5453,109634.5453,109421.11133971286,109373.98374628263,109420.86846135938,109758.1344,109452.4486,105019.28255398215,109411.02637066669,109504.32975199999,109398.64525742589,109394.5517914584
5,2019-09-30,109450.1625,109634.5453,109349.68032620469,109257.80983071809,109350.24581696752,109758.1344,110091.59681428573,104854.57607705117,109382.25130066671,109454.348794,109407.98479504175,109349.34864214218
5,2019-10-01,109174.3601,109450.1625,109155.97995937466,109077.97722561428,109156.44581985888,108988.4989,108089.2553,104727.35915175418,109154.20215733336,109193.21591400001,109167.25969415513,109133.14635903425
5,2019-10-02,108356.9831,109174.3601,108891.31102477982,108841.60075455901,108891.77471799705,108278.318,110358.38958571429,104565.14057129346,108615.86508799995,108584.40897,108869.65291593193,108775.70625283029
5,2019-10-03,106524.0207,108356.9831,108093.18811674333,108077.93423843491,108093.54051571824,108262.97844999998,109776.81568571429,104724.30689258926,107928.73573266662,108015.98296999998,107626.93519930003,107877.86839013385
5,2019-10-04,105820.1672,106524.0207,106349.82318476589,106342.02041826861,106349.40015663712,105924.5817,110266.67898571429,104479.21162214979,105990.40171666682,105948.66647599997,105791.38215154457,106041.26809549333
5,2019-10-05,105712.4254,105820.1672,105605.3137494285,105595.97288346932,105605.04258219247,105166.0825,104707.41919999999,104784.29045336218,105247.74821666672,105224.768504,105225.26942618002,105356.3301754387
5,2019-10-06,105712.4254,105712.4254,105443.02084704937,105403.37854925281,105443.31694355544,105166.0825,106000.61318571428,104695.54096348834,105262.70193600001,105250.91239400004,105531.66456745852,105399.24835090378
5,2019-10-07,105725.4134,105712.4254,105411.19817873012,105348.47765535262,105411.73960108234,105166.0825,106051.51727142857,104653.88095580893,105269.03943333335,105260.86685600005,105484.11664256439,105367.21124375012
5,2019-10-08,105715.8997,105725.4134,105414.44551310393,105317.67706725484,105414.87514125775,105166.0825,106044.58278571429,104537.80103626344,105332.38939866674,105284.52905200003,105336.7501981472,105328.93888802292
5,2019-10-09,105010.7058,105715.8997,105358.0243320202,105285.15003396355,105358.49477155518,105398.69435,104372.47958571429,104229.30246144574,105298.59562266675,105353.02251000004,105305.64755414911,105296.46440359314
5,2019-10-10,104660.1577,105010.7058,104656.99374561486,104642.35295855757,104657.24874618523,104633.9221,103957.89814285713,104287.15621537158,104585.89568866658,104635.53814199999,104207.07000466465,104478.4395506296
5,2019-10-11,104488.8208,104660.1577,104339.05659674067,104392.59862235242,104339.44257624765,104633.9221,102924.2977142857,103822.16349295882,104468.79194199994,104520.851852,104413.37068086574,104424.9204150727
5,2019-10-12,104331.2908,104488.8208,104152.48260259916,104172.37582316078,104153.39864267495,104277.076,102728.02071428571,103680.98747444761,104307.78083599998,104414.91832800001,104256.7399754376,104245.63221153278
5,2019-10-13,104356.3048,104331.2908,103968.01018741865,103958.78557044805,103969.29553379209,104083.2005,102857.50434285714,103650.59336486201,104087.56307000005,104118.67637799999,103965.13147836016,104003.8267062694
5,2019-10-14,104349.151,104356.3048,104118.52599366517,104064.56814596962,104119.51157701916,104277.076,103536.33128571429,103588.74005953145,104275.16060466663,104282.63440999998,104346.57549016234,104228.76808026619
5,2019-10-15,104349.3924,104349.151,103981.49503867343,103934.55748378827,103982.82404894654,104277.076,102882.24114285714,103489.28619199475,104209.26763866657,104269.54197,104182.85112679545,104108.89208308344
5,2019-10-16,104265.8663,104349.3924,103975.28739982727,103921.56844080509,103976.34125055738,104012.6724,103384.91224285714,103259.57614531039,104223.18124333321,104270.85570600002,104210.02465792406,104118.25811402079
5,2019-10-17,103704.0477,104265.8663,103931.10714503165,103838.08686317448,103931.68801577232,104083.2005,105774.27935714286,103092.26221169006,104030.60523533334,103973.22763799998,103859.24890017575,103909.31366622786
5,2019-10-18,103534.7349,103704.0477,103419.78459444037,103309.27145302267,103419.9718440521,103087.4786,103210.42572857144,103588.19012664749,103404.24201279998,103395.782409,103357.73052247526,103357.08132943262
5,2019-10-19,103441.2141,103534.7349,103256.96891716984,103177.29817866607,103256.94979369175,103087.4786,104849.48041428572,103094.86824313636,103051.59943946658,103022.38826699999,103185.4291183294,103138.10891215403
5,2019-10-20,103432.466,103441.2141,103167.2290613531,103089.01103756252,103167.3283101735,103087.4786,104029.43791428569,103038.98955329733,103076.81007946655,103059.26309100002,103260.33792646657,103142.05301449855
5,2019-10-21,103433.3676,103432.466,103168.25020605684,103086.62215123151,103168.40587960585,102780.1942,103066.67725000002,102981.14093048338,103092.37578146657,103059.071441,103260.33792646657,103146.44528638822
5,2019-10-22,103146.7485,103433.3676,103213.36186879003,103161.10206855072,103213.13029952376,102780.1942,102206.93758,102974.19143697566,103068.95908133326,103050.70304,103146.63969083314,103125.5669469057
5,2019-10-23,103005.1384,103146.7485,102980.99377682092,102944.46051523957,102980.03740201995,103024.1970875,101941.66356285715,103011.6035147324,102870.13224733327,102930.06330400001,102802.63608242042,102872.40961499776
5,2019-10-24,102639.3153,103005.1384,102795.65217320369,102742.62700132835,102795.11541978724,102530.58221666666,101830.3159557143,102621.67083428078,102792.25824066658,102845.35486799998,102807.54011172468,102780.80845123988
5,2019-10-25,102686.6418,102639.3153,102463.39656099568,102417.32323356366,102462.87075152474,101932.3052,101225.05763571427,102839.40828969907,102383.8539466666,102416.54324000001,102616.32595313904,102472.50104445644
5,2019-10-26,102883.8489,102686.6418,102501.18126935897,102457.10519870008,102500.78866659806,101932.3052,105164.45042857144,102566.35487636007,102513.09673133328,102516.50055800001,102646.27573065052,102538.82588689464
5,2019-10-27,102906.9646,102883.8489,102692.45003912362,102651.13328535808,102692.15024200616,102530.58221666666,103440.38447857143,102622.47099463406,102749.70049599987,102743.55427000001,102782.69418893347,102727.84265676381
5,2019-10-28,103005.4054,102906.9646,102745.76370437877,102718.75089876565,102745.293850325,102530.58221666666,103653.26992571428,102343.0298473169,102779.26122733322,102752.552194,102790.61263278204,102762.87491962696
5,2019-10-29,103162.8955,103005.4054,102887.10619678222,102905.90120536683,102886.1540138583,102784.9992230769,105069.76688142856,102398.8689023929,103011.77862599996,102975.09859,102783.6561524981,102900.44532795495
5,2019-10-30,105484.2778,103162.8955,103073.14552259266,103129.27292690032,103071.96890678508,102561.47056666667,105590.28139571428,102474.63173294502,103170.05554266663,103165.61092199998,103211.6531530793,103170.32720754873
5,2019-10-31,105478.1299,105484.2778,105285.34203506335,105258.52919221223,105284.52968701471,104588.9425,105017.64552857143,104360.14874867658,105210.37263200004,105110.35170400002,105227.20327165995,105232.03503195742
5,2019-11-01,105433.0487,105478.1299,105382.07981318606,105295.5793037643,105381.31718097275,104588.9425,102063.04571428572,103911.06042511022,105157.09414533335,105096.66131600001,105089.89714878499,105180.85686596089
5,2019-11-02,105306.8426,105433.0487,105269.73698785347,105120.8446528983,105270.14113530863,104588.9425,102063.0457142857,103911.24216706537,105181.04624000003,105046.64164799999,105099.59674702823,105133.82921330885
5,2019-11-03,105306.8426,105306.8426,105124.71058049847,104960.37549674057,105125.53166278696,104588.9425,102458.26544285715,103753.77110577264,105223.88459266667,105114.24388000002,105130.53689354482,105104.93232765068
5,2019-11-04,105306.8426,105306.8426,105173.22199152168,105017.19986900645,105173.81526926525,104588.9425,102915.56197142857,103567.24721458528,105208.67996,105109.60286799999,105126.44605706332,105117.44196202327
5,2019-11-05,105147.4114,105306.8426,105264.27129150089,105089.34834870731,105264.26690397298,104588.9425,105588.77372857141,103133.71587787541,105158.08565466673,105040.17376199996,105185.71548064612,105144.38316134007
5,2019-11-06,105043.8413,105147.4114,105192.98869017347,105010.73539939066,105192.33168753234,104588.9425,105321.90533285715,102343.17921366323,105089.08508666672,105036.26931599998,104957.6912237091,105019.17056992215
5,2019-11-07,105097.8385,105043.8413,105011.79267572139,104759.03092081787,105010.7895223042,104588.9425,104002.5616,102163.38379212885,104900.58944066669,105009.41899999998,104952.70041383177,104870.77359177211
5,2019-11-08,106806.4989,105097.8385,105047.51507775128,104803.02021544712,105046.76561017931,104588.9425,105632.4964642857,102158.64921421754,104879.75727533334,104874.24129599996,104979.75266910483,104887.5100532951
5,2019-11-09,106914.5312,106806.4989,106695.75776012559,106480.99348603416,106694.93656145739,108135.2672,105408.60579999999,104453.17963897908,107151.52518933339,107280.90746199999,106695.82616726725,106776.11494754493
5,2019-11-10,106914.5312,106914.5312,106849.4475224884,106612.21457098542,106848.81419279486,108135.2672,106590.59078571426,103492.11724519178,107038.59507199998,107188.26752399998,106684.42792415219,106778.41252237919
5,2019-11-11,106914.899,106914.5312,106849.37944184591,106648.35506644713,106848.94887524153,108135.2672,104631.13968571428,103621.24618682187,106994.83830133332,107156.65193399998,106684.10076531868,106775.76471103304
5,2019-11-12,106761.0501,106914.899,106871.25695231455,106703.23462647409,106870.8485064169,108135.2672,104612.06718571427,103759.28084796922,106993.12310733338,107182.99737799999,106720.20865434436,106805.52212938394
5,2019-11-13,106657.3729,106761.0501,106707.38563294844,106670.48460947178,106707.67270747163,108135.2672,105576.3139,103657.7980752642,106874.77996200004,107108.85055199996,106709.1165853769,106751.46038561624
5,2019-11-14,106605.2455,106657.3729,106627.2753711757,106599.60424275862,106627.53080880914,105398.69435,105111.60931428571,103371.8800674406,106382.43257200006,106655.85822799997,106126.54402585755,106369.52694687208
5,2019-11-15,106626.1932,106605.2455,106620.73629690851,106583.01746017694,106620.68666147285,105398.69435,106835.14379999999,102846.7455888936,106445.43771600007,106598.229322,106131.19142928616,106386.54886848772
5,2019-11-16,106565.3358,106626.1932,106570.46458419343,106465.30671404775,106570.40420905278,105398.69435,107001.12684285713,102746.21088428839,106449.92453733338,106594.169836,106127.04148332354,106347.42424490156
5,2019-11-17,106586.6483,106565.3358,106499.74958549156,106397.50471264825,106499.79184098779,105398.69435,107165.52475714286,102670.3657860387,106416.59169600006,106606.29321199999,106099.9668703446,106304.6877596643
5,2019-11-18,106310.1298,106586.6483,106528.10851443619,106432.38315583093,106528.12598787565,105398.69435,107165.78189999999,102687.61904478485,106437.65976866671,106607.056294,106109.97631445882,106326.67307965214
5,2019-11-19,106419.5094,106310.1298,106291.41453712583,106200.54341833845,106291.19804139737,105398.69435,104973.77718999998,102787.01359519492,106158.29616266671,106355.72464999997,106088.8118543071,106149.21714510408
5,2019-11-20,106351.5275,106419.5094,106386.8928027818,106301.04007688792,106386.69994054544,105398.69435,106943.55595714285,102755.40854767011,106268.86517333334,106439.07620799998,106138.47709965419,106236.12744995848
5,2019-11-21,106213.9554,106351.5275,106305.66379953391,106215.17603215053,106305.62739124597,105398.69435,107483.22662857141,102621.45413298116,106204.43564733336,106411.83931199998,106115.50638215865,106178.37268721419
5,2019-11-22,106241.5279,106213.9554,106131.95244974483,106116.22417275865,106132.41483935526,105398.69435,108548.72312857142,102637.95841055023,106161.49851733336,106334.889112,106131.19142928616,106136.30470645938
5,2019-11-23,106272.0464,106241.5279,106134.41763927319,106109.27222688922,106134.95340512562,105398.69435,106789.66251428572,102656.62591810645,106188.49524133334,106349.380808,106133.8812897803,106143.88291933428
5,2019-11-24,106239.5044,106272.0464,106153.5847400765,106115.61712978673,106154.07084322609,105398.69435,107165.78189999999,102554.1756332999,106193.45203133332,106361.50418399999,106102.65673083873,106137.24196398626
5,2019-11-25,106232.2672,106239.5044,106128.10308636035,106083.87979021428,106128.42936065368,105398.69435,107471.78194285715,102434.57889559364,106162.44139400002,106344.98057399999,106099.9668703446,106115.42935151963
5,2019-11-26,105705.6823,106232.2672,106158.31488055598,106099.14514958979,106158.31398469117,105398.69435,106906.40008571428,102443.02684130118,106165.93778066669,106389.90436799999,106119.13942800467,106128.07411942039
5,2019-11-27,105930.5124,105705.6823,105649.9844732218,105580.99669593202,105649.76072126192,105398.69435,99048.81382142856,103002.99896633241,105445.07385333336,105405.09183999998,105492.1616683251,105506.07740586349
5,2019-11-28,105681.317,105930.5124,105824.73003078312,105746.63131751255,105824.49285164906,105398.69435,103917.28657428571,102568.20997557847,105770.39417399999,105839.67979399998,105530.01664995207,105682.34738048822
5,2019-11-29,105328.6262,105681.317,105560.66026177949,105527.08674105351,105560.77475310926,105398.69435,103403.78842857142,102273.15081098644,105481.11847533337,105387.31165000003,105496.83367080004,105501.6796290623
5,2019-11-30,105099.3496,105328.6262,105200.73130815414,105169.07983396515,105200.87090774009,104588.9425,100481.21059571429,102494.88539807285,105193.94234133339,104993.16508799997,105163.31700364928,105175.44639298262
5,2019-12-01,105131.2673,105099.3496,104945.19650835992,104917.56686751336,104945.49626273959,104588.9425,102460.28460428571,102233.05855023112,104799.89149333331,104746.74780999996,104954.43630595508,104890.6315556006
5,2019-12-02,105131.4673,105131.2673,104971.21346610936,104923.01148144557,104971.48890429053,104588.9425,103947.26401428571,102054.96648575173,104961.36036533334,104819.635924,104979.83613441381,104954.73599373091
5,2019-12-03,104847.3004,105131.4673,104977.2483097015,104925.7960138509,104977.46429821927,104588.9425,102682.39525714285,102010.02324557523,104868.38185866673,104786.03385199996,104988.23268275203,104927.47018508987
5,2019-12-04,103837.1797,104847.3004,104716.63078715492,104669.20589220537,104716.81788014178,102823.4104,102689.26114714285,102150.56968217515,103985.98528533318,103999.08118000001,104416.9361214237,104357.37576632074
5,2019-12-05,103817.7506,103837.1797,103718.38098937343,103657.35272117073,103718.17996700775,103980.0843,101043.73921857144,103982.62209000112,103748.31052933335,103749.33662599999,103547.20937632739,103650.95754227716
5,2019-12-06,103843.9824,103817.7506,103626.80495982003,103575.22270457796,103627.00647285554,103758.7011,101792.58754714286,101970.31712977402,103694.72213066672,103662.40477000002,103761.31121860092,103677.08535128187
5,2019-12-07,103245.261,103843.9824,103636.60417672242,103559.7268765284,103637.04939589479,103758.7011,102038.27174285715,102074.60683196619,103651.14943400004,103581.83719000002,103763.40221886658,103658.09284313167
5,2019-12-08,103245.261,103245.261,103082.49823159004,103006.56072609166,103082.40705822024,103676.895,100502.65092857143,103135.117671832,103244.45225999989,103214.00966399997,103133.9239191665,103128.31230175268
5,2019-12-09,103255.6653,103245.261,103045.97025027935,102980.29019236076,103046.04970662572,103676.895,100949.03030571427,102090.80870505513,103187.8193786666,103122.733788,103251.92595865742,103140.01184322825
5,2019-12-10,103222.6763,103255.6653,103060.01177672463,102975.03504752567,103059.94147994841,103676.895,99626.32910857143,101897.32004881273,103035.62674666657,102906.888804,103181.18724550545,103063.94967989922
5,2019-12-11,103062.6556,103222.6763,103001.86053255339,102956.14426627167,103001.98025691927,103676.895,100921.76954857142,101574.69104275152,102930.60177666662,102852.47815200001,103161.84957385593,103016.19853893139
5,2019-12-12,102904.2104,103062.6556,102852.46198953476,102820.07360831855,102852.83392082893,103024.1970875,99949.15466571426,101535.2151647313,102855.47340999988,102819.67076000004,102932.78072382257,102869.44258071366
5,2019-12-13,102866.9666,102904.2104,102677.55319230877,102625.67065937948,102677.92769066541,102784.9992230769,99777.99384571429,101421.72275199242,102834.31354266661,102861.59163800001,102724.04073446034,102728.00831216881
5,2019-12-14,102704.561,102866.9666,102609.21434118529,102553.91403747338,102609.63276176366,102784.9992230769,99270.24085428573,101289.02627077498,102825.61743133329,102849.96986400003,102724.04073446034,102701.19073442234
5,2019-12-15,102699.0255,102704.561,102464.30522304961,102427.36370020607,102464.80933051113,102784.9992230769,100078.40576000001,101281.80265471537,102656.50437466669,102642.93525600001,102693.2816606558,102592.38324517618
5,2019-12-16,102695.9755,102699.0255,102458.14997818296,102418.63670350955,102458.69550549795,102784.9992230769,99920.58433,101189.14708990318,102629.75224800005,102648.281212,102693.2816606558,102580.5568707218
5,2019-12-17,102690.1989,102695.9755,102479.22759249512,102426.85432844318,102479.56677055907,102784.9992230769,99920.17152428572,101242.09034494773,102622.82036266671,102636.55439400002,102634.64091336339,102561.43853482443
5,2019-12-18,102464.979,102690.1989,102473.5410420575,102370.8926684499,102473.77048959184,102399.7866,99561.8883442857,101112.45131774299,102616.57258466672,102650.867524,102634.64091336339,102540.70205549333
5,2019-12-19,101908.4133,102464.979,102246.97648531453,102159.1092766917,102247.1430846195,102399.7866,99242.69330571427,101227.15187954181,102239.80907200002,102299.45408999998,102385.54352758802,102261.48729209324
5,2019-12-20,101853.8669,101908.4133,101713.63516245103,101639.70367105198,101713.5594709997,101697.5919611111,99258.30061857142,102179.9536373339,101757.67550533339,101729.91978200004,101864.59487630117,101753.9913508955
5,2019-12-21,101761.8584,101853.8669,101639.65586870976,101547.2667277696,101639.54877232974,101697.5919611111,99463.40953142858,101059.3422789634,101767.91972599993,101742.26298600003,101731.17770328773,101682.12138568575
5,2019-12-22,101763.2273,101761.8584,101553.45895105177,101465.12809555158,101553.3670274936,101697.5919611111,99556.19963857144,101059.53408480139,101666.49023533323,101630.26754200002,101784.00739552693,101638.54190880392
5,2019-12-23,101763.2273,101763.2273,101566.3888168933,101486.3962924074,101566.21414341175,101697.5919611111,99545.84094142857,101021.3901669031,101668.12000333324,101631.51872599998,101794.01683964116,101649.51104512728
5,2019-12-24,101424.7004,101763.2273,101589.78478644555,101520.98678444324,101589.42724326765,101697.5919611111,100120.91361142858,101034.01755439519,101662.2386699999,101627.29889399999,101744.70431988404,101642.64325810906
5,2019-12-25,101457.4831,101424.7004,101417.00466062159,101354.61248881377,101415.79364504732,101075.4205,98357.53469285715,101491.69613433702,101242.06279133329,101245.55778000003,101306.88627812635,101301.18718609113
5,2019-12-26,101457.4831,101457.4831,101404.35968128474,101355.66656084174,101403.48066304039,101417.04271428574,97923.56839714285,100932.34417664669,101367.47391399999,101339.45551600002,101399.3030094389,101374.14782809354
5,2019-12-27,101457.4831,101457.4831,101287.48462391917,101282.52717887289,101287.0202223658,101417.04271428574,99422.2720742857,100690.82718153625,101402.35540733338,101374.681288,101367.50075544236,101350.7944472162
5,2019-12-28,101127.9189,101457.4831,101281.0624214298,101270.17688860808,101280.64708150762,101417.04271428574,99518.45022999999,100718.36451133681,101380.86338000004,101363.89840800001,101359.5823115938,101336.87419340065
5,2019-12-29,101129.5489,101127.9189,100962.63867339632,100950.86836325316,100962.25847836465,101156.371475,97995.44852,101071.46939192143,101025.02177066657,101044.00654200003,101027.91967581707,101001.26993657893
5,2019-12-30,101135.6156,101129.5489,100959.87786782715,100958.75426295318,100959.55078076012,101156.371475,99082.29718571428,100542.83215397123,101044.84128133328,101076.43983600002,101053.3195042758,101018.9716828541
5,2019-12-31,101173.0074,101135.6156,100997.18567365351,101012.62157088978,100996.59537966325,101156.371475,98938.76076285714,100610.3673285046,101019.5343886666,101007.80483799998,101004.00698451868,101012.05431469169
5,2020-01-01,101441.0989,101173.0074,101207.5726098138,101222.83594638741,101206.30647148086,101074.54055,99355.97633999998,100778.79658730925,100982.14140066657,100948.32180199999,101004.00698451868,101069.66144385755
5,2020-01-02,101441.6283,101441.0989,101312.58189929606,101309.64967721229,101311.82350928399,101417.04271428574,100616.65848,101166.65738163209,101332.38790000002,101328.15467800002,101399.3030094389,101347.11352888374
5,2020-01-03,102065.793,101441.6283,101274.46386462318,101214.41208703195,101274.38014151248,101417.04271428574,101131.1568,100501.72552768212,101347.07033466666,101342.66876200003,101367.50075544236,101309.66105904698
5,2020-01-04,102098.5953,102065.793,101863.25838719535,101793.16152736363,101863.24812067005,101697.5919611111,100449.57569714285,102850.55943098651,102094.86459133337,102135.23584000001,102022.92163685629,101970.31591851776
5,2020-01-05,102126.6394,102098.5953,101932.97817997145,101873.65318583914,101932.90887302898,101697.5919611111,99870.349,101139.11227782232,102087.40948000003,102118.989762,102039.36189903067,102000.14152162329
5,2020-01-06,102066.7612,102126.6394,101955.02716754242,101874.59858189168,101955.27930841538,102250.88285714286,99870.12759142857,101108.79795680457,102163.42546066671,102197.19802599997,102219.72948502346,102085.91784252728
5,2020-01-07,101924.6544,102066.7612,101946.2945928723,101861.65108565283,101946.16635647081,101697.5919611111,99923.89386571429,101055.83411753716,102085.61053466672,102113.56861399999,102008.12680102552,101985.1294737817
5,2020-01-08,101854.9346,101924.6544,101826.84749242484,101756.9340619569,101826.548040291,101697.5919611111,101630.95158571427,100843.92626424035,101938.35816733338,101930.969792,101939.8024607776,101878.36489668931
5,2020-01-09,101851.1411,101854.9346,101747.72427103782,101678.2150859752,101747.35913885146,101697.5919611111,102103.26802857143,100660.21195814018,101919.54633533329,101912.03322000001,101959.70496359529,101852.48879496793
5,2020-01-10,101904.01,101851.1411,101756.4701738132,101679.0491186131,101756.04217026838,101697.5919611111,101149.38801428571,100524.42679024265,101915.990452,101919.733814,101740.87730153097,101778.63895738136
5,2020-01-11,101894.5498,101904.01,101785.8358325626,101667.64705049292,101785.3006488328,101697.5919611111,100837.34758285714,100620.18561041418,102021.27635133338,102042.295812,101943.01925264705,101877.31421815779
5,2020-01-12,101894.5498,101894.5498,101775.3599407639,101667.41216524273,101774.81906470454,101697.5919611111,101444.93384285715,100506.44150069439,102020.64835333337,102055.79243999999,101972.31517833467,101886.79189897026
5,2020-01-13,101811.4992,101894.5498,101784.44115735493,101683.3926285905,101783.8872196713,101697.5919611111,101785.2732857143,100461.69735441083,102039.99478266666,102081.62651799999,102002.79773114868,101908.72838080196
5,2020-01-14,101781.2276,101811.4992,101737.24675614052,101658.79636759932,101736.47936002484,101697.5919611111,101153.35637142857,100557.0446729756,101959.796204,102018.93946000002,101791.80565698695,101803.46607619543
5,2020-01-15,101860.1896,101781.2276,101712.97044295544,101668.38803813036,101712.23540250763,102151.75668000002,101708.31965714286,100548.02690517153,101873.40137666668,101899.820512,101791.80565698695,101777.865023928
5,2020-01-16,101997.3167,101860.1896,101781.03361415745,101748.23196827961,101780.32876132792,102151.75668000002,100371.03864714285,100673.68829905841,101977.9001893333,102014.57038600002,101999.96252338128,101908.69822699805
5,2020-01-17,102141.9539,101997.3167,101896.93474695658,101880.12316941556,101896.5446833681,102151.75668000002,100958.28631857142,100818.7723757662,102106.97144199997,102138.80778800003,102007.67710700481,101998.25723947345
5,2020-01-18,102234.7577,102141.9539,102013.57485337341,101972.35227461296,102013.5316912522,102457.7658958333,99930.99419285714,100974.76648394793,102306.14573199995,102258.61797999998,102240.53214554838,102173.01005072042
5,2020-01-19,102234.7577,102234.7577,102098.5549707328,102064.32800211554,102098.57967285189,102457.7658958333,101017.27168857143,100886.56639653782,102432.6513853333,102352.55730599997,102468.59227205644,102321.85721983509
5,2020-01-20,102231.8922,102234.7577,102113.3362667221,102080.79943952791,102113.32419703789,102457.7658958333,101251.41205857146,100780.04407905857,102428.77813199998,102349.29149799999,102476.51071590501,102328.69609581097
5,2020-01-21,102410.4412,102231.8922,102143.77482573655,102111.65838560174,102143.59006509518,102457.7658958333,101148.53541999999,100869.80157632352,102378.24861399997,102301.21954199999,102473.17669642401,102321.02789867524
5,2020-01-22,103250.5283,102410.4412,102325.40899909177,102296.22622072912,102325.14620272657,102457.7658958333,100843.75124714286,101154.26643645708,102546.24725800003,102493.423582,102492.51436807353,102444.99594893423
5,2020-01-23,103366.0384,103250.5283,103131.25799132511,103102.0533340233,103130.9879558062,103807.5327,99906.91657857144,103741.92427922197,103480.26332333326,103426.17213199995,103337.95574826971,103306.75746854208
5,2020-01-24,103362.1834,103366.0384,103268.76099095952,103210.95596255905,103268.52551634837,103119.4376,101245.16405142857,101884.28363249752,103298.07284466665,103223.99324399997,103263.23512355109,103257.42131025893
5,2020-01-25,103423.4369,103362.1834,103251.55552322503,103193.29394792765,103251.42450980177,103119.4376,100881.47145857142,101907.5260956198,103265.68038466666,103273.088116,103253.22567943686,103237.4000040104
5,2020-01-26,103472.698,103423.4369,103298.88926125276,103245.14122301055,103298.8603660105,103119.4376,101922.66794857143,101954.9217971646,103333.92201199998,103279.167842,103255.19284967874,103278.08536156309
5,2020-01-27,103472.785,103472.698,103368.94048533737,103305.77775743612,103368.895075943,103119.4376,102041.1081357143,101839.23129613601,103315.45505266666,103273.72592199995,103280.84997676144,103300.69426228809
5,2020-01-28,103400.6892,103472.785,103416.30483494722,103340.29694916976,103416.02149173779,103119.4376,101370.23749285714,101654.55577904654,103213.16125666664,103231.28400599997,103316.95786578712,103290.1386905412
5,2020-01-29,103648.1647,103400.6892,103364.08661693572,103278.3487545006,103363.63768369336,103119.4376,101830.73448571427,101318.8946047612,103210.99633266663,103266.39338599997,103292.93493068816,103260.7600059518
5,2020-01-30,103662.3267,103648.1647,103549.2314968248,103439.12113044791,103548.81839513317,103119.4376,100285.16003714285,101721.39716976424,103358.20730066662,103417.80007799999,103553.9623300952,103450.43025373657
5,2020-01-31,103716.9313,103662.3267,103552.3212781034,103442.2421551781,103552.05373478703,103119.4376,101235.13774857145,101286.19624212515,103396.4958793333,103344.978088,103560.3191496874,103466.35239473294
5,2020-02-01,103609.0238,103716.9313,103599.19535335919,103494.31843214516,103598.96583311041,103119.4376,100500.19242999998,101443.50158794584,103595.14090200003,103574.140916,103549.47886545796,103546.31273320103
5,2020-02-02,103609.0238,103609.0238,103486.06222811269,103396.48126901213,103485.92834834453,103119.4376,99344.59508571429,101341.15592452609,103329.83471066663,103371.54827799999,103525.32609285989,103417.21402417956
5,2020-02-03,103500.9088,103609.0238,103496.67669605016,103413.29572362288,103496.48824345648,103119.4376,101839.0131,101306.88916477602,103331.54441266668,103378.77886399999,103535.33553697412,103426.72522442123
5,2020-02-04,103485.1563,103500.9088,103421.65095884746,103350.88286717169,103421.34650443461,103119.4376,101359.43155714286,101379.37459048825,103145.51015733331,103184.17833399998,103292.93493068816,103263.10931839772
5,2020-02-05,103534.5486,103485.1563,103395.58528524684,103366.70880295361,103395.55560478919,103119.4376,101239.55631428571,101358.88710939445,103087.6005353333,103140.53891799999,103292.93493068816,103249.0814229917
5,2020-02-06,102761.5709,103534.5486,103408.67360751197,103372.49479104306,103408.81284249431,103119.4376,101363.30841285715,101375.27634714781,103134.62300133328,103146.14836399996,103302.3986102634,103269.83880087991
5,2020-02-07,102342.7577,102761.5709,102665.68837487101,102641.28787973314,102665.7876149708,102806.19203,99690.15014571429,103161.27206211897,102845.87537999997,102833.76427000001,102769.02466838951,102752.06264270755
5,2020-02-08,102453.5129,102342.7577,102221.79378379471,102221.73304177959,102221.97677404953,103152.5951,99913.33987714285,102135.78849316346,102355.29119466669,102294.33547600001,102484.57626970031,102353.86683538218
5,2020-02-09,102453.5129,102453.5129,102306.20209271277,102303.13110289484,102306.50618602044,103152.5951,100585.78039571429,101589.76095581161,102616.09502533336,102580.26504199998,102476.26965826968,102465.16526216595
5,2020-02-10,102467.6956,102453.5129,102319.14948830384,102299.14404598087,102319.3797991134,103152.5951,101571.68168000001,101435.83672112455,102608.88624200007,102590.36562199998,102479.43255628589,102462.48761475559
5,2020-02-11,102436.5769,102467.6956,102351.94094618932,102325.2803555046,102352.02547889424,103152.5951,100521.67597142856,101424.49931575061,102574.36046400006,102588.36186799998,102487.8291046241,102462.48997470958
5,2020-02-12,102437.7356,102436.5769,102296.91104717407,102284.06606192529,102297.11687203204,103152.5951,100880.53611999999,101244.6921404729,102579.16197333335,102577.75274400001,102468.49143297458,102443.90648941108
5,2020-02-13,102639.551,102437.7356,102249.14309960257,102250.78204374551,102249.42892290848,103152.5951,100434.65303857143,101047.24840454027,102611.24695266674,102593.07157800002,102476.5973485185,102446.20878164358
5,2020-02-14,102676.7218,102639.551,102446.20506603933,102467.1985446893,102446.64885316933,103152.5951,100684.41011142857,101296.98896309028,102740.138842,102795.521922,102716.90042128327,102641.41260265752
5,2020-02-15,102535.5606,102676.7218,102495.94303329589,102507.69859598525,102496.42995315335,103152.5951,101009.73788428571,101133.77757680831,102751.72796733333,102773.57112,102708.9819774347,102656.1361802511
5,2020-02-16,102540.0291,102535.5606,102341.87644226254,102346.86379701186,102342.44222265267,103152.5951,99947.89709857143,101049.34651364098,102627.29109066674,102648.75208999997,102702.0116013129,102558.72216299716
5,2020-02-17,102540.0291,102540.0291,102492.5803043625,102471.48648807302,102492.59982177983,103152.5951,99900.29665428572,101086.41256516048,102641.41997666672,102663.22889599996,102712.02104542713,102608.30917005563
5,2020-02-18,102540.4291,102540.0291,102373.06754302465,102351.76201396306,102373.43547292039,103152.5951,101048.90729428572,101008.41444830364,102649.29699333341,102659.38983799996,102720.41759376535,102573.82553368727
5,2020-02-19,102546.2196,102540.4291,102370.61028356328,102337.4986321062,102371.00642011469,101932.3052,100612.69454285712,100956.00565311707,102591.08470133338,102575.906052,102663.67818325615,102530.75383889857
5,2020-02-20,102450.7976,102546.2196,102368.89263291897,102287.68339493375,102369.17793986616,101932.3052,100281.51171428572,100914.44995552242,102609.64507066672,102621.780522,102688.26594952327,102528.53147170792
5,2020-02-21,102460.6192,102450.7976,102278.10281204364,102170.97443059876,102278.0488379128,102250.88285714286,99643.16354142856,100846.68722952907,102502.09239733336,102474.07372,102417.5630775186,102363.54330181691
5,2020-02-22,102303.2545,102460.6192,102273.67428744293,102172.9643552165,102273.66185127394,101932.3052,100011.94722142858,100954.80569226884,102525.72139266669,102496.16672999998,102419.65407778426,102372.77994188915
5,2020-02-23,102303.9403,102303.2545,102123.37694574379,102028.19673063692,102123.4234405101,101906.18828571429,100028.79746142858,100970.93384447669,102232.02904666662,102182.06830600003,102448.50322403519,102236.24300044624
5,2020-02-24,102304.0653,102303.9403,102133.13786962567,102041.02363667655,102133.14173638483,102250.88285714286,100140.64637714285,100865.1141142377,102387.83732399998,102356.79012200002,102458.51266814941,102295.79120960865
5,2020-02-25,102237.405,102304.0653,102161.70173935484,102066.58475540561,102161.54764267619,102250.88285714286,99986.32781142856,100952.58181986691,102388.84180666665,102359.80208800001,102431.08969411491,102295.50541872905
5,2020-02-26,102274.6794,102237.405,102099.11508139301,102006.77978671661,102098.928967533,102250.88285714286,100539.97021857141,100900.70417669603,102350.0153593333,102304.676456,102411.75202246539,102256.18238950509
5,2020-02-27,102215.3975,102274.6794,102110.15148462873,102030.9379368095,102110.14921391504,102250.88285714286,100039.52969285715,100974.17062012666,102395.32241066667,102352.81513400002,102455.67746038202,102293.97926928608
5,2020-02-28,102340.5227,102215.3975,102057.46619166134,101988.26192146304,102057.39837603885,102250.88285714286,99956.10666,100907.44817323788,102283.83948266666,102285.3627,102417.5630775186,102229.88816054944
5,2020-02-29,102427.5404,102340.5227,102175.02708716044,102106.21548233171,102174.89593887952,102250.88285714286,100386.02477,101157.828751216,102429.74963466669,102371.34314199998,102419.65407778426,102318.53973159422
5,2020-03-01,102428.2501,102427.5404,102270.00284199238,102209.52132244843,102269.87489033477,102250.88285714286,100055.78899857144,101093.32038242268,102573.15210466665,102536.31946799999,102450.59422430085,102411.08921713864
5,2020-03-02,102428.2846,102428.2501,102292.02645377032,102233.6690877941,102291.83597704161,102538.2484,99999.66528142858,100992.20597128343,102606.17878866673,102559.17673400002,102458.51266814941,102432.78684820341
5,2020-03-03,102306.6666,102428.2846,102327.7142860522,102281.38047312527,102327.29369847596,102538.2484,99988.83888857144,101088.24883641646,102622.0058826667,102572.43815200002,102431.08969411491,102444.82534996896
5,2020-03-04,102265.9072,102306.6666,102223.29302613933,102189.51811986313,102222.8361925868,103152.5951,100080.72259142858,101072.5746940029,102430.4359553333,102345.62294600002,102411.75202246539,102343.90203255393
5,2020-03-05,102048.7639,102265.9072,102176.21055451928,102150.0633887369,102175.71491515775,103152.5951,99917.69752571428,101026.81030565307,102535.26128066667,102464.56411800001,102457.25967686897,102380.86144875751
5,2020-03-06,102022.5502,102048.7639,101989.55210392213,101974.88640856324,101988.80072788845,112953.6903,99245.83179714286,101152.20684958609,104749.18026600008,104965.21937600002,102050.601618794,102924.88943111913
5,2020-03-07,102101.4431,102022.5502,101927.4999041019,101858.86134367486,101927.2041806851,112953.6903,99914.30359142857,101015.66707659632,104691.45010466673,104762.89510799997,101997.66766289058,102849.32637041072
5,2020-03-08,102101.4431,102101.4431,101983.20868744484,101900.07069325441,101983.13543189327,112953.6903,99815.4894442857,101000.25403159941,104825.36504800008,105045.18917399997,102063.20362754802,102929.54645626749
5,2020-03-09,102102.5369,102101.4431,102000.13617451201,101915.05062025809,101999.98752811871,112953.6903,99809.0110257143,100897.90886343048,104818.71885733343,105033.03706999996,102071.12207139659,102934.96384966269
5,2020-03-10,102203.6821,102102.5369,102023.99208699176,101939.69700021445,102023.7027899357,112953.6903,99836.49934428571,100967.25901299014,104821.01514133344,105029.87958799997,102079.51861973481,102946.74358709423
5,2020-03-11,102287.364,102203.6821,102119.96943579728,102042.69652678614,102119.75031503807,112953.6903,99769.60096142857,101049.08101279759,104918.18166800008,105114.06109199997,102487.8291046241,103149.56909980344
5,2020-03-12,102206.4152,102287.364,102183.50046046537,102103.17523477231,102183.40990002338,112953.6903,99877.64288285714,101065.19219357953,105034.6189573334,105194.45521399999,102476.5973485185,103204.79718020807
5,2020-03-13,102302.9779,102206.4152,102112.1117103505,102044.56535183685,102112.07329734924,112953.6903,99952.64180142856,100958.6624629756,104921.20569400008,105110.89784999998,102474.3024880278,103146.6911779549
5,2020-03-14,102006.7054,102302.9779,102203.53802198684,102140.95917880854,102203.50258162878,112953.6903,99895.93665285714,101181.14604570752,105024.10370933342,105171.93240999996,102476.39348829346,103213.81879214513
5,2020-03-15,101926.6546,102006.7054,101923.25934882408,101865.4797602538,101923.19692999429,112953.6903,99765.20354428572,101362.81708520337,104606.48824666672,104683.99296,101977.39790268995,102816.45530320349
5,2020-03-16,101910.3959,101926.6546,101852.95828842293,101794.33126589062,101852.90712178196,112953.6903,99713.48236000002,100958.68579380511,104643.1665053334,104487.91068399999,101992.78828703445,102810.09535275282
5,2020-03-17,101759.8648,101910.3959,101870.94047885807,101801.95934881759,101870.70885064159,112953.6903,99716.54125285716,101033.88185540639,104651.19687200003,104478.14371999998,101991.85660783737,102815.00427621831
5,2020-03-18,101767.3745,101759.8648,101731.69136310882,101655.25548709516,101731.37126112725,112953.6903,99129.15795,101087.4754807223,103296.52437933326,103120.00013799997,101791.80565698695,102247.86184113845
5,2020-03-19,101704.1313,101767.3745,101714.95299428495,101629.8335319635,101714.70721045608,112953.6903,99763.74916714287,101013.1661308969,103273.17377533329,103053.525714,101803.84068540034,102235.61599756572
5,2020-03-20,101775.2615,101704.1313,101654.31324441962,101570.53442493378,101654.05796900779,112953.6903,99867.51378285713,100949.36805496622,102629.33084933329,102752.15706599999,101803.79989501486,102001.22172309399
5,2020-03-21,101868.5308,101775.2615,101700.90489548865,101619.25178389272,101700.77249348274,112953.6903,99837.12425857144,101074.82861758358,103891.25194600003,103683.222212,101805.89089528052,102438.7982083911
5,2020-03-22,101868.5308,101868.5308,101797.13896417106,101725.87587384069,101797.10802053733,112953.6903,99794.45006857142,101078.03928210944,104620.4898633334,104464.40144399999,102001.0624702748,102782.47606914963
5,2020-03-23,101868.5308,101868.5308,101816.75930875778,101746.20996536082,101816.72397844454,112953.6903,99747.50155714287,100982.03125585543,104624.32853000006,104459.800908,102008.98091412337,102793.17313649475
5,2020-03-24,101190.8448,101868.5308,101840.60088899953,101779.28931917022,101840.47492087577,112953.6903,99802.27946857143,101080.23520658548,104639.14476466672,104466.20716399999,102017.37746246159,102811.93718209951
5,2020-03-25,100482.6114,101190.8448,101214.60842597293,101166.25663020254,101214.24871078873,100916.33945,99523.56102714287,102718.72254279254,101027.77376266666,101051.817972,100868.74814337265,101020.92617874728
5,2020-03-26,100002.3308,100482.6114,100509.44551508331,100463.91449554428,100508.98587867839,100576.61123333331,98861.20598142857,102951.48276617295,100445.42893366664,100438.96115140003,100430.02629095597,100446.45657338896
5,2020-03-27,98978.50841,100002.3308,100027.32657496115,99979.89757966973,100026.91836335612,99206.62834,98814.34316714284,102438.27851762212,99640.38539953329,99649.4500034,99925.82716703696,99848.70338208
5,2020-03-28,99097.97812,98978.50841,99047.78806968601,98962.80532882323,99047.04427217886,99009.76501166665,104941.27881285716,104122.78086743166,98825.10045026656,98858.39723139997,98716.61199982093,98834.8392596369
5,2020-03-29,99097.97812,99097.97812,99089.94491206882,98994.17818323734,99089.65832765371,99258.40065,97797.66884142857,102665.44820299685,98880.43844393328,98859.53252819998,98817.08446096693,98897.23369604586
5,2020-03-30,99192.06602,99097.97812,99082.30620333226,98968.0168371547,99082.18811843015,99258.40065,97967.41683428572,102444.66460415107,98868.6590152666,98825.54305619998,98837.19285229487,98891.28956823873
5,2020-03-31,99338.72412,99192.06602,99157.62077609544,99050.11630199407,99157.53217258758,98669.29095,96744.07539428571,101954.30735240363,99048.0305757333,99107.15218939999,99112.03507697502,99070.06065156746
5,2020-04-01,99206.63067,99338.72412,99285.72930858876,99220.0148252513,99285.88640965102,98669.29095,98951.35737285715,101387.83584988149,99179.11925906663,99225.60628839997,99113.94997077576,99171.02801836457
5,2020-04-02,98711.68575,99206.63067,99136.27202664375,99104.8562484301,99136.79414266034,98669.29095,99035.44625285715,100972.01804338861,99067.46553793333,99111.53024439997,99123.39801612248,99098.5732674953
5,2020-04-03,98769.62351,98711.68575,98650.01261912494,98664.39354738555,98650.57070642145,98527.65995666667,98041.59217142858,101832.14975589291,98511.8864810667,98515.65156459999,98546.29504692041,98574.19169179088
5,2020-04-04,99045.81635,98769.62351,98713.88110263222,98761.3767835513,98714.81603059277,98527.65995666667,99823.14415857142,100889.65850691411,98620.80196333335,98731.53357579999,98608.35782059317,98663.51218915927
5,2020-04-05,99045.81635,99045.81635,98965.20634098523,98979.24346434386,98966.31833531054,99009.76501166665,99193.50540285713,101348.07403402457,98989.92748319992,99110.15191139998,98849.45914744982,98939.54336499788
5,2020-04-06,99045.81635,99045.81635,98990.29770074863,98986.46738008375,98991.37258112294,99009.76501166665,99759.42465428573,100790.8414565736,98948.80393839991,99047.38134399996,98857.37759129838,98930.88296992735
5,2020-04-07,98992.83454,99045.81635,99020.54760673954,98981.03666918981,99021.32811165239,99098.99166,99743.83226857141,100848.14272728041,98960.50519806657,99045.90886520002,98843.38203747387,98928.30796824342
5,2020-04-08,99103.15189,98992.83454,98968.61639574636,98901.44428417068,98969.22966558102,99098.99166,99743.63403714285,100772.77770961715,98945.72536646656,98986.54810279999,98824.04436582435,98890.40467215388
5,2020-04-09,99112.06602,99103.15189,99065.04680520347,98988.83566822065,99065.65428067483,99258.40065,99327.24152857145,100937.70559829542,98817.95584206664,98705.69963579999,98887.1532825983,98897.98159762852
5,2020-04-10,99152.60081,99112.06602,99267.30307509833,99144.09314862751,99267.07699829861,98669.29095,98858.28011,100897.05816281529,99047.04098846666,99076.66759599997,99168.46812934014,99119.86742214476
5,2020-04-11,99152.60081,99152.60081,99172.70264223122,99070.79788261943,99172.93459417013,98669.29095,99966.68571285714,100862.76579806705,99074.8363240667,99111.66868339998,99160.54968549157,99102.06129739255
5,2020-04-12,99071.48762,99152.60081,99170.28563205575,99069.95610951858,99170.45079146895,98669.29095,99830.33611,100754.04388805847,99080.42280946668,99117.64637779999,99195.61016800979,99115.329695665
5,2020-04-13,99071.48762,99071.48762,99106.14808132991,99007.39744311306,99106.42578381262,99258.40065,99731.63763571429,100687.60558593723,98954.86973373326,99008.0810688,98967.73075009196,98976.6659756461
5,2020-04-14,99071.48762,99071.48762,99138.42543436677,99055.74167429442,99138.59043851572,99258.40065,99743.83226857144,100769.63482502948,98981.59645086662,99031.81700260002,98946.19688417004,98994.51166977703
5,2020-04-15,98838.7004,99071.48762,99161.3448764663,99085.56745289043,99161.38479568095,99258.40065,99775.93518428573,100720.67665744733,98984.3667785333,99038.493162,98943.94281406482,99004.62568182952
5,2020-04-16,98895.93749,98838.7004,98938.9742096351,98852.01069355759,98938.90133157713,99098.99166,99322.36511857143,100883.88638781026,98685.83039833338,98768.8538292,98937.27787478035,98825.03965555709
5,2020-04-17,98733.6666,98895.93749,98994.29526580809,98928.85427708754,98994.17185688915,99009.76501166665,99722.55075714286,100642.81822103313,98802.55272486663,98900.87329939997,98987.3764803029,98906.26116075234
5,2020-04-18,98848.9916,98733.6666,98850.4069198496,98813.30724006706,98850.23224443375,98527.65995666667,97584.02685,100808.3935307806,98604.26347226671,98678.41264800001,98777.17470669538,98731.58180634305
5,2020-04-19,98848.9916,98848.9916,98966.15118829253,98954.31639871444,98965.90215424907,99009.76501166665,99814.23291142857,100785.22600239732,98718.9789283334,98809.12887259999,99117.2558306286,98930.18371922546
5,2020-04-20,98848.9916,98848.9916,99014.6464917204,99028.92062099287,99014.10702980621,99009.76501166665,99481.17850571428,100620.52981049288,98748.32864580004,98816.97386979999,99112.98432699779,98963.41119793023
5,2020-04-21,98843.11342,98848.9916,99068.85049594178,99113.47377174218,99067.89765564873,99098.99166,99827.53437428572,100706.82254260029,98769.86883106675,98827.25617080001,99103.33056268426,98995.55772183106
5,2020-04-22,98916.23104,98843.11342,99091.41856370759,99181.61721518735,99090.19589669605,99098.99166,99827.53437428572,100690.57002058947,98768.06235640009,98803.33300220003,99083.99289103474,99011.22415420739
5,2020-04-23,99295.51817,98916.23104,99156.68768723542,99242.17240330529,99155.78138069174,99098.99166,98994.04333285715,100770.30323408336,98975.74345006667,99031.66387020003,99115.99763407552,99111.30449581583
5,2020-04-24,99774.61128,99295.51817,99501.15963083743,99550.76089288236,99500.65945852957,99660.79883,98972.19451571429,101662.81921106936,99387.90614993333,99399.32306500003,99394.19213107054,99444.28639129542
5,2020-04-25,100063.1491,99774.61128,99966.39597945922,99978.94677739208,99966.28048208848,99268.19811,99378.43111428572,102360.03052771142,100119.9104879333,100074.90128939998,100511.27743735023,100203.37823422521
5,2020-04-26,100103.4062,100063.1491,100239.07321910023,100229.5128134196,100239.27010953809,100115.69750624998,98080.15816142857,101872.01520558495,100195.61100906666,100167.98016539996,100279.93598237855,100235.01993495494
5,2020-04-27,100103.5527,100103.4062,100302.36092228547,100298.88008699514,100302.56213070385,100115.69750624998,99381.04375142857,101451.50774123702,100205.8317166667,100166.37004899998,100366.36730423631,100290.35970263272
5,2020-04-28,100145.3911,100103.5527,100337.92764334392,100341.95752688781,100338.04306221996,100181.2449,99516.46590285713,101503.3864373712,100230.33704673337,100197.09262559997,100382.37095640483,100318.221843342
5,2020-04-29,100274.44,100145.3911,100402.71547801464,100401.02026531538,100402.72742511111,100181.2449,99419.28724285714,101393.2581669659,100294.85730260001,100248.9397516,100382.37095640483,100359.4161747734
5,2020-04-30,100479.5173,100274.44,100538.6477167336,100539.16692291327,100538.61738037397,100261.41431666666,99492.65623285713,101364.92856424434,100582.7041807333,100550.65359599999,100564.43977636447,100562.10362667036
5,2020-05-01,100850.2709,100479.5173,100748.67652299625,100726.53219100705,100748.4751881562,100576.61123333331,99027.66993,101369.76543673128,100765.25082533337,100756.61278200001,100817.71602246926,100769.83301293656
5,2020-05-02,100910.9323,100850.2709,101096.35509702194,101061.2136201269,101096.220009303,100765.15045999999,99964.40173,102064.25082614685,101082.67151400006,101130.47042200003,101129.47031105634,101091.11848172777
5,2020-05-03,100910.9323,100910.9323,101151.02632246759,101104.48532819624,101150.98284434433,101228.5787,99255.37031999999,101265.08091428326,101174.02369533337,101234.097602,101196.12777657979,101158.21226670314
5,2020-05-04,100912.3121,100910.9323,101171.77153603615,101137.78880308529,101171.67652340115,101228.5787,99532.97251571428,101197.08159612224,101128.30726533337,101211.23389000002,101204.04622042835,101156.71409628233
5,2020-05-05,101158.6067,100912.3121,101210.44895441413,101184.22145052756,101210.24818996768,101228.5787,99733.58550142859,101264.88755651352,101172.49949733335,101222.02733000001,101257.89279268816,101204.8712468497
5,2020-05-06,101630.191,101158.6067,101464.56227670264,101450.14865534393,101464.32115683434,101720.4915,99985.81964142856,101750.19971312607,101399.21120800007,101398.99084200003,101462.16530783482,101437.1750570596
5,2020-05-07,102172.2149,101630.191,101920.86521394894,101922.27185731886,101920.70956460062,101972.4873,101111.37379714286,102701.37684529886,101870.26011599995,101872.43113200006,101857.14039418747,101883.2241225021
5,2020-05-08,103072.6473,102172.2149,102456.53184198543,102472.9727328097,102456.39930335108,103160.8008,103674.5779142857,103212.99348012292,102768.36653599991,102745.27571599999,102701.03852439272,102647.45926440078
5,2020-05-09,103250.5018,103072.6473,103329.0345810047,103358.09021134491,103328.9081464831,103300.53355,103731.13836285715,104396.61043246946,103514.08170166668,103488.56564200006,103408.72280464445,103426.96490588534
5,2020-05-10,103459.6683,103250.5018,103521.23135268589,103545.87510569797,103521.31600663629,103500.47316,104814.8426,103431.84833828149,103589.09161600002,103552.357468,103631.53218913355,103588.83297027717
5,2020-05-11,103460.7483,103459.6683,103751.21027700086,103794.71961588053,103751.3446890509,103500.47316,104823.88,103694.38047130988,103631.51430599997,103586.21564800001,103639.45063298212,103688.56151828753
5,2020-05-12,103735.6432,103460.7483,103806.59492504764,103852.10453297196,103806.67048065703,103714.77906153846,104262.36681857143,103368.32838555143,103745.81448866673,103674.78738600004,103689.65880260352,103762.52594141406
5,2020-05-13,104088.6799,103735.6432,104096.74095769196,104145.50363664134,104096.72825615713,103500.47316,104814.89852857143,103570.37532171117,103909.43118466667,103925.08276199998,103949.46812511739,104001.46764880845
5,2020-05-14,105081.6029,104088.6799,104448.44769642748,104484.46870186081,104448.37046533609,104241.8489,104035.58481999999,103588.1403372028,104253.69575933342,104242.94589999998,104318.1603328743,104352.10826468951
5,2020-05-15,105624.5453,105081.6029,105423.12131119304,105458.43813886141,105422.88581477529,105762.2759,106088.0224285714,104678.85177179884,105809.15306399997,105794.95121999997,105574.18508832333,105613.9254303949
5,2020-05-16,105878.7954,105624.5453,105953.02762421177,105946.56303531471,105952.7161554419,107122.2246,106235.14554285714,104520.96646403373,106205.71104133328,106074.429654,105711.89144404017,105954.7218402294
5,2020-05-17,105878.7954,105878.7954,106204.32116816688,106195.98179143631,106204.20518662185,107122.2246,105761.5805857143,104365.85603189596,106265.73278599994,106257.96646400003,105987.97941321012,106149.89799688214
5,2020-05-18,105878.7954,105878.7954,106365.98231080876,106344.0130193342,106365.45635930865,107122.2246,104635.20673142858,104123.07178301818,106238.0935266666,106283.84398600002,106002.76738927109,106194.95797842396
5,2020-05-19,105879.7193,105878.7954,106270.48496926193,106277.09625455018,106270.38524660777,107122.2246,106767.43907142857,104013.54913454276,106349.80585466661,106372.38528,106071.85775188055,106232.91995369911
5,2020-05-20,107409.3968,105879.7193,106287.79618430053,106297.74970941964,106287.71671738102,106755.6394,106973.5259,103693.72171457091,106402.53536799988,106482.96845000003,106103.07303236585,106267.78603659512
5,2020-05-21,108206.5057,107409.3968,107783.95856833941,107819.2058296514,107783.49770945816,108144.18784999999,112158.68112857142,104618.68203932693,107721.26188533346,107764.96694000001,107949.27286370103,107829.91352622863
5,2020-05-22,108863.9052,108206.5057,108567.25717342841,108569.62392497297,108566.81919672618,108683.123875,108224.75492857142,105084.9149327644,108432.70170866662,108462.96112599994,108523.45138563184,108508.59233975713
5,2020-05-23,110017.1553,108863.9052,109191.8740892933,109196.48490304305,109191.61404750482,109599.4412,108984.05702857142,105218.0108074963,109334.16852800018,109326.86451000001,109162.14344917533,109230.93229340618
5,2020-05-24,110388.193,110017.1553,110301.2546534436,110343.39218580734,110301.21342999423,110727.9957,109708.99347142859,104894.71818769093,110502.3922006667,110525.820666,110436.87074670312,110427.55171105906
5,2020-05-25,110389.7901,110388.193,110718.81984361283,110756.96351350468,110718.91746976865,110959.009175,109414.88332857142,105286.80692801299,110779.20104533325,110709.89095800003,110621.09041461784,110719.08499115193
5,2020-05-26,110335.469,110389.7901,110778.07387549647,110828.00906429728,110778.22357449717,110959.009175,110234.71805714288,105194.99352485502,110781.94819199994,110739.01895800002,110684.46836952819,110764.8085419418
5,2020-05-27,110464.6318,110335.469,110782.38569049741,110839.78379647656,110782.46581251326,110959.009175,110031.05354285715,105207.56494800765,110674.42911933328,110633.07098600004,110665.13069787866,110726.4478712295
5,2020-05-28,111009.4318,110464.6318,110859.84220818145,110895.41693539488,110860.03137869743,110959.009175,111395.85618571428,105295.09871204925,110816.58782066661,110799.696268,110680.94675770336,110797.65050458828
5,2020-05-29,111503.2692,111009.4318,111395.05131420887,111421.63203847656,111395.03309493425,111371.5539,112538.14122857142,105449.46742005061,111267.17691333331,111192.60256199996,111063.65491462892,111250.82128881295
5,2020-05-30,112856.2934,111503.2692,111899.40432847482,111899.1867302478,111899.17204348488,111529.56779999999,110732.25684285714,105391.74436139765,111810.48342933336,111802.40565799997,111635.53766287996,111781.73594082038
5,2020-05-31,112966.512,112856.2934,113185.27678016279,113163.40168398725,113184.82080874956,113185.6726,118219.28944285713,104869.11444528998,113162.3012399999,113089.74564200005,113047.142835657,113124.2819198814
5,2020-06-01,113154.3962,112966.512,113330.87963390465,113273.56100440005,113330.46336842455,113964.3262,113058.90561428572,105694.71425423473,113678.42990733325,113688.49197599999,113389.44361512853,113447.14484228728
5,2020-06-02,113927.2383,113154.3962,113540.0211968057,113497.25965964359,113539.52076426205,113400.2061,114071.32432857143,105752.14158420142,113718.66335199997,113753.92826000002,113458.533977738,113558.15232979385
5,2020-06-03,115288.2774,113927.2383,114292.74977719781,114327.26235686665,114292.43969880474,114801.1087,116723.15124285713,105545.46613585477,114323.50672799989,114485.42389600001,114268.46794985615,114306.41234490757
5,2020-06-04,117347.0183,115288.2774,115638.00313264778,115693.54961920128,115637.56470242418,115798.6421,117693.76701428571,104819.9959396308,115781.7683706668,115811.72314599999,115625.40404979757,115700.24067988856
5,2020-06-05,118344.1549,117347.0183,117669.38743277894,117723.59953529047,117668.66667868443,117087.2154,115063.94532857141,104424.31719614836,118461.5647026667,118441.308698,117795.1837537994,117993.44933058553
5,2020-06-06,119272.9034,118344.1549,118676.02085169416,118729.90595740036,118675.63754527578,119684.9841,122279.78541428572,104813.6437925792,119127.39464466654,119021.02882800001,118867.863392823,118908.38799829665
5,2020-06-07,119872.9487,119272.9034,119526.14422485036,119581.25850806321,119526.18526868954,119370.03777272729,122270.72745714286,104719.43132095966,119500.26902399996,119427.69439400006,119763.59447833106,119615.0406701314
5,2020-06-08,119872.9487,119872.9487,120167.46550017354,120217.61803849041,120167.49679544337,120209.561,121139.14772857144,104786.43897421827,120248.25748466687,120212.68567800001,120498.47257440425,120321.44936585386
5,2020-06-09,120332.0833,119872.9487,120256.02414109618,120276.00367173481,120255.90883977173,120209.561,122267.60438571428,104998.50478597113,120252.94228733353,120227.773502,120584.36229742347,120371.10275216393
5,2020-06-10,121338.1209,120332.0833,120751.06001132127,120733.0837259046,120750.50481970658,120720.1475,119447.02837142858,105459.29096740657,120951.15304266679,120910.862322,120858.85209241802,120847.69628699646
5,2020-06-11,122270.5866,121338.1209,121748.57361376336,121685.74712285797,121747.56844600692,122258.9724,121248.88175714287,105169.45886371625,122083.02115866664,122172.74447400004,122286.86371989637,122018.54400047364
5,2020-06-12,122598.8017,122270.5866,122639.02448408249,122503.7903128297,122637.71989816178,122751.7373,119195.95764285713,105351.30482536378,122973.18997866681,122947.11304400011,123146.84588897074,122874.60872682242
5,2020-06-13,122629.6987,122598.8017,122931.61605836748,122826.1009104113,122930.92502060298,122751.7373,120479.99945714287,106051.92737076765,123048.28480400011,122902.9708040001,123102.55119547939,122992.31230329693
5,2020-06-14,122629.6987,122629.6987,122933.2667697451,122817.47408134912,122932.87532435253,122751.7373,118458.90555714285,106100.3213719279,123065.19535533346,122934.4128620001,123073.08934549184,122985.25292739148
5,2020-06-15,122630.3098,122629.6987,122938.30429230978,122819.07519181848,122937.95277910616,122751.7373,120729.17871428572,106186.83876703307,123067.96215533343,122920.36264600011,123092.1739014605,122993.07041620412
5,2020-06-16,123286.6151,122630.3098,122990.78227966529,122888.51254187686,122990.31947265803,122920.7985,122611.70404285715,106298.50429019541,123050.04764600004,122922.05260600008,123174.77441156744,123037.77819981478
5,2020-06-17,124526.417,123286.6151,123638.93825967309,123565.41079311936,123638.27966076737,124355.9888,124679.20815714286,105938.22892904688,123901.36953266681,123922.98785399998,124140.14872277733,123868.97634952115
5,2020-06-18,126140.9153,124526.417,124808.80736427585,124763.78142331951,124808.11995063824,126135.9542,119284.55465714284,104985.7586995102,125255.27265666651,125270.28075799996,125620.52450264379,125213.1928608766
5,2020-06-19,126758.6577,126140.9153,126333.91463037275,126315.77574481597,126333.49913955892,125184.7838,120593.74947142857,104622.88888755631,126394.83685933355,126552.30025200002,126996.71595288486,126569.10951901146
5,2020-06-20,126820.8693,126758.6577,126926.04259743812,126928.47986238741,126926.10140355266,125184.7838,122593.37165714288,105492.22265160417,126711.40903133336,126918.97149599995,127386.09852411061,127008.66247261046
5,2020-06-21,126820.8693,126820.8693,126965.2036882907,127006.65792169372,126965.82849844718,125184.7838,123298.70944285716,105542.37500341803,126716.43405199997,126912.29698799997,127388.73958375683,127037.27718581684
5,2020-06-22,126821.3193,126820.8693,126976.00108354141,127042.17742880432,126976.94739686936,125184.7838,121720.99321428571,105650.23240571051,126716.39710199997,126910.15593599998,127347.75438209846,127035.44297096758
5,2020-06-23,127756.1187,126821.3193,127042.01602635349,127109.3211251851,127042.77413966825,125184.7838,123019.78902857142,106033.56950819386,126886.54774066662,127070.29294399997,127453.2241220181,127149.69766262326
5,2020-06-24,128253.9058,127756.1187,127981.08122819358,128046.59594839829,127981.31376169308,127219.2372,121419.47682857144,105402.14186209347,127624.96303133333,127631.29296799994,128195.6984351548,127955.75247162882
5,2020-06-25,131057.1014,128253.9058,128475.7364051071,128482.84143817158,128475.65876866489,128601.8437,126051.3208,106233.35515358597,128431.32053133326,128437.36309000004,128565.80918981944,128493.32371977477
5,2020-06-26,132036.8656,131057.1014,131156.3546473282,131122.00950420622,131155.33560844712,129553.4505,114030.9102,104351.47258057487,129254.602324,129317.69159000003,129363.8848912368,129913.498906481
5,2020-06-27,132095.2926,132036.8656,132155.73089570669,132034.66219313582,132154.56586637755,129553.4505,123888.33484285713,104850.5404271676,129262.13898533334,129317.18897800003,129340.68388052053,130212.49501966323
5,2020-06-28,132282.1166,132095.2926,132206.52128866766,132077.70933596225,132205.6492645911,129553.4505,122947.12578571428,105024.57342363423,129250.74835533331,129304.28159800005,129314.11016019175,130214.18928382911
5,2020-06-29,132565.5283,132282.1166,132390.90312748423,132290.34180705683,132390.2991778798,129553.4505,124094.33305714284,105089.29620505725,129226.28454666662,129270.88872000002,129289.4488124714,130268.69172206496
5,2020-06-30,133183.6995,132565.5283,132742.58476902347,132632.45665290253,132741.57601351145,129888.2299,124800.20791428571,105378.43714240484,129358.06851533329,129421.56771799995,129424.96470263612,130471.82995695731
5,2020-07-01,133594.3511,133183.6995,133509.04675547188,133361.89956941822,133507.14508874944,129757.3521,123522.66119999999,105478.03036129012,129313.69832799994,129364.48611799993,129513.64106397094,130729.74632046303
5,2020-07-02,133598.2702,133594.3511,133801.9678034174,133675.07767188374,133800.41937547407,129553.4505,125661.6363,106194.8924393115,129209.44749799992,129244.518104,129402.55606173091,130762.3604105382
5,2020-07-03,135002.3896,133598.2702,133707.79837009768,133521.3599358646,133706.42234358538,129363.388,128093.46105714286,106758.51980746743,129163.92229199993,129214.38965600001,129279.63699841846,130654.97307542765
5,2020-07-04,135127.9755,135002.3896,134998.62858640793,134842.2161119346,134997.39433114292,129363.388,120357.20538571427,104751.89665171994,129091.91462133329,129121.098616,129393.67935631784,131109.27002986192
5,2020-07-05,135697.4648,135127.9755,135147.47596098526,134965.7484841822,135146.5655892946,129363.388,125598.56534285715,106478.21614011649,129085.26037533328,129108.27233200001,129221.14139030728,131090.7167499409
5,2020-07-06,135780.4265,135697.4648,135705.85076483994,135540.54307641307,135704.96844964038,129363.388,126047.68539999999,105990.72532401954,129102.94791866663,129123.463924,129358.18439157652,131333.89179555207
5,2020-07-07,135577.9718,135780.4265,135812.7825973383,135670.08177576546,135812.10875029746,128724.379,125069.03074285714,106439.30709159278,129226.69509799992,129242.45129799991,129319.98495151011,131405.58727509182
5,2020-07-08,134957.0356,135577.9718,135615.0572692631,135470.7943603388,135614.31963463427,128724.379,127085.72542857143,106389.89552273844,129186.45342133325,129149.12562399992,129295.78683862594,131317.678206766
5,2020-07-09,134197.87,134957.0356,134964.87733494816,134956.38924546677,134964.83913608003,128724.379,126255.81397142856,105714.49288402386,129071.71185866656,129005.06203599999,128953.28780463643,130993.79630292323
5,2020-07-10,133249.0301,134197.87,134234.79757211418,134296.65058466856,134234.94622459804,128724.379,126759.02975714287,105535.36061479557,128991.3702513333,128911.00395000001,128780.06188625112,130689.36090741765
5,2020-07-11,133212.5438,133249.0301,133266.74713615945,133324.82902499635,133266.9363713659,128724.379,124737.9857,105132.57656783483,128843.55508999998,128685.71471999999,128576.29979895454,130248.22797131694
5,2020-07-12,133212.5438,133212.5438,133190.13938526908,133235.856660782,133190.41506611835,128724.379,124365.58529999999,106308.95134069218,128863.65751599999,128732.11270600003,128485.16586484286,130194.89334720827
5,2020-07-13,133212.284,133212.5438,133175.07383196184,133180.14867391268,133175.10370357643,128724.379,124336.36554285717,106345.81495378596,128912.46784399998,128841.95719400003,128500.03575019173,130197.55075603479
5,2020-07-14,132777.8289,133212.284,133161.8853751476,133171.72427923256,133161.6693820784,128724.379,125192.06811428572,106590.35738863755,129015.85521799997,128933.77984799992,128544.03474582115,130243.87141435122
5,2020-07-15,132482.7499,132777.8289,132714.90656511954,132756.00152043914,132714.43390386595,128724.379,126340.59514285714,106443.72721815406,128962.77818999995,128821.89209399992,128537.29135200406,130085.35702081438
5,2020-07-16,132356.4455,132482.7499,132373.65631200915,132456.85662398764,132373.16314821667,128724.379,125283.14618571429,106907.40217290874,128913.1149473333,128781.66503200002,128530.12816272132,129966.69991134743
5,2020-07-17,132323.6829,132356.4455,132186.44796901138,132369.20523800023,132186.50765650783,128724.379,124108.81144285716,107341.77704224279,128899.4882313333,128782.61836600002,128198.63732803354,129822.44359912234
5,2020-07-18,131672.4137,132323.6829,132132.01776685572,132342.87729095574,132132.49056714593,128724.379,124349.76957142857,107417.23993853226,128919.99565733329,128839.88303600001,128259.28710212318,129840.72001680407
5,2020-07-19,131365.8459,131672.4137,131474.1043656182,131707.03039089614,131474.77804733094,128724.379,123714.87767142858,106317.99102114722,128869.18603333332,128742.39138200006,128088.09026434681,129554.76889619208
5,2020-07-20,131365.8159,131365.8459,131149.6274708087,131371.52458576363,131150.13754665543,128724.379,124692.89007142857,107186.74411575875,128873.79851266665,128742.39138200006,128077.98088078068,129441.10132640366
5,2020-07-21,131368.6838,131365.8159,131140.90002494428,131314.42690755046,131141.01136365643,128724.379,124470.71811428572,107417.5857460526,129002.71196133333,128923.32540599995,128142.16568165508,129486.43485017963
5,2020-07-22,130924.417,131368.6838,131143.14280188968,131247.55114961526,131142.84152667673,128724.379,124793.1942857143,107513.45620030296,128922.80202199997,128857.32728999997,128277.70714850063,129482.68677337196
5,2020-07-23,130360.912,130924.417,130686.45032462044,130754.08095430741,130686.07981506112,128724.379,123324.52165714286,106961.70423303962,128768.95882799997,128654.33543200004,128164.47396184554,129229.17124805099
5,2020-07-24,129478.2525,130360.912,130107.78883684202,130130.10102022949,130107.20465288725,128724.379,122892.05468571429,106670.68623466358,128753.13132733335,128645.85937200004,127839.53232460385,128907.58822405555
5,2020-07-25,129452.5371,129478.2525,129203.86633467244,129273.23117350395,129203.39922484852,128724.379,120698.91738571429,105720.96315124961,128733.75323800002,128640.65802000003,127722.96328368716,128576.64923173038
5,2020-07-26,129452.5371,129452.5371,129128.14170938065,129196.78477168742,129127.90832657216,128724.379,122119.67148571428,107105.65017954737,128468.07839533334,128355.68323400003,127746.43844280113,128470.43386994064
5,2020-07-27,129494.2481,129452.5371,129112.3526133663,129139.12346231428,129112.3754163472,128724.379,121595.21264285714,107097.0793208829,128513.13271133334,128441.47240000003,127620.89098532515,128424.38238632427
5,2020-07-28,128790.7861,129494.2481,129139.21923081255,129112.58697646383,129139.21630746461,128724.379,120453.35264285713,107084.85256266914,128894.01313799997,128816.28502199997,127797.6488262632,128601.41631357565
5,2020-07-29,127688.0832,128790.7861,128447.14528688484,128408.04554523143,128446.83031313217,127854.4568,119981.87654285714,106171.89656009158,128184.01246399991,128092.87343400001,127181.66885650744,127924.57562191294
5,2020-07-30,127212.8915,127688.0832,127357.22055096089,127349.45492621908,127356.56764206324,127055.7749,118372.45495714285,105236.93127427822,126923.30744066676,126770.69514599997,126582.66258340968,126951.80831676518
5,2020-07-31,126972.0302,127212.8915,126841.37303784916,126855.4838232932,126840.89423293949,126137.6298,118800.41609999999,106528.925160422,126651.96914666677,126669.83747399999,126595.00326298426,126700.81874431473
5,2020-08-01,126460.1257,126972.0302,126601.75865957525,126572.60585616658,126601.43239945968,125184.7838,117238.67415714287,106608.7732648608,126191.70262533335,126236.22251200004,126168.75973003807,126311.02273717934
5,2020-08-02,126460.1257,126460.1257,126105.5273727354,126054.42794618006,126104.85444443526,125184.7838,117034.78057142856,106150.46262676013,125914.19999266662,125927.40769800002,125523.60527888709,125830.74440591126
5,2020-08-03,126460.1257,126460.1257,126063.95370017327,126024.19028162572,126063.46533416698,125184.7838,120011.22271428572,106504.68172189944,125915.91497333327,125952.10372600002,125659.37362583402,125866.49296026434
5,2020-08-04,126460.1972,126460.1257,126051.56852940653,126043.47863823274,126050.91333942742,126220.61205,117828.61572857141,106717.17712021469,126044.56122800005,125999.55199200001,125514.23975269152,125867.42653964144
5,2020-08-05,125774.0659,126460.1972,126047.8134346569,126086.52552670977,126047.0333805983,126072.3262,118263.36037142859,106921.70651779951,126091.52568799998,126043.847848,125526.93947259932,125901.66356243636
5,2020-08-06,124947.714,125774.0659,125423.85693004976,125495.73197804764,125422.71603922069,123978.8319,118153.88132857143,106095.24355555823,125184.57583066662,125097.89291800004,124630.2773382061,125103.5283823068
5,2020-08-07,124476.5147,124947.714,124622.69828246196,124671.09484466973,124621.38565610087,123978.8319,117638.18864285716,105807.88226569438,124472.56538333322,124507.72876600001,124061.9688565868,124401.87636152991
5,2020-08-08,123544.5478,124476.5147,124109.31519348157,124140.06171716648,124108.53142356647,123978.8319,117815.86562857141,106458.81661542314,124244.0403086666,124287.29595400006,124158.8047160674,124180.96891396683
5,2020-08-09,123432.7974,123544.5478,123185.37773294428,123169.06490601166,123185.11808764815,122760.7044,119113.99492857142,105440.18891322476,123038.6338120001,123019.65444000001,123001.52771410251,123069.74214403809
5,2020-08-10,123157.3988,123432.7974,123034.22543640864,123020.10403629266,123034.21082900732,122593.4469,118849.03915714286,106356.1034809071,122850.41954733344,122900.54672,122952.30262074225,122940.94206812278
5,2020-08-11,122855.8065,123157.3988,122787.64938640363,122739.29898500671,122787.28797159746,122272.7326,118306.31501428572,106263.37982845758,122790.5458693334,122841.339764,122777.65578106094,122769.16687846702
5,2020-08-12,122688.9143,122855.8065,122477.31742492807,122412.87073615796,122476.58971374134,122272.7326,116693.65019999999,106382.4732088383,122352.07494200011,122467.54021800004,122447.6961849686,122404.21395437555
5,2020-08-13,122628.8045,122688.9143,122259.81498582155,122203.28494146123,122259.48251743814,122920.7985,117334.55451428572,106593.48836792822,121695.95160400018,121699.46216800003,121904.32348926719,121934.5200115762
5,2020-08-14,122508.7249,122628.8045,122172.89870691372,122135.32887705743,122172.86441826564,122751.7373,117755.18452857144,106738.92064840609,121699.37976133349,121691.43397800002,121981.89311846445,121938.86725228513
5,2020-08-15,122024.2728,122508.7249,122045.00942218046,122018.63989315681,122044.89708336821,122751.7373,116831.97142857143,106670.62495252462,121835.70641200012,121855.73820000002,121981.89311846445,121945.41314120713
5,2020-08-16,122022.0808,122024.2728,121606.61317116764,121630.32442167496,121606.330073223,122751.7373,117599.8554857143,106350.89205349454,121697.4963766667,121739.83038200004,122025.83655316016,121784.5524505006
5,2020-08-17,122022.0808,122022.0808,121559.6208070937,121573.18819383418,121559.85677468161,122751.7373,116722.15902857143,106713.24443630112,121756.50689733337,121796.94867400004,122044.55587309555,121791.4169880877
5,2020-08-18,121759.0647,122022.0808,121572.92185923015,121586.39382935688,121573.24524251027,122920.7985,116200.76732857143,106682.88314524935,121761.48758666674,121829.99000600005,121942.62260981069,121763.50134194478
5,2020-08-19,121738.7276,121759.0647,121354.1770935153,121365.17441331295,121354.05206072041,121286.26630909089,115887.29064285713,106646.45289989604,121378.24958733338,121365.82222399999,121453.55901259546,121398.99433774727
5,2020-08-20,121695.6258,121738.7276,121332.73095851293,121341.38474007913,121332.3294619734,121286.26630909089,115887.34155714283,106701.59794648719,121198.75331733336,121181.54218400003,121021.64500965149,121187.26102235467
5,2020-08-21,121444.0999,121695.6258,121282.58434391426,121272.27829013143,121282.182030784,121286.26630909089,115206.44814285715,106750.29984160437,121131.03232600003,121177.265592,121057.60370645039,121153.63810752728
5,2020-08-22,121946.1923,121444.0999,121045.6092949246,120997.50152624623,121045.02129618387,121090.4044,114892.67564285717,106575.73428810415,121198.44392200005,121236.60217200004,121057.60370645039,121084.51638489887
5,2020-08-23,121946.1923,121946.1923,121487.53121870867,121403.9430150716,121487.61764449846,121855.8137,116945.87685714287,105976.99875342828,121669.09382533339,121744.99368800002,122077.45510203256,121716.83064747918
5,2020-08-24,121946.4256,121946.1923,121538.92952605899,121454.3484008824,121538.61408312999,121855.8137,114285.65825714287,106735.36178805461,121603.87367333342,121669.95758000003,122125.89185573795,121728.03797665126
5,2020-08-25,121741.143,121946.4256,121584.29539953149,121526.65191111833,121583.48220537708,121855.8137,115221.52661428573,106708.81660811682,121538.53375200006,121572.495668,122076.57933598083,121713.9216663664
5,2020-08-26,121086.6316,121741.143,121429.87292452573,121421.30260733067,121428.65374347883,119520.7763,115066.5910285714,106702.62399148683,120823.00363066663,120763.16434000002,121126.58562359953,121123.63062053228
5,2020-08-27,118444.7436,121086.6316,120794.38343117022,120795.28278080323,120793.20759901944,120698.6733,118858.28752857144,106043.84187301608,120628.87325166668,120654.91654200002,120741.97954583318,120722.04519276769
5,2020-08-28,117736.9939,118444.7436,118314.80307286492,118292.07527393426,118312.7386614247,117985.6101,107357.75555285715,104377.80253840533,118118.07554133328,118068.72768400008,118043.28295507903,118151.14459011552
5,2020-08-29,117248.8005,117736.9939,117565.43868465579,117540.62493715796,117563.58082181231,117449.5685,115384.33752857141,105376.89721334778,117475.33835733322,117327.00753600002,117357.54507580076,117457.83612343064
5,2020-08-30,117172.7614,117248.8005,117054.42702049592,116981.33662903376,117052.7092260691,116856.10373000002,111594.59458571428,105237.64717371699,116800.39076599991,116799.12245999996,117323.95313519289,117035.22684340885
5,2020-08-31,117165.0869,117172.7614,116927.83367374314,116819.90089148094,116926.69555577145,116856.10373000002,113001.55357142857,105247.35023042408,116888.28231533329,116920.18036599996,117318.11845941696,117008.76722207706
5,2020-09-01,116737.0168,117165.0869,116901.73084497491,116802.92848116148,116900.54184380815,116856.10373000002,112922.89682857144,105428.17632220163,116858.06362199999,116880.15770799994,117127.49657712862,116929.49622676335
5,2020-09-02,116047.5641,116737.0168,116450.97384122852,116426.77800744167,116449.60051830269,116272.373,114717.17221428572,105770.43293208268,116469.22311533337,116546.09490999994,116668.79398959929,116521.59837079143
