timestamp,actual,bagging_extra_tree,hist_gradient_boosting,xgboost,voting_regressor
2019-09-06 16:00:00,2752,2578.383567642222,2540.170338611319,2561.5293,2560.403125000885
2019-09-06 17:00:00,2985,2754.889765417804,2843.3387482759526,2829.2754,2814.1948237359393
2019-09-06 18:00:00,2981,2954.6249279876524,3026.6570814919205,3019.2908,3004.965888112081
2019-09-06 19:00:00,2794,2920.675326113584,2939.059915315833,3015.5498,2972.7087127011046
2019-09-06 20:00:00,2584,2681.7090613369433,2702.1404762865536,2695.7761,2693.8504459293117
2019-09-06 21:00:00,2052,2234.83547245132,2253.856188170176,2244.3943,2244.3700587100616
2019-09-06 22:00:00,1815,2006.1404276029373,2031.6195168574025,1992.811,2005.84550369321
2019-09-06 23:00:00,1710,1851.8125266697589,1808.1838498617137,1870.4241,1850.2111302656806
2019-09-07 00:00:00,1723,1447.02,1422.4168271743129,1510.3417,1472.530044195922
2019-09-07 01:00:00,1318,1183.9778961584634,1217.27117272964,1179.0106,1189.8175772806196
2019-09-07 02:00:00,625,894.9966156462584,917.6629744982625,817.3146,861.8221851337864
2019-09-07 03:00:00,1038,837.6371637885925,901.0664092330021,884.62695,876.9893698178987
2019-09-07 04:00:00,962,886.3699659863946,1021.1334121053211,999.80664,976.7791648354289
2019-09-07 05:00:00,701,794.1910544217687,726.6781006346438,768.96106,764.6978185492594
2019-09-07 06:00:00,650,846.9465476190478,953.3736802034886,881.1926,890.6763704321966
2019-09-07 07:00:00,1469,1599.0297619047622,1538.3674683577224,1580.6942,1574.6964144992148
2019-09-07 08:00:00,2637,2667.406335034014,2614.880478318837,2654.4592,2647.801317596025
2019-09-07 09:00:00,3367,3531.8441679748826,3536.5595017065934,3424.118,3479.1598773813066
2019-09-07 10:00:00,3441,3697.336462585034,3586.1071173448627,3567.409,3604.565362755912
2019-09-07 11:00:00,3269,3346.859132653061,3304.2714190121815,3273.2695,3299.4174035413107
2019-09-07 12:00:00,3110,3079.77736996337,3118.4661228603704,3086.7349,3092.92830484656
2019-09-07 13:00:00,2919,2917.9396264262887,2944.9515475591843,2881.0159,2906.230728066681
2019-09-07 14:00:00,2799,2784.2252849808347,2796.9524052346706,2736.858,2763.7233776320013
2019-09-07 15:00:00,2543,2627.9162180508824,2643.8749218160833,2587.8748,2611.885162896429
2019-09-07 16:00:00,2478,2500.143172265736,2511.4119453604444,2536.856,2521.31675792217
2019-09-07 17:00:00,2475,2580.6483746625113,2636.1318907749546,2562.3806,2585.385373976554
2019-09-07 18:00:00,2524,2620.3491906960235,2692.368601466021,2661.1438,2658.7513474545735
2019-09-07 19:00:00,2570,2508.833856996025,2541.9146628461244,2527.1892,2526.281734452725
2019-09-07 20:00:00,2398,2373.6569967532464,2407.803342064113,2412.1125,2401.4213591184025
2019-09-07 21:00:00,1769,1990.2625113378685,2076.7276258387283,2035.278,2034.3865113449306
2019-09-07 22:00:00,1834,1755.798103216115,1671.3755957226774,1715.489,1714.5379315706355
2019-09-07 23:00:00,2137,1734.9215229382148,1678.955305161516,1768.0305,1737.4844658139953
2019-09-08 00:00:00,1358,1428.0254761904762,1560.9248856205552,1365.9137,1430.194438597289
2019-09-08 01:00:00,930,1230.4425170068027,1165.475551832599,1130.7062,1164.3326055887567
2019-09-08 02:00:00,1168,931.5187260358689,951.6338500167255,1069.3942,1005.4852265326799
2019-09-08 03:00:00,934,837.8050000000001,959.2798319744048,991.21954,944.8809797221169
2019-09-08 04:00:00,673,758.1197823156375,731.2439941270427,741.7234,743.2026384466076
2019-09-08 05:00:00,611,505.2217857142857,569.8570386291374,562.53815,550.0387795721839
2019-09-08 06:00:00,548,639.0010544217687,627.9507355342347,632.6715,633.0737018835321
2019-09-08 07:00:00,1341,1154.8543367346938,900.9455155462613,1065.2207,1046.5603146327387
2019-09-08 08:00:00,2057,2108.2215829408688,2231.7457317087556,2144.696,2157.3398511233436
2019-09-08 09:00:00,2997,3131.2951171437185,3159.3180518003805,3099.3167,3122.3116174313373
2019-09-08 10:00:00,3418,3468.823004288672,3463.0697019356135,3474.5889,3470.2676101498214
2019-09-08 11:00:00,3602,3486.87425170068,3369.9837122432896,3460.7957,3444.61231813443
2019-09-08 12:00:00,3310,3425.5680914588056,3415.4900484561817,3393.4785,3407.0037927912467
2019-09-08 13:00:00,3119,3112.9185186481313,3090.479020710713,3107.431,3104.5648389412736
2019-09-08 14:00:00,2864,2806.840350975545,2755.070410815483,2734.7346,2757.845000018069
2019-09-08 15:00:00,2416,2531.3236186349523,2498.629948212387,2506.1238,2510.5502813602725
2019-09-08 16:00:00,2209,2231.447284173712,2122.8642488303144,2136.826,2156.9908471181943
2019-09-08 17:00:00,2568,2276.759947582046,2221.0517017263146,2220.1145,2234.510163303653
2019-09-08 18:00:00,2851,2660.921417028527,2596.4567808400566,2644.1453,2636.4171813030835
2019-09-08 19:00:00,2925,2899.4673874938453,2847.9982562368077,2909.671,2891.7018601514133
2019-09-08 20:00:00,2780,2722.566268280139,2728.857965498138,2684.6384,2705.175272311757
2019-09-08 21:00:00,2095,2209.151339414554,2344.219258390234,2226.7761,2251.7307109746343
2019-09-08 22:00:00,1851,1841.7562991408686,1929.8665656102924,1872.8557,1879.3335726331027
2019-09-08 23:00:00,1544,1745.6747068221227,1748.7204199530718,1754.4501,1750.8238183148924
2019-09-09 00:00:00,1418,1221.958231292517,1218.4094513475634,1246.2786,1233.2312028865827
2019-09-09 01:00:00,1034,998.4724136640303,994.8563636223051,1001.2178,998.9410810403339
2019-09-09 02:00:00,399,625.1792743764173,587.8924418088758,576.5625,591.5491790463233
2019-09-09 03:00:00,725,748.8426532677848,826.0726894809221,793.3118,790.3847499938174
2019-09-09 04:00:00,823,837.7769700312557,870.0714621384777,810.5132,832.2186998393083
2019-09-09 05:00:00,1166,1187.0608843537418,967.0196102151834,1026.532,1051.7861148531688
2019-09-09 06:00:00,2104,2041.922875035645,2014.0175994563247,1967.605,1997.7876088573673
2019-09-09 07:00:00,3310,3240.2550160157307,3188.2430588708435,3207.206,3210.7275460653937
2019-09-09 08:00:00,3353,3514.5516886504624,3546.289701102737,3537.9607,3534.1906941179873
2019-09-09 09:00:00,3187,3337.698214386674,3316.8568385435683,3296.3247,3311.8011167481854
2019-09-09 10:00:00,3029,2997.319206054938,3017.0545631908813,2962.7869,2984.9868749286425
2019-09-09 11:00:00,2606,2917.7782370836535,2980.043049988269,2904.1191,2926.5148920804804
2019-09-09 12:00:00,2565,2692.430329704438,2724.5416550835043,2730.1465,2719.3162383844856
2019-09-09 13:00:00,2556,2626.966410663045,2663.4969351981786,2627.5864,2636.4090493559306
2019-09-09 14:00:00,2467,2539.4427575770205,2567.7179302046056,2544.8215,2549.200938546969
2019-09-09 15:00:00,2335,2392.600125035905,2373.805904975368,2356.2102,2369.7066100418806
2019-09-09 16:00:00,2483,2357.81563718416,2227.045534403798,2272.1096,2282.270102467302
2019-09-09 17:00:00,2734,2561.7530248046405,2605.5241175156916,2578.0056,2580.8220931972705
2019-09-09 18:00:00,2897,2865.1423827767835,2864.0176461825145,2854.7695,2859.6747728648243
2019-09-09 19:00:00,2988,2984.4649232760785,2996.6860239502835,2976.6729,2983.6241625878406
2019-09-09 20:00:00,2883,2880.0865553365898,2825.0631142202483,2810.1204,2831.347598053272
2019-09-09 21:00:00,2227,2355.863650085034,2422.894524370088,2401.8425,2395.610808262218
2019-09-09 22:00:00,1870,2014.4324266209978,1991.3726995053269,1992.3247,1997.6136350472061
2019-09-09 23:00:00,1673,1648.2594460776102,1638.1281730354508,1666.4255,1654.8096733329528
2019-09-10 00:00:00,1484,1457.8173809523807,1421.4296731900272,1470.0742,1454.848872910602
2019-09-10 01:00:00,1199,1028.769137655062,1041.8384071327632,1052.3038,1043.8038027008624
2019-09-10 02:00:00,609,731.5428514739231,634.0018579567977,720.8498,701.8110735979146
2019-09-10 03:00:00,901,753.2341184964985,681.6454213431562,696.7007,707.0702267567887
2019-09-10 04:00:00,1041,901.3095263998899,971.6102348393422,986.9156,961.6877344992612
2019-09-10 05:00:00,1212,1241.4460572562357,1230.998941178481,1193.316,1214.7692696282104
2019-09-10 06:00:00,1962,2068.2700871069537,2020.6512237533095,2045.2064,2044.8335381642846
2019-09-10 07:00:00,3277,3175.0503281016345,3014.392010774168,3223.8838,3159.3024792502006
2019-09-10 08:00:00,3397,3369.9134973117925,3398.2862831012912,3365.1953,3374.647601353271
2019-09-10 09:00:00,3434,3282.856687969777,3268.8704474405135,3288.7856,3282.3246061181976
2019-09-10 10:00:00,3193,3122.100803127021,3220.623633525237,3117.0007,3144.181475374002
2019-09-10 11:00:00,2728,2991.3227359585735,2979.333859750628,2935.428,2960.378138185113
2019-09-10 12:00:00,2739,2739.280937173702,2729.9969096000405,2748.6152,2741.6270788809356
2019-09-10 13:00:00,2824,2700.637053606675,2716.830040774386,2712.9453,2710.8394298452654
2019-09-10 14:00:00,2747,2726.503859247369,2686.582557606109,2678.0427,2692.292966518057
2019-09-10 15:00:00,2616,2567.132947274508,2551.0480542245386,2579.6255,2569.3579945153865
2019-09-10 16:00:00,2468,2542.121489916208,2505.069284985819,2522.5566,2523.0760140380066
2019-09-10 17:00:00,2734,2595.568092878147,2538.867500919709,2568.7402,2567.979015636964
2019-09-10 18:00:00,2981,2950.9676559806476,2914.1556889440535,2965.8948,2949.2282239264878
2019-09-10 19:00:00,3382,3127.9257412264765,3056.599948612719,3118.7378,3105.500318944174
2019-09-10 20:00:00,3179,3093.4363477891156,3109.0787950037216,3058.721,3079.989259331022
2019-09-10 21:00:00,2235,2449.088197278911,2519.5159297293044,2559.6282,2521.9651186661163
2019-09-10 22:00:00,1914,1979.481004938548,1985.3414432658155,1935.6786,1959.0449064846846
2019-09-10 23:00:00,1501,1754.8094624020296,1728.3352604702716,1678.3743,1709.9733145071377
2019-09-11 00:00:00,1273,1411.1830952380951,1453.551189939701,1535.7848,1484.0759663139802
2019-09-11 01:00:00,1264,1038.5897773376544,1055.5654613723332,1104.5471,1075.8123692478093
2019-09-11 02:00:00,977,903.7300510204082,902.6752523220824,940.1659,921.6842726129664
2019-09-11 03:00:00,431,792.16981009826,866.6476414929508,714.8486,772.1286487864745
2019-09-11 04:00:00,815,905.7705050728424,901.7993473099954,910.4752,907.1300729589907
2019-09-11 05:00:00,1413,1351.1800366300365,1304.0467357690347,1407.1212,1367.3673010099242
2019-09-11 06:00:00,2282,2191.641720470006,2135.9275863829216,2181.2502,2172.5174487835443
2019-09-11 07:00:00,3329,3262.8605022304155,3331.1463326721646,3255.1768,3276.090087631895
2019-09-11 08:00:00,3285,3448.303066956688,3419.4691545727815,3437.074,3435.4800426870547
2019-09-11 09:00:00,3021,3217.810018812399,3177.39293702509,3179.593,3188.5972477484347
2019-09-11 10:00:00,3042,2913.579671953371,2909.542084196827,2904.8875,2908.224164623487
2019-09-11 11:00:00,2881,2834.140161460453,2846.262435271987,2851.3286,2845.764955823735
2019-09-11 12:00:00,2701,2814.960106724686,2784.2065585254154,2797.1887,2798.3860266640877
2019-09-11 13:00:00,2611,2664.3902197933808,2695.9207457771236,2728.212,2704.183698423876
2019-09-11 14:00:00,2614,2599.7278517365908,2604.6154920329373,2621.068,2611.6198935595694
2019-09-11 15:00:00,2580,2546.3334534590967,2582.50369521049,2563.8752,2564.146909237709
2019-09-11 16:00:00,2571,2517.506145343494,2528.5231708344695,2519.9373,2521.475956974178
2019-09-11 17:00:00,2728,2699.001792736582,2684.8821865610366,2694.79,2693.3660143556544
2019-09-11 18:00:00,2876,2909.2374720150274,2924.4097347204815,2907.3315,2912.0775731682525
2019-09-11 19:00:00,2948,3086.6092567401424,3000.3682917324895,3065.8064,3054.6475853603456
2019-09-11 20:00:00,2765,2924.755846569226,2828.885925174426,2857.6387,2867.229778873413
2019-09-11 21:00:00,2176,2271.59189898233,2293.3546190779666,2266.8315,2274.652400999449
2019-09-11 22:00:00,1784,1987.3137353426935,1954.1559620712744,1916.9988,1943.8668140019295
2019-09-11 23:00:00,1583,1596.8566977466976,1603.9848158021857,1603.3224,1601.871572234877
2019-09-12 00:00:00,1287,1356.0132204700062,1366.0150225530856,1381.4513,1371.2327077284292
2019-09-12 01:00:00,1294,1060.6952040816327,1107.5190922190811,1137.8575,1110.9823460478347
2019-09-12 02:00:00,952,938.3454761904762,958.6385725440625,956.217,952.354502173869
2019-09-12 03:00:00,391,644.4726347462062,628.66901246058,556.8233,596.6970634130247
2019-09-12 04:00:00,932,813.3841326530613,896.1702844980474,768.1502,811.4637080475428
2019-09-12 05:00:00,1246,1388.355,1415.9528238938447,1358.7153,1380.4346219890863
2019-09-12 06:00:00,2341,2157.5394525302277,2154.1204389709487,2081.5786,2118.704279515919
2019-09-12 07:00:00,3219,3238.3216170768874,3345.1058909046737,3295.372,3293.5429121516404
2019-09-12 08:00:00,3153,3318.074962833818,3321.5834798116725,3334.1904,3327.0098255051225
2019-09-12 09:00:00,3038,3117.2626096541403,3017.3302797601773,3069.2722,3068.284330752017
2019-09-12 10:00:00,3048,2907.5210715880007,2880.734424884979,2899.2979,2896.7127998994947
2019-09-12 11:00:00,2592,2846.3480662929137,2895.8051478129687,2814.9204,2842.9985086045954
2019-09-12 12:00:00,2524,2661.7786299341383,2594.2180775553443,2642.3271,2635.1627510911208
2019-09-12 13:00:00,2579,2594.9065621178584,2508.5939710513667,2559.4746,2555.612437979806
2019-09-12 14:00:00,2537,2534.0855899436438,2514.7430827402386,2503.5388,2513.976577350658
2019-09-12 15:00:00,2405,2479.346540046813,2437.977103443979,2485.9727,2472.317238997698
2019-09-12 16:00:00,2532,2412.586656651481,2361.1460524244067,2353.452,2370.1591294174095
2019-09-12 17:00:00,2711,2633.508777842629,2519.7701905224826,2613.5679,2595.103677638153
2019-09-12 18:00:00,2853,2866.588257649485,2850.46808713698,2856.4404,2857.4843010403665
2019-09-12 19:00:00,3065,2974.322071914142,2898.7173262169163,3027.4612,2981.9904403530772
2019-09-12 20:00:00,2949,2895.2460006227743,2857.0257509648527,2935.1375,2905.636663482844
2019-09-12 21:00:00,2410,2416.1185154707046,2361.9710499614353,2327.3154,2358.180106201785
2019-09-12 22:00:00,2051,2043.3940953490953,2042.061232182031,2051.555,2047.141297703094
2019-09-12 23:00:00,1529,1720.0260241119142,1744.2271234170305,1712.6885,1722.4075251634863
2019-09-13 00:00:00,1401,1228.1985594237694,1218.6090815990678,1375.8545,1299.6291563494592
2019-09-13 01:00:00,1241,1066.3629421768708,1052.8870160937392,1100.3763,1080.0006609543711
2019-09-13 02:00:00,1039,881.9428373260499,865.9359340696727,907.5228,890.7311064231494
2019-09-13 03:00:00,392,688.5628571428572,688.9224849113305,706.25494,697.498807437375
2019-09-13 04:00:00,954,804.3116414862608,897.5032329105093,836.9425,843.9249710405987
2019-09-13 05:00:00,1221,1192.4233813719532,1256.36918307942,1261.8582,1243.1272182612809
2019-09-13 06:00:00,2076,2115.1443226600986,2111.933311709946,2057.3967,2085.467772850324
2019-09-13 07:00:00,3169,3250.2522347973168,3248.240491566379,3293.3413,3271.293835887799
2019-09-13 08:00:00,3350,3389.204760270554,3413.6371032691677,3376.1096,3388.7652754552428
2019-09-13 09:00:00,3298,3268.1018420242103,3230.3292124083164,3269.8613,3259.538427670632
2019-09-13 10:00:00,3202,3058.064735661564,3075.3388756461113,3042.659,3054.6803706003566
2019-09-13 11:00:00,3192,2993.818048280245,2948.405895956035,2937.0251,2954.0685593012577
2019-09-13 12:00:00,3032,3005.306445315295,2951.9180981539776,2930.8345,2954.723372195443
2019-09-13 13:00:00,2850,2881.1502528475303,2864.7222584328074,2854.6316,2863.7839237185217
2019-09-13 14:00:00,2526,2759.5415583324557,2708.2824203889863,2670.9646,2702.438294485048
2019-09-13 15:00:00,2607,2527.298260329891,2419.5659696924367,2373.3286,2423.380364146207
2019-09-13 16:00:00,2659,2602.5665198629704,2555.1597006597467,2511.2708,2545.0669311072415
2019-09-13 17:00:00,2665,2723.1686982323613,2708.7700901580324,2704.2017,2710.0855271757237
2019-09-13 18:00:00,2821,2812.5396252556643,2773.5536230377666,2812.1074,2802.577023010858
2019-09-13 19:00:00,2775,2836.055094404261,2793.734226786429,2851.75,2833.3223302976726
2019-09-13 20:00:00,2662,2593.8368110855363,2594.773725987363,2605.0496,2599.677414541662
2019-09-13 21:00:00,2049,2151.997586064729,2247.7579803696913,2128.151,2164.01433106173
2019-09-13 22:00:00,1832,1915.2399487100267,1952.7719987498283,1907.3933,1920.6996421384013
2019-09-13 23:00:00,1759,1731.7696174196174,1560.4766775083028,1626.6774,1636.4002578140112
2019-09-14 00:00:00,1670,1467.2943537414965,1466.677674134796,1517.7896,1492.3877823596981
2019-09-14 01:00:00,1497,1243.7434049230978,1247.5755089023996,1259.9421,1252.8007977923119
2019-09-14 02:00:00,551,878.534880952381,989.1671067347256,983.9388,958.8948877909172
2019-09-14 03:00:00,871,736.6936734693877,757.2397367532349,795.99585,771.4812773603431
2019-09-14 04:00:00,733,909.6835683364255,1004.2250737934907,996.72284,976.8385802102134
2019-09-14 05:00:00,706,775.8298979591837,705.4079827246172,664.1576,702.388266557669
2019-09-14 06:00:00,668,711.8697619047618,694.5039523043146,652.8705,678.0286702514878
2019-09-14 07:00:00,1427,1542.7214285714285,1486.3434723139258,1509.0413,1511.786855104151
2019-09-14 08:00:00,2868,2609.5310358688935,2560.239013096018,2600.8691,2592.8770825537276
2019-09-14 09:00:00,3786,3712.6693929086787,3590.858664039406,3636.7358,3644.2499341588964
2019-09-14 10:00:00,3840,3891.4688095238093,3900.1432225123694,3843.5217,3869.663872266857
2019-09-14 11:00:00,3569,3577.8206949768114,3560.013232911582,3592.4138,3580.665391151786
2019-09-14 12:00:00,3353,3300.584336957363,3363.899066042705,3336.2964,3334.269044109392
2019-09-14 13:00:00,3134,3157.2811706673606,3125.784845087417,3083.3755,3112.4542480793193
2019-09-14 14:00:00,2834,2950.991990560668,2842.289158920654,2867.9456,2882.293065690643
2019-09-14 15:00:00,2739,2665.4866070054804,2609.603599054537,2609.6096,2623.5773610853166
2019-09-14 16:00:00,2611,2621.32051200422,2624.8551402403195,2578.9514,2601.0196210689473
2019-09-14 17:00:00,2556,2632.6082352578874,2614.006346612555,2616.274,2619.7906083582357
2019-09-14 18:00:00,2898,2739.167052813028,2691.503753976599,2685.418,2700.3766860724068
2019-09-14 19:00:00,2782,2760.816564496648,2767.226268825534,2756.1067,2760.064053057108
2019-09-14 20:00:00,2519,2473.7246056103154,2491.386936873721,2440.8728,2461.7142869881964
2019-09-14 21:00:00,2097,1979.1990192743763,2017.7276575269434,1936.3495,1967.4064128526736
2019-09-14 22:00:00,1447,1826.2669378240805,1874.4719077604987,1795.2845,1822.8269843453636
2019-09-14 23:00:00,1986,1762.736232492997,1828.9233705639717,1760.2977,1778.063765510336
2019-09-15 00:00:00,1653,1344.2201453308596,1557.122956646514,1442.8541,1446.7628384826246
2019-09-15 01:00:00,860,1063.4432312925169,1024.4978540450938,1002.8507,1023.4106253383089
2019-09-15 02:00:00,955,892.2338775510203,898.4364035520223,853.11035,874.2227460570107
2019-09-15 03:00:00,1002,870.7675049110554,961.196746892926,966.01776,940.9999435662297
2019-09-15 04:00:00,822,772.7768599257885,776.1828275252225,786.23535,780.3575976440027
2019-09-15 05:00:00,459,536.2100295381309,565.6273297231352,458.78876,504.8537184774259
2019-09-15 06:00:00,300,573.3402551020408,496.1970278765835,472.84482,503.80672980227325
2019-09-15 07:00:00,1510,1299.04889848247,1205.200666864012,1276.5251,1264.324964578808
2019-09-15 08:00:00,2343,2296.1952380952384,2393.0044127204146,2307.659,2326.129380477351
2019-09-15 09:00:00,3403,3286.6919174397035,3318.787369567465,3267.6482,3285.1939184314797
2019-09-15 10:00:00,3685,3781.835459183673,3668.07625567852,3708.8364,3716.896141606173
2019-09-15 11:00:00,3709,3623.024358713182,3627.6384509556437,3601.516,3613.4237590578314
2019-09-15 12:00:00,3328,3489.835766524728,3477.6021381909645,3467.5078,3475.613382428923
2019-09-15 13:00:00,3091,3137.2376969878333,3120.6159634409673,3095.438,3112.182409247825
2019-09-15 14:00:00,2775,2772.8740539030864,2836.351679394486,2778.0657,2791.3392702384554
2019-09-15 15:00:00,2421,2465.6648332968816,2485.3312614202364,2515.2268,2495.362426999592
2019-09-15 16:00:00,2217,2269.4348972456887,2257.910461904787,2200.0461,2231.8594110766817
2019-09-15 17:00:00,2517,2354.876397356625,2375.633379809153,2387.0576,2376.1562528851946
2019-09-15 18:00:00,2988,2725.885086142716,2795.49707636658,2820.4602,2790.5756431663867
2019-09-15 19:00:00,3201,3036.9742155632275,3086.647912362545,3124.8088,3093.309950926756
2019-09-15 20:00:00,3129,2950.790011970495,2952.9470779042113,3006.088,2978.9782177811767
2019-09-15 21:00:00,2175,2370.6856689342408,2426.997335522628,2442.2397,2420.540624161092
2019-09-15 22:00:00,1966,1792.5295918367347,1782.5484311563391,1774.3036,1780.921300181862
2019-09-15 23:00:00,1331,1675.7588741542502,1698.5162830418271,1681.3071,1684.2223537521443
2019-09-16 00:00:00,1310,1204.9942857142855,1310.5696552206268,1266.5336,1262.1577699016968
2019-09-16 01:00:00,1107,992.762344253491,992.4222120261467,1029.5972,1011.0947230542845
2019-09-16 02:00:00,794,654.575491651206,655.1565375906044,619.27386,637.0699396834995
2019-09-16 03:00:00,380,656.4466553287982,597.3321271788087,540.1043,583.4968501679174
2019-09-16 04:00:00,634,686.3663638716356,697.420872950727,717.5886,704.7411207290281
2019-09-16 05:00:00,1211,1091.497925170068,1005.2030096547335,995.13,1021.7402361476065
2019-09-16 06:00:00,2166,2152.948389724311,2085.2877980167627,2078.127,2098.6225234977683
2019-09-16 07:00:00,3172,3290.6241176882336,3331.6738454660026,3241.045,3276.096951726059
2019-09-16 08:00:00,3044,3465.842617982869,3399.3500854158697,3451.1553,3441.8758125684344
2019-09-16 09:00:00,2840,3231.101158265437,3106.6268565263354,3126.1428,3147.5034148307554
2019-09-16 10:00:00,2729,2900.289422355386,2814.431836171688,2829.5396,2843.4500900223934
2019-09-16 11:00:00,2489,2782.3518094804376,2725.930519611029,2765.9783,2760.0597180150544
2019-09-16 12:00:00,2540,2595.043165594014,2638.1416236936607,2512.3098,2564.4511045484815
2019-09-16 13:00:00,2487,2591.0582361734623,2633.707216181512,2562.6775,2587.5301082059314
2019-09-16 14:00:00,2401,2477.884047141362,2387.9387027304624,2412.7815,2422.8464345382686
2019-09-16 15:00:00,2362,2343.7848730986298,2240.7605112122797,2254.7263,2273.499505257415
2019-09-16 16:00:00,2495,2364.286826277178,2264.785513950791,2290.0286,2302.282367283555
2019-09-16 17:00:00,2439,2547.577080679254,2517.603946954617,2489.2039,2510.8971856194053
2019-09-16 18:00:00,2623,2692.7783711068428,2682.3080183851566,2668.4019,2677.972525107375
2019-09-16 19:00:00,2803,2793.152024185493,2795.3808265465063,2721.8667,2758.066562292375
2019-09-16 20:00:00,2744,2675.012894508616,2792.157135370671,2705.6445,2719.6147730948214
2019-09-16 21:00:00,2162,2259.1104699266825,2204.109326370458,2239.028,2235.3189871602226
2019-09-16 22:00:00,2118,1972.8940490560344,1963.1417350696431,1962.9764,1965.497166246263
2019-09-16 23:00:00,1953,1722.488369175627,1664.5075077592414,1749.4523,1721.4751044876234
2019-09-17 00:00:00,1076,1365.7933333333333,1362.8162516224938,1480.3398,1422.3223181139567
2019-09-17 01:00:00,715,885.0705952380953,880.3678287509533,884.0192,883.3692190343716
2019-09-17 02:00:00,1006,691.1878309028596,705.7717481625448,713.27277,705.8762778229917
2019-09-17 03:00:00,865,855.157857142857,895.8846930675082,818.6453,847.083299906107
2019-09-17 04:00:00,753,782.0774569199798,775.7746844323786,727.8307,753.3783795763709
2019-09-17 05:00:00,638,1063.9380219780219,967.669653328991,1021.19147,1018.4976524693313
2019-09-17 06:00:00,1770,1760.6863733291245,1812.7151452619132,1964.8927,1875.7967297454156
2019-09-17 07:00:00,3190,2934.818792100756,2921.248880850013,2917.8923,2922.9630852298797
2019-09-17 08:00:00,3206,3270.7422650137937,3286.1291567656867,3156.162,3217.29891013237
2019-09-17 09:00:00,3157,3182.792333711262,3197.3893381085322,3150.3284,3170.2096025252613
2019-09-17 10:00:00,3138,2927.697519216175,2864.81315797406,2866.0828,2881.1690511334964
2019-09-17 11:00:00,2926,2886.60541949456,2808.8277490612063,2870.0742,2858.8954015139416
2019-09-17 12:00:00,2817,2813.783917753665,2750.0917531113687,2748.782,2765.3599089271956
2019-09-17 13:00:00,2838,2749.75888661398,2688.660853678257,2694.61,2706.9099887839966
2019-09-17 14:00:00,2551,2739.909942313364,2699.843027697525,2671.502,2695.6892190652225
2019-09-17 15:00:00,2231,2469.6801900264686,2471.22852964406,2441.1614,2455.807868394195
2019-09-17 16:00:00,2312,2342.1034345637527,2321.0599020312416,2329.5781,2330.5798966487487
2019-09-17 17:00:00,2563,2411.739463696516,2489.247791916858,2453.924,2452.208850036156
2019-09-17 18:00:00,2755,2750.676083991835,2703.581983401181,2716.6672,2721.8981350123167
2019-09-17 19:00:00,2962,2922.8422842860455,2900.84178382905,2892.472,2902.1569789428363
2019-09-17 20:00:00,2892,2877.7710313736843,2785.9747697260273,2829.8755,2830.8741944155527
2019-09-17 21:00:00,2352,2289.003856546735,2319.062529531247,2320.8962,2312.464716636683
2019-09-17 22:00:00,2068,2031.1133147956766,2025.0934077875247,2064.919,2046.5111533020504
2019-09-17 23:00:00,1744,1761.1759496591903,1773.836341617306,1765.113,1766.3095913738116
2019-09-18 00:00:00,1551,1227.8420562770564,1210.6522381708069,1368.296,1293.7715838658721
2019-09-18 01:00:00,689,1017.1189535341892,1134.6097193511391,1071.0723,1073.4683010338322
2019-09-18 02:00:00,746,737.4853134209148,757.8733914128671,708.94855,728.3139498900862
2019-09-18 03:00:00,919,741.5569913419913,798.8394510495609,855.73,812.9641008322631
2019-09-18 04:00:00,1011,923.0418345859849,920.8039151796036,909.3374,915.6301386132722
2019-09-18 05:00:00,1513,1187.2590391156461,1146.050495370416,1133.9406,1150.2976595004218
2019-09-18 06:00:00,1882,2039.6039190530323,2152.567354682941,2046.8079,2071.446749098056
2019-09-18 07:00:00,3209,3051.192419599165,2839.8180160418215,3050.5642,2998.034713402434
2019-09-18 08:00:00,3203,3366.640384438607,3320.1672313465533,3368.8035,3356.1036373447278
2019-09-18 09:00:00,3173,3120.5708649894523,3129.8019059058765,3093.4475,3109.3169476066446
2019-09-18 10:00:00,3009,2962.924775064118,2990.919062933158,2942.2827,2959.602316921194
2019-09-18 11:00:00,2742,2838.978985996841,2869.5138071935894,2815.7617,2835.004057672608
2019-09-18 12:00:00,2690,2700.9710573264824,2715.4236536979215,2712.2412,2710.219283224851
2019-09-18 13:00:00,2567,2675.709310213922,2681.6731211075953,2712.2256,2695.4584007991293
2019-09-18 14:00:00,2421,2535.8661921663274,2537.7963124381267,2537.6462,2537.238746268301
2019-09-18 15:00:00,2275,2386.4274823770215,2402.677425474436,2384.7612,2389.6568421972393
2019-09-18 16:00:00,2370,2367.4847366009626,2316.4433185199928,2382.744,2362.3539620224265
2019-09-18 17:00:00,2678,2523.136417867138,2542.2617530908196,2534.847,2533.7730046535517
2019-09-18 18:00:00,2906,2844.3163551130674,2810.9758710864935,2859.7676,2843.70684561239
2019-09-18 19:00:00,2983,2999.9302233331914,2978.7221375674626,3037.8757,3013.600956436101
2019-09-18 20:00:00,2975,2885.6535851002236,2820.5894157475377,2813.9521,2833.53682443069
2019-09-18 21:00:00,2346,2311.3199829931978,2400.0228050738565,2324.7373,2340.2043493605133
2019-09-18 22:00:00,2003,2015.9983479339342,2024.0350780388892,2056.636,2038.3263496572683
2019-09-18 23:00:00,1889,1730.0242870225013,1687.4702935234832,1728.5756,1718.661425898215
2019-09-19 00:00:00,1618,1406.458025210084,1473.1594511390836,1480.4481,1460.1284291458855
2019-09-19 01:00:00,1301,1026.806920133907,975.7338595806744,958.5791,979.9247457098953
2019-09-19 02:00:00,640,796.4543937728938,779.1351391528763,702.4546,745.1246781533175
2019-09-19 03:00:00,768,723.039632034632,641.2652975369609,668.5085,675.3304743362576
2019-09-19 04:00:00,695,941.6809237786024,951.0264232157094,1014.592,980.4728267388123
2019-09-19 05:00:00,975,998.866347462062,1092.2239713106392,1048.852,1047.1986050838004
2019-09-19 06:00:00,1836,1882.8583461247817,2010.2037217687875,1993.3024,1969.9167010554236
2019-09-19 07:00:00,3266,3055.3364931081273,3024.378158125141,3138.8809,3089.3690924958173
2019-09-19 08:00:00,3192,3312.4735952018164,3289.803882984453,3355.6116,3328.37515567938
2019-09-19 09:00:00,3187,3173.7999684574684,3105.333928680645,3116.712,3128.1394313157784
2019-09-19 10:00:00,3197,3012.1412291901547,2967.2178522399417,2958.1284,2973.9039793418992
2019-09-19 11:00:00,2943,2945.1741280148417,2914.4216867738787,2883.3152,2906.556546470618
2019-09-19 12:00:00,2869,2832.166436449459,2781.4445476605756,2783.2637,2795.034581965009
2019-09-19 13:00:00,2735,2771.6562425031757,2723.789763384943,2736.027,2741.8750512767174
2019-09-19 14:00:00,2679,2664.4443834404187,2638.582571696426,2658.4792,2654.9963628076484
2019-09-19 15:00:00,2643,2524.487908070948,2508.03630169492,2509.1855,2512.723825878967
2019-09-19 16:00:00,2606,2551.6789693405713,2540.2459678535397,2531.588,2538.775179611028
2019-09-19 17:00:00,2705,2695.7629599098495,2674.8352376798885,2694.3752,2689.837171467747
2019-09-19 18:00:00,2928,2913.588386640784,2808.924290520992,2871.3894,2866.3228714388815
2019-09-19 19:00:00,3083,3046.359323126349,2996.9641906162865,3063.6367,3042.6492378106586
2019-09-19 20:00:00,3023,2928.4210252686357,2938.3069874120392,2910.8552,2922.109615474856
2019-09-19 21:00:00,2465,2452.01318877551,2491.9016130938235,2460.1597,2466.0585344517085
2019-09-19 22:00:00,2009,2068.816304377884,2066.062821365592,2121.2961,2094.3678527249313
2019-09-19 23:00:00,1612,1874.9977998567854,1796.4357552894692,1791.5695,1813.64311779047
2019-09-20 00:00:00,1524,1409.1451020408165,1484.4959174203113,1521.6096,1484.2150644355945
2019-09-20 01:00:00,1266,1133.7292403628117,1213.4785192674065,1186.8282,1180.2160634427107
2019-09-20 02:00:00,825,784.7511899443955,806.6984644534508,696.6171,746.1709768318834
2019-09-20 03:00:00,218,620.3081190378249,621.6548809189478,601.52844,611.2549711805995
2019-09-20 04:00:00,556,740.7294436515866,777.6936636878798,781.0255,770.1185331825229
2019-09-20 05:00:00,964,1079.6346435112507,1063.7682527093905,1133.6085,1102.6549843090665
2019-09-20 06:00:00,2075,1904.91962377634,1957.9745084486397,1812.4308,1871.938926122651
2019-09-20 07:00:00,3168,3182.7316662135004,3207.17703272676,3226.2412,3210.597780203815
2019-09-20 08:00:00,3430,3392.2178263512615,3373.023719286653,3367.298,3374.959434261041
2019-09-20 09:00:00,3543,3366.2860420764055,3324.291859179772,3404.8376,3375.063298556232
2019-09-20 10:00:00,3428,3318.98526607867,3320.2048462440325,3258.407,3289.0010192916134
2019-09-20 11:00:00,3356,3229.8523550761056,3253.879161160086,3202.7478,3222.3067804262355
2019-09-20 12:00:00,3325,3148.7412690510578,3203.2265742227523,3180.381,3178.1825125762653
2019-09-20 13:00:00,3225,3110.112158030518,3075.885660850046,3075.8242,3084.411564095141
2019-09-20 14:00:00,2990,3006.3459581022903,2942.528780491323,2940.6921,2957.5647539843408
2019-09-20 15:00:00,2745,2788.3608191077565,2741.8836804487028,2786.9246,2776.023405162552
2019-09-20 16:00:00,2812,2695.3147739087017,2646.8192909541926,2686.3833,2678.7251666063485
2019-09-20 17:00:00,2923,2850.432433302541,2849.362790687303,2875.4878,2862.692702481836
2019-09-20 18:00:00,2979,2998.573724090921,3019.540058147705,3024.778,3016.917483645594
2019-09-20 19:00:00,2964,2990.93418277105,2906.357844647533,2978.98,2963.812997089021
2019-09-20 20:00:00,2926,2765.8122055638596,2767.5542366237178,2737.7676,2752.225399609394
2019-09-20 21:00:00,1968,2298.1948979591834,2474.1306718685946,2356.0298,2371.0962850350697
2019-09-20 22:00:00,1755,1899.6732629442342,1878.4327642871838,1864.8784,1876.9657157922295
2019-09-20 23:00:00,1563,1742.8777985749791,1657.0494404802275,1712.5034,1706.2335187481767
2019-09-21 00:00:00,1643,1477.0100340136055,1370.5485302151253,1508.205,1465.9921190845264
2019-09-21 01:00:00,1369,1308.3584415584417,1301.1018383035816,1375.4521,1340.0911441842559
2019-09-21 02:00:00,547,806.7334453781513,787.5122209735216,801.2111,799.1669768906526
2019-09-21 03:00:00,82,798.6798085248085,758.1914426580792,739.6445,759.0400479031438
2019-09-21 04:00:00,533,689.5649319727892,716.3938080510358,849.7106,776.3449706504875
2019-09-21 05:00:00,687,720.0335714285715,836.4903821881411,814.15063,796.2063057869907
2019-09-21 06:00:00,792,668.2419047619047,845.3634294746685,792.3095,774.5560881978151
2019-09-21 07:00:00,1310,1582.9814852607706,1536.2736207414675,1496.5647,1528.096125133372
2019-09-21 08:00:00,2851,2661.320068027211,2567.2083159102745,2629.335,2621.7995764531215
2019-09-21 09:00:00,3959,3754.3104421768703,3639.6726952437607,3726.8496,3711.920589042658
2019-09-21 10:00:00,4077,4077.873469387755,4161.208739156521,4164.928,4142.234663464194
2019-09-21 11:00:00,3771,3709.507360649686,3789.276398799656,3782.9124,3766.152116620148
2019-09-21 12:00:00,3481,3556.730535267151,3509.1570464479446,3519.7207,3526.3322469912737
2019-09-21 13:00:00,3297,3288.1305967801736,3270.130713621732,3310.8064,3294.968525842664
2019-09-21 14:00:00,3129,3090.6579774020042,3013.357091478231,2997.7268,3024.8671705403713
2019-09-21 15:00:00,2839,2907.295993197279,2920.3797854483037,2868.7556,2891.296752278583
2019-09-21 16:00:00,2702,2665.1412276699234,2758.4894742836113,2706.934,2709.3747165040086
2019-09-21 17:00:00,2760,2747.1228506657526,2742.066954133184,2724.5073,2734.551113309109
2019-09-21 18:00:00,3012,2902.2953275054438,2957.4516122994987,3013.35,2971.611783779361
2019-09-21 19:00:00,2919,2957.2639701941384,2987.649099081972,2996.3215,2984.38903392059
2019-09-21 20:00:00,2481,2701.497248335504,2671.1594984767057,2656.8032,2671.5657980311776
2019-09-21 21:00:00,1959,1937.0598247783962,1967.5174630621,1903.0117,1927.650181335124
2019-09-21 22:00:00,1489,1689.6673333333333,1669.0317531649894,1651.4414,1665.3954747495807
2019-09-21 23:00:00,1920,1680.1787784641524,1728.0772453391887,1644.2856,1674.2068282164603
2019-09-22 00:00:00,1693,1365.4542063492065,1583.777495816063,1503.4304,1489.023135502255
2019-09-22 01:00:00,884,1074.8861904761904,1037.986758796967,1001.63763,1029.0370544569612
2019-09-22 02:00:00,799,843.0278571428572,758.4913616396578,775.0338,787.89671143391
2019-09-22 03:00:00,427,748.9696508603441,716.4844761614877,739.5558,736.1414248218642
2019-09-22 04:00:00,463,542.7914326942898,558.2624424199718,539.24634,544.8866377238779
2019-09-22 05:00:00,310,462.466397649969,508.0346780749076,491.57556,488.4130496929379
2019-09-22 06:00:00,286,529.9278571428572,488.47312939980253,493.20316,501.201824394454
2019-09-22 07:00:00,1273,1212.0839795918366,1171.1380026359095,1166.4321,1179.0215600100614
2019-09-22 08:00:00,2778,2148.53387755102,2184.2632768892754,2245.7158,2206.057198766324
2019-09-22 09:00:00,3710,3645.5564378478666,3678.852027785901,3723.177,3692.6906173850043
2019-09-22 10:00:00,3821,3931.5461564625853,4084.7050838798978,4066.1538,4037.1397143824956
2019-09-22 11:00:00,3855,3616.844531648888,3593.963784510281,3655.7268,3630.565482360105
2019-09-22 12:00:00,3832,3586.479196363033,3515.932355340934,3549.4934,3550.3495920275545
2019-09-22 13:00:00,3527,3540.273057684527,3533.154272541971,3533.6157,3535.1646938847493
2019-09-22 14:00:00,3182,3201.6005149231914,3213.5376824924215,3219.623,3213.5960727914035
2019-09-22 15:00:00,2803,2871.5043205009274,2812.8108381111742,2821.2742,2831.715874613963
2019-09-22 16:00:00,2604,2531.9388797408096,2408.9325551439756,2513.6848,2492.060265947759
2019-09-22 17:00:00,2828,2662.6926319708773,2645.7274610049567,2636.3743,2645.292157033021
2019-09-22 18:00:00,2911,3024.9921090417515,3097.215837703433,3194.541,3127.822494498796
2019-09-22 19:00:00,3245,3031.7261321251135,3087.5633657909125,3131.2395,3095.442125455569
2019-09-22 20:00:00,3074,3007.0373891981035,2958.590395216947,3021.3425,3002.0782107522
2019-09-22 21:00:00,2153,2305.831190476191,2346.929298682246,2322.2637,2324.3219582271095
2019-09-22 22:00:00,1814,1808.097925170068,1822.794196846797,1764.3049,1789.8754963245287
2019-09-22 23:00:00,1408,1681.1946781789636,1633.116159058942,1599.1943,1628.1748772782264
2019-09-23 00:00:00,1573,1206.4314965986396,1408.6885045851661,1461.8773,1384.7186599639201
2019-09-23 01:00:00,1193,1073.5506405895687,1119.7066504675593,1108.9983,1102.8134682720945
2019-09-23 02:00:00,611,674.2257355370409,590.6521351070899,556.32074,594.3798375340796
2019-09-23 03:00:00,103,518.2775912183055,371.0850981598835,395.572,420.12666782794565
2019-09-23 04:00:00,784,552.0387938252225,480.0165992165812,620.10345,568.0655755553728
2019-09-23 05:00:00,1277,1261.1382993197278,1300.8295924176894,1232.5138,1256.7488699070104
2019-09-23 06:00:00,2213,2180.565933746705,2136.3272872797725,2082.7468,2120.596718342557
2019-09-23 07:00:00,3156,3257.951827609093,3317.587659678602,3267.452,3277.6108239703613
2019-09-23 08:00:00,3183,3464.207928639498,3252.132512907092,3349.1653,3353.66775198821
2019-09-23 09:00:00,2961,3233.1656375152597,3042.627940242937,3159.98,3148.9383846739242
2019-09-23 10:00:00,2766,2918.172142832173,2766.780237284201,2793.3032,2817.8897063572185
2019-09-23 11:00:00,2636,2865.9964625850334,2687.6212342478875,2796.2725,2786.54065467698
2019-09-23 12:00:00,2605,2703.95970282947,2642.1404491953267,2638.8428,2655.9464247249493
2019-09-23 13:00:00,2563,2686.289916375476,2627.574186859198,2621.346,2639.1389994414812
2019-09-23 14:00:00,2580,2604.582073629685,2581.19164108763,2520.5376,2556.712227507454
2019-09-23 15:00:00,2442,2490.9927249583106,2427.0429873917656,2466.4893,2462.753556993769
2019-09-23 16:00:00,2465,2382.1594404614284,2370.9080362970585,2335.7854,2356.159569384934
2019-09-23 17:00:00,2566,2536.90271202655,2523.5347739132417,2492.9795,2511.599117578698
2019-09-23 18:00:00,2689,2748.824271867371,2700.7654726682745,2731.695,2728.244970313599
2019-09-23 19:00:00,2822,2816.121221636665,2784.1009988731944,2760.7449,2780.427991650902
2019-09-23 20:00:00,2801,2680.3798553329602,2704.0271766944356,2734.6328,2713.418164256849
2019-09-23 21:00:00,2288,2299.3519252572814,2226.0660687884815,2248.4595,2255.584234839566
2019-09-23 22:00:00,2032,1998.2725290372557,1949.4911436604164,1935.4192,1954.6505129009806
2019-09-23 23:00:00,1980,1702.5047108843537,1684.1806689642647,1636.1167,1664.7296945715295
2019-09-24 00:00:00,1149,1425.3288435374152,1434.6090012151383,1441.45,1435.7094367740758
2019-09-24 01:00:00,443,884.2114965986395,750.9320866323122,698.4194,757.9955820870348
2019-09-24 02:00:00,951,713.5171768707484,728.154435030127,678.30554,699.5706739713125
2019-09-24 03:00:00,886,756.691746031746,815.829802413003,726.8272,756.5439918475154
2019-09-24 04:00:00,975,744.6534263288443,689.1374757693454,780.8341,748.8647787472037
2019-09-24 05:00:00,1117,925.3988095238094,1045.459682651795,1010.49567,997.9624562958543
2019-09-24 06:00:00,2054,2012.5923229548232,1846.4092882982875,1898.3634,1913.9321044734338
2019-09-24 07:00:00,3301,3160.9143298859262,3119.7372686537824,3186.417,3163.3713957286773
2019-09-24 08:00:00,3302,3335.618654823406,3257.9665198137777,3231.9468,3264.369682331171
2019-09-24 09:00:00,3365,3210.597894115867,3154.381385313985,3188.059,3185.274360873088
2019-09-24 10:00:00,3133,3006.1382075840206,3065.1711810903803,3010.964,3023.3094028326627
2019-09-24 11:00:00,2890,2941.6788735137,2874.0924741665904,2862.8147,2885.3501855528853
2019-09-24 12:00:00,2794,2810.8662017371093,2781.5288327987837,2814.0312,2805.1143836339734
2019-09-24 13:00:00,2744,2740.500611553563,2709.54196626429,2767.1584,2746.0898680872756
2019-09-24 14:00:00,2558,2685.163540644257,2669.648757503999,2740.4912,2708.948680005814
2019-09-24 15:00:00,2520,2481.867043143708,2433.2675751207175,2446.156,2451.861657495794
2019-09-24 16:00:00,2495,2478.913224969666,2420.261690246178,2505.1409,2477.3641633742736
2019-09-24 17:00:00,2527,2609.6788345695886,2594.7226357497702,2621.6587,2611.9297132829647
2019-09-24 18:00:00,2791,2797.1143413103828,2750.864381223753,2801.4543,2787.7218534850963
2019-09-24 19:00:00,2986,2949.593473085472,2903.2180437651446,2956.7595,2941.5826399548414
2019-09-24 20:00:00,2822,2932.5527794868963,2837.052410854929,2878.7715,2881.787039772956
2019-09-24 21:00:00,2287,2320.7114138758234,2273.0838683426396,2227.5474,2262.222502195241
2019-09-24 22:00:00,1880,1987.8685974826146,2015.1274395022488,2008.6506,2005.0743266290283
2019-09-24 23:00:00,1765,1799.8555856525022,1753.6170671887912,1775.1094,1775.9228507103235
2019-09-25 00:00:00,1405,1319.3194217687076,1393.2385632929158,1419.0223,1387.6506656989995
2019-09-25 01:00:00,635,797.3872527472528,716.6579765273552,658.1601,707.5913549260739
2019-09-25 02:00:00,603,642.6564092102466,656.8451483161501,631.3962,640.5734789812086
2019-09-25 03:00:00,827,800.3091326807403,759.6644121799873,705.6808,742.8337792815881
2019-09-25 04:00:00,1009,958.4811210485237,903.6472420534825,904.43054,917.7473617715953
2019-09-25 05:00:00,1373,1280.5938789299503,1245.485399544607,1231.3563,1247.197981239733
2019-09-25 06:00:00,1962,2083.3935369179694,2067.731171390592,2119.0625,2097.3124270771405
2019-09-25 07:00:00,3168,3175.5508869321948,2969.5414999012155,3064.339,3068.442652372415
2019-09-25 08:00:00,3159,3340.3304728276844,3284.7299447229725,3239.1953,3275.862760637664
2019-09-25 09:00:00,3126,3180.563831597462,3070.9029787777395,3045.2673,3085.5003695859878
2019-09-25 10:00:00,2984,2946.5297198248268,2940.039434287405,2874.6272,2908.9558871608706
2019-09-25 11:00:00,2678,2822.6728674173437,2793.3043124800847,2742.1877,2775.0881670446697
2019-09-25 12:00:00,2454,2690.1043290412813,2638.5978856604897,2623.5952,2643.9731610973176
2019-09-25 13:00:00,2539,2549.931792507758,2452.121547923759,2497.6353,2499.3309620610044
2019-09-25 14:00:00,2628,2520.935439645288,2479.951719340966,2497.2266,2498.8350709965634
2019-09-25 15:00:00,2571,2508.2464606226763,2467.3614517158703,2475.6604,2481.732178279949
2019-09-25 16:00:00,2597,2514.7110115652918,2462.5975230733097,2491.328,2489.991074089338
2019-09-25 17:00:00,2727,2676.9845928111345,2674.666759164981,2686.5352,2681.180416119029
2019-09-25 18:00:00,2852,2890.7005513907684,2848.412909153097,2843.8516,2856.7041463859664
2019-09-25 19:00:00,3093,2988.363080325827,2863.6491538356963,2951.3938,2938.6999579544436
2019-09-25 20:00:00,3159,2894.951901375113,2903.4745915252643,2875.7424,2887.4778390454067
2019-09-25 21:00:00,2408,2407.6990476190476,2437.178714776946,2390.3135,2406.3761788802485
2019-09-25 22:00:00,2126,1981.7506101648523,1955.4366148196814,2009.16,1988.8768233359772
2019-09-25 23:00:00,1683,1800.297772894426,1818.0702916695682,1720.5015,1764.8427485628736
2019-09-26 00:00:00,1431,1347.1482993197278,1345.9306550493557,1367.2949,1356.9171995297709
2019-09-26 01:00:00,1082,872.1650220088035,1032.0006365618235,1006.11847,979.1006492617973
2019-09-26 02:00:00,414,691.857939064919,588.2810402636414,571.68744,605.878464314562
2019-09-26 03:00:00,903,687.574320381999,686.2408584907259,597.5766,642.2420942787281
2019-09-26 04:00:00,929,940.0681972789115,919.8479430950616,934.9222,932.4401251813839
2019-09-26 05:00:00,1453,1142.5289795918368,1124.396061958461,1229.2294,1181.3459454461681
2019-09-26 06:00:00,2148,2111.927705389848,2056.2082741222794,1956.7349,2020.401426518657
2019-09-26 07:00:00,3137,3197.0630159369284,3270.343690727548,3292.3418,3263.022575103619
2019-09-26 08:00:00,3141,3269.533769556227,3208.4956166554957,3265.654,3252.3343729201183
2019-09-26 09:00:00,2998,3150.586032033602,3039.5786142454526,3086.9104,3090.996361765076
2019-09-26 10:00:00,3079,2867.280888417255,2856.547785411418,2909.103,2885.5086821290433
2019-09-26 11:00:00,3049,2887.0388626533772,2851.561579268476,2833.898,2851.5990850898384
2019-09-26 12:00:00,2482,2915.399410955294,2858.977866834148,2827.4346,2857.3116046036102
2019-09-26 13:00:00,2111,2634.280471188753,2507.5688133402036,2502.877,2536.900797694739
2019-09-26 14:00:00,2452,2427.285189616467,2338.8730209405658,2383.3674,2383.2232684595706
2019-09-26 15:00:00,2493,2439.4220944521176,2438.9551078159666,2420.1562,2429.672425567021
2019-09-26 16:00:00,2463,2469.4099011669427,2515.815803720825,2501.5566,2497.084746534442
2019-09-26 17:00:00,2665,2571.4027256344416,2521.7907638489237,2539.3591,2542.9779378005287
2019-09-26 18:00:00,2788,2879.5425833705935,2789.0436769282683,2803.4253,2818.8592115590905
2019-09-26 19:00:00,2961,2923.2297599282288,2873.2080392763437,2872.4934,2885.3561539027055
2019-09-26 20:00:00,2917,2956.511690826497,2851.402212492019,2839.0789,2871.5179045405666
2019-09-26 21:00:00,2391,2412.0047444817087,2454.074118725022,2391.1987,2412.1190810360577
2019-09-26 22:00:00,2089,2105.348554143716,2097.990580990583,2137.0747,2119.3721372991995
2019-09-26 23:00:00,2108,1798.714108262429,1745.8365524781022,1833.6978,1802.9865421382578
2019-09-27 00:00:00,1499,1336.5069727891157,1434.300836416805,1383.948,1384.6759513249176
2019-09-27 01:00:00,689,873.6820578231293,923.9841123703253,811.7071,855.2700886909417
2019-09-27 02:00:00,918,723.6101347462062,707.2881902670466,732.8688,724.1589684603445
2019-09-27 03:00:00,887,878.5156122448979,872.9938957972196,890.9639,883.3593411218575
2019-09-27 04:00:00,751,786.8059863945579,702.0891797446699,822.72565,783.586615021135
2019-09-27 05:00:00,1268,1082.4950000000001,934.819492307139,955.2056,981.9314367974879
2019-09-27 06:00:00,1892,2087.5271674889104,2113.334402838078,2034.2341,2067.3324580114345
2019-09-27 07:00:00,3222,3058.6409679165686,2950.7347352022007,3085.6038,3045.1458056625047
2019-09-27 08:00:00,3280,3417.7236711423325,3363.837526744149,3322.9238,3356.8522135341204
2019-09-27 09:00:00,3425,3240.313765847248,3299.011683041594,3231.9438,3250.8032860503354
2019-09-27 10:00:00,3393,3114.83854250202,3268.920672175902,3224.276,3208.0777431226056
2019-09-27 11:00:00,3255,3130.420637182964,3210.8586079992338,3196.5713,3183.6054558267997
2019-09-27 12:00:00,3359,3054.2569914799947,3121.5299310773894,3127.9443,3107.9188986080962
2019-09-27 13:00:00,2957,3120.329783982699,3130.3117979983235,3152.7864,3139.053583971818
2019-09-27 14:00:00,2837,2870.414243274744,2782.4337684650386,2824.7998,2825.6119052786958
2019-09-27 15:00:00,2852,2689.0004822274705,2659.773362174077,2687.5166,2680.951761881637
2019-09-27 16:00:00,2774,2719.559733711707,2679.4287500476944,2721.8552,2710.674733244538
2019-09-27 17:00:00,2851,2827.6147216513305,2808.651406543675,2860.3516,2839.2423132987515
2019-09-27 18:00:00,2884,2954.5387935576273,2860.6270442173563,2924.8333,2916.2080854203086
2019-09-27 19:00:00,2863,2960.4596456827853,2806.8692011907806,2930.1719,2906.9181492183916
2019-09-27 20:00:00,2620,2706.6854265845486,2651.2899979499116,2711.669,2695.328328789865
2019-09-27 21:00:00,2093,2159.2234920634924,2188.890479449616,2097.7107,2135.8838395579646
2019-09-27 22:00:00,1920,1937.1047587015476,1875.631969637964,1941.8325,1924.1004418505029
2019-09-27 23:00:00,1814,1812.5904582039782,1804.8095420794916,1797.9625,1803.3312622778988
2019-09-28 00:00:00,1852,1629.8908163265307,1436.4600862702416,1545.1483,1539.1618833640368
2019-09-28 01:00:00,1254,1139.9054081632653,1232.5090985793663,1093.8887,1140.047962623158
2019-09-28 02:00:00,567,671.3282382953181,728.7307120318907,609.81616,654.9228186364896
2019-09-28 03:00:00,968,721.6553361344539,802.311959279162,848.74036,805.3620020760602
2019-09-28 04:00:00,975,881.423537414966,824.0455713118621,875.6487,864.1916180020195
2019-09-28 05:00:00,1151,889.6297579031611,851.9198954252984,864.4218,867.5983203145367
2019-09-28 06:00:00,640,956.2154631083204,1047.5541755934496,1089.3596,1045.6222192457549
2019-09-28 07:00:00,1416,1574.8481632653065,1295.4612223873812,1459.908,1447.5313259053594
2019-09-28 08:00:00,2667,2642.689370748299,2534.5430683009213,2623.536,2606.076054098243
2019-09-28 09:00:00,3456,3604.283214285715,3575.4340668557647,3534.8345,3562.346556613495
2019-09-28 10:00:00,3627,3726.7206632653065,3688.799371630003,3678.7139,3693.2369423175774
2019-09-28 11:00:00,3478,3477.3646794811784,3437.262474788833,3437.5107,3447.412159661253
2019-09-28 12:00:00,3098,3273.7992704234193,3263.3313844069658,3237.9277,3253.2465308950964
2019-09-28 13:00:00,2958,2959.4547776998606,3007.578045642011,2949.8706,2966.693508569843
2019-09-28 14:00:00,2773,2811.194679822355,2821.736169898456,2798.8896,2807.677536648953
2019-09-28 15:00:00,2730,2628.2782046219477,2647.376452306094,2615.6868,2626.757048021073
2019-09-28 16:00:00,2518,2588.5261625787675,2581.334386103885,2556.8079,2570.8690678347257
2019-09-28 17:00:00,2524,2593.0661674609137,2555.2217799148593,2573.024,2573.5839497345683
2019-09-28 18:00:00,2534,2692.7883632770818,2647.205431325417,2653.143,2661.5699818537496
2019-09-28 19:00:00,2333,2517.5795357661827,2488.9253868364485,2484.4736,2493.863047056908
2019-09-28 20:00:00,2000,2157.931269348319,2177.1394704438035,2142.7678,2155.151596080843
2019-09-28 21:00:00,1596,1797.3933616983304,1768.6940067245218,1739.0144,1761.0290442541504
2019-09-28 22:00:00,1646,1619.4327532705393,1614.728293107239,1657.1128,1637.0966580788195
2019-09-28 23:00:00,1909,1758.954641482232,1677.1552480838411,1800.3683,1759.2116154579246
2019-09-29 00:00:00,1160,1390.8728571428571,1566.945318900754,1368.0166,1423.4628447921527
2019-09-29 01:00:00,926,902.9926108018965,855.3897397609352,889.6024,884.3967961368016
2019-09-29 02:00:00,981,820.6742687074828,751.6699612060094,776.7018,781.4369485916543
2019-09-29 03:00:00,918,733.6670408163266,667.0420435602434,711.4632,705.9088689945331
2019-09-29 04:00:00,886,673.7519727891157,590.3975797807286,622.2246,627.149692829961
2019-09-29 05:00:00,116,558.4734353741496,598.1269248768124,551.276,564.7880905510217
2019-09-29 06:00:00,544,579.5977721088435,473.0575375182969,506.27838,516.3030180806132
2019-09-29 07:00:00,1206,1314.5088304552592,1273.6153877132351,1284.2052,1289.1336546397797
2019-09-29 08:00:00,1880,2155.4015986394556,2204.695781299739,2253.3677,2216.7081828754235
2019-09-29 09:00:00,3028,3046.4538044150463,3055.8585927472136,3060.9329,3056.0445299546273
2019-09-29 10:00:00,3489,3541.635544217687,3519.101483426809,3562.8062,3546.587333082999
2019-09-29 11:00:00,3388,3549.7998412698416,3533.4027338205046,3568.603,3555.1021574444617
2019-09-29 12:00:00,3247,3220.8585765844805,3234.107627048837,3275.501,3251.4920391895794
2019-09-29 13:00:00,3253,3035.9815672422815,3066.195643496245,3030.8633,3040.9759433096315
2019-09-29 14:00:00,2828,2903.2258784210867,2930.409785535864,2905.0886,2910.9532275126753
2019-09-29 15:00:00,2638,2553.509361202023,2514.2820546849725,2491.7688,2512.8322533858113
2019-09-29 16:00:00,2453,2409.6696764460135,2467.87339224844,2438.8875,2438.8294927595507
2019-09-29 17:00:00,2551,2517.0531047682493,2495.5427090406138,2485.229,2495.7634554053407
2019-09-29 18:00:00,2835,2689.1260717500722,2649.328541090635,2630.3572,2649.7922420773643
2019-09-29 19:00:00,3301,2831.525153703572,2824.9189317480227,2828.939,2828.5805037847736
2019-09-29 20:00:00,2911,2841.2671771724213,2802.865846273925,2860.807,2841.436698244399
2019-09-29 21:00:00,2039,2169.716836734694,2071.165754431062,2100.0981,2110.2697200570638
2019-09-29 22:00:00,1756,1798.7887651759268,1724.9994341899692,1750.2156,1756.0548379274114
2019-09-29 23:00:00,1573,1668.179897183688,1617.1681802576795,1615.0104,1628.842207348623
2019-09-30 00:00:00,1687,1209.736088435374,1223.2434815927043,1270.0714,1243.2805980734258
2019-09-30 01:00:00,1169,1066.2219387755101,1039.8198619925272,987.22766,1020.1242807584156
2019-09-30 02:00:00,516,597.1192176870749,497.90271392780926,412.13406,479.8225147640726
2019-09-30 03:00:00,969,614.1048604570033,557.4911999982717,558.72833,572.2631813735843
2019-09-30 04:00:00,1063,897.6197759103642,836.8285393127011,898.3838,882.8039733370163
2019-09-30 05:00:00,1478,1192.2016156462585,1049.1345421886365,1141.4667,1131.0673768610675
2019-09-30 06:00:00,1857,2095.9577097505667,2112.9729883058817,2026.7382,2065.601754103956
2019-09-30 07:00:00,3049,2953.6894047619044,2714.7822494847883,2883.1045,2858.670159655423
2019-09-30 08:00:00,3125,3389.8293825423934,3300.2022967267103,3338.279,3341.6474461844637
2019-09-30 09:00:00,3045,3145.8423355155865,3060.6639290172384,3111.4397,3107.346414766019
2019-09-30 10:00:00,3048,2926.3816238276663,2850.9830953514634,2909.7153,2899.1988458104074
2019-09-30 11:00:00,2922,2878.8729741941843,2895.7646344365858,2858.4968,2872.90781524363
2019-09-30 12:00:00,2801,2827.1902027019773,2790.5062316242743,2810.2693,2809.5587521362504
2019-09-30 13:00:00,2717,2736.2597264574015,2689.662670944498,2686.857,2699.90906614735
2019-09-30 14:00:00,2732,2676.0458358773963,2561.9800713168656,2622.598,2620.805426993878
2019-09-30 15:00:00,2124,2590.4988427728335,2540.473311702979,2508.959,2537.222530806453
2019-09-30 16:00:00,2644,2277.1893617637834,2236.275707276818,2339.118,2297.925227221088
2019-09-30 17:00:00,2674,2582.6678275761633,2587.3156201345623,2562.881,2573.936413685494
2019-09-30 18:00:00,2807,2841.178979027096,2746.8132366792934,2794.0635,2794.029792207847
2019-09-30 19:00:00,3046,2881.1658884588333,2838.19246445663,2841.574,2850.6265755335535
2019-09-30 20:00:00,2825,2814.695006884977,2787.932357666146,2775.4448,2788.3792532471557
2019-09-30 21:00:00,2299,2310.47764500537,2184.4307942995065,2294.534,2270.9940775996565
2019-09-30 22:00:00,2056,2034.4109122581656,1934.572085248031,2017.0728,2000.7821263296742
2019-09-30 23:00:00,2086,1814.0450518851608,1780.9012226579146,1779.8922,1788.6826745928001
2019-10-01 00:00:00,1526,1446.5954401760705,1523.1432740497867,1507.3959,1496.1326155681832
2019-10-01 01:00:00,633,902.7133673469389,821.1021667219242,720.75916,791.3334611539345
2019-10-01 02:00:00,871,760.1367872603587,780.5258559998598,776.1421,773.2367057369296
2019-10-01 03:00:00,897,924.2186286332716,997.9779427738274,1038.6912,999.8947239064622
2019-10-01 04:00:00,1042,924.5145299938157,997.8977462151713,987.5902,974.3981740327155
2019-10-01 05:00:00,1355,1083.9694101731604,1252.0526897176956,1147.535,1157.7730420625578
2019-10-01 06:00:00,1968,1931.8267834604826,1948.794226372501,1970.456,1955.383279801996
2019-10-01 07:00:00,3015,3084.6862809269487,3006.8093703278164,3081.89,3063.818859102754
2019-10-01 08:00:00,3121,3265.0913876444883,3195.1009929716474,3184.171,3207.133544372784
2019-10-01 09:00:00,3327,3095.561873375694,3085.336214468751,3011.6553,3051.0521586798613
2019-10-01 10:00:00,2972,3031.681441922883,3075.2849870403684,3083.6023,3068.5427547017503
2019-10-01 11:00:00,2768,2845.7849544896635,2779.2889393616733,2737.6362,2775.086588697209
2019-10-01 12:00:00,2869,2714.3287469558422,2714.109173092278,2712.3945,2713.30674563703
2019-10-01 13:00:00,2936,2751.7504526515086,2756.070923836734,2788.0588,2770.984763067373
2019-10-01 14:00:00,2629,2747.2101382606575,2718.929237599755,2733.4846,2733.277153535416
2019-10-01 15:00:00,2569,2505.34747470877,2436.8724140734184,2490.3254,2480.7176919221097
2019-10-01 16:00:00,2498,2479.625473057873,2520.7000510194744,2508.0996,2504.1311857068367
2019-10-01 17:00:00,2677,2586.4093346395525,2576.928103309663,2595.7227,2588.695687612304
2019-10-01 18:00:00,2732,2868.930212838031,2814.6780868421743,2821.0054,2831.4047604669263
2019-10-01 19:00:00,3156,2866.1766817946464,2807.6088716810978,2808.1558,2822.524269228311
2019-10-01 20:00:00,2953,2910.4293565673897,2765.2309380369384,2810.4583,2824.1441996276444
2019-10-01 21:00:00,2357,2344.9372036693467,2364.0581461212328,2320.1338,2337.3157319788947
2019-10-01 22:00:00,2103,2042.3278224442008,2017.0767925924679,2045.52,2037.6111635247921
2019-10-01 23:00:00,1772,1858.8839868246152,1861.3485851679825,1929.4708,1894.7935555958056
2019-10-02 00:00:00,1626,1394.371972789116,1437.9293543780318,1495.2336,1455.6921530808495
2019-10-02 01:00:00,1272,985.3373306233061,981.4915315815765,1008.616,996.0152294672363
2019-10-02 02:00:00,608,772.7145757020755,643.2091440918191,613.4091,660.6854892746455
2019-10-02 03:00:00,880,851.4715320393893,730.8478948990496,691.3047,741.2322004846097
2019-10-02 04:00:00,1185,1039.3430471753918,1052.3469293673534,1012.24524,1029.0451137645925
2019-10-02 05:00:00,1474,1302.5872226582942,1331.6251000313466,1369.83,1343.468058699754
2019-10-02 06:00:00,2177,2097.102465786324,1983.4337934517148,2000.2872,2020.277680532166
2019-10-02 07:00:00,3272,3230.3032083466683,3000.1301608228337,3092.851,3104.0338794017507
2019-10-02 08:00:00,3343,3400.9055748264395,3246.425159056495,3273.2205,3298.442912962921
2019-10-02 09:00:00,3317,3237.568459411065,3149.833779262928,3227.4238,3210.562473730998
2019-10-02 10:00:00,3133,3043.775172877345,3023.684050550782,3033.37,3033.5498644507816
2019-10-02 11:00:00,2643,2915.2174168993733,2859.6772118982317,2899.6365,2893.5418945040888
2019-10-02 12:00:00,2594,2671.2904329837984,2619.9923376092956,2680.142,2662.8917375701485
2019-10-02 13:00:00,2534,2679.4194725758693,2645.292011591543,2637.103,2649.729384713728
2019-10-02 14:00:00,2455,2514.2845926882906,2490.7012766626945,2516.9456,2509.7192456580588
2019-10-02 15:00:00,2391,2414.972491942679,2457.5280881498547,2403.4448,2419.8475571325084
2019-10-02 16:00:00,2254,2390.274606054659,2416.9394125349427,2398.289,2400.9480358974006
2019-10-02 17:00:00,2570,2429.407379281479,2449.70442352984,2468.874,2454.21496242158
2019-10-02 18:00:00,2710,2762.0652946544874,2701.2785338358653,2789.4414,2760.5566602475883
2019-10-02 19:00:00,2777,2891.2105514462082,2868.0370588739343,2837.373,2858.4984260175356
2019-10-02 20:00:00,2364,2710.9683609432877,2726.6770885146952,2714.1968,2716.5097510363707
2019-10-02 21:00:00,2023,2108.320601546601,2120.7011246628963,2079.8945,2097.2026971773744
2019-10-02 22:00:00,2221,1894.5910117540006,2010.0999640998918,1929.1763,1940.760878729098
2019-10-02 23:00:00,2076,1827.3233163265306,1766.8083614129,1815.5146,1806.2902436536076
2019-10-03 00:00:00,1207,1505.4425907029479,1529.2589862804782,1506.134,1511.742410847419
2019-10-03 01:00:00,1110,922.6030952380952,956.0165027116793,1017.4077,978.3587569093186
2019-10-03 02:00:00,1203,835.3741439909297,852.8542620449085,878.7533,861.4337494581783
2019-10-03 03:00:00,1049,942.0499668188954,947.6572260501764,1049.4475,997.1505531000805
2019-10-03 04:00:00,878,964.317424969988,897.8595799597584,911.0542,921.0713508418116
2019-10-03 05:00:00,681,1173.6969047619048,1197.450078038776,1182.5627,1184.0681177704828
2019-10-03 06:00:00,1074,1821.2794557823127,1751.976335899978,1911.444,1849.035932783854
2019-10-03 07:00:00,1392,1913.491462585034,2116.5724881475658,1897.9468,1956.489376355025
2019-10-03 08:00:00,1970,2496.634387755102,2512.9065629127194,2651.315,2578.0427083700806
2019-10-03 09:00:00,3106,3070.233791349873,2979.585021217569,3038.506,3031.707754899673
2019-10-03 10:00:00,3533,3342.52977235193,3308.1151724353435,3226.0532,3275.687847524943
2019-10-03 11:00:00,3464,3406.0684541402766,3356.5688554891153,3432.3525,3406.835596938598
2019-10-03 12:00:00,3344,3033.9711524609843,3028.163278890812,3044.3623,3037.714760181699
2019-10-03 13:00:00,3056,2966.858128679624,2924.2679741586385,3008.8145,2977.1887522720654
2019-10-03 14:00:00,2791,2819.9143320638054,2799.4183851763846,2752.8743,2781.27031309911
2019-10-03 15:00:00,2539,2546.901915627337,2558.6693398655048,2499.8857,2526.3356849669603
2019-10-03 16:00:00,2582,2425.0864545530994,2400.1389307033687,2409.5032,2411.0579332281795
2019-10-03 17:00:00,2529,2666.444029853648,2685.494289301781,2670.851,2673.4101168982324
2019-10-03 18:00:00,2689,2732.919710010819,2685.0693419957584,2698.2236,2703.6090794078946
2019-10-03 19:00:00,2838,2856.7430272798447,2795.442410300671,2784.2695,2805.181125020129
2019-10-03 20:00:00,2602,2665.425218124963,2697.5906592075635,2661.1208,2671.3143941378194
2019-10-03 21:00:00,1850,2193.9318795372715,2200.237246472161,2254.384,2225.7342981039205
2019-10-03 22:00:00,1867,1939.7860858718,1971.237256260793,1897.1768,1926.3442144393982
2019-10-03 23:00:00,1685,1897.5105741084312,1951.6131274243219,1976.5287,1950.545268644907
2019-10-04 00:00:00,957,1260.5253221288515,1264.0481116437213,1307.6908,1284.988756392362
2019-10-04 01:00:00,1267,826.0317807937322,681.2548727141668,798.48987,776.0665974590061
2019-10-04 02:00:00,916,1014.909030612245,1133.9169267752116,1171.4833,1122.948127530458
2019-10-04 03:00:00,864,803.0106256157105,724.1443786751195,717.5745,740.5760130355982
2019-10-04 04:00:00,780,798.4592238801637,758.1394463320746,766.6349,772.4671114007158
2019-10-04 05:00:00,395,986.4831658817372,987.3472583037338,987.7632,987.3391978432428
2019-10-04 06:00:00,1619,1316.349648526077,995.8190783909894,1269.3278,1212.706061123798
2019-10-04 07:00:00,2520,2690.2862244897965,2906.244816616285,2690.5957,2744.4306118390205
2019-10-04 08:00:00,3041,3233.695150243436,3211.747326010502,3249.3293,3236.025291915047
2019-10-04 09:00:00,3557,3339.87355149043,3314.5641198304916,3305.6729,3316.4458436114805
2019-10-04 10:00:00,3486,3480.073065496267,3529.824035845358,3475.4512,3490.199861272906
2019-10-04 11:00:00,3122,3272.8418643012765,3239.844479341604,3236.9053,3246.62422262947
2019-10-04 12:00:00,2936,2997.762837117187,3077.973458666624,3027.3518,3032.609977266265
2019-10-04 13:00:00,2818,2899.614052153788,2871.0732632162144,2878.7695,2882.056594467501
2019-10-04 14:00:00,2586,2761.6423647875636,2715.636171601389,2747.6177,2743.128471987863
2019-10-04 15:00:00,2523,2564.582529594311,2530.292579099199,2515.1711,2531.30434846244
2019-10-04 16:00:00,2510,2556.182840017753,2514.9971944646504,2512.003,2523.796473464351
2019-10-04 17:00:00,2462,2597.8743857150234,2597.6937313489866,2555.466,2576.625061492565
2019-10-04 18:00:00,2638,2691.7227620475874,2624.20597015896,2657.288,2657.6262260203866
2019-10-04 19:00:00,2597,2703.194400146421,2685.2949061708423,2698.5684,2696.406506266816
2019-10-04 20:00:00,2307,2387.224681685251,2407.897552182422,2443.5188,2420.5399578809806
2019-10-04 21:00:00,2124,1906.0849125387795,1876.077082560289,1873.8572,1882.4690876419545
2019-10-04 22:00:00,1956,1910.301113643745,1859.4751049504112,1926.0573,1905.4726801368204
2019-10-04 23:00:00,1718,1783.2607367525343,1699.0093549911146,1708.0925,1724.6137875843497
2019-10-05 00:00:00,1751,1298.7647113997116,1380.6497181802233,1384.6989,1362.203033664515
2019-10-05 01:00:00,1027,1185.9166206482594,1245.7621949044956,1253.5209,1234.6801408999074
2019-10-05 02:00:00,586,690.9197155225729,638.557635931784,571.20605,617.9723652073392
2019-10-05 03:00:00,1144,820.883611111111,863.0784875112721,877.90027,859.9406589329395
2019-10-05 04:00:00,944,943.4469047619046,998.3115429611555,976.9992,973.9392152022494
2019-10-05 05:00:00,1002,813.0100000000002,748.2046570851934,887.46796,834.0376425427828
2019-10-05 06:00:00,641,679.7330952380952,823.0144383626498,862.02075,806.6972593767488
2019-10-05 07:00:00,1199,1503.843149659864,1466.7816975889307,1438.8396,1462.0760116168863
2019-10-05 08:00:00,2438,2394.2609523809524,2234.4056351054724,2458.6968,2386.515035543481
2019-10-05 09:00:00,3415,3421.768560090703,3405.4573277699374,3402.6533,3408.13313212141
2019-10-05 10:00:00,3609,3755.048673469387,3733.535960829559,3760.3787,3752.335489629424
2019-10-05 11:00:00,3353,3455.864869549353,3450.447954616807,3546.6382,3499.897297838415
2019-10-05 12:00:00,3040,3184.675156579164,3174.102388533441,3132.1694,3155.7791030750263
2019-10-05 13:00:00,2918,2908.642825173604,2973.6074287282277,2931.472,2936.2985253895204
2019-10-05 14:00:00,2750,2740.6762367592623,2739.9225915633297,2719.3596,2729.8295166509606
2019-10-05 15:00:00,2675,2595.2882894048175,2620.362201869408,2583.4668,2595.6460212560564
2019-10-05 16:00:00,2557,2521.60060279331,2529.015569285329,2498.064,2511.6860254415346
2019-10-05 17:00:00,2521,2550.7117077051057,2529.9129465348897,2559.4597,2549.8860219584362
2019-10-05 18:00:00,2744,2600.907912331045,2572.1388949107413,2572.5308,2579.5270826698215
2019-10-05 19:00:00,2669,2511.502824463761,2507.4592619500177,2549.8594,2529.670209103445
2019-10-05 20:00:00,2150,2256.024680984182,2237.4721466317787,2248.7556,2247.7520145211774
2019-10-05 21:00:00,1786,1705.7989192949908,1691.3636929519384,1633.3873,1665.9843176125137
2019-10-05 22:00:00,1820,1690.4918149552311,1706.258503976516,1720.9998,1709.6874576626242
2019-10-05 23:00:00,2090,1766.7177186828094,1744.644966858845,1783.4626,1769.571994627601
2019-10-06 00:00:00,1192,1261.2307482993197,1362.2741512635291,1199.1357,1255.4440959844621
2019-10-06 01:00:00,1260,910.4182007336715,850.8670253202108,896.7701,888.7063467966736
2019-10-06 02:00:00,1207,992.1825600391671,1020.1747451857083,1127.52,1066.849336071844
2019-10-06 03:00:00,1107,898.2186523285203,915.9353545311378,984.12714,945.6020698301489
2019-10-06 04:00:00,881,824.3609151929887,775.0794693246199,790.76764,795.2439157094802
2019-10-06 05:00:00,310,583.5322108843538,610.2434751604013,530.9784,563.9331182885326
2019-10-06 06:00:00,698,591.3646768707484,499.80525704101336,573.61725,559.6011077455186
2019-10-06 07:00:00,1391,1310.8104761904767,1128.9195535062895,1277.0283,1248.4466675804415
2019-10-06 08:00:00,1912,2108.4997547095763,2093.775242890942,2024.7585,2062.948021861067
2019-10-06 09:00:00,2907,3034.589330036577,2996.360228443281,3010.5598,3013.0172968465267
2019-10-06 10:00:00,3492,3478.1997049689453,3447.415788038621,3579.7644,3521.286075400329
2019-10-06 11:00:00,3452,3579.590288777998,3481.340942786855,3553.7942,3542.1299026177758
2019-10-06 12:00:00,3401,3310.781637200335,3275.7346842745897,3282.1675,3287.712820603106
2019-10-06 13:00:00,3185,3198.906252455984,3189.7618084965225,3174.601,3184.4675523475016
2019-10-06 14:00:00,2768,2845.70908795191,2824.6173956078587,2845.4224,2840.2928025305673
2019-10-06 15:00:00,2537,2488.888842796093,2501.7555932819096,2494.1982,2494.7602301132506
2019-10-06 16:00:00,2518,2356.366634087904,2403.256643892457,2357.7217,2368.7666593388403
2019-10-06 17:00:00,2636,2544.7433319348193,2558.8790689218727,2563.9534,2557.8822847844854
2019-10-06 18:00:00,3353,2740.0391116557844,2722.489626110819,2707.056,2719.160138543213
2019-10-06 19:00:00,3284,3042.20056122449,3091.9030872951835,2907.3452,2987.198519551793
2019-10-06 20:00:00,2823,2805.8699782891886,2897.3183329406324,2853.2263,2852.4102369871425
2019-10-06 21:00:00,2128,2083.0979619621235,2004.1359103507814,2069.694,2056.6555139766638
2019-10-06 22:00:00,1919,1817.2916455724728,1866.2791527371292,1843.3938,1842.589598991463
2019-10-06 23:00:00,1586,1734.7420706799467,1731.7342244280815,1711.0984,1722.1682681129446
2019-10-07 00:00:00,1381,1203.9345918367346,1301.9986200772312,1308.6953,1280.8309592284913
2019-10-07 01:00:00,1240,972.6888170823885,1099.4972634184114,1091.9476,1064.0203360431688
2019-10-07 02:00:00,620,751.718327664399,897.8911630819665,861.9782,843.3914779112008
2019-10-07 03:00:00,743,768.0741463778493,758.1756761387076,736.56226,749.8435835588267
2019-10-07 04:00:00,1056,858.2593800247372,901.417171735817,898.89435,889.3663120124041
2019-10-07 05:00:00,1667,1217.1878514739228,1205.291514420156,1139.3136,1175.276640789926
2019-10-07 06:00:00,2255,2204.4698979591835,2063.4749774957477,2138.6353,2136.3038458168576
2019-10-07 07:00:00,3409,3173.1264412861424,3156.1484125278625,3199.6658,3182.1515991956885
2019-10-07 08:00:00,3410,3499.800007785865,3465.8096440981412,3371.2954,3427.0501180491265
2019-10-07 09:00:00,3223,3281.6185963556077,3285.03159661195,3246.2073,3264.766185937202
2019-10-07 10:00:00,3125,2994.6910406434613,3045.6866859654256,3011.653,3015.9209697381593
2019-10-07 11:00:00,2966,2988.4272300547746,3003.3720178365347,2987.841,2991.87034419939
2019-10-07 12:00:00,2682,2872.942006992564,2879.5884891517876,2861.1343,2868.6997627079627
2019-10-07 13:00:00,2764,2694.368384400913,2733.815681240276,2732.1162,2723.104121879047
2019-10-07 14:00:00,2613,2690.838226014526,2705.8977971511463,2688.587,2693.477462822668
2019-10-07 15:00:00,2546,2486.494460889933,2440.152301357298,2452.561,2457.9422081399325
2019-10-07 16:00:00,2571,2485.427556847532,2518.055760842868,2498.6213,2500.1814983679124
2019-10-07 17:00:00,2737,2657.0722698432187,2670.163224490744,2623.8987,2643.7582144038033
2019-10-07 18:00:00,2817,2910.1728188901543,2910.2604211915786,2897.3325,2903.7745697860582
2019-10-07 19:00:00,3079,2930.617829381947,2888.178039179943,2948.457,2928.9274827654726
2019-10-07 20:00:00,2843,2795.873814976469,2854.918795780771,2789.4958,2807.4460774939976
2019-10-07 21:00:00,2324,2321.4599260427854,2306.1361413145687,2307.4265,2310.612273675276
2019-10-07 22:00:00,2132,2035.065463001042,2017.691398312847,2062.1904,2044.2844301722223
2019-10-07 23:00:00,1953,1779.2723091517037,1822.0035065970687,1851.1674,1825.9026331364119
2019-10-08 00:00:00,1751,1387.2139115646257,1513.9534429635057,1501.572,1476.0778493742205
2019-10-08 01:00:00,1089,1205.3171768707482,1191.4835082691611,1263.6611,1231.0307376912274
2019-10-08 02:00:00,685,769.1363851727981,731.3882630570054,658.604,704.4331640105759
2019-10-08 03:00:00,1213,832.8826906426906,903.5357892559703,915.8411,892.0251827188058
2019-10-08 04:00:00,1251,1070.6305473098332,1155.676215115294,1181.2323,1147.1928405086255
2019-10-08 05:00:00,1530,1289.764863945578,1509.7092192494429,1459.2391,1429.488088669849
2019-10-08 06:00:00,2165,2180.569317056966,2031.3350760429382,2136.1218,2121.0370113609133
2019-10-08 07:00:00,3318,3203.6277943904893,3072.1121288157665,3169.8384,3153.854170254689
2019-10-08 08:00:00,3175,3335.0503209327558,3281.1614770037286,3308.616,3308.3609328825587
2019-10-08 09:00:00,3212,3145.479988636187,3073.6238401329715,3068.1455,3088.8487110985398
2019-10-08 10:00:00,2988,2989.693752373682,2976.5099423352212,2956.864,2969.9829305131634
2019-10-08 11:00:00,2867,2847.012547275457,2763.445218350727,2766.915,2786.071960937796
2019-10-08 12:00:00,2664,2768.239927358979,2762.9793027473934,2722.89,2744.249753815656
2019-10-08 13:00:00,2616,2701.7485298375877,2667.950529454768,2673.1895,2679.019491385589
2019-10-08 14:00:00,2460,2585.8377646888716,2564.7531193095742,2573.8452,2574.5703284214865
2019-10-08 15:00:00,2451,2432.5816902868514,2455.7962082695553,2437.4626,2440.825797881289
2019-10-08 16:00:00,2487,2426.9950230093923,2470.232207628324,2475.004,2461.808760784429
2019-10-08 17:00:00,2729,2574.6635601912926,2614.709375242612,2642.2136,2618.4500453819137
2019-10-08 18:00:00,2764,2907.475670170397,2884.561661264707,2836.393,2866.205866061901
2019-10-08 19:00:00,3071,2882.1255261157467,2874.7869350435903,2894.0962,2886.276210992959
2019-10-08 20:00:00,2942,2884.3153718071453,2872.643383205076,2877.1992,2877.8392981280554
2019-10-08 21:00:00,2373,2363.2074391877964,2432.5969045655474,2352.621,2375.261632813336
2019-10-08 22:00:00,2149,2109.6683064320828,2163.4668025730866,2156.738,2146.6527958059796
2019-10-08 23:00:00,2056,1869.182177937986,1851.9692389899133,1906.7854,1883.6805544272872
2019-10-09 00:00:00,1729,1622.530306122449,1695.8110185696148,1640.5778,1649.8742105675472
2019-10-09 01:00:00,940,1150.016654661865,1175.8904353356406,1147.0077,1154.9806177142202
2019-10-09 02:00:00,817,695.9756498053766,738.3587298156923,764.4339,740.8005443681578
2019-10-09 03:00:00,1016,944.6413662131519,1025.1824205934429,1101.9578,1043.4348285375863
2019-10-09 04:00:00,1126,1075.016061980348,1116.8123456666092,1143.1548,1119.5344944898643
2019-10-09 05:00:00,1307,1366.2803146258507,1386.344821964645,1391.8011,1384.0568578780926
2019-10-09 06:00:00,2131,2138.708897329893,2070.377383220427,2142.9539,2123.7484988485176
2019-10-09 07:00:00,3182,3259.9624946137833,3242.224347936591,3268.9705,3260.031940129781
2019-10-09 08:00:00,3336,3357.6354975091294,3361.961248427354,3297.2554,3328.526872030996
2019-10-09 09:00:00,3188,3301.8290821299647,3222.392912854953,3305.4111,3283.761065152479
2019-10-09 10:00:00,2977,2954.863723937045,2977.084098444979,2945.0781,2955.526018095506
2019-10-09 11:00:00,2639,2832.6220417231266,2857.697487463029,2849.9744,2847.5670649137264
2019-10-09 12:00:00,2512,2658.4973922147656,2613.1384114369275,2598.642,2617.2299958347985
2019-10-09 13:00:00,2565,2604.307288548068,2521.980139287794,2552.364,2557.753863794903
2019-10-09 14:00:00,2470,2525.9080486624703,2518.883499936046,2528.8506,2525.623180118379
2019-10-09 15:00:00,2704,2450.4713307495317,2438.381658513655,2431.4763,2437.951406495484
2019-10-09 16:00:00,2797,2525.579395978127,2528.478948931642,2559.7007,2543.364928024317
2019-10-09 17:00:00,2876,2752.153650743886,2785.4486514426353,2794.8113,2781.806215195068
2019-10-09 18:00:00,3107,2950.2909635353835,2926.746920368757,2961.419,2949.968943632285
2019-10-09 19:00:00,3143,3080.6233641408658,3076.162757040746,3037.4197,3057.9063691625906
2019-10-09 20:00:00,2917,2854.8235173881567,2914.3172599897407,2845.9128,2865.241615242912
2019-10-09 21:00:00,2199,2358.7354189857765,2462.3705258168434,2366.0933,2388.32311706003
2019-10-09 22:00:00,2056,2094.003484584199,2082.8289501729423,2097.4497,2092.9329622049104
2019-10-09 23:00:00,1920,1886.4624317219768,1994.6027254971887,1970.0239,1955.2782521954164
2019-10-10 00:00:00,1642,1542.5491156462585,1514.7049317462481,1666.6832,1597.6551256176579
2019-10-10 01:00:00,1214,1117.0122042475525,1129.5650303195184,1113.4792,1118.3839326652053
2019-10-10 02:00:00,560,773.8433968850698,845.9080161130274,734.0882,771.981951149915
2019-10-10 03:00:00,602,888.1634242618741,897.9893551720417,920.3455,906.7109548682446
2019-10-10 04:00:00,698,1028.7942398925172,1075.8841127599496,1123.913,1088.1260700967105
2019-10-10 05:00:00,1394,1024.1326700680272,1032.8776300378572,1176.1116,1102.3083611592835
2019-10-10 06:00:00,2164,2148.844455782313,2509.353908713019,2228.6982,2278.898712217583
2019-10-10 07:00:00,3329,3165.647944222465,3087.725491872192,3226.0762,3176.381444961164
2019-10-10 08:00:00,3348,3404.1608889919607,3250.8313291156787,3374.3696,3350.932868980035
2019-10-10 09:00:00,3368,3202.7554296017265,3182.6144855165994,3194.2368,3193.4608869827066
2019-10-10 10:00:00,2869,3079.88697246683,3148.3403840410933,3104.378,3109.245803970731
2019-10-10 11:00:00,2562,2847.4561830602343,2783.026924378177,2810.2454,2812.7434575236653
2019-10-10 12:00:00,2422,2660.2438738163332,2625.073104413916,2600.8792,2621.768819752875
2019-10-10 13:00:00,2459,2515.341467404736,2546.2610015073565,2531.698,2531.249616251461
2019-10-10 14:00:00,2572,2488.4135717265185,2482.7992236957148,2497.5469,2491.5766363555585
2019-10-10 15:00:00,2472,2488.8853095149343,2534.8369698779275,2511.9265,2511.893826684153
2019-10-10 16:00:00,2509,2485.3342694894077,2511.162756006564,2527.5876,2512.9180796161804
2019-10-10 17:00:00,2569,2636.531352451848,2634.8494462481813,2637.4224,2636.5563813156323
2019-10-10 18:00:00,2748,2758.0564082649726,2773.912945367417,2797.0886,2781.536649931535
2019-10-10 19:00:00,3050,2934.464042379627,2904.9778119034186,2944.822,2932.271474312949
2019-10-10 20:00:00,2851,2891.722533601006,2857.338929788288,2836.324,2855.427353152011
2019-10-10 21:00:00,2367,2240.131698293352,2182.2080696089824,2213.934,2212.5519829912087
2019-10-10 22:00:00,2168,2112.7867779461712,2043.7186417225691,2083.7522,2081.002453549998
2019-10-10 23:00:00,1842,1907.6563590984401,1841.5030944252069,1890.6995,1882.6395948262243
2019-10-11 00:00:00,1675,1448.204319727891,1381.3552838578084,1537.1735,1475.9766318534562
2019-10-11 01:00:00,1233,1131.7643124241565,1252.2432302690208,1222.7252,1207.3644955365755
2019-10-11 02:00:00,489,672.0161634793778,666.3548429155155,626.92847,648.0569849971608
2019-10-11 03:00:00,913,817.3537903366473,770.4364400367755,784.2388,789.0669423589807
2019-10-11 04:00:00,1135,930.7517207792207,1023.9963995113487,1029.0275,1003.2007629827986
2019-10-11 05:00:00,1490,1211.4183843537414,1339.5197889432727,1400.8792,1338.174118519566
2019-10-11 06:00:00,2173,2100.2275819418674,1973.9446122977142,2046.04,2041.5630680911454
2019-10-11 07:00:00,3346,3183.730455286541,2958.330281058332,3144.1064,3107.568406742468
2019-10-11 08:00:00,3208,3419.0950317118622,3444.197673191221,3469.3357,3450.4910229054585
2019-10-11 09:00:00,3423,3275.6024473081197,3308.0134385994297,3250.2273,3271.017618937825
2019-10-11 10:00:00,3489,3091.181367016443,3273.939616647068,3179.863,3181.211764470565
2019-10-11 11:00:00,3103,3147.43918367347,3195.02173787408,3186.2808,3178.7556112462626
2019-10-11 12:00:00,3066,3000.8721211123934,2991.2569894553117,2954.5303,2975.297414360676
2019-10-11 13:00:00,3085,2964.289471453034,2907.715816148667,2871.193,2903.5978795176125
2019-10-11 14:00:00,2795,2868.886497092028,2859.4251241710735,2803.4102,2833.7829834407753
2019-10-11 15:00:00,2708,2665.877058051245,2613.911448123194,2602.2812,2621.0877515436096
2019-10-11 16:00:00,2834,2628.0682909531924,2615.716643983344,2617.9995,2619.9459895935092
2019-10-11 17:00:00,2921,2789.6757998258076,2784.160839509555,2778.0315,2782.474906904153
2019-10-11 18:00:00,2980,2874.6533406136587,2958.189447130757,3019.8584,2968.139896154854
2019-10-11 19:00:00,2944,2937.2583029287966,2832.6250176596386,2906.7896,2895.8656055377337
2019-10-11 20:00:00,2597,2609.734314448506,2661.631086526536,2630.7148,2633.1987721187606
2019-10-11 21:00:00,2144,2128.122480931767,2232.419265242299,2136.3628,2158.3168330278913
2019-10-11 22:00:00,2054,1982.9403700208911,2037.3006397706886,2016.0105,2013.0655014713325
2019-10-11 23:00:00,1804,1924.4135917556293,1853.277770341954,1930.9941,1909.9199108368957
2019-10-12 00:00:00,1804,1696.664387755102,1647.2222386054054,1771.2914,1721.6173475080957
2019-10-12 01:00:00,1388,1280.3364145223309,1293.9019890648028,1331.2747,1309.196929998346
2019-10-12 02:00:00,693,726.9050070028012,684.5417170941572,686.1602,695.9417896668177
2019-10-12 03:00:00,975,912.9434090909091,992.7639544203519,975.259,964.0563269617996
2019-10-12 04:00:00,1057,1022.2556091527518,1046.9651104696852,1113.9277,1074.2690470931093
2019-10-12 05:00:00,1051,1013.8846258503402,981.6313066256258,1083.9899,1040.8739172010228
2019-10-12 06:00:00,472,825.6915986394557,815.9470296201351,847.02356,833.921436850054
2019-10-12 07:00:00,1286,1570.730476190476,1225.8206337432678,1415.0625,1406.669027483436
2019-10-12 08:00:00,2861,2489.712142857143,2391.631909319795,2441.1482,2440.910109723922
2019-10-12 09:00:00,3776,3743.5401795162506,3711.8413033934253,3674.9897,3701.340243774294
2019-10-12 10:00:00,4022,3944.5517517006806,3956.3516365206483,3905.074,3927.76283436002
2019-10-12 11:00:00,3829,3688.5455334491094,3751.564202524519,3742.2166,3731.1357103605947
2019-10-12 12:00:00,3721,3545.7017006378173,3544.1437445727147,3537.2292,3541.0759853260706
2019-10-12 13:00:00,3198,3471.7451387666774,3449.825654872115,3430.8918,3445.8386212612604
2019-10-12 14:00:00,3019,2908.743975199485,2868.3405699138316,2879.0857,2883.813982958017
2019-10-12 15:00:00,2701,2809.4527828915184,2761.2515773803875,2816.1594,2800.755801982039
2019-10-12 16:00:00,2798,2630.3686204736887,2606.441492721601,2603.7917,2611.09840232226
2019-10-12 17:00:00,2789,2769.2591746450003,2754.458288269163,2749.0913,2755.4750200254157
2019-10-12 18:00:00,2823,2823.347837910073,2842.9988464223647,2842.151,2837.6621105362346
2019-10-12 19:00:00,2709,2735.537876094231,2659.156497746387,2695.2087,2696.277963577342
2019-10-12 20:00:00,2373,2328.5825804988667,2357.9851779239525,2342.9744,2343.1291222228924
2019-10-12 21:00:00,1722,1850.3824829931973,1894.7635550415437,1828.6681,1850.6205549188414
2019-10-12 22:00:00,1717,1800.2682988836564,1808.6405338185355,1803.3441,1803.8992662810167
2019-10-12 23:00:00,2155,1897.846322716129,1875.4013203031288,2013.1576,1949.8907071415333
2019-10-13 00:00:00,1535,1403.8071768707482,1525.5398379014598,1420.33,1442.5017317203958
2019-10-13 01:00:00,970,1081.7974469787914,1040.7218697761014,1045.9631,1053.6113965715358
2019-10-13 02:00:00,1125,985.9196825396824,1005.5212045406317,1024.6667,1010.193595793516
2019-10-13 03:00:00,1039,965.8751351095996,1049.4042347314023,1071.7993,1039.7195006633756
2019-10-13 04:00:00,856,789.0138234384661,775.6316468324042,858.0637,820.19322791928
2019-10-13 05:00:00,204,586.14,594.1584250794996,604.6438,597.3965056839374
2019-10-13 06:00:00,420,683.1677380952382,535.6573098805258,632.3422,620.8773740544879
2019-10-13 07:00:00,1197,1368.1520408163265,1313.5186029476663,1372.9257,1356.880490530842
2019-10-13 08:00:00,2088,2084.855432147218,1950.362797053644,2028.598,2023.1035685306842
2019-10-13 09:00:00,3077,3180.318185941043,3154.6664092437713,3103.0989,3135.295587272766
2019-10-13 10:00:00,3746,3632.570406101835,3578.5241006590823,3651.6687,3628.607977276167
2019-10-13 11:00:00,3538,3693.938317357246,3644.9798085160437,3572.513,3620.986001194885
2019-10-13 12:00:00,3469,3449.563976960801,3372.6863152902174,3443.5593,3427.342236148692
2019-10-13 13:00:00,3150,3253.702748824094,3212.8508920328027,3251.968,3242.6224190032867
2019-10-13 14:00:00,2870,2845.356709247918,2836.329278350966,2788.9336,2814.888293774721
2019-10-13 15:00:00,2642,2543.5098329294738,2603.7367959125095,2642.8179,2608.220592757371
2019-10-13 16:00:00,2366,2445.8329669423106,2477.190043906586,2520.1802,2490.8458406028494
2019-10-13 17:00:00,2563,2478.8340493034725,2483.606602860347,2534.4656,2507.8429511268923
2019-10-13 18:00:00,3052,2773.393490831852,2764.3912333881844,2803.973,2786.4326312503217
2019-10-13 19:00:00,3011,3045.7766276794846,3088.8500014232354,3083.8372,3075.5752363772426
2019-10-13 20:00:00,2637,2769.0525086805446,2718.4123938341236,2700.201,2721.9666894958546
2019-10-13 21:00:00,2038,2057.652118001047,2018.609530286824,2085.082,2061.606427696968
2019-10-13 22:00:00,1845,1813.1494202226345,1825.2018132355158,1909.7576,1864.466592544225
2019-10-13 23:00:00,2056,1748.3881555349412,1720.3309505810557,1751.4268,1742.8931554352494
2019-10-14 00:00:00,1419,1472.1042063492062,1523.5250127048653,1598.3602,1548.0874195096117
2019-10-14 01:00:00,630,881.558013890871,845.015109765765,734.4023,798.8444222715809
2019-10-14 02:00:00,1029,780.907142857143,787.0555779529569,822.92426,803.4528078880719
2019-10-14 03:00:00,995,884.5530782312925,1038.923047210913,976.3021,969.0200933722701
2019-10-14 04:00:00,1071,853.3168903715332,832.1590199500212,915.33215,879.0350542405448
2019-10-14 05:00:00,1044,1140.263316326531,1047.1094820591193,1104.7667,1099.2265614128187
2019-10-14 06:00:00,1728,1830.1328571428567,1848.0944127584662,1941.0692,1890.0914244089245
2019-10-14 07:00:00,2434,2828.734013605442,2838.806852975019,2925.1938,2879.48214047324
2019-10-14 08:00:00,3117,3317.269191607165,3112.2807700616922,3135.8572,3175.316079284402
2019-10-14 09:00:00,3392,3454.6548740342782,3355.2930745079834,3406.5002,3405.737109205878
2019-10-14 10:00:00,3190,3326.0417924978506,3291.377396783901,3342.0115,3325.360534625125
2019-10-14 11:00:00,3174,3038.3616786441835,3070.3117440093247,2996.7722,3025.5544640618145
2019-10-14 12:00:00,3075,3020.4355495380664,2995.0426332321863,3003.2205,3005.479775184751
2019-10-14 13:00:00,3037,2972.4745986277344,2976.6878298656525,2973.2598,2973.9204899358465
2019-10-14 14:00:00,2831,2876.4443148742503,2875.33796722619,2903.0574,2889.4742570485478
2019-10-14 15:00:00,2711,2658.257096810187,2649.204706721213,2613.5708,2633.650851273475
2019-10-14 16:00:00,2664,2580.2905228112772,2575.083696384135,2618.513,2598.1000245254154
2019-10-14 17:00:00,2455,2780.447742749286,2777.3115584696147,2778.6375,2778.7585508906627
2019-10-14 18:00:00,2983,2895.5873323451065,2818.5436102849867,2850.6985,2853.881978821586
2019-10-14 19:00:00,3115,3077.9594571321168,3077.7656864498213,3105.712,3091.7872429267345
2019-10-14 20:00:00,2893,2838.2757560295445,2799.5858115859855,2746.0964,2782.51360967732
2019-10-14 21:00:00,2154,2347.1624263038548,2243.6245692945927,2332.8608,2314.127168821487
2019-10-14 22:00:00,1875,2003.0582574680789,1990.7425857890448,2022.6241,2009.7622835681873
2019-10-14 23:00:00,1746,1895.9028442828596,1929.3591020788144,1959.0925,1935.861751238856
2019-10-15 00:00:00,1667,1467.93268707483,1517.2513948185415,1617.093,1554.8425292624054
2019-10-15 01:00:00,1243,1021.8115136054421,1038.8797896961357,1118.8864,1074.6160020949258
2019-10-15 02:00:00,801,781.4879226178277,720.9136153973295,673.2715,712.2361266912893
2019-10-15 03:00:00,952,893.811672561194,881.039720576294,879.21173,883.3187137628877
2019-10-15 04:00:00,1185,1016.6459523809525,1133.6839066907858,1111.2192,1093.1920839085597
2019-10-15 05:00:00,1608,1275.209146567718,1214.8770837797613,1290.3105,1267.67683102437
2019-10-15 06:00:00,1696,2032.275072322032,2131.637568564086,1950.6482,2016.3022569012169
2019-10-15 07:00:00,2449,2687.179829931973,2522.2433373052772,2537.7354,2571.2234675905624
2019-10-15 08:00:00,3082,3213.025340208466,2992.4210637426586,3070.8613,3086.792265050281
2019-10-15 09:00:00,3513,3270.5491885498564,3340.1314041143964,3297.476,3301.408185275438
2019-10-15 10:00:00,3425,3428.442573696145,3454.6662153507996,3336.8467,3389.200537105486
2019-10-15 11:00:00,3277,3091.4687239454533,3246.832139672662,3057.4316,3113.2910362170287
2019-10-15 12:00:00,3061,3064.2324866817103,3091.9585159216235,3090.065,3084.080221353958
2019-10-15 13:00:00,3078,2971.726560216856,2963.92829663672,2968.4592,2968.1433284712066
2019-10-15 14:00:00,2843,2920.2660852246368,2855.2188024169495,2886.0566,2886.8995422228963
2019-10-15 15:00:00,2808,2685.1441103871084,2671.8241987011465,2652.7812,2665.632702272064
2019-10-15 16:00:00,2678,2714.185538797351,2664.332500693419,2674.1978,2681.7283868258173
2019-10-15 17:00:00,2782,2756.126156967815,2622.006282290437,2764.9167,2726.9914838380005
2019-10-15 18:00:00,2975,2975.5454169725695,2936.1115232095804,3011.648,2983.7382096549127
2019-10-15 19:00:00,2955,3044.8220184636752,3006.3663145549413,3023.7495,3024.6718391140294
2019-10-15 20:00:00,2749,2853.03977453973,2774.401099732398,2816.8972,2815.3088269664695
2019-10-15 21:00:00,2180,2260.1456698742163,2222.3721528616047,2218.897,2230.0779420120803
2019-10-15 22:00:00,1983,2021.5056624316394,1949.554433872373,1981.5908,1983.560434232253
2019-10-15 23:00:00,1764,1907.4009817145532,1798.4214480610765,1855.237,1854.074137717345
2019-10-16 00:00:00,1690,1569.8047619047616,1605.4360210226632,1651.3008,1619.4605863568563
2019-10-16 01:00:00,1325,1228.069319727891,1182.0102871128602,1250.2417,1227.6407513195627
2019-10-16 02:00:00,752,780.406277167277,759.7204698316156,717.97296,744.0181674626137
2019-10-16 03:00:00,887,780.9616956333599,871.0267567716485,813.03107,819.5126465485178
2019-10-16 04:00:00,1250,1054.0586159584607,1149.650769539479,1151.0833,1126.4689723510473
2019-10-16 05:00:00,1571,1407.5601988487701,1582.5391284445034,1519.805,1507.4273586787872
2019-10-16 06:00:00,1665,2035.745667560127,2118.6661680043603,1951.9764,2014.5911791059657
2019-10-16 07:00:00,2602,2634.2809410430837,2500.017827084714,2501.1094,2534.1293795319493
2019-10-16 08:00:00,2890,3234.3276392256985,3195.445246925899,3263.9543,3239.4203943894618
2019-10-16 09:00:00,3233,3258.1754772477593,3196.6984266222444,3322.9697,3275.203339248751
2019-10-16 10:00:00,3040,3147.1859360375524,3077.719908887858,3110.216,3111.334493457915
2019-10-16 11:00:00,2945,2865.8583753236435,2904.2077548985985,2909.6885,2897.3607708368104
2019-10-16 12:00:00,2938,2855.7088084933707,2809.751380967053,2858.172,2845.4511069354185
2019-10-16 13:00:00,2661,2897.417223887195,2823.6053220491567,2848.7139,2854.612570077838
2019-10-16 14:00:00,2614,2672.9089734717163,2622.8847766175004,2618.4382,2633.1675537332417
2019-10-16 15:00:00,2668,2561.3189494757535,2578.599733840224,2562.706,2566.332698172744
2019-10-16 16:00:00,2349,2593.246070933152,2612.525725230908,2569.3694,2586.1276414238273
2019-10-16 17:00:00,2740,2458.264106158263,2553.0774812481523,2556.3003,2530.985543335979
2019-10-16 18:00:00,2738,2892.928363462365,2940.7842408202364,2953.9243,2935.3903092737755
2019-10-16 19:00:00,2815,2860.3670960178715,2836.063761933791,2889.592,2868.903734995728
2019-10-16 20:00:00,2599,2713.942934938034,2734.716068869703,2712.5652,2718.447343725372
2019-10-16 21:00:00,2163,2168.6163465672707,2181.98700796844,2209.4668,2192.384237071428
2019-10-16 22:00:00,1863,2008.5323343299754,2028.838351897606,2014.9796,2016.8324786858016
2019-10-16 23:00:00,2148,1836.9353731816104,1803.8385764014788,1754.9338,1787.6604063410848
2019-10-17 00:00:00,1404,1619.0121428571426,1677.5616146801297,1595.1685,1621.727667899943
2019-10-17 01:00:00,609,1043.3484693877554,953.945161996668,965.91895,982.2828805023559
2019-10-17 02:00:00,987,756.5238991960421,690.0339573321742,749.3163,736.2976062218978
2019-10-17 03:00:00,889,926.633605442177,936.1477272822826,919.75006,925.570363698693
2019-10-17 04:00:00,1059,938.864931972789,920.580239302169,826.75385,878.2382154261613
2019-10-17 05:00:00,1039,1284.438231292517,1393.6362516738443,1176.6506,1257.843938124403
2019-10-17 06:00:00,1569,1772.503567848192,1855.4965559330446,1735.884,1774.9420475468717
2019-10-17 07:00:00,2432,2499.656632653061,2584.875784962969,2608.5564,2575.411302646195
2019-10-17 08:00:00,2978,3176.0002827949365,3155.701130609432,3146.1829,3156.0167840151544
2019-10-17 09:00:00,3078,3265.370832006181,3287.5692660815207,3335.796,3306.1329737406754
2019-10-17 10:00:00,3007,3009.710214218888,3001.211843359803,3027.4304,3016.4457243556103
2019-10-17 11:00:00,2881,2865.2904471252496,2807.7400825528935,2826.3562,2831.435733005473
2019-10-17 12:00:00,2703,2795.0942136053877,2744.202235887892,2787.5845,2778.616348701445
2019-10-17 13:00:00,2586,2676.905248374007,2618.453938825492,2662.6765,2655.1780536358124
2019-10-17 14:00:00,2619,2557.9883673236905,2565.94807977558,2554.7605,2558.364360798255
2019-10-17 15:00:00,2576,2523.3096943928113,2551.4476948587007,2527.7578,2532.568253562878
2019-10-17 16:00:00,2451,2500.3781532011612,2478.1775661948814,2450.1692,2469.7235245755733
2019-10-17 17:00:00,2600,2550.199584556411,2524.5931740018914,2553.5962,2545.4962853427005
2019-10-17 18:00:00,2642,2777.5740752356296,2737.4684677996197,2768.9294,2763.2253574385
2019-10-17 19:00:00,2853,2802.552522391625,2739.3630611003423,2760.4062,2765.682020872992
2019-10-17 20:00:00,2557,2718.311401962943,2678.88736301057,2665.3645,2681.9819422199407
2019-10-17 21:00:00,2213,2178.132784567738,2176.6954372204646,2238.2588,2207.8364499783006
2019-10-17 22:00:00,2059,1997.1812662575926,1970.6277666663268,1997.8544,1990.8794432895736
2019-10-17 23:00:00,2181,1927.817544450741,1897.7618817563243,1874.5142,1893.6519366298912
2019-10-18 00:00:00,1376,1536.5328571428572,1492.3523181968333,1546.8458,1530.6442064325788
2019-10-18 01:00:00,742,861.5793990929704,790.3066098510403,785.9892,805.9661006246746
2019-10-18 02:00:00,925,833.111586270872,769.089970817021,968.532,884.8163804829107
2019-10-18 03:00:00,907,947.2883264354692,958.8796382555205,997.27026,975.1771230086849
2019-10-18 04:00:00,958,988.9949537037036,914.179287537867,879.65216,915.6196406326583
2019-10-18 05:00:00,1032,1112.2057738095236,1110.925618388759,984.78784,1048.1767689480082
2019-10-18 06:00:00,1480,1675.876457260367,1863.5443960671885,1711.8732,1740.7917978045452
2019-10-18 07:00:00,2508,2398.9405493712634,2483.094899808799,2417.3086,2429.1631591700157
2019-10-18 08:00:00,3120,3218.565876950231,3224.2701289142415,3134.6094,3178.013688966118
2019-10-18 09:00:00,3576,3361.5881462191733,3385.640055978706,3329.0774,3351.3457468385322
2019-10-18 10:00:00,3478,3471.7997252510786,3561.3153145217607,3456.5798,3486.5686769353974
2019-10-18 11:00:00,3184,3213.8534260977117,3254.9893545388168,3235.6008,3235.0111101981947
2019-10-18 12:00:00,3259,3074.6725437595874,3064.6040825034547,3073.6255,3071.6319007063857
2019-10-18 13:00:00,3045,3015.574756932326,3056.040331038956,3065.328,3050.567712422508
2019-10-18 14:00:00,2601,2912.5919941772413,2799.8582721707753,2861.1575,2858.6913019385665
2019-10-18 15:00:00,2297,2590.046432339424,2501.7928328912235,2552.6582,2549.2889178701616
2019-10-18 16:00:00,2545,2473.2312051773183,2390.898781111882,2403.9617,2418.0133315332378
2019-10-18 17:00:00,2694,2641.9075190708063,2626.946911021144,2615.411,2624.919051858925
2019-10-18 18:00:00,2788,2778.454656709277,2759.971797009417,2781.832,2775.5226290546734
2019-10-18 19:00:00,2939,2816.2939332893175,2729.236467254971,2791.233,2781.999055214197
2019-10-18 20:00:00,2486,2636.742069204801,2630.83824089876,2582.8806,2608.3353851430775
2019-10-18 21:00:00,2077,2051.399236521562,2097.291491970713,2044.5565,2059.4509414004124
2019-10-18 22:00:00,2145,1938.383640278348,2028.9673242050105,2012.7147,1998.1951019606834
2019-10-18 23:00:00,2172,1964.6025326360214,1962.8704810940287,1977.1903,1970.4634072411063
2019-10-19 00:00:00,1208,1587.0377210884353,1563.719808665048,1595.1804,1585.2795923993083
2019-10-19 01:00:00,1316,976.7185204081633,1058.896801036835,977.2429,997.5252903221871
2019-10-19 02:00:00,1262,1036.1088095238094,1059.6537709348183,1077.4707,1062.675996677157
2019-10-19 03:00:00,1052,940.6220504099075,938.5574348934448,1018.68054,979.1351423219319
2019-10-19 04:00:00,571,861.5577925022823,796.9843564884039,805.63715,817.4541102457184
2019-10-19 05:00:00,684,785.4722959183674,805.9943973602825,713.2673,754.5003097942719
2019-10-19 06:00:00,1096,709.1664285714285,814.431587956576,825.6415,793.7202438780948
2019-10-19 07:00:00,1153,1629.4780272108844,1559.0322204794904,1673.1238,1633.6894515710312
2019-10-19 08:00:00,2176,2318.6876020408163,2023.7493239836135,2292.4858,2231.8521514279823
2019-10-19 09:00:00,3429,3328.1742512301366,3366.312703077743,3294.8801,3321.0618020535326
2019-10-19 10:00:00,3619,3759.9739811379095,3781.8268117579755,3759.814,3765.3571806458463
2019-10-19 11:00:00,3434,3522.6050000000005,3495.6779919763185,3479.741,3494.4412313925172
2019-10-19 12:00:00,3271,3268.6148477835914,3319.9955177741995,3238.9575,3266.6313511550725
2019-10-19 13:00:00,3143,3088.7848871128135,3121.4123920367847,3116.963,3111.0307650998993
2019-10-19 14:00:00,2810,2950.6654734677286,2893.1232149574626,2888.75,2905.322172106298
2019-10-19 15:00:00,2741,2633.6656465227234,2601.217577225366,2573.4673,2595.4544485151473
2019-10-19 16:00:00,2792,2593.7090557929682,2578.078833630471,2578.1504,2582.0221676683595
2019-10-19 17:00:00,2755,2802.8233330731523,2705.935579549506,2710.7202,2732.54983557754
2019-10-19 18:00:00,2798,2761.427562001852,2776.376908770446,2769.3425,2769.122382341512
2019-10-19 19:00:00,2560,2673.428867749305,2653.3116044271173,2651.1313,2657.2507918722304
2019-10-19 20:00:00,2349,2258.679051560018,2301.229999535113,2287.6274,2283.790983476908
2019-10-19 21:00:00,1844,1852.6478681472593,1893.5781656661914,1860.4988,1866.8058981018003
2019-10-19 22:00:00,1661,1816.010423544709,1726.2198162301231,1758.3535,1764.734317756208
2019-10-19 23:00:00,1518,1861.9267294610152,1933.8581173501782,1936.9084,1917.4004353356108
2019-10-20 00:00:00,1937,1247.9911224489795,1199.9022029861703,1297.916,1260.9313391712874
2019-10-20 01:00:00,1254,1135.7672278911566,1272.009760602822,1154.514,1179.2012661664635
2019-10-20 02:00:00,729,1057.7035517364839,974.7649199198949,944.7425,980.4883642519853
2019-10-20 03:00:00,1134,912.3127886645374,976.7557052631973,1017.28735,980.9108002397462
2019-10-20 04:00:00,1004,908.0030782312925,879.6689278778607,910.95776,902.3968833632258
2019-10-20 05:00:00,295,617.271768707483,598.3621034349051,672.7072,640.2620752133314
2019-10-20 06:00:00,406,643.8145238095237,660.1276686134264,686.9018,669.4364453225344
2019-10-20 07:00:00,1288,1244.9248299319727,940.2809885664759,1052.676,1072.6394673199247
2019-10-20 08:00:00,1895,2059.366088435374,2056.4690655158047,2064.6394,2061.278490636232
2019-10-20 09:00:00,2871,3012.4080873888015,3061.268774491147,2998.773,3017.805690079362
2019-10-20 10:00:00,3492,3511.895238095238,3481.7027450299643,3553.339,3525.069051445363
2019-10-20 11:00:00,3311,3581.762945784375,3518.3561815776866,3576.7043,3563.3819546920777
2019-10-20 12:00:00,3323,3171.8838095238098,3166.321228426735,3277.507,3223.304799526699
2019-10-20 13:00:00,3092,3121.9603504137713,3051.989986801123,3080.2825,3083.628819655286
2019-10-20 14:00:00,2870,2775.1673415269397,2849.8886126866164,2835.3206,2823.9242668737015
2019-10-20 15:00:00,2580,2569.421581632311,2621.559896208982,2625.5017,2610.4962239525107
2019-10-20 16:00:00,2309,2413.2514473295823,2396.8468428774795,2411.8877,2408.4684202080152
2019-10-20 17:00:00,2514,2402.176867054287,2392.0584674000143,2423.8389,2410.478267207325
2019-10-20 18:00:00,2664,2660.826341806548,2700.4580205587977,2692.7478,2686.694991958524
2019-10-20 19:00:00,2828,2729.1588999847268,2700.742368080346,2694.5833,2704.7669429928305
2019-10-20 20:00:00,2446,2581.1737667668726,2599.107045729816,2584.5366,2587.338513671047
2019-10-20 21:00:00,1945,1874.8729024943314,1866.8630068243986,1940.3889,1905.628435337495
2019-10-20 22:00:00,1896,1816.5105649606749,1754.1313606750527,1788.2736,1786.7972611940882
2019-10-20 23:00:00,1996,1735.7199619358232,1764.8600086312981,1794.5603,1772.425144008968
2019-10-21 00:00:00,876,1476.6392176870747,1567.2703352643568,1460.2534,1491.104097222233
2019-10-21 01:00:00,889,788.097171500179,760.7962322652031,766.9529,770.699791371033
2019-10-21 02:00:00,905,845.0643259935553,995.8699800904094,1057.2948,988.8809764233349
2019-10-21 03:00:00,946,891.8265367965367,916.5819554323239,963.31244,933.758342539637
2019-10-21 04:00:00,880,830.954226211075,888.2176026000509,967.9465,913.7661932867659
2019-10-21 05:00:00,651,945.5017006802722,830.7451247931754,925.91797,907.0206907433619
2019-10-21 06:00:00,1570,1669.9776984126984,1238.6565450453145,1368.9758,1411.6464759035657
2019-10-21 07:00:00,2518,2584.971292517007,2514.259351229581,2410.2944,2479.954877733522
2019-10-21 08:00:00,2732,3226.890476390015,3201.032818247478,3106.005,3159.9832650656235
2019-10-21 09:00:00,3179,3308.2193626512912,3172.7960043976386,3183.4685,3211.98809469192
2019-10-21 10:00:00,2882,3205.5509027400144,3131.3364820669494,3200.3274,3184.3855424908033
2019-10-21 11:00:00,2917,2915.8612193944105,2883.0216982972847,2888.0957,2893.768580985424
2019-10-21 12:00:00,2619,2805.981035544925,2919.092614491043,2878.9287,2870.732767977742
2019-10-21 13:00:00,2988,2660.007568054077,2754.040036540145,2711.1272,2709.0754997813683
2019-10-21 14:00:00,2628,2766.3538328548007,2771.907068763535,2673.8757,2721.5030916155215
2019-10-21 15:00:00,2534,2504.6406255465954,2521.1310147301983,2535.4531,2524.1694725691987
2019-10-21 16:00:00,2410,2442.185544993642,2457.5444018344406,2461.383,2455.6240150273334
2019-10-21 17:00:00,2704,2480.827292226523,2474.1922594998123,2468.6072,2473.058476798771
2019-10-21 18:00:00,2711,2748.2379839104087,2772.4860135510903,2770.1753,2765.2686458497496
2019-10-21 19:00:00,3002,2778.0095788889275,2779.8335581228507,2767.976,2773.4488213623194
2019-10-21 20:00:00,2477,2738.3262339595944,2751.9777202556934,2712.1833,2728.6676633585093
2019-10-21 21:00:00,2087,2022.7554571599521,1973.4671247130987,2019.1018,2008.6065487885753
2019-10-21 22:00:00,2179,1932.6778590496804,1923.644583991253,1999.1693,1963.6652665219522
2019-10-21 23:00:00,1952,1891.9814864154946,1876.2430573679233,1890.7611,1887.4366901450733
2019-10-22 00:00:00,1637,1283.181972789116,1233.9592462253604,1367.9073,1313.2389790700254
2019-10-22 01:00:00,733,1097.3176070428171,1025.4099991594053,1031.4935,1046.4286666872745
2019-10-22 02:00:00,914,747.7535561028005,774.3163317569811,835.0333,798.0341345626016
2019-10-22 03:00:00,1042,974.7930050505049,1039.1400187330055,1062.3107,1034.6385904185338
2019-10-22 04:00:00,1055,931.6025549450549,917.5445573527888,917.4402,921.0068708478984
2019-10-22 05:00:00,1171,1103.2212499999998,1093.5582250022276,957.9038,1028.146773047432
2019-10-22 06:00:00,1486,1660.5878335949765,1481.2088477352381,1474.2063,1522.5523197466161
2019-10-22 07:00:00,2459,2434.5245642870923,2463.970477225696,2481.2844,2465.2659722922594
2019-10-22 08:00:00,2969,3118.9713425248883,3052.5340050855616,3026.8372,3056.294916004175
2019-10-22 09:00:00,3401,3202.7262582434646,3245.448273454835,3228.924,3226.5056690573874
2019-10-22 10:00:00,3191,3352.304747583244,3331.9520762067255,3302.793,3322.460690322492
2019-10-22 11:00:00,3021,2999.9866917744916,2983.599691809094,2978.7166,2985.254872263084
2019-10-22 12:00:00,2908,2934.547810976453,2867.786044335507,2809.1824,2855.1746503514278
2019-10-22 13:00:00,2885,2796.38262158287,2844.611525396516,2859.9028,2840.199952760471
2019-10-22 14:00:00,2485,2745.319337449465,2724.353036460259,2761.604,2748.220095430556
2019-10-22 15:00:00,2537,2426.841852680163,2470.6548827315028,2493.5483,2471.1483537747913
2019-10-22 16:00:00,2478,2477.7785978484953,2509.69824362184,2474.843,2484.2907191566464
2019-10-22 17:00:00,2653,2635.513056096055,2604.594282231946,2622.0208,2621.037210558563
2019-10-22 18:00:00,2782,2839.1597502391887,2791.685549594632,2820.404,2817.913351325643
2019-10-22 19:00:00,3055,2903.675462992142,2904.4808524747277,2943.589,2923.83363453078
2019-10-22 20:00:00,2648,2729.0242175847347,2802.4892391374724,2734.6821,2750.2194286336767
2019-10-22 21:00:00,2278,2208.8861787243263,2135.6933200835692,2201.8625,2187.0761491160365
2019-10-22 22:00:00,2162,2045.9898941819872,2062.3002817329248,2069.4944,2061.8197363615404
2019-10-22 23:00:00,2244,1912.2017414262227,1853.713313609683,1863.4045,1873.1810342667889
2019-10-23 00:00:00,1333,1539.0634353741493,1608.7749300230316,1626.1799,1600.0495571696079
2019-10-23 01:00:00,785,892.5522656018929,975.7870376885367,920.2948,927.2322257249511
2019-10-23 02:00:00,1207,815.2559254189479,827.8451353966265,916.038,868.7942776550655
2019-10-23 03:00:00,1023,1033.1787088656602,1195.4947567340196,1146.2866,1130.311676946795
2019-10-23 04:00:00,1143,959.8940409822465,954.4831401337955,947.32574,952.2571675934636
2019-10-23 05:00:00,1066,1182.5462159863946,1196.805750388466,1148.9061,1169.291055558559
2019-10-23 06:00:00,1687,1628.6849885703273,1353.545702186814,1441.0426,1466.0789739588165
2019-10-23 07:00:00,2590,2594.364233834063,2655.4909816232775,2685.685,2655.30633316121
2019-10-23 08:00:00,2966,3161.058196210475,3214.9757123256336,3075.4248,3131.720879477777
2019-10-23 09:00:00,3328,3187.4702398229138,3239.1753248216482,3290.9387,3252.130751512703
2019-10-23 10:00:00,3369,3196.248192204621,3170.041973234413,3198.3962,3190.770661476946
2019-10-23 11:00:00,2952,3077.4678121516954,3123.754031366897,3070.6143,3085.6125897858983
2019-10-23 12:00:00,2839,2885.004784774305,2907.942952544745,2944.034,2920.2539021032
2019-10-23 13:00:00,2857,2785.201422936488,2787.612147654158,2854.9082,2820.6574942101615
2019-10-23 14:00:00,2604,2729.588150953842,2733.2649590629135,2728.8743,2730.1504112932516
2019-10-23 15:00:00,2704,2537.6863648031917,2563.7994543241107,2567.5852,2559.164057320888
2019-10-23 16:00:00,2607,2591.9752373029214,2578.597805323013,2574.0789,2579.682689367421
2019-10-23 17:00:00,2777,2719.4741907152415,2723.5147024674256,2732.5325,2727.0134586472295
2019-10-23 18:00:00,2938,2905.060649739864,2892.0790019052365,2915.9434,2907.256592598775
2019-10-23 19:00:00,3074,3034.0545794958884,2950.8240219532513,3021.2185,3006.8289032919724
2019-10-23 20:00:00,2664,2791.9656231945687,2800.235660087006,2749.0774,2772.589017109456
2019-10-23 21:00:00,2219,2210.7103094248846,2220.034257016082,2225.7957,2220.583968758679
2019-10-23 22:00:00,1892,2023.7099536752248,2040.6167949271567,2097.0093,2064.5863258224704
2019-10-23 23:00:00,2176,1939.7717726070118,1981.3743648645352,1932.6869,1946.6299791921056
2019-10-24 00:00:00,1569,1354.8082653061224,1467.7033495978576,1499.3748,1455.3152816556826
2019-10-24 01:00:00,700,861.2903571428569,682.7140433699626,698.1312,735.0667129211736
2019-10-24 02:00:00,911,946.053781694496,972.8458236608035,971.4163,965.4330617392155
2019-10-24 03:00:00,1050,968.5122027783767,1093.0410291301955,1094.9863,1062.881472039643
2019-10-24 04:00:00,1129,1015.2953745204376,1042.524952701021,1109.6025,1069.2563513366147
2019-10-24 05:00:00,1164,1083.2903815232385,1079.4590730025936,1039.7897,1060.5822000572393
2019-10-24 06:00:00,1549,1667.290316474416,1481.650194716718,1510.9077,1542.6889852196584
2019-10-24 07:00:00,2323,2458.9957823129253,2536.2268290600127,2499.487,2498.549183116672
2019-10-24 08:00:00,3025,3105.988303513336,3124.3441390194494,3129.84,3122.5031545785087
2019-10-24 09:00:00,3133,3259.3820027691454,3309.7074066698533,3348.0813,3316.313001773812
2019-10-24 10:00:00,3154,3161.5098552656714,3095.6412145187296,3116.8972,3122.7363758445376
2019-10-24 11:00:00,3247,2953.5209191599506,2920.3909714713645,2908.894,2922.924994142204
2019-10-24 12:00:00,2959,2957.702206246135,2932.9239546149756,2946.5444,2945.928757012153
2019-10-24 13:00:00,2756,2829.7645097105787,2855.285808410905,2847.338,2844.931524842871
2019-10-24 14:00:00,2786,2687.9826465857063,2677.262441717269,2691.8345,2687.228508403869
2019-10-24 15:00:00,2603,2629.8668950855417,2690.2066586762594,2695.4263,2677.7315232060755
2019-10-24 16:00:00,2617,2555.498376311937,2548.303412007184,2586.6545,2569.2777175875926
2019-10-24 17:00:00,2481,2707.027896593512,2742.688269492643,2751.8262,2738.3421274590387
2019-10-24 18:00:00,2854,2729.2685531979805,2802.439270990562,2859.2295,2812.5417021408857
2019-10-24 19:00:00,3113,2966.0756008051494,2937.223189725226,2985.4417,2968.545522827906
2019-10-24 20:00:00,2799,2762.347522200243,2790.801403391941,2710.4692,2743.521850538671
2019-10-24 21:00:00,2261,2261.522941780181,2276.345880758442,2317.8865,2293.4104429393433
2019-10-24 22:00:00,2056,2011.7105717905285,1984.957567164677,2062.4866,2030.4103208716137
2019-10-24 23:00:00,2007,1951.6538060748776,1990.3980400033684,1990.613,1980.819480074249
2019-10-25 00:00:00,1797,1494.4154761904763,1525.574208031089,1629.205,1569.5998990827352
2019-10-25 01:00:00,1135,1044.2693877551021,928.2328973857235,1028.0945,1007.1728124961439
2019-10-25 02:00:00,679,849.2373993418507,786.0190398049818,744.7677,781.1979598843644
2019-10-25 03:00:00,1089,902.0346421783792,974.8551811850904,968.74994,953.5974253232893
2019-10-25 04:00:00,1151,1087.608228200371,1182.1269101395474,1171.6918,1153.2796708154483
2019-10-25 05:00:00,1010,1146.9221397649972,1154.2249455013907,1179.1157,1164.844632644722
2019-10-25 06:00:00,1714,1577.9281554160125,1318.313515938231,1408.518,1428.3193900065296
2019-10-25 07:00:00,2561,2569.925061842919,2509.8586479039154,2548.6465,2544.2691696242086
2019-10-25 08:00:00,3300,3180.026701167118,3256.9387744866854,3205.0095,3211.7461296556385
2019-10-25 09:00:00,3619,3437.7347768204017,3545.749343168655,3487.739,3489.7405368332015
2019-10-25 10:00:00,3679,3456.2753276133694,3520.2669469220195,3492.6543,3490.4627170713475
2019-10-25 11:00:00,3310,3426.8187857229536,3436.6764034707544,3418.8052,3425.2763851890522
2019-10-25 12:00:00,3387,3141.8831336723238,3233.9456801922847,3237.2625,3212.58842905209
2019-10-25 13:00:00,3238,3101.2107818169857,3162.793537424497,3128.3118,3130.1569635994333
2019-10-25 14:00:00,2908,2958.773055007379,2950.573120273044,2943.829,2949.251094601356
2019-10-25 15:00:00,2945,2744.3787308835963,2623.5524954897023,2673.406,2678.6858095230123
2019-10-25 16:00:00,2869,2760.8295353239546,2747.68445773948,2704.2957,2729.276325414296
2019-10-25 17:00:00,2882,2851.2427086766616,2831.746258654424,2883.9087,2862.7015875358966
2019-10-25 18:00:00,3105,3013.4046394759157,2917.2471503454703,2992.6187,2978.9722736272215
2019-10-25 19:00:00,2949,3026.8807236301104,3044.418247673769,2986.3765,3011.012975247845
2019-10-25 20:00:00,2594,2657.044778913086,2692.4693085062727,2638.8906,2656.8238343548396
2019-10-25 21:00:00,2181,2078.6125056689343,2144.5375460535583,2074.8914,2093.2331916415606
2019-10-25 22:00:00,1723,1987.1296489913595,2063.1699207363354,2013.0197,2019.08471909208
2019-10-25 23:00:00,1897,1872.6591650042226,1927.5555644483034,1874.8721,1887.4897175193814
2019-10-26 00:00:00,1823,1515.6833333333332,1573.4931757424063,1583.5295,1564.0588977767475
2019-10-26 01:00:00,1142,1235.3917346938774,1254.894157119243,1214.929,1230.0359504923426
2019-10-26 02:00:00,685,882.2937414965987,1000.5400339755096,812.8575,877.1371853231052
2019-10-26 03:00:00,1017,939.30881823021,1103.879690326736,1045.5593,1033.5767902251741
2019-10-26 04:00:00,1044,911.1960034013605,1029.8375641787202,1038.1039,1004.3103328129889
2019-10-26 05:00:00,1071,867.6877891156463,897.0538501503615,882.33923,882.3550265157207
2019-10-26 06:00:00,562,1002.9763265306121,1002.1528769885517,936.1589,969.3617381356503
2019-10-26 07:00:00,1603,1425.791462585034,1143.8464547291403,1301.6974,1293.2581731761998
2019-10-26 08:00:00,2589,2662.0440476190483,2642.2993655543974,2610.724,2631.4479138402367
2019-10-26 09:00:00,3776,3566.754644403217,3541.6935148125153,3500.4382,3527.3311560148704
2019-10-26 10:00:00,3873,3940.802534013606,3903.567961427286,3859.961,3891.073092610223
2019-10-26 11:00:00,3912,3640.562318082194,3618.285601848955,3666.7827,3648.1033374046624
2019-10-26 12:00:00,3593,3602.569034536891,3588.5636721530827,3631.5125,3613.539402258431
2019-10-26 13:00:00,3412,3362.6980234054454,3374.443758073814,3379.6501,3374.110518612002
2019-10-26 14:00:00,3139,3118.057887897724,3030.655696122067,3048.152,3061.2544458096354
2019-10-26 15:00:00,3120,2911.9789498908076,2856.775207938871,2857.4238,2870.9004535199197
2019-10-26 16:00:00,2670,2911.305758268965,2864.5510396584114,2866.2146,2877.0714992865314
2019-10-26 17:00:00,2818,2686.3396019708507,2636.0011074318995,2658.7275,2659.9489468819374
2019-10-26 18:00:00,2875,2916.454596805683,2919.303645048163,2940.8225,2929.350815346274
2019-10-26 19:00:00,2829,2717.3343628804505,2682.3418520907326,2732.989,2716.4135605787333
2019-10-26 20:00:00,2237,2508.093039737635,2479.3454421764463,2473.393,2483.5561536816454
2019-10-26 21:00:00,1872,1815.7469851576998,1858.903562785416,1770.0234,1803.674355735779
2019-10-26 22:00:00,1644,1721.986510619759,1719.6798162271182,1779.8105,1750.3218551492193
2019-10-26 23:00:00,2220,1691.5354221688674,1725.9553229963344,1741.8676,1725.3064631467691
2019-10-27 00:00:00,1605,1644.8809523809523,1811.476134317847,1765.0969,1746.6377335887623
2019-10-27 01:00:00,1043,1047.588537414966,1029.5124374599538,936.70526,987.6278743339643
2019-10-27 02:00:00,1095,857.1530498866214,877.0076325240613,945.9936,906.5369662569675
2019-10-27 03:00:00,776,969.0195653817084,1030.5875926108358,1053.8625,1026.8330639121987
2019-10-27 04:00:00,190,770.5341331385993,747.2727650876496,745.2269,752.065188912031
2019-10-27 05:00:00,552,593.1595578231293,664.8268788287927,648.35333,638.6732754227461
2019-10-27 06:00:00,935,725.4347529200359,594.3508503655337,716.3165,688.1046649815487
2019-10-27 07:00:00,1694,1353.642551020408,1399.5407436643984,1335.2871,1355.9393783587016
2019-10-27 08:00:00,2466,2419.492444618874,2095.960756368058,2345.6729,2301.699726027983
2019-10-27 09:00:00,3443,3398.5772900579154,3383.7933851060307,3461.6492,3426.417253751924
2019-10-27 10:00:00,3564,3762.8515125747263,3646.413544779312,3704.1218,3704.377177424447
2019-10-27 11:00:00,3461,3513.4000838059956,3379.9823993492982,3420.6968,3433.6940094606985
2019-10-27 12:00:00,3326,3333.495552844326,3256.4288347017887,3240.8665,3267.914324425591
2019-10-27 13:00:00,3274,3136.2133259749,3085.6313101677893,3134.33,3122.626198098172
2019-10-27 14:00:00,2940,2941.523880192813,2996.1136203484475,2981.9082,2975.3634766978153
2019-10-27 15:00:00,2418,2644.9273803624314,2667.485894808546,2695.9717,2676.089158636494
2019-10-27 16:00:00,2489,2288.8469886584166,2223.1264943583174,2278.4827,2267.234703761996
2019-10-27 17:00:00,2733,2531.0313895249847,2576.0289098502813,2587.911,2570.720519179754
2019-10-27 18:00:00,3146,2851.438203475408,2845.2281239081776,2795.7844,2822.058793759959
2019-10-27 19:00:00,2823,2970.707563101254,2976.6204130230153,2939.477,2956.5705194216926
2019-10-27 20:00:00,2573,2529.2145889288645,2513.5671402266926,2479.107,2500.248899085764
2019-10-27 21:00:00,1837,2011.8176588684255,2018.8419504960148,1994.8285,2005.0791479465788
2019-10-27 22:00:00,1694,1712.8764589775308,1751.815371101184,1719.1039,1725.7248984376474
2019-10-27 23:00:00,1477,1761.1150566893425,1904.7065558654392,1830.0399,1831.4753616347891
2019-10-28 00:00:00,1270,1129.9910204081632,1149.0361083918817,1156.7825,1148.1480175515737
2019-10-28 01:00:00,1051,905.9266784406069,905.2981724512792,892.7786,899.1955254671121
2019-10-28 02:00:00,288,686.3604729084617,802.0271111060563,721.6961,732.9449489821451
2019-10-28 03:00:00,383,714.7447619047618,715.3879923691978,662.91626,688.9913184513024
2019-10-28 04:00:00,591,773.1873177219607,739.0454183481979,895.5401,825.8282340663677
2019-10-28 05:00:00,1197,864.8265936104636,913.9551136517705,971.8158,930.6033247647773
2019-10-28 06:00:00,2384,1957.0473979591836,1987.8495539265211,1885.4497,1928.9490914870512
2019-10-28 07:00:00,3615,3206.5475078812015,2922.975548111322,3065.831,3065.296291341881
2019-10-28 08:00:00,3417,3553.3023243938724,3452.830712084808,3513.2827,3508.174616541545
2019-10-28 09:00:00,3273,3326.8490524471354,3307.78787408616,3331.5645,3324.441458195824
2019-10-28 10:00:00,3002,3015.39605052025,3085.0495260302346,3006.12,3028.171452731371
2019-10-28 11:00:00,2827,2909.3586979148304,2921.4355205120546,2946.0554,2930.7262645676587
2019-10-28 12:00:00,2558,2786.849935605635,2821.209611450262,2835.8333,2819.9315127405366
2019-10-28 13:00:00,2625,2712.19416693703,2701.7142958777317,2709.1384,2708.046329570878
2019-10-28 14:00:00,2463,2619.1488570697416,2682.5230588374593,2658.7834,2654.809702609613
2019-10-28 15:00:00,2480,2405.4006331926626,2452.3233368362967,2389.9116,2409.386803054115
2019-10-28 16:00:00,2455,2412.875298064094,2474.9938171444005,2446.7502,2445.342400872436
2019-10-28 17:00:00,2640,2561.346742370705,2577.952154732921,2585.6711,2577.660295564969
2019-10-28 18:00:00,2758,2835.1954950816903,2868.3008158701095,2832.3613,2842.05474180045
2019-10-28 19:00:00,2885,2877.4147256185347,2872.186890339723,2885.6343,2880.2175426614394
2019-10-28 20:00:00,2530,2627.2282099623617,2656.1578970664887,2614.6555,2628.1742855462753
2019-10-28 21:00:00,2108,2042.9830007359901,2007.8496441032748,2036.1245,2030.7704170691914
2019-10-28 22:00:00,1877,1933.0047038333257,1946.352612358365,1918.2042,1928.9414408643288
2019-10-28 23:00:00,1738,1758.762482206558,1661.4136424671851,1691.5299,1700.808984781717
2019-10-29 00:00:00,1535,1351.208798185941,1423.1212619252944,1470.2423,1428.703669812965
2019-10-29 01:00:00,931,938.9375144057623,948.7828564418115,923.33966,933.599923034159
2019-10-29 02:00:00,437,670.196121422707,562.0029037561968,486.0504,551.0749638142572
2019-10-29 03:00:00,916,699.9374603174602,783.2343134551005,706.03534,723.8106131208746
2019-10-29 04:00:00,1060,895.4579591836734,997.0505099492161,972.5475,959.4008599590036
2019-10-29 05:00:00,1544,1313.8125341325344,1262.1809920142532,1257.523,1272.7598561460718
2019-10-29 06:00:00,2332,2212.8524118738405,2046.342812076326,2068.9646,2099.281105792229
2019-10-29 07:00:00,3625,3272.8551009625207,3096.4131242561457,3175.3374,3179.9857574765415
2019-10-29 08:00:00,3360,3450.102850140056,3539.7483248992776,3499.8262,3497.3758796973334
2019-10-29 09:00:00,3470,3281.6457727109982,3272.1620437732445,3313.9453,3295.4246103710607
2019-10-29 10:00:00,3109,3137.2991799537826,3170.734769369614,3069.436,3111.726504908974
2019-10-29 11:00:00,3021,2942.1219419949534,2937.26260536889,2941.932,2940.8120792237733
2019-10-29 12:00:00,2848,2962.0825882760555,2891.344241759844,2901.2654,2913.9893979386625
2019-10-29 13:00:00,2905,2769.0827620307696,2766.8761680904017,2753.3872,2760.6833360459177
2019-10-29 14:00:00,2774,2778.0535777488553,2707.55774727694,2705.0974,2723.9515373111362
2019-10-29 15:00:00,2637,2641.085912431638,2612.903241762243,2592.5308,2609.7626694078454
2019-10-29 16:00:00,2622,2544.188250389314,2519.05137849631,2535.644,2533.631928705781
2019-10-29 17:00:00,2678,2751.0143918587783,2708.217683989597,2726.5103,2728.0631459152187
2019-10-29 18:00:00,3045,2894.2688317803127,2840.035903797942,2861.4172,2864.284802058626
2019-10-29 19:00:00,2911,3046.9942237058,3093.1142172964883,3066.0933,3068.073741109947
2019-10-29 20:00:00,2715,2664.343533428602,2698.9584457092415,2712.4775,2697.0642643157107
2019-10-29 21:00:00,2223,2204.8623209761777,2205.6198121900034,2218.798,2212.0195811431076
2019-10-29 22:00:00,2053,2013.910791488532,2024.2982659400168,1973.1271,1996.1158019547934
2019-10-29 23:00:00,1659,1787.871545391654,1932.621692508961,1859.0391,1859.6428407251537
2019-10-30 00:00:00,1515,1399.288285314126,1381.4267667320114,1487.1403,1438.7488924060656
2019-10-30 01:00:00,1268,975.0949610087939,1061.1917180085936,1057.0713,1037.6073142855969
2019-10-30 02:00:00,757,753.2916326530612,787.1604047105614,753.088,761.6570156885618
2019-10-30 03:00:00,685,772.9021173325176,765.6626455011423,683.7359,726.5091411478681
2019-10-30 04:00:00,1173,994.4378781248657,1006.494995279894,1048.9553,1024.7108794840024
2019-10-30 05:00:00,1645,1429.390879120879,1482.9307156032642,1549.8287,1502.994766356817
2019-10-30 06:00:00,2383,2288.858432282004,2251.5884335305004,2287.7222,2278.972800437501
2019-10-30 07:00:00,3416,3313.7688111855964,3275.492012323306,3378.3042,3336.4673054866007
2019-10-30 08:00:00,3329,3462.924061512963,3465.624088627174,3512.7249,3488.499464292847
2019-10-30 09:00:00,3144,3259.460427218783,3233.043552709197,3255.8103,3251.0311463491826
2019-10-30 10:00:00,2691,2968.184617308563,3008.8313357185903,2982.2878,2985.3979091552255
2019-10-30 11:00:00,2672,2742.5152986394905,2737.839171991798,2803.9001,2772.03869090001
2019-10-30 12:00:00,2607,2674.6191068106023,2688.924534819011,2706.36,2694.065964118341
2019-10-30 13:00:00,2502,2667.8843598285466,2676.7564318293757,2696.533,2684.426677406668
2019-10-30 14:00:00,2734,2554.9015094836964,2546.7043511055563,2586.52,2568.661474912938
2019-10-30 15:00:00,2660,2607.9320115675337,2611.7631167474665,2558.5942,2584.2209012193753
2019-10-30 16:00:00,2639,2552.8358399277226,2590.781983765487,2603.3748,2587.59183385299
2019-10-30 17:00:00,2786,2761.83954747409,2703.539485433413,2749.2358,2740.962678148751
2019-10-30 18:00:00,3117,2949.2914679919177,2950.760551738009,2990.3188,2970.1724287606066
2019-10-30 19:00:00,3042,3012.881759415182,3101.0741243527455,3061.2683,3059.1231262154192
2019-10-30 20:00:00,2814,2781.0866859905973,2772.6806892026275,2773.309,2775.0963848139313
2019-10-30 21:00:00,2351,2241.535241563731,2283.7175154401443,2254.458,2258.5421931572187
2019-10-30 22:00:00,2067,2075.1699877672063,2051.994807370475,2100.1367,2081.8595581594204
2019-10-30 23:00:00,1613,1819.4986564625851,1885.8212087568397,1850.7186,1851.6892802697
2019-10-31 00:00:00,1605,1412.8227324263037,1444.5235167002686,1523.0333,1475.8532248792994
2019-10-31 01:00:00,1153,1139.382925170068,1225.9332515438216,1207.9191,1195.2885778698787
2019-10-31 02:00:00,555,659.7123221742911,599.6413249131982,548.02136,588.849092924216
2019-10-31 03:00:00,477,710.7999319727891,781.8204145977968,786.6285,766.4693261445996
2019-10-31 04:00:00,1177,967.7479330193618,1012.5531881019987,1125.1453,1057.6479121162777
2019-10-31 05:00:00,1585,1473.0296428571426,2036.5180153591896,1624.6069,1689.690381350958
2019-10-31 06:00:00,2397,2287.070476190476,2200.4919046686955,2259.8987,2251.8399360351054
2019-10-31 07:00:00,3646,3289.92181005181,3153.3999232689634,3184.787,3203.2239880176935
2019-10-31 08:00:00,3539,3487.730644439593,3559.088610276179,3509.0635,3516.236551960193
2019-10-31 09:00:00,3175,3289.7681265233364,3358.4953753942127,3313.244,3318.6878237215747
2019-10-31 10:00:00,2924,2923.4526853823572,2932.423533421465,2923.9182,2925.928161146268
2019-10-31 11:00:00,2675,2845.9179441510714,2836.644300743859,2845.0994,2843.19024384092
2019-10-31 12:00:00,2490,2711.0913378808996,2669.0262578396055,2711.3628,2700.7107954145013
2019-10-31 13:00:00,2509,2575.4789132268425,2532.676464352836,2594.264,2574.170802402732
2019-10-31 14:00:00,2507,2519.4267677604716,2536.496432583389,2600.5225,2564.2420305547153
2019-10-31 15:00:00,2608,2484.355777231067,2511.27722876619,2497.0251,2497.4208247415017
2019-10-31 16:00:00,2538,2544.2954092762075,2574.6025777648397,2545.6487,2552.5488375805744
2019-10-31 17:00:00,2740,2626.599845856499,2595.8456904728555,2631.2192,2621.2210032229636
2019-10-31 18:00:00,2713,2923.254114607029,2910.4987975701083,2987.6501,2952.2633012864717
2019-10-31 19:00:00,2503,2900.6870586139466,2820.5348196350783,2837.0957,2848.8533211247563
2019-10-31 20:00:00,2401,2472.3434942834942,2428.8109052384284,2522.402,2486.489649685168
2019-10-31 21:00:00,1987,2151.902754241529,2167.998251770085,2170.7612,2165.3558667372786
2019-10-31 22:00:00,1944,1909.8998316434947,2030.8729972121948,2019.39,1994.8882145381413
2019-10-31 23:00:00,2108,1834.6911170901928,1802.384669196367,1789.3716,1803.9547375872648
2019-11-01 00:00:00,1352,1549.6684098639455,1636.9043471939474,1506.0786,1549.6824959050982
2019-11-01 01:00:00,942,891.2839002267573,882.6452732519349,832.7908,859.8776791118605
2019-11-01 02:00:00,1159,692.5082877276784,722.1409405877477,777.4818,742.4032128405753
2019-11-01 03:00:00,993,886.464761904762,958.8888892759462,953.01044,937.8436313010365
2019-11-01 04:00:00,853,1005.1362269576468,944.5807712135642,903.18036,939.0194289861621
2019-11-01 05:00:00,245,1223.4657312925171,1088.7027623526458,1011.5928,1083.8385101300407
2019-11-01 06:00:00,908,1551.301490929705,1446.653592962117,1693.8062,1596.3918471448305
2019-11-01 07:00:00,1599,1865.1980272108842,2108.6461731402483,1959.2767,1973.099416787002
2019-11-01 08:00:00,2501,2725.6894444444447,2900.919437799879,2738.403,2775.8537586470184
2019-11-01 09:00:00,3555,3290.2539401660592,3370.4181773932223,3376.1191,3353.2275997023203
2019-11-01 10:00:00,3886,3691.234262562835,3675.7938496716642,3732.4863,3708.0001921211247
2019-11-01 11:00:00,3874,3609.046360544218,3453.579845025486,3502.172,3516.7426109627386
2019-11-01 12:00:00,3654,3459.449778911564,3488.9124370016907,3541.2493,3507.715187767376
2019-11-01 13:00:00,3379,3316.741245905162,3311.1629005884893,3331.2214,3322.58675439685
2019-11-01 14:00:00,2757,3060.4218075963395,3005.867728446708,3012.1833,3022.6640588154496
2019-11-01 15:00:00,2622,2628.601365000273,2593.575374105279,2648.5278,2629.8081007920127
2019-11-01 16:00:00,2388,2564.6977513822394,2573.391171797304,2601.8308,2585.4376360683236
2019-11-01 17:00:00,2545,2514.148093391982,2529.223845141497,2563.7505,2542.7182287739947
2019-11-01 18:00:00,2623,2717.598609132753,2701.4329036878107,2724.8564,2717.186100861391
2019-11-01 19:00:00,2438,2684.866714405457,2587.3298674958164,2569.0251,2602.5617187175058
2019-11-01 20:00:00,2021,2267.5113870467626,2240.2222163674614,2247.0874,2250.477102025431
2019-11-01 21:00:00,1877,1872.883022007233,1900.1656558417633,1864.6653,1875.5948110638114
2019-11-01 22:00:00,2070,1795.4879554009556,1803.742049481544,1853.9154,1826.7652038573437
2019-11-01 23:00:00,1609,1823.9648631725418,1938.1549836764375,1874.2751,1877.6675349544323
2019-11-02 00:00:00,1066,1382.4525283446712,1359.3746908210785,1324.4662,1347.6898980531562
2019-11-02 01:00:00,1196,955.3045804988661,959.9618893608208,1033.1625,995.3978552578905
2019-11-02 02:00:00,941,952.2988492063492,924.1121998661448,894.9048,916.5551548462486
2019-11-02 03:00:00,860,796.3553167550912,737.2835599796232,715.53564,741.1775414493036
2019-11-02 04:00:00,376,773.2060294640456,743.5628207068814,727.1913,742.7878546325755
2019-11-02 05:00:00,377,732.330238095238,686.2494155717005,610.5987,659.9442603405628
2019-11-02 06:00:00,1064,751.305544217687,547.8568760485321,781.08093,715.3310713751486
2019-11-02 07:00:00,1611,1589.460622596865,1590.7365585555594,1546.2996,1568.1990755615436
2019-11-02 08:00:00,2762,2554.5010997732425,2559.059119291015,2494.11,2525.4451084770017
2019-11-02 09:00:00,3662,3674.1080952380953,3602.8706508081045,3656.2542,3647.3717617068623
2019-11-02 10:00:00,3848,3868.757186662544,3876.521211563692,3877.9075,3875.2733349081213
2019-11-02 11:00:00,3396,3611.388248500982,3646.797267523162,3683.9326,3656.512687599786
2019-11-02 12:00:00,3204,3296.1770603506916,3343.643944494439,3388.3726,3354.1415305081578
2019-11-02 13:00:00,2843,3034.4317441685303,3092.476683687713,3088.5542,3076.004206573436
2019-11-02 14:00:00,2759,2726.8141069251283,2769.4403916118467,2748.4644,2748.2958023686188
2019-11-02 15:00:00,2639,2650.572810738456,2676.509813753959,2632.486,2648.0136981152914
2019-11-02 16:00:00,2585,2535.734700699851,2520.9507339563356,2500.0837,2514.213228781234
2019-11-02 17:00:00,2565,2651.596730865934,2595.5881168386486,2596.666,2610.1292197386456
2019-11-02 18:00:00,2726,2620.0405972394146,2633.252705478642,2606.295,2616.4707866170143
2019-11-02 19:00:00,2389,2522.5282078963137,2610.8953104292723,2513.6873,2540.199507511084
2019-11-02 20:00:00,2125,2052.547682638273,2026.042332157517,2031.8829,2035.5889709841038
2019-11-02 21:00:00,1751,1715.4254291584882,1760.2786251880564,1666.3043,1702.0781742311674
2019-11-02 22:00:00,2013,1746.840055500055,1683.4677276493685,1688.6757,1701.9147753771997
2019-11-02 23:00:00,1753,1814.4667507002803,1881.814348481286,1821.0817,1834.6111073149227
2019-11-03 00:00:00,1226,1222.8448639455783,1073.5525739241662,1075.2797,1111.7391910104047
2019-11-03 01:00:00,1302,1040.876883038073,1008.6240387964207,1046.1821,1035.4662949117483
2019-11-03 02:00:00,1174,1024.0841487150415,1012.7992904156474,1005.09534,1011.7685282397035
2019-11-03 03:00:00,938,807.5330892506438,742.6233272414302,714.53046,744.8043323945028
2019-11-03 04:00:00,578,616.6186054421769,485.44863217447363,493.9193,522.4764651658813
2019-11-03 05:00:00,666,531.1179842125529,453.0032905625406,398.7148,445.3877253099843
2019-11-03 06:00:00,833,717.3676623376624,813.6831003807837,749.763,757.6441909237521
2019-11-03 07:00:00,1424,1375.5793537414968,1419.0431566844072,1413.4628,1405.3870118838197
2019-11-03 08:00:00,2057,2265.2433244769604,2373.021515532535,2386.4856,2352.8090078539362
2019-11-03 09:00:00,3385,3250.7749498587195,3240.087521856777,3275.7368,3260.584026131999
2019-11-03 10:00:00,3707,3769.515918367347,3753.3110027569155,3807.9785,3784.6959880935656
2019-11-03 11:00:00,3610,3623.873681027967,3615.9082640080846,3636.2527,3628.0718290324503
2019-11-03 12:00:00,3419,3422.1329428707218,3374.3386122214747,3372.917,3385.5763848667993
2019-11-03 13:00:00,3233,3218.3574025364874,3207.7261179215034,3195.162,3204.1019348019977
2019-11-03 14:00:00,2893,2871.4124638457965,2908.387914832153,2887.7146,2888.807394474175
2019-11-03 15:00:00,2685,2571.2524359887893,2541.9922365313646,2548.886,2552.754161294101
2019-11-03 16:00:00,2439,2462.5527109173345,2484.957559512644,2482.414,2478.0845988574947
2019-11-03 17:00:00,2831,2519.8936647690157,2506.178822295809,2519.2466,2516.141412781831
2019-11-03 18:00:00,2783,2926.2389549418444,2896.916395596461,2905.5085,2908.543110095514
2019-11-03 19:00:00,2977,2695.0351452042,2780.0632781123995,2756.246,2746.89765270415
2019-11-03 20:00:00,2522,2597.3390583438904,2634.014295235165,2613.6213,2614.6490073400764
2019-11-03 21:00:00,1933,1889.2208056755355,1957.7661187878257,1919.0504,1921.2719386353715
2019-11-03 22:00:00,1885,1738.128713667285,1787.6818353552903,1789.6974,1776.3013311033
2019-11-03 23:00:00,1967,1631.784357993197,1710.2796516859346,1767.7136,1719.3728139432205
2019-11-04 00:00:00,1546,1262.4360204081634,1278.2904354032617,1262.3148,1266.339023620825
2019-11-04 01:00:00,744,960.4126984126984,918.2736354645685,937.35297,938.3480666236136
2019-11-04 02:00:00,905,741.1468587434974,700.8303182974425,688.965,704.9768076879693
2019-11-04 03:00:00,1035,807.6728791516606,863.95712742086,837.21124,836.5131229810208
2019-11-04 04:00:00,1103,827.4565022675737,815.2097959921988,838.8937,830.1134129438494
2019-11-04 05:00:00,930,1143.238231292517,1028.975302887618,964.4917,1025.2992331544087
2019-11-04 06:00:00,2158,1827.4041156462588,1716.1224085206666,1779.0332,1775.3982326042315
2019-11-04 07:00:00,3437,3235.0641592787247,3296.4267915488467,3255.9392,3260.84234219908
2019-11-04 08:00:00,3423,3556.761597206397,3533.031581111643,3531.1626,3538.029593407635
2019-11-04 09:00:00,3176,3346.1887868452422,3323.2060456451704,3396.971,3365.8341817554156
2019-11-04 10:00:00,2993,2951.3878517555113,3018.835955011095,2968.1628,2976.637372590089
2019-11-04 11:00:00,2681,2915.712292239071,2908.236796392128,2905.4827,2908.728605165612
2019-11-04 12:00:00,2660,2723.252986021424,2747.259199190192,2756.634,2745.9450629044663
2019-11-04 13:00:00,2523,2694.273286531056,2726.547000981236,2714.1472,2712.2786802765104
2019-11-04 14:00:00,2463,2547.2282356242704,2545.8424630594895,2553.8857,2550.21054576469
2019-11-04 15:00:00,2493,2422.180440721136,2467.9855297771683,2460.6765,2452.8797494605137
2019-11-04 16:00:00,2585,2417.183451489583,2477.5547327385657,2446.1064,2446.737768713287
2019-11-04 17:00:00,2546,2651.9679773579073,2702.7215493214358,2671.8394,2674.592059404211
2019-11-04 18:00:00,2815,2730.8736374650975,2704.7422218503993,2739.6316,2728.719760727312
2019-11-04 19:00:00,2844,2886.2448882953927,2891.7643091337795,2878.422,2883.7133589276054
2019-11-04 20:00:00,2662,2578.4555236453994,2644.6606327072363,2623.0337,2617.295884791284
2019-11-04 21:00:00,2187,2166.030874331739,2073.1882648602823,2162.6008,2141.1051998370676
2019-11-04 22:00:00,2166,2009.7852335632995,1968.1685270137689,2006.5493,1997.763098347392
2019-11-04 23:00:00,2255,1910.7628857431566,1886.5794240487776,1905.4622,1902.066656549546
2019-11-05 00:00:00,1382,1378.080351473923,1568.541229035203,1381.4839,1427.3973384866565
2019-11-05 01:00:00,723,877.949816849817,812.8677893404592,792.6919,819.0503488131941
2019-11-05 02:00:00,894,811.7192053184912,784.9669817031896,909.7947,854.0688856226077
2019-11-05 03:00:00,988,939.1591285302001,991.4753080774016,955.5799,960.4485566616661
2019-11-05 04:00:00,1090,929.3446227581943,954.8603087593261,1008.9328,975.5176330258645
2019-11-05 05:00:00,924,1136.860994897959,1130.202645007602,1114.3635,1123.9476726717028
2019-11-05 06:00:00,2109,2030.9691282742333,1910.1908426305345,2030.7449,2000.6624292496294
2019-11-05 07:00:00,3268,3215.2184150781495,3323.583264530276,3331.1826,3300.2917284958567
2019-11-05 08:00:00,3279,3285.1480579931113,3335.426611381373,3272.1416,3291.214468124871
2019-11-05 09:00:00,3200,3212.529413190976,3207.5461900670202,3217.1785,3213.6081342129364
2019-11-05 10:00:00,3093,2979.6208772848217,2997.6703144281996,2934.6636,2961.6545850376306
2019-11-05 11:00:00,2786,2887.400061406685,2878.1387997947813,2839.4812,2861.125315886304
2019-11-05 12:00:00,2871,2735.9087240154076,2729.380233234986,2700.492,2716.568210992286
2019-11-05 13:00:00,2666,2778.3433095616992,2753.9317743133965,2731.9954,2749.0664516328366
2019-11-05 14:00:00,2581,2612.8104632567347,2609.1235069297536,2601.6682,2606.3175989919346
2019-11-05 15:00:00,2509,2474.421644414147,2528.606719172282,2508.7234,2505.1187852325447
2019-11-05 16:00:00,2536,2474.8964148559585,2503.4431057344236,2509.934,2499.5519211632204
2019-11-05 17:00:00,2801,2581.9211903564196,2641.9091383601576,2649.3936,2630.654359522894
2019-11-05 18:00:00,3019,2932.341062625814,2922.59478948198,2927.6836,2927.5757599019485
2019-11-05 19:00:00,3315,2967.0302215986994,3051.0821327372796,2988.5918,2998.8239870214948
2019-11-05 20:00:00,2848,2874.2285158115396,2886.461622793106,2868.9846,2874.6648442214737
2019-11-05 21:00:00,2407,2290.063139892396,2230.262847278398,2304.4626,2282.312820034886
2019-11-05 22:00:00,2092,2116.6453458068827,2164.323079630931,2171.0269,2155.7555340938284
2019-11-05 23:00:00,2001,1902.1224392055676,1881.5835639099905,1878.7073,1885.280138474202
2019-11-06 00:00:00,1751,1410.9433673469384,1463.9074442428077,1524.1907,1480.808039811499
2019-11-06 01:00:00,1014,1087.815306122449,1120.0521115278134,1070.2522,1087.0929530453782
2019-11-06 02:00:00,662,746.7190306122449,733.8590779091774,722.51904,731.4040486147305
2019-11-06 03:00:00,841,755.420578979673,836.231497584929,867.3099,831.5679568852911
2019-11-06 04:00:00,1228,1049.54474591546,1055.0145620059625,1049.4398,1050.8597366483243
2019-11-06 05:00:00,1477,1256.2409353741496,1281.5209439885534,1326.2363,1297.5586339031756
2019-11-06 06:00:00,2372,2193.4290937625324,2171.8766631453063,2175.7925,2179.222679461335
2019-11-06 07:00:00,3314,3253.358512172413,3302.9871947822776,3356.0574,3317.1151132621103
2019-11-06 08:00:00,3271,3432.1644969073495,3344.818351051422,3387.7798,3388.1356045678176
2019-11-06 09:00:00,3013,3245.9311899572954,3120.1281431134817,3184.1375,3183.583558853632
2019-11-06 10:00:00,2916,2878.0100325292397,2843.6991478934037,2852.189,2856.521777527536
2019-11-06 11:00:00,2577,2778.778578879095,2781.9082944437573,2723.1245,2751.7339741900882
2019-11-06 12:00:00,2513,2626.5384044033085,2646.16340186399,2619.5046,2627.927770902762
2019-11-06 13:00:00,2489,2577.3584068135556,2524.260509365503,2547.7454,2549.2774097088272
2019-11-06 14:00:00,2556,2487.9509846561896,2512.5112856701603,2539.7488,2519.989957230025
2019-11-06 15:00:00,2750,2504.1588813095814,2526.468132122072,2534.4016,2524.8575590219757
2019-11-06 16:00:00,2737,2606.7714287080244,2635.048274416188,2628.0396,2624.474701171678
2019-11-06 17:00:00,2930,2772.51668025349,2791.8345895563284,2810.8926,2796.5341065149546
2019-11-06 18:00:00,3088,2990.7836902144118,3004.323070682608,3005.933,3001.7432429586297
2019-11-06 19:00:00,3083,3136.791690220718,3172.442501882833,3073.0789,3113.8479767368253
2019-11-06 20:00:00,2934,2824.0426765324464,2849.644386694561,2816.5762,2826.709851744252
2019-11-06 21:00:00,2355,2371.6854421768708,2488.580841477193,2421.9258,2426.029461538516
2019-11-06 22:00:00,2065,2069.402679626177,2081.5308211655715,2147.29,2111.378394729187
2019-11-06 23:00:00,1751,1880.6678666576215,1876.0574961442496,1894.8203,1886.591496950468
2019-11-07 00:00:00,1482,1584.697857142857,1621.6763993184466,1618.8589,1611.023007474701
2019-11-07 01:00:00,1246,1033.0067526224582,1078.2272800089713,1004.5855,1030.1012632848106
2019-11-07 02:00:00,504,767.6858706816059,791.378965881083,830.3064,804.9194073828597
2019-11-07 03:00:00,721,798.1927736549166,658.2408086641706,777.0159,752.6163606676624
2019-11-07 04:00:00,895,1067.1312323390896,1169.948172873972,1142.9407,1130.7401882173278
2019-11-07 05:00:00,1200,1252.8904761904764,1370.8654183803708,1295.8746,1303.876290537243
2019-11-07 06:00:00,2153,2141.4277709490575,2205.5905370922205,2206.0623,2189.7857049400072
2019-11-07 07:00:00,3336,3272.476587941171,3349.988128615314,3318.8271,3315.0297533578714
2019-11-07 08:00:00,3289,3342.2924757345854,3435.6189464269805,3345.6697,3367.312694407579
2019-11-07 09:00:00,3028,3189.180666664163,3174.601814979097,3161.0808,3171.4860256842526
2019-11-07 10:00:00,2753,2881.5689984131122,2886.716289653474,2889.8564,2886.9995446728967
2019-11-07 11:00:00,2850,2654.9650804976495,2700.41964882199,2704.776,2691.234121783035
2019-11-07 12:00:00,2616,2694.688468777141,2725.452636813276,2677.5059,2693.7882060851043
2019-11-07 13:00:00,2551,2585.8782132014267,2562.820741969596,2559.6782,2567.0138501208808
2019-11-07 14:00:00,2661,2517.6224459715254,2527.606475909947,2531.8237,2527.2190957047433
2019-11-07 15:00:00,2652,2558.9249843704624,2602.929177921497,2582.604,2581.7655425261146
2019-11-07 16:00:00,2400,2565.2093255637847,2582.11441674964,2580.526,2577.0938750314813
2019-11-07 17:00:00,2807,2501.6989256145075,2548.681737493867,2606.3796,2565.7849851130313
2019-11-07 18:00:00,2874,2924.578803757914,2948.3957357376034,2952.2205,2944.353864366067
2019-11-07 19:00:00,2925,2934.8276376399467,2847.289884933124,2924.3774,2907.718101346393
2019-11-07 20:00:00,2673,2733.1442040440484,2731.875954527958,2716.1218,2724.315952728939
2019-11-07 21:00:00,2166,2245.3733865698837,2214.328359930328,2224.0662,2226.9585176797405
2019-11-07 22:00:00,1991,2024.9555526613851,1988.1773343611758,2035.8998,2021.233111892359
2019-11-07 23:00:00,1752,1832.4931067154844,1851.2299083367982,1862.7491,1852.305326516977
2019-11-08 00:00:00,1675,1439.550476190476,1417.3711262885324,1426.2437,1427.3522267916271
2019-11-08 01:00:00,1139,1129.8379394915862,1176.6765500786576,1148.3849,1150.821066240217
2019-11-08 02:00:00,519,661.418658008658,638.1089560942835,547.7634,598.7636173929229
2019-11-08 03:00:00,869,761.8443868829582,765.9076005163408,725.97736,744.9266748283404
2019-11-08 04:00:00,986,987.4359920634921,990.2090525173489,980.983,984.9027467409134
2019-11-08 05:00:00,1513,1061.658448090948,1176.9410491398655,1230.7006,1175.0001550694221
2019-11-08 06:00:00,1964,2089.98480416409,2045.655957453956,2212.2795,2140.049960912324
2019-11-08 07:00:00,3242,3079.748843537415,2646.6706620179502,2779.1172,2821.163470138841
2019-11-08 08:00:00,3539,3431.180889355742,3374.3168136647205,3479.6655,3441.2071894269907
2019-11-08 09:00:00,3428,3504.977142707961,3563.823900789879,3582.5308,3558.465641733835
2019-11-08 10:00:00,3215,3117.45809812994,3255.5713529063696,3224.8909,3205.70279732939
2019-11-08 11:00:00,3014,3012.2162239205118,3105.015241112572,3073.1714,3065.893559617646
2019-11-08 12:00:00,2906,2936.300273481264,2999.9116741386265,2963.983,2966.0444419830974
2019-11-08 13:00:00,2937,2869.938173825649,2863.2379283281066,2839.5972,2853.0926095228137
2019-11-08 14:00:00,2701,2788.3793169167984,2807.6852596838776,2806.8865,2802.4593814548566
2019-11-08 15:00:00,2622,2642.020361451424,2614.391772909137,2621.9712,2625.0886292932655
2019-11-08 16:00:00,2941,2531.6988657291936,2533.562236752557,2515.0435,2523.8370041360627
2019-11-08 17:00:00,3170,2798.27606840106,2864.190987082763,2863.634,2847.4337804725183
2019-11-08 18:00:00,3403,2849.936456001714,3017.8771557809746,2915.8523,2924.8795504066097
2019-11-08 19:00:00,2735,2945.9070741629985,3037.121903410002,2858.5176,2925.01603345575
2019-11-08 20:00:00,2417,2387.048605442177,2366.2115134451174,2435.5945,2406.112270932761
2019-11-08 21:00:00,1459,1997.989308390023,1961.4229160682037,1921.3921,1950.5491010364317
2019-11-08 22:00:00,1628,1794.3138847599666,1919.5902984932122,1811.5089,1834.2305013797009
2019-11-08 23:00:00,1602,1809.2391919191919,1766.6993414163637,1874.5339,1831.2516011073265
2019-11-09 00:00:00,1899,1257.2311773940346,1332.415933848468,1384.1583,1339.4909404082819
2019-11-09 01:00:00,1301,1189.6148242630386,1256.7033525471707,1168.8971,1196.0280915658336
2019-11-09 02:00:00,518,770.1619897959182,680.6915618998117,589.91583,657.6713041836981
2019-11-09 03:00:00,897,829.0614098053017,979.3190631287213,972.542,938.3661143272557
2019-11-09 04:00:00,1032,827.9296428571429,887.4635610240614,991.71387,924.7052345640511
2019-11-09 05:00:00,850,863.2486848072564,988.1491590395475,960.3214,943.0101665281072
2019-11-09 06:00:00,619,786.7996428571429,903.5135577905985,870.6617,857.9091412263884
2019-11-09 07:00:00,1251,1600.1146031746032,1491.336298825499,1592.4729,1569.099175695338
2019-11-09 08:00:00,2776,2538.3697619047616,2484.931756867402,2504.948,2508.2993787164783
2019-11-09 09:00:00,3617,3756.2633673469386,3717.2605136921247,3722.6333,3729.697620650391
2019-11-09 10:00:00,3774,3852.3438055365687,3888.6194818544236,3829.0288,3849.755226144623
2019-11-09 11:00:00,3452,3570.7339117018682,3450.463954219833,3527.228,3518.9134801523005
2019-11-09 12:00:00,3475,3294.4695710478877,3265.630188947806,3233.4636,3256.756751522361
2019-11-09 13:00:00,3155,3161.7194152731504,3134.43684124687,3068.125,3108.101564130005
2019-11-09 14:00:00,2994,2916.766557379251,2834.9976302997447,2810.9592,2843.4206611775617
2019-11-09 15:00:00,2798,2761.7830814783124,2710.1668543695164,2751.5564,2743.7656822041445
2019-11-09 16:00:00,2938,2651.4199195375854,2661.2568445875168,2664.5835,2660.4609390781507
2019-11-09 17:00:00,3092,2864.110062448738,2878.7625562581684,2855.217,2863.326675184539
2019-11-09 18:00:00,3024,2909.1929450113375,3090.5514793697735,2993.4497,2996.660959610903
2019-11-09 19:00:00,2531,2754.705311304795,2704.159796761367,2718.072,2723.752287758728
2019-11-09 20:00:00,2219,2136.762879818594,2207.1837970714464,2137.8071,2154.890233675635
2019-11-09 21:00:00,1744,1704.7557823129252,1727.1997254297955,1729.3921,1722.6849218575553
2019-11-09 22:00:00,1424,1760.8118657462983,1851.7101214377733,1800.7056,1803.483279999143
2019-11-09 23:00:00,2111,1721.2790884077208,1660.7849791213216,1745.6282,1718.330103796323
2019-11-10 00:00:00,1443,1377.3597619047619,1642.7001891543762,1560.6354,1535.3326757530658
2019-11-10 01:00:00,920,1148.5080674087817,1031.6628735784657,1086.4714,1088.2784530202493
2019-11-10 02:00:00,1183,899.2983163265307,1007.2578300748955,1083.6871,1018.4826034948878
2019-11-10 03:00:00,1061,927.8488906331763,1053.4976901551674,1065.8646,1028.2689572088047
2019-11-10 04:00:00,804,714.7639455782314,756.8977265248528,709.3299,722.5803655355367
2019-11-10 05:00:00,98,525.7628911564626,607.7047090300593,514.02203,540.3779168923336
2019-11-10 06:00:00,454,649.4246258503401,661.1596557733591,687.5675,671.429822847331
2019-11-10 07:00:00,1241,1306.9469897959182,1325.791059451019,1372.989,1344.6790191476719
2019-11-10 08:00:00,2165,2144.0135374149663,2144.6422546110975,2131.2476,2137.787727303391
2019-11-10 09:00:00,3437,3290.897233776448,3278.3284955723925,3326.138,3305.3754020637725
2019-11-10 10:00:00,3778,3788.7534975482035,3771.928751252241,3825.4202,3802.8806452079234
2019-11-10 11:00:00,3591,3672.9589455782307,3633.752672039985,3646.5283,3649.942064560804
2019-11-10 12:00:00,3441,3449.222595536689,3433.3558292553657,3422.8662,3432.0777116667637
2019-11-10 13:00:00,3131,3238.081641642362,3236.8316426865763,3231.0098,3234.2332038947343
2019-11-10 14:00:00,2984,2848.764460513529,2880.3056848118076,2835.3064,2849.9207345735217
2019-11-10 15:00:00,2562,2630.982474355799,2716.7674355618724,2738.897,2706.385963807543
2019-11-10 16:00:00,2549,2436.7181304892415,2460.726122060913,2476.5298,2462.6259557156636
2019-11-10 17:00:00,2678,2644.569863178726,2726.7936384408777,2688.5125,2687.0971009908385
2019-11-10 18:00:00,2519,2798.4430678921553,2826.79037488666,2835.504,2824.060313819704
2019-11-10 19:00:00,2679,2609.242974056585,2606.813355312282,2601.239,2604.633589178154
2019-11-10 20:00:00,2321,2451.5548703340573,2495.535603613028,2472.548,2473.046666338334
2019-11-10 21:00:00,1933,1808.5329365079365,1816.7942251440863,1811.748,1812.2058138505058
2019-11-10 22:00:00,1807,1743.1577692207975,1751.2325641890106,1715.4866,1731.3408694852646
2019-11-10 23:00:00,1349,1752.5701527277574,1846.3274958833395,1752.7307,1776.0897685980867
2019-11-11 00:00:00,1444,1212.4486734693878,1212.7770050358672,1192.6492,1202.6310045872513
2019-11-11 01:00:00,1036,1026.648469387755,1028.7347352471306,1014.1685,1020.9300601919246
2019-11-11 02:00:00,242,608.625238095238,690.0746845763023,621.17163,635.2607960975726
2019-11-11 03:00:00,545,772.1120408163266,886.1596026301011,880.38837,854.7620942112163
2019-11-11 04:00:00,625,940.2277551020409,821.132463973766,851.4655,866.0728123373111
2019-11-11 05:00:00,1279,988.7473809523811,913.7151467877806,1046.7606,998.9959419936342
2019-11-11 06:00:00,2172,2119.2208935488075,2210.804737542882,2308.3066,2236.659728085422
2019-11-11 07:00:00,3446,3277.664288978218,3314.865445261901,3312.0874,3304.1761347319048
2019-11-11 08:00:00,3349,3576.7461777862054,3583.196209188749,3591.4475,3585.7093516265513
2019-11-11 09:00:00,3216,3300.1706002828805,3297.7888450076834,3338.9001,3318.9399345648285
2019-11-11 10:00:00,3092,3009.8727794220667,3027.8641789385847,3002.3083,3010.5884143948506
2019-11-11 11:00:00,2995,2930.944826237334,2972.7792542027405,2918.0383,2934.9501851490813
2019-11-11 12:00:00,2767,2885.369696871229,2882.872259061034,2849.3447,2866.7328522643156
2019-11-11 13:00:00,2568,2739.681646230292,2759.370845215346,2751.7014,2750.613830869222
2019-11-11 14:00:00,2498,2545.529730272396,2594.4199564863707,2550.0955,2560.035151181879
2019-11-11 15:00:00,2641,2448.244471016672,2468.5382582624416,2444.6309,2451.5111120072784
2019-11-11 16:00:00,2776,2538.3680775888665,2555.565055366988,2540.818,2543.8923408561513
2019-11-11 17:00:00,2903,2678.5644438525796,2788.527761143632,2783.7554,2758.650736795928
2019-11-11 18:00:00,2859,2912.4583590126026,2882.622877152005,2889.0537,2893.297164509902
2019-11-11 19:00:00,3067,2839.9441157339543,2851.1651673181286,2846.7551,2846.154884239583
2019-11-11 20:00:00,2972,2701.762254682843,2720.4617245334343,2692.8003,2701.956141288444
2019-11-11 21:00:00,2319,2267.67543817527,2186.216246932759,2248.0842,2237.5150355348196
2019-11-11 22:00:00,2072,2032.021413424395,2033.916406117918,2058.8381,2045.9035222683908
2019-11-11 23:00:00,2042,1768.151530612245,1880.6237747420082,1776.2599,1800.3237701862195
2019-11-12 00:00:00,1636,1472.3680648926236,1511.8954852343543,1592.0514,1542.0915833325257
2019-11-12 01:00:00,1207,914.5513775510206,926.0887494355532,819.6167,869.9683813560184
2019-11-12 02:00:00,566,788.1825850340136,762.4659405410763,632.2883,703.806296432835
2019-11-12 03:00:00,756,794.2912349555205,769.621103900496,703.62274,742.7894555636135
2019-11-12 04:00:00,1086,878.6086904761905,930.9519320115764,876.2248,890.5025518621761
2019-11-12 05:00:00,1203,1235.5496581196578,1306.345605851212,1308.1486,1289.5480957778736
2019-11-12 06:00:00,2088,2176.0568625789333,2073.907075365076,2132.5786,2128.780291126627
2019-11-12 07:00:00,3177,3223.876059366155,3230.1479959280714,3296.0513,3261.5316485891817
2019-11-12 08:00:00,3397,3263.4183867804136,3318.708131463463,3266.3674,3278.7153453812816
2019-11-12 09:00:00,3545,3350.8548802422365,3300.2063866435833,3320.8818,3323.206234690205
2019-11-12 10:00:00,3232,3210.399883514231,3286.0771015297114,3191.8408,3220.0396564172356
2019-11-12 11:00:00,2865,3005.28472172139,2970.634103239167,2935.3296,2961.6445011620144
2019-11-12 12:00:00,2877,2774.84662832395,2820.110390882579,2758.084,2777.7812469891323
2019-11-12 13:00:00,2834,2781.314265919027,2740.4175782840757,2775.2317,2768.048805777338
2019-11-12 14:00:00,2588,2728.9318323227976,2690.9229959802146,2691.218,2700.5727158648156
2019-11-12 15:00:00,2547,2512.390543143298,2494.0994714063877,2472.7012,2487.9730895749217
2019-11-12 16:00:00,2600,2544.4348528879596,2527.565628818142,2575.1594,2555.579832340588
2019-11-12 17:00:00,2849,2744.0645640724374,2723.899839805876,2722.1946,2728.088391008641
2019-11-12 18:00:00,3012,2986.231280109427,2934.244860736533,2972.1504,2966.19423052399
2019-11-12 19:00:00,3079,3057.611863646658,3070.732646109062,3059.7598,3061.96601025143
2019-11-12 20:00:00,2971,2853.8545387689524,2865.7895451308477,2816.039,2837.93055222495
2019-11-12 21:00:00,2302,2408.7387755102036,2457.1193390348226,2342.9067,2387.9178977768815
2019-11-12 22:00:00,2095,2059.6053690669714,2065.790851934996,2043.1655,2052.931818922367
2019-11-12 23:00:00,1600,1914.7795686799643,1932.4864959789961,1925.5266,1924.5798218288026
2019-11-13 00:00:00,1451,1502.0439888682743,1517.4868621581813,1564.1232,1536.9442972292702
2019-11-13 01:00:00,1288,1128.1230745521962,1165.9959371613131,1189.106,1168.0827314440023
2019-11-13 02:00:00,817,852.8651650904264,838.6270679763604,836.2981,841.0221061182592
2019-11-13 03:00:00,507,648.3666305802719,664.4053149055839,574.2583,615.3221367620889
2019-11-13 04:00:00,1043,963.2238435374148,949.1654895252278,1015.63104,985.912854505895
2019-11-13 05:00:00,1394,1377.083278458993,1472.7386588111556,1475.6892,1450.3000888097247
2019-11-13 06:00:00,2205,2248.282359068655,2213.870518522654,2210.6948,2220.885631507202
2019-11-13 07:00:00,3365,3265.8294651181623,3351.2988813224715,3353.9312,3331.2476627820333
2019-11-13 08:00:00,3187,3461.1869057794565,3384.1553178238237,3420.749,3421.71006761957
2019-11-13 09:00:00,3277,3182.5562920199104,3134.8849169905684,3149.6768,3154.1986811588695
2019-11-13 10:00:00,2956,3008.2601862006727,3076.669945765758,2959.2847,3000.8748669759825
2019-11-13 11:00:00,2832,2803.504193129165,2820.372313461771,2729.1624,2770.5503034055464
2019-11-13 12:00:00,2698,2773.7101650362592,2726.2787512323293,2727.172,2738.5832886374596
2019-11-13 13:00:00,2657,2663.857379885582,2662.0662556331436,2700.5303,2681.7460455984315
2019-11-13 14:00:00,2541,2601.678574577735,2587.270068024221,2610.9592,2602.7167749083014
2019-11-13 15:00:00,2625,2499.1882396482793,2519.546811280246,2510.6094,2509.988450232131
2019-11-13 16:00:00,2612,2558.0264519527304,2574.539972532425,2592.0046,2579.1439254572265
2019-11-13 17:00:00,3081,2734.2112002566114,2741.9583675080116,2744.96,2741.522372409906
2019-11-13 18:00:00,2966,3073.343368497151,3118.6430827588224,3047.9229,3071.958038595243
2019-11-13 19:00:00,3086,2968.286471204878,3004.1643499337,3025.9912,3006.1083107533946
2019-11-13 20:00:00,2930,2891.720051803816,2925.2419029875714,2919.3652,2913.923105885347
2019-11-13 21:00:00,2122,2323.160588077336,2387.0715638947004,2297.7363,2326.426202055509
2019-11-13 22:00:00,1788,1979.3987802602692,2036.374992336619,1980.5946,1994.2407453953158
2019-11-13 23:00:00,1458,1661.7808601319314,1639.7355638447596,1691.6406,1671.1994184941727
2019-11-14 00:00:00,1290,1353.125401493931,1342.313198657605,1446.9346,1397.326935194134
2019-11-14 01:00:00,1222,1095.23852433281,1099.1774386166385,1154.3126,1125.7603017725182
2019-11-14 02:00:00,812,804.5695578231293,792.006461824534,813.1167,805.7023545212908
2019-11-14 03:00:00,403,522.2235399251233,534.8764789751175,457.62735,493.088679651818
2019-11-14 04:00:00,1054,875.6025278293135,917.7426864183424,906.92645,901.7995298802733
2019-11-14 05:00:00,1586,1357.3775,1485.229172778473,1464.3918,1442.8475910461807
2019-11-14 06:00:00,2189,2237.576689342404,2284.0478968772477,2246.896,2253.854144601788
2019-11-14 07:00:00,3335,3231.5876954837354,3308.370247427488,3306.4973,3288.2381429543684
2019-11-14 08:00:00,3414,3359.181464000444,3339.8557555449293,3425.6626,3387.590603714468
2019-11-14 09:00:00,3144,3219.5049667289804,3255.2046427618325,3267.2505,3252.302646513328
2019-11-14 10:00:00,2960,2923.819313265941,2915.2603002411297,2876.5132,2898.0264951736426
2019-11-14 11:00:00,2784,2804.380013747579,2849.7872045606573,2830.7366,2828.910090709872
2019-11-14 12:00:00,2513,2745.141806210816,2709.176427724257,2729.5586,2728.3588553587683
2019-11-14 13:00:00,2507,2590.642280107028,2539.6650194292056,2568.6606,2566.9071471496836
2019-11-14 14:00:00,2444,2517.6308196787736,2505.554036094874,2520.3137,2515.9530742949746
2019-11-14 15:00:00,2491,2397.695920112949,2470.8210671198635,2459.1514,2446.704930401953
2019-11-14 16:00:00,2699,2447.9403589819954,2484.1783702626594,2499.2112,2482.6352731314764
2019-11-14 17:00:00,2779,2766.965902632452,2817.9272874319754,2795.1924,2793.819488922357
2019-11-14 18:00:00,3042,2886.558951416507,2903.8555209348524,2936.1292,2915.6681932831525
2019-11-14 19:00:00,2835,3052.0701479949353,3121.552715326037,3067.3674,3077.0894316505555
2019-11-14 20:00:00,2778,2741.0268996476384,2669.107419374751,2714.3723,2709.7197369821597
2019-11-14 21:00:00,2141,2227.91712351237,2256.3220155187773,2216.4187,2229.2691353437244
2019-11-14 22:00:00,2135,1982.2311236835114,1895.598612805438,1972.4368,1955.6758179112999
2019-11-14 23:00:00,1803,1762.8178735420126,1743.407445638584,1851.3456,1802.229120322493
2019-11-15 00:00:00,1645,1439.9967346938777,1432.874731580437,1505.6748,1471.0552689123288
2019-11-15 01:00:00,1245,1170.0299565381708,1244.565685635164,1249.8608,1228.5793304652088
2019-11-15 02:00:00,511,703.330119047619,635.6609108704137,604.4949,636.9951940029457
2019-11-15 03:00:00,826,722.8034170591314,622.1075071908044,674.00165,673.2285550370933
2019-11-15 04:00:00,1117,1046.5048723145385,1053.6551494186742,1087.0912,1068.5855986950219
2019-11-15 05:00:00,1104,1349.1038095238096,1519.8697058323348,1399.6077,1417.0472118468485
2019-11-15 06:00:00,1988,2074.085803444301,1982.7586869596835,2063.0527,2045.737489788496
2019-11-15 07:00:00,3288,3226.126697474066,3169.3732532657727,3239.6829,3218.716418349022
2019-11-15 08:00:00,3377,3454.6678829732123,3570.129942637987,3454.229,3483.313958355925
2019-11-15 09:00:00,3477,3308.4109904906777,3366.1953905527707,3360.862,3349.0826255342995
2019-11-15 10:00:00,3358,3161.4828823492503,3239.2286784031367,3249.143,3224.7494233912216
2019-11-15 11:00:00,3028,3061.223505228901,3140.502663405834,3122.7883,3111.8257071977464
2019-11-15 12:00:00,3007,2956.420304832633,2933.6881948374426,2927.088,2936.071070230019
2019-11-15 13:00:00,3020,2921.757106989751,2864.250709363535,2878.4912,2885.7475595570713
2019-11-15 14:00:00,2713,2853.6384826304734,2780.203695445871,2769.487,2793.2040747925234
2019-11-15 15:00:00,2653,2650.448554692071,2571.2810037106283,2571.899,2591.3818524913
2019-11-15 16:00:00,2585,2633.6703786397866,2615.6448277451923,2633.3796,2629.0186209321823
2019-11-15 17:00:00,2790,2753.8338406369367,2712.9807205622333,2727.2515,2730.3293727216674
2019-11-15 18:00:00,2687,2892.243102768591,2947.9497310684797,2926.6768,2923.3865873655177
2019-11-15 19:00:00,2625,2708.976991986914,2639.235553997884,2688.3052,2681.2057243868244
2019-11-15 20:00:00,2379,2442.947528361736,2429.022096523396,2416.532,2426.2583974322206
2019-11-15 21:00:00,1816,1968.2753553985697,1883.141944409613,1927.4062,1926.5574499520458
2019-11-15 22:00:00,1830,1800.6522805488912,1795.6854629230186,1799.6238,1798.896325516415
2019-11-15 23:00:00,1895,1796.475493197279,1681.8413524555688,1824.111,1781.634692370243
2019-11-16 00:00:00,1799,1654.528053494125,1681.9529357571628,1716.8516,1692.546028562822
2019-11-16 01:00:00,724,1252.432568027211,1219.3556857144772,1209.1981,1222.5461234940158
2019-11-16 02:00:00,791,715.890235003092,720.6584085225421,771.22534,744.7498317798461
2019-11-16 03:00:00,903,859.178003610535,935.1490170010844,947.3732,922.2683701431392
2019-11-16 04:00:00,754,894.7064904143475,907.5063395899468,904.3828,902.7446137510735
2019-11-16 05:00:00,680,696.0559863945577,751.5092197496508,623.0782,673.4303945536303
2019-11-16 06:00:00,689,697.9595918367347,679.6443918181682,619.93805,654.3700205719289
2019-11-16 07:00:00,1810,1550.7661904761906,1405.8684969623243,1413.5905,1445.9538989104099
2019-11-16 08:00:00,2950,2952.029041514041,2945.3530599296637,2897.3904,2923.040715790614
2019-11-16 09:00:00,3772,3822.543600266194,3682.817648480349,3761.4414,3757.061015311636
2019-11-16 10:00:00,3967,3845.2940476190474,3867.941062185381,3852.2368,3854.427185654232
2019-11-16 11:00:00,3510,3696.9856344592095,3734.062869493199,3718.3794,3716.951823253727
2019-11-16 12:00:00,3371,3333.564533133766,3413.8918493183724,3396.131,3384.9296473708473
2019-11-16 13:00:00,3228,3179.2950392167013,3217.048448128637,3194.609,3196.3903151957097
2019-11-16 14:00:00,2929,3016.897399222481,2976.9946534304645,2982.7954,2989.8707182413614
2019-11-16 15:00:00,2788,2739.4044626766813,2700.1091155762274,2706.9302,2713.343482453852
2019-11-16 16:00:00,2640,2637.775768170623,2690.534521639268,2685.9182,2675.0366788977854
2019-11-16 17:00:00,2854,2708.174999278563,2710.428994090927,2735.7913,2722.546628225185
2019-11-16 18:00:00,2509,2762.3052703921035,2857.0411343983797,2854.3228,2831.997978150746
2019-11-16 19:00:00,2361,2388.4840299453117,2380.541869819048,2334.005,2359.25891634734
2019-11-16 20:00:00,1978,2054.1055257936505,2143.487740526243,2098.1953,2098.4959728299737
2019-11-16 21:00:00,1525,1673.2219217687075,1695.8604486909057,1673.0543,1678.7977532594346
2019-11-16 22:00:00,1375,1596.931261904762,1647.8295086155636,1669.4099,1645.8951486847689
2019-11-16 23:00:00,2021,1732.896626984127,1784.6800593325613,1850.4066,1804.5974796846408
2019-11-17 00:00:00,1512,1343.7562925170068,1599.4497942848725,1381.0907,1426.3468708215637
2019-11-17 01:00:00,900,879.4301753008895,801.3975977860683,806.41534,823.41461539088
2019-11-17 02:00:00,1043,891.822074829932,936.2517876155584,900.3782,907.2075525254352
2019-11-17 03:00:00,894,908.6017176870748,990.8024690401502,961.5821,955.6420928243843
2019-11-17 04:00:00,970,656.5342638904101,670.600966723985,574.32306,618.9453371946145
2019-11-17 05:00:00,373,703.3516836734692,625.8755675406538,770.32416,717.4688916609526
2019-11-17 06:00:00,612,590.6529138321996,440.4316563491797,450.76437,483.1533294349933
2019-11-17 07:00:00,1443,1299.875238095238,1252.6327900408412,1373.5583,1324.9061818387072
2019-11-17 08:00:00,2186,2291.0546598639453,2395.8964525067004,2325.6338,2334.5546726239113
2019-11-17 09:00:00,3153,3321.4675444769714,3404.185829401253,3350.0713,3356.448988000806
2019-11-17 10:00:00,3621,3663.1253303442595,3639.7865494684247,3676.8535,3664.154727765671
2019-11-17 11:00:00,3482,3584.1439094860166,3669.962579339433,3641.46,3634.2566026751124
2019-11-17 12:00:00,3461,3367.2462725847918,3313.4140704522692,3361.046,3350.6880349780154
2019-11-17 13:00:00,3236,3245.279429804676,3200.822785890061,3198.6064,3210.828776579934
2019-11-17 14:00:00,2881,2899.3635328703626,2912.425179397193,2902.4138,2904.1540872465766
2019-11-17 15:00:00,2775,2614.4482976403647,2625.576337635914,2598.3457,2609.1790103815697
2019-11-17 16:00:00,2511,2598.499065000268,2590.685851183467,2588.0286,2591.310511272496
2019-11-17 17:00:00,2757,2611.8420468930453,2612.292249122066,2609.9644,2611.015751738153
2019-11-17 18:00:00,2822,2779.4994599536826,2760.8401703356612,2783.613,2776.8914261270234
2019-11-17 19:00:00,2722,2790.5842474284605,2789.0020001209327,2722.0605,2755.926835324848
2019-11-17 20:00:00,2450,2346.1459900020614,2341.014104434174,2311.2869,2327.4334562262466
2019-11-17 21:00:00,1847,1855.7173514120286,1754.408103395886,1790.8739,1797.9683143855723
2019-11-17 22:00:00,1433,1709.554315653324,1653.735995506685,1733.5317,1707.5884469306272
2019-11-17 23:00:00,1412,1621.6123506069093,1577.8381237684912,1666.7683,1633.2467738672876
2019-11-18 00:00:00,1551,1175.2898964131105,1307.3652142854196,1339.1256,1290.2265828504137
2019-11-18 01:00:00,1079,986.6016326530614,1056.854745409845,1023.76245,1022.7453201016641
2019-11-18 02:00:00,382,520.9658276643991,555.8141070355789,437.1247,487.75733108710386
2019-11-18 03:00:00,705,700.240315279958,624.080990681897,618.7039,640.4322857189794
2019-11-18 04:00:00,855,783.6533333333333,883.2917237060152,846.1547,839.813626320384
2019-11-18 05:00:00,1381,1283.1404421768707,1152.317998616649,1248.5251,1233.1271834405675
2019-11-18 06:00:00,2285,2166.3106229860364,2166.177941613733,2113.991,2140.11762454838
2019-11-18 07:00:00,3358,3303.3340194934553,3345.7477916991343,3336.9233,3330.7321227200223
2019-11-18 08:00:00,3357,3556.512644144602,3533.327910517301,3512.1233,3528.5217841732883
2019-11-18 09:00:00,3139,3307.8054631792597,3250.2803923120414,3337.9558,3308.499369146263
2019-11-18 10:00:00,2979,2987.2798045194513,3017.1665926917885,2921.058,2961.6406520371847
2019-11-18 11:00:00,2752,2870.07979430832,2909.032526566565,2879.8943,2884.7252237734087
2019-11-18 12:00:00,2695,2764.183190114726,2793.3355375005995,2783.1584,2780.958905536644
2019-11-18 13:00:00,2717,2720.729971262624,2728.825845814998,2706.1892,2715.483558761593
2019-11-18 14:00:00,2491,2658.5292483020307,2664.4358940196666,2614.2197,2637.851148861674
2019-11-18 15:00:00,2436,2454.6767514923367,2506.4908913177765,2514.21,2497.396891171278
2019-11-18 16:00:00,2237,2402.145099070244,2475.187440614858,2456.6335,2447.6499073822133
2019-11-18 17:00:00,2476,2417.5815423907725,2529.974953320916,2582.406,2528.0921268576094
2019-11-18 18:00:00,2520,2691.580682844382,2742.2304397537564,2709.4753,2713.190451547972
2019-11-18 19:00:00,2677,2668.231977049057,2648.1584455382413,2704.9993,2681.597239435887
2019-11-18 20:00:00,2482,2484.358663315986,2546.4874822452584,2526.936,2521.1795539684363
2019-11-18 21:00:00,1804,2079.853282255491,2055.7761393213696,2036.0898,2051.9522772692153
2019-11-18 22:00:00,1675,1764.2251077097503,1823.6569643820646,1766.2733,1780.1071757377974
2019-11-18 23:00:00,1843,1680.5379031612645,1745.6644163165006,1789.4469,1751.2740295764725
2019-11-19 00:00:00,1524,1347.4907142857141,1487.6052935706302,1415.0199,1416.2839506945547
2019-11-19 01:00:00,893,961.3561158121786,930.2497663291152,823.78033,884.7916377716516
2019-11-19 02:00:00,469,600.3519557823129,523.4879560474724,534.0265,547.9732225863526
2019-11-19 03:00:00,1054,738.7858410636982,680.3488182118666,713.6965,711.6319009028756
2019-11-19 04:00:00,1093,1002.0999958710757,997.4067187342247,963.9052,981.829284852497
2019-11-19 05:00:00,1085,1224.018983952555,1217.5997260692025,1265.2505,1243.0299216460644
2019-11-19 06:00:00,1984,2102.190919675562,2063.832077775229,2003.5415,2043.2765013158228
2019-11-19 07:00:00,3241,3099.4317594701447,3069.2200181994767,3111.2249,3097.775371175218
2019-11-19 08:00:00,3099,3301.3577587681766,3332.47907335001,3295.4294,3306.173929709234
2019-11-19 09:00:00,3242,3067.046088680844,3164.2106280578287,3092.4797,3104.054047348731
2019-11-19 10:00:00,2836,3007.361027528914,3033.0545214404233,2979.903,3000.0554253282717
2019-11-19 11:00:00,2793,2769.347853589098,2758.0777973077184,2739.344,2751.528409794517
2019-11-19 12:00:00,2955,2742.4776772254977,2726.4671856389373,2719.7578,2727.1151219661087
2019-11-19 13:00:00,2787,2773.6374056319523,2794.8016183898185,2783.3894,2783.80445815388
2019-11-19 14:00:00,2696,2689.1425570524366,2633.3847967547026,2651.2134,2656.23852790491
2019-11-19 15:00:00,2406,2548.1449533415102,2543.6047374194713,2550.382,2548.128462729308
2019-11-19 16:00:00,2375,2381.330210525791,2399.5709204703235,2430.1016,2410.2760639990283
2019-11-19 17:00:00,2506,2508.1258240472566,2522.3859242987396,2544.6482,2529.9520337661866
2019-11-19 18:00:00,2692,2690.764164783868,2684.3623733453337,2676.0198,2681.791522227613
2019-11-19 19:00:00,2902,2756.521308740969,2762.1565618941436,2827.581,2793.459995002528
2019-11-19 20:00:00,2488,2646.4769664676282,2752.8798674230334,2693.0535,2696.365941871103
2019-11-19 21:00:00,2108,2088.5668040056303,2045.7224816736161,2044.3566,2055.7506051112177
2019-11-19 22:00:00,1991,1885.3777411873843,1961.336369114572,1985.3784,1954.3677365598642
2019-11-19 23:00:00,1976,1787.4963670779046,1756.8425357952597,1789.2904,1780.7299283550099
2019-11-20 00:00:00,1499,1499.3748299319727,1428.3534276950486,1465.4154,1464.639767043474
2019-11-20 01:00:00,1076,986.1634081230424,917.9514868804297,872.30786,912.1826544149305
2019-11-20 02:00:00,299,655.8103102995585,676.8813719059677,642.9219,654.6338580513816
2019-11-20 03:00:00,808,693.8628451380554,783.9932297135991,793.95685,766.4424427851793
2019-11-20 04:00:00,890,1046.4872980575628,1083.6360772846488,1066.0582,1065.559957605084
2019-11-20 05:00:00,691,1264.77925170068,1206.9517979873553,1226.716,1231.2907336134151
2019-11-20 06:00:00,2060,1814.739503638665,1611.1801433351932,1880.5991,1796.7794722903395
2019-11-20 07:00:00,3230,3194.139369330544,3279.1217401898334,3254.781,3245.705780309782
2019-11-20 08:00:00,3245,3296.6409647726614,3319.4012079246136,3392.928,3350.474532432131
2019-11-20 09:00:00,3062,3215.6627717523575,3140.6832277089643,3210.5493,3194.3611580684556
2019-11-20 10:00:00,2940,2904.343959203899,2920.643291047931,2957.929,2935.21129010202
2019-11-20 11:00:00,2550,2762.6336848505525,2827.729757978013,2800.5747,2797.8782142227665
2019-11-20 12:00:00,2655,2630.873043784646,2641.9283986734936,2710.3232,2673.361981708285
2019-11-20 13:00:00,2626,2634.5659065248637,2666.560312994207,2716.867,2683.715026559455
2019-11-20 14:00:00,2354,2543.6843903042077,2578.089281451173,2608.5667,2584.726743134158
2019-11-20 15:00:00,2429,2417.8737139302707,2435.606794869071,2435.5918,2431.166025637335
2019-11-20 16:00:00,2345,2430.180927300389,2480.7541078466675,2484.4321,2469.949823239889
2019-11-20 17:00:00,2550,2518.0418907229323,2569.8846077530457,2590.499,2567.2311363377444
2019-11-20 18:00:00,2759,2728.6988539490153,2732.4395927487367,2769.2708,2749.9199876510006
2019-11-20 19:00:00,2773,2883.5363525042467,2901.052848403327,2908.5327,2900.4136576487685
2019-11-20 20:00:00,2665,2614.92699266461,2665.5707660718313,2660.821,2650.5349621450478
2019-11-20 21:00:00,1883,2152.907617633558,2162.675467713508,2168.6013,2163.196430516454
2019-11-20 22:00:00,2049,1891.7161948415733,1835.3073513006473,1856.3091,1859.9104275511802
2019-11-20 23:00:00,2066,1797.0005411255408,1803.90040182552,1839.0449,1819.7476966752652
2019-11-21 00:00:00,1777,1363.4830952380953,1424.9381499791466,1343.7509,1368.980738550404
2019-11-21 01:00:00,1319,1042.311133786848,1045.2747086903669,965.9783,1004.8855963614913
2019-11-21 02:00:00,587,629.2483333333336,691.3903253638695,617.4424,638.8808560805508
2019-11-21 03:00:00,983,699.3100000000001,693.658962692568,801.36554,748.9250104485327
2019-11-21 04:00:00,952,1007.5011781215982,1046.0084034088773,1072.0248,1049.3897855193377
2019-11-21 05:00:00,1077,1178.5920408163265,1074.857237870014,1187.8264,1157.2755276793976
2019-11-21 06:00:00,2179,2100.829274140272,2081.2019945813013,2186.4314,2138.723515422581
2019-11-21 07:00:00,3257,3237.0559900066005,3272.8853676178933,3229.802,3242.386340382686
2019-11-21 08:00:00,3183,3332.3898257105075,3297.8773172358065,3286.4182,3300.775892181891
2019-11-21 09:00:00,2869,3154.115559724419,3125.5165221470575,3156.7395,3148.277771444432
2019-11-21 10:00:00,2850,2846.7318834755642,2872.5100248632493,2820.2532,2839.937063998766
2019-11-21 11:00:00,2653,2707.5239981539376,2745.8042969319285,2709.6865,2718.1753354902166
2019-11-21 12:00:00,2587,2629.8430759432304,2611.6677574604823,2621.0955,2620.9254378431156
2019-11-21 13:00:00,2504,2590.1127348763503,2586.877179539688,2621.0222,2604.758587002447
2019-11-21 14:00:00,2378,2468.392692405617,2464.836472403075,2480.1687,2473.3916417881105
2019-11-21 15:00:00,2319,2381.996861598879,2426.49610033054,2408.6113,2406.428904544855
2019-11-21 16:00:00,2331,2384.055787331198,2368.515005609437,2439.2285,2407.7569560476586
2019-11-21 17:00:00,2566,2490.0963836080437,2491.2170845443275,2519.9028,2505.279783053718
2019-11-21 18:00:00,2690,2722.660519554687,2733.092969476235,2788.7708,2758.323748234293
2019-11-21 19:00:00,2801,2820.8219859300843,2752.94109732193,2783.8406,2785.3610588989413
2019-11-21 20:00:00,2663,2629.8130758969864,2617.259713425492,2654.1968,2638.866586002495
2019-11-21 21:00:00,2077,2158.3735321740405,2100.827359410617,2086.177,2107.888723872727
2019-11-21 22:00:00,1898,1973.2474742648258,2026.6255477532552,1984.0273,1991.9819273795201
2019-11-21 23:00:00,1882,1853.5626830732292,1926.04630673453,1906.0034,1897.9039564363147
2019-11-22 00:00:00,1645,1529.170238095238,1607.093084286812,1533.7714,1550.9515117478563
2019-11-22 01:00:00,818,1056.715589569161,1161.2697811358375,1046.9159,1077.9542894535934
2019-11-22 02:00:00,525,595.7149184118091,587.9963311707658,638.92505,615.3903368097062
2019-11-22 03:00:00,946,859.505307505116,837.5124386428778,867.82166,858.1652641737172
2019-11-22 04:00:00,978,977.8413654401154,1039.5070186211185,1022.50745,1015.5908191598397
2019-11-22 05:00:00,1111,1157.2357326007327,1105.9266540892104,1117.6827,1124.631966301392
2019-11-22 06:00:00,1905,2048.9892152435687,2022.094830922996,2037.0476,2036.2948152525787
2019-11-22 07:00:00,3314,3155.580736063639,3000.0559815416577,3088.9526,3083.3854977606993
2019-11-22 08:00:00,3232,3387.4581239879576,3433.474865140274,3403.201,3406.8337111492456
2019-11-22 09:00:00,3426,3250.5429319782143,3194.8034843776754,3271.117,3246.89507576866
2019-11-22 10:00:00,3248,3073.015012141159,3257.3488940491966,3193.193,3179.1875341647765
2019-11-22 11:00:00,3137,2968.6838654425064,3047.254946129428,3062.1462,3035.057823010171
2019-11-22 12:00:00,3096,3014.25629897241,2968.4226272732667,2973.4138,2982.3766407411067
2019-11-22 13:00:00,3226,2973.152016104968,2937.9791289128625,2950.839,2953.2023419185202
2019-11-22 14:00:00,3007,2924.180893883649,2889.7195331389394,2881.5063,2894.228280583772
2019-11-22 15:00:00,2700,2714.13147582162,2654.7222763290324,2730.7983,2707.612607959538
2019-11-22 16:00:00,2790,2611.444204269909,2521.973439035484,2569.2944,2568.001627623223
2019-11-22 17:00:00,2846,2795.8702827494176,2768.052271529001,2799.975,2790.9681873977297
2019-11-22 18:00:00,2675,2831.6386586840144,2852.0491441972595,2879.2153,2860.5296167359434
2019-11-22 19:00:00,2630,2644.413256255029,2624.6789091305654,2654.7175,2644.631805994836
2019-11-22 20:00:00,2104,2389.4725905843925,2390.918294702246,2367.152,2378.673771126347
2019-11-22 21:00:00,1736,1914.7217503323025,1901.7007577471923,1856.3419,1882.27658649253
2019-11-22 22:00:00,1821,1813.10456511998,1836.9243522129525,1844.0123,1834.5133938840145
2019-11-22 23:00:00,1821,1891.3033467681746,1846.346108717344,1921.8579,1895.3413189495045
2019-11-23 00:00:00,1911,1577.0020954442384,1617.6160600006838,1550.6171,1573.9630715760743
2019-11-23 01:00:00,985,1093.6242436974792,1029.9791873800866,1062.2975,1062.0496004451727
2019-11-23 02:00:00,819,737.7532993197278,680.739578046267,697.3396,703.2930191461862
2019-11-23 03:00:00,1042,922.4859944468503,976.3878027994348,1069.5535,1009.4951827100087
2019-11-23 04:00:00,977,891.8625161743018,897.6081170872251,987.60736,941.1713387353036
2019-11-23 05:00:00,919,802.5341867656153,688.9992433123732,797.5171,771.6419024413722
2019-11-23 06:00:00,586,779.7730272108843,717.2852932448177,764.31866,756.4239123893161
2019-11-23 07:00:00,1827,1569.222238895558,1717.158649270528,1638.352,1640.7712474321465
2019-11-23 08:00:00,2704,2921.5611070675354,2992.252763720118,2926.995,2941.9510262906633
2019-11-23 09:00:00,3874,3653.8731936490017,3611.024483814986,3629.4092,3630.929009209747
2019-11-23 10:00:00,3822,3957.825221088435,3924.120047867639,3977.6619,3959.317249856206
2019-11-23 11:00:00,3707,3597.6568317495307,3560.4955582336192,3593.9211,3586.49866878485
2019-11-23 12:00:00,3441,3448.183234924951,3509.1142436694827,3495.5183,3487.083524922046
2019-11-23 13:00:00,3161,3257.4041658875044,3264.2865629407456,3259.4253,3260.1353286914373
2019-11-23 14:00:00,3007,2929.0924041979847,2956.235977211414,2927.0747,2934.869448867975
2019-11-23 15:00:00,2823,2788.5756112440754,2765.4330106864686,2747.1995,2762.1018869279487
2019-11-23 16:00:00,2566,2653.2033706547318,2676.208623491159,2680.978,2672.8420122083476
2019-11-23 17:00:00,2573,2632.373489053395,2613.734640868289,2648.6824,2635.8682190038585
2019-11-23 18:00:00,2434,2641.9818750706245,2630.484469536126,2661.3306,2648.7818693548124
2019-11-23 19:00:00,2114,2389.1172431131936,2326.3066649254333,2333.1343,2345.4231156815317
2019-11-23 20:00:00,1870,1883.1830494505496,1873.5297010749528,1870.5098,1874.4330704438755
2019-11-23 21:00:00,1645,1629.598509070295,1624.8349957378618,1656.8341,1642.0254294246954
2019-11-23 22:00:00,1433,1602.5268990929703,1680.0710675973064,1638.3042,1639.8015912819442
2019-11-23 23:00:00,1975,1769.9979339666902,1753.0062279865085,1826.6875,1794.0947904882996
2019-11-24 00:00:00,1497,1440.5016666666668,1641.5638871737456,1463.3788,1502.205780549947
2019-11-24 01:00:00,778,941.4367517006801,875.8372329103023,872.90985,890.773421689855
2019-11-24 02:00:00,1009,867.4105777801835,909.5977701994566,961.3763,924.9402278640507
2019-11-24 03:00:00,936,910.4091713048856,1042.8146128347503,995.9194,986.2656323142058
2019-11-24 04:00:00,737,836.0325412150505,763.4619447970574,812.18396,805.9656014834957
2019-11-24 05:00:00,192,416.8581802721088,524.8879243892164,475.36313,473.118090496386
2019-11-24 06:00:00,574,629.4858333333332,489.40755583814143,557.6878,558.5672498807593
2019-11-24 07:00:00,1414,1341.9293537414967,1479.873136636133,1488.5559,1449.7285766959699
2019-11-24 08:00:00,2304,2219.70910430839,2308.2776793990174,2276.0352,2270.0142740518518
2019-11-24 09:00:00,3245,3324.2643482512876,3396.820208314681,3370.1829,3365.362569805555
2019-11-24 10:00:00,3722,3702.891078643579,3684.9637392098994,3713.781,3703.854207393057
2019-11-24 11:00:00,3622,3638.892868480725,3641.5754074923343,3619.1777,3629.705936180765
2019-11-24 12:00:00,3594,3479.4606171904497,3437.466515093193,3457.0989,3457.7812215474733
2019-11-24 13:00:00,3333,3382.6940971484605,3346.07987324019,3324.3386,3344.3628041206002
2019-11-24 14:00:00,3197,2996.503605436491,2995.2771946898156,2942.4294,2969.1599217112644
2019-11-24 15:00:00,2528,2774.355902403795,2835.25166797307,2784.1975,2794.500647477029
2019-11-24 16:00:00,2456,2357.5520110457173,2365.5624999577467,2356.9534,2359.2553123211783
2019-11-24 17:00:00,2589,2555.9276497838346,2541.509970287119,2520.2083,2534.463530994301
2019-11-24 18:00:00,2709,2668.9893953222972,2705.3447049057145,2696.95,2692.0585006429405
2019-11-24 19:00:00,2668,2659.555866703299,2699.751548524983,2692.7236,2686.1886702133206
2019-11-24 20:00:00,2462,2341.273830138116,2415.9754835534277,2310.0842,2344.3544426806984
2019-11-24 21:00:00,1809,1835.9405706724435,1859.0375363517705,1827.904,1837.696553123241
2019-11-24 22:00:00,1490,1599.348049483298,1592.2220234044548,1629.6644,1612.724732577407
2019-11-24 23:00:00,1339,1596.2244311057755,1635.9016506113014,1614.3639,1615.2134662300505
2019-11-25 00:00:00,1211,1233.8069387755102,1308.4721804120732,1291.135,1281.1372846797083
2019-11-25 01:00:00,568,883.349405832263,837.7652168294392,912.33057,886.4439388685505
2019-11-25 02:00:00,190,528.8009171387853,483.3765678820641,421.06906,463.5789018948608
2019-11-25 03:00:00,204,660.722008348794,652.666865172386,624.07764,640.38603673967
2019-11-25 04:00:00,729,761.4478036336579,748.1373411957039,729.62195,742.2072603284342
2019-11-25 05:00:00,1187,1183.8012585034014,1353.3090460338167,1364.4835,1316.5193363882108
2019-11-25 06:00:00,2337,2107.17214131107,2211.307831358171,2081.6904,2120.46520801106
2019-11-25 07:00:00,3202,3277.1817176317686,3337.7293985269857,3362.4463,3334.9509235709384
2019-11-25 08:00:00,3331,3352.8447503557545,3430.891684959034,3385.1282,3388.49819574276
2019-11-25 09:00:00,3067,3323.8648474796937,3256.040799803717,3318.7515,3304.3521442427277
2019-11-25 10:00:00,3024,2973.5416391013296,3001.458278188996,2975.0664,2981.2831824475816
2019-11-25 11:00:00,2630,2883.9083358171856,2918.7566841321136,2919.3215,2910.3270215888874
2019-11-25 12:00:00,2899,2699.2108692993766,2757.247963342502,2716.9875,2722.608482574532
2019-11-25 13:00:00,2711,2858.7374996489993,2903.152687881958,2800.9243,2840.934705085864
2019-11-25 14:00:00,2694,2649.990511302354,2718.61707565613,2660.4968,2672.4003098255585
2019-11-25 15:00:00,2480,2491.23885790186,2566.174538840192,2513.7693,2521.2379927402003
2019-11-25 16:00:00,2509,2402.962449156874,2380.613392230733,2351.367,2371.577432026589
2019-11-25 17:00:00,2648,2554.255670289569,2601.014957368406,2545.0564,2561.3458551566814
2019-11-25 18:00:00,2681,2712.504299973998,2714.8006940306823,2681.8464,2697.7494662746076
2019-11-25 19:00:00,2743,2689.1833191247774,2724.0638833791313,2693.3284,2699.97598519629
2019-11-25 20:00:00,2615,2519.9140628474483,2548.0460303552027,2497.0,2515.490023300663
2019-11-25 21:00:00,2208,2064.739417144928,2044.1071611073346,2019.6782,2037.0507558911906
2019-11-25 22:00:00,2023,1887.5761085348827,1798.81771139114,1881.4338,1862.3153739268182
2019-11-25 23:00:00,1707,1718.8700122855523,1679.7793632880816,1724.2651,1711.7949122527834
2019-11-26 00:00:00,1576,1299.9351190476189,1344.4217694999454,1394.4106,1358.294544402516
2019-11-26 01:00:00,1237,925.4844618091138,954.1135075184613,975.00256,957.400774070175
2019-11-26 02:00:00,629,654.1049263038549,556.2561721909809,534.5378,569.8591650045684
2019-11-26 03:00:00,753,658.645118690833,704.132330136527,628.8457,655.11721376934
2019-11-26 04:00:00,938,856.436130952381,934.2307404471143,875.9354,885.6344302522175
2019-11-26 05:00:00,1292,1167.450941043084,1231.3609288707066,1144.0809,1171.7434337870413
2019-11-26 06:00:00,2198,2162.0559109848464,2171.538661735087,2118.0322,2142.414756461233
2019-11-26 07:00:00,3136,3235.915393742228,3260.5839913009095,3192.3386,3220.294157784222
2019-11-26 08:00:00,3287,3260.7816334673794,3300.1999074376295,3238.3435,3259.41713815594
2019-11-26 09:00:00,3230,3237.3056295435454,3192.149718409116,3214.5928,3214.6602237069155
2019-11-26 10:00:00,3185,2995.234638664231,2971.858856249185,2978.5527,2981.0497409158543
2019-11-26 11:00:00,2870,2938.9993747110107,2887.4364503666607,2895.9854,2904.601632050668
2019-11-26 12:00:00,2862,2771.573682674636,2831.9906130391696,2802.122,2801.9521090847015
2019-11-26 13:00:00,2806,2752.006864357101,2779.276530463864,2777.6287,2771.635179759929
2019-11-26 14:00:00,2571,2742.6697378606214,2713.652756373858,2728.7075,2728.4343833242447
2019-11-26 15:00:00,2494,2479.7488483542174,2500.1537378808193,2453.9133,2471.932311597822
2019-11-26 16:00:00,2253,2455.2019972357652,2422.9621744959786,2479.1477,2459.1148954719984
2019-11-26 17:00:00,2537,2393.1505422762766,2444.147283308244,2489.69,2454.1694270992552
2019-11-26 18:00:00,2641,2751.7683972130894,2727.634185857418,2760.5603,2750.130797134814
2019-11-26 19:00:00,2692,2806.4392362977715,2735.696018359811,2769.0164,2770.0419923753334
2019-11-26 20:00:00,2739,2502.587346637653,2556.698756215279,2547.036,2538.3394700491704
2019-11-26 21:00:00,2163,2239.8836547856904,2254.869502722057,2213.7788,2230.577693673812
2019-11-26 22:00:00,2056,1984.3455553156473,1998.3773174134692,1940.8976,1966.1295096861854
2019-11-26 23:00:00,1992,1836.4158430474756,1847.2896829507715,1900.1993,1871.026051909718
2019-11-27 00:00:00,1694,1400.4897619047617,1469.3159829358594,1402.0626,1418.4827472453117
2019-11-27 01:00:00,757,1097.5176530612243,1133.1094685386308,1061.6156,1088.4645806929325
2019-11-27 02:00:00,796,659.9663790970935,559.5218940090253,632.0548,620.899473061686
2019-11-27 03:00:00,1028,829.9166666666667,905.662115342362,964.9915,916.3904535588978
2019-11-27 04:00:00,1037,1027.1927140856342,1012.013219973588,1032.9518,1026.2773746280868
2019-11-27 05:00:00,1357,1051.1208843537413,997.7267462531055,956.5039,990.4638607767117
2019-11-27 06:00:00,2162,2144.427760953738,2166.457641915915,2207.0242,2181.233435678351
2019-11-27 07:00:00,3559,3252.8151113332456,3251.9161838036944,3257.2024,3254.7840200732976
2019-11-27 08:00:00,3453,3525.750862210497,3528.8080534329106,3566.261,3546.7702220749143
2019-11-27 09:00:00,3192,3254.652521438461,3271.583493234819,3233.894,3248.5060251526947
2019-11-27 10:00:00,3057,2938.288148235332,3032.4294112927987,2940.5757,2962.9672316789074
2019-11-27 11:00:00,2885,2851.509210971177,2887.129069495452,2821.917,2845.618066210407
2019-11-27 12:00:00,2749,2788.945524659036,2813.375989660832,2782.6948,2791.927790689342
2019-11-27 13:00:00,2782,2720.2875840262286,2732.7821208875503,2744.3645,2735.449677205007
2019-11-27 14:00:00,2549,2683.8245921924963,2631.0248399479774,2683.4668,2670.4457564726185
2019-11-27 15:00:00,2547,2498.9201358493106,2483.7298141814426,2470.0833,2480.7041134842507
2019-11-27 16:00:00,2401,2487.2383723353246,2408.389402042414,2474.2349,2461.02437523506
2019-11-27 17:00:00,2576,2534.5820518839723,2525.614160596721,2507.558,2518.828105854548
2019-11-27 18:00:00,2607,2700.956043642993,2728.7398044396887,2718.8809,2716.8643917081704
2019-11-27 19:00:00,2893,2697.798143696574,2723.492151418086,2694.288,2702.466616747415
2019-11-27 20:00:00,2751,2715.9845964740007,2724.205503294669,2691.6604,2705.87772513748
2019-11-27 21:00:00,2384,2155.4984971119857,2179.555166266472,2156.5308,2162.0287967039894
2019-11-27 22:00:00,2119,2071.959360877388,2090.5288868827606,2116.4338,2098.83898088535
2019-11-27 23:00:00,2290,1881.2657226549507,1915.3793267337926,1861.1707,1879.7465894956233
2019-11-28 00:00:00,1523,1591.471845238095,1792.1651371248481,1685.6102,1688.7143603368295
2019-11-28 01:00:00,680,944.1393707482993,1051.4879412607452,903.44586,950.6297589104643
2019-11-28 02:00:00,1202,767.984693877551,738.7057517567912,832.9736,793.1593972972574
2019-11-28 03:00:00,1120,1004.1840785405072,1102.125984952147,1057.1592,1055.1571057169135
2019-11-28 04:00:00,1104,959.7971443896537,898.2038628887113,993.6308,961.3156509895132
2019-11-28 05:00:00,1368,1079.238783068783,1071.746763906469,1102.7959,1089.144335962563
2019-11-28 06:00:00,2218,2157.387827209537,2119.626580120211,2111.4324,2124.9697883558747
2019-11-28 07:00:00,3294,3256.488580441172,3305.8762391644545,3280.7952,3280.9887879092194
2019-11-28 08:00:00,3272,3390.8618244022923,3310.5984491987397,3316.9636,3333.8468799236953
2019-11-28 09:00:00,3024,3190.387452706024,3150.0901454626282,3155.4912,3162.865005010913
2019-11-28 10:00:00,3016,2895.8429370354474,2872.510967628986,2869.2344,2876.705663666108
2019-11-28 11:00:00,2810,2820.9053711269685,2840.250702603197,2834.5317,2832.5548875731665
2019-11-28 12:00:00,2682,2752.5502718744997,2726.49587559844,2731.0986,2735.310853274485
2019-11-28 13:00:00,2687,2665.6426048556723,2611.0874408964582,2684.2744,2661.3197184692826
2019-11-28 14:00:00,2472,2580.254831171983,2570.2259989661875,2630.2336,2602.737028823605
2019-11-28 15:00:00,2398,2428.3696081033786,2393.88729559259,2403.803,2407.4657151818046
2019-11-28 16:00:00,2340,2400.659648845352,2337.8622703174206,2386.7197,2377.9903430719432
2019-11-28 17:00:00,2491,2460.6579056781734,2481.1460995936263,2472.0337,2471.4678470210747
2019-11-28 18:00:00,2537,2697.305536734516,2665.8125360847494,2670.7188,2676.138893204816
2019-11-28 19:00:00,2776,2717.336358587061,2660.7405787416988,2661.2996,2675.1690146056276
2019-11-28 20:00:00,2634,2588.7272372213324,2608.7058845191705,2625.7627,2612.239628091376
2019-11-28 21:00:00,2275,2205.050083507098,2261.8952432255824,2214.3464,2223.9095494566077
2019-11-28 22:00:00,2139,2060.8331131258124,2019.2207563082166,2074.598,2057.3124175538196
2019-11-28 23:00:00,2258,1938.1825327933977,1952.4820531953235,1914.8562,1930.0942470831178
2019-11-29 00:00:00,1472,1550.336065759637,1544.516372077349,1574.1158,1560.7710318225277
2019-11-29 01:00:00,731,801.9535997732426,829.2204485524225,735.49536,775.5411927454787
2019-11-29 02:00:00,1026,825.5931168831169,938.9580351134347,949.19855,915.7370616807785
2019-11-29 03:00:00,1043,1035.2375989486704,1121.9393169011591,1086.7151,1082.65177290777
2019-11-29 04:00:00,996,997.2715445269017,978.4044565809708,1014.4996,1001.1687866539212
2019-11-29 05:00:00,830,1060.0700840891914,1043.1699267176762,994.1712,1022.8956045083576
2019-11-29 06:00:00,2166,1930.3300680272107,1851.5340567423225,1883.5094,1887.2207308994145
2019-11-29 07:00:00,3455,3258.696302670496,3375.2457306517267,3335.0874,3326.0292095024306
2019-11-29 08:00:00,3618,3506.600646258504,3512.9448342941064,3503.53,3506.65138478659
2019-11-29 09:00:00,3562,3400.5499248134206,3437.1331064037813,3496.9668,3457.9041562418006
2019-11-29 10:00:00,3420,3298.5633479138755,3323.637063983388,3290.9424,3301.021294380566
2019-11-29 11:00:00,3099,3192.7698606353965,3181.744197939713,3205.2217,3196.2393544875276
2019-11-29 12:00:00,3027,2981.5957383157565,2991.9635015314375,2959.706,2973.2428373055486
2019-11-29 13:00:00,2950,2916.433999903961,2912.2360625849024,2929.5945,2921.9647568331534
2019-11-29 14:00:00,2751,2815.2085641917597,2814.4331141641433,2817.4302,2816.125507479601
2019-11-29 15:00:00,2544,2675.501456583647,2631.853098871398,2628.5469,2641.112076363761
2019-11-29 16:00:00,2590,2545.5117558732622,2478.9737853440793,2469.9082,2491.0754868668355
2019-11-29 17:00:00,2549,2673.6160365258625,2641.0749210332883,2638.9973,2648.17139661635
2019-11-29 18:00:00,2550,2691.7567778140133,2654.767279945941,2635.0774,2654.169710729051
2019-11-29 19:00:00,2265,2652.5402443832286,2554.987162902692,2563.5637,2583.6637121730428
2019-11-29 20:00:00,2228,2103.22253968254,2229.3435295743757,2137.0398,2151.6614147751666
2019-11-29 21:00:00,1979,2006.2083900226758,1998.977569866637,2018.8604,2010.7266657535781
2019-11-29 22:00:00,1955,1941.5462488747917,1949.8222787409381,1943.2693,1944.47677545862
2019-11-29 23:00:00,1900,1958.0946834634367,1965.5054472001254,2007.5463,1984.6731649901094
2019-11-30 00:00:00,1564,1659.4678004535149,1549.2149315680417,1665.2341,1634.7877484350765
2019-11-30 01:00:00,691,896.2815516469748,852.8499906150014,846.1684,860.367083563541
2019-11-30 02:00:00,1070,849.4636887168658,923.8263417254979,936.36707,911.5060403254347
2019-11-30 03:00:00,1095,1010.4679700061841,1105.6502757238864,1110.8815,1084.470296295799
2019-11-30 04:00:00,831,918.8708065211731,896.6141411699905,937.4689,922.6056729579471
2019-11-30 05:00:00,277,714.7417120181406,706.6370016979907,607.7658,659.2275824817672
2019-11-30 06:00:00,1069,850.6986734693879,764.2448608971529,806.5044,806.9880808572602
2019-11-30 07:00:00,1750,1801.8009523809524,2151.158450200732,2021.3032,1998.891461973546
2019-11-30 08:00:00,2610,2845.7752815934064,2830.3455171429646,2788.9883,2813.5243403090926
2019-11-30 09:00:00,3781,3541.265978545264,3577.7164024760445,3520.6726,3540.081898966265
2019-11-30 10:00:00,3833,3912.7635755910756,3918.414166479067,3922.1304,3918.8596210644105
2019-11-30 11:00:00,3605,3610.956220053238,3637.5018687098145,3623.8345,3624.031758518888
2019-11-30 12:00:00,3322,3370.5515350597975,3409.7156425318726,3385.6829,3387.90822506198
2019-11-30 13:00:00,3222,3117.59555567232,3134.687586585042,3120.7607,3123.4511566580904
2019-11-30 14:00:00,2863,2984.6888024428704,2974.1800538143375,2960.2463,2969.8403830096145
2019-11-30 15:00:00,2791,2668.2868394675893,2636.21369670788,2616.0754,2634.16285377043
2019-11-30 16:00:00,2454,2634.392849948076,2592.8819940483977,2606.511,2610.074204163181
2019-11-30 17:00:00,2655,2466.803571487543,2462.4529348735837,2467.9077,2466.267984012157
2019-11-30 18:00:00,2400,2554.0506545667226,2618.5383936752264,2578.1729,2582.2336878417373
2019-11-30 19:00:00,2192,2249.4186379002817,2161.5614302453396,2208.5557,2207.0228490676554
2019-11-30 20:00:00,1897,1866.3973494604083,1886.2478037710143,1833.133,1854.727816628168
2019-11-30 21:00:00,1627,1677.69830276866,1679.1100127262869,1617.3661,1647.8851233073306
2019-11-30 22:00:00,1840,1613.6018911564627,1652.6200547999895,1621.0155,1627.0632379539568
2019-11-30 23:00:00,2125,1779.2028742852801,1809.0150011614157,1797.613,1795.8609874163615
2019-12-01 00:00:00,1400,1357.7405782312921,1445.2243859584216,1163.1227,1282.3025813794598
2019-12-01 01:00:00,1043,849.2517880485528,829.1847403593748,847.22626,843.2222607640913
2019-12-01 02:00:00,1062,1055.1283315740088,1001.209673113144,1086.6779,1057.4234293944446
2019-12-01 03:00:00,828,904.6913110698824,961.4038938294042,940.67944,936.8635229045092
2019-12-01 04:00:00,615,637.7206209460529,608.6031869025151,539.91724,581.5395701262045
2019-12-01 05:00:00,120,487.3539555334329,396.68478546534044,340.92404,391.4717061237168
2019-12-01 06:00:00,670,701.5602551020407,616.4695382398162,694.6739,676.8443929155424
2019-12-01 07:00:00,1147,1312.5049999999999,1445.5054112085288,1466.1453,1422.5752346380696
2019-12-01 08:00:00,1980,2104.350185528757,2126.7129584638205,2176.1667,2145.849160021582
2019-12-01 09:00:00,3081,3211.431813543599,3221.0004242108466,3245.8635,3231.0398221339237
2019-12-01 10:00:00,3831,3663.5795757813617,3659.229181253708,3687.3809,3674.3926189462672
2019-12-01 11:00:00,3714,3741.777552051123,3778.3191274551773,3748.5803,3754.3143310093874
2019-12-01 12:00:00,3651,3593.4459486574237,3597.195432349756,3606.3643,3600.8424741580448
2019-12-01 13:00:00,3296,3414.42754112946,3418.8423786940702,3388.7222,3402.678563940258
2019-12-01 14:00:00,2979,2985.540485764235,3012.892137504353,3012.2083,3005.7122817937097
2019-12-01 15:00:00,2534,2649.9912703718132,2654.893167132639,2621.827,2637.1345615245505
2019-12-01 16:00:00,2458,2356.3025850157824,2381.0272744477625,2359.9607,2364.312811545574
2019-12-01 17:00:00,2536,2551.271385003206,2524.9379891654357,2550.976,2544.5403806515355
2019-12-01 18:00:00,2711,2646.7095106942174,2648.069764599237,2619.0205,2633.2050727296137
2019-12-01 19:00:00,2502,2640.6654883829974,2698.0597922850516,2691.375,2680.368820167012
2019-12-01 20:00:00,2468,2279.623363951641,2286.8629930328507,2248.4014,2265.8222728398728
2019-12-01 21:00:00,1871,1866.0021393669067,1841.1474758357244,1869.3314,1861.4531142498765
2019-12-01 22:00:00,1831,1702.6794873311642,1660.604356288075,1624.1327,1652.8873061196537
2019-12-01 23:00:00,1720,1675.6641043083898,1700.4725138531735,1729.193,1708.630651122422
2019-12-02 00:00:00,1553,1229.5432653061227,1241.525548627557,1171.7922,1203.6633216474825
2019-12-02 01:00:00,866,866.5650340136053,961.0838283358635,869.6624,891.7434228627578
2019-12-02 02:00:00,622,494.42416778553513,566.8206546911466,474.1332,502.37781023342825
2019-12-02 03:00:00,1035,592.9308667151072,590.2752715693161,572.39905,582.001058496887
2019-12-02 04:00:00,779,815.5402396413111,974.3652643705243,1015.5717,955.2622341572558
2019-12-02 05:00:00,1049,975.5134807256236,794.8580822753923,897.4862,891.3359937775978
2019-12-02 06:00:00,2081,2175.9858709544424,2113.7625332081025,2173.0151,2158.944669400011
2019-12-02 07:00:00,3339,3218.2137387931466,3223.559094437187,3278.2964,3249.5914016669585
2019-12-02 08:00:00,3593,3505.991479774223,3520.539274317742,3473.889,3493.577146530804
2019-12-02 09:00:00,2413,3523.169180538882,3485.9817340000536,3483.555,3494.0651944550464
2019-12-02 10:00:00,3084,3015.413269557823,2958.2447711034974,3063.7808,3025.3048910247053
2019-12-02 11:00:00,2813,3059.82778618122,3077.230287083976,2990.0208,3029.2748942928615
2019-12-02 12:00:00,2834,2816.0651287036308,2849.0716994786826,2819.3193,2825.943875014328
2019-12-02 13:00:00,2586,2766.6017971202773,2820.002744009021,2774.875,2784.0886352823245
2019-12-02 14:00:00,2579,2551.540379401951,2664.672298611584,2626.5525,2617.3294146205712
2019-12-02 15:00:00,2673,2460.083949352001,2534.6055413054414,2491.1003,2494.222543562798
2019-12-02 16:00:00,2448,2527.412380650447,2536.229947407735,2516.1948,2524.0079941239205
2019-12-02 17:00:00,2042,2532.1578606359485,2552.4564597242843,2538.1025,2540.2048496213083
2019-12-02 18:00:00,2658,2646.6017950008577,2624.4186022865224,2676.2976,2655.9039030327826
2019-12-02 19:00:00,2761,2727.882205473552,2709.351803275313,2718.8196,2718.7182922262787
2019-12-02 20:00:00,2780,2590.5063410609773,2603.696465987728,2683.8137,2640.4575621137387
2019-12-02 21:00:00,2229,2182.7297784903435,2135.4668045434432,2167.2036,2163.1509523990717
2019-12-02 22:00:00,2243,1981.0392087521884,2012.4471199053744,2060.2478,2028.4954835315782
2019-12-02 23:00:00,2088,1907.1076984126985,1890.572829183855,2034.2797,1966.5599634421071
2019-12-03 00:00:00,1318,1496.1560544217687,1543.3009608315404,1449.0526,1484.390559965671
2019-12-03 01:00:00,581,888.7687641723356,916.9294661861426,861.83136,882.3402375212602
2019-12-03 02:00:00,734,691.067074829932,717.4625572591325,808.77997,756.5223921531256
2019-12-03 03:00:00,801,852.3304097093381,880.4687766805322,902.2524,884.3259867830145
2019-12-03 04:00:00,893,821.3080700765154,868.2401392353428,900.6241,872.6990945642926
2019-12-03 05:00:00,519,1028.5045578231293,1087.9471236713052,1072.2644,1065.2451225220461
2019-12-03 06:00:00,1927,1669.244954318937,1495.2056667089178,1849.2446,1715.7349697100888
2019-12-03 07:00:00,3374,3111.1855932163076,3109.1255181014653,3141.3494,3125.7524604466307
2019-12-03 08:00:00,3225,3335.1441101009805,3368.69704576665,3354.463,3353.1917342794077
2019-12-03 09:00:00,3657,3206.6289822292556,3060.931668713515,3068.8213,3101.3008072669427
2019-12-03 10:00:00,3380,3291.2101766306,3454.2369032895176,3278.9082,3325.8158715425293
2019-12-03 11:00:00,3092,3068.972772856254,3066.9937230681317,2994.1643,3031.073777301409
2019-12-03 12:00:00,3017,2921.2506052740464,2964.5768048089703,2943.6255,2943.269596661379
2019-12-03 13:00:00,2971,2954.009656982687,2803.203894067424,2832.3582,2855.482464910965
2019-12-03 14:00:00,2649,2761.323279101427,2735.6691245300644,2729.7632,2739.129692704748
2019-12-03 15:00:00,2307,2515.1005755643173,2511.866570521741,2470.0193,2491.7514300762023
2019-12-03 16:00:00,2135,2363.8489410785915,2294.239916164719,2305.8872,2317.4658178264526
2019-12-03 17:00:00,2002,2323.291140675828,2329.9319951209404,2288.4265,2307.5190407851296
2019-12-03 18:00:00,2719,2573.6374710617424,2589.2719980762718,2575.776,2578.6153067376285
2019-12-03 19:00:00,2808,2816.5525654066846,2781.1602173240444,2821.2012,2810.028781620182
2019-12-03 20:00:00,3191,2787.2814993455295,2662.3661034050765,2742.2107,2733.517247367339
2019-12-03 21:00:00,2189,2249.1884183673465,2413.0109250773107,2204.99,2268.044830978352
2019-12-03 22:00:00,1745,1989.0794737645397,2117.536707188296,2060.4893,2056.8986741444587
2019-12-03 23:00:00,1704,1864.3032368544903,1872.1554080031096,1850.1124,1859.1708745933063
2019-12-04 00:00:00,1497,1413.2277210884351,1446.6265086315364,1486.3102,1458.118647762024
2019-12-04 01:00:00,1023,812.6921708683474,843.3835131434765,845.9591,836.9984742256122
2019-12-04 02:00:00,496,607.6299426459888,648.6419454499804,574.55164,601.343789895086
2019-12-04 03:00:00,822,749.1313715294729,785.9651124881482,703.4544,735.5013243735459
2019-12-04 04:00:00,895,995.2233765044479,937.419984259895,936.67896,951.5003177301483
2019-12-04 05:00:00,1032,1100.3940136054423,1215.845895037698,1178.9448,1168.5323892701601
2019-12-04 06:00:00,2736,2029.3274366127198,1954.219857573321,1964.2322,1978.0029124136977
2019-12-04 07:00:00,3307,3382.727217482408,3535.662120063999,3519.8801,3489.537397863164
2019-12-04 08:00:00,2983,3471.5508760315315,3411.040241424609,3466.8213,3454.058423895285
2019-12-04 09:00:00,2956,3014.271696428572,2965.093468156605,2967.0793,2978.3809639978567
2019-12-04 10:00:00,3085,2968.652218396909,2921.133877692978,2923.7422,2934.3176177724717
2019-12-04 11:00:00,2805,2859.4484913798233,2999.694680793225,2859.7095,2894.640529371387
2019-12-04 12:00:00,2784,2754.0678862328996,2743.0820474981465,2736.0952,2742.3350908546363
2019-12-04 13:00:00,2626,2737.534742149083,2748.928899858357,2758.4937,2750.862736673735
2019-12-04 14:00:00,2653,2567.90243892395,2579.370157909166,2616.5989,2595.1175876848415
2019-12-04 15:00:00,2842,2535.0313429683924,2516.778833080078,2528.5752,2527.240141668368
2019-12-04 16:00:00,2569,2545.4239285040876,2528.1449455245483,2556.5715,2546.6779851087213
2019-12-04 17:00:00,1902,2492.011192300761,2561.819181223091,2559.5237,2543.2194342012754
2019-12-04 18:00:00,2779,2701.367545986335,2613.658205264163,2694.891,2676.2019944532494
2019-12-04 19:00:00,2933,2878.9389431644386,2985.5381641500526,2901.1772,2916.707899875498
2019-12-04 20:00:00,3364,2957.192400259839,2968.954152100288,3091.1313,3027.102311918157
2019-12-04 21:00:00,2515,2302.410012069344,2459.7727149863913,2244.0972,2312.5942657483088
2019-12-04 22:00:00,1987,2065.8473717948723,2114.7994363514485,2116.1438,2103.2336014506427
2019-12-04 23:00:00,1618,1846.8284067558056,1852.8121455216228,1852.5114,1851.1658143388884
2019-12-05 00:00:00,1504,1403.1805895691612,1456.517418468603,1550.9172,1490.3831201735036
2019-12-05 01:00:00,1159,922.4522562358278,1054.254337648341,994.6753,991.5142949554172
2019-12-05 02:00:00,778,653.9412858802057,733.1879101078961,635.01965,664.2921256571817
2019-12-05 03:00:00,366,721.7418792592578,770.5814583894802,711.7161,728.9388971563251
2019-12-05 04:00:00,909,804.979384391715,852.9183268215437,886.2376,857.5932327349553
2019-12-05 05:00:00,1371,1219.5535799319725,1315.8477881780811,1360.5927,1314.146667711107
2019-12-05 06:00:00,2491,2314.458738163142,2317.3530975807766,2317.85,2316.8780077641045
2019-12-05 07:00:00,3507,3207.459507430414,3311.2299883977576,3283.5964,3271.4705917304805
2019-12-05 08:00:00,2921,3424.870258702254,3415.021086569688,3340.017,3379.9813812398606
2019-12-05 09:00:00,2892,2950.2153770459236,2887.477649486213,2891.4902,2905.1683738205343
2019-12-05 10:00:00,2981,2944.2470268994725,2898.574064721502,2970.9944,2946.2024652880564
2019-12-05 11:00:00,2913,2796.4839621150354,2852.5066320417154,2828.1516,2826.32345420325
2019-12-05 12:00:00,2720,2786.7687748088783,2805.9904232589893,2762.442,2779.410746782592
2019-12-05 13:00:00,2753,2693.5389307319338,2646.836004846988,2721.0789,2695.633162605668
2019-12-05 14:00:00,2599,2655.227692425181,2665.307738329382,2675.69,2667.978828391766
2019-12-05 15:00:00,2866,2565.0439652844148,2558.3411423612265,2571.717,2566.704797419223
2019-12-05 16:00:00,2672,2584.3710604305743,2619.0905437078663,2579.873,2590.80192447211
2019-12-05 17:00:00,2188,2464.044339996833,2509.6445158193183,2513.4966,2500.170504969663
2019-12-05 18:00:00,2634,2713.1428544730957,2679.6482899279667,2751.6946,2724.045076139328
2019-12-05 19:00:00,3023,2846.9628631155188,2766.6282221047077,2755.0684,2780.9319509925567
2019-12-05 20:00:00,2969,2910.005422536226,2957.1408236467196,2925.2139,2929.3934951394863
2019-12-05 21:00:00,2308,2399.4908361678004,2521.640856716347,2426.0059,2443.285852908537
2019-12-05 22:00:00,2081,2047.454742765861,2055.0818474799817,2088.178,2069.7231368192733
2019-12-05 23:00:00,1788,1826.6711063069292,1931.1442660095859,1964.3829,1921.645310364285
2019-12-06 00:00:00,1704,1432.075119047619,1410.7038256230592,1461.6312,1441.5103489606383
2019-12-06 01:00:00,1338,1099.3000680272107,1152.6231075058738,1207.5094,1166.7354935903024
2019-12-06 02:00:00,417,724.0139858161887,694.654563805593,636.0098,672.6720507355235
2019-12-06 03:00:00,903,695.879074995852,795.0878692040152,747.6547,746.5690981105137
2019-12-06 04:00:00,876,1051.2647604588394,1073.7318019316776,1094.464,1078.4811352265356
2019-12-06 05:00:00,1325,1135.943752834467,973.1743094264783,1052.3722,1053.4656117566426
2019-12-06 06:00:00,2029,2257.2217347724436,2318.2351971429916,2250.6372,2269.182836494484
2019-12-06 07:00:00,3412,3220.353881042719,3256.770289633175,3330.1863,3284.374182317411
2019-12-06 08:00:00,3012,3460.4907276221525,3596.7417225207746,3550.1365,3539.376349840419
2019-12-06 09:00:00,3456,3195.1262837007716,3212.36305891326,3197.238,3200.4913542081954
2019-12-06 10:00:00,3484,3254.22444753286,3347.989612842879,3229.7527,3265.4298578673724
2019-12-06 11:00:00,3342,3231.005718418375,3240.1510361669975,3257.4084,3246.4934122791556
2019-12-06 12:00:00,3071,3092.8463889104364,3127.550302416025,3120.9656,3115.581960917553
2019-12-06 13:00:00,3121,2962.856592458495,2950.1770130309997,2938.883,2947.699929692686
2019-12-06 14:00:00,2954,2931.05932720186,2838.959097790533,2858.9253,2871.9672527324733
2019-12-06 15:00:00,2112,2724.7717380071385,2764.446664763869,2719.5298,2732.069493270877
2019-12-06 16:00:00,2716,2485.4748372682398,2412.3786017440443,2519.6816,2484.304180065571
2019-12-06 17:00:00,2742,2547.9569743351885,2565.0652856028223,2627.8147,2592.162913617315
2019-12-06 18:00:00,2727,2757.092155774494,2781.8892365844904,2804.1553,2786.822984808496
2019-12-06 19:00:00,2530,2643.861684374626,2639.022809156627,2629.1033,2635.2727591250004
2019-12-06 20:00:00,2461,2379.8355697873553,2387.9717633567416,2372.759,2378.331349887587
2019-12-06 21:00:00,1970,2017.8410254956684,2061.540677588622,2022.2942,2030.9925204976353
2019-12-06 22:00:00,1845,1879.180403435648,1978.817796979943,1928.1196,1928.5593645570227
2019-12-06 23:00:00,1966,1805.3020508407446,1812.9254252621415,1829.41,1819.2618861155652
2019-12-07 00:00:00,1859,1644.9541666666664,1635.8628289149601,1638.2173,1639.3128914735316
2019-12-07 01:00:00,857,1181.8754761904763,1129.3750270220412,1147.1844,1151.404849924223
2019-12-07 02:00:00,768,807.241037414966,827.2427611243077,777.1062,797.1740502207559
2019-12-07 03:00:00,954,866.7490893292801,965.6374182502926,1021.59216,968.892708437862
2019-12-07 04:00:00,922,871.8665986394558,881.0115010053654,860.9274,868.6832395108147
2019-12-07 05:00:00,665,756.5606462585033,769.235310879751,710.4801,736.6890405540948
2019-12-07 06:00:00,582,848.9895918367347,871.3928675776878,839.6592,849.9252046973556
2019-12-07 07:00:00,2016,1663.5414565826331,1691.4404926667655,1735.9644,1706.7276650467247
2019-12-07 08:00:00,2581,2932.9470521541953,2927.386843923663,2908.825,2919.495949605402
2019-12-07 09:00:00,3704,3548.536559449867,3521.0026729760048,3495.4626,3515.1161313486555
2019-12-07 10:00:00,3995,3861.1091805813235,3771.323819458194,3823.3076,3819.762058603629
2019-12-07 11:00:00,3949,3797.409409430439,3844.9205224151146,3814.8396,3818.002282766076
2019-12-07 12:00:00,3530,3598.7588189223056,3670.2020248731865,3699.2805,3666.8804697379355
2019-12-07 13:00:00,3426,3368.592809612836,3357.338548799437,3381.0947,3372.030202884318
2019-12-07 14:00:00,2990,3123.832226503777,3130.5628327858935,3032.282,3079.739756033355
2019-12-07 15:00:00,2923,2744.7400884998547,2633.0547839946958,2733.0857,2710.991564803325
2019-12-07 16:00:00,2566,2686.488126997909,2664.8253480824437,2669.7283,2672.6925045122757
2019-12-07 17:00:00,2715,2598.753581306648,2558.968404658424,2535.4993,2557.1801302803306
2019-12-07 18:00:00,2480,2664.999107041418,2669.8935833115493,2700.0083,2683.727322978867
2019-12-07 19:00:00,2342,2312.8947844422323,2296.9465653591114,2300.5757,2302.748179247211
2019-12-07 20:00:00,2156,2027.7533989736241,1975.398109039205,1901.2603,1951.4180039563323
2019-12-07 21:00:00,1729,1725.585681952623,1737.4479347594447,1669.078,1700.2974056428607
2019-12-07 22:00:00,1693,1786.696790198178,1787.619667083527,1755.9453,1771.5517705704262
2019-12-07 23:00:00,2230,1930.723789099372,1926.0731651956814,1960.6371,1944.517781054232
2019-12-08 00:00:00,1493,1527.3096258503401,1650.012009601551,1505.7812,1547.2210338629727
2019-12-08 01:00:00,887,920.1273011512299,853.9090193853864,885.743,886.3805706126697
2019-12-08 02:00:00,1157,917.2321519203292,932.9146223376482,1045.253,985.1632194434006
2019-12-08 03:00:00,855,956.160450680272,1012.7557187832244,951.0653,967.7616961744678
2019-12-08 04:00:00,609,629.1932950680272,575.1017915964992,497.21356,549.680552671991
2019-12-08 05:00:00,89,436.9321258503402,431.7445318298314,371.25278,402.79555296984756
2019-12-08 06:00:00,837,670.459030612245,560.1413117717478,644.8636,630.0818788088889
2019-12-08 07:00:00,1383,1364.709081632653,1896.600974793379,1440.7935,1535.724242622133
2019-12-08 08:00:00,1864,2157.741468605141,2080.2159322228276,2075.7214,2097.3500679804297
2019-12-08 09:00:00,3217,3084.744588283955,2826.076567404761,2998.744,2977.0772371643666
2019-12-08 10:00:00,3640,3715.2506122448976,3753.7806464918363,3789.1165,3761.816042223246
2019-12-08 11:00:00,3774,3729.8430268949687,3761.382964087568,3843.0222,3794.3176061440718
2019-12-08 12:00:00,3577,3574.667940450869,3560.2057013592535,3634.797,3601.116970022843
2019-12-08 13:00:00,3346,3387.1413020543673,3345.1303483557404,3367.5095,3366.8226733447145
2019-12-08 14:00:00,3111,3006.9452429527014,3024.8849195669422,3024.5046,3020.2098599658484
2019-12-08 15:00:00,2918,2750.328557372253,2798.621212210729,2775.929,2775.201919934808
2019-12-08 16:00:00,2509,2644.5106678270367,2614.001920926309,2693.5037,2661.379978243024
2019-12-08 17:00:00,2541,2535.179270303971,2500.572740429659,2488.307,2503.09144506622
2019-12-08 18:00:00,2602,2669.7190989873698,2653.324275641947,2635.2434,2648.3825477588916
2019-12-08 19:00:00,2604,2619.3781784454704,2593.4500605199523,2619.4329,2612.9234904054183
2019-12-08 20:00:00,2489,2373.264375878252,2420.064901340771,2430.562,2413.613325164131
2019-12-08 21:00:00,2107,1903.394173022474,1979.2443927391487,1958.8683,1950.093784506812
2019-12-08 22:00:00,1702,1835.7514170073623,1844.8138357628911,1839.7354,1840.0089889738133
2019-12-08 23:00:00,1262,1727.5688492362115,1771.744941433839,1722.597,1736.1269706167313
2019-12-09 00:00:00,1387,1210.0674149659862,1278.8031057760256,1275.4432,1259.9392488378467
2019-12-09 01:00:00,1004,990.8655272108844,1000.3247098538998,993.9757,994.7854132701023
2019-12-09 02:00:00,573,571.7801105442177,631.3133181482405,482.10706,541.8268850051458
2019-12-09 03:00:00,445,672.9568469291777,735.520012083546,668.45447,686.3464486398997
2019-12-09 04:00:00,337,622.7034122260015,604.9042953326942,686.0677,649.9357708838146
2019-12-09 05:00:00,1714,891.0762018140589,798.9785953397369,901.9082,873.467800850949
2019-12-09 06:00:00,2166,2526.881268810555,2343.1619936965653,2456.962,2445.99177265803
2019-12-09 07:00:00,3104,3211.327206912329,3094.269266282691,3179.7983,3166.29828822063
2019-12-09 08:00:00,3236,3368.4074099696677,3396.421564059552,3350.995,3366.704802101055
2019-12-09 09:00:00,2486,3181.6128153685713,3137.2600296863993,3284.0059,3221.721140951243
2019-12-09 10:00:00,3036,2991.3641070536614,2721.126474753137,2964.0674,2910.1563368579496
2019-12-09 11:00:00,2897,3021.0504174019234,3003.9135467945193,2958.2234,2985.352685385048
2019-12-09 12:00:00,2802,2786.337806298566,2861.5626074850366,2863.3066,2843.6284237584005
2019-12-09 13:00:00,2719,2718.3964534229594,2753.6126756230547,2732.6533,2734.3289424177538
2019-12-09 14:00:00,2519,2674.187060152679,2705.3763726870825,2676.5537,2683.1677136786902
2019-12-09 15:00:00,2320,2464.0277709693733,2501.1666195785383,2507.5862,2495.0916884572903
2019-12-09 16:00:00,2401,2367.125167218698,2390.1581429475373,2373.199,2375.9203148462466
2019-12-09 17:00:00,2758,2462.898783865126,2402.086754335771,2445.1,2438.7964333783493
2019-12-09 18:00:00,2758,2766.5459478354483,2790.5461659683847,2799.0935,2788.8197813806455
2019-12-09 19:00:00,2948,2727.9766215215955,2779.6243541342337,2807.505,2780.652685320207
2019-12-09 20:00:00,3225,2684.920765575922,2712.931721325992,2690.72,2694.8231070770407
2019-12-09 21:00:00,2186,2280.289179671869,2514.696976905228,2419.2822,2408.3876524255243
2019-12-09 22:00:00,1893,2034.7302095383614,2040.1212168782163,2035.9464,2036.6860621705507
2019-12-09 23:00:00,1700,1699.0952040816326,1749.87586655569,1782.9714,1753.7284854327681
2019-12-10 00:00:00,1575,1386.976841736695,1438.0359936813445,1543.9309,1478.2186629560724
2019-12-10 01:00:00,886,962.9835714285715,979.2106256608481,959.0132,965.0551410692299
2019-12-10 02:00:00,651,608.7876164810743,489.09662071384236,523.7805,536.3613180877917
2019-12-10 03:00:00,443,675.5757947845805,662.7525881996773,635.2354,652.1998020448925
2019-12-10 04:00:00,1064,627.4945238095237,640.1868002973438,619.2491,626.544873263045
2019-12-10 05:00:00,1296,1155.4223979591834,1333.687373553702,1288.2708,1266.4128188547838
2019-12-10 06:00:00,2628,2104.7790080612785,2031.093094267471,2077.3333,2072.63465155875
2019-12-10 07:00:00,3123,3293.4624756569297,3348.8875640581446,3276.4995,3298.8372657881437
2019-12-10 08:00:00,3437,3216.997169190909,3203.5957088111695,3081.31,3145.8032487973946
2019-12-10 09:00:00,2886,3302.68399659864,3334.8035014086804,3211.702,3265.2228266502675
2019-12-10 10:00:00,3383,2957.8259086923836,2950.37038248392,2961.2866,2957.692383340951
2019-12-10 11:00:00,2996,3129.1843911428946,3079.166006810844,3076.5771,3090.3761737071845
2019-12-10 12:00:00,2926,2942.3720691157437,2920.1953237765447,2879.9724,2905.6280542777595
2019-12-10 13:00:00,2820,2840.775543926818,2801.806954753684,2775.8525,2798.5718942013755
2019-12-10 14:00:00,2920,2714.428878188029,2688.0380798910173,2707.4795,2704.3564856135117
2019-12-10 15:00:00,2369,2650.233727524945,2538.4369740502843,2612.263,2603.2991451203698
2019-12-10 16:00:00,2291,2341.620619143536,2269.624562029049,2269.4429,2287.532730840021
2019-12-10 17:00:00,2700,2379.599616674494,2326.1494901169463,2407.387,2380.1307581431724
2019-12-10 18:00:00,2870,2812.71674244156,2792.9774667502124,2809.6907,2806.268889212006
2019-12-10 19:00:00,3079,2950.6581864384452,2910.0853886392892,2960.329,2945.3504445506837
2019-12-10 20:00:00,3158,2948.51357146135,3003.832807158017,3058.4932,3017.333176686092
2019-12-10 21:00:00,2431,2353.7813095238093,2412.410800478275,2387.272,2385.184013828646
2019-12-10 22:00:00,2033,2008.1191630403923,1977.8237936952612,1993.3915,1993.1814789300072
2019-12-10 23:00:00,1625,1723.6123361162645,1687.747376314187,1751.8978,1728.7888416818316
2019-12-11 00:00:00,1610,1451.0395578231291,1480.3261250062062,1498.8998,1482.2913108440525
2019-12-11 01:00:00,1113,1072.1287018140588,1118.2873118879197,1147.4985,1121.3532710036197
2019-12-11 02:00:00,443,607.8713423702815,548.0844390130792,487.08945,532.5336688565824
2019-12-11 03:00:00,812,626.5898412698413,682.9843219600789,712.5627,683.6748823602144
2019-12-11 04:00:00,692,1005.329850546279,975.6557192968115,998.9262,994.7094967088195
2019-12-11 05:00:00,1197,1152.601678440607,1090.1622017772897,1149.0905,1135.2361971052555
2019-12-11 06:00:00,2675,2252.2805641566974,2175.9273757165897,2299.4854,2256.794660749572
2019-12-11 07:00:00,3419,3249.5671025383613,3389.9739116105234,3260.714,3290.2423092012837
2019-12-11 08:00:00,3163,3394.8730759284044,3412.9932577905565,3364.0852,3384.0091859688027
2019-12-11 09:00:00,2653,3006.302566137567,2939.602965281749,2993.6592,2983.305972698579
2019-12-11 10:00:00,3032,2978.6077154664476,2761.58240987421,2881.5981,2875.8466036007894
2019-12-11 11:00:00,2824,2747.389961304734,2868.953205960197,2773.2234,2790.6974861521703
2019-12-11 12:00:00,2695,2704.455596606075,2715.3977085390243,2724.6133,2717.269966911275
2019-12-11 13:00:00,2591,2690.801085463761,2653.504439869704,2641.4602,2656.8064838724285
2019-12-11 14:00:00,2463,2576.3845092042634,2608.0239227996385,2622.3105,2607.2573814384755
2019-12-11 15:00:00,2533,2432.7137155268874,2465.2504609809794,2435.1194,2442.050736509779
2019-12-11 16:00:00,2588,2468.1409670068224,2454.753279397696,2458.0476,2459.747365312067
2019-12-11 17:00:00,2354,2548.4394642680895,2641.0497598711113,2632.3982,2613.5714027144877
2019-12-11 18:00:00,2748,2735.2671908247266,2724.5384646993843,2733.923,2731.9129617325902
2019-12-11 19:00:00,2910,2856.2382404627992,2937.241093234471,2896.3132,2896.526449635255
2019-12-11 20:00:00,2685,2884.133307659723,2906.4783742579257,2985.3474,2940.3266265341
2019-12-11 21:00:00,2600,2244.1888618564035,2300.8892832618317,2288.579,2280.559087060809
2019-12-11 22:00:00,2196,2121.5304401948747,2173.8553194451856,2181.5447,2164.6187787772024
2019-12-11 23:00:00,1581,1805.6937043908472,1691.6642118190798,1661.2705,1704.9747329587317
2019-12-12 00:00:00,1450,1368.4637074829932,1383.3243017409889,1432.6318,1404.2629202747455
2019-12-12 01:00:00,1004,1088.3076013013904,1091.5280259681485,1132.0969,1111.0073687314473
2019-12-12 02:00:00,353,514.7436824523637,546.1380546425057,436.26205,483.3514614953971
2019-12-12 03:00:00,614,630.2440661719232,607.8696014930001,614.6139,616.8353627170121
2019-12-12 04:00:00,448,799.872542451789,831.1588385281725,855.47504,835.4953635555372
2019-12-12 05:00:00,1431,1102.1942530796102,1111.5500018902503,1169.7418,1138.3069743869964
2019-12-12 06:00:00,2714,2354.237270745323,2537.4324783234056,2527.5256,2486.680254649995
2019-12-12 07:00:00,3336,3277.062993758698,3299.273299918793,3349.5815,3318.8748449037475
2019-12-12 08:00:00,3079,3344.5960149905536,3339.6011415770517,3321.017,3331.557834063776
2019-12-12 09:00:00,2708,2929.432346874954,2879.652160774138,2888.4773,2896.5097743732103
2019-12-12 10:00:00,2773,2935.828644933607,2757.300557218711,2879.5679,2863.0662360849547
2019-12-12 11:00:00,2892,2702.5678635284444,2763.7253634518347,2771.6882,2752.417422956007
2019-12-12 12:00:00,2717,2761.7038651930575,2768.854657904332,2786.6487,2775.9639715946596
2019-12-12 13:00:00,2975,2657.012501492188,2655.2735076517797,2679.805,2667.9739681063047
2019-12-12 14:00:00,2548,2703.178983001948,2748.831092323446,2693.031,2709.518021761036
2019-12-12 15:00:00,2649,2497.21559953139,2497.0031887759906,2461.9626,2479.5360203190326
2019-12-12 16:00:00,2476,2548.4112043037426,2571.872149835476,2544.7378,2552.43973501918
2019-12-12 17:00:00,2105,2518.046721922716,2397.0211330326074,2486.0227,2471.7783162778933
2019-12-12 18:00:00,2589,2720.3670715830717,2656.007373790818,2710.697,2699.44212208566
2019-12-12 19:00:00,2948,2803.676615549867,2807.5091392883583,2811.9893,2808.7910676158062
2019-12-12 20:00:00,2691,2869.9418847568677,2821.2166183282825,2867.1472,2856.363234169725
2019-12-12 21:00:00,2398,2310.7986904761906,2326.4195448465216,2329.191,2323.900017815053
2019-12-12 22:00:00,2251,2128.7649410652825,2131.6295857413943,2141.932,2136.0645740844816
2019-12-12 23:00:00,1580,1841.4538214683866,1843.2627575557299,1793.9895,1818.1738957325915
2019-12-13 00:00:00,1474,1412.2169047619045,1339.5001002343126,1375.6726,1375.7655549599917
2019-12-13 01:00:00,1112,1063.8311363636362,1209.037219455496,1156.0725,1146.2533438375956
2019-12-13 02:00:00,681,573.401014739229,449.65552384169337,479.86508,495.69667553878526
2019-12-13 03:00:00,513,626.3286645267277,672.617654609543,618.93665,634.2049025379739
2019-12-13 04:00:00,945,664.4190293040294,641.8449621469609,675.81335,664.4726751088414
2019-12-13 05:00:00,1542,1273.3004081632655,1400.2820946230916,1351.456,1344.1236530403394
2019-12-13 06:00:00,1957,2363.0288775510203,2340.227364723474,2345.0889,2348.3584941623735
2019-12-13 07:00:00,3313,3183.992738095238,3022.265778444616,3070.4158,3086.772514877151
2019-12-13 08:00:00,3226,3399.570416425894,3365.057155051993,3338.2542,3360.2839680647844
2019-12-13 09:00:00,2874,3238.845536032595,3194.2251806731833,3240.5173,3228.5263461686322
2019-12-13 10:00:00,3273,2971.7671281664693,2916.2477682155695,2918.534,2931.2706918689473
2019-12-13 11:00:00,3145,3092.9069999999992,3127.693170087926,3111.8132,3111.0566587329185
2019-12-13 12:00:00,3072,2979.8283099185965,2966.0969300011443,2964.5684,2968.7654896674353
2019-12-13 13:00:00,3114,2947.9731512664744,2998.418434478985,2969.3003,2971.24804292074
2019-12-13 14:00:00,2990,2961.096364383123,2869.8434349159056,2906.6013,2911.0356090044447
2019-12-13 15:00:00,2571,2768.4401259596902,2573.341370740261,2719.1687,2695.029724760925
2019-12-13 16:00:00,2690,2551.969178691363,2479.246677779913,2514.0818,2514.844857672507
2019-12-13 17:00:00,2761,2629.8406464045493,2622.2113318732927,2688.1387,2657.0823305069607
2019-12-13 18:00:00,2737,2768.19290129708,2802.6442455199876,2798.913,2792.165829673017
2019-12-13 19:00:00,2669,2679.7148942386016,2678.708983607081,2700.6565,2689.934216531733
2019-12-13 20:00:00,2418,2425.42215906601,2433.1461673480626,2461.069,2445.1766275019554
2019-12-13 21:00:00,2013,2048.6649589253816,2081.361398414308,1989.5223,2027.2677587685162
2019-12-13 22:00:00,1797,1915.232446900904,1935.210820118107,1945.5675,1935.394569196159
2019-12-13 23:00:00,1919,1684.589460245637,1742.471493195851,1691.7281,1702.6293130674032
2019-12-14 00:00:00,1679,1678.1470861678001,1570.8402947874317,1615.4907,1619.992206566933
2019-12-14 01:00:00,674,1070.1785714285713,1058.119649861911,927.9687,996.0588998050425
2019-12-14 02:00:00,1118,724.1886848072563,804.0988919155948,805.0814,784.6126046299315
2019-12-14 03:00:00,1004,986.0577891156464,1007.2999939559458,1060.6725,1028.6756884436793
2019-12-14 04:00:00,734,729.0879107400535,769.5422113517105,740.48505,744.9000537163004
2019-12-14 05:00:00,545,784.3550113378685,786.444184164693,703.82965,744.6146243150935
2019-12-14 06:00:00,990,834.4690816326531,757.586385573951,806.16254,801.0951351121979
2019-12-14 07:00:00,1775,1701.4386097427478,2023.8804486887482,1891.501,1877.080252889124
2019-12-14 08:00:00,2548,2799.6150042517,2721.1794522500463,2740.9302,2750.6637020160615
2019-12-14 09:00:00,3470,3423.459999999999,3341.005186761578,3324.4946,3353.3636111435194
2019-12-14 10:00:00,3875,3741.7499319727895,3670.160646635933,3735.925,3720.940169066243
2019-12-14 11:00:00,3591,3723.735964749536,3714.396808669653,3737.7166,3728.391469721985
2019-12-14 12:00:00,3480,3400.5352162531676,3442.7282565597934,3445.595,3433.613353554803
2019-12-14 13:00:00,3166,3272.3435164145208,3279.7874859181866,3317.7139,3296.889684176927
2019-12-14 14:00:00,3122,2927.2452497481113,2964.8243965627776,2948.523,2947.278886187097
2019-12-14 15:00:00,2750,2854.725633498572,2841.175097074652,2852.2222,2850.0862666276807
2019-12-14 16:00:00,2758,2608.7041005303477,2575.06308376208,2561.298,2576.5908439246696
2019-12-14 17:00:00,2552,2758.734568013108,2747.3830849171404,2732.9714,2743.0151310059996
2019-12-14 18:00:00,2571,2549.0683747578287,2610.3987553032075,2537.6445,2558.689048140259
2019-12-14 19:00:00,2027,2454.5608136979545,2425.581725914697,2425.7646,2432.9179591219126
2019-12-14 20:00:00,2051,1955.5973388829218,2064.878381327651,1993.3032,2001.7705413807682
2019-12-14 21:00:00,1686,1760.4917800453513,1800.7335959334403,1831.3018,1805.957222900948
2019-12-14 22:00:00,1752,1707.2637585034013,1564.5893530989154,1638.9684,1637.4474697951105
2019-12-14 23:00:00,2170,1923.4838311688313,1934.6280279761334,1929.6177,1929.3368026768662
2019-12-15 00:00:00,1290,1389.4034693877552,1571.329250280119,1368.2567,1424.3115368505623
2019-12-15 01:00:00,1072,895.9685147392289,799.4122683769059,837.59393,842.6421623317681
2019-12-15 02:00:00,1247,1074.4023129251698,1007.1505028396635,1189.3342,1115.0553181990208
2019-12-15 03:00:00,989,959.5100580232094,932.3376663714062,940.59564,943.2597521435757
2019-12-15 04:00:00,595,581.5229933821354,633.5116583413454,541.4748,574.4960591711045
2019-12-15 05:00:00,113,465.1256222000996,433.20892453782466,407.389,428.27814046866075
2019-12-15 06:00:00,824,740.5947619047618,747.3872564333849,806.9354,775.4632169868804
2019-12-15 07:00:00,1022,1325.881887755102,1694.3826431677671,1555.9707,1533.0514842932173
2019-12-15 08:00:00,2196,1922.2202988472939,1863.7671216323986,1800.4205,1846.7071212332044
2019-12-15 09:00:00,3262,3261.2601374443484,3236.3362322724956,3242.6848,3245.7414996557736
2019-12-15 10:00:00,3728,3747.3715927862986,3705.1603251002566,3750.3582,3738.3120566200764
2019-12-15 11:00:00,3902,3666.4615476190475,3682.978895061277,3692.0361,3683.378177076331
2019-12-15 12:00:00,3732,3616.4805577755574,3663.505602995575,3681.177,3660.5850411693455
2019-12-15 13:00:00,3414,3498.1139960372666,3501.870734613919,3462.2402,3481.1162998502964
2019-12-15 14:00:00,3103,3099.654482065553,3159.3850947157603,3165.6284,3147.5741031797033
2019-12-15 15:00:00,2645,2757.334411407306,2772.548262979734,2789.4077,2777.174526018635
2019-12-15 16:00:00,2445,2472.857568670037,2446.708419619992,2435.9556,2447.8692802756323
2019-12-15 17:00:00,2488,2522.1019593916167,2484.050994830387,2477.6345,2490.3554992976883
2019-12-15 18:00:00,2530,2644.229082894207,2615.72947389163,2590.9175,2610.4483794308344
2019-12-15 19:00:00,2524,2565.9593660391624,2545.823503284675,2509.228,2532.5597310028343
2019-12-15 20:00:00,2525,2306.144713604937,2324.4313699505897,2329.5063,2322.3971947170066
2019-12-15 21:00:00,1899,1945.8971090401028,2008.609401046331,1975.5432,1976.398233966921
2019-12-15 22:00:00,1884,1745.6327891156463,1724.5621258389667,1736.7744,1735.9359357699032
2019-12-15 23:00:00,1722,1702.6156689342401,1645.1110087848792,1718.5928,1696.22805614853
2019-12-16 00:00:00,1535,1236.4377025355598,1287.0463943643426,1211.7783,1236.7601843812256
2019-12-16 01:00:00,763,997.896572871573,1013.8755358588355,955.1272,980.5066258154146
2019-12-16 02:00:00,456,645.7995461868958,682.1153415757688,547.0993,605.5283740402755
2019-12-16 03:00:00,856,559.7265359828143,631.3222695484197,629.5573,612.5408573886679
2019-12-16 04:00:00,1076,809.0240136054423,778.6654466631561,765.4854,779.6650713659777
2019-12-16 05:00:00,1594,1188.3289455782315,1254.815243531707,1294.4077,1257.9899046993596
2019-12-16 06:00:00,2093,2184.4451700680274,2262.388535521392,2194.366,2208.8914097957922
2019-12-16 07:00:00,3121,3124.263301531995,2917.4016497613543,2968.9604,2994.8964624327123
2019-12-16 08:00:00,3191,3402.7054145662696,3286.354902837795,3363.674,3354.1021154838286
2019-12-16 09:00:00,2959,3202.7186431006303,3145.423512241689,3152.6355,3163.353287859017
2019-12-16 10:00:00,3262,2999.0391366916206,2902.746502136305,2933.2312,2942.062010292919
2019-12-16 11:00:00,2835,3168.455058122825,3114.520892096905,3072.742,3107.11495923462
2019-12-16 12:00:00,2785,2795.8875405349086,2829.3022960411604,2867.6326,2840.1137433237045
2019-12-16 13:00:00,2543,2771.671238335776,2803.051702253169,2759.3604,2773.360910928486
2019-12-16 14:00:00,2672,2564.5608714390182,2663.735184898261,2643.4414,2628.79471720932
2019-12-16 15:00:00,2343,2552.2394820148,2525.513061654425,2490.7993,2514.837794120431
2019-12-16 16:00:00,2399,2365.713739983441,2369.447890408536,2370.9678,2369.274294316744
2019-12-16 17:00:00,2262,2512.5707661594383,2536.771981432705,2502.1946,2513.4329769370984
2019-12-16 18:00:00,2722,2611.9059801468134,2592.197672779003,2550.6262,2576.3390235830166
2019-12-16 19:00:00,2832,2721.426411337376,2793.3137163395436,2775.092,2766.2310524270424
2019-12-16 20:00:00,2723,2723.533014236685,2721.011787946929,2678.9536,2700.6130071865286
2019-12-16 21:00:00,2163,2134.8031272315493,2108.1392425023446,2178.4448,2149.9580045428484
2019-12-16 22:00:00,2049,1983.4599246343705,1919.8036243540191,1959.6082,1955.619964395535
2019-12-16 23:00:00,2246,1857.9067589778338,1791.6553854708407,1893.6848,1859.232943338731
2019-12-17 00:00:00,1544,1456.5191156462588,1530.7958801224765,1509.545,1501.6012709148401
2019-12-17 01:00:00,598,825.1390589569161,771.7559112074746,715.99036,757.2189207637539
2019-12-17 02:00:00,836,733.9057142857143,671.5253003608989,794.20264,748.4590720210283
2019-12-17 03:00:00,900,833.3454761904761,840.2955701420273,872.12164,854.4710831163289
2019-12-17 04:00:00,1075,941.7377690166977,976.173505129505,975.3962,967.17590813616
2019-12-17 05:00:00,1539,1166.9641496598642,1341.6523693040942,1259.686,1256.9971473191147
2019-12-17 06:00:00,2085,2175.919819539976,2364.4923982095015,2325.7048,2297.955471429557
2019-12-17 07:00:00,3114,3104.545905358155,2991.7151307301297,2990.1248,3019.1276369517586
2019-12-17 08:00:00,3271,3282.3457021801973,3286.5833751156833,3252.5715,3268.518035925533
2019-12-17 09:00:00,2874,3223.496659370287,3132.5545315480326,3156.0305,3167.028056518642
2019-12-17 10:00:00,3402,2963.2690876083443,2913.4160845964693,2959.6287,2948.985624105891
2019-12-17 11:00:00,3127,3073.3907297464443,3123.0483605688673,3046.6458,3072.43264855539
2019-12-17 12:00:00,3074,2942.6165974069927,2965.897000197468,2892.5635,2923.410137682365
2019-12-17 13:00:00,2895,2966.4892147468254,2859.895002485798,2887.9426,2900.5673677847185
2019-12-17 14:00:00,2775,2779.2065014613736,2782.9183419847427,2804.156,2792.6092137912165
2019-12-17 15:00:00,2406,2580.5738184740653,2536.668693381898,2554.1846,2556.4029131202406
2019-12-17 16:00:00,2558,2366.8714491999845,2316.4001970347936,2371.6902,2356.663004332132
2019-12-17 17:00:00,2905,2570.3321288440575,2587.632611453343,2621.5476,2600.2649887852876
2019-12-17 18:00:00,2783,2930.4662235736687,2947.361354009937,2899.1025,2919.008163927151
2019-12-17 19:00:00,3013,2870.851575680413,2883.854137661651,2920.131,2898.7419800933285
2019-12-17 20:00:00,2955,2856.639103514241,2804.3245813524754,2875.6384,2853.0601350838665
2019-12-17 21:00:00,2438,2314.7678110717975,2396.023848539626,2378.1536,2366.774697129418
2019-12-17 22:00:00,2070,2084.5659908551074,2082.5092470866603,2124.0781,2103.807871985442
2019-12-17 23:00:00,2065,1874.8725311097696,1839.5796314789893,1898.0647,1877.6453892800023
2019-12-18 00:00:00,1731,1471.191700680272,1539.4592107124047,1566.9163,1536.1208577309817
2019-12-18 01:00:00,988,995.1809863945577,900.9568127055908,871.96747,910.0181839058965
2019-12-18 02:00:00,740,638.4907503001201,753.2777563768457,720.5349,708.209582723929
2019-12-18 03:00:00,1301,840.5124970124978,914.677162641229,814.5532,846.0740262415567
2019-12-18 04:00:00,1082,1097.1115677179962,1083.3182269457873,1190.9624,1140.5886498378209
2019-12-18 05:00:00,1522,1289.7572603586889,1237.6227377567352,1329.4487,1296.569364763231
2019-12-18 06:00:00,2084,2211.9743704140883,2408.8014486449365,2389.615,2350.0014498819437
2019-12-18 07:00:00,3311,3162.749216926433,3012.3567568046096,3141.389,3114.470951440573
2019-12-18 08:00:00,3319,3391.896160788096,3332.6607397848716,3369.474,3365.8762856901167
2019-12-18 09:00:00,2765,3133.1388138659718,3062.3435053843464,3171.8315,3134.7863512969543
2019-12-18 10:00:00,3158,2966.0566828489796,2874.015903854281,3001.0781,2960.557209175815
2019-12-18 11:00:00,2807,2898.028840009026,2969.6349894724617,2848.6558,2891.243838229747
2019-12-18 12:00:00,2732,2739.2587852649135,2754.944251345325,2775.291,2761.1962669650597
2019-12-18 13:00:00,2646,2709.7214698221965,2669.9584484068514,2687.3972,2688.6185879556997
2019-12-18 14:00:00,2591,2617.051154058878,2582.073390852542,2617.2102,2608.386238766918
2019-12-18 15:00:00,2671,2492.471924991502,2519.799347662568,2511.6768,2508.9061970697676
2019-12-18 16:00:00,2624,2573.186583747461,2571.10255868762,2535.994,2554.069233850958
2019-12-18 17:00:00,2750,2644.199333336537,2669.870705405448,2664.186,2660.6105272636214
2019-12-18 18:00:00,2784,2843.271718279486,2853.9072706433903,2855.7751,2852.1823204729067
2019-12-18 19:00:00,2995,2870.370526188149,2867.0403752788943,2872.9312,2870.8183015386358
2019-12-18 20:00:00,3260,2852.9844936530776,2804.640244255838,2832.469,2830.640681547541
2019-12-18 21:00:00,2288,2473.7167957637603,2662.8217144194414,2440.1055,2504.1873619208004
2019-12-18 22:00:00,1964,2084.3890993305304,2067.6200285477867,2132.6394,2104.3219841180166
2019-12-18 23:00:00,1675,1858.7264917423909,1828.2524388464585,1799.1643,1821.326885967525
2019-12-19 00:00:00,1459,1501.3280782312925,1578.3249201431272,1602.4427,1571.1346241053236
2019-12-19 01:00:00,929,992.4256692271249,995.1148990446297,997.6011,995.6856791773137
2019-12-19 02:00:00,579,627.1296269692087,510.80928311794264,547.66174,558.3155991038191
2019-12-19 03:00:00,42,843.467029180093,856.2592463739657,869.61865,859.7408950603897
2019-12-19 04:00:00,1038,779.6840136054423,779.0332582411235,823.2837,801.3211636647665
2019-12-19 05:00:00,1604,1368.879217687075,1659.6561765521303,1344.077,1429.172361743395
2019-12-19 06:00:00,2428,2359.716476190476,2605.379478189768,2568.6301,2525.5890520716234
2019-12-19 07:00:00,3100,3219.465792725247,3279.643192166201,3274.023,3261.7887208322372
2019-12-19 08:00:00,3168,3260.9440063796555,3292.7067963366762,3308.771,3292.798198725958
2019-12-19 09:00:00,2665,2978.5943141172174,2910.54618747307,2956.613,2950.5916439522593
2019-12-19 10:00:00,3294,2893.148740111699,2738.384344179663,2844.0137,2829.8901070103407
2019-12-19 11:00:00,3059,3026.5891593370457,2925.0653212425,2997.2935,2986.5603486605114
2019-12-19 12:00:00,2886,2864.391873589429,2898.990694325766,2889.62,2885.655700572549
2019-12-19 13:00:00,2712,2800.740630823193,2785.850952532156,2800.6096,2796.9527054091495
2019-12-19 14:00:00,2791,2647.551252164598,2632.422639353992,2647.1218,2643.554385965585
2019-12-19 15:00:00,2930,2623.331555023944,2645.3558468454303,2625.362,2629.852880740781
2019-12-19 16:00:00,2468,2603.460906906756,2665.8379774559476,2665.884,2650.266737692238
2019-12-19 17:00:00,2462,2518.5821225787863,2360.9125037000254,2441.3857,2440.5665276634527
2019-12-19 18:00:00,2840,2713.292117062059,2662.449595539102,2697.5234,2692.69714690029
2019-12-19 19:00:00,2801,2905.0272557648004,2912.8222308117815,2917.1594,2913.042083558208
2019-12-19 20:00:00,2835,2733.0777553226894,2726.417972093635,2708.6194,2719.1836242368936
2019-12-19 21:00:00,2499,2346.5789118870466,2335.3644215375134,2359.7996,2350.3856136295776
2019-12-19 22:00:00,2119,2113.7371548003293,2152.5833440993956,2179.8508,2156.5055397639935
2019-12-19 23:00:00,1722,1822.1797247990103,1740.0383321854306,1792.964,1787.0365088750164
2019-12-20 00:00:00,1569,1416.2303791516608,1432.676594824376,1552.569,1488.5112283572905
2019-12-20 01:00:00,1321,1062.763963506812,1137.4644508388806,1151.6505,1125.8823599340794
2019-12-20 02:00:00,540,774.5183333333334,727.9698387438565,780.7381,765.9910920915631
2019-12-20 03:00:00,810,687.209977324263,563.3505636937881,640.0204,632.6503281256065
2019-12-20 04:00:00,718,1028.500779993816,1049.3026197806266,1086.5717,1062.7366775803293
2019-12-20 05:00:00,1066,1283.1086904761903,1329.79502135608,1274.252,1290.3519045205676
2019-12-20 06:00:00,2608,2102.3194518391265,2149.8905886262014,2089.7854,2107.9452103116446
2019-12-20 07:00:00,3184,3361.8811528346973,3456.5429952919176,3411.8335,3410.5227850785286
2019-12-20 08:00:00,3426,3418.1491779393573,3362.328319318566,3321.8254,3356.0320940410434
2019-12-20 09:00:00,2991,3180.434894026191,3185.7015909958186,3076.9927,3130.030459146127
2019-12-20 10:00:00,3541,3021.694067523746,2935.098722768812,2886.8281,2932.6122600731396
2019-12-20 11:00:00,3102,3319.6005355324783,3367.9531873704973,3139.3274,3241.5521270148065
2019-12-20 12:00:00,3136,2986.1624961499983,3043.146108851893,3016.502,3015.578127812973
2019-12-20 13:00:00,2913,2970.7863311151377,2954.886200773994,2941.009,2951.9226495738453
2019-12-20 14:00:00,2765,2867.4534416128877,2789.3238963798626,2815.3335,2821.8610825450623
2019-12-20 15:00:00,2566,2682.843758669669,2660.1771089171566,2636.9333,2654.221891701394
2019-12-20 16:00:00,2801,2600.8719269917733,2520.3962588598556,2521.506,2541.07009822072
2019-12-20 17:00:00,2694,2768.930681411465,2749.0578755143483,2760.246,2759.6201861064533
2019-12-20 18:00:00,2803,2759.8997986155136,2775.7046775856084,2783.117,2775.459590729968
2019-12-20 19:00:00,2476,2722.974091764818,2720.913280333004,2739.5942,2730.7689621650807
2019-12-20 20:00:00,2431,2382.6450152625152,2368.5151633917817,2323.9487,2349.764409897949
2019-12-20 21:00:00,2145,2021.8301029180675,2200.0405731543065,2057.4773,2084.206316479031
2019-12-20 22:00:00,1732,1919.2706713042626,1964.9463153015126,1966.7,1954.4042222373814
2019-12-20 23:00:00,2223,1732.989942416659,1754.8428908751355,1726.9739,1735.4451467995111
2019-12-21 00:00:00,1595,1637.7116666666664,1629.9567392168303,1657.6492,1645.7416864318116
2019-12-21 01:00:00,830,1026.5501700680272,915.7869790626117,778.7164,874.9424720971128
2019-12-21 02:00:00,951,877.8233673469388,938.1874401060704,952.437,930.2212077226272
2019-12-21 03:00:00,1051,910.7340785405071,954.7951900081357,987.97943,960.3720327133326
2019-12-21 04:00:00,1065,829.0155612244898,834.9501509636502,904.51666,868.2497593458631
2019-12-21 05:00:00,526,819.5268707482993,892.0367079994713,898.54376,877.1627757904582
2019-12-21 06:00:00,833,908.7835714285716,804.022942390882,1076.9493,966.6762988650196
2019-12-21 07:00:00,1722,1705.9115246098438,1737.1308279008567,1765.7356,1743.6283859792377
2019-12-21 08:00:00,2616,2764.9830045351478,2731.530887769055,2696.3818,2722.319391044801
2019-12-21 09:00:00,3632,3494.9835418515227,3358.487426906185,3347.931,3387.3331962909897
2019-12-21 10:00:00,4003,3853.5522077922087,3874.8695470677712,3839.9116,3852.06124926187
2019-12-21 11:00:00,3647,3766.764095458696,3816.540089163912,3797.0696,3794.3608361947145
2019-12-21 12:00:00,3641,3459.161251333867,3473.8663175044785,3505.7874,3486.1505689673986
2019-12-21 13:00:00,3219,3377.341415434747,3373.520061640527,3381.9702,3378.7004766906934
2019-12-21 14:00:00,3055,3006.8976944625592,2964.8843964986186,2959.9026,2972.896816685607
2019-12-21 15:00:00,2648,2810.8055058130144,2783.336889263119,2812.7666,2804.918899550283
2019-12-21 16:00:00,2556,2585.0419315592726,2520.4867613961114,2549.3486,2551.056489645096
2019-12-21 17:00:00,2665,2617.6710277157304,2553.462424286822,2582.9138,2584.2402721803255
2019-12-21 18:00:00,2751,2673.7106894593653,2685.731841701989,2656.8096,2668.2654179465885
2019-12-21 19:00:00,2319,2452.9876232993197,2352.281718036145,2389.8538,2396.2442152166786
2019-12-21 20:00:00,2165,2038.411280209452,2096.48910235318,1920.7631,1994.1066264023766
2019-12-21 21:00:00,1650,1759.1541083278348,1737.2116546914622,1694.4995,1721.3411966141994
2019-12-21 22:00:00,1708,1729.0360705334767,1667.1148698395298,1714.9338,1706.5046540385642
2019-12-21 23:00:00,2303,1996.2758592910852,2025.7407562480068,2020.1688,2015.5885655058669
2019-12-22 00:00:00,1442,1413.2115306122448,1472.389009322009,1350.3125,1396.5563849835635
2019-12-22 01:00:00,961,916.0781344845631,844.5904321298773,850.00555,865.1699187532195
2019-12-22 02:00:00,1158,1038.78537414966,1082.1313344679547,1170.8918,1115.6751000059662
2019-12-22 03:00:00,968,938.4176329622758,1034.6105519492753,954.98395,970.7490201048408
2019-12-22 04:00:00,671,667.8775170068027,621.2199934430423,583.8522,614.2004640382424
2019-12-22 05:00:00,226,455.9310983905757,433.8125121646369,395.1027,419.98724846399847
2019-12-22 06:00:00,644,723.2802040816326,736.24587618692,745.4049,737.5839736804194
2019-12-22 07:00:00,1438,1269.0828911564627,1135.930971014172,1277.2255,1239.8661974762524
2019-12-22 08:00:00,2028,2237.8920748299324,2280.995233487097,2219.5217,2239.48269133707
2019-12-22 09:00:00,3040,3145.02399958299,3199.77762802092,3103.0977,3137.7492350259777
2019-12-22 10:00:00,3716,3649.1800000000003,3657.652257700802,3659.852,3656.6340898158255
2019-12-22 11:00:00,3669,3712.199978354978,3736.476810089881,3742.2524,3733.29541781434
2019-12-22 12:00:00,3592,3588.21941448902,3544.093191450314,3563.2427,3564.6994893754586
2019-12-22 13:00:00,3345,3393.7839440574576,3351.182348012287,3368.8208,3370.651973408061
2019-12-22 14:00:00,3172,3035.2434797741944,3056.4974513477796,3053.372,3049.6212679367436
2019-12-22 15:00:00,2685,2772.9524946200368,2808.5358010576274,2799.206,2794.975101263166
2019-12-22 16:00:00,2523,2519.8187282871895,2452.609044925184,2456.601,2471.4074804124684
2019-12-22 17:00:00,2388,2561.215531342946,2532.0980525466694,2520.81,2533.733425269279
2019-12-22 18:00:00,2640,2652.884559991041,2558.5108855600956,2570.8796,2588.288680723722
2019-12-22 19:00:00,2477,2669.591264019002,2609.1686852816483,2581.1018,2610.2408906454752
2019-12-22 20:00:00,2447,2251.1748000127973,2277.8488201701493,2253.2766,2258.894210709799
2019-12-22 21:00:00,1774,1886.9673585727878,1848.9366497246447,1909.5494,1888.7507213126394
2019-12-22 22:00:00,1838,1731.8466835956349,1709.5009958539467,1742.9719,1731.822881776458
2019-12-22 23:00:00,1894,1811.9311648427488,1803.0429385993023,1871.7411,1839.6140702941066
2019-12-23 00:00:00,1344,1316.0454761904762,1406.9797010955347,1303.0616,1332.287117075409
2019-12-23 01:00:00,852,798.9451360544217,679.1054472076262,604.59247,671.8088799463713
2019-12-23 02:00:00,999,622.3365147243109,699.94789986987,658.76917,659.9556861680765
2019-12-23 03:00:00,853,875.1547763666871,950.182977664364,924.24976,918.4593164374503
2019-12-23 04:00:00,875,781.1871188453557,713.3686917096446,714.7825,731.0301879903126
2019-12-23 05:00:00,770,1013.7538095238094,994.7858966382651,1000.08765,1002.1787497827061
2019-12-23 06:00:00,856,1739.107284282134,1597.4757040937234,1669.679,1668.985224633027
2019-12-23 07:00:00,2150,1624.554642857143,1567.5358216991065,1352.2875,1474.1663539320311
2019-12-23 08:00:00,2777,3042.4013378684804,3128.9348180789875,2945.247,3015.457574143117
2019-12-23 09:00:00,3468,3365.25191180444,3290.9191422175395,3372.7847,3350.43509748987
2019-12-23 10:00:00,3455,3486.204740545946,3470.331742084069,3508.9734,3493.6208149934414
2019-12-23 11:00:00,3335,3205.3268450306955,3197.0079725895066,3124.2668,3162.717127256613
2019-12-23 12:00:00,3087,3151.100162428272,3084.4960443712553,3070.1145,3093.9563026764445
2019-12-23 13:00:00,2935,2905.8717640168456,2951.9157487419184,2895.7927,2912.3432404943787
2019-12-23 14:00:00,2765,2796.093528819045,2805.7590858784547,2785.1665,2793.0464056275
2019-12-23 15:00:00,2688,2600.0539613861406,2540.777232128825,2534.0286,2552.2220806053037
2019-12-23 16:00:00,2631,2501.6699745449646,2566.985477731707,2511.3774,2522.8525837722927
2019-12-23 17:00:00,2807,2576.840902538736,2609.037443815221,2557.2446,2575.091901041614
2019-12-23 18:00:00,2646,2841.0907804006292,2824.1071700556035,2789.324,2810.961474918746
2019-12-23 19:00:00,2672,2634.279413367444,2662.613162526957,2626.4478,2637.447020926725
2019-12-23 20:00:00,2445,2537.230954316259,2482.5883169677986,2488.1663,2499.037947703827
2019-12-23 21:00:00,2157,2034.5609356114774,1955.4215284515046,1990.7871,1992.8891707032456
2019-12-23 22:00:00,2140,1981.3826545175518,1952.3817168779644,1951.8932,1959.3876870871604
2019-12-23 23:00:00,2159,1971.3098846516011,1944.66950591621,1950.8339,1954.4117787942964
2019-12-24 00:00:00,2180,1396.1342857142854,1461.7734391535582,1403.7668,1416.3603540685235
2019-12-24 01:00:00,1029,1087.1767176870749,986.842676801639,1071.6187,1054.3141747940535
2019-12-24 02:00:00,888,823.0280682760908,834.9059481832905,829.943,829.4550006968766
2019-12-24 03:00:00,1059,928.8768707482993,950.844024501278,986.46027,963.160356869035
2019-12-24 04:00:00,990,978.2368210920731,942.131456869168,945.01447,952.5993021563258
2019-12-24 05:00:00,725,1025.1178571428572,1040.3872247172453,1070.8492,1051.800892047057
2019-12-24 06:00:00,597,1645.5876530612247,1583.0529335125775,1444.6501,1529.4852198856381
2019-12-24 07:00:00,1508,1648.0248639455785,1320.1454838597658,1308.4888,1396.286971716961
2019-12-24 08:00:00,2265,2507.858324829932,2600.4495720557325,2659.22,2606.6869595729786
2019-12-24 09:00:00,3917,3146.6574646754257,3239.941463164105,3202.4026,3197.851025905195
2019-12-24 10:00:00,4020,3786.0336601597155,3836.6545961535703,4014.2334,3912.7887632970715
2019-12-24 11:00:00,3952,3656.993056299443,3715.2955131531917,3672.2026,3679.1734607225335
2019-12-24 12:00:00,3924,3615.2038775510205,3631.1639313074415,3554.0852,3588.634554753678
2019-12-24 13:00:00,3762,3594.460578231293,3465.276760694868,3587.1233,3558.495980239353
2019-12-24 14:00:00,3543,3278.385281179138,3184.1365888851587,3310.4504,3270.8556872426366
2019-12-24 15:00:00,3416,2991.5993595896857,3068.3291428482316,2984.059,3007.011666625104
2019-12-24 16:00:00,3394,2943.8894047619046,2925.6580058844615,2850.84,2892.806896606904
2019-12-24 17:00:00,2689,3103.4165221088433,3129.801584334437,2960.5989,3038.6039650873827
2019-12-24 18:00:00,1986,2711.653875054295,2621.4539867659223,2532.6404,2599.597155884742
2019-12-24 19:00:00,1654,2438.5020851818995,2504.70257276905,2412.1628,2441.882585386175
2019-12-24 20:00:00,1540,2190.1992857142855,2315.0470424392984,2171.772,2212.197568366521
2019-12-24 21:00:00,1872,1948.0577210884355,2001.618750671051,2115.624,2045.2311296586217
2019-12-24 22:00:00,1734,1953.2234003298288,1957.9227550311473,1958.456,1957.014566183994
2019-12-24 23:00:00,1475,1889.3888012384439,1881.4691412052107,1868.7446,1877.0868000640387
2019-12-25 00:00:00,1715,1438.1049659863943,1725.8007027119268,1661.5907,1621.771766295674
2019-12-25 01:00:00,1690,1076.010144057623,1168.6142787342833,1052.472,1087.3921286471952
2019-12-25 02:00:00,1013,913.3631320861676,968.3743553836659,962.4046,951.636672892849
2019-12-25 03:00:00,522,937.6775170068025,838.1476495511348,804.1031,846.0078358289375
2019-12-25 04:00:00,839,872.0531383936974,914.9028395185168,964.46326,928.9706228960223
2019-12-25 05:00:00,759,1094.099642857143,1177.9516929132376,1227.5317,1181.77870308322
2019-12-25 06:00:00,815,1490.8798129251702,1572.7888710097072,1318.6484,1425.2413897337194
2019-12-25 07:00:00,703,1316.2657142857142,1319.8440749398453,989.1999,1153.6273923747492
2019-12-25 08:00:00,1526,1884.8581179138323,1302.0430515626524,1506.3972,1549.9239007675587
2019-12-25 09:00:00,2794,2696.005091991342,2664.596748265,2746.7766,2713.538765728148
2019-12-25 10:00:00,3481,3504.8223242630374,3492.535187212771,3585.0007,3541.8397440798894
2019-12-25 11:00:00,3686,3622.504808286951,3491.8063162044477,3593.5574,3575.3564676462875
2019-12-25 12:00:00,3490,3412.2390149136572,3378.208120713015,3405.847,3400.535245820731
2019-12-25 13:00:00,3094,3234.8439181042986,3148.198777206662,3160.5,3176.01067382774
2019-12-25 14:00:00,2935,2904.159122606595,2925.919206696041,2877.2373,2896.138234669409
2019-12-25 15:00:00,2471,2786.914229786039,2752.239239815819,2725.2258,2747.4012824395268
2019-12-25 16:00:00,1949,2499.519594403485,2565.8751187209123,2519.446,2526.0717007420367
2019-12-25 17:00:00,1849,2363.3785256879264,2405.274398733487,2444.5486,2414.437523097541
2019-12-25 18:00:00,1997,2243.3142176870747,2345.671515516623,2260.0618,2277.277317089987
2019-12-25 19:00:00,1979,2205.108860544218,2365.927895758333,2261.5627,2273.54056114595
2019-12-25 20:00:00,1953,2117.789243602203,2237.821194887581,2079.137,2128.4710910677586
2019-12-25 21:00:00,2136,1890.6401182300137,1882.6355591673555,1903.5743,1895.1060897594984
2019-12-25 22:00:00,1735,1850.2642619579765,1853.9957200944923,1868.7748,1860.4523856498358
2019-12-25 23:00:00,1425,1577.3585414165664,1433.9628448119577,1433.8883,1469.7744993891622
2019-12-26 00:00:00,1616,1332.8830952380954,1447.5760454326335,1420.9174,1405.573464366901
2019-12-26 01:00:00,1527,1253.3141705913135,1179.4658696176953,1162.0496,1189.2197903256897
2019-12-26 02:00:00,869,941.0711678004536,877.7944056390054,933.4875,921.4601372563491
2019-12-26 03:00:00,428,544.3840246449456,448.08570959154355,459.02634,477.6306018940832
2019-12-26 04:00:00,826,774.7009947988519,811.7458256898333,800.098,796.6607163526401
2019-12-26 05:00:00,613,1010.0336904761904,1143.056139654408,1134.7368,1105.6408657357747
2019-12-26 06:00:00,715,1395.5666666666666,1386.6227709481645,1370.7319,1380.9133262005828
2019-12-26 07:00:00,618,1486.6708163265307,1287.4578431696448,1267.6951,1327.3796990537314
2019-12-26 08:00:00,1629,1718.7038095238097,1161.665607849311,1553.7234,1496.9540486792177
2019-12-26 09:00:00,2957,2707.0633222093866,2764.1843200348007,2729.239,2732.431417396984
2019-12-26 10:00:00,3645,3524.0777431972792,3491.34191174508,3626.3303,3567.0200748684024
2019-12-26 11:00:00,3909,3604.703479391756,3631.173689722134,3675.2139,3646.5762258722225
2019-12-26 12:00:00,3798,3522.287190909465,3580.283458709774,3645.9597,3598.6225208032474
2019-12-26 13:00:00,3225,3439.5933634033318,3389.6386151036522,3496.0198,3455.3178823220587
2019-12-26 14:00:00,2900,2963.8333126397415,2848.5836784736343,2923.273,2914.740722387719
2019-12-26 15:00:00,2466,2710.488185369639,2660.6789579503497,2670.9937,2678.288612001872
2019-12-26 16:00:00,2066,2363.1447002117006,2269.1238886262486,2230.7751,2273.454720451675
2019-12-26 17:00:00,2134,2234.486701549918,2211.9279028812543,2208.9463,2216.076795639043
2019-12-26 18:00:00,1976,2305.4833108962885,2425.593558149694,2426.5393,2396.038870581808
2019-12-26 19:00:00,1925,2135.564651330202,2289.379836396994,2291.3374,2251.904823103674
2019-12-26 20:00:00,1976,2049.0757474042257,2151.3603557709334,2086.2722,2093.2451341922274
2019-12-26 21:00:00,2065,2000.0067734813226,2032.3929314116397,2069.2544,2042.7271234888656
2019-12-26 22:00:00,2121,1843.4639262024455,1872.5853757139841,1800.3395,1829.1820642486387
2019-12-26 23:00:00,1499,1656.178427206581,1655.7983398637118,1595.1409,1625.5646263378858
2019-12-27 00:00:00,1347,1314.088213285314,1356.3322877909616,1342.3533,1338.7817610112563
2019-12-27 01:00:00,1312,1272.4713821892396,1290.039633399683,1246.8824,1264.0689770417619
2019-12-27 02:00:00,1229,838.4767006802722,792.2238098273708,812.86615,814.1082025780827
2019-12-27 03:00:00,630,745.3770918367348,677.2509931735665,763.9495,737.6317832154659
2019-12-27 04:00:00,586,619.4401995464851,574.3411091549816,553.932,575.4113305933354
2019-12-27 05:00:00,916,752.025102040816,807.369695635936,865.9928,822.8450983449693
2019-12-27 06:00:00,1225,1752.5374752628322,1717.5273111743434,1496.913,1615.9726785428877
2019-12-27 07:00:00,1441,1916.8062022050199,2149.2288394305356,1873.0961,1953.0567950768577
2019-12-27 08:00:00,2510,2361.8084523809525,2387.383182377979,2403.528,2389.0619467756705
2019-12-27 09:00:00,3611,3169.5984252472576,3263.8077679718,3215.0752,3215.8891459610145
2019-12-27 10:00:00,3970,3789.185600074438,3820.878893953864,3789.3767,3797.204477999263
2019-12-27 11:00:00,3963,3740.0651096114834,3782.449334641168,3812.803,3787.030100320975
2019-12-27 12:00:00,3758,3687.6452727055735,3758.893828338418,3721.9773,3722.6234227219356
2019-12-27 13:00:00,3429,3517.255755386067,3470.6973317829434,3460.256,3477.1163235500653
2019-12-27 14:00:00,2965,3088.57030892292,2989.6579253095156,3021.7947,3030.4543974252965
2019-12-27 15:00:00,2658,2689.084515048444,2630.649361615971,2637.1191,2648.493039478604
2019-12-27 16:00:00,2446,2512.114337382265,2488.8428007317357,2451.8062,2476.1423607003753
2019-12-27 17:00:00,2534,2429.545991532585,2455.166769795555,2477.018,2459.6872235351602
2019-12-27 18:00:00,2749,2534.7652153999306,2596.9975441450983,2486.4424,2526.161881292507
2019-12-27 19:00:00,2683,2516.2802767470625,2523.6616426820115,2331.7534,2425.8621888416437
2019-12-27 20:00:00,2325,2337.7760794131977,2352.972296145306,2278.2712,2311.8227140068134
2019-12-27 21:00:00,1856,1931.6148508092276,1922.549847092084,1899.7639,1913.4231324831403
2019-12-27 22:00:00,1466,1801.6063392323952,1857.182466680208,1832.6355,1831.0149505015884
2019-12-27 23:00:00,2236,1636.0734724622114,1792.6247409435662,1799.8859,1757.1174854803508
2019-12-28 00:00:00,1516,1493.942925170068,1597.3028758640019,1452.9309,1499.27690436008
2019-12-28 01:00:00,956,1123.8010064935063,959.5090480061257,931.9366,986.7958058612361
2019-12-28 02:00:00,1212,994.489591321377,1035.0024353120637,1074.9963,1044.8711756036728
2019-12-28 03:00:00,1024,860.2319844880991,991.3265311684842,890.72906,908.2541613848489
2019-12-28 04:00:00,683,778.1348277590046,708.8884754181872,648.50726,696.0094573860948
2019-12-28 05:00:00,175,533.7544607843138,495.97699860928253,404.99692,459.93132371070374
2019-12-28 06:00:00,850,781.7415986394557,768.8461018897656,747.4643,761.3790723491022
2019-12-28 07:00:00,1437,1454.0882406443732,1506.6528899176758,1444.8245,1462.5975140858247
2019-12-28 08:00:00,1990,2313.8218367346944,2478.7781510446675,2336.4482,2366.3741180385905
2019-12-28 09:00:00,3052,3165.8784137291286,3235.824281742382,3198.3823,3199.616835977253
2019-12-28 10:00:00,3451,3690.634058956916,3741.2955567288527,3753.159,3734.5618716948798
2019-12-28 11:00:00,3536,3648.4202597402596,3673.6074098435843,3649.189,3655.101399817836
2019-12-28 12:00:00,3285,3398.5625593746267,3479.2356495762374,3443.0125,3440.9557778236535
2019-12-28 13:00:00,3079,3118.9049349722673,3134.9065964197903,3143.8691,3135.3874531605143
2019-12-28 14:00:00,2874,2878.8515537746025,2944.6903679646375,2922.0151,2916.8930487941852
2019-12-28 15:00:00,2569,2682.875333672225,2702.3111656742262,2695.5684,2694.080804524113
2019-12-28 16:00:00,2330,2472.0281616626216,2448.56007130296,2423.8257,2442.0599000382704
2019-12-28 17:00:00,2554,2467.461070003136,2431.685507841335,2418.1025,2433.8379139923677
2019-12-28 18:00:00,2594,2628.8704673945876,2668.8675983027515,2644.0156,2646.442328924335
2019-12-28 19:00:00,2246,2437.9467077151508,2453.251562930822,2433.0435,2439.3212961771183
2019-12-28 20:00:00,2024,2020.2263723296337,2069.110048464907,2042.8219,2043.7450549056664
2019-12-28 21:00:00,1709,1705.4117489653204,1649.7107141563997,1677.8556,1677.7084111905863
2019-12-28 22:00:00,1993,1619.1836245790182,1557.2265042444621,1612.1942,1600.199639139464
2019-12-28 23:00:00,2084,1908.073807462379,1979.2407053641498,2037.7728,1990.715041780851
2019-12-29 00:00:00,1312,1346.1862585034014,1421.9637643076205,1302.9226,1343.498809413693
2019-12-29 01:00:00,1123,988.103009715848,900.7675716253881,943.17285,943.804071116559
2019-12-29 02:00:00,1197,1145.4844991062116,1060.624987412864,1164.4508,1133.7527744618
2019-12-29 03:00:00,1027,920.142542517007,895.1548120169368,939.2375,923.4430825299703
2019-12-29 04:00:00,637,636.7656331560652,638.9586671781614,615.34985,626.6060018413691
2019-12-29 05:00:00,188,484.89596233615407,372.2497415551987,392.8354,410.70412006463505
2019-12-29 06:00:00,740,651.9897062461348,532.3594943462758,629.74713,610.9608658219308
2019-12-29 07:00:00,1201,1257.597380952381,1297.6943784326577,1317.9785,1297.8121976587597
2019-12-29 08:00:00,1572,1878.6192731815174,1889.7479855075815,1845.2478,1864.7157160394622
2019-12-29 09:00:00,2627,2733.5835544217684,2594.0968771268163,2770.3984,2717.119326637146
2019-12-29 10:00:00,3259,3432.506215456449,3531.1099801161313,3540.485,3511.1466026040825
2019-12-29 11:00:00,3481,3515.608983280059,3621.4969383451075,3630.949,3599.7509677109792
2019-12-29 12:00:00,3462,3423.3184863945576,3495.7486850093446,3507.976,3483.7548299603504
2019-12-29 13:00:00,3384,3290.393389790293,3273.0061463176453,3316.1582,3298.9289855894845
2019-12-29 14:00:00,3011,3031.3196801788436,3040.337864646893,3103.0732,3069.4510073001843
2019-12-29 15:00:00,2623,2680.0432287987096,2631.195436331635,2635.512,2645.5656477278985
2019-12-29 16:00:00,2519,2417.519579458829,2399.4126067527905,2455.0166,2431.741347334155
2019-12-29 17:00:00,2357,2567.305566369633,2524.786128604694,2561.5823,2553.8140614388944
2019-12-29 18:00:00,2328,2588.7323641145044,2583.159054491133,2583.5168,2584.731277502972
2019-12-29 19:00:00,2270,2466.5229161551297,2343.4574434823144,2374.0674,2389.528781315611
2019-12-29 20:00:00,2554,2120.619324755543,2114.4200586260117,2143.9492,2130.7344552203886
2019-12-29 21:00:00,1740,1842.3843091334895,1991.2427382142164,1974.3273,1945.5703970908328
2019-12-29 22:00:00,1857,1667.417732426304,1784.4824752022919,1678.9901,1702.4701080594928
2019-12-29 23:00:00,2234,1708.2970263863124,1839.2192731700989,1868.9166,1821.3373878773841
2019-12-30 00:00:00,1312,1238.3335034013605,1365.677057161195,1253.5188,1277.7620395547015
2019-12-30 01:00:00,1167,830.1198155019583,812.2845490847606,757.3033,789.2527329923828
2019-12-30 02:00:00,1062,963.5682529375385,1019.8186287641735,1077.5939,1034.6436564605842
2019-12-30 03:00:00,970,740.1408900226758,764.0224313636755,754.22327,753.1524636473691
2019-12-30 04:00:00,959,673.257885229595,686.3150531976219,711.4761,695.6312717161792
2019-12-30 05:00:00,241,905.523350340136,712.4274684986848,845.0216,826.9985079323615
2019-12-30 06:00:00,1234,1148.3600226757371,863.1480725525792,973.8113,989.7826634555165
2019-12-30 07:00:00,1968,2199.7984106369818,2135.2330014482045,2174.6096,2171.0626625916093
2019-12-30 08:00:00,2316,2921.1019780219785,2825.3966000912997,2925.416,2899.3326523408195
2019-12-30 09:00:00,3174,3103.1885689033184,2929.435404956435,2882.4717,2949.3918333086885
2019-12-30 10:00:00,3380,3308.409009240857,3363.3646850538653,3424.541,3380.213931386181
2019-12-30 11:00:00,3219,3355.859428056713,3374.632632795182,3375.4272,3370.3366382598488
2019-12-30 12:00:00,3076,3066.20799237091,3072.3393234429095,3059.377,3064.325305515955
2019-12-30 13:00:00,2810,2951.1527928453993,2996.027891069304,2939.5508,2956.5705616036757
2019-12-30 14:00:00,2520,2750.5661524370635,2722.723229151922,2749.4844,2743.0645328972464
2019-12-30 15:00:00,2465,2444.5708780871682,2464.86833325974,2492.358,2473.538757914852
2019-12-30 16:00:00,2213,2457.723862074351,2482.842493592765,2486.5125,2478.3978145027168
2019-12-30 17:00:00,2368,2412.791390403007,2400.451728057022,2482.5654,2444.593494458757
2019-12-30 18:00:00,2361,2548.6157231844722,2541.508373718478,2542.625,2543.8435242257374
2019-12-30 19:00:00,2226,2447.4237317870407,2432.048658538536,2461.2114,2450.473810472019
2019-12-30 20:00:00,2294,2273.348689556904,2293.3393962655073,2270.0227,2276.683373994665
2019-12-30 21:00:00,1850,1956.15923416073,1928.694692720666,1949.9232,1946.1750906070677
2019-12-30 22:00:00,2108,1778.6456655030431,1832.7189618490502,1813.5262,1809.6042793966171
2019-12-30 23:00:00,2131,1947.6514188788149,2017.3769792294104,2032.1162,2007.3152049958062
2019-12-31 00:00:00,1212,1409.1471258503402,1764.2483489218996,1575.3639,1581.0308144938413
2019-12-31 01:00:00,1359,918.7494304505019,903.2635949735474,894.4053,902.7058930747623
2019-12-31 02:00:00,1092,1080.600069573284,1095.3094257168862,1148.6332,1118.2939631780114
2019-12-31 03:00:00,942,788.5309410913272,816.6825584176887,829.6313,816.1190181878009
2019-12-31 04:00:00,726,802.8019940460541,763.4332477356953,753.27966,768.198641988406
2019-12-31 05:00:00,267,629.8820810142238,564.1214305779117,546.63324,571.8174977710808
2019-12-31 06:00:00,887,1144.3513605442179,947.4146580120486,867.2915,956.5872565921916
2019-12-31 07:00:00,1374,1864.9635239885429,1819.0077722142503,1896.3253,1869.1554827421046
2019-12-31 08:00:00,2035,2319.828495670996,2245.2505995579368,2265.6553,2274.097410525983
2019-12-31 09:00:00,3244,3086.999870129869,3145.563037548297,3184.3547,3150.318095083604
2019-12-31 10:00:00,3667,3419.084556903535,3582.5709243107103,3488.511,3494.669363467624
2019-12-31 11:00:00,3670,3560.591462585034,3690.9576865020103,3629.3225,3627.5485421545736
2019-12-31 12:00:00,3574,3459.0195858139737,3502.8111882446406,3555.5093,3518.2123321865283
2019-12-31 13:00:00,3329,3310.2911151647595,3364.4801321590344,3292.8657,3315.1256731590734
2019-12-31 14:00:00,3183,3051.26794672219,3102.3070947902875,3086.999,3081.8932720968696
2019-12-31 15:00:00,3086,2912.7661733361756,2936.4163402906406,2977.749,2951.170140125454
2019-12-31 16:00:00,3235,2742.390150941253,2912.3220325459265,2856.8196,2842.0878359108574
2019-12-31 17:00:00,3465,2868.8436837765403,3043.963558173865,2940.7163,2948.5599647844765
2019-12-31 18:00:00,3116,2882.2416666666663,2821.624799821817,2700.8816,2776.4074125205584
2019-12-31 19:00:00,2370,2547.1286394557824,2327.3842585001807,2510.3884,2473.8224383561783
2019-12-31 20:00:00,1704,2090.252278911564,1917.2376541362096,2090.3538,2047.049363144756
2019-12-31 21:00:00,1358,1772.4371503668367,1750.2154232000628,1778.5966,1769.9614222003186
2019-12-31 22:00:00,1578,1795.6003188322088,1849.0202977528775,1895.141,1858.7256497517403
2019-12-31 23:00:00,1750,1814.5902436572114,1790.9299900393644,1886.9171,1844.8386155530502
2020-01-01 00:00:00,1353,1235.4080844155844,1334.3987617036355,1310.0399,1297.4716700258987
2020-01-01 01:00:00,1495,1247.6636116264688,1141.5153567359187,1205.6034,1200.0964388679406
2020-01-01 02:00:00,1807,1174.82643757503,1122.734154887689,1151.0603,1149.9202994828672
2020-01-01 03:00:00,1121,1105.9799999999998,1087.9369009664965,1043.6671,1070.3127823705304
2020-01-01 04:00:00,869,676.6037831216404,739.0063356304056,739.2572,723.5311307622303
2020-01-01 05:00:00,910,792.9458019320581,765.2542734109592,773.9914,776.5457158572387
2020-01-01 06:00:00,677,1496.118848537044,1280.7657146955505,1232.4352,1310.43873114018
2020-01-01 07:00:00,427,1388.7005782312924,981.6088755491448,914.00604,1049.5803846853437
2020-01-01 08:00:00,858,1562.2948072562358,1612.5412838531956,1906.807,1747.1125261953266
2020-01-01 09:00:00,1952,1928.2730952380953,1993.3970723301302,2070.8584,2015.8467411108063
2020-01-01 10:00:00,2196,3058.9483106575963,3129.8104726026377,3010.7954,3052.5874008931833
2020-01-01 11:00:00,2685,3115.059054638965,3128.0800689692187,3126.1492,3123.8593658629834
2020-01-01 12:00:00,2913,2840.120551929274,2929.3241111261223,2963.597,2924.1596276779114
2020-01-01 13:00:00,2959,2883.943901943889,2972.9452605296337,2972.3464,2950.395508391818
2020-01-01 14:00:00,2727,2815.557419237038,2861.65926062876,2921.8032,2880.2057812945745
2020-01-01 15:00:00,2505,2598.127297167678,2654.5012719134666,2651.005,2638.6595836765364
2020-01-01 16:00:00,2328,2457.269456692994,2468.8177586522484,2510.1353,2486.5894307894355
2020-01-01 17:00:00,2463,2546.8940765875727,2445.9079940824217,2277.8606,2387.130815519061
2020-01-01 18:00:00,2392,2596.265964437348,2542.0526864335807,2531.3645,2550.261913694295
2020-01-01 19:00:00,2310,2398.8209782082326,2322.2458132719253,2347.5798,2354.056614862227
2020-01-01 20:00:00,2235,2047.4733487940634,1987.5568810146995,2080.6584,2049.086781085003
2020-01-01 21:00:00,1960,1877.0860313735425,1886.041131607631,1836.4634,1859.0134801984184
2020-01-01 22:00:00,1848,1746.732055296055,1757.6634864432244,1793.896,1773.0468834816947
2020-01-01 23:00:00,1257,1692.3143990929707,1664.796634528693,1728.8901,1703.7228267647909
2020-01-02 00:00:00,1295,1215.547993197279,1120.1942293002433,1238.7881,1203.3295985931306
2020-01-02 01:00:00,1216,1247.1074319727893,1301.6317098011336,1314.3068,1294.338166791137
2020-01-02 02:00:00,944,1003.46268707483,968.8041257417622,975.6497,980.8915628232887
2020-01-02 03:00:00,598,640.2021968558589,679.0252643857413,681.877,670.7453723904782
2020-01-02 04:00:00,457,675.213140589569,729.4922448353395,693.3333,697.8430028503677
2020-01-02 05:00:00,1097,725.6841479155765,657.9482457128701,819.92096,755.8685781434398
2020-01-02 06:00:00,1385,1665.954909297052,1672.3149499433348,1433.6954,1551.415182095253
2020-01-02 07:00:00,1623,1944.8323469387758,1797.8561451105031,1768.992,1820.1680946920073
2020-01-02 08:00:00,2308,2174.9957943583818,1685.938510522156,1797.8718,1864.169489306072
2020-01-02 09:00:00,2877,2929.465666666667,2844.0031703586537,2753.2405,2819.9874485141427
2020-01-02 10:00:00,3194,3167.735464285714,3246.0789281304333,3358.6843,3282.795761189974
2020-01-02 11:00:00,3294,3149.3584321252597,3215.2184103819077,3190.1284,3186.208419611167
2020-01-02 12:00:00,3177,3112.56410428369,3219.944625971921,3206.5125,3186.3834081498403
2020-01-02 13:00:00,3056,3007.7771691787993,3001.0051819501123,3018.0046,3011.1979071181654
2020-01-02 14:00:00,2846,2883.579295819699,2872.0622438225687,2886.0251,2881.9229581527543
2020-01-02 15:00:00,2626,2625.665797125088,2653.9767451389407,2658.6387,2649.229971503507
2020-01-02 16:00:00,2412,2468.4980643712197,2354.4810321943046,2485.565,2448.527244844506
2020-01-02 17:00:00,2383,2492.881002404969,2381.103714873326,2505.0835,2471.037927366449
2020-01-02 18:00:00,2610,2476.0801005230037,2379.5134900905373,2482.4575,2455.1271574190105
2020-01-02 19:00:00,2658,2458.2002708683613,2359.021107745103,2376.4783,2392.5444803955534
2020-01-02 20:00:00,2376,2377.813706532259,2290.323583044616,2359.22,2346.644307745781
2020-01-02 21:00:00,1969,1997.074807701277,2008.2396603152088,2042.6251,2022.6411780392777
2020-01-02 22:00:00,2172,1887.3104995534893,1931.390615519411,1903.8877,1906.619126424475
2020-01-02 23:00:00,2109,1742.734361575282,1657.4021688398095,1710.2499,1705.1590715686166
2020-01-03 00:00:00,1297,1305.713605442177,1374.8488927522176,1317.114,1328.6976313845362
2020-01-03 01:00:00,792,1123.729244004171,1093.4964685783302,1063.9595,1086.2861644737504
2020-01-03 02:00:00,1061,920.4358503401361,963.5856028648017,983.37805,962.6943891801407
2020-01-03 03:00:00,939,774.4629014636158,920.8146137444314,838.3889,843.0138368098243
2020-01-03 04:00:00,672,664.3790661407526,551.9167048468526,619.6726,613.9102464578388
2020-01-03 05:00:00,494,1013.7459140066281,807.6378620249162,837.37415,874.0330167617924
2020-01-03 06:00:00,1125,1313.2061054421767,1160.0176958203122,1229.7317,1233.1717950421848
2020-01-03 07:00:00,1899,1791.432619047619,1726.478595109519,1618.216,1688.5857747306907
2020-01-03 08:00:00,2356,2804.5170861678007,2611.947555824873,2637.8052,2673.0187483887935
2020-01-03 09:00:00,3351,3135.656338087042,3116.8440319149836,3061.3018,3093.7759714067565
2020-01-03 10:00:00,3639,3411.0252427334567,3473.9407549145885,3407.5974,3425.040205466699
2020-01-03 11:00:00,3439,3473.984384139245,3571.3523169357422,3554.9478,3538.8080522218715
2020-01-03 12:00:00,3367,3280.2494968615656,3374.459965290893,3311.7375,3319.5461399521773
2020-01-03 13:00:00,3240,3209.3039808446747,3192.286575088695,3203.1821,3201.9887034364674
2020-01-03 14:00:00,2838,3016.9430599967955,2963.3964498668324,3019.9534,3005.0615620362196
2020-01-03 15:00:00,2674,2689.0469810845348,2630.3731102305583,2697.0154,2678.3627132584606
2020-01-03 16:00:00,2453,2538.2189056451875,2503.711826669517,2546.5757,2533.770524875551
2020-01-03 17:00:00,2550,2521.2753514340466,2497.716525843517,2499.0098,2504.252852131891
2020-01-03 18:00:00,2690,2658.2884387897216,2669.026055256844,2623.9011,2643.7791850350786
2020-01-03 19:00:00,2506,2682.7027960936416,2630.299682004206,2616.61,2636.5556732353994
2020-01-03 20:00:00,1996,2302.088788855582,2263.89652222302,2253.1995,2268.096059214963
2020-01-03 21:00:00,1679,1853.8799107142856,1807.8871859551334,1786.289,1808.5862443821984
2020-01-03 22:00:00,1810,1729.0000584336299,1724.2878946057244,1802.9387,1764.7913486114012
2020-01-03 23:00:00,2189,1862.988614718615,1970.118106455856,1937.7008,1927.127083125649
2020-01-04 00:00:00,1571,1363.840009276438,1425.9176015413482,1271.0837,1332.981272821634
2020-01-04 01:00:00,898,959.2640822272964,861.471677915644,808.01086,859.1893721646413
2020-01-04 02:00:00,1141,1011.19193877551,1084.859816293294,1092.652,1070.3389275367322
2020-01-04 03:00:00,974,965.237741005493,1011.0672202917231,1008.53796,998.3452222578978
2020-01-04 04:00:00,902,619.4564223604602,594.0539110072974,586.3068,596.5309952071738
2020-01-04 05:00:00,323,642.9367006802721,523.3776177837807,598.85175,591.0044524187476
2020-01-04 06:00:00,762,747.7839040783778,773.650617668323,727.3502,744.0337402999564
2020-01-04 07:00:00,1518,1436.7186258503402,1465.682835187812,1456.1646,1453.6826406501632
2020-01-04 08:00:00,1951,2232.8160629251697,2092.4176572914607,2138.1924,2150.4046214604077
2020-01-04 09:00:00,3029,2996.7323572907426,2959.8984241882295,2983.9468,2981.131084041618
2020-01-04 10:00:00,3471,3609.446054421769,3523.429233991721,3590.305,3578.371287923685
2020-01-04 11:00:00,3477,3557.439223356009,3546.0655343699677,3610.673,3581.2127372830564
2020-01-04 12:00:00,3363,3333.9815945899586,3305.164485090074,3379.9648,3349.7689417950082
2020-01-04 13:00:00,3160,3161.834940362463,3156.994587514059,3142.6216,3151.0181729847554
2020-01-04 14:00:00,2946,2917.3890213576774,2926.0837562849238,2899.3855,2910.5609434340877
2020-01-04 15:00:00,2778,2721.793955190155,2695.869742462005,2693.1033,2700.9675601552276
2020-01-04 16:00:00,2749,2572.1137575726734,2539.867365179299,2590.6008,2573.2956957270558
2020-01-04 17:00:00,2700,2734.2879570279374,2689.5828395256563,2738.0173,2724.976366130586
2020-01-04 18:00:00,2638,2672.8442852908847,2673.4983032033188,2669.194,2671.1826930219886
2020-01-04 19:00:00,2541,2423.114494501358,2416.678350745106,2435.4268,2427.661590217866
2020-01-04 20:00:00,2175,2097.576239530414,2124.838421785821,2171.6128,2141.410061813434
2020-01-04 21:00:00,1709,1708.2739145223304,1689.9453439245215,1750.5114,1724.8104908812443
2020-01-04 22:00:00,1712,1729.2948434426899,1780.0767048403259,1781.6095,1768.1476356059102
2020-01-04 23:00:00,2117,1880.5800266003835,1955.112126542941,2039.1259,1978.4859655319249
2020-01-05 00:00:00,1962,1320.6836904761906,1461.567315199492,1238.4634,1314.7944408720457
2020-01-05 01:00:00,1044,1087.3329591836737,1034.795634027422,1025.324,1043.1941356074615
2020-01-05 02:00:00,1161,1074.206670308026,1046.9028847671157,1100.5295,1080.5421592765979
2020-01-05 03:00:00,1107,1036.2331691767617,1010.8946530709055,1051.1097,1037.3368261673854
2020-01-05 04:00:00,1017,766.1595454545454,694.0289909161031,746.1257,738.1099697860216
2020-01-05 05:00:00,496,695.3568253968255,613.2037583397739,628.50256,641.3914276724311
2020-01-05 06:00:00,516,608.4796598639456,576.3758792832081,592.8434,592.6355766813197
2020-01-05 07:00:00,1322,1247.6706338899198,1098.5220764685444,1161.9204,1167.508382667741
2020-01-05 08:00:00,1876,1921.3255072463764,1962.798569645787,1977.8184,1959.9401989105409
2020-01-05 09:00:00,2640,2868.3166276283237,2811.318194239294,2846.8657,2843.3415667950294
2020-01-05 10:00:00,3423,3397.296821475568,3359.1091692264495,3465.1082,3421.6555748239416
2020-01-05 11:00:00,3654,3612.187879818595,3513.3005676507555,3531.8147,3547.27946050015
2020-01-05 12:00:00,3664,3576.452000384593,3544.5816524008214,3512.2012,3536.3589991338536
2020-01-05 13:00:00,3322,3431.259876373721,3431.5049367439688,3447.6772,3439.5298263262976
2020-01-05 14:00:00,3138,2995.758341609883,3015.0486502931126,3030.541,3017.9722557882487
2020-01-05 15:00:00,2856,2736.6032344198748,2762.917967738831,2774.2515,2762.0060329615517
2020-01-05 16:00:00,2744,2639.8179874705493,2631.5748854095054,2664.5503,2650.1233647043887
2020-01-05 17:00:00,2869,2695.4803089595084,2699.5110927614446,2717.128,2707.311815273988
2020-01-05 18:00:00,2835,2878.4674330770836,2786.3470841683293,2822.5398,2827.473526772291
2020-01-05 19:00:00,2840,2695.6236215366644,2735.4721763311086,2689.6414,2702.5946281778806
2020-01-05 20:00:00,2597,2525.1900491065203,2590.0567470275428,2614.0952,2585.8593064553907
2020-01-05 21:00:00,1971,1917.5289541096342,2035.4667920089269,2034.5411,2005.5195053772966
2020-01-05 22:00:00,1864,1837.616268969126,1838.5497386903482,1820.3324,1829.2077006453374
2020-01-05 23:00:00,1731,1878.396959790948,2005.6176962408506,1984.5979,1963.3026142032622
2020-01-06 00:00:00,1681,1494.5902937538651,1487.2027775379556,1570.7466,1530.8215588385801
2020-01-06 01:00:00,943,1080.9579654690158,1115.8460014475,1059.594,1078.9979887994414
2020-01-06 02:00:00,412,831.5797109239967,824.6394543973345,708.9746,768.5420960178328
2020-01-06 03:00:00,750,797.777791502566,847.9500229134547,792.4202,807.6420671293959
2020-01-06 04:00:00,1081,827.5401623376622,915.1833712395884,882.8443,877.1030330525158
2020-01-06 05:00:00,1596,1040.1070691609978,1114.1363327636875,1117.4717,1097.2966903249212
2020-01-06 06:00:00,2394,2069.5762074829927,2116.476884275788,2007.2399,2050.1332070217263
2020-01-06 07:00:00,2503,2996.686017387568,2517.4725920420165,2742.9229,2750.0010781386463
2020-01-06 08:00:00,2173,2876.0914058956914,2510.92797121446,2636.5596,2665.034629433788
2020-01-06 09:00:00,3232,2909.8134914118905,2536.337844307855,2621.688,2672.3818280705614
2020-01-06 10:00:00,3175,3383.8400181427414,3401.367363207359,3430.9685,3411.7860982672128
2020-01-06 11:00:00,3055,3176.7771312601,3186.0187995072138,3172.8481,3177.1230549574534
2020-01-06 12:00:00,3062,2969.3368146921584,3043.313765131029,2997.6404,3001.9828353854846
2020-01-06 13:00:00,2909,2937.532195641401,2988.010592244159,2986.1553,2974.4633336901397
2020-01-06 14:00:00,2757,2826.337455230318,2809.7207630412604,2805.8894,2811.959256716332
2020-01-06 15:00:00,2604,2628.458624296103,2659.4115595701855,2625.9102,2634.9226240915723
2020-01-06 16:00:00,2451,2482.421542088413,2477.28753164009,2548.7356,2514.2950662836884
2020-01-06 17:00:00,2526,2544.354084333816,2549.392434713928,2560.1074,2553.4903406994363
2020-01-06 18:00:00,2805,2684.258075840413,2662.0536084110386,2664.5305,2668.8431798519255
2020-01-06 19:00:00,3056,2793.5599435182517,2826.8807311062824,2754.5361,2782.3782350623833
2020-01-06 20:00:00,3061,2644.4147393745734,2751.4343106231568,2634.4072,2666.1658757806827
2020-01-06 21:00:00,2335,2228.7983082706764,2285.6457088181014,2244.159,2250.690472045632
2020-01-06 22:00:00,2116,2095.8564666048237,2077.0353044357325,2095.1072,2090.7765316273267
2020-01-06 23:00:00,1650,1874.6919494232475,1873.755283289802,1926.9232,1900.5734170649812
2020-01-07 00:00:00,1650,1511.41462585034,1536.417479902965,1613.795,1568.8555484109825
2020-01-07 01:00:00,1271,1185.2459637365914,1272.026466565455,1234.3973,1231.5167770091052
2020-01-07 02:00:00,675,725.6291340194614,708.0987809993097,638.36566,677.6148095652396
2020-01-07 03:00:00,670,778.6570237698809,760.3331944473629,701.1643,735.3297078746234
2020-01-07 04:00:00,1051,908.5516805813235,882.6196939053655,951.9441,923.7648895201097
2020-01-07 05:00:00,1306,1123.0817346938775,1410.6508971379226,1270.021,1268.443656004825
2020-01-07 06:00:00,2103,2125.3454254899457,2013.1011776912476,1940.053,2004.6381400531109
2020-01-07 07:00:00,3193,2794.1372418058136,3078.3278854137416,2829.144,2882.688303289264
2020-01-07 08:00:00,3002,3112.758673469388,3194.5322687952926,3129.5283,3141.58689572242
2020-01-07 09:00:00,2962,3114.9335415408377,3012.31406348004,3098.3206,3080.972179575532
2020-01-07 10:00:00,2993,2979.4858925351878,2920.5541197682105,2919.6309,2934.8254327633495
2020-01-07 11:00:00,2859,2870.184569362035,2939.059915587581,2975.4705,2940.0463507295917
2020-01-07 12:00:00,2798,2765.888712807734,2817.9366944861617,2793.0967,2792.504691667224
2020-01-07 13:00:00,2785,2732.7518463341416,2784.3619992334075,2790.598,2774.5774115872
2020-01-07 14:00:00,2508,2713.8168149912876,2756.652494316997,2732.5325,2733.8835626786336
2020-01-07 15:00:00,2357,2434.6550294043964,2549.722498229354,2515.285,2503.7368379631253
2020-01-07 16:00:00,2290,2433.2808089086093,2505.2524604960904,2473.287,2471.276872038675
2020-01-07 17:00:00,2467,2504.1562134103187,2592.5439144551065,2577.3518,2562.8509352866686
2020-01-07 18:00:00,2773,2707.1657173577155,2767.716301321037,2809.466,2773.4535368962506
2020-01-07 19:00:00,3109,2882.920999899725,2866.99166978484,2853.8445,2864.400408632079
2020-01-07 20:00:00,2701,2801.374078200277,2450.728105675812,2678.5388,2652.29495514871
2020-01-07 21:00:00,2250,2214.7534499285607,1995.6037591104318,2131.7966,2118.487617689436
2020-01-07 22:00:00,2008,2004.553399934732,2019.3796020693114,1985.5928,1998.7796372197608
2020-01-07 23:00:00,1722,1766.2407583215816,1753.748353879635,1799.8444,1779.9194582260855
2020-01-08 00:00:00,1561,1543.6475396825397,1577.4175054473415,1576.7268,1568.6296646027827
2020-01-08 01:00:00,1225,1198.3457705113258,1257.755130021185,1231.7943,1229.9223808948464
2020-01-08 02:00:00,554,933.3631746031746,1079.6440158468113,858.0131,932.2583588917934
2020-01-08 03:00:00,842,754.1006906421104,793.3551965575659,704.4422,739.0850716534347
2020-01-08 04:00:00,1137,1025.557132034632,1046.6380874942943,1021.66437,1028.8809887201223
2020-01-08 05:00:00,1374,1231.7442020592023,1261.7530454501123,1247.1123,1246.9304642210786
2020-01-08 06:00:00,2072,2018.1497217068647,1943.6951060330794,1806.129,1893.5257210951422
2020-01-08 07:00:00,3081,2956.800018007203,3363.1596581199824,3177.1958,3168.5878194224215
2020-01-08 08:00:00,2830,3189.001371882086,3192.0341950525876,3200.0422,3195.280009897731
2020-01-08 09:00:00,2992,2905.2950649998984,2789.3325548670687,2894.501,2870.907393247992
2020-01-08 10:00:00,2900,2853.9695353229013,2876.042960904029,2894.61,2879.80817776767
2020-01-08 11:00:00,2646,2747.7034128697246,2817.009162686179,2735.1248,2758.740521818663
2020-01-08 12:00:00,2618,2659.746607870666,2698.7054955161466,2676.304,2677.765003385766
2020-01-08 13:00:00,2591,2632.068823187335,2652.6126712465793,2631.4875,2636.914148022541
2020-01-08 14:00:00,2575,2543.4497269576095,2596.9959008481032,2597.549,2583.885943084241
2020-01-08 15:00:00,2419,2492.5349450326594,2489.794767586674,2511.497,2501.3309633110835
2020-01-08 16:00:00,2455,2413.8839273777076,2326.6231669928466,2408.0146,2389.1340978113885
2020-01-08 17:00:00,2673,2558.7094023100676,2558.45811850333,2585.828,2572.2058206330366
2020-01-08 18:00:00,2795,2759.324716807563,2770.5314566286515,2779.5774,2772.2527396481164
2020-01-08 19:00:00,2914,2867.7077926193606,2864.1222247947126,2861.1514,2863.5331879472683
2020-01-08 20:00:00,2692,2703.294527360475,2673.9999425578567,2649.2976,2668.9724211905204
2020-01-08 21:00:00,2138,2202.3482310526624,2209.443870504339,2215.6147,2210.7553984361252
2020-01-08 22:00:00,1906,1965.9475869636904,2005.8104656141095,2003.0156,1994.4473256444498
2020-01-08 23:00:00,1610,1715.4667165532878,1671.7853259136173,1715.7876,1704.7068094448514
2020-01-09 00:00:00,1484,1352.5368587434973,1406.3731222926363,1490.4481,1434.951555317627
2020-01-09 01:00:00,1185,1143.7576453647155,1138.5666738886714,1178.5566,1159.8594001258466
2020-01-09 02:00:00,560,740.1686549165121,697.2900965850546,654.059,686.3941983734385
2020-01-09 03:00:00,665,678.3728190063904,610.275817814832,700.2272,672.2757456310868
2020-01-09 04:00:00,766,858.3141732077447,920.8181465754235,968.08923,928.8276966450107
2020-01-09 05:00:00,1061,1101.6646935121935,1127.4122760713558,1068.4719,1091.50520430995
2020-01-09 06:00:00,2257,1982.495416065416,1892.1400757891954,1917.1642,1927.240965248809
2020-01-09 07:00:00,3213,3093.614233749055,3199.026067021527,3189.6196,3167.9698896457703
2020-01-09 08:00:00,3086,3168.114329004329,3144.024104083546,3111.134,3133.6016248735314
2020-01-09 09:00:00,3096,3084.64441139362,3031.1206632086155,3052.56,3055.221297947434
2020-01-09 10:00:00,3038,2984.770951794842,2936.941482929425,3004.5308,2982.693489540442
2020-01-09 11:00:00,2806,2879.8051624593095,2903.4285534614005,2922.705,2907.1609680426773
2020-01-09 12:00:00,2825,2717.95549824562,2745.0949610973844,2745.9019,2738.7135425701263
2020-01-09 13:00:00,2764,2749.031300700435,2769.0741988301174,2781.2834,2770.1680985154508
2020-01-09 14:00:00,2976,2688.9803562311577,2693.9930160791596,2771.7798,2731.633235655704
2020-01-09 15:00:00,2794,2641.692127648449,2683.9473512109043,2727.3755,2695.0976138554634
2020-01-09 16:00:00,1915,2600.499264045319,2580.629987057681,2643.2056,2616.885095978875
2020-01-09 17:00:00,2326,2420.300975363293,2352.7586477040154,2534.591,2460.5604379933898
2020-01-09 18:00:00,2661,2739.28858668831,2708.387723598909,2744.6663,2734.2522074546173
2020-01-09 19:00:00,2712,2814.452926508952,2824.4706019622063,2867.3552,2843.408494422477
2020-01-09 20:00:00,2637,2554.2064851114847,2524.541583804209,2601.3596,2570.366826799236
2020-01-09 21:00:00,2634,2169.6862541978458,2186.559762484911,2287.7795,2232.9512746785017
2020-01-09 22:00:00,2913,2140.709560301854,2128.0644949042626,2160.8357,2147.6113604812167
2020-01-09 23:00:00,2340,2066.3941228070175,2084.3196160906114,1959.0894,2017.2231124587822
2020-01-10 00:00:00,1929,1491.4026020408164,1544.7367749360787,1552.2112,1535.1404350645362
2020-01-10 01:00:00,1568,1288.183299319728,1287.1376351904357,1254.4302,1271.045321518166
2020-01-10 02:00:00,808,887.2310090702949,1018.8205865171147,1023.8214,988.4236044632587
2020-01-10 03:00:00,819,883.9497278911564,894.382019514287,910.3656,899.7657371443296
2020-01-10 04:00:00,1136,915.0896978021976,949.0236555644952,1134.0118,1033.0342587518294
2020-01-10 05:00:00,1760,1109.3635034013605,1321.6713274514261,1224.064,1219.7906901350716
2020-01-10 06:00:00,2578,2278.312683982684,2275.689228429672,2543.3572,2410.1790669702764
2020-01-10 07:00:00,3158,3187.8473152508864,3132.8599990529992,3272.9802,3216.666940880659
2020-01-10 08:00:00,2992,3148.7348519673164,3215.6651129003035,3134.657,3158.4284824278425
2020-01-10 09:00:00,3216,3094.100878149405,3000.8464114977437,3065.264,3056.3687804195997
2020-01-10 10:00:00,3239,3088.5817323757433,3122.500831060442,3127.609,3116.5750842184216
2020-01-10 11:00:00,3175,3050.7331338650406,3082.3991923174344,3100.6514,3083.6087651393686
2020-01-10 12:00:00,3117,3006.3448508531446,3031.2367466324463,3074.9607,3046.875746051085
2020-01-10 13:00:00,2943,2965.15767016452,2965.4733170608365,2981.6658,2973.4906325485267
2020-01-10 14:00:00,2845,2803.674012430041,2794.1435898335603,2895.827,2847.367852714338
2020-01-10 15:00:00,2597,2742.0241774167193,2694.9469792440987,2726.6177,2722.5516270558296
2020-01-10 16:00:00,2532,2493.014713885245,2433.875195527211,2430.4758,2446.9603923921763
2020-01-10 17:00:00,2589,2562.741409810869,2536.1167588717635,2550.8303,2550.1297033034707
2020-01-10 18:00:00,2748,2708.9816773133775,2726.188221011285,2716.1848,2716.884881807728
2020-01-10 19:00:00,2612,2689.2458687414355,2681.097029095159,2663.4768,2674.3241277794614
2020-01-10 20:00:00,2356,2291.9234816968747,2346.6633732430096,2363.978,2341.635727406846
2020-01-10 21:00:00,1819,2021.0098062255208,1991.1289935960895,2062.0437,2034.0565505413401
2020-01-10 22:00:00,1808,2012.0175127551017,2021.8795215739833,1976.0541,1996.50129715649
2020-01-10 23:00:00,1843,1964.9433333333336,2126.1261492447875,2015.2423,2030.3885254296865
2020-01-11 00:00:00,1938,1754.8074659863944,1682.1609598329449,1707.8184,1713.1512861423348
2020-01-11 01:00:00,1001,1268.671224489796,1307.04737777503,1248.3882,1268.1237423630814
2020-01-11 02:00:00,839,857.9062528344671,870.1318902173169,877.40485,870.7119588586492
2020-01-11 03:00:00,846,952.6968532903877,1011.8808783970615,1080.5375,1031.413170714831
2020-01-11 04:00:00,635,785.7785683364255,888.6858940671082,902.3066,869.7694053958053
2020-01-11 05:00:00,645,737.5960014095728,742.2892081970068,668.2929,704.1177562590667
2020-01-11 06:00:00,388,770.316984126984,738.3269214806176,897.19556,825.7587547222129
2020-01-11 07:00:00,1303,1524.0262148962147,1516.0774215285862,1488.425,1504.2384335202628
2020-01-11 08:00:00,2329,2283.7790816326524,2252.991070548858,2135.5332,2201.9591396078777
2020-01-11 09:00:00,3275,3267.821439909297,3253.1442520897895,3226.354,3243.4184249528967
2020-01-11 10:00:00,3747,3676.777891156463,3584.6255861225595,3658.0173,3644.359536311943
2020-01-11 11:00:00,3667,3668.3455565862714,3582.8342223461364,3654.9622,3640.2760238346646
2020-01-11 12:00:00,3359,3498.6344525746345,3468.6147012528345,3521.6409,3502.63272302718
2020-01-11 13:00:00,3822,3173.1022744007314,3185.370462024253,3201.1152,3190.175801293746
2020-01-11 14:00:00,3100,3232.484937576611,3195.0500276770103,3048.6304,3131.19892686028
2020-01-11 15:00:00,2656,2769.47029597804,2717.435818305204,2696.9126,2720.182827398936
2020-01-11 16:00:00,2012,2572.422905830868,2619.348076088114,2609.804,2602.844723018808
2020-01-11 17:00:00,2700,2419.04624819994,2465.4632596955717,2542.4792,2492.3670009973152
2020-01-11 18:00:00,2698,2651.8101906030474,2745.6997460156135,2746.0278,2722.39140017029
2020-01-11 19:00:00,2354,2485.3761246970876,2599.618243596852,2546.629,2544.563045198485
2020-01-11 20:00:00,2052,2029.6491736145674,2095.0341969023434,2045.7944,2054.068059426103
2020-01-11 21:00:00,1637,1696.0266674101333,1723.013878176938,1659.5728,1684.5465133498928
2020-01-11 22:00:00,1447,1777.8218677905945,1661.2777234020602,1683.253,1701.40142367707
2020-01-11 23:00:00,1919,1780.9639986293025,1815.9406195950862,1857.3284,1827.8903391264098
2020-01-12 00:00:00,1746,1597.2718707482993,1684.2875941886055,1625.3529,1633.066318870945
2020-01-12 01:00:00,880,1158.0776004947436,1059.1684202250135,1052.5565,1080.589764457283
2020-01-12 02:00:00,845,890.3436734693878,944.8723782557416,923.73114,920.6695829996418
2020-01-12 03:00:00,865,880.244883568812,922.5924853810137,930.67883,916.0487587413627
2020-01-12 04:00:00,811,762.1409693877551,803.2476184996173,865.9747,824.3344821769213
2020-01-12 05:00:00,520,542.3132993197279,528.2919668682056,515.71313,525.5078839297959
2020-01-12 06:00:00,142,543.4156872492587,474.1877727422397,519.38696,514.0943464431871
2020-01-12 07:00:00,1072,1185.8191666666667,1169.7876710906094,1259.3121,1218.5577763338501
2020-01-12 08:00:00,2012,2020.2563448456308,2143.6702937091864,2098.146,2090.0546576855795
2020-01-12 09:00:00,2966,3030.3414739229024,2989.2567295461513,3016.8452,3013.3221582891383
2020-01-12 10:00:00,3714,3602.0419520955234,3501.7961955405544,3554.8647,3553.3919099558943
2020-01-12 11:00:00,3599,3709.032206246135,3738.992311747466,3794.1619,3759.0870621155877
2020-01-12 12:00:00,3508,3510.4164965986392,3500.207551756348,3539.975,3522.643560916872
2020-01-12 13:00:00,3310,3326.3164481826034,3287.4321712601995,3304.6646,3305.7694302513255
2020-01-12 14:00:00,3059,3004.061804878497,3047.7986654352394,3045.7485,3035.839385156559
2020-01-12 15:00:00,2676,2723.476310161314,2724.8557665871162,2752.094,2738.13001625742
2020-01-12 16:00:00,2532,2496.5381507177217,2432.359518980301,2450.001,2457.2249057057556
2020-01-12 17:00:00,2758,2579.8803138386616,2604.6067692117995,2607.0762,2599.659856700115
2020-01-12 18:00:00,2918,2804.1218001396683,2847.505570996193,2880.1724,2852.99302442459
2020-01-12 19:00:00,2770,2807.770500833997,2798.269646094488,2779.2205,2791.1202662243086
2020-01-12 20:00:00,2483,2463.3889244758802,2513.8154921260802,2490.2515,2489.426836572365
2020-01-12 21:00:00,1864,1919.088448890716,1879.2822655465807,1863.7256,1881.4554715780741
2020-01-12 22:00:00,1705,1751.0786051733276,1714.9094116232914,1672.2191,1702.6065623046234
2020-01-12 23:00:00,1362,1728.3079773260442,1730.5714512227923,1766.0485,1747.7440880942404
2020-01-13 00:00:00,1415,1278.1320408163265,1395.2634432102072,1383.2733,1359.9855287214773
2020-01-13 01:00:00,1035,1032.5520068027213,1010.8882198939036,1107.9796,1064.8498638030624
2020-01-13 02:00:00,447,487.85790271132373,509.218091728281,412.98532,455.7616591323621
2020-01-13 03:00:00,846,658.1088243010122,652.9031887879365,648.4189,651.962445410909
2020-01-13 04:00:00,864,889.5204174397031,953.838534197474,911.8514,916.7654276065599
2020-01-13 05:00:00,903,1175.7272789115646,1128.7724763522247,1360.078,1256.163940280791
2020-01-13 06:00:00,1996,1839.0598412698414,1848.745428187533,1878.5195,1861.2110829893436
2020-01-13 07:00:00,3050,3081.787551020408,2881.970726990507,2962.6335,2972.2563419636663
2020-01-13 08:00:00,3133,3182.2107758970865,3093.088524190586,3190.1406,3163.895137521918
2020-01-13 09:00:00,3171,3181.2651890726966,3112.087836527616,3176.9233,3161.799926321953
2020-01-13 10:00:00,2691,3054.2315622711235,3045.860077366113,3024.0725,3037.0591647921215
2020-01-13 11:00:00,2734,2883.714871490919,2804.57056786645,2859.757,2851.9498998784047
2020-01-13 12:00:00,2717,2730.252841007122,2811.5874939196415,2821.5215,2796.2208259191907
2020-01-13 13:00:00,2676,2695.982919758533,2751.708656521802,2659.1243,2691.485027859146
2020-01-13 14:00:00,3074,2596.485259503283,2691.183905535115,2631.5554,2637.695001220537
2020-01-13 15:00:00,2447,2620.7250061659015,2672.900492110997,2576.3567,2611.584719295787
2020-01-13 16:00:00,2417,2398.0881353066547,2404.173871517242,2321.6638,2361.397410885662
2020-01-13 17:00:00,2427,2477.890591203094,2520.219311887604,2531.0261,2515.0405372961122
2020-01-13 18:00:00,2526,2671.139077091028,2675.6742341805366,2694.2803,2683.843464536641
2020-01-13 19:00:00,2637,2657.5759780873573,2663.121063247812,2664.5479,2662.4481861150425
2020-01-13 20:00:00,2459,2500.8624256009953,2526.9540500840353,2518.5518,2516.2299978275078
2020-01-13 21:00:00,2102,2073.434917939083,2036.957919697644,2056.0945,2055.645450620119
2020-01-13 22:00:00,1860,1911.4863517104989,1950.7466973349779,1923.219,1927.1677593316817
2020-01-13 23:00:00,1677,1622.3594808915686,1558.4088684086034,1613.6041,1601.9941503133243
2020-01-14 00:00:00,1496,1388.508860544218,1421.2012685631219,1449.806,1427.3305474135536
2020-01-14 01:00:00,933,1056.1680842233675,1056.9055965877053,1024.6289,1040.582873327768
2020-01-14 02:00:00,604,516.2470220800109,454.63482225689216,474.6723,480.0566122072726
2020-01-14 03:00:00,929,708.79677830941,693.2387076553587,690.6396,695.828665192364
2020-01-14 04:00:00,947,904.8723260073259,925.7990330370818,921.86206,918.5988700345395
2020-01-14 05:00:00,1179,1111.0206724228153,1079.9351431932305,1065.8357,1080.656800583699
2020-01-14 06:00:00,1879,2030.675360984474,1918.1560660473547,1997.331,1985.8733841017072
2020-01-14 07:00:00,3179,2962.120068754775,2885.184932278146,2944.0923,2933.872392836355
2020-01-14 08:00:00,3135,3238.693329367004,3252.334156353684,3190.2915,3217.902623383297
2020-01-14 09:00:00,3304,3133.44344282914,3105.419627627417,3059.9204,3089.675972692264
2020-01-14 10:00:00,3170,3063.0609703233145,3038.692369890882,2984.1316,3017.5041309519866
2020-01-14 11:00:00,3072,2964.9527902556897,2921.3960512116064,2882.8757,2913.0250765777614
2020-01-14 12:00:00,2874,2938.72921887395,2867.7704036669384,2854.943,2879.0964632524096
2020-01-14 13:00:00,2718,2780.3342779732056,2779.382032589935,2776.1213,2777.9897465860977
2020-01-14 14:00:00,2430,2671.3151766667893,2704.4241018726316,2723.5906,2705.7301077207926
2020-01-14 15:00:00,2302,2393.73207805451,2392.2474172687557,2373.7524,2383.3710945339417
2020-01-14 16:00:00,2424,2385.829464932304,2354.708359253479,2386.4077,2378.338313468321
2020-01-14 17:00:00,2531,2519.7513902403693,2549.1508921593286,2546.0684,2540.2597502874246
2020-01-14 18:00:00,2739,2681.248664732523,2707.9169133178857,2694.9282,2694.755505840727
2020-01-14 19:00:00,2966,2825.007114047101,2820.093276674608,2857.6653,2840.10773928199
2020-01-14 20:00:00,2633,2713.2093978388657,2726.641062169787,2717.5916,2718.7583913693506
2020-01-14 21:00:00,2136,2218.1936521725,2147.3346406700757,2233.5544,2208.1592948903317
2020-01-14 22:00:00,2031,1974.0750358179869,1998.0491518999356,1994.884,1990.4730635310432
2020-01-14 23:00:00,1971,1737.1729628946157,1732.768508055789,1837.1981,1786.0844277961949
2020-01-15 00:00:00,1534,1448.6436734693877,1492.1245088970693,1528.3356,1499.3598312361455
2020-01-15 01:00:00,735,998.2057414563756,892.7787742803151,802.3391,873.9156845982352
2020-01-15 02:00:00,542,660.1901360544218,617.9575171625019,664.5846,651.8292106675121
2020-01-15 03:00:00,918,808.0078187941843,846.0505561312709,857.39404,842.2116152157388
2020-01-15 04:00:00,1032,981.1589199490986,968.1902393922974,999.6904,987.182504679099
2020-01-15 05:00:00,1169,1240.881624956552,1245.4627128057373,1223.778,1233.4750614913537
2020-01-15 06:00:00,1917,1970.3200106474808,1937.551808461734,1896.4828,1925.2093488202725
2020-01-15 07:00:00,3034,3084.8227324566187,2968.867074486462,3071.0557,3048.95028376702
2020-01-15 08:00:00,3160,3216.3489425203848,3253.5341863167514,3192.5334,3213.7375058420967
2020-01-15 09:00:00,3214,3201.858393253602,3141.4519211536176,3145.493,3158.5740385627423
2020-01-15 10:00:00,2783,3028.7780808431394,3022.044162926577,2938.986,2982.1986029346167
2020-01-15 11:00:00,2744,2731.405525777453,2767.0688472128954,2752.725,2750.9811420757123
2020-01-15 12:00:00,2591,2695.790130245435,2719.7812862481373,2708.8044,2708.2950758030806
2020-01-15 13:00:00,2906,2611.567105009133,2597.3843955960933,2621.2378,2612.8567716356815
2020-01-15 14:00:00,2646,2705.596969566982,2730.015324552145,2714.6829,2716.2445041938445
2020-01-15 15:00:00,2379,2517.8030901271345,2490.3012078723186,2481.0452,2492.5486575076757
2020-01-15 16:00:00,2633,2430.312682099515,2398.934805953002,2391.1406,2402.8821845131292
2020-01-15 17:00:00,2671,2668.8010417134774,2711.2353618006146,2678.7004,2684.3593206050855
2020-01-15 18:00:00,2909,2781.8560770647186,2786.6776485407468,2789.61,2786.938485112304
2020-01-15 19:00:00,2880,2940.929728443931,2977.752996323074,2980.0962,2969.718776894876
2020-01-15 20:00:00,2612,2735.1857232442608,2664.9698774531917,2713.533,2706.805379666551
2020-01-15 21:00:00,2093,2143.612205081129,2199.3868374282047,2187.8057,2179.6525926585837
2020-01-15 22:00:00,1896,1941.1734990504067,1986.3120982486846,1959.9315,1961.8371586021167
2020-01-15 23:00:00,1672,1807.9319013427048,1767.4772594575836,1795.2949,1791.499751137572
2020-01-16 00:00:00,1551,1314.0722609043617,1383.6147921946588,1420.26,1384.5517681575675
2020-01-16 01:00:00,1210,979.4884332329422,983.6004222539357,959.4334,970.4889191939851
2020-01-16 02:00:00,667,686.9147446799234,564.3301887641256,576.21906,600.9207609489029
2020-01-16 03:00:00,678,701.7931123368841,659.9554793388553,628.8375,654.8559101259661
2020-01-16 04:00:00,1141,841.9223824984539,803.8062210023043,916.57355,869.7189245568302
2020-01-16 05:00:00,1413,1247.7035637320623,1340.9264183179553,1275.8282,1285.0716190476605
2020-01-16 06:00:00,2005,2060.102405380334,2124.9745389761665,2044.8275,2068.682993413344
2020-01-16 07:00:00,3445,3105.4882430729713,2993.6590763739464,3048.7498,3049.161707791417
2020-01-16 08:00:00,2944,3344.3457559690546,3390.058935692204,3376.205,3371.7037119778147
2020-01-16 09:00:00,2980,3088.6200872602753,3052.191585665325,3060.7075,3065.556677997025
2020-01-16 10:00:00,2795,2905.6041118418075,2876.929399458451,2903.9565,2897.6116493094396
2020-01-16 11:00:00,2652,2719.554887660895,2717.8712906827855,2731.5933,2725.1531754452953
2020-01-16 12:00:00,2521,2653.805859853077,2640.8929432489954,2643.7673,2645.5583677677055
2020-01-16 13:00:00,2565,2574.8379026604093,2594.0098180408418,2630.606,2607.514908690938
2020-01-16 14:00:00,2619,2537.5561428595997,2601.851939013424,2625.3784,2597.541229452631
2020-01-16 15:00:00,2486,2502.2080443640575,2540.505949641868,2508.7197,2515.0383617827315
2020-01-16 16:00:00,2363,2467.358074809949,2414.750574278624,2531.6338,2486.344056803393
2020-01-16 17:00:00,2596,2486.888236318824,2421.2811522350435,2448.0032,2451.0439340525295
2020-01-16 18:00:00,2836,2764.8765015409267,2773.638214366295,2804.8308,2787.044084250243
2020-01-16 19:00:00,2789,2902.1886993236453,2833.6079268855383,2885.167,2876.532652646046
2020-01-16 20:00:00,2636,2604.079709619282,2584.0898233560215,2623.2952,2608.6899662516385
2020-01-16 21:00:00,2155,2256.685967809889,2260.4286876472343,2294.6384,2276.5978777314685
2020-01-16 22:00:00,1900,2042.1957898987066,2253.013544517487,2158.976,2153.2903707134233
2020-01-16 23:00:00,1415,1767.4937977332497,1890.97253282388,1797.7002,1813.4666802955326
2020-01-17 00:00:00,1346,1388.3316326530612,1494.8618552219614,1538.9437,1490.2702347617244
2020-01-17 01:00:00,1188,1134.7186197249462,1238.5303641427286,1162.7524,1174.6884666700437
2020-01-17 02:00:00,683,773.9626111983256,731.4396863889319,771.60486,762.1530035960332
2020-01-17 03:00:00,495,691.8298023554277,617.7055351647655,543.3928,599.0802455128608
2020-01-17 04:00:00,1008,970.2072636036191,930.5713394514869,1020.9771,985.6832066719796
2020-01-17 05:00:00,1256,1342.7695238095237,1440.9196404690276,1349.9762,1370.910389214169
2020-01-17 06:00:00,2417,2077.022329443739,2170.3785885783677,2096.933,2110.316782239902
2020-01-17 07:00:00,3110,3177.9053584888484,3310.239202685429,3243.824,3243.948127598257
2020-01-17 08:00:00,2910,3211.1267831686896,3250.518935900928,3180.8357,3205.829276447092
2020-01-17 09:00:00,3335,3087.742533294595,2959.541843180585,2989.0183,3006.3302493922324
2020-01-17 10:00:00,3009,3124.901844785072,3049.681660848899,3068.2622,3077.7769799241178
2020-01-17 11:00:00,2933,2870.660225343805,2899.0122754887825,2897.1785,2891.0073586065846
2020-01-17 12:00:00,2883,2858.7120866682517,2868.2681109653367,2858.8125,2861.151299408397
2020-01-17 13:00:00,2812,2826.45784819419,2812.7382596948555,2851.7324,2835.6652379097613
2020-01-17 14:00:00,2697,2744.620715569255,2703.9718860143366,2738.751,2731.523638677148
2020-01-17 15:00:00,2594,2629.155820033205,2574.838065379622,2566.3381,2584.167538736019
2020-01-17 16:00:00,2658,2565.142753556367,2546.0603752156485,2549.2617,2552.431641568004
2020-01-17 17:00:00,2711,2704.0888506203523,2682.1266565949827,2643.977,2668.5424021944586
2020-01-17 18:00:00,2603,2762.7351422156994,2809.4846024481576,2776.0432,2781.0765426112766
2020-01-17 19:00:00,2501,2616.4159662731354,2614.3256365950533,2636.2476,2625.8091800139223
2020-01-17 20:00:00,2275,2288.9715891348405,2288.186578842546,2284.3997,2286.489371095909
2020-01-17 21:00:00,1944,1949.116304082124,1951.771486964202,1931.8102,1941.1270380936128
2020-01-17 22:00:00,1703,1865.2889197607844,1838.0743194468694,1883.9669,1867.8242692745698
2020-01-17 23:00:00,1584,1700.917294316265,1628.9768880403446,1681.5947,1673.2709088704023
2020-01-18 00:00:00,1866,1484.8762188208616,1429.5018951571328,1541.0238,1499.1064303499675
2020-01-18 01:00:00,1323,1127.3674489795922,1210.9107272609258,1085.6204,1127.3797247241919
2020-01-18 02:00:00,595,724.7147619047619,707.426117318777,543.353,629.7117334777597
2020-01-18 03:00:00,909,759.5288775510203,817.5002673816593,859.0213,823.7679368679355
2020-01-18 04:00:00,991,824.2332343846629,910.4483392250748,895.4761,881.4084305118095
2020-01-18 05:00:00,949,825.5556802721088,835.1656662955171,830.4766,830.4186484094846
2020-01-18 06:00:00,628,693.389387755102,661.0237671034481,667.4059,672.3062306091688
2020-01-18 07:00:00,1497,1563.8991156462587,1377.4510671935204,1474.8411,1472.7580779365073
2020-01-18 08:00:00,2612,2568.889410077868,2449.3966471817316,2529.9258,2519.5344049399
2020-01-18 09:00:00,3558,3521.104897959184,3515.907086965656,3523.6309,3521.06842591871
2020-01-18 10:00:00,3776,3872.520439084725,3745.618533151266,3834.0828,3821.576124894935
2020-01-18 11:00:00,3710,3581.193605930466,3525.3014978814776,3623.6926,3588.4700894295484
2020-01-18 12:00:00,3348,3495.872551773623,3465.615457943238,3524.2476,3502.49578172609
2020-01-18 13:00:00,3225,3191.157187082273,3231.3112881296443,3214.3557,3212.794975248292
2020-01-18 14:00:00,2924,2998.5757996644024,2981.0305166236344,2988.8906,2989.346891572009
2020-01-18 15:00:00,2684,2732.239811283165,2705.8762564526464,2677.7332,2698.3955940823903
2020-01-18 16:00:00,2321,2539.2434695505253,2372.134602117556,2476.3083,2465.998692721708
2020-01-18 17:00:00,2613,2530.349530523122,2438.1670826186396,2468.0703,2476.16430953544
2020-01-18 18:00:00,2713,2658.905810459382,2701.2366969903646,2670.9104,2675.490827057749
2020-01-18 19:00:00,2345,2452.3519578948003,2549.3886107958983,2489.9036,2495.386924399237
2020-01-18 20:00:00,2002,2027.4102053606002,2039.7444564291932,2030.6843,2032.1308285333857
2020-01-18 21:00:00,1691,1638.2493655230205,1664.8126013731628,1644.9208,1648.2258799076396
2020-01-18 22:00:00,1466,1595.2448041640903,1610.5761648373732,1625.593,1614.2517510394284
2020-01-18 23:00:00,1758,1661.042195336298,1621.9700079421696,1613.4999,1627.5029897844606
2020-01-19 00:00:00,1813,1477.9630612244896,1689.0256640287796,1490.9282,1537.2112926414422
2020-01-19 01:00:00,834,1115.7529021608643,1131.0608761377807,1131.2661,1127.3365012152863
2020-01-19 02:00:00,992,796.2066156462586,780.2106918330281,840.32745,814.2680536764623
2020-01-19 03:00:00,926,884.8221483942414,1012.3518223463024,1094.0596,1021.3232778413859
2020-01-19 04:00:00,911,758.0267176870749,753.2517021526093,803.60767,779.6234379677335
2020-01-19 05:00:00,372,607.800918367347,601.9734706233007,568.79584,586.8415159488338
2020-01-19 06:00:00,426,577.4994444444443,461.96425955030725,585.3734,552.5526325416566
2020-01-19 07:00:00,1432,1128.4578571428572,1068.0349443909106,1172.7021,1135.474274602192
2020-01-19 08:00:00,2118,2262.6313605442174,2255.6159507024954,2220.3274,2239.7255241007406
2020-01-19 09:00:00,3075,3192.1426876302494,3197.0493564028397,3152.839,3173.7175666723347
2020-01-19 10:00:00,3650,3635.8367161410015,3595.2697397112292,3576.4355,3595.9943874005576
2020-01-19 11:00:00,3535,3690.0650743661104,3699.3648792965973,3672.3328,3683.5238702516144
2020-01-19 12:00:00,3352,3456.9360003092147,3390.6844992115975,3438.3884,3431.0993387473904
2020-01-19 13:00:00,3225,3213.7206784294017,3149.5913396319484,3174.0505,3177.853273070025
2020-01-19 14:00:00,3112,2936.430703518316,2945.315560000477,2964.6147,2952.7439389265733
2020-01-19 15:00:00,2684,2732.443961054147,2748.755852368446,2763.5022,2752.051051988461
2020-01-19 16:00:00,2440,2481.397068199719,2432.106188620507,2487.9136,2472.3326013144315
2020-01-19 17:00:00,2763,2568.187740538152,2499.3812426549143,2540.6042,2537.194369821704
2020-01-19 18:00:00,3003,2810.9832168355906,2841.098347981792,2814.4102,2820.2254693293457
2020-01-19 19:00:00,3035,2784.3687978134317,2789.004336852562,2838.5483,2812.6174535883733
2020-01-19 20:00:00,2552,2583.097823267675,2655.2564125148147,2609.6777,2614.4274261331225
2020-01-19 21:00:00,1977,1919.4475573762154,1974.892110471054,1907.323,1927.2464159852548
2020-01-19 22:00:00,1812,1766.196487810435,1726.0102030323465,1766.7755,1756.4394290583516
2020-01-19 23:00:00,1003,1540.3558838570777,1598.0533827282673,1647.1385,1608.17159154868
2020-01-20 00:00:00,1242,1201.061666666667,1322.1207659900615,1342.9568,1302.2740017188696
2020-01-20 01:00:00,972,1016.9783503401361,1046.0414352435532,1069.1361,1050.3230005951411
2020-01-20 02:00:00,860,567.6713883735312,598.6466919484872,564.1168,573.6379307250359
2020-01-20 03:00:00,568,724.3581794073561,767.5929273783607,723.1166,734.546065270648
2020-01-20 04:00:00,963,730.7425379382522,801.1836460021696,770.77203,768.3675628308085
2020-01-20 05:00:00,1638,1096.5752210884352,1149.1635356527995,1101.8146,1112.341976782965
2020-01-20 06:00:00,2182,2324.1749829931973,2174.415551683088,2359.1692,2304.2322283956337
2020-01-20 07:00:00,3026,3069.15848729861,3137.9692685775303,3083.7163,3093.64009326591
2020-01-20 08:00:00,2882,3195.8213752251886,3272.4238375279892,3285.963,3260.0427485007945
2020-01-20 09:00:00,3094,3177.42860060573,3014.601256904616,3085.3076,3090.6612729713365
2020-01-20 10:00:00,2926,2980.9878107434506,3028.3322234755437,3040.8213,3022.7406530859985
2020-01-20 11:00:00,2660,2866.829042895353,2879.789031125776,2846.0237,2859.666359325595
2020-01-20 12:00:00,2648,2697.927695063604,2768.9873915721846,2737.59,2735.5238156042597
2020-01-20 13:00:00,2729,2678.3758255529037,2762.9065698773425,2680.8333,2700.737224834124
2020-01-20 14:00:00,2683,2627.8393776022995,2777.2155593999737,2667.8538,2685.1906141333807
2020-01-20 15:00:00,2445,2496.904581852419,2579.9355354082822,2533.2307,2535.8253857604877
2020-01-20 16:00:00,2383,2396.629887594457,2436.0381361947016,2405.849,2411.091566494165
2020-01-20 17:00:00,2568,2482.563617627406,2528.7595526876285,2497.6892,2501.675397070946
2020-01-20 18:00:00,2751,2712.9068848219654,2767.6275104608567,2749.0137,2744.6404347582056
2020-01-20 19:00:00,2765,2798.2309767026663,2874.161849894547,2868.4824,2852.3394175868034
2020-01-20 20:00:00,2588,2598.072142151199,2576.692408495478,2584.204,2585.793188442919
2020-01-20 21:00:00,2090,2185.907187001375,2127.993388492873,2144.398,2150.674118482937
2020-01-20 22:00:00,1804,1938.6801799924117,1928.5907432313725,1952.6213,1943.1283997512585
2020-01-20 23:00:00,1366,1564.5215192657852,1444.822811951653,1531.2456,1517.9588855387346
2020-01-21 00:00:00,1279,1279.5019887955182,1208.4025176629864,1347.524,1295.7381505404073
2020-01-21 01:00:00,1147,936.2183477633479,997.5105860957752,1051.2487,1009.056562078062
2020-01-21 02:00:00,788,768.5999529042385,772.4373750354138,801.2488,785.8837216333505
2020-01-21 03:00:00,407,696.7211860117989,687.730963387285,671.12897,681.6775209923491
2020-01-21 04:00:00,1036,852.2311129743273,832.49213042707,910.4005,876.3810671980056
2020-01-21 05:00:00,1376,1367.3989342403625,1521.4538334310314,1459.9708,1452.1986045155047
2020-01-21 06:00:00,2218,2207.856846367918,2039.543475815479,2033.1716,2078.435895975537
2020-01-21 07:00:00,3214,3082.9610037914676,3162.8224530437055,3081.5164,3102.204042919731
2020-01-21 08:00:00,3153,3242.9199453114584,3204.996341282574,3191.2568,3207.607489617258
2020-01-21 09:00:00,3366,3154.0717993405997,3084.1745111207065,3095.6248,3107.373955545014
2020-01-21 10:00:00,3129,3113.4452173109607,3171.8016030955705,3089.2698,3115.9465927969454
2020-01-21 11:00:00,2842,2940.753920907994,2895.868156418793,2841.038,2879.6745623004467
2020-01-21 12:00:00,2801,2760.34443504963,2773.232158107135,2733.3572,2750.072737156379
2020-01-21 13:00:00,2756,2745.867632488747,2750.4653217053774,2743.7732,2745.9698352282185
2020-01-21 14:00:00,2328,2668.6044233841026,2682.7025905582677,2782.9844,2729.3189409855927
2020-01-21 15:00:00,2231,2343.179872567807,2321.218554722373,2373.4417,2352.8204320178575
2020-01-21 16:00:00,2381,2404.7459794644087,2380.693143674123,2394.9075,2393.813516136195
2020-01-21 17:00:00,2467,2520.901225839932,2542.580991849443,2550.9038,2541.322458719219
2020-01-21 18:00:00,2674,2707.8769080279535,2699.363785181881,2761.1987,2732.4095385368337
2020-01-21 19:00:00,2839,2807.0484670788733,2799.423661895419,2847.196,2825.2160547045105
2020-01-21 20:00:00,2679,2660.557287288126,2695.3444862696692,2706.7185,2692.334696319136
2020-01-21 21:00:00,2178,2203.657158861327,2168.0648891574106,2237.2515,2211.5562444265593
2020-01-21 22:00:00,1871,1984.4305687303672,1987.6447084938893,1980.6741,1983.3558554388767
2020-01-21 23:00:00,1348,1614.700885306468,1691.3530865703717,1655.8849,1654.4559368168661
2020-01-22 00:00:00,1422,1164.0078113063407,1263.6725259736552,1367.3593,1290.5997107848427
2020-01-22 01:00:00,1327,1046.239693877551,1088.9423688154884,1110.9672,1089.2790972162286
2020-01-22 02:00:00,825,836.6088435374149,899.0019652527061,876.0104,871.9078901858115
2020-01-22 03:00:00,466,539.06287012987,600.0352980007664,507.50885,538.5289670814873
2020-01-22 04:00:00,1172,882.8256385281386,937.1146301561258,1024.5995,967.2848108234099
2020-01-22 05:00:00,1464,1393.4985375677506,1802.7968583719937,1585.0862,1591.6169398052486
2020-01-22 06:00:00,2261,2227.372162956092,2123.314853310264,2154.8594,2165.101441566589
2020-01-22 07:00:00,3301,3169.136604852004,3280.936773593679,3217.6418,3221.339267462983
2020-01-22 08:00:00,3147,3317.5063500521637,3311.2945777284835,3319.2844,3316.842443859224
2020-01-22 09:00:00,3074,3158.883853781279,3131.4820522200207,3138.3804,3141.7816620472
2020-01-22 10:00:00,2873,2928.2813382195704,2957.231599461293,2943.2595,2943.0079951624034
2020-01-22 11:00:00,2652,2800.3144725655147,2798.8514095812493,2772.7952,2786.1890535445036
2020-01-22 12:00:00,2494,2656.9915739995754,2644.4555158030025,2671.1838,2660.953691395957
2020-01-22 13:00:00,2451,2605.8683925536516,2581.6127646191944,2629.3638,2611.5521740588365
2020-01-22 14:00:00,2266,2466.924708289769,2431.206547717713,2461.0571,2455.0613784549955
2020-01-22 15:00:00,2258,2395.339870045682,2248.4674441583597,2299.7605,2310.832077574448
2020-01-22 16:00:00,2391,2405.089506460183,2432.8500745655588,2450.7437,2434.8567214283103
2020-01-22 17:00:00,2615,2553.4308711015833,2525.3195911977105,2565.0315,2552.2033626451357
2020-01-22 18:00:00,2780,2782.971233963702,2788.470393172971,2825.999,2805.8599185029184
2020-01-22 19:00:00,2995,2872.3439522024523,2915.7412734475056,2924.5566,2909.2996267249896
2020-01-22 20:00:00,2724,2802.811345493357,2758.0356743402103,2786.4639,2783.443688552142
2020-01-22 21:00:00,2153,2169.228652775711,2205.535568328207,2214.3662,2200.8741607447296
2020-01-22 22:00:00,1781,1966.4813543142714,1955.2896689451914,1957.1959,1959.040717240647
2020-01-22 23:00:00,1336,1552.1700521312196,1491.1280453154006,1523.1852,1522.4171146936862
2020-01-23 00:00:00,1380,1237.5237575030012,1222.8644765454885,1332.174,1281.1840336097787
2020-01-23 01:00:00,1174,1166.2935297184567,1205.6440303173658,1233.0381,1209.5034329777056
2020-01-23 02:00:00,828,747.5969277321318,783.2023432795542,803.4732,784.4364205361246
2020-01-23 03:00:00,352,506.69444779765973,488.1470874755403,508.6765,503.0486406542375
2020-01-23 04:00:00,1004,980.4209106708378,954.1804632717179,1002.0442,984.6724382122014
2020-01-23 05:00:00,1430,1376.5223809523807,1448.946365348872,1381.4177,1397.0760488800006
2020-01-23 06:00:00,2321,2229.6394155844155,2143.871749344289,2174.6582,2180.706892794676
2020-01-23 07:00:00,3189,3186.221244968968,3293.305110904651,3191.9475,3215.855343851217
2020-01-23 08:00:00,3050,3181.801064073493,3286.9712726204384,3207.4485,3220.9173273375454
2020-01-23 09:00:00,2891,3101.926824271266,3052.5958168576253,3133.191,3105.226119266598
2020-01-23 10:00:00,2697,2843.1348844068684,2822.656535959321,2856.7522,2844.82395372436
2020-01-23 11:00:00,3143,2677.989393863907,2666.615342142224,2680.027,2676.1647338062203
2020-01-23 12:00:00,2607,2715.6781109920344,2710.425422859039,2684.815,2698.9333541658934
2020-01-23 13:00:00,2514,2624.615638783365,2604.076866292037,2560.726,2587.5361633782254
2020-01-23 14:00:00,2425,2464.901693525335,2508.6023002283177,2519.919,2503.3354710946633
2020-01-23 15:00:00,2340,2387.856433369286,2421.1096505917585,2395.99,2400.2365161074486
2020-01-23 16:00:00,2352,2393.40575745788,2393.566175678324,2402.3752,2397.9306053543633
2020-01-23 17:00:00,2438,2524.470981071178,2520.186699517468,2502.2917,2512.310294170599
2020-01-23 18:00:00,2714,2668.8335204185223,2692.8713098432972,2730.1418,2705.4971304170176
2020-01-23 19:00:00,2952,2841.3422035160056,2823.913694827576,2834.3806,2833.5042822030828
2020-01-23 20:00:00,2819,2726.009762798308,2723.4750785742585,2733.452,2729.097162491579
2020-01-23 21:00:00,2167,2246.3603724665727,2274.645308096827,2281.3064,2270.9046183830374
2020-01-23 22:00:00,1981,1958.0120725750924,1935.1770278612444,1921.7452,1934.1698947379905
2020-01-23 23:00:00,1552,1570.7518529928761,1535.3232750701657,1520.8491,1536.9433425626355
2020-01-24 00:00:00,1433,1286.770320434743,1253.4535021207375,1301.5094,1285.8106553459015
2020-01-24 01:00:00,1223,1134.8937413586684,1125.8417482693512,1183.731,1157.0493509226299
2020-01-24 02:00:00,834,781.4364051741909,756.5165338228715,813.00543,790.9909508137187
2020-01-24 03:00:00,535,515.3560418508769,501.9839123415919,497.87405,503.27201552565623
2020-01-24 04:00:00,999,930.2598593073593,908.3875638507357,981.23773,950.2807217563206
2020-01-24 05:00:00,1335,1293.358044217687,1438.4545585111166,1303.4413,1334.6737927720446
2020-01-24 06:00:00,2037,2222.111901747678,2283.9455780001567,2222.0173,2237.523036929146
2020-01-24 07:00:00,3276,3167.4522307401426,3087.9663231501013,3123.7644,3125.7368406209985
2020-01-24 08:00:00,3755,3372.587597571079,3385.819168557444,3299.2031,3339.2032540321306
2020-01-24 09:00:00,2385,3521.798954478598,3590.0233031308894,3549.0747,3552.4929179179967
2020-01-24 10:00:00,2980,2922.1528269085416,2819.300904705873,2879.2178,2874.9723196223536
2020-01-24 11:00:00,2940,3031.937262438362,3128.3028577518844,3018.8115,3049.4657917663117
2020-01-24 12:00:00,2901,2833.7094877220234,2883.773227065292,2843.79,2851.2656982280787
2020-01-24 13:00:00,2860,2817.6302857942283,2817.1678848006477,2821.7864,2819.5927311252817
2020-01-24 14:00:00,2808,2725.2044428190857,2726.2759202376355,2706.699,2716.219578068868
2020-01-24 15:00:00,2884,2689.948365881285,2646.6134642319744,2604.3704,2636.3256381923775
2020-01-24 16:00:00,2550,2705.782280085899,2654.446339678481,2710.6787,2695.396510409845
2020-01-24 17:00:00,2643,2620.9684389849494,2576.963905188247,2626.8162,2612.8911670979865
2020-01-24 18:00:00,2822,2767.479770296539,2746.7389331797162,2763.546,2760.327625087814
2020-01-24 19:00:00,2721,2743.3005542540277,2762.156087523224,2766.7168,2759.722558881813
2020-01-24 20:00:00,2424,2451.4965542001423,2530.240352696519,2503.364,2497.116233560103
2020-01-24 21:00:00,1966,1979.9182204225474,2005.9571671321821,1992.8295,1992.8835807754012
2020-01-24 22:00:00,1616,1888.925584114126,1892.5821717105935,1890.0465,1890.400193350711
2020-01-24 23:00:00,1684,1618.5224096193665,1561.1858729787941,1607.9515,1598.902839692509
2020-01-25 00:00:00,1791,1508.8841326530612,1526.2038360481272,1563.024,1540.2840161010784
2020-01-25 01:00:00,1290,1215.8580612244898,1319.3475191706177,1281.736,1274.6693760558082
2020-01-25 02:00:00,589,750.9777660294889,687.6647372809565,632.3142,675.8177303197988
2020-01-25 03:00:00,922,754.0372108843537,842.8931408193065,846.1347,822.2999402208369
2020-01-25 04:00:00,900,962.3381207482992,1012.5828815986823,1033.8287,1010.6446182625266
2020-01-25 05:00:00,975,755.0298654916512,816.892168158385,781.4381,783.6995635882903
2020-01-25 06:00:00,683,757.7037755102042,774.5943034545566,801.7855,783.967280971659
2020-01-25 07:00:00,1455,1601.2430952380953,1521.4769694475892,1520.8632,1541.1115957612649
2020-01-25 08:00:00,2624,2676.898382807669,2648.952034518776,2776.38,2719.652545737861
2020-01-25 09:00:00,3616,3489.7969047619054,3371.156144347796,3471.1292,3450.802837472738
2020-01-25 10:00:00,3592,3860.3131082576565,3786.6520157703294,3867.7632,3845.6228728038714
2020-01-25 11:00:00,3650,3494.949024943311,3454.316914104657,3529.576,3502.1044486291794
2020-01-25 12:00:00,3539,3480.29550170068,3406.7090545016245,3469.621,3456.561685925576
2020-01-25 13:00:00,3236,3300.101145453668,3324.520341293824,3368.2825,3340.2966070384355
2020-01-25 14:00:00,2949,2997.0082227353196,2986.943817064602,2953.055,2972.515475770293
2020-01-25 15:00:00,2843,2758.7215749214847,2766.165849051871,2722.224,2742.333916540214
2020-01-25 16:00:00,2791,2626.6008111298893,2624.6593368062186,2628.3313,2626.9806863980893
2020-01-25 17:00:00,2777,2791.6714403546666,2727.026225988185,2768.851,2764.099953695088
2020-01-25 18:00:00,2677,2765.0767737753254,2834.337070484603,2791.6511,2795.6790225884197
2020-01-25 19:00:00,2353,2495.589138329973,2460.286336790128,2479.7356,2478.836666631588
2020-01-25 20:00:00,2074,2020.8037032312925,2045.7235511014014,2023.3733,2028.318459090986
2020-01-25 21:00:00,1673,1667.3673860342558,1749.89689945441,1686.8666,1697.749359946385
2020-01-25 22:00:00,1554,1603.6905311355308,1647.9690905379696,1643.6483,1634.739063133219
2020-01-25 23:00:00,1672,1654.8773684210523,1654.8828777177853,1741.8446,1698.3623637808032
2020-01-26 00:00:00,1772,1520.802176870748,1673.8427006383251,1621.0245,1609.1734874436745
2020-01-26 01:00:00,934,1106.6026470588235,1159.9997556553603,1141.7396,1137.5204126902647
2020-01-26 02:00:00,836,818.0817857142858,736.3622421421286,722.53705,749.8795311340255
2020-01-26 03:00:00,928,857.0175565575067,888.0622396878995,901.4082,886.9740506238516
2020-01-26 04:00:00,890,829.4634523809525,900.4590526676744,928.51624,896.738743937938
2020-01-26 05:00:00,492,545.3803586889302,561.4784039941794,636.9089,595.1691279266367
2020-01-26 06:00:00,246,547.2481519274376,456.95300689106773,500.30304,501.20180948001695
2020-01-26 07:00:00,1209,1221.617738095238,1245.333233243158,1289.4722,1261.473826818974
2020-01-26 08:00:00,2140,2178.360544217687,2154.482745256316,2241.53,2203.9758370169384
2020-01-26 09:00:00,3235,3165.0359558323094,3232.1846306606376,3234.1008,3216.3555616622994
2020-01-26 10:00:00,3859,3677.6419311640743,3656.2797426455836,3687.8667,3677.4137680617896
2020-01-26 11:00:00,3819,3683.286235827664,3690.830152983127,3679.9993,3683.5287309917603
2020-01-26 12:00:00,3626,3609.4593784751164,3575.377783523014,3631.3801,3611.899353976095
2020-01-26 13:00:00,3457,3393.0167031837086,3341.0931525601864,3346.8115,3356.9332256547236
2020-01-26 14:00:00,2874,3077.2114832248694,3119.823653262759,3045.1206,3071.819086856282
2020-01-26 15:00:00,2705,2559.296852195424,2603.229371139079,2558.3318,2569.797449388313
2020-01-26 16:00:00,2410,2487.445102198079,2513.223885629178,2536.425,2518.379771370877
2020-01-26 17:00:00,2517,2544.4261253543395,2517.8689023949255,2561.3718,2546.259670023254
2020-01-26 18:00:00,2877,2729.6602279051963,2701.511643378018,2719.4521,2717.519042039554
2020-01-26 19:00:00,3030,2838.4505014167166,2902.2511622760426,2874.7605,2872.555664946627
2020-01-26 20:00:00,2617,2680.076168384387,2704.138600649429,2660.2292,2676.1683162818917
2020-01-26 21:00:00,2055,1970.7944917151688,1966.701002693036,1932.9407,1950.8442105161137
2020-01-26 22:00:00,1687,1822.761490902581,1845.5405279643146,1879.172,1856.6615032518803
2020-01-26 23:00:00,1519,1459.3122469286222,1379.41514169252,1509.7809,1464.5722890498168
2020-01-27 00:00:00,1433,1281.8413945578232,1367.5958374951879,1374.8646,1349.7916200249715
2020-01-27 01:00:00,1025,1021.5424206349206,1023.5080848116194,1087.6655,1055.09539003351
2020-01-27 02:00:00,819,541.5641933141169,611.712327583556,575.1378,575.8880389158245
2020-01-27 03:00:00,315,625.9629184568564,612.8487207332489,611.27826,615.3420394361982
2020-01-27 04:00:00,953,750.7443487151946,774.640218207348,762.5973,762.6447867501669
2020-01-27 05:00:00,1350,1235.3505442176868,1413.6446422441165,1443.675,1384.0863210295133
2020-01-27 06:00:00,2384,2203.678484174556,2144.6464614777315,2192.9956,2183.579039147447
2020-01-27 07:00:00,3075,3274.1636568433505,3359.3376706452377,3333.213,3324.981777184647
2020-01-27 08:00:00,2970,3283.1105744302154,3310.1048646529866,3260.623,3278.6153832083005
2020-01-27 09:00:00,3182,3129.749642305796,2986.2573768678535,2998.8857,3028.444625887162
2020-01-27 10:00:00,2930,3067.04513592556,3077.9564900262817,3025.1887,3048.844766839523
2020-01-27 11:00:00,2961,2923.459166128364,2866.067097492539,2854.8213,2874.7922104364757
2020-01-27 12:00:00,2643,2858.7679995981516,2880.371340839837,2853.3018,2861.435714015747
2020-01-27 13:00:00,2720,2690.6833787179435,2746.807613968825,2697.5571,2708.1513126248174
2020-01-27 14:00:00,2996,2623.541432061131,2682.1666621727313,2653.3628,2653.1084200428404
2020-01-27 15:00:00,2529,2680.63727375256,2691.667169986962,2696.5063,2691.3292847630055
2020-01-27 16:00:00,1839,2405.744478545815,2388.7567968659846,2419.3179,2408.284254399825
2020-01-27 17:00:00,2321,2441.979207436884,2452.472241243738,2491.728,2469.4768758420305
2020-01-27 18:00:00,2719,2720.127435631281,2697.9740674631894,2734.596,2721.82334940643
2020-01-27 19:00:00,2968,2806.7141993437112,2854.651303534505,2848.2512,2839.4669860711165
2020-01-27 20:00:00,2554,2680.1536272123562,2700.001745631607,2673.6672,2681.8724613750533
2020-01-27 21:00:00,2292,2140.9621224405887,2104.4575248549995,2163.2898,2142.9998092848346
2020-01-27 22:00:00,1917,2013.1783654294804,1967.1630833590486,2034.4052,2012.287937880726
2020-01-27 23:00:00,1626,1627.9452891999813,1583.577445837108,1625.0254,1615.3933790717724
2020-01-28 00:00:00,1556,1331.2324369747898,1404.5683178007052,1494.7058,1431.3030939673113
2020-01-28 01:00:00,1290,1083.2966216587647,1119.3492393866738,1126.8594,1114.0911527613596
2020-01-28 02:00:00,709,806.3060408163266,796.8762444340224,729.5635,765.5773095938373
2020-01-28 03:00:00,815,576.8206599294857,502.0503660143022,538.4477,538.9416029214939
2020-01-28 04:00:00,838,952.9774873305964,1006.7235726482579,1009.5685,994.7095057173699
2020-01-28 05:00:00,1136,1089.5463775510204,1218.133382923302,1133.7561,1143.797991876393
2020-01-28 06:00:00,2301,2147.7660577720612,2121.492273229069,2176.0085,2155.31885521122
2020-01-28 07:00:00,2996,3145.3370761267715,3215.643235801019,3090.4731,3135.4816502475724
2020-01-28 08:00:00,2841,3193.041010560205,3178.32796493332,3053.2375,3119.461018287444
2020-01-28 09:00:00,2916,3013.0594429780244,2887.099180797536,2961.3748,2955.7270338735775
2020-01-28 10:00:00,3063,2882.983561255732,2848.0280143772125,2845.089,2855.297449572299
2020-01-28 11:00:00,2654,2757.4929446652573,2946.654508315247,2891.5974,2871.8355692998134
2020-01-28 12:00:00,2593,2659.3913291113263,2653.587200394382,2655.0498,2655.769534720177
2020-01-28 13:00:00,2913,2618.588606294313,2633.7122397807075,2604.9148,2615.5326089796927
2020-01-28 14:00:00,2504,2749.8817961225895,2745.9126664614337,2738.284,2743.090583419443
2020-01-28 15:00:00,2365,2395.592254998665,2344.1384937777752,2331.7454,2350.8053678581728
2020-01-28 16:00:00,2240,2371.1010633580077,2181.0663226988854,2218.8347,2247.459204912661
2020-01-28 17:00:00,2316,2417.9073921855406,2380.668161152986,2407.549,2403.4184244674443
2020-01-28 18:00:00,2659,2634.1639497357182,2641.7827814637403,2626.967,2632.4702033076774
2020-01-28 19:00:00,3300,2809.7208836401055,2822.1201877023195,2820.542,2818.2312639293564
2020-01-28 20:00:00,2896,2754.5947866151123,2720.096019390349,2671.405,2704.375216149803
2020-01-28 21:00:00,2270,2330.341071428571,2258.630151137765,2288.8035,2291.6445390400213
2020-01-28 22:00:00,2011,2013.0686661064954,1998.2130634374919,2039.1511,2022.3959939094343
2020-01-28 23:00:00,1607,1694.0591890959283,1643.7347890755746,1679.7042,1674.300606359282
2020-01-29 00:00:00,1482,1401.9528091236498,1444.1280804221688,1464.4574,1443.7489211169234
2020-01-29 01:00:00,1244,1238.3316700529606,1243.554820773956,1283.6637,1262.3034708512605
2020-01-29 02:00:00,601,776.1540646258503,779.492499677839,780.4754,779.1493424919379
2020-01-29 03:00:00,410,646.9877035662751,590.2290678240098,526.31604,572.4622128671025
2020-01-29 04:00:00,834,802.9674737167594,881.3781854889555,871.7049,856.9388623111944
2020-01-29 05:00:00,1550,1244.2654301903574,1346.1790844090892,1268.0404,1281.6313312865805
2020-01-29 06:00:00,2612,2290.9921541950116,2384.9915633727273,2376.6948,2357.3433415013096
2020-01-29 07:00:00,3300,3196.100971701294,3285.8195235663893,3206.7637,3223.8619597544207
2020-01-29 08:00:00,2783,3286.0122004108557,3301.822755099367,3286.4302,3290.173826768181
2020-01-29 09:00:00,3893,2965.962489210511,2849.745518207399,2884.9658,2896.4099120107276
2020-01-29 10:00:00,3416,3347.9569897959177,3471.622038155188,3338.6865,3374.2380187065264
2020-01-29 11:00:00,2264,3186.410954066311,3003.735249902062,2989.1206,3042.0968537264685
2020-01-29 12:00:00,3416,2664.028214285714,2472.2751381615526,2613.0635,2590.6075763930667
2020-01-29 13:00:00,2425,2913.522718511648,2874.528703044235,2878.6018,2886.3137587092833
2020-01-29 14:00:00,2465,2507.3643004679348,2449.941873491598,2532.1443,2505.3986870445706
2020-01-29 15:00:00,2400,2433.749473760386,2414.8036516463617,2463.9558,2444.1161866251246
2020-01-29 16:00:00,2357,2404.8858578457025,2375.753708082207,2351.08,2370.6999305444774
2020-01-29 17:00:00,2582,2430.859755785865,2451.613235742229,2432.1045,2436.6704939757738
2020-01-29 18:00:00,2921,2717.4426022190964,2760.47956464588,2776.982,2757.9715085131193
2020-01-29 19:00:00,3216,3044.9180237513815,3035.3960342313653,3048.9534,3044.555199065999
2020-01-29 20:00:00,2697,2859.388994400326,2814.400337642617,2816.448,2826.6713320341732
2020-01-29 21:00:00,2281,2197.2670378884636,2215.441882758616,2184.1619,2195.2581627789573
2020-01-29 22:00:00,2297,2027.26129029058,2011.0116257999318,1990.2576,2004.6970132023155
2020-01-29 23:00:00,1440,1853.2842290249437,1792.1984783762118,1706.0725,1764.4069317331014
2020-01-30 00:00:00,1035,1340.000226090436,1281.7130376432808,1252.4751,1281.665864761554
2020-01-30 01:00:00,1038,1097.1730705347834,1097.059005435328,1171.392,1134.2540028792466
2020-01-30 02:00:00,896,822.3486901131134,903.4928593964686,808.6926,835.806700853958
2020-01-30 03:00:00,407,591.9405678597196,559.3985791486299,540.99567,558.3326200040406
2020-01-30 04:00:00,677,802.1230412841128,794.1404920436565,785.60547,791.8686177069424
2020-01-30 05:00:00,1294,1302.792222222222,1481.4506886769527,1413.3342,1402.7278419826062
2020-01-30 06:00:00,2643,2248.269737167594,2263.7552593287105,2308.9707,2282.491600686576
2020-01-30 07:00:00,2681,3190.5765235883127,3250.1002550633307,3277.6702,3249.0042776707232
2020-01-30 08:00:00,3593,3082.5808320930137,3049.7566468426285,3044.1045,3055.1366158276605
2020-01-30 09:00:00,2370,3387.7067787114843,3435.001273025358,3424.4214,3417.8877062935853
2020-01-30 10:00:00,2847,2903.4648669366165,2838.8075444963474,2846.156,2858.6461057879287
2020-01-30 11:00:00,2773,2951.072829821886,2900.6405305064504,2785.6538,2855.755244378959
2020-01-30 12:00:00,2732,2766.4101455668238,2822.2451784520613,2754.6633,2774.4954960437835
2020-01-30 13:00:00,2695,2648.92551116728,2637.01171067467,2620.3445,2631.656546671425
2020-01-30 14:00:00,2524,2591.2570924671313,2624.3247161142954,2585.315,2596.5529228484816
2020-01-30 15:00:00,2416,2451.1609566598036,2411.6867630446095,2452.5942,2442.009049066728
2020-01-30 16:00:00,2351,2411.3607845137726,2359.8553903404622,2371.235,2378.421597424496
2020-01-30 17:00:00,2649,2493.570799113506,2476.269811592695,2473.4358,2479.1780481843625
2020-01-30 18:00:00,2793,2810.3547329847943,2803.061661853702,2798.2373,2802.472751053374
2020-01-30 19:00:00,3157,2888.0901616421083,2897.6615851904166,2914.4646,2903.6702365128185
2020-01-30 20:00:00,2782,2791.7721495684127,2707.4207303094095,2738.1738,2743.8851340319557
2020-01-30 21:00:00,2285,2313.4856500287087,2249.238490231692,2289.2449,2285.303471588538
2020-01-30 22:00:00,2117,2071.3430935322144,2083.309517557452,2105.5076,2091.416936952104
2020-01-30 23:00:00,1471,1644.5671930873762,1686.1715201278298,1659.3928,1662.381089436614
2020-01-31 00:00:00,1215,1118.3767969005783,1187.3103428666027,1153.9342,1153.3888869925765
2020-01-31 01:00:00,1193,990.1542800453515,1043.2244274769903,1098.9329,1057.811107544648
2020-01-31 02:00:00,824,895.2099489795918,893.733554886488,866.2294,880.3505610251137
2020-01-31 03:00:00,334,480.3347606488105,434.6951551788603,442.0788,449.79687715027706
2020-01-31 04:00:00,889,710.130209750567,744.2536518596853,757.80383,742.4978819064693
2020-01-31 05:00:00,1016,1359.5892296845136,1354.1391605343501,1272.5985,1314.7313529258097
2020-01-31 06:00:00,2046,2055.452710034328,2109.273188428749,1987.9788,2035.1708544985818
2020-01-31 07:00:00,3192,3081.0243930778047,3103.748985136128,3088.026,3090.2062840066083
2020-01-31 08:00:00,3263,3350.6029505100378,3521.2364175335324,3371.822,3403.87085275308
2020-01-31 09:00:00,3273,3132.355307668522,3076.2817416476278,3074.7532,3089.5358492431
2020-01-31 10:00:00,3031,3091.42589645184,3072.2061814126937,3059.3352,3070.575622005196
2020-01-31 11:00:00,2864,2871.9618448163174,2923.9548856008983,2905.4177,2901.6880449089913
2020-01-31 12:00:00,2855,2826.5993797413016,2841.691979216517,2808.6802,2821.4129276300796
2020-01-31 13:00:00,2813,2782.9830867480277,2811.312425115594,2822.0618,2809.604761754968
2020-01-31 14:00:00,2787,2723.3354995741297,2717.7452671373035,2783.051,2751.795704373171
2020-01-31 15:00:00,2707,2714.4978474743393,2672.6730038143323,2657.87,2675.727771415918
2020-01-31 16:00:00,2539,2636.504901570625,2570.058906376349,2642.9783,2623.130087728931
2020-01-31 17:00:00,2799,2623.5900479743714,2593.75982713102,2664.134,2636.4044853779105
2020-01-31 18:00:00,2842,2804.136779066071,2839.6687345922724,2898.4353,2860.169029781773
2020-01-31 19:00:00,2673,2836.8727535035755,2792.557102885586,2854.9583,2834.8365900738527
2020-01-31 20:00:00,2406,2443.0908871843503,2445.4117141513834,2474.0283,2459.1398104901837
2020-01-31 21:00:00,2018,2015.6955474083284,2037.7400710918264,2025.4971,2026.1074397812886
2020-01-31 22:00:00,1873,1872.3825444198726,1878.1640537052065,1898.621,1886.9471353711135
2020-01-31 23:00:00,1518,1624.1026650632868,1570.8876223100528,1600.7389,1599.1170176441162
2020-02-01 00:00:00,1510,1331.7473871366728,1391.0654676409035,1362.226,1361.8161897686127
2020-02-01 01:00:00,1214,1194.8462352693173,1212.9178644467327,1244.0223,1223.9521943626062
2020-02-01 02:00:00,576,735.6088095238097,705.5698214820884,701.9742,711.2817488159276
2020-02-01 03:00:00,865,573.1238106575966,605.0823970868006,542.1208,565.6119462232086
2020-02-01 04:00:00,867,859.4132111935685,905.6153599479005,847.1578,864.8360307248204
2020-02-01 05:00:00,828,753.6502313820264,747.4311133174513,720.34766,735.4441642998694
2020-02-01 06:00:00,604,666.2302721088436,689.2635159631551,671.1573,674.4520908168278
2020-02-01 07:00:00,1184,1539.3942857142856,1442.2011830569813,1465.1754,1477.986574712348
2020-02-01 08:00:00,2452,2412.9218707482996,2223.4322470402767,2421.5671,2369.8720987830816
2020-02-01 09:00:00,3352,3432.2900340136052,3323.640179083503,3384.9946,3381.479867727402
2020-02-01 10:00:00,3701,3702.3535714285713,3569.242476180734,3712.526,3674.1619513554515
2020-02-01 11:00:00,3614,3539.9282011693567,3556.3722161112423,3505.5886,3526.8694158435874
2020-02-01 12:00:00,3396,3403.4298139255698,3364.721571848788,3373.1052,3378.590458748277
2020-02-01 13:00:00,3290,3192.908851403478,3176.6154280185524,3188.9365,3186.8493315742576
2020-02-01 14:00:00,3010,3026.4094036490637,2999.54673200988,2997.64,3005.3089802037985
2020-02-01 15:00:00,2695,2753.4759464031604,2732.285779503396,2765.1038,2753.9923113594514
2020-02-01 16:00:00,2594,2566.5869585728087,2542.7539499183076,2590.1074,2572.388938060279
2020-02-01 17:00:00,2686,2622.780586258183,2644.3227827171922,2671.4749,2652.513269001656
2020-02-01 18:00:00,2749,2682.6599357520786,2723.076535327934,2694.8484,2698.8583121059405
2020-02-01 19:00:00,2476,2522.7111106048355,2467.1065253740308,2497.8435,2496.376161924404
2020-02-01 20:00:00,2199,2118.54993622449,2125.5695632195475,2094.3862,2108.2229900953844
2020-02-01 21:00:00,1652,1725.3734082229385,1731.5680994838374,1671.5964,1700.0335947001315
2020-02-01 22:00:00,1591,1675.4961678004533,1676.3591965257638,1619.2828,1647.6052595385854
2020-02-01 23:00:00,1843,1566.584858950573,1521.9863037221492,1583.772,1564.0287769963056
2020-02-02 00:00:00,1822,1370.6540136054423,1444.3480993008222,1315.155,1361.3280428750036
2020-02-02 01:00:00,776,1103.9421088435374,1097.808840849741,1066.2943,1083.5848931850383
2020-02-02 02:00:00,837,813.4561734693877,786.7707698184162,783.65393,791.8837011539822
2020-02-02 03:00:00,920,869.0956146898504,926.6721250447946,923.32513,910.6045020723332
2020-02-02 04:00:00,626,764.8529194037756,842.1807526072643,711.16223,757.3395337254162
2020-02-02 05:00:00,477,439.7111688311689,462.57295095456794,354.3384,402.7402346583483
2020-02-02 06:00:00,221,599.0349206349207,466.4044886371019,501.48138,517.1005444566775
2020-02-02 07:00:00,1317,1123.85156462585,1004.6580611893181,1128.628,1096.4414323326982
2020-02-02 08:00:00,2216,2197.045057561486,2223.7779829874785,2215.4026,2212.9070540825537
2020-02-02 09:00:00,2986,3215.3212052654153,3238.18737301815,3197.2715,3212.0128867583912
2020-02-02 10:00:00,3637,3561.5117140671528,3545.908767562745,3491.8716,3522.7909114230997
2020-02-02 11:00:00,3610,3630.1847193877547,3680.677483482953,3659.4314,3657.431248959864
2020-02-02 12:00:00,3532,3514.749840067341,3460.699621285566,3533.8982,3510.8114620179144
2020-02-02 13:00:00,3283,3338.252451070988,3331.9835384678163,3357.7134,3346.415686837826
2020-02-02 14:00:00,2993,3002.5449523857515,3005.678749437407,2981.2876,2992.6997242839147
2020-02-02 15:00:00,2730,2664.0764961896043,2668.7966069838344,2677.4963,2671.966444738672
2020-02-02 16:00:00,2479,2513.685742065762,2515.2066997227403,2492.9648,2503.7055323221257
2020-02-02 17:00:00,2563,2532.6242478501317,2499.9880182171205,2489.842,2503.0740870246254
2020-02-02 18:00:00,2776,2758.2511130735697,2713.967350252253,2694.531,2715.320118761143
2020-02-02 19:00:00,2732,2814.4580645986275,2844.6271745699937,2822.7583,2826.15046018278
2020-02-02 20:00:00,2448,2509.9437372966568,2533.672333948178,2481.3035,2501.555751209646
2020-02-02 21:00:00,1769,1906.9885461217982,1921.9225037401363,1900.0146,1907.2350866842337
2020-02-02 22:00:00,1714,1693.1214356833646,1644.3531937755074,1652.7864,1660.7618458412805
2020-02-02 23:00:00,1433,1561.3718934240364,1639.2049664009385,1667.8563,1634.0723765773375
2020-02-03 00:00:00,1274,1208.1219727891157,1433.6595725243035,1311.4645,1316.177625097886
2020-02-03 01:00:00,913,892.3768429189857,893.1714773045728,916.243,904.5085705344053
2020-02-03 02:00:00,584,538.6739797561537,612.4433469164911,530.62665,553.0926556427705
2020-02-03 03:00:00,263,555.0347382286247,500.52743978750294,470.3307,499.0558887423132
2020-02-03 04:00:00,903,704.3555093319379,709.4483412599878,670.69495,688.7984357925127
2020-02-03 05:00:00,1521,1165.83768707483,1430.868959360591,1407.463,1352.9081679565115
2020-02-03 06:00:00,2381,2238.7593197278907,2278.111589605628,2285.1257,2271.780593544317
2020-02-03 07:00:00,2498,3232.2042975673608,3303.5193056712637,3257.5652,3262.7134935830936
2020-02-03 08:00:00,2821,3117.620975410366,2749.6488983817717,2823.408,2878.521447940222
2020-02-03 09:00:00,2902,3087.4442838246414,2954.6922326517047,2954.6604,2987.864329314399
2020-02-03 10:00:00,2830,3000.0442285424806,2934.738969755711,2955.69,2961.540770277673
2020-02-03 11:00:00,2742,2865.038980751392,2799.639807597442,2809.895,2821.1172068528335
2020-02-03 12:00:00,2615,2688.9283627669656,2753.954902442486,2693.8083,2707.6249911070504
2020-02-03 13:00:00,2693,2650.3113735060842,2712.2119481368145,2670.1514,2675.7065140044747
2020-02-03 14:00:00,2266,2620.4808877728115,2703.2846262129806,2656.3535,2659.118136308948
2020-02-03 15:00:00,2236,2370.5494331701593,2408.1078624567954,2414.7551,2402.0418873833014
2020-02-03 16:00:00,2266,2331.314741097154,2307.8957845125706,2198.0137,2258.809467339931
2020-02-03 17:00:00,2634,2389.947829410775,2371.2775896072862,2409.7273,2395.1700022154528
2020-02-03 18:00:00,2876,2762.470067277288,2781.4171010668365,2797.4866,2784.7150782188437
2020-02-03 19:00:00,2982,2871.6518333521567,2881.9303937748696,2929.1023,2902.946704242694
2020-02-03 20:00:00,3056,2639.7578661472066,2711.011343759345,2636.97,2656.1772878282004
2020-02-03 21:00:00,2202,2264.8704916512056,2380.029303464735,2332.294,2327.371921435235
2020-02-03 22:00:00,1826,1960.0534104690375,1919.17166136383,1973.2035,1956.4080135636857
2020-02-03 23:00:00,1430,1564.2153788372682,1556.8182666816606,1554.8297,1557.6732673367635
2020-02-04 00:00:00,1336,1253.3295918367346,1214.6505645496381,1288.8019,1261.3959790379995
2020-02-04 01:00:00,1101,1020.6843967587037,1020.8543280398313,948.75116,984.7602610336181
2020-02-04 02:00:00,769,719.8449953682095,629.0406042351242,571.4566,622.9497019027865
2020-02-04 03:00:00,374,569.4449439722495,544.0665592628931,480.85977,518.8077616730434
2020-02-04 04:00:00,1057,691.240718210361,720.481205728911,776.1504,741.005676297318
2020-02-04 05:00:00,1346,1368.4506632653058,1432.3607725059162,1419.2684,1409.8370752513993
2020-02-04 06:00:00,2590,2241.5235425685423,2175.2877899201726,2205.47,2206.937818473741
2020-02-04 07:00:00,3050,3105.4371900452493,3212.7464621316926,3042.2231,3100.6574853098605
2020-02-04 08:00:00,2838,3129.7786642200745,3101.3767293564356,3010.0442,3062.81094312069
2020-02-04 09:00:00,3317,2909.478068409922,2796.895034720384,2838.4272,2845.8068988294517
2020-02-04 10:00:00,3226,3168.0357375629296,3034.9844403244547,2984.8647,3043.1874175187213
2020-02-04 11:00:00,2857,2948.8242660936107,2918.546639308628,2958.8794,2946.2824236161846
2020-02-04 12:00:00,2924,2727.050429568075,2732.4588589138,2684.786,2707.2702664564063
2020-02-04 13:00:00,2813,2810.018501490614,2817.6283905951163,2813.491,2813.65720641987
2020-02-04 14:00:00,2494,2675.543108816655,2628.1540437820763,2657.474,2654.661348696558
2020-02-04 15:00:00,2286,2435.226393682375,2332.921955539815,2350.3535,2367.2138451180476
2020-02-04 16:00:00,2252,2330.1099682853696,2212.7425417398326,2269.53,2270.478142154738
2020-02-04 17:00:00,2554,2415.265394185859,2424.903419875161,2489.265,2454.6746498043176
2020-02-04 18:00:00,2751,2749.1454668010892,2762.134363744512,2773.2693,2764.454601191088
2020-02-04 19:00:00,3196,2881.830578733945,2914.740803557421,2935.9546,2917.1201404947165
2020-02-04 20:00:00,2879,2921.203973149866,2858.106564523586,2871.931,2880.7930885199257
2020-02-04 21:00:00,2471,2282.3358520115876,2270.4424918647014,2310.9854,2293.6872617503223
2020-02-04 22:00:00,2033,2000.6401188835187,2057.1566932440446,2030.1171,2029.5077357467346
2020-02-04 23:00:00,1619,1676.8906850478481,1613.950234173213,1659.107,1652.2637576372965
2020-02-05 00:00:00,1410,1321.7180937258781,1407.7087808671154,1539.1389,1451.9261766560608
2020-02-05 01:00:00,1275,1095.1051327522882,1090.0048839134595,1075.3236,1083.9393083656557
2020-02-05 02:00:00,812,850.5080272108844,837.8807328652146,863.9522,854.0732947553529
2020-02-05 03:00:00,451,473.28243945947946,467.6148054967443,442.88745,456.66803682499346
2020-02-05 04:00:00,1171,860.8796165739024,891.2630990538651,933.96704,905.0191994147543
2020-02-05 05:00:00,1483,1408.899270086413,1462.5917632535006,1501.4124,1468.578935092791
2020-02-05 06:00:00,2106,2375.3334949070277,2441.554917007391,2488.3074,2448.375789502042
2020-02-05 07:00:00,3140,3149.9187274215888,3004.6105622450277,3095.3179,3086.291257963529
2020-02-05 08:00:00,3055,3271.937942088982,3143.7433208042194,3173.018,3190.4293489264255
2020-02-05 09:00:00,3318,3191.029946799232,3160.972708066744,3154.2566,3165.128959614932
2020-02-05 10:00:00,3415,3152.3127970072446,3142.4222592622627,3091.9614,3119.6644769580016
2020-02-05 11:00:00,3023,2956.2646870748304,3022.560944337513,2917.5579,2953.485338517148
2020-02-05 12:00:00,2846,2890.6427074511976,2984.1583262386357,2948.6936,2943.047060180271
2020-02-05 13:00:00,2831,2738.6732176116934,2728.369964758241,2705.7761,2719.648857115921
2020-02-05 14:00:00,2667,2689.8103583021666,2681.1868312470306,2676.9924,2681.245513207612
2020-02-05 15:00:00,2892,2536.9140744596425,2490.316722421396,2473.0208,2493.318075196822
2020-02-05 16:00:00,2005,2543.8581188072053,2532.605515327478,2531.1533,2534.692568689921
2020-02-05 17:00:00,2781,2412.210546869428,2447.3678009962955,2461.795,2445.792047903931
2020-02-05 18:00:00,3007,2881.8527800956904,2982.532714762943,2964.8176,2948.505187191221
2020-02-05 19:00:00,3498,3106.9749372564643,3076.811275395247,3258.032,3174.962544373865
2020-02-05 20:00:00,2987,2921.4417584820494,2865.3749801434565,2879.004,2886.2061377813766
2020-02-05 21:00:00,2417,2389.388350340136,2461.4302445755934,2372.6062,2399.00774931487
2020-02-05 22:00:00,2081,2118.2283041561614,2114.6205892210337,2073.9583,2095.1913493208613
2020-02-05 23:00:00,1535,1639.437803030303,1647.0769438023854,1563.9565,1603.6069581925472
2020-02-06 00:00:00,1128,1258.8296578631453,1282.9157714730623,1295.0044,1282.938554599677
2020-02-06 01:00:00,1192,1014.7537269933384,1075.334799613563,1072.5219,1058.7830569446942
2020-02-06 02:00:00,932,901.7982474345671,985.8671770454469,933.6594,938.746068034066
2020-02-06 03:00:00,504,511.1266442486085,571.5723715738352,555.85724,548.6033733403765
2020-02-06 04:00:00,741,839.2278061224491,937.5252363341148,922.64526,905.5108924500785
2020-02-06 05:00:00,1681,1307.317641723356,1404.457092181075,1412.5969,1384.2421453901702
2020-02-06 06:00:00,2326,2484.1409679871954,2666.852703220503,2712.6611,2644.0789842081745
2020-02-06 07:00:00,2927,3069.9591598333773,3094.255651700195,3178.3525,3130.2299724146433
2020-02-06 08:00:00,3271,3219.6140926153103,3266.9328820713913,3193.2158,3218.2446538279255
2020-02-06 09:00:00,2874,3189.9213009609434,3192.0283226412025,3202.285,3196.629861955224
2020-02-06 10:00:00,3396,2934.6186600231276,2880.274674789053,2888.2468,2897.8467467889827
2020-02-06 11:00:00,2788,3057.160126705228,2924.615753084566,2949.0493,2969.9686281505737
2020-02-06 12:00:00,2799,2749.967708214053,2757.7060812561804,2723.5603,2738.6985987347457
2020-02-06 13:00:00,2794,2725.487393729788,2723.679862991892,2744.8176,2734.7006276569828
2020-02-06 14:00:00,2565,2668.8083455560877,2668.160115187664,2680.5579,2674.5210458500005
2020-02-06 15:00:00,2774,2537.7521019565406,2517.37335188642,2523.0735,2525.3181066248026
2020-02-06 16:00:00,2299,2517.0179490959854,2427.196404718873,2447.0813,2459.5942378677773
2020-02-06 17:00:00,2474,2425.7925943929804,2471.7245048774002,2552.3484,2500.5534691535327
2020-02-06 18:00:00,2855,2783.5352221195258,2795.2985855802303,2778.2551,2783.8360154015018
2020-02-06 19:00:00,2948,2998.249862349288,3031.9584703053056,3082.1655,3048.6348468355236
2020-02-06 20:00:00,2962,2852.3087640637305,2809.4702264602843,2796.7246,2813.807052318504
2020-02-06 21:00:00,2358,2420.455309214595,2520.70483749002,2407.8108,2439.195432183966
2020-02-06 22:00:00,2051,2092.533047063357,2092.7018860372496,2128.9941,2110.8058035876516
2020-02-06 23:00:00,1550,1693.934582742188,1658.4755578032555,1590.5671,1633.3861044722985
2020-02-07 00:00:00,1365,1162.254841269841,1306.8420341537294,1267.8771,1251.212756453549
2020-02-07 01:00:00,1218,1103.3646937396206,1126.2118251829565,1170.1964,1142.4923352970504
2020-02-07 02:00:00,745,867.2690889586605,863.2311977417831,798.5616,831.905863911439
2020-02-07 03:00:00,473,551.9899911150358,456.0353867640393,505.38092,504.6968046748469
2020-02-07 04:00:00,1154,809.862246087246,806.6523636871378,856.55786,832.4075831076584
2020-02-07 05:00:00,1479,1422.7407653061225,1558.8163017589445,1469.7666,1480.2725675475167
2020-02-07 06:00:00,2120,2244.3236258610027,2291.2479839427333,2229.4922,2248.638996200934
2020-02-07 07:00:00,3225,3179.0401081187856,3015.2137024990916,3139.7683,3118.4476079279066
2020-02-07 08:00:00,3182,3379.8872193664447,3355.053879896947,3364.5374,3366.0039515736603
2020-02-07 09:00:00,3347,3199.0846399231855,3173.379149492614,3213.2385,3199.7352100492626
2020-02-07 10:00:00,2703,3166.3583629581967,3159.704170629194,3125.8733,3144.45227890466
2020-02-07 11:00:00,3227,2858.034085564584,2787.958108824018,2821.389,2822.192506604963
2020-02-07 12:00:00,2900,2934.626622430398,2806.0492999789117,2961.5642,2915.951085094515
2020-02-07 13:00:00,2831,2832.4682979957934,2865.157044721381,2876.1655,2862.4890993511685
2020-02-07 14:00:00,3122,2766.4573198056682,2732.753880044344,2788.4153,2769.0104415640653
2020-02-07 15:00:00,2862,2799.3525660392947,2799.7918252559707,2761.6597,2780.6159318081914
2020-02-07 16:00:00,2141,2661.6996057531737,2620.087195960992,2615.3105,2628.1019738660416
2020-02-07 17:00:00,2658,2532.89723523921,2451.291815956508,2489.9849,2491.0396944395543
2020-02-07 18:00:00,2984,2799.5580923497782,2848.8277569635748,2809.8096,2817.001247484588
2020-02-07 19:00:00,3007,2880.5987281567523,2890.365679520016,2988.0684,2936.7752816066923
2020-02-07 20:00:00,2350,2659.9548268095114,2723.6228023383474,2669.8835,2680.836179747902
2020-02-07 21:00:00,1887,2036.074675635211,2083.2301349245167,2017.3826,2038.5174868196195
2020-02-07 22:00:00,1717,1884.0106275540224,1939.227929930808,1870.3773,1890.9982990391763
2020-02-07 23:00:00,1592,1627.5614327529397,1617.7505126018452,1610.0027,1616.3293291121338
2020-02-08 00:00:00,1356,1384.229444959802,1326.0605435676757,1357.9235,1356.5342280889008
2020-02-08 01:00:00,1265,1126.9667309524384,1072.3700627777985,1115.4327,1107.5505680614656
2020-02-08 02:00:00,788,851.6004290947149,851.5373785961134,890.656,871.1124548523945
2020-02-08 03:00:00,415,546.5990561224489,513.6005060359624,455.27167,492.68572427983725
2020-02-08 04:00:00,885,708.0432560296846,845.8504732814445,840.2291,808.5879953160635
2020-02-08 05:00:00,677,894.0026190476191,1103.428421529096,1068.392,1033.5537440308976
2020-02-08 06:00:00,774,796.3075850340135,771.386185683678,719.86487,751.8558767614542
2020-02-08 07:00:00,1390,1571.2681462585035,1203.0934910183898,1275.7306,1331.4557047293797
2020-02-08 08:00:00,2804,2568.409911778548,2490.3919741564664,2640.1062,2584.753572069691
2020-02-08 09:00:00,3662,3696.309143475572,3579.4652740998367,3614.293,3626.090088768852
2020-02-08 10:00:00,3848,3845.6029560915276,3768.2990978081366,3882.1804,3844.5657234358537
2020-02-08 11:00:00,3650,3607.716075125702,3608.2617765641908,3612.522,3610.2554492505983
2020-02-08 12:00:00,3498,3435.601326390083,3418.121043940632,3385.9382,3406.3997087936164
2020-02-08 13:00:00,3233,3281.4409817377236,3238.7626394472886,3275.723,3267.9123554915654
2020-02-08 14:00:00,2866,2995.141295050056,3037.2373381721313,2996.3726,3006.280937602422
2020-02-08 15:00:00,2688,2707.6156266305697,2671.8661278975715,2627.9524,2658.8466349210976
2020-02-08 16:00:00,2583,2587.5974909553092,2488.7778849219353,2523.1975,2530.6925988521234
2020-02-08 17:00:00,2762,2648.5655159221537,2634.8733738461488,2656.5586,2649.1390193170755
2020-02-08 18:00:00,2985,2772.2741651648053,2859.943473217179,2786.0862,2801.0975004158086
2020-02-08 19:00:00,2484,2759.7617250081853,2749.1083278203478,2754.4185,2754.4267417227584
2020-02-08 20:00:00,2166,2092.8120989229024,2153.138863384391,2089.275,2106.1251917486984
2020-02-08 21:00:00,1747,1669.9456689342403,1677.2027702417572,1683.6609,1678.617554129937
2020-02-08 22:00:00,1531,1634.4770606964248,1656.5218613551256,1637.8158,1641.6576284621065
2020-02-08 23:00:00,1756,1663.7575527608278,1635.721181922158,1639.385,1644.5621885535588
2020-02-09 00:00:00,1789,1405.2691558441556,1412.9110214117586,1356.7618,1382.9259647241347
2020-02-09 01:00:00,836,1091.8759803921569,1097.7817638415434,1042.0934,1068.4611279529563
2020-02-09 02:00:00,705,769.4154914379544,777.3150438616101,742.07294,757.7191023307505
2020-02-09 03:00:00,1067,686.3957963534251,723.9219588424411,812.02466,758.591767900529
2020-02-09 04:00:00,905,792.2327581941868,850.384051078738,802.0925,811.7004669666687
2020-02-09 05:00:00,517,566.6296784168212,507.2734569998214,445.62964,491.2906031900982
2020-02-09 06:00:00,339,552.8461067503924,448.9203963021577,462.73462,481.80893533345005
2020-02-09 07:00:00,1346,1238.7669387755102,1210.2205593480098,1229.8397,1227.1667353707237
2020-02-09 08:00:00,2162,2184.4578911564627,2278.908865552392,2265.9692,2248.8263083178385
2020-02-09 09:00:00,3343,3218.9056723855974,3265.534838224957,3165.0793,3203.6498005042013
2020-02-09 10:00:00,3570,3749.5355047473536,3698.8071760842618,3721.8293,3723.000343059466
2020-02-09 11:00:00,3554,3593.9373516628875,3575.608979302109,3570.6113,3577.692246803749
2020-02-09 12:00:00,3520,3404.767015314897,3406.663692455313,3410.0203,3407.86780877849
2020-02-09 13:00:00,3260,3284.537442238894,3293.6244543966172,3309.9124,3299.49665091669
2020-02-09 14:00:00,2977,2973.9918202945364,2959.6723035974874,2943.1626,2954.997329801131
2020-02-09 15:00:00,2796,2629.6265079841414,2682.734219976026,2681.1414,2668.6608607009794
2020-02-09 16:00:00,2566,2549.957272861784,2545.9155267288506,2552.5854,2550.2609245070335
2020-02-09 17:00:00,2153,2588.8429429784437,2598.724941913574,2630.642,2612.2130161448795
2020-02-09 18:00:00,2829,2614.2957948593175,2623.6228192395824,2665.69,2642.32462422785
2020-02-09 19:00:00,2661,2856.556821779057,2844.1534828410486,2815.4753,2832.9152470534636
2020-02-09 20:00:00,2321,2396.960486001418,2431.4236880820454,2436.6724,2425.432225161491
2020-02-09 21:00:00,2082,1813.9193259121832,1809.0607575294255,1860.2545,1835.8722791611835
2020-02-09 22:00:00,1654,1777.5365668882657,1759.3662985939866,1799.9838,1784.2175986947818
2020-02-09 23:00:00,1881,1488.7151210782822,1508.6143999202598,1492.9081,1495.7864207769792
2020-02-10 00:00:00,1568,1306.3621428571428,1499.1059838826986,1461.8466,1432.290310493554
2020-02-10 01:00:00,559,934.711807953951,836.9219921357956,784.6068,835.2118557841554
2020-02-10 02:00:00,750,644.7130586477015,620.8338171297819,663.3816,648.0775148428083
2020-02-10 03:00:00,851,714.3870068027211,849.458175981542,801.1899,791.5562358816127
2020-02-10 04:00:00,760,849.8650321791918,907.7991117950786,924.04205,901.4370626048957
2020-02-10 05:00:00,1203,1022.7795918367348,1022.6951048178524,985.0129,1003.8751133726312
2020-02-10 06:00:00,1916,2179.6381985589937,2086.835045160216,2101.185,2117.2108402266776
2020-02-10 07:00:00,2435,2891.178826530612,2721.5606140517743,2781.2632,2793.8164519424718
2020-02-10 08:00:00,2567,3194.6899818114935,2807.0129321805607,2926.2808,2963.5661093573885
2020-02-10 09:00:00,3184,3077.3845073325924,2814.914422577774,2891.8635,2919.006495172904
2020-02-10 10:00:00,3217,3232.574387641344,3093.0233244833585,3112.2305,3137.5146624061754
2020-02-10 11:00:00,3070,3067.808477078861,2997.1062577638113,2980.82,3006.6387178903556
2020-02-10 12:00:00,3030,2940.035953346951,2972.0532848969187,2929.2014,2942.6230175687797
2020-02-10 13:00:00,2840,2880.701251101114,2920.1399694327088,2887.588,2894.0042504459557
2020-02-10 14:00:00,3014,2769.6507413496633,2702.673115899044,2728.9485,2732.5552074762395
2020-02-10 15:00:00,2700,2712.229432937996,2682.506882195947,2766.6338,2732.000973314736
2020-02-10 16:00:00,2106,2536.19636729242,2508.005725118771,2493.7083,2507.9046490793603
2020-02-10 17:00:00,2475,2378.6710929716023,2374.5575252206204,2459.7295,2418.1719006418057
2020-02-10 18:00:00,3003,2745.0694648068325,2759.84619784078,2782.8992,2767.6785006228406
2020-02-10 19:00:00,3193,2887.1817462374784,2955.14160729887,2949.1904,2935.176053227837
2020-02-10 20:00:00,2803,2798.612730030587,2874.588075643684,2860.871,2848.7357482935677
2020-02-10 21:00:00,2429,2283.4541948724436,2175.8448516983062,2273.2766,2251.46306730675
2020-02-10 22:00:00,2129,2028.9934491047256,1934.9112901748092,2017.9148,1999.9335822808212
2020-02-10 23:00:00,1522,1803.301136363636,1761.5071205086458,1713.3121,1747.8581311126018
2020-02-11 00:00:00,1296,1305.990668267307,1339.4030447176383,1382.7228,1352.7098174063926
2020-02-11 01:00:00,1084,934.28886909531,958.5682703944032,950.67377,948.5511684173501
2020-02-11 02:00:00,785,731.3617854934182,718.4728973110201,627.1853,676.051322068297
2020-02-11 03:00:00,450,661.1219614512471,556.9898534059396,560.889,584.9724422396873
2020-02-11 04:00:00,1045,794.4387301587301,762.3749230395148,808.98254,793.6946852722175
2020-02-11 05:00:00,1587,1346.7810714285713,1441.720524188644,1401.0981,1397.674471169929
2020-02-11 06:00:00,2145,2213.9193786848073,2404.336775577,2179.502,2244.315015127952
2020-02-11 07:00:00,3317,2902.47265692703,3013.225606607241,2875.6367,2916.742925258568
2020-02-11 08:00:00,2861,3330.3660646682915,3284.248087295181,3340.6729,3323.9899637721182
2020-02-11 09:00:00,3311,3021.999283388569,3058.6851836419974,3131.8813,3086.1117905857664
2020-02-11 10:00:00,3204,3160.922677335196,3128.602620096119,3135.4739,3140.1182628343913
2020-02-11 11:00:00,3014,3003.3167484727687,3019.720594214607,2969.0645,2990.291562234344
2020-02-11 12:00:00,2866,2917.5624516817247,2905.5988934790826,2899.2002,2905.3904339464516
2020-02-11 13:00:00,2804,2776.20610176471,2777.378619612256,2768.1023,2772.447327805179
2020-02-11 14:00:00,2840,2733.7505785923368,2713.7449026144595,2738.7913,2731.2695001845113
2020-02-11 15:00:00,2544,2693.5737705419288,2591.223541265286,2629.1133,2635.7559685768038
2020-02-11 16:00:00,2050,2452.6908826813915,2322.672118396176,2383.2676,2385.4745393318917
2020-02-11 17:00:00,2087,2386.313944335185,2408.2380377409654,2414.2563,2405.7661693471628
2020-02-11 18:00:00,2766,2736.2205618470407,2677.6504970872884,2724.8975,2715.916495202332
2020-02-11 19:00:00,3211,2946.7364977210987,3062.4341376562584,3105.837,3055.2111158755893
2020-02-11 20:00:00,2913,2862.683984506589,2854.5849891931457,2850.993,2854.813703385871
2020-02-11 21:00:00,2367,2397.404319727891,2469.026399642864,2416.984,2425.099623202064
2020-02-11 22:00:00,2132,2083.678456322461,2131.938563160952,2131.2656,2119.537067370853
2020-02-11 23:00:00,1676,1726.50652613867,1729.3893193171732,1714.7385,1721.3432240592733
2020-02-12 00:00:00,1570,1384.2727013871245,1435.6327925535131,1472.3732,1441.1629579578157
2020-02-12 01:00:00,1312,1119.954343967472,1182.6922882445804,1131.0623,1141.1927859827006
2020-02-12 02:00:00,877,832.549569727891,811.4372871577879,742.3197,782.1565652956385
2020-02-12 03:00:00,583,625.8103911564626,592.0937427055412,603.8589,606.4054768248759
2020-02-12 04:00:00,955,960.9481598194834,972.2800247883864,1019.4157,993.0149013765769
2020-02-12 05:00:00,1349,1439.4031292517009,1544.6244367598028,1499.4384,1495.7260687489697
2020-02-12 06:00:00,2390,2193.1913318022707,2209.763412226999,2173.259,2187.36820260888
2020-02-12 07:00:00,3105,3214.160084459415,3291.578499141356,3258.7407,3255.8050072283177
2020-02-12 08:00:00,3075,3233.732390270218,3184.69342779365,3165.6797,3187.446298265967
2020-02-12 09:00:00,3289,3133.3729547668795,3030.9727876581146,3116.6082,3099.390512754686
2020-02-12 10:00:00,3390,3103.8973342300606,3163.1883085735103,3136.028,3134.7854487868303
2020-02-12 11:00:00,3152,3136.864953115078,3131.4931714424524,3097.3462,3115.7626268425074
2020-02-12 12:00:00,2814,2979.9427961128786,2940.5600909768023,2928.1675,2944.209462006795
2020-02-12 13:00:00,2623,2748.72580097389,2748.1183334259217,2764.5098,2756.4659164124528
2020-02-12 14:00:00,2797,2636.9023860075367,2634.9951567596595,2655.977,2645.962911082424
2020-02-12 15:00:00,2840,2635.390275687964,2673.5865256414345,2620.887,2637.687681777662
2020-02-12 16:00:00,2023,2486.513105655549,2351.536441684712,2433.9666,2426.4956632022527
2020-02-12 17:00:00,2338,2383.7297218017643,2329.2781050706244,2381.226,2368.864993827472
2020-02-12 18:00:00,2855,2813.471891374375,2763.507216980799,2845.1785,2816.834010487231
2020-02-12 19:00:00,3344,3074.212609569872,3126.9570805816156,3174.3545,3137.469668631622
2020-02-12 20:00:00,2579,2917.9769051013022,2886.491329890567,2937.7275,2919.9808282792173
2020-02-12 21:00:00,2101,2278.0504170597073,2239.194500878057,2274.8635,2266.742992179754
2020-02-12 22:00:00,2005,1995.9573687929048,2074.4282286611674,2031.5735,2033.3831425275805
2020-02-12 23:00:00,1601,1751.6515758425703,1713.782403751118,1821.5632,1777.1401111093596
2020-02-13 00:00:00,1471,1382.1135714285715,1318.9114055559191,1345.9305,1348.2215152422164
2020-02-13 01:00:00,1359,1173.0619726511854,1168.0634073566705,1189.9487,1180.255710236339
2020-02-13 02:00:00,901,870.0500170068027,899.5281254545994,896.95245,890.8707624219911
2020-02-13 03:00:00,720,591.6285916528773,526.29678259324,569.9811,564.4718831123106
2020-02-13 04:00:00,976,824.1572454350161,797.8580050089905,902.99585,857.0017374156891
2020-02-13 05:00:00,1387,1345.9824673653245,1388.325709128994,1350.0161,1358.5851007642045
2020-02-13 06:00:00,2202,2262.2930796879377,2365.317302836668,2295.2026,2304.5039139905266
2020-02-13 07:00:00,3197,3110.032732608139,3254.7435704282575,3225.0886,3203.7383872825367
2020-02-13 08:00:00,3291,3291.560618587861,3247.5279911730827,3264.3525,3266.948421971486
2020-02-13 09:00:00,2996,3216.497725150592,3200.811997216868,3188.698,3198.6764296153024
2020-02-13 10:00:00,2474,2995.0793046108724,2936.1934357200385,2932.6682,2949.15229152804
2020-02-13 11:00:00,2845,2795.2416625790675,2658.1479457033706,2720.446,2723.570424531547
2020-02-13 12:00:00,2797,2746.5395385224256,2749.614505105183,2741.2432,2744.660092938152
2020-02-13 13:00:00,2575,2720.0620314141456,2693.8063023464183,2726.6592,2716.796673283891
2020-02-13 14:00:00,2507,2574.401206635557,2589.9339077241625,2608.064,2595.115761011805
2020-02-13 15:00:00,2342,2492.2495168815344,2536.046136816595,2567.913,2541.0304563932823
2020-02-13 16:00:00,2398,2340.3780594770483,2191.636869962288,2212.4148,2239.2111298207715
2020-02-13 17:00:00,2604,2457.6489544404526,2441.865176851539,2441.429,2445.5930103620603
2020-02-13 18:00:00,2716,2804.5245988126085,2814.190099070981,2784.7466,2797.0519654865225
2020-02-13 19:00:00,2807,2827.0692489093312,2870.8732826775167,2849.979,2849.475134849837
2020-02-13 20:00:00,2607,2693.8004523067034,2689.1690559923222,2668.4033,2679.9440372310064
2020-02-13 21:00:00,2213,2236.571595434602,2175.242174360058,2264.7107,2235.3087891283526
2020-02-13 22:00:00,2086,2014.955197252038,2056.592925344942,2083.7803,2059.777167367995
2020-02-13 23:00:00,1620,1745.467398862927,1697.0010373256937,1629.9841,1675.6091744768428
2020-02-14 00:00:00,1592,1355.8241376550618,1338.9396395417807,1334.3677,1340.8747821898355
2020-02-14 01:00:00,1268,1226.0491458880012,1278.430783803393,1319.271,1285.7554804697236
2020-02-14 02:00:00,910,728.6654965986395,743.6774254761999,690.175,713.1732244151942
2020-02-14 03:00:00,408,581.7418867243867,567.0424240990927,555.33044,564.8612998738386
2020-02-14 04:00:00,951,898.8351360544218,915.4712976143322,893.00305,900.0781342960947
2020-02-14 05:00:00,1396,1313.5133426436269,1426.6123781388303,1333.6978,1351.8803071487393
2020-02-14 06:00:00,2142,2246.022542492595,2209.8856893640555,2156.0945,2192.0242991751
2020-02-14 07:00:00,3064,3195.3552460948204,3251.7113422645725,3234.6924,3229.1128384960984
2020-02-14 08:00:00,3058,3314.540552471145,3323.7551541094062,3239.935,3279.541455942013
2020-02-14 09:00:00,3235,3179.6856705858922,3220.507431734255,3183.342,3191.719296087849
2020-02-14 10:00:00,3038,2982.835195256344,2972.4935680157528,2945.4343,2961.5493539039617
2020-02-14 11:00:00,2896,2911.337603435514,2979.3846362106674,2959.6445,2952.5028255365455
2020-02-14 12:00:00,2840,2853.671651680012,2857.0128116349797,2850.0354,2852.6888160240605
2020-02-14 13:00:00,2787,2777.439163402564,2772.57052214147,2790.4492,2782.727030761009
2020-02-14 14:00:00,3058,2756.518205682532,2744.8376802775956,2756.404,2753.5409978572193
2020-02-14 15:00:00,2922,2777.2806877417893,2797.8770431589514,2781.2974,2784.43811436581
2020-02-14 16:00:00,2390,2624.8697571452817,2588.134321071355,2631.4468,2618.974408226034
2020-02-14 17:00:00,2368,2463.5131590983433,2411.084059138797,2410.7842,2424.041394403035
2020-02-14 18:00:00,2790,2737.17151223495,2667.224426669368,2704.7354,2703.4666605073294
2020-02-14 19:00:00,2634,2809.4860481948895,2846.603905330062,2874.1187,2851.081814553113
2020-02-14 20:00:00,2521,2354.7413755836365,2386.5992352565713,2404.879,2387.774605835052
2020-02-14 21:00:00,1896,2061.290494485673,2098.766678337886,2052.4546,2066.2415881277648
2020-02-14 22:00:00,1645,1871.0253994438851,1870.349817526919,1907.866,1889.2767876411385
2020-02-14 23:00:00,1696,1658.4898473682576,1608.3435143014883,1621.6906,1627.5536162963426
2020-02-15 00:00:00,1717,1457.776756702681,1465.4001062262,1398.9984,1430.293422275189
2020-02-15 01:00:00,1335,1199.6096031746033,1239.3033537042547,1185.9004,1202.6784345322144
2020-02-15 02:00:00,619,756.8644971219259,767.495829401687,689.5741,725.877129970747
2020-02-15 03:00:00,915,618.0942635309552,598.8724797525459,689.2608,648.8720874322034
2020-02-15 04:00:00,1175,891.2383302411872,960.9421083727009,1007.6579,966.8740586280815
2020-02-15 05:00:00,873,992.8373469387752,1086.9211953792392,1033.4565,1036.6679070638786
2020-02-15 06:00:00,559,759.3641950113379,732.9846323185868,744.3291,745.2517576137311
2020-02-15 07:00:00,1418,1596.014761904762,1488.746483182707,1555.5367,1548.9586828538986
2020-02-15 08:00:00,2682,2620.9325850340138,2604.419390882486,2722.0535,2667.3647273775623
2020-02-15 09:00:00,3717,3664.615952380952,3597.8796821664982,3637.708,3634.4779125431123
2020-02-15 10:00:00,3951,3906.3368702725847,3824.0305754375863,3887.4756,3876.329654396293
2020-02-15 11:00:00,3920,3745.849918005962,3689.7460980404067,3731.2983,3724.5481739334673
2020-02-15 12:00:00,3508,3534.69143023956,3604.2488954502214,3554.6716,3562.070896852133
2020-02-15 13:00:00,3315,3303.985235854133,3239.093947173825,3246.407,3258.973286967927
2020-02-15 14:00:00,3152,3031.2659081467596,3053.0025256046415,3019.1794,3030.6568301175375
2020-02-15 15:00:00,2854,2883.58708707926,2841.2349961667915,2848.5376,2855.474319639638
2020-02-15 16:00:00,2687,2668.1330060667146,2653.7171471591005,2639.6292,2650.2771135017665
2020-02-15 17:00:00,2830,2676.9260057135257,2655.5903450736646,2698.9976,2682.627866993673
2020-02-15 18:00:00,2795,2786.553860091512,2876.2042325590687,2851.1436,2841.261300506395
2020-02-15 19:00:00,2486,2553.091116055734,2557.9923700744503,2567.8271,2561.684445751296
2020-02-15 20:00:00,2201,2113.5999430435513,2186.5002236413857,2147.2686,2148.6593190149842
2020-02-15 21:00:00,1709,1684.7676236858376,1792.3970519269521,1694.5674,1716.5748603094476
2020-02-15 22:00:00,1474,1622.8531906240758,1668.8475244920526,1620.6726,1633.2614824899697
2020-02-15 23:00:00,1344,1686.6084127255021,1659.0780762094662,1732.6456,1702.7444371751483
2020-02-16 00:00:00,1610,1399.3129591836737,1566.8542729594005,1545.3423,1514.2129506138936
2020-02-16 01:00:00,1188,1190.6734523809523,1202.9780366086022,1210.4998,1203.662750177076
2020-02-16 02:00:00,813,726.4506122448978,638.489552461427,619.0747,650.7723946922063
2020-02-16 03:00:00,1058,767.0422759452616,814.4814684879267,794.6264,792.694138012594
2020-02-16 04:00:00,817,953.8186054421769,1021.4386625145887,985.3986,986.5136272919258
2020-02-16 05:00:00,589,502.38789115646256,520.0920594219868,457.88998,484.56497971004205
2020-02-16 06:00:00,287,514.2139215198275,486.18922632205533,459.90793,480.05475119386915
2020-02-16 07:00:00,1259,1229.9092857142857,1171.7343779807816,1231.0032,1215.9125028378294
2020-02-16 08:00:00,2193,2144.5776190476195,2189.4610105676043,2212.7769,2189.898085138181
2020-02-16 09:00:00,3170,3269.7438220638214,3351.7376970543,3252.5374,3281.639056537343
2020-02-16 10:00:00,3597,3665.604101731602,3618.0887527667815,3661.2156,3651.5310017105335
2020-02-16 11:00:00,3775,3676.4921228491394,3610.169993119587,3595.7808,3619.555909851557
2020-02-16 12:00:00,3632,3574.1626288013963,3503.4329175907533,3545.287,3542.0424412855373
2020-02-16 13:00:00,3315,3394.536879593936,3336.357773765991,3303.5127,3334.4800109962316
2020-02-16 14:00:00,3036,3039.2199058783076,3010.3655799329767,3022.1348,3023.463754265321
2020-02-16 15:00:00,2646,2652.189576497266,2729.9450653941785,2756.9219,2723.994597972861
2020-02-16 16:00:00,2377,2445.977817393276,2452.877302152455,2478.1348,2463.781162698933
2020-02-16 17:00:00,2229,2478.298783479981,2412.7117692742313,2456.207,2450.856153813553
2020-02-16 18:00:00,2814,2621.8907314700123,2582.2647406907895,2660.4573,2631.2675057355127
2020-02-16 19:00:00,2824,2827.0856781539874,2774.6104079829825,2806.545,2803.6964824717425
2020-02-16 20:00:00,2612,2550.135727657999,2500.2246770122865,2503.008,2514.094129487884
2020-02-16 21:00:00,2010,1983.5542617781557,2007.2844377593804,1996.7471,1996.083210040634
2020-02-16 22:00:00,1734,1740.6522589440635,1704.335789555851,1768.6288,1745.5614042148225
2020-02-16 23:00:00,1076,1672.7585265924554,1596.1742474113373,1610.0023,1622.2343531689169
2020-02-17 00:00:00,965,1203.101666666667,1196.761131641369,1156.6473,1178.2893690106027
2020-02-17 01:00:00,569,764.9399539815927,822.7627816828602,768.0791,780.9652346973633
2020-02-17 02:00:00,142,550.890901385408,493.82759925876115,513.4515,517.9053636864329
2020-02-17 03:00:00,137,645.1276437847866,760.7896251251314,695.56665,699.2626424227919
2020-02-17 04:00:00,655,730.3240732524895,646.4752277757185,769.48206,728.9408530890832
2020-02-17 05:00:00,1145,1104.4596598639455,1227.3629741833279,1301.8628,1233.8870549961935
2020-02-17 06:00:00,2388,2113.459270985906,1898.7990896732965,2223.7847,2114.9569241491754
2020-02-17 07:00:00,3455,3228.8027969968466,2925.0523453464666,3160.59,3118.7588295311407
2020-02-17 08:00:00,3269,3458.790263387406,3291.8276461263567,3414.603,3394.955991050316
2020-02-17 09:00:00,3200,3251.1826918305865,3189.415913528537,3254.0083,3237.153801730406
2020-02-17 10:00:00,3007,3036.048991571298,3052.7928205118187,3089.6628,3067.0418739192164
2020-02-17 11:00:00,2826,2897.2811760213517,2930.568319535562,2917.261,2915.592867053291
2020-02-17 12:00:00,2823,2782.8636630151395,2823.426421454957,2777.0457,2790.0953482659615
2020-02-17 13:00:00,3024,2754.164795475985,2790.702822310427,2773.2688,2772.8513038606657
2020-02-17 14:00:00,2812,2934.3119479670204,2878.794875311041,2956.1921,2931.372775155453
2020-02-17 15:00:00,3094,2621.4633479697272,2633.9360595901426,2601.8328,2614.766233725905
2020-02-17 16:00:00,2358,2584.9229967214046,2575.1876688012467,2602.9465,2591.500932982225
2020-02-17 17:00:00,2096,2246.8906355512754,2250.8667959925356,2341.7122,2295.295436987515
2020-02-17 18:00:00,2690,2724.528697323755,2722.09745796125,2744.5215,2733.917281008751
2020-02-17 19:00:00,2804,2797.2284507385084,2886.4544302185773,2840.1045,2840.9729663330213
2020-02-17 20:00:00,2625,2715.686820893334,2631.2811988551052,2720.352,2696.918030327735
2020-02-17 21:00:00,2005,2183.280825204596,2202.6136443480855,2198.904,2195.9256437553577
2020-02-17 22:00:00,2039,1877.875849658045,1880.5294455637224,1829.1443,1854.1734673601293
2020-02-17 23:00:00,1509,1577.2088767719986,1503.1250105853064,1623.0247,1581.5958009408887
2020-02-18 00:00:00,1358,1101.6428315326132,999.1759950972122,1144.9828,1097.6961007004252
2020-02-18 01:00:00,1179,925.490839517625,953.2326076598139,979.5528,959.4572594994379
2020-02-18 02:00:00,609,756.3461983254839,717.9843170962266,701.8167,719.4909845683183
2020-02-18 03:00:00,460,521.4103212610802,389.73981037477455,401.35477,428.46491633181523
2020-02-18 04:00:00,1096,764.5887066108495,794.3032444879701,783.168,781.3070026672831
2020-02-18 05:00:00,1540,1329.4859523809523,1429.868323260821,1451.7158,1415.6964790666934
2020-02-18 06:00:00,2409,2280.8745117257427,2354.638912477277,2293.06,2305.40838534763
2020-02-18 07:00:00,3138,3239.562676497353,3340.4847863707255,3367.7258,3328.874780756082
2020-02-18 08:00:00,3160,3228.512901300872,3268.19587661325,3163.4395,3205.8969210410305
2020-02-18 09:00:00,3386,3132.1671045879875,3020.4852441547723,3066.2039,3071.2650158966276
2020-02-18 10:00:00,3224,3158.5397109381342,3131.0860463941,3107.9863,3126.3996033955586
2020-02-18 11:00:00,2986,2990.80081745526,2999.3325785657985,2980.7207,2987.8937005677644
2020-02-18 12:00:00,2912,2919.1773399913736,2880.226938204544,2852.864,2876.283076384917
2020-02-18 13:00:00,2921,2806.3983295796265,2803.5720339307322,2773.5615,2789.2733525963395
2020-02-18 14:00:00,3066,2796.006289408325,2787.0920166364244,2802.5583,2797.0537513158747
2020-02-18 15:00:00,2658,2792.8188171603406,2891.583932151369,2819.3328,2830.767069163865
2020-02-18 16:00:00,2170,2471.537310964184,2337.5222343227683,2394.8657,2399.6977476498632
2020-02-18 17:00:00,1976,2285.526296351874,2094.6708497788914,2156.6733,2173.3859564545664
2020-02-18 18:00:00,2762,2696.084868956248,2656.6433500985518,2688.6128,2682.488451248075
2020-02-18 19:00:00,2899,2852.4508990503086,2950.217344833019,2950.6736,2926.003852963019
2020-02-18 20:00:00,2843,2882.4405462200343,2764.1211955611834,2919.4119,2871.346368062492
2020-02-18 21:00:00,2209,2230.4755061956294,2236.681347921312,2238.1843,2235.881376615173
2020-02-18 22:00:00,1855,2011.6916210725508,2033.4137721770219,2041.0463,2031.7994806366119
2020-02-18 23:00:00,1602,1571.8683038083125,1552.9543540642433,1541.4774,1551.9443729642326
2020-02-19 00:00:00,1419,1352.5554983811708,1360.4990328573576,1328.9476,1342.7374487276008
2020-02-19 01:00:00,1265,1112.2905161234082,1072.5328180902645,1109.2892,1100.8504258385744
2020-02-19 02:00:00,711,806.6447448979593,789.1711122452552,743.93445,770.9211884068974
2020-02-19 03:00:00,455,546.6096655518395,462.28145192836314,457.33105,480.88830671380066
2020-02-19 04:00:00,1111,902.6191608078638,886.5488614792534,954.2518,924.417890581545
2020-02-19 05:00:00,1375,1425.5446258503398,1487.4126304928618,1493.5575,1475.018061644394
2020-02-19 06:00:00,2102,2266.9963206661973,2342.7627822791274,2294.0908,2299.4851858925813
2020-02-19 07:00:00,3424,3169.7891902628057,3094.1332291192984,3112.1155,3122.0383441033387
2020-02-19 08:00:00,3351,3416.970085488741,3386.835005639102,3441.5781,3421.7403352819606
2020-02-19 09:00:00,3205,3290.8020344727443,3233.450503302605,3306.253,3284.189599287587
2020-02-19 10:00:00,3025,3050.8985959012944,3056.4001301474063,3014.6218,3034.1355945981127
2020-02-19 11:00:00,2845,2852.219215509375,2908.5231284637543,2837.758,2859.0646143135946
2020-02-19 12:00:00,2734,2745.154814431485,2745.472179107571,2720.1292,2732.7213235800764
2020-02-19 13:00:00,2384,2707.6008516907114,2686.609594420502,2713.6328,2705.3690177778035
2020-02-19 14:00:00,2307,2483.8258007301806,2569.3681236688467,2590.0012,2558.2990914513193
2020-02-19 15:00:00,2368,2410.30220174498,2472.1504907010403,2480.615,2460.9206682286926
2020-02-19 16:00:00,2470,2407.6257377732686,2179.5690982934875,2416.0344,2354.8159209307514
2020-02-19 17:00:00,2663,2418.40617276491,2351.526675703477,2381.6729,2383.3196378983466
2020-02-19 18:00:00,2880,2796.4611217243687,2801.3704148089873,2814.416,2806.665891945839
2020-02-19 19:00:00,2935,2936.9379167974125,2980.0872124399652,2982.5466,2970.529597739032
2020-02-19 20:00:00,2832,2783.697250903752,2757.3662594582706,2717.7693,2744.150521145193
2020-02-19 21:00:00,2339,2238.026578497097,2267.294615530096,2249.0034,2250.8320074911735
2020-02-19 22:00:00,1926,2016.7121730104338,1978.3866921081708,2012.8857,2005.217587373401
2020-02-19 23:00:00,1741,1644.410492681596,1604.5408816542986,1581.201,1602.8383684863174
2020-02-20 00:00:00,1374,1372.3318537414966,1375.205110265978,1433.4006,1403.5845583846813
2020-02-20 01:00:00,1228,1114.3183601657868,1086.657532422723,1067.2864,1083.88716162369
2020-02-20 02:00:00,927,822.0932028160101,800.0627246369215,797.80835,804.4431566679204
2020-02-20 03:00:00,507,535.7856108920842,519.3592338084808,449.53876,488.55558983725064
2020-02-20 04:00:00,844,929.7604591836734,873.0004003485489,946.1813,923.7808520900868
2020-02-20 05:00:00,1495,1315.3915526393366,1357.6202391092947,1338.9061,1337.7060119020016
2020-02-20 06:00:00,2576,2308.636703917931,2220.99983991693,2396.3586,2330.5884572477776
2020-02-20 07:00:00,3068,3208.7833971765936,3296.6211293461256,3311.4026,3282.0524255759924
2020-02-20 08:00:00,3038,3270.393857909462,3241.07075257376,3220.502,3238.117129183305
2020-02-20 09:00:00,3172,3049.900112735249,2983.1475056208183,3005.965,3011.2444485343294
2020-02-20 10:00:00,3019,3019.8179298309556,2972.1752420788875,2911.7356,2953.866090829023
2020-02-20 11:00:00,2797,2856.800768424529,2874.7426036858433,2861.6628,2863.7172639260307
2020-02-20 12:00:00,2547,2749.719573206402,2711.0303170318816,2729.6035,2729.989230372071
2020-02-20 13:00:00,3088,2634.805969809674,2544.644988177258,2533.014,2561.3696975045455
2020-02-20 14:00:00,3035,2737.9249464635986,2569.9171267066386,2622.5342,2638.2276081363093
2020-02-20 15:00:00,2446,2661.303334726354,2685.504729444286,2728.007,2700.7055560817225
2020-02-20 16:00:00,1816,2429.4634684347516,2390.771468903814,2360.7417,2385.4295839440165
2020-02-20 17:00:00,2544,2376.791499197505,2472.7466986187837,2435.628,2430.198514297822
2020-02-20 18:00:00,2710,2787.490617094422,2831.475245478755,2842.407,2825.944956854232
2020-02-20 19:00:00,2707,2866.390997714858,2849.62564821215,2832.352,2845.180186872377
2020-02-20 20:00:00,2618,2588.2570127672534,2584.067362460931,2601.2744,2593.7183008382963
2020-02-20 21:00:00,2257,2260.7483988370873,2246.884969191532,2236.22,2245.018327358717
2020-02-20 22:00:00,1919,1997.8946449504547,1972.6261978858488,1990.7041,1987.982261490326
2020-02-20 23:00:00,1549,1699.8349971647183,1631.9470790417345,1698.864,1682.3775258875507
2020-02-21 00:00:00,1325,1341.1010544217686,1314.6795381415186,1337.192,1332.541156441603
2020-02-21 01:00:00,1317,1112.4369650926062,1106.2737519742564,1171.7118,1140.5335752628093
2020-02-21 02:00:00,836,947.3800680272111,962.5346567044683,908.1412,931.549268341123
2020-02-21 03:00:00,495,488.43617997017645,430.2580577053144,438.00342,448.67526840324774
2020-02-21 04:00:00,1031,822.4215920983777,824.6438283827536,855.02625,839.2794776788766
2020-02-21 05:00:00,1350,1326.4911734693878,1449.2321264369482,1375.6084,1381.735024195334
2020-02-21 06:00:00,2129,2158.7402328408816,2309.957342898637,2176.7495,2205.549149794255
2020-02-21 07:00:00,3274,3142.77377467723,3279.6420388646266,3283.8428,3247.525340104214
2020-02-21 08:00:00,3278,3392.4204059601702,3383.4190126924836,3400.5234,3394.2215734131632
2020-02-21 09:00:00,3872,3237.1618168983787,3271.195090474653,3283.4006,3268.7895442260706
2020-02-21 10:00:00,3710,3382.678143621085,3499.8508769690725,3366.0027,3403.633597920977
2020-02-21 11:00:00,3133,3371.9863021261135,3331.8823802481857,3398.2117,3375.0730055545123
2020-02-21 12:00:00,2952,2955.2113816814067,2923.2752297068055,2936.438,2937.840646987678
2020-02-21 13:00:00,2911,2839.62472863419,2848.6489001779714,2891.1533,2867.6450673592904
2020-02-21 14:00:00,2949,2875.7572664198433,2840.6623387902305,2901.3933,2879.801556575956
2020-02-21 15:00:00,2756,2746.071919885481,2738.9550353759296,2761.0579,2751.785669479415
2020-02-21 16:00:00,2925,2551.102939626355,2460.0911727211114,2467.9858,2486.7914480087416
2020-02-21 17:00:00,2324,2702.0937623487625,2714.8258000286523,2716.2095,2712.3346269224785
2020-02-21 18:00:00,2732,2735.5419102110905,2588.4016890450484,2714.4153,2688.1935414155973
2020-02-21 19:00:00,2666,2755.3675310174185,2672.505217469877,2696.9873,2705.461839465574
2020-02-21 20:00:00,2330,2456.5004620872983,2443.839088357375,2461.976,2456.0729247205436
2020-02-21 21:00:00,1768,1943.5810296769985,1927.055657845204,1922.0013,1928.6598432672695
2020-02-21 22:00:00,1412,1795.0860320166373,1713.9283709586107,1738.7704,1746.6387936149058
2020-02-21 23:00:00,1473,1690.153728779157,1537.0399577034618,1660.788,1637.1924035542484
2020-02-22 00:00:00,1732,1337.3875401978971,1348.0549956607638,1400.5801,1371.6506730271653
2020-02-22 01:00:00,1222,1284.4362987012987,1318.3303741032348,1277.988,1289.6856867558208
2020-02-22 02:00:00,487,704.2309233147805,637.0335761630804,529.87634,600.254296256184
2020-02-22 03:00:00,713,674.0005442176871,705.2134839406347,706.9604,698.2837011313773
2020-02-22 04:00:00,703,972.0631607643058,917.3766256767142,867.23517,905.9775308387707
2020-02-22 05:00:00,656,735.2977987092273,742.5453276610992,698.1355,718.5285306160191
2020-02-22 06:00:00,477,703.1305102040816,670.9543360931374,565.442,626.242219875086
2020-02-22 07:00:00,1388,1556.5731196581194,1477.4920715017115,1494.3485,1505.6905531610514
2020-02-22 08:00:00,2731,2635.1596753246754,2561.5163702439577,2710.0906,2654.2142994780957
2020-02-22 09:00:00,3704,3721.0859523809527,3756.5456937587,3751.7493,3745.2825453239757
2020-02-22 10:00:00,4062,3894.132003710575,3936.6548440325096,3869.5999,3892.496638693584
2020-02-22 11:00:00,3736,3806.4230942376958,3824.342697270657,3836.7231,3826.053020142713
2020-02-22 12:00:00,3535,3493.520065513481,3506.3892070422075,3522.0276,3510.9911120842344
2020-02-22 13:00:00,3201,3341.132661305883,3348.8443583883973,3314.9568,3329.9726484782577
2020-02-22 14:00:00,2919,2950.0767908828784,2971.769910173429,2965.1003,2963.0118461625143
2020-02-22 15:00:00,2710,2734.047915946552,2697.1742813007727,2715.0256,2715.318366694644
2020-02-22 16:00:00,2256,2611.2924244195237,2603.821531736154,2598.2092,2602.883103296732
2020-02-22 17:00:00,2466,2418.8236070015532,2327.1861225544635,2364.1191,2368.5620027015043
2020-02-22 18:00:00,2631,2678.7438251859417,2611.2648690346086,2620.9263,2632.9653083207627
2020-02-22 19:00:00,2358,2410.5915835691376,2525.95579645745,2460.4775,2464.375614537897
2020-02-22 20:00:00,2012,2047.6776318027214,2100.680714914289,2039.4684,2056.823778573784
2020-02-22 21:00:00,1636,1682.919562191234,1611.1116777309242,1625.4528,1636.2341893750709
2020-02-22 22:00:00,1348,1580.5802752913535,1531.695175650884,1544.689,1550.4133451574344
2020-02-22 23:00:00,1586,1468.1599896079476,1394.3588438931138,1423.662,1427.4607020276092
2020-02-23 00:00:00,979,1332.41268707483,1495.3161897781542,1386.9918,1400.4281298577773
2020-02-23 01:00:00,248,1015.492579525514,893.0798630759713,903.69116,928.9886917050588
2020-02-23 02:00:00,579,630.1297878625136,685.1242247158935,743.62354,700.6252707227268
2020-02-23 03:00:00,818,658.5070748299319,657.8926125320115,620.1136,639.1567150533765
2020-02-23 04:00:00,768,756.0247776772945,844.7463900470834,814.1287,807.2571535033601
2020-02-23 05:00:00,319,506.67932867884,462.93283460282964,458.12265,471.4643658936596
2020-02-23 06:00:00,631,594.738015873016,400.9027154842771,537.35846,517.5894125756514
2020-02-23 07:00:00,1308,1222.4342424242423,1281.802240471221,1268.7794,1260.448830196522
2020-02-23 08:00:00,1950,2109.274069627851,2208.880088358872,2116.1204,2137.598720160743
2020-02-23 09:00:00,2967,3134.061399196042,3109.7648240737612,3053.1716,3087.5423712471384
2020-02-23 10:00:00,3476,3608.257448979592,3577.4729908702416,3551.283,3572.074089454646
2020-02-23 11:00:00,3517,3605.6425463821893,3525.317536844817,3509.425,3537.452545220814
2020-02-23 12:00:00,3366,3476.5625012443998,3390.871065549279,3450.3235,3442.0201348624823
2020-02-23 13:00:00,3134,3211.0164813907827,3125.9926053832323,3194.8171,3181.660841029441
2020-02-23 14:00:00,2950,2840.996974969475,2872.900503344399,2888.9587,2872.953739695656
2020-02-23 15:00:00,2700,2589.559422219384,2665.5324661672435,2620.7224,2624.1341781513443
2020-02-23 16:00:00,2560,2432.240846112633,2410.089492715531,2398.9211,2410.0431559961035
2020-02-23 17:00:00,2566,2498.7264724832885,2526.3883436039678,2479.4548,2496.0061210140016
2020-02-23 18:00:00,2816,2703.0315217164602,2663.4449359066098,2634.9473,2659.0927472182675
2020-02-23 19:00:00,2706,2785.933548342076,2780.742436060087,2762.594,2772.9659931708534
2020-02-23 20:00:00,2423,2431.330642409292,2472.5817671780887,2431.0771,2441.5166766155953
2020-02-23 21:00:00,1730,1892.2264761904758,1896.9610921216508,1843.3137,1868.9537524295943
2020-02-23 22:00:00,1564,1654.6469789734078,1544.1960282454884,1572.0472,1585.734372410193
2020-02-23 23:00:00,1429,1368.3526606658925,1324.164784357549,1323.7885,1335.0235873300792
2020-02-24 00:00:00,1381,1001.8986979353145,980.1487930484247,1012.098,1001.5608839764036
2020-02-24 01:00:00,1030,854.6501077097505,737.0625149115722,864.88025,830.3682801670494
2020-02-24 02:00:00,260,477.7101421211761,473.16476658299734,357.7194,416.57842261061364
2020-02-24 03:00:00,276,490.9004761904762,522.3536347969035,456.69916,481.6631066042668
2020-02-24 04:00:00,526,660.530785106313,659.2692802025532,719.5358,689.7179301455759
2020-02-24 05:00:00,1113,1013.7948752834468,1004.4906862696607,1088.4144,1048.7786047437457
2020-02-24 06:00:00,1203,2144.8281575963715,2182.6413302470764,2123.9092,2143.821961804612
2020-02-24 07:00:00,2503,2136.9014965986394,2128.2280781783747,2136.4548,2134.509810686441
2020-02-24 08:00:00,3307,3201.9094364178013,3192.9296572188373,3274.2974,3235.8584550497844
2020-02-24 09:00:00,3417,3445.9353947760856,3425.39944903633,3544.882,3490.2747509921664
2020-02-24 10:00:00,3299,3250.7239589718106,3281.7818209646957,3303.4233,3284.8381149060015
2020-02-24 11:00:00,3104,3067.162847604457,3058.5382928587446,3066.1516,3064.501090779863
2020-02-24 12:00:00,2974,3000.34606951871,2988.274644871404,2969.1,2981.7052274256534
2020-02-24 13:00:00,2721,2857.12446537856,2887.2145992114247,2870.0962,2871.1328618506213
2020-02-24 14:00:00,2537,2644.5174316070193,2693.046964516029,2656.487,2662.6346293041997
2020-02-24 15:00:00,2468,2481.5215041223837,2551.09319953717,2525.7615,2521.034413219576
2020-02-24 16:00:00,2369,2399.293762947401,2404.8601654641084,2405.2654,2403.671172532565
2020-02-24 17:00:00,2481,2434.6284116431452,2385.086829372234,2408.5828,2409.2201920897824
2020-02-24 18:00:00,2705,2645.425851090358,2716.493174222103,2677.926,2679.442769023428
2020-02-24 19:00:00,2676,2748.302049797984,2764.557714547369,2760.224,2758.3270016332135
2020-02-24 20:00:00,2404,2489.7019564802213,2464.027402213684,2456.294,2466.5793123297262
2020-02-24 21:00:00,1731,1995.401370512304,1903.7462253313404,1954.552,1952.0628999374735
2020-02-24 22:00:00,1588,1710.749642857143,1742.8054952735658,1735.4447,1731.111135606896
2020-02-24 23:00:00,1477,1519.862643545704,1466.2158437741907,1452.1996,1472.6194143104424
2020-02-25 00:00:00,1585,1174.9569217687074,1172.2971104958092,1215.2423,1194.4346628512853
2020-02-25 01:00:00,1329,1026.1822864701437,1030.6335352250246,1014.79553,1021.6017215370733
2020-02-25 02:00:00,753,769.8085343624629,674.7957119552193,747.1963,734.7492061106706
2020-02-25 03:00:00,592,567.9698364121617,412.82895761962527,405.1789,447.78914552943115
2020-02-25 04:00:00,618,654.7404761904762,765.0067246985144,708.48035,709.1769735620915
2020-02-25 05:00:00,999,1013.0400222396653,1122.036615368738,978.84174,1023.1900273220227
2020-02-25 06:00:00,2086,1893.200078903035,1963.896994378662,1851.8848,1890.2166511329242
2020-02-25 07:00:00,2549,3000.982398019814,3062.824171765432,2965.0967,2998.4999822900613
2020-02-25 08:00:00,2979,3208.0775056715856,3084.7994398922847,3094.248,3120.3432598284676
2020-02-25 09:00:00,3535,3176.8482409675994,3004.555050469139,3058.8867,3074.7941822341845
2020-02-25 10:00:00,3479,3408.0506596077275,3466.1080933443527,3398.279,3417.6792146052076
2020-02-25 11:00:00,3278,3194.2225003442677,3262.57798178106,3258.762,3243.5811019766443
2020-02-25 12:00:00,3163,3086.8613053467975,3095.261823157599,3083.7642,3087.412862204224
2020-02-25 13:00:00,3085,2974.4006689875846,2934.151405752363,2967.4683,2960.872149544362
2020-02-25 14:00:00,2602,2908.2848498199764,2879.2570310819647,2892.8345,2893.3027065536103
2020-02-25 15:00:00,2402,2506.1575858404776,2485.6791223265436,2509.223,2502.570627237068
2020-02-25 16:00:00,2346,2344.3719225687737,2309.6474223516457,2327.9263,2327.46797099573
2020-02-25 17:00:00,2501,2477.5046080809107,2364.5497812925414,2366.0696,2393.5483873824255
2020-02-25 18:00:00,2860,2716.063219127843,2690.237779744662,2698.0046,2700.5775690540636
2020-02-25 19:00:00,2904,2909.414101318371,2902.3751590205497,2937.8127,2921.8536871550427
2020-02-25 20:00:00,2742,2690.2277936783744,2705.1401615602326,2705.1296,2701.4068081455894
2020-02-25 21:00:00,2121,2110.5100939849626,2114.5841637054586,2111.3467,2111.9469042663554
2020-02-25 22:00:00,2026,1877.669373815839,1825.3270809983403,1853.137,1852.3175951488574
2020-02-25 23:00:00,1427,1638.8076412473163,1621.8596900857995,1597.6139,1613.9737786340602
2020-02-26 00:00:00,917,1345.287006802721,1308.2923510088535,1253.5873,1290.1884795896124
2020-02-26 01:00:00,1063,985.4533086300214,1060.0546266725223,1021.82697,1022.2904664916516
2020-02-26 02:00:00,943,782.8532013121454,913.1714738328311,843.49475,845.7535442745254
2020-02-26 03:00:00,459,566.7523902288189,553.9443708186003,567.8041,564.0762288360736
2020-02-26 04:00:00,767,628.8293499622071,675.2895630249328,609.4783,630.7688639889725
2020-02-26 05:00:00,1383,1173.5413324979115,1214.8507348184557,1162.041,1178.1185246415919
2020-02-26 06:00:00,2272,2232.547921451564,2164.8527011618066,2181.7083,2190.2042816299054
2020-02-26 07:00:00,3333,3028.1789888851613,3132.510575275341,3037.6172,3058.9809847901256
2020-02-26 08:00:00,2984,3408.360882635377,3390.9620320368654,3413.6384,3406.649942535248
2020-02-26 09:00:00,3112,3148.187050062968,3054.0645797460843,3194.5588,3147.8423263975756
2020-02-26 10:00:00,3131,2973.0804987545253,2999.858406754387,2927.8813,2957.175400205353
2020-02-26 11:00:00,2652,2852.536657895787,2912.054476823374,2889.0483,2885.6719536016653
2020-02-26 12:00:00,2734,2679.553609938941,2721.1694922979004,2759.945,2730.153309738898
2020-02-26 13:00:00,2527,2674.418983657339,2696.930717882378,2677.935,2681.8049546818042
2020-02-26 14:00:00,2398,2460.278684235792,2408.77837730441,2459.802,2447.165266361613
2020-02-26 15:00:00,2409,2416.4293227404837,2364.8688465609694,2376.8772,2383.763140958176
2020-02-26 16:00:00,2492,2404.7492120795837,2384.508076386105,2433.0803,2413.854483249235
2020-02-26 17:00:00,2654,2596.544093861475,2598.167294007361,2607.3486,2602.352163373459
2020-02-26 18:00:00,2825,2801.405160045594,2829.9906441063513,2843.1917,2829.444776233299
2020-02-26 19:00:00,2924,2902.4100286640373,2895.0167603324435,2902.1348,2900.4240800616203
2020-02-26 20:00:00,2613,2761.4891161008554,2760.1685157828574,2750.4421,2755.6354773068656
2020-02-26 21:00:00,1976,2154.4066413364812,2191.9408613189057,2153.2854,2163.229575859159
2020-02-26 22:00:00,1701,1921.7835647359927,1906.8710485636468,1915.0802,1914.703753422566
2020-02-26 23:00:00,1165,1542.1422387782359,1547.660880758599,1633.0684,1588.9849595717087
2020-02-27 00:00:00,1104,1020.617139764997,989.7871473407873,1100.9523,1053.0772070303524
2020-02-27 01:00:00,1224,1020.3466512059368,980.7482352458603,1006.5921,1003.5697726383399
2020-02-27 02:00:00,863,949.0247789115647,923.5532378159947,858.02655,897.1577793283742
2020-02-27 03:00:00,365,514.1818002672603,432.24205513325734,423.65182,448.43187632571534
2020-02-27 04:00:00,977,632.24105717695,646.2330119486904,686.76556,663.0012992638319
2020-02-27 05:00:00,1355,1363.7901963851234,1390.236790804758,1412.1334,1394.5734582232517
2020-02-27 06:00:00,2470,2249.6294525302283,2269.669378963828,2304.6768,2282.163086779764
2020-02-27 07:00:00,3214,3081.7801049902323,3194.223609209968,3152.025,3145.013379721925
2020-02-27 08:00:00,3306,3228.807499567894,3195.891856814826,3195.3098,3203.8297463222425
2020-02-27 09:00:00,2445,3181.7260065917394,3191.541597524129,3231.5889,3209.111334622717
2020-02-27 10:00:00,2946,2913.656742884885,2782.3303741060067,2910.5872,2879.2903583492853
2020-02-27 11:00:00,2826,2883.1782181469375,2838.7585051039114,2745.7917,2803.3800548361496
2020-02-27 12:00:00,2788,2751.086841843615,2721.1795132519082,2785.8958,2761.014464750443
2020-02-27 13:00:00,2634,2739.5700413172326,2739.624963235334,2706.1646,2722.8810265287666
2020-02-27 14:00:00,2496,2575.368575423909,2595.268473403286,2581.0334,2583.1759858396113
2020-02-27 15:00:00,2438,2443.018899603127,2460.96578214664,2433.567,2442.779617703067
2020-02-27 16:00:00,2379,2433.9129656200585,2367.566272185316,2343.9165,2372.328061404469
2020-02-27 17:00:00,2582,2490.6070199222354,2487.107342957533,2487.2969,2488.077028219942
2020-02-27 18:00:00,2814,2724.6470379006723,2767.7717023436567,2791.625,2768.9171850610824
2020-02-27 19:00:00,2908,2901.671589822319,2838.6208957526205,2895.9272,2883.03674444061
2020-02-27 20:00:00,2716,2716.044791383232,2679.6446709164143,2695.7605,2696.802614598349
2020-02-27 21:00:00,2171,2134.4481127303306,2123.7219889211897,2166.3884,2147.7367392800675
2020-02-27 22:00:00,1980,1941.1875964920223,1845.060820018559,1963.1339,1928.1290596940516
2020-02-27 23:00:00,1527,1561.331432139783,1506.7213304463528,1542.4722,1538.249274630909
2020-02-28 00:00:00,1397,1119.6454737713268,1147.2500824118824,1113.1447,1123.2962157059585
2020-02-28 01:00:00,1323,1162.1866791600517,1202.5297163821474,1174.5514,1178.454794686331
2020-02-28 02:00:00,989,931.8286607142855,895.2234866049783,880.4681,896.9970761364566
2020-02-28 03:00:00,596,518.4196799381174,469.87623989792047,475.1742,484.6610771269782
2020-02-28 04:00:00,1172,809.3620779220778,885.6979154649333,784.14075,815.835371881909
2020-02-28 05:00:00,1638,1309.6691433422845,1443.2760369421983,1349.5016,1362.987088528152
2020-02-28 06:00:00,2115,2341.657475579976,2439.7858146765443,2332.1355,2361.4285715875676
2020-02-28 07:00:00,3016,3183.108778298978,3031.3502671301403,3114.082,3110.6557769822793
2020-02-28 08:00:00,3291,3321.3463153645753,3283.630805009459,3281.8247,3292.1566336091337
2020-02-28 09:00:00,3394,3311.5629308390025,3392.3373293452278,3250.006,3300.97811680387
2020-02-28 10:00:00,3209,3178.1910846325263,3235.386393171812,3244.29,3225.5393889823345
2020-02-28 11:00:00,2996,3035.840663806468,3037.9756774212924,3042.1396,3039.52390952569
2020-02-28 12:00:00,2907,2958.8141273861797,2942.901745691223,2939.7937,2945.325818855288
2020-02-28 13:00:00,2832,2838.6269375510096,2823.853308287446,2877.963,2854.6015067721137
2020-02-28 14:00:00,3004,2765.4323170986895,2753.8893962155566,2779.8176,2769.739241805124
2020-02-28 15:00:00,2749,2771.1495091481,2719.488500407788,2751.868,2748.5934623499097
2020-02-28 16:00:00,2183,2696.507641490142,2675.868549779801,2652.6846,2669.4363329737357
2020-02-28 17:00:00,2363,2422.8390988055303,2400.4688216754303,2433.2104,2422.432204729615
2020-02-28 18:00:00,2742,2784.9263356602437,2733.5859132048477,2765.3958,2762.3259381928356
2020-02-28 19:00:00,2661,2792.427319480332,2794.1152342986097,2808.1277,2800.699481218173
2020-02-28 20:00:00,2299,2408.959309400178,2412.6581285894003,2398.518,2404.6633927005196
2020-02-28 21:00:00,1851,1912.3716176177945,1964.4693645525217,1950.194,1944.3072304058603
2020-02-28 22:00:00,1696,1767.213952707058,1755.4489193782551,1807.9327,1784.6320876502346
2020-02-28 23:00:00,1654,1568.684995185219,1514.2070723583663,1534.7031,1538.0745793858964
2020-02-29 00:00:00,1738,1399.4773469387756,1408.8694699898565,1464.6254,1434.3993873376266
2020-02-29 01:00:00,1240,1199.646517530089,1218.2229141502771,1053.0493,1130.9920161232167
2020-02-29 02:00:00,582,751.0446088435375,677.6118946138133,580.3957,647.3619713233221
2020-02-29 03:00:00,762,679.3902740066031,686.8889012934704,712.3249,697.7322388933778
2020-02-29 04:00:00,975,805.5322448979591,888.9266851369823,827.87964,837.5545518446729
2020-02-29 05:00:00,965,935.7775340136054,940.3404685049271,910.74396,924.4014793893988
2020-02-29 06:00:00,809,736.7720408163265,689.208245858495,783.4146,748.2023775769085
2020-02-29 07:00:00,1653,1572.841972789116,1495.1663400830157,1468.6215,1501.3128081985017
2020-02-29 08:00:00,2760,2835.398885925583,2760.158605827151,2861.9216,2829.850188367871
2020-02-29 09:00:00,3921,3676.454693877551,3620.901377410596,3641.2917,3644.9848918454745
2020-02-29 10:00:00,4060,4037.98112244898,3929.5805014713706,4005.3447,3994.5627692613375
2020-02-29 11:00:00,3792,3775.988808523409,3737.245278689556,3781.9697,3769.293385084491
2020-02-29 12:00:00,3637,3540.5826590013994,3530.7244305152344,3524.1008,3529.877187418221
2020-02-29 13:00:00,3337,3362.3539995793394,3341.2735774073813,3345.8171,3348.8154635826177
2020-02-29 14:00:00,2893,3094.645604447056,3045.0346601263086,3038.4883,3054.164206768341
2020-02-29 15:00:00,2650,2730.062399242381,2675.596705038679,2666.6753,2684.75242255464
2020-02-29 16:00:00,2663,2503.1008700733337,2383.9590330305123,2413.133,2428.331504096274
2020-02-29 17:00:00,2603,2603.0486928128093,2578.896838852709,2607.517,2599.2449278382546
2020-02-29 18:00:00,2757,2670.839361562064,2697.3539093234635,2691.4285,2687.7625511198194
2020-02-29 19:00:00,2521,2549.5654488910277,2507.129304690016,2529.4524,2528.8998846843233
2020-02-29 20:00:00,2202,2160.8372886939333,2154.2459975327797,2141.8865,2149.7140588613656
2020-02-29 21:00:00,1535,1679.4486781076066,1734.552152045257,1640.1044,1673.5523925968096
2020-02-29 22:00:00,1435,1587.2083240568957,1545.6543180392962,1524.255,1545.3431629654542
2020-02-29 23:00:00,1690,1595.7330282864134,1548.7892356454,1587.9307,1580.0958980142034
2020-03-01 00:00:00,1947,1257.412619047619,1272.3711742101,1193.0859,1228.9889170644296
2020-03-01 01:00:00,1088,1084.4935374149659,1187.934192907022,1150.7161,1143.4649648070595
2020-03-01 02:00:00,632,769.3136665155573,632.0719977577967,671.93585,686.3143420937291
2020-03-01 03:00:00,998,753.2282520770938,848.1954901538742,910.2989,855.5053801378201
2020-03-01 04:00:00,885,827.3920918367347,908.5634658272971,875.3878,871.6827981074142
2020-03-01 05:00:00,528,524.2532576946863,528.8359370530857,384.7331,455.6388453178024
2020-03-01 06:00:00,358,551.3944047619049,506.28656444263544,509.25818,519.0493316566038
2020-03-01 07:00:00,1411,1257.7642857142857,1221.6281300394824,1292.3212,1266.0086874345357
2020-03-01 08:00:00,2434,2241.0638731903014,2232.3772302535594,2251.5461,2244.1333471500275
2020-03-01 09:00:00,3414,3437.9887507730373,3355.4672247516796,3388.319,3392.523539779617
2020-03-01 10:00:00,3804,3844.659359410431,3714.1379643829487,3741.9685,3760.6835838780326
2020-03-01 11:00:00,3719,3666.463775510204,3602.321811100051,3578.2397,3606.3162696994386
2020-03-01 12:00:00,3444,3529.7022039001627,3491.703835275815,3511.8523,3511.277657254932
2020-03-01 13:00:00,3319,3257.9244668837646,3238.368221088014,3233.5908,3240.8685821491945
2020-03-01 14:00:00,3053,2963.565496498645,2969.6153054787655,2968.4453,2967.5178567443527
2020-03-01 15:00:00,2730,2704.157067363547,2733.701087327866,2717.5369,2718.232971290041
2020-03-01 16:00:00,2403,2491.3266196623385,2488.709226135413,2478.1394,2484.078663597875
2020-03-01 17:00:00,2501,2488.5769305827785,2406.4300169487005,2434.3452,2440.924344304745
2020-03-01 18:00:00,2893,2753.9143941455045,2686.259315285065,2697.3303,2708.708588490455
2020-03-01 19:00:00,3052,2862.9496913302273,2854.499798944289,2858.9219,2858.8233100686293
2020-03-01 20:00:00,2669,2620.4069747644617,2713.9782328457945,2657.3865,2662.2895392072514
2020-03-01 21:00:00,1934,1964.4730104057435,1803.8986727050915,1803.6624,1843.9240975355212
2020-03-01 22:00:00,1636,1745.3430395794683,1695.0730086003578,1695.6245,1707.9162679043316
2020-03-01 23:00:00,1459,1496.3590306122449,1583.4953478378613,1594.6857,1567.3064290851828
2020-03-02 00:00:00,1538,1256.2693877551021,1530.3363043250167,1516.8414,1455.0721383520608
2020-03-02 01:00:00,1054,1010.9823469387757,1082.2449029063016,1086.0922,1066.3528940042381
2020-03-02 02:00:00,734,500.1799972757982,457.63841370509334,367.14737,423.0282874376057
2020-03-02 03:00:00,242,556.1295231425903,581.3975269485229,521.2146,544.9890623274658
2020-03-02 04:00:00,652,647.9760906157335,582.6707190692565,652.3404,633.8318989544506
2020-03-02 05:00:00,1435,1167.524523809524,1229.0616021280998,1169.9962,1184.144639394562
2020-03-02 06:00:00,2171,2231.8498299319726,2294.741024293852,2244.1973,2253.7463463689564
2020-03-02 07:00:00,3402,3108.232619047619,2803.2666733143474,2965.555,2960.652288910804
2020-03-02 08:00:00,3442,3577.9602797643856,3503.1145781484447,3540.494,3540.515662720395
2020-03-02 09:00:00,3238,3329.7131526534054,3366.4821348369333,3435.1147,3391.6061949194595
2020-03-02 10:00:00,3128,3105.4218160945675,3094.3936911775068,3103.3943,3101.651020372706
2020-03-02 11:00:00,3025,2991.3082185232493,3025.3168956194936,2986.1982,2997.2553996294355
2020-03-02 12:00:00,2881,2900.380116187941,2933.029530362549,2902.1965,2909.450678239185
2020-03-02 13:00:00,2758,2829.977034325836,2838.7675065413673,2788.8499,2811.611061974613
2020-03-02 14:00:00,2619,2718.1779059382584,2710.0052749640586,2705.3403,2709.7159612412042
2020-03-02 15:00:00,2330,2481.333013901998,2521.1884968442205,2521.8003,2511.5305241709298
2020-03-02 16:00:00,2326,2348.251657153904,2358.8879303265358,2361.3618,2357.465805073235
2020-03-02 17:00:00,2424,2430.64185043639,2477.064934420511,2478.1526,2466.0029901595376
2020-03-02 18:00:00,2831,2668.5929850814887,2697.0290328897127,2681.3716,2682.0912955084254
2020-03-02 19:00:00,2836,2908.464905564626,2905.795298346826,2894.6667,2900.8984250013004
2020-03-02 20:00:00,2586,2616.761851798074,2638.0499257082297,2629.83,2628.617983439076
2020-03-02 21:00:00,2207,2109.3515833962783,2050.4376443440433,2086.8684,2083.381511036643
2020-03-02 22:00:00,1983,1907.8473940362455,1772.2000042745344,1918.7188,1879.371224577695
2020-03-02 23:00:00,1591,1638.7856756656663,1620.1093161207864,1591.5421,1610.4948050755195
2020-03-03 00:00:00,1468,1391.4238095238095,1381.776566871759,1426.1459,1406.373031110611
2020-03-03 01:00:00,1175,1094.807672735761,1157.382773920088,1124.5651,1125.3301434022435
2020-03-03 02:00:00,645,744.9097014849897,728.6614567851984,639.27374,688.0296609054376
2020-03-03 03:00:00,841,572.2664441312655,432.3718188552368,445.4101,473.8646133540475
2020-03-03 04:00:00,723,895.8747661277737,855.7944694721463,887.958,881.89631280623
2020-03-03 05:00:00,1333,1061.982770364556,951.0660431163096,1009.65717,1008.0907861338883
2020-03-03 06:00:00,2253,2263.411196668411,2198.1453766812065,2242.8406,2236.8094314233417
2020-03-03 07:00:00,3421,3270.3976092404923,3129.3635260377337,3293.3428,3246.6116705383065
2020-03-03 08:00:00,3394,3493.231412872714,3422.595540782643,3378.0999,3418.0066651716515
2020-03-03 09:00:00,3426,3226.7412185478033,3307.9011913320073,3262.6863,3265.00374211839
2020-03-03 10:00:00,3310,3161.4571026859035,3218.5557033277187,3155.926,3172.9662141987183
2020-03-03 11:00:00,2983,3107.0571897046484,3101.0123455825365,3072.6067,3088.3207285483586
2020-03-03 12:00:00,2903,2951.4023431199853,2929.7116693082644,2889.5068,2915.0319210758125
2020-03-03 13:00:00,3009,2813.200276737219,2835.2799079461392,2816.7346,2820.487355741152
2020-03-03 14:00:00,2592,2829.475033474399,2755.598767430137,2768.3281,2780.432512726134
2020-03-03 15:00:00,2175,2486.995075544923,2458.746392960425,2450.2441,2461.557437438837
2020-03-03 16:00:00,2495,2338.855689542018,2267.267807922923,2326.6692,2314.865469092798
2020-03-03 17:00:00,2526,2531.635363936226,2577.539585677073,2557.2615,2555.924474708012
2020-03-03 18:00:00,2754,2736.067586023041,2729.468161181957,2771.201,2751.984400668437
2020-03-03 19:00:00,3052,2893.5511859142457,2897.18944257739,2920.919,2908.144629779159
2020-03-03 20:00:00,3022,2771.5223351776062,2799.391054050162,2760.028,2772.7423853928794
2020-03-03 21:00:00,2465,2352.7374749373434,2344.964040356271,2343.0493,2345.9500370265287
2020-03-03 22:00:00,2073,2106.750689171456,2087.3275331406653,2093.159,2095.0990233514676
2020-03-03 23:00:00,1574,1656.1560003092147,1684.9679003086096,1638.8816,1654.7217710528935
2020-03-04 00:00:00,1456,1363.4577210884354,1383.166985997051,1440.774,1407.0432006971528
2020-03-04 01:00:00,1323,1136.7066133699775,1158.102594664238,1188.9681,1168.1863718327727
2020-03-04 02:00:00,1249,871.733133471252,894.4985882356729,850.86584,866.9908527900125
2020-03-04 03:00:00,585,848.4865306122449,903.3889391113325,888.3298,882.1337539055037
2020-03-04 04:00:00,1074,770.2579548875677,760.9708811978647,756.07166,760.8430366580769
2020-03-04 05:00:00,1315,1423.7861841586114,1513.3945385306906,1483.4431,1476.016738289513
2020-03-04 06:00:00,2506,2220.7304315156653,2214.4415159664522,2256.4702,2237.0280942924046
2020-03-04 07:00:00,3381,3395.3274643226855,3405.6946183596287,3418.9275,3409.719265787766
2020-03-04 08:00:00,3376,3490.434768662839,3427.021563422746,3478.2854,3468.5067832167088
2020-03-04 09:00:00,3114,3220.968415849182,3220.5441119434086,3232.4067,3226.5815010887727
2020-03-04 10:00:00,2733,2925.7389214193763,2974.603198867499,2927.765,2938.9679763607814
2020-03-04 11:00:00,2579,2772.9372487882347,2716.038313840804,2742.2456,2743.3666933916347
2020-03-04 12:00:00,2822,2676.7242206460824,2623.9024676408035,2640.2837,2645.2985177748465
2020-03-04 13:00:00,2523,2725.935370068488,2781.800153943351,2739.6848,2746.776288229522
2020-03-04 14:00:00,2430,2514.648614967232,2483.2910448755124,2506.8801,2502.9249784372487
2020-03-04 15:00:00,2351,2391.1442441246445,2359.8440747174805,2379.6543,2377.574228148031
2020-03-04 16:00:00,2425,2416.417791498938,2415.179144211731,2431.1135,2423.45599662298
2020-03-04 17:00:00,2582,2536.9062249955577,2568.994735705198,2532.296,2542.623189393939
2020-03-04 18:00:00,2839,2755.7515951193905,2754.3079803787873,2783.4573,2769.2435315698567
2020-03-04 19:00:00,3065,2918.7039692986923,2909.178733845636,2943.7021,2928.821750004832
2020-03-04 20:00:00,2712,2850.414988050589,2873.8199917929746,2825.2144,2843.665922695266
2020-03-04 21:00:00,2281,2283.630241015598,2232.6633418253414,2173.4885,2215.8176584055473
2020-03-04 22:00:00,1956,2027.4549994298661,2011.5527305093033,2020.82,2020.1619056293237
2020-03-04 23:00:00,1460,1633.985530778745,1600.4561721647656,1546.1334,1581.677137161659
2020-03-05 00:00:00,1154,1350.7421541950114,1304.258945827903,1378.4309,1352.965729107291
2020-03-05 01:00:00,1007,1083.7316458880016,1056.442034104573,1151.8998,1110.9933101348624
2020-03-05 02:00:00,819,864.3331939658981,898.97042114596,824.2275,852.9396427916364
2020-03-05 03:00:00,158,622.3894115606616,561.6490517347027,595.4262,593.7227200718879
2020-03-05 04:00:00,558,820.9339935064935,825.2646390285249,820.095,821.5971434853171
2020-03-05 05:00:00,1531,1262.4600013789302,1350.4299903367107,1238.9495,1272.6972293742228
2020-03-05 06:00:00,2425,2392.7382297684367,2639.057331069281,2525.1191,2520.5084605219295
2020-03-05 07:00:00,3374,3363.1843170527914,3336.8655435518817,3400.5278,3375.2763811667933
2020-03-05 08:00:00,3051,3405.2520238371267,3357.944060908018,3398.9966,3390.297312201911
2020-03-05 09:00:00,2170,3009.670365102563,2984.779721632464,3020.9912,3009.1081271525068
2020-03-05 10:00:00,3960,2841.9789569161003,2661.8710857218166,2762.9211,2757.423081948542
2020-03-05 11:00:00,2667,3464.6649886621317,3224.198036250285,3299.3074,3321.8694427515416
2020-03-05 12:00:00,2610,2720.4422434388193,2907.8177894131113,2785.1094,2799.619695712983
2020-03-05 13:00:00,2541,2676.842536849372,2708.654356102432,2620.9238,2656.836137300451
2020-03-05 14:00:00,2485,2503.731764605905,2464.9780102566115,2425.1887,2454.7718040671916
2020-03-05 15:00:00,2241,2426.4778967826824,2403.2192115994253,2360.615,2387.7317722127145
2020-03-05 16:00:00,2174,2378.8996591328932,2332.1197604164886,2313.9163,2334.712984770158
2020-03-05 17:00:00,2381,2412.0227539380944,2410.6451628942355,2431.3486,2421.3412956143325
2020-03-05 18:00:00,2794,2624.725505996603,2688.9298508147467,2669.6094,2663.218526702837
2020-03-05 19:00:00,2831,2913.90870869921,2891.3053960396815,2902.1072,2902.35711505191
2020-03-05 20:00:00,2658,2687.7352154194173,2586.6103424809703,2635.1257,2636.1492556860344
2020-03-05 21:00:00,2341,2228.56186829862,2199.3032224208,2175.306,2194.6192267814176
2020-03-05 22:00:00,2081,2010.5426032353923,1995.5937169678693,1997.4196,2000.2438578828467
2020-03-05 23:00:00,1550,1676.2568352457065,1614.1882368818863,1572.0034,1608.6129770162731
2020-03-06 00:00:00,1351,1200.9867660129744,1230.6476235459754,1286.6913,1251.2542394795812
2020-03-06 01:00:00,1177,1036.5091553287982,1112.9077881752617,1097.7244,1086.2164184932026
2020-03-06 02:00:00,711,877.3798475619727,800.3383291921473,792.4602,815.6596467275925
2020-03-06 03:00:00,468,517.490258784571,429.363893618167,479.52472,476.4758977198251
2020-03-06 04:00:00,1154,679.6887414965986,765.389727384564,758.4093,740.4742680991969
2020-03-06 05:00:00,1564,1394.620476190476,1451.624681003998,1389.8492,1406.4859108806497
2020-03-06 06:00:00,2245,2323.0040136054427,2429.9352692128923,2266.6934,2321.581500392084
2020-03-06 07:00:00,3293,3373.6079149235456,3355.5835402073776,3417.5652,3391.0804565561684
2020-03-06 08:00:00,3335,3446.4414391933083,3392.4474917668285,3452.9944,3436.2194251228466
2020-03-06 09:00:00,3075,3296.481881567272,3273.522600182109,3147.6035,3216.302878249845
2020-03-06 10:00:00,2824,2952.312427605061,3019.509381409585,2913.609,2949.7598956130364
2020-03-06 11:00:00,2792,2793.1386821847677,2793.9867165063933,2794.1843,2793.873512758728
2020-03-06 12:00:00,2863,2750.4825571301503,2757.054904027519,2772.2444,2763.00655767223
2020-03-06 13:00:00,2841,2750.3749398810473,2776.544391350517,2787.4187,2775.4391833938284
2020-03-06 14:00:00,2677,2750.430531231857,2751.2968788209478,2774.0864,2762.475065403826
2020-03-06 15:00:00,2637,2587.7945865446477,2544.5581041837536,2545.6494,2555.9128797133503
2020-03-06 16:00:00,2619,2552.5674168319338,2383.8158679578773,2449.228,2458.709834869328
2020-03-06 17:00:00,2797,2635.541112951214,2570.4560335787723,2578.2195,2590.609027843434
2020-03-06 18:00:00,3007,2809.2532818579225,2836.4995162510477,2799.2307,2811.053555972555
2020-03-06 19:00:00,2867,2873.144100862034,2850.2516949337983,2849.567,2855.632396214583
2020-03-06 20:00:00,2530,2530.0106226003204,2512.4560612880146,2528.296,2524.7646201908337
2020-03-06 21:00:00,1938,2059.0616973899114,2045.657640942841,2046.2692,2049.3144171027193
2020-03-06 22:00:00,1801,1874.513497834609,1848.4456520458446,1929.7993,1895.6394456732385
2020-03-06 23:00:00,1628,1660.6668453239881,1601.1304814038156,1666.0511,1648.4749054124197
2020-03-07 00:00:00,1634,1465.1252607709748,1402.2562160353143,1462.4119,1448.0513018187598
2020-03-07 01:00:00,1278,1135.2651763771203,1220.4660139659475,1177.3232,1177.5944186795168
2020-03-07 02:00:00,531,834.5871008403363,672.3554875354724,643.81195,698.641622435749
2020-03-07 03:00:00,717,670.2867006802721,628.5643692523967,650.18225,649.8038929714485
2020-03-07 04:00:00,978,914.2217532467532,967.1737944880068,944.9636,942.8306984571275
2020-03-07 05:00:00,654,1029.7913095238098,1069.4263563454638,1085.9366,1067.7727392212246
2020-03-07 06:00:00,726,765.989433106576,784.0333292920548,810.95996,792.9856710684077
2020-03-07 07:00:00,1586,1665.8217346938775,1536.9595946184897,1625.9537,1613.672200003873
2020-03-07 08:00:00,3116,2805.466924474336,2719.0031940460026,2783.481,2772.8580081457094
2020-03-07 09:00:00,4120,3845.0459183673465,3686.619555996737,3904.0427,3834.9377308957082
2020-03-07 10:00:00,3879,4124.889591836735,4075.0275190203515,4196.009,4147.983672245522
2020-03-07 11:00:00,3585,3724.56283858445,3562.22657237495,3630.7705,3637.0826066461
2020-03-07 12:00:00,3451,3390.8108263598856,3475.026418147049,3402.7498,3417.834189056421
2020-03-07 13:00:00,3194,3204.8324852578603,3260.1575137445884,3255.7925,3244.1437399849874
2020-03-07 14:00:00,3049,2973.8723696981892,2928.215274215961,2893.6216,2922.3327019941626
2020-03-07 15:00:00,2856,2726.1503974729235,2792.8364626367243,2741.159,2750.3261828008494
2020-03-07 16:00:00,2672,2647.7170930034804,2681.1136266292997,2666.9814,2665.698402564445
2020-03-07 17:00:00,2685,2670.4469208888627,2655.0810186555877,2684.8062,2673.7850610579876
2020-03-07 18:00:00,2791,2797.233718890733,2779.0008008604914,2778.4492,2783.283239312806
2020-03-07 19:00:00,2604,2629.8266281303345,2606.74779523255,2577.1208,2597.7040306454087
2020-03-07 20:00:00,2346,2249.020140306123,2315.073944795977,2261.8364,2271.94173416615
2020-03-07 21:00:00,1737,1801.7268707482995,1800.7538190353698,1771.8787,1786.559503500605
2020-03-07 22:00:00,1449,1660.978178004535,1609.7903124807037,1587.5511,1611.4676963517784
2020-03-07 23:00:00,1595,1609.6021751535507,1544.9385819435713,1651.0331,1614.1517298016242
2020-03-08 00:00:00,1767,1449.5592949907234,1550.577980802295,1566.0988,1533.0836963896609
2020-03-08 01:00:00,1047,1157.2428306878305,1231.6701508646602,1094.8118,1144.634129177185
2020-03-08 02:00:00,380,649.6581826590285,581.200407225738,591.6518,603.5405446879885
2020-03-08 03:00:00,804,699.8780102040818,750.1133744497116,789.44006,757.2178779017296
2020-03-08 04:00:00,772,809.2986363636363,924.818582079822,844.1286,855.5936051479739
2020-03-08 05:00:00,324,589.7846428571429,603.036687859734,521.5254,558.9680279917193
2020-03-08 06:00:00,237,620.8972789115645,509.5508105453745,545.543,555.3835372568128
2020-03-08 07:00:00,1640,1290.5849999999998,1283.46965694379,1293.8501,1290.4387130640725
2020-03-08 08:00:00,2454,2612.2452857142857,2621.282195417914,2686.0564,2651.4100685252374
2020-03-08 09:00:00,3583,3427.862985347986,3381.501957621114,3405.9692,3405.3258548829
2020-03-08 10:00:00,3753,3801.2652690166983,3787.2933577424847,3791.5647,3792.922005322608
2020-03-08 11:00:00,3579,3632.8229454104217,3529.6909093360605,3602.367,3591.811935366308
2020-03-08 12:00:00,3510,3414.1065817413746,3391.553175209633,3371.7305,3387.280173612752
2020-03-08 13:00:00,3329,3292.009153597157,3271.5283479887985,3278.172,3279.9704349668013
2020-03-08 14:00:00,3021,2993.6567451366514,2995.6460425440278,2978.2507,2986.4510631311073
2020-03-08 15:00:00,2673,2599.5674241007623,2687.766652653719,2648.3496,2646.0083238761204
2020-03-08 16:00:00,2398,2448.4985165745697,2426.1341564240765,2421.574,2429.445155554349
2020-03-08 17:00:00,2648,2495.9114332757276,2425.533753173613,2465.7703,2463.2464284482726
2020-03-08 18:00:00,2881,2786.4256601761326,2802.1739441672707,2790.4568,2792.378294640538
2020-03-08 19:00:00,2961,2942.5908933693063,2909.583773235144,2931.9697,2929.0285299323623
2020-03-08 20:00:00,2571,2692.035124249006,2660.5269879455905,2688.8293,2682.5552009002117
2020-03-08 21:00:00,1716,1943.9088498932226,1984.9293727904508,1973.4521,1968.9356298896682
2020-03-08 22:00:00,1663,1688.0098515769944,1607.4450697607913,1647.88,1647.8037327758527
2020-03-08 23:00:00,1436,1479.2582312925167,1570.0195313482973,1543.0244,1533.8316476914536
2020-03-09 00:00:00,1329,1181.3313244691815,1386.187458734409,1314.138,1298.94866552746
2020-03-09 01:00:00,1090,965.1380766852197,938.3087390642775,954.6418,953.1825962713586
2020-03-09 02:00:00,613,612.7341758241758,575.3392747011227,557.5307,575.7837129731215
2020-03-09 03:00:00,469,467.97143073337793,411.45920395475264,418.10666,428.9109881398061
2020-03-09 04:00:00,1060,724.2990369323406,580.5190375042155,664.5048,658.456929497811
2020-03-09 05:00:00,1396,1238.6481632653063,1466.6347133279342,1441.6154,1397.1283973709665
2020-03-09 06:00:00,2218,2269.60971835704,2164.2857987446514,2165.474,2191.210939822298
2020-03-09 07:00:00,3474,3277.9044258915683,3200.1840461939446,3358.4055,3298.724876810441
2020-03-09 08:00:00,3621,3639.1066059868176,3540.9742814071433,3596.3984,3593.21944059849
2020-03-09 09:00:00,3655,3436.577244950837,3404.5840723482916,3442.0977,3431.3391574497823
2020-03-09 10:00:00,2874,3281.5526963893967,3365.1194295325417,3302.3665,3312.851259019547
2020-03-09 11:00:00,2660,2960.2099752439203,2881.546491013248,2979.0137,2949.945952501792
2020-03-09 12:00:00,2717,2745.4267701363933,2831.8146336314067,2777.0637,2782.8422112935123
2020-03-09 13:00:00,2627,2685.821426940375,2764.494793911835,2693.0464,2709.1022485724275
2020-03-09 14:00:00,2443,2630.628075615964,2653.022343414872,2620.503,2631.1640696014592
2020-03-09 15:00:00,2244,2381.929714021068,2392.495674220695,2393.5593,2390.3860101463783
2020-03-09 16:00:00,2452,2346.9835417644526,2350.1928203702473,2339.7969,2344.192528033675
2020-03-09 17:00:00,2376,2508.162477696292,2535.9320233951053,2521.0369,2521.5420578900366
2020-03-09 18:00:00,2819,2681.4701920106118,2690.923951042992,2695.1758,2690.686426388401
2020-03-09 19:00:00,3056,2887.4738142824863,2904.1374256658664,2879.3765,2887.5910424089634
2020-03-09 20:00:00,2935,2694.35493834656,2776.813499332696,2699.6753,2717.629755904189
2020-03-09 21:00:00,2355,2214.9296177944857,2176.404333415194,2205.8513,2200.7591469821073
2020-03-09 22:00:00,2014,2023.2878866254523,1953.4960635176544,1980.8546,1984.6232946646828
2020-03-09 23:00:00,1522,1670.727749040657,1624.2088207690265,1649.0573,1648.2627679407021
2020-03-10 00:00:00,1463,1371.5920968387356,1312.0451562166868,1442.1969,1392.007762970887
2020-03-10 01:00:00,1071,1103.6322895583355,1143.271705919602,1141.3875,1132.4197244554218
2020-03-10 02:00:00,899,573.1343224669422,540.1592934979692,490.85318,523.7499939570482
2020-03-10 03:00:00,403,616.799055911804,681.4706383668713,589.6482,619.3915202493563
2020-03-10 04:00:00,994,822.5122448979591,778.6366197837299,803.36395,801.9691924887816
2020-03-10 05:00:00,1282,1423.0909580498862,1449.9989966252947,1517.9205,1477.2327547820764
2020-03-10 06:00:00,2174,2199.6446339646154,2091.017863546885,2165.4492,2155.3902337528752
2020-03-10 07:00:00,3394,3360.4304057063837,3330.875656826691,3350.138,3347.895485359831
2020-03-10 08:00:00,3300,3473.1041766135677,3361.876507572527,3371.954,3394.722221827774
2020-03-10 09:00:00,3216,3207.3278522695628,3215.737829501135,3224.2007,3217.8667622395496
2020-03-10 10:00:00,2527,3009.8715780240514,2986.2392512305155,2996.773,2997.4141819230167
2020-03-10 11:00:00,2569,2727.6816709818254,2573.965833656937,2714.9644,2682.8940538940656
2020-03-10 12:00:00,2648,2630.856564469611,2632.8433915105797,2615.4507,2623.650330791923
2020-03-10 13:00:00,2909,2615.898963212058,2635.898435236897,2604.8271,2615.3629238309886
2020-03-10 14:00:00,2176,2716.945567653353,2695.236995199394,2654.54,2680.315660244437
2020-03-10 15:00:00,2190,2322.303540652817,2132.2374552268875,2248.8347,2238.0526073683636
2020-03-10 16:00:00,1924,2358.8426686728476,2377.9480310115537,2440.4165,2404.4059268742253
2020-03-10 17:00:00,2371,2328.527575574504,2338.496129034193,2380.061,2356.786443730299
2020-03-10 18:00:00,2860,2661.973572318665,2663.056814214694,2665.6902,2664.1026894067772
2020-03-10 19:00:00,3012,2960.1265817714034,3036.914551170523,3025.5261,3012.023344758919
2020-03-10 20:00:00,2574,2853.3244302469075,2827.9981975797036,2885.2192,2862.940276097278
2020-03-10 21:00:00,2240,2222.191426278711,2228.724751346829,2224.563,2225.01053854701
2020-03-10 22:00:00,2039,1988.4970497180059,2036.8384339235515,2032.2314,2022.4495935666394
2020-03-10 23:00:00,2031,1591.0381126288937,1570.9493070018364,1549.7338,1565.3637372319013
2020-03-11 00:00:00,1223,1388.3112925170071,1499.9741545537677,1463.1384,1453.6405756348813
2020-03-11 01:00:00,1177,979.4551125065411,948.2279121703369,897.56226,930.701884098907
2020-03-11 02:00:00,568,976.3498922902496,1069.368680903885,1022.33154,1022.5954147829086
2020-03-11 03:00:00,304,551.8079205186348,425.4298320946812,411.6962,450.1575369082118
2020-03-11 04:00:00,885,904.172619047619,836.0546572387528,878.48663,874.3001357219836
2020-03-11 05:00:00,1129,1308.6564052470465,1359.4997748607195,1342.3337,1338.205915144129
2020-03-11 06:00:00,2236,2150.9419897959183,2125.8578819365084,2118.8755,2128.6377120737316
2020-03-11 07:00:00,3641,3305.813568411752,3342.6474505252963,3249.0444,3286.637471531137
2020-03-11 08:00:00,3582,3582.0240909824856,3593.1169267682862,3622.0322,3604.801367718943
2020-03-11 09:00:00,3061,3388.6766943619555,3375.552636570688,3420.1047,3401.1097008972233
2020-03-11 10:00:00,2800,2868.1636352990986,2827.543897960515,2770.3079,2809.080813978966
2020-03-11 11:00:00,2655,2721.1381355990616,2648.8939340991465,2667.2998,2676.1579197683022
2020-03-11 12:00:00,2808,2652.010436132046,2606.6656847931686,2617.5486,2623.443322223491
2020-03-11 13:00:00,3683,2701.8638919385944,2747.7422655163377,2701.909,2713.3560071371703
2020-03-11 14:00:00,3247,2822.4454421768705,2810.9180318299004,2662.0342,2739.357958345443
2020-03-11 15:00:00,2468,2676.003511904762,2694.3216327115333,2744.7197,2714.941149435324
2020-03-11 16:00:00,2447,2372.799522469872,2217.269747864428,2244.9006,2269.967634966388
2020-03-11 17:00:00,2643,2437.5764825965703,2513.4906074745013,2428.067,2451.800219783393
2020-03-11 18:00:00,2933,2802.8534623742844,2826.1957316030876,2805.82,2810.1723326740303
2020-03-11 19:00:00,3029,2990.6018056102553,3000.2178024873256,3014.982,3005.1958688212703
2020-03-11 20:00:00,2708,2841.892729916757,2786.0646363525184,2751.4424,2782.7105329735687
2020-03-11 21:00:00,2254,2199.4857920418167,2204.846475184339,2217.4775,2209.821836337789
2020-03-11 22:00:00,2022,1987.101684059413,2043.4021458970292,2039.1455,2027.1987113953605
2020-03-11 23:00:00,1656,1783.863656819371,1734.9020769596607,1725.0905,1742.2366604955391
2020-03-12 00:00:00,1310,1285.3630465251792,1322.646336747294,1279.3904,1291.6975362478058
2020-03-12 01:00:00,1181,999.338691668687,960.8287733637296,1010.8878,995.4857749495104
2020-03-12 02:00:00,1044,803.7669597290278,798.8861254990279,808.18524,804.7558921566233
2020-03-12 03:00:00,547,616.6016666666667,612.2777403885779,579.9728,597.2062409239674
2020-03-12 04:00:00,1031,747.0178739415345,684.9404400183104,705.50653,710.7428438708206
2020-03-12 05:00:00,1542,1356.8960728075015,1446.8880874083384,1386.0516,1393.9718579250537
2020-03-12 06:00:00,2271,2283.328666431608,2306.6117493582574,2274.8389,2284.904537541216
2020-03-12 07:00:00,3335,3377.844118512063,3365.4413855084454,3413.4727,3392.557704130127
2020-03-12 08:00:00,3681,3460.816455286421,3353.322915977881,3358.1477,3382.608695355138
2020-03-12 09:00:00,3073,3260.0750000000003,3299.305242630354,3259.311,3269.5005782357134
2020-03-12 10:00:00,3052,2960.025164760794,2993.6248824683935,2923.1243,2949.9746455963596
2020-03-12 11:00:00,2772,2851.7872698221513,2861.258562653075,2844.4028,2850.4628741344313
2020-03-12 12:00:00,2420,2761.4570264838467,2745.856443379486,2735.4492,2744.5529768408333
2020-03-12 13:00:00,2680,2704.1678582166933,2660.2732911409935,2583.1526,2632.686581284734
2020-03-12 14:00:00,2607,2660.674698278964,2762.7025363112757,2665.7952,2688.7418916553725
2020-03-12 15:00:00,2450,2501.4459367509103,2474.399801176402,2467.822,2477.872445224016
2020-03-12 16:00:00,2422,2442.4868606614255,2366.5774131998264,2329.48,2367.006058699688
2020-03-12 17:00:00,2588,2499.502103453676,2453.867098096298,2466.1116,2471.398086520306
2020-03-12 18:00:00,2817,2777.901156119466,2769.6877420506576,2793.7,2783.7472001284686
2020-03-12 19:00:00,3070,2884.2213858555147,2849.779687658705,2905.0947,2886.047631659805
2020-03-12 20:00:00,2905,2770.3937104851907,2793.563415152296,2724.1714,2753.074974768747
2020-03-12 21:00:00,2252,2369.9349889307755,2331.0911497257935,2314.3916,2332.4523354453922
2020-03-12 22:00:00,1993,2012.4710448098206,2029.8067724181203,2027.6588,2024.3988610452666
2020-03-12 23:00:00,1398,1736.2468519575666,1649.9785221627687,1688.0247,1690.5686726316462
2020-03-13 00:00:00,1144,1249.254628824766,1222.5679379805108,1300.9806,1268.4459371114754
2020-03-13 01:00:00,959,1045.22068836806,1046.9801027545032,1071.4758,1058.7881128197032
2020-03-13 02:00:00,521,764.4229310145638,680.2618519765723,627.0046,674.6734845661434
2020-03-13 03:00:00,226,561.1480566035347,420.1655577135405,448.41852,469.53766261247193
2020-03-13 04:00:00,698,936.6170408163265,876.9151925546417,888.6165,897.6913163993827
2020-03-13 05:00:00,1101,1330.0984523809523,1407.3282941734365,1279.2909,1324.002133415941
2020-03-13 06:00:00,2215,2123.696492218099,2180.781842521793,2141.8152,2147.0271764584104
2020-03-13 07:00:00,3446,3414.870890442247,3383.6567517228514,3434.3098,3416.786817767837
2020-03-13 08:00:00,3393,3537.339445147728,3605.2319837625205,3531.3582,3551.3219343759997
2020-03-13 09:00:00,3257,3217.8199183004317,3261.5825807313654,3296.484,3268.0925681173244
2020-03-13 10:00:00,3042,3032.198732614143,3061.232775779193,3018.8435,3032.7796300280215
2020-03-13 11:00:00,3007,2885.3467721166976,2890.5390823574676,2869.1445,2878.5437292435413
2020-03-13 12:00:00,2925,2911.477668079917,2853.8497411371377,2819.3806,2851.022159921451
2020-03-13 13:00:00,2728,2865.237341653512,2841.2840474388654,2892.8552,2873.0579595777817
2020-03-13 14:00:00,2648,2690.190724869221,2655.461798236777,2704.6716,2688.748946206187
2020-03-13 15:00:00,2539,2577.826731210271,2545.6636574152185,2569.7585,2565.75186961731
2020-03-13 16:00:00,2489,2547.806250474516,2508.93432829647,2515.312,2521.8411505521217
2020-03-13 17:00:00,2606,2570.8110770761755,2585.600689549576,2595.577,2586.8913938048754
2020-03-13 18:00:00,2516,2748.240383769351,2788.0593885622725,2763.0566,2765.603263395406
2020-03-13 19:00:00,2736,2654.4454786305823,2610.342176577397,2588.7275,2610.560683333245
2020-03-13 20:00:00,2610,2540.8708536407653,2600.1084027860616,2550.3982,2560.443910786394
2020-03-13 21:00:00,1983,2091.225418993705,2135.9631802840777,2035.8094,2074.7018739405394
2020-03-13 22:00:00,1619,1857.9381446002765,1862.17519653855,1837.5101,1848.7834012026753
2020-03-13 23:00:00,1484,1573.58954245012,1555.2427722099562,1588.6318,1576.523996633769
2020-03-14 00:00:00,1577,1200.1058390022677,1222.969737297374,1403.2527,1307.3952368483478
2020-03-14 01:00:00,1451,1132.6526906823335,1129.8790226459068,1082.8865,1107.0761656367476
2020-03-14 02:00:00,767,873.5409183673468,737.4231689895339,762.0789,783.7804810677358
2020-03-14 03:00:00,434,553.1493385731901,468.18612794774054,453.7634,482.2155652386311
2020-03-14 04:00:00,689,721.8083593599383,792.4445771758719,768.3482,762.7373369171557
2020-03-14 05:00:00,635,772.014799595514,805.3666092923856,753.3327,771.0117035403343
2020-03-14 06:00:00,763,710.58,688.3294091650271,689.6389,694.5468102990693
2020-03-14 07:00:00,1447,1646.1246031746034,1538.8668776577854,1457.55,1525.0228946221596
2020-03-14 08:00:00,2925,2787.16731292517,2655.78447954148,2814.4287,2767.9523035854127
2020-03-14 09:00:00,3863,3753.648775510204,3676.1397724550825,3681.7446,3698.3194514444467
2020-03-14 10:00:00,4060,3966.399642857143,3922.994355721113,4076.344,4010.5204967148766
2020-03-14 11:00:00,3878,3754.0136159548388,3783.257909942206,3780.9858,3774.8108013961364
2020-03-14 12:00:00,3570,3613.911081857783,3573.428367738506,3626.3667,3610.0182120084473
2020-03-14 13:00:00,3323,3332.8474957849144,3310.9386188421477,3320.204,3321.0485794380156
2020-03-14 14:00:00,2900,3047.92432811037,3015.752187957816,3049.3489,3040.593567493609
2020-03-14 15:00:00,2768,2686.242477130377,2646.3131916938332,2660.7249,2663.501343963865
2020-03-14 16:00:00,2659,2607.4354594816555,2615.86290616328,2622.1072,2616.8781802784215
2020-03-14 17:00:00,2735,2649.0451124942365,2657.508448293704,2674.5247,2663.9007192985478
2020-03-14 18:00:00,2677,2723.1633192751665,2777.013940069315,2750.3645,2750.226565812683
2020-03-14 19:00:00,2568,2538.906249849926,2524.263935882779,2518.6235,2525.1043140113015
2020-03-14 20:00:00,2279,2279.3344444444447,2291.417568157621,2302.9316,2294.1538234630166
2020-03-14 21:00:00,1535,1806.191156462585,1867.59589487526,1772.8563,1804.874924455555
2020-03-14 22:00:00,1243,1528.030949536178,1519.1215264660473,1514.2635,1518.9198939029002
2020-03-14 23:00:00,1314,1417.9175455084649,1468.0791192953125,1532.4296,1487.713948915788
2020-03-15 00:00:00,1450,1330.4295841063697,1442.073450056589,1416.6349,1401.443202388396
2020-03-15 01:00:00,955,1207.640476190476,1156.2067989771965,1123.6404,1152.7820092216057
2020-03-15 02:00:00,485,596.7006122448979,466.1668311114572,453.73196,492.58284289475284
2020-03-15 03:00:00,721,505.40214119214113,565.1545418470057,557.9215,546.5999251543179
2020-03-15 04:00:00,814,737.5187419571951,698.2120144441743,668.7178,693.2915758190924
2020-03-15 05:00:00,537,600.1224675324673,561.5943126790585,535.9587,558.4085346524909
2020-03-15 06:00:00,204,506.8229774986918,436.8998676216438,468.15567,470.0085463630917
2020-03-15 07:00:00,1343,1219.9215201465202,1136.6285431749948,1197.7343,1188.0046422952225
2020-03-15 08:00:00,2400,2294.749435374149,2423.469123793193,2378.684,2368.8966808074606
2020-03-15 09:00:00,3625,3370.8189607333084,3455.5366423932146,3393.5715,3403.3746673831934
2020-03-15 10:00:00,3928,3914.9978911564617,3939.2132181904612,4003.483,3965.2942324148557
2020-03-15 11:00:00,3839,3809.6853628117915,3768.0038139895682,3786.0454,3787.444999278465
2020-03-15 12:00:00,3637,3585.7399912487504,3574.364742273705,3572.3293,3576.1908562321764
2020-03-15 13:00:00,3707,3375.487367637413,3357.8951334290673,3344.3018,3355.49650417287
2020-03-15 14:00:00,3017,3351.9206397338717,3247.992756788326,3262.4263,3281.1914838961743
2020-03-15 15:00:00,2686,2624.1062635776925,2605.4134427628355,2609.2642,2612.012006663257
2020-03-15 16:00:00,2374,2426.136111136353,2443.335264534152,2397.294,2416.0148165738765
2020-03-15 17:00:00,2341,2479.79981553945,2413.9230425196897,2444.1895,2445.525441077285
2020-03-15 18:00:00,2516,2634.526571179356,2604.7191009847184,2639.073,2629.347917064456
2020-03-15 19:00:00,2755,2658.4032253307673,2647.7496081916333,2653.0317,2653.0540775212253
2020-03-15 20:00:00,2474,2598.229326328698,2555.7435303966436,2565.533,2571.2596936735226
2020-03-15 21:00:00,1759,1898.552318732371,1758.1534878664063,1804.6726,1816.512755360632
2020-03-15 22:00:00,1515,1635.6024834993284,1543.9255582407307,1560.2162,1574.9901036967335
2020-03-15 23:00:00,1412,1383.8688775510204,1420.2933430887488,1429.0044,1415.5427524255674
2020-03-16 00:00:00,1509,1147.228239022882,1191.7126308287045,1087.4481,1128.4592775214903
2020-03-16 01:00:00,1136,1025.400186903044,1035.8209326104195,1053.409,1042.0098086869596
2020-03-16 02:00:00,591,605.8422651222651,533.4823072916863,504.08392,536.8731047734098
2020-03-16 03:00:00,735,541.6762839399039,458.6195156786067,404.3644,452.25615510482294
2020-03-16 04:00:00,1210,800.237136672851,829.0684788814757,837.06683,825.8598206366286
2020-03-16 05:00:00,1261,1237.4664625850342,1490.889408520176,1409.5564,1386.86716601849
2020-03-16 06:00:00,1896,2188.384093842665,2109.251630422675,2160.5803,2154.6990921991473
2020-03-16 07:00:00,3157,3162.2198539415767,3033.6933102015055,3186.2405,3142.0985302935833
2020-03-16 08:00:00,3584,3545.8316470087884,3461.901058613306,3584.5906,3544.228464491461
2020-03-16 09:00:00,3456,3614.687122758194,3727.659569835788,3757.0664,3714.1198762734957
2020-03-16 10:00:00,3261,3217.9189981631343,3243.3503498645828,3169.3008,3199.9677276319294
2020-03-16 11:00:00,3103,3084.901022344836,3065.6229001251063,3029.418,3052.3399649924854
2020-03-16 12:00:00,3124,3014.222954141482,2995.7641306727082,2992.7627,2998.8781188597977
2020-03-16 13:00:00,3024,2983.777497400901,2977.8029288606854,2984.97,2982.880091916959
2020-03-16 14:00:00,2882,2927.2859799253665,2839.5198353965307,2840.3892,2861.8960339085993
2020-03-16 15:00:00,2563,2741.5080063388214,2624.3506557495352,2689.6045,2686.266911615839
2020-03-16 16:00:00,2488,2462.4378058441266,2462.4803305212245,2453.015,2457.7369803804004
2020-03-16 17:00:00,2649,2536.498836890423,2497.1173407435426,2519.942,2518.3749916741162
2020-03-16 18:00:00,2755,2777.7204689641208,2784.62232850964,2776.7417,2778.956548977815
2020-03-16 19:00:00,2924,2874.9363903960007,2873.2056375844645,2906.4934,2890.282211096679
2020-03-16 20:00:00,2734,2705.438821847663,2766.7779840749995,2773.1257,2754.617067691603
2020-03-16 21:00:00,2185,2207.6358860368264,2146.878190995421,2199.185,2188.2210485549367
2020-03-16 22:00:00,1859,1911.259707909519,1912.4992492479673,1968.6785,1940.278972687809
2020-03-16 23:00:00,1459,1527.7103907862127,1540.511574768345,1531.9028,1533.0069074042644
2020-03-17 00:00:00,1377,1343.6579471788714,1332.6619556202652,1335.8086,1336.9842725747842
2020-03-17 01:00:00,1229,1128.768441274205,1129.3267454871625,1135.5889,1132.318230284092
2020-03-17 02:00:00,720,832.8405988897388,769.9482012302199,774.7747,788.0845596491303
2020-03-17 03:00:00,662,597.4452092352093,561.767727324387,517.1533,548.3798942961491
2020-03-17 04:00:00,1112,952.2752821128452,951.5929733377147,1006.34106,979.1375960892025
2020-03-17 05:00:00,1099,1381.2646938775513,1465.3130473911096,1449.2172,1436.253016860134
2020-03-17 06:00:00,1580,1948.1333803175412,1853.0543266443615,1953.9479,1927.2708647287568
2020-03-17 07:00:00,3075,2644.673097572362,2748.703730523688,2855.4963,2776.092375969325
2020-03-17 08:00:00,3496,3387.259769873189,3392.503520128808,3418.598,3404.2397726958116
2020-03-17 09:00:00,3706,3456.9527962987013,3487.7048687821316,3445.9873,3459.158068613958
2020-03-17 10:00:00,3721,3351.331433376421,3370.2535931036396,3343.097,3351.9447185340778
2020-03-17 11:00:00,3445,3359.491204935958,3327.818958401463,3343.4424,3343.548732240605
2020-03-17 12:00:00,3471,3247.2503442028988,3207.61208536231,3129.2793,3178.355255828802
2020-03-17 13:00:00,3442,3173.994135221469,3220.8335050318374,3079.444,3138.428955961764
2020-03-17 14:00:00,3024,3014.6260949752277,2992.5620275386536,2969.3813,2986.4877044565956
2020-03-17 15:00:00,2380,2742.373131571518,2615.7239016082985,2729.104,2704.076260248079
2020-03-17 16:00:00,2405,2413.881889864473,2152.829849269239,2240.986,2262.1709767756156
2020-03-17 17:00:00,2667,2450.768685617909,2446.6200330634815,2488.2317,2468.46302439691
2020-03-17 18:00:00,2892,2840.4367340888316,2853.1716295193132,2890.1755,2868.489859456724
2020-03-17 19:00:00,2922,3046.366877939,2979.7084832771034,3044.9846,3029.011149874338
2020-03-17 20:00:00,2534,2799.546371893289,2729.2431212275796,2736.0088,2750.201767811467
2020-03-17 21:00:00,1988,2139.802384482685,2137.1014864182075,2186.7966,2162.6242831549107
2020-03-17 22:00:00,1693,1882.7486040155916,1898.7821947452726,1871.8511,1881.308236799591
2020-03-17 23:00:00,1617,1616.5627246688152,1710.7791485777839,1686.6974,1675.184162159306
2020-03-18 00:00:00,1182,1394.9723392422663,1335.340833718592,1425.2583,1395.2074436308396
2020-03-18 01:00:00,1247,1029.0953658288554,893.1525740226053,951.4313,956.2776221698964
2020-03-18 02:00:00,969,877.9253401360545,914.1065960374295,879.3596,887.6877936136835
2020-03-18 03:00:00,508,598.7767201388566,629.6941476052467,524.73566,569.4855453051664
2020-03-18 04:00:00,976,893.1857899575193,969.6174024730686,963.6887,947.5451584592095
2020-03-18 05:00:00,1396,1285.6732391418107,1309.5807216770843,1357.4225,1327.5247328805049
2020-03-18 06:00:00,1724,2019.6915953404769,2206.6465666343825,2037.1339,2075.151496060121
2020-03-18 07:00:00,2761,2881.460439342404,2754.506128483415,2876.647,2847.3151282845797
2020-03-18 08:00:00,3424,3458.4258002290376,3480.1904338998916,3566.2969,3517.8024960322323
2020-03-18 09:00:00,3697,3491.583453378162,3552.2938897299814,3554.7795,3538.359106284848
2020-03-18 10:00:00,3492,3412.888112795219,3415.903836291915,3428.582,3421.4890028967834
2020-03-18 11:00:00,2801,3271.2008823303995,3186.9078861426174,3179.342,3204.198212626067
2020-03-18 12:00:00,3814,2822.31730008059,2831.5016767274647,2909.7085,2868.308992248889
2020-03-18 13:00:00,3127,3322.6508142651,3537.2011723348937,3253.7407,3341.8333579781233
2020-03-18 14:00:00,2911,2923.7879578607667,2970.998573367241,2975.5605,2961.476906244502
2020-03-18 15:00:00,2691,2675.2703429665426,2629.924452889721,2616.0786,2634.338005604691
2020-03-18 16:00:00,2674,2599.0775377680434,2578.9481354552413,2593.4504,2591.2316380323837
2020-03-18 17:00:00,2735,2739.0624604909767,2778.850590989607,2763.1985,2761.0775060342085
2020-03-18 18:00:00,2865,2897.1433217566478,2936.2013351976707,2898.68,2907.6761300588923
2020-03-18 19:00:00,3012,2961.2210199996903,2970.897312818121,3006.0415,2986.050335157578
2020-03-18 20:00:00,2650,2800.402646423731,2775.5807415721,2792.341,2790.1663792255204
2020-03-18 21:00:00,1945,2199.358367503693,2117.0569461140085,2131.687,2144.9473342638003
2020-03-18 22:00:00,1843,1836.7272520154693,1829.887513383289,1784.4814,1808.8944140059396
2020-03-18 23:00:00,1264,1666.4725754886447,1612.1373148661385,1622.9918,1631.148383233227
2020-03-19 00:00:00,1261,1220.6516249565518,1009.0492127672401,1104.1232,1109.4867939036042
2020-03-19 01:00:00,1309,1148.795714147784,1164.9009605671006,1167.5198,1162.1840563740336
2020-03-19 02:00:00,893,912.9221394156018,933.175758836129,913.3843,918.2166132348077
2020-03-19 03:00:00,425,483.49797060128395,489.0242703942779,413.17282,449.7169707713514
2020-03-19 04:00:00,934,880.1268730219361,943.8500075296046,926.6781,919.3332704308539
2020-03-19 05:00:00,1254,1473.1157142857144,1532.6262827744815,1486.2404,1494.5556774877052
2020-03-19 06:00:00,1585,2007.5441326530613,2056.4403449501224,2049.68,2040.8360852211085
2020-03-19 07:00:00,2709,2590.081789579468,2621.866532467809,2747.2937,2676.633931097757
2020-03-19 08:00:00,3334,3386.085135210792,3423.557351559048,3494.5874,3449.704322864335
2020-03-19 09:00:00,3244,3421.1207727308806,3448.2656367113514,3443.5457,3439.1194295089954
2020-03-19 10:00:00,3349,3115.7459553319036,3080.7225646720585,3137.764,3117.999088008803
2020-03-19 11:00:00,3544,3056.4854538760324,2986.5135613759735,3002.9219,3012.2106913130015
2020-03-19 12:00:00,3052,3193.526787260358,3301.0230661992605,3147.9475,3197.6112182477173
2020-03-19 13:00:00,3112,2963.749468292768,2959.682460385969,2944.5295,2953.122752677497
2020-03-19 14:00:00,2942,2906.783820681469,2857.521481258796,2870.4033,2876.2779856413163
2020-03-19 15:00:00,2728,2742.221491003965,2669.8666349303076,2660.7117,2683.377866444506
2020-03-19 16:00:00,2546,2629.445665052603,2566.3245214919693,2560.547,2579.2161062064556
2020-03-19 17:00:00,2834,2640.50460114486,2585.209532297601,2624.6194,2618.738225743428
2020-03-19 18:00:00,2987,2934.9382644077627,2908.411343627389,2944.9941,2933.334472321288
2020-03-19 19:00:00,3120,3014.5680543104368,3002.5519939890755,3053.509,3031.0345286764405
2020-03-19 20:00:00,2692,2856.8022910482955,2837.303414217337,2785.9485,2816.5006694804706
2020-03-19 21:00:00,1964,2224.3779143791367,2095.360475191985,2157.513,2158.6910671193427
2020-03-19 22:00:00,1760,1876.3200076355545,1858.021922560161,1844.2905,1855.730746220804
2020-03-19 23:00:00,1583,1574.3037620712623,1507.9246283393293,1548.2294,1544.6717826612417
2020-03-20 00:00:00,1253,1261.325558401275,1301.1215072957623,1317.7803,1299.5019031430093
2020-03-20 01:00:00,1175,1010.7588168498169,893.5453206605644,1018.6772,985.4146269068922
2020-03-20 02:00:00,714,863.1653174603175,832.6122039674066,851.1913,849.5400224467747
2020-03-20 03:00:00,389,495.3846828329033,390.79959239494144,427.72684,435.4094873860628
2020-03-20 04:00:00,872,805.4207924302098,762.0848736093546,809.95483,796.8538335020786
2020-03-20 05:00:00,638,1315.6593751343019,1367.7544955623969,1355.9075,1348.8072030257372
2020-03-20 06:00:00,2007,1515.0777040816324,1516.931267152144,1500.1185,1508.061507945163
2020-03-20 07:00:00,2687,3181.650661719233,3109.3493362555323,3152.4773,3148.988646954629
2020-03-20 08:00:00,3299,3398.684616507183,3409.580011938356,3437.3782,3420.755244025447
2020-03-20 09:00:00,3497,3434.236402775978,3326.2187764325636,3414.5955,3397.411524294323
2020-03-20 10:00:00,3482,3299.6723734715333,3344.661364818845,3352.3662,3337.2665400413443
2020-03-20 11:00:00,3278,3196.1433818206774,3263.8061913445663,3255.8442,3242.909512431936
2020-03-20 12:00:00,3132,3103.8600029577988,3143.379264003109,3083.3926,3103.506105802727
2020-03-20 13:00:00,2995,2992.506864781968,2956.038894619717,2946.1594,2960.2161517644836
2020-03-20 14:00:00,2812,2889.0019511924215,2842.108169881739,2887.9126,2876.733829096665
2020-03-20 15:00:00,2872,2703.3116151446643,2655.283811868789,2643.8225,2661.560111636176
2020-03-20 16:00:00,2313,2698.2180617861527,2678.3263750491365,2672.17,2680.2210701463223
2020-03-20 17:00:00,2701,2476.166335227523,2468.597613837021,2524.5637,2498.472847617699
2020-03-20 18:00:00,2955,2777.507935002633,2806.072669754172,2789.428,2790.6091404470135
2020-03-20 19:00:00,2708,2894.0038743936593,2868.929460943386,2881.1929,2881.3297693811364
2020-03-20 20:00:00,2389,2491.7464511592693,2441.7256353962434,2494.7,2480.717997224816
2020-03-20 21:00:00,1818,1951.109031819607,1948.4792745136745,1883.238,1916.5160951380078
2020-03-20 22:00:00,1555,1722.050725829726,1644.0058882638684,1640.0134,1661.520867390586
2020-03-20 23:00:00,1523,1532.503391784406,1543.1815052836864,1545.3683,1541.6053673334293
2020-03-21 00:00:00,1495,1319.9516986188414,1286.737057376969,1418.9519,1361.14814114739
2020-03-21 01:00:00,973,1221.0372464778877,1145.9235408347945,1154.5787,1169.0295645039519
2020-03-21 02:00:00,494,646.6871121709554,583.7272202210637,518.40405,566.8056094651922
2020-03-21 03:00:00,893,482.0497996086181,463.41690218577367,495.02563,483.87949283141046
2020-03-21 04:00:00,885,875.0288126159554,813.2012841447314,790.3264,817.2207321979843
2020-03-21 05:00:00,662,727.8445153061225,592.5315153849583,729.37933,694.7836744208171
2020-03-21 06:00:00,550,688.5696116780047,669.5941179751891,595.5655,637.3236777746265
2020-03-21 07:00:00,1669,1585.952732426304,1412.285334536164,1436.4178,1467.7684400804608
2020-03-21 08:00:00,2827,2835.627517006803,2876.689580109414,2829.627,2842.892750841554
2020-03-21 09:00:00,3726,3746.636889301175,3740.4534530673773,3777.0254,3760.285280904638
2020-03-21 10:00:00,3881,3881.5699871557026,3935.068785703011,3943.3132,3925.816309425616
2020-03-21 11:00:00,3864,3687.1609831834826,3701.921826597323,3751.5012,3723.021312796764
2020-03-21 12:00:00,3711,3557.79995202467,3658.6536454511615,3558.93,3583.5783651892702
2020-03-21 13:00:00,3442,3449.645219910575,3466.0080381937273,3456.11,3456.9683682370132
2020-03-21 14:00:00,3403,3159.587214410485,3111.1161070603216,3038.723,3087.037280563014
2020-03-21 15:00:00,2915,3081.0175073397777,2979.7952784219065,3006.3376,3018.3720196826084
2020-03-21 16:00:00,2817,2647.0313620297916,2595.3456460478747,2646.5493,2633.8689102225417
2020-03-21 17:00:00,2744,2813.855207647008,2780.1277495966174,2783.0645,2790.027965873406
2020-03-21 18:00:00,2884,2809.1851736415633,2867.923475517101,2812.817,2825.685609555291
2020-03-21 19:00:00,2937,2696.30662947588,2653.4562011869334,2686.2258,2680.553622704766
2020-03-21 20:00:00,2260,2547.312266166504,2528.554897140321,2530.6145,2534.2740418032686
2020-03-21 21:00:00,1592,1744.6751720688274,1742.542781091243,1713.8285,1728.7187338954864
2020-03-21 22:00:00,1363,1580.483057823129,1544.4109706503389,1554.3862,1558.416622352742
2020-03-21 23:00:00,1461,1504.4685792310447,1466.3479977852874,1526.82,1506.1141173986143
2020-03-22 00:00:00,1559,1339.2511904761902,1313.0551583934214,1360.2388,1343.195971983028
2020-03-22 01:00:00,1154,1092.3359523809522,1083.153100099337,1100.2668,1094.0056859716349
2020-03-22 02:00:00,495,672.231768707483,547.1177800968703,538.47186,574.0733185975727
2020-03-22 03:00:00,602,663.9378627093729,662.5724972500659,653.43365,658.3444173824378
2020-03-22 04:00:00,284,712.1064285714286,784.3925149650859,790.13763,769.1935530228005
2020-03-22 05:00:00,512,466.7753517316017,457.92219582884917,487.39453,474.8716525151127
2020-03-22 06:00:00,582,578.7408431251288,568.930437249345,632.9147,603.3751565193998
2020-03-22 07:00:00,1156,1176.3065306122448,1252.636955578157,1182.8472,1198.6594555319755
2020-03-22 08:00:00,2817,2216.2024149659865,2183.199603115648,2249.4795,2224.590250614159
2020-03-22 09:00:00,3301,3669.6518428397003,3735.2246866569258,3744.8965,3723.6673745616563
2020-03-22 10:00:00,3888,3712.018869653125,3679.954157039671,3722.0664,3709.026459798199
2020-03-22 11:00:00,3827,3728.747799422799,3770.9141737775744,3807.4773,3778.6541407610307
2020-03-22 12:00:00,3571,3600.1461316064892,3621.290726440147,3610.953,3610.8356549413465
2020-03-22 13:00:00,3323,3347.4348955127093,3390.3172639365557,3367.653,3368.2645779482536
2020-03-22 14:00:00,2997,3013.2473726079547,3042.740156493566,3027.1187,3027.556208447255
2020-03-22 15:00:00,2669,2620.3945535586063,2711.4560750534943,2600.9785,2633.4519149655252
2020-03-22 16:00:00,2435,2431.1309146638987,2441.8058287211534,2430.8467,2433.6575256900132
2020-03-22 17:00:00,2512,2495.063934112076,2420.351308298647,2510.0093,2483.858449274556
2020-03-22 18:00:00,2609,2701.1970699324797,2695.347356896973,2744.6853,2721.4787580745506
2020-03-22 19:00:00,2823,2721.9698989797917,2767.4212924842313,2805.6296,2775.1626172019432
2020-03-22 20:00:00,2479,2628.469011422625,2606.306430159497,2644.303,2630.845349653343
2020-03-22 21:00:00,1553,1891.9242083896377,1869.1925390270042,1788.1593,1834.3588377330666
2020-03-22 22:00:00,1450,1563.4165646258505,1521.926459488087,1517.4655,1530.0684830792657
2020-03-22 23:00:00,1176,1408.3572619047618,1463.6170251947372,1435.9387,1435.9629321264372
2020-03-23 00:00:00,1086,1158.823015873016,1213.4545218213175,1129.3676,1157.7531612790522
2020-03-23 01:00:00,730,990.5167407063836,939.6780183152883,875.2651,920.1812275972148
2020-03-23 02:00:00,183,467.0968664456621,411.1225757035708,426.2647,432.68721527363635
2020-03-23 03:00:00,214,594.3937367724868,534.711103661091,549.0971,556.8247635751914
2020-03-23 04:00:00,501,790.4904761904761,815.9068418611149,795.73395,799.4663033898509
2020-03-23 05:00:00,1122,903.5191156462586,1070.8726889863904,1048.6014,1017.898671373006
2020-03-23 06:00:00,1758,2173.3681572980067,2017.4498386028802,2172.1208,2133.764923779909
2020-03-23 07:00:00,2872,2963.242857142857,2993.4721150971427,2962.6287,2970.4930741146873
2020-03-23 08:00:00,3273,3456.5593843166025,3366.115617662881,3387.8633,3399.600391119871
2020-03-23 09:00:00,3541,3421.280855664835,3459.7329480745207,3553.3384,3496.922640387964
2020-03-23 10:00:00,3514,3390.186338741031,3515.3856764245675,3492.1323,3472.4591659007747
2020-03-23 11:00:00,3323,3291.440262663491,3339.3111468889283,3330.6472,3323.0114607865426
2020-03-23 12:00:00,3305,3220.5841518040256,3160.660233894608,3227.9321,3209.2771608777834
2020-03-23 13:00:00,3048,3141.1582436778194,3113.977944906725,3087.0588,3107.3134660914484
2020-03-23 14:00:00,2985,2904.43840335725,2943.3173250752006,2900.1685,2912.0231606237376
2020-03-23 15:00:00,2936,2757.9626636508156,2746.861970221845,2769.9707,2761.191510030665
2020-03-23 16:00:00,2693,2709.8308033346952,2699.7866914474266,2690.7852,2697.7969518205305
2020-03-23 17:00:00,2847,2732.8087006458763,2725.070429190791,2752.851,2740.8953195685417
2020-03-23 18:00:00,2965,2973.0661448457668,2941.2666162443493,2962.2195,2959.6929314834665
2020-03-23 19:00:00,3164,2997.3097087815304,3056.5970348561173,3105.0437,3065.9985364953495
2020-03-23 20:00:00,2445,2824.2359315089675,2928.020257802182,2883.544,2879.836019984037
2020-03-23 21:00:00,1752,2003.0800200613926,1933.0439418620288,1973.037,1970.549484133199
2020-03-23 22:00:00,1567,1767.8963145213108,1683.302577269437,1759.6587,1742.6290686508119
2020-03-23 23:00:00,1328,1475.6904593421234,1467.5362716408836,1456.5441,1464.078716437158
2020-03-24 00:00:00,1374,1133.4931792717089,1119.4551984941372,1137.7738,1132.1239962969303
2020-03-24 01:00:00,1256,958.8091853822868,988.1129477477244,1016.5154,994.9882237121903
2020-03-24 02:00:00,551,788.9746670591312,707.9172398888668,754.28406,751.3650055455932
2020-03-24 03:00:00,632,510.9435885810872,514.1871974428071,479.31473,495.94006039757517
2020-03-24 04:00:00,1282,812.4271428571429,913.478333987771,889.85095,876.4018452854473
2020-03-24 05:00:00,1046,1290.8617422524567,1406.1575137246712,1432.0236,1390.2665937794382
2020-03-24 06:00:00,1329,1726.8200998208142,1539.3927349705066,1637.3265,1635.2164777407988
2020-03-24 07:00:00,2597,2435.4357312925167,2452.116066389741,2499.8271,2471.8015236393144
2020-03-24 08:00:00,3303,3352.4659560688565,3324.3524475275567,3388.1536,3363.281383125666
2020-03-24 09:00:00,3612,3432.706379076329,3524.965876557868,3518.3994,3498.6177709397994
2020-03-24 10:00:00,3630,3411.4196351572923,3557.8726012158754,3511.0889,3497.8674926870417
2020-03-24 11:00:00,3504,3275.3063900717475,3379.759444801428,3366.942,3347.237405983919
2020-03-24 12:00:00,3590,3324.95953595298,3300.219911609271,3269.3142,3290.9519663827505
2020-03-24 13:00:00,3334,3297.5450797475414,3370.064646385851,3229.7573,3281.781093642723
2020-03-24 14:00:00,3032,3104.7168226850695,3080.120760634924,3044.1108,3068.2648157518734
2020-03-24 15:00:00,2979,2817.4824797893516,2846.4192680632973,2864.983,2848.4668920412873
2020-03-24 16:00:00,2777,2799.0551173209024,2786.2556589234987,2786.3428,2789.4990807798504
2020-03-24 17:00:00,2761,2814.5839191917744,2871.7993551130535,2842.4902,2842.840935763707
2020-03-24 18:00:00,3051,3008.789591620615,3022.313079576617,2987.3157,3001.4335047133704
2020-03-24 19:00:00,2981,3107.2464018756004,3217.0048113873136,3182.634,3172.379819917291
2020-03-24 20:00:00,2640,2695.3953121780305,2796.7332264056226,2738.4673,2742.265777224038
2020-03-24 21:00:00,1844,2092.8424230596943,2035.7815342141248,1999.8568,2032.0843950801736
2020-03-24 22:00:00,1497,1774.2511132028217,1617.8394928516384,1642.126,1669.085639794865
2020-03-24 23:00:00,1159,1499.1126706072325,1451.734516758346,1506.8553,1491.1394701812383
2020-03-25 00:00:00,1495,1191.0957651681922,1094.611242645812,1185.7968,1164.3251284183448
2020-03-25 01:00:00,1072,1156.2227984259398,1282.3056293267841,1274.1262,1246.6952172897436
2020-03-25 02:00:00,513,603.8452213868002,536.9795862599196,476.5057,523.4590553052346
2020-03-25 03:00:00,682,606.845135705642,558.8691788660518,550.3565,566.6068318167515
2020-03-25 04:00:00,1183,1011.1457142857142,1013.2388539266428,1132.3115,1072.2519037718394
2020-03-25 05:00:00,1067,1291.7753061224487,1461.7464337880608,1459.9991,1418.3800077315336
2020-03-25 06:00:00,1421,1713.7698310381065,1519.3986144277965,1611.704,1614.1441011125694
2020-03-25 07:00:00,2363,2453.8480017006805,2546.5600365785067,2603.319,2551.7615554682343
2020-03-25 08:00:00,3360,3275.4913510923125,3306.9087424963855,3321.7498,3306.474901326862
2020-03-25 09:00:00,3650,3544.036619123885,3604.7399995077994,3712.353,3643.370668329796
2020-03-25 10:00:00,3634,3495.6388772542623,3574.9871427548474,3612.7913,3574.05213488509
2020-03-25 11:00:00,3452,3295.325375347149,3318.949201142081,3320.1833,3313.660318926995
2020-03-25 12:00:00,3443,3281.5441817206747,3354.8586326150007,3274.8958,3296.5485795604814
2020-03-25 13:00:00,3362,3229.9590925028574,3270.600847680423,3180.3894,3215.3346871942576
2020-03-25 14:00:00,3126,3134.9982952267974,3125.067581456858,3059.9119,3094.9724017881013
2020-03-25 15:00:00,2928,2932.743244872294,2896.824804146723,2907.686,2911.2350298328793
2020-03-25 16:00:00,2809,2790.563388272045,2805.9116648181707,2803.3738,2800.8056529209916
2020-03-25 17:00:00,2839,2871.4408941987986,2898.9138565255034,2884.0737,2884.6255529154505
2020-03-25 18:00:00,3041,2985.250197019919,3007.9782472915613,3014.8142,3005.7142155700576
2020-03-25 19:00:00,3077,3113.316929411004,3187.8543556416707,3160.9653,3155.7754872787937
2020-03-25 20:00:00,2805,2832.483621593726,2875.443801951685,2824.91,2839.43681194104
2020-03-25 21:00:00,1802,2151.846557920224,2108.0835368816824,2074.306,2102.135477802039
2020-03-25 22:00:00,1645,1752.5977941131473,1646.3237108698293,1653.719,1676.5898733160566
2020-03-25 23:00:00,1343,1496.7709350039001,1492.3970376485609,1472.0702,1483.327088377959
2020-03-26 00:00:00,1243,1253.7590476190478,1238.3153069326115,1286.7432,1266.390170669165
2020-03-26 01:00:00,1132,1081.5235468631897,1056.114793227174,1071.3954,1070.1072778936846
2020-03-26 02:00:00,600,691.2164794600012,744.7926425814151,727.4577,722.7311318287134
2020-03-26 03:00:00,631,546.8587362637363,507.38464027784937,418.50046,472.8110730172324
2020-03-26 04:00:00,853,969.1672108843541,1046.8050171611064,1056.7063,1032.3462064254277
2020-03-26 05:00:00,1039,1170.4418707482992,1203.9280836775888,1220.515,1203.8499959306907
2020-03-26 06:00:00,1423,1651.1961337868477,1629.7302400159922,1618.4447,1629.4539445249288
2020-03-26 07:00:00,2302,2535.230269478926,2506.5495069936064,2551.4695,2536.1796853290707
2020-03-26 08:00:00,3592,3244.587960328488,3289.3822759353966,3382.0571,3324.5211235190964
2020-03-26 09:00:00,3775,3618.053729786786,3651.734968135219,3728.881,3681.887726238314
2020-03-26 10:00:00,3833,3448.8036173416726,3515.1273083202905,3549.6372,3515.801334931116
2020-03-26 11:00:00,3546,3486.7860672917814,3536.8325472065576,3527.0789,3519.444082335522
2020-03-26 12:00:00,3385,3334.3331166551707,3366.0817107214707,3420.5596,3385.38349200041
2020-03-26 13:00:00,3234,3209.108641828198,3195.919180035073,3198.789,3200.6514867158176
2020-03-26 14:00:00,3100,3048.6635710283867,3065.7943673920267,3046.3743,3051.801618394166
2020-03-26 15:00:00,2904,2916.64375913499,2891.4459033592384,2951.4954,2927.7700962876197
2020-03-26 16:00:00,2847,2769.3195550563264,2778.7750639715455,2780.0613,2777.0542944054055
2020-03-26 17:00:00,2920,2883.8085377068874,2891.355512911064,2944.1968,2915.889401326363
2020-03-26 18:00:00,3083,3018.9184446634126,3059.0882200968044,3090.0037,3064.503497244742
2020-03-26 19:00:00,3082,3084.0964771622944,3168.836442773293,3156.0542,3141.2603295932718
2020-03-26 20:00:00,2580,2861.7881097400204,2858.812819312723,2836.3708,2848.3356570678734
2020-03-26 21:00:00,2103,2018.378597711812,1986.0947088195921,2006.8948,2004.5657143281635
2020-03-26 22:00:00,1388,1863.0921738761024,1808.2152257546452,1836.1035,1835.878607720187
2020-03-26 23:00:00,1543,1523.1262187812185,1409.2652701076486,1408.149,1437.172396147998
2020-03-27 00:00:00,1161,1309.3467950245795,1326.7796915523982,1382.6875,1350.3753716442443
2020-03-27 01:00:00,1148,952.2420967109102,884.4154991341272,927.41113,922.8699653675094
2020-03-27 02:00:00,829,848.2498242630385,901.7830308791265,853.91724,864.4668319496037
2020-03-27 03:00:00,234,533.4495382395382,532.9461547807189,409.6197,471.4087682257674
2020-03-27 04:00:00,887,836.9574849555207,813.6647651428211,835.39496,830.3530417726323
2020-03-27 05:00:00,1226,1220.0106292517007,1348.384798460921,1268.248,1276.2228803656553
2020-03-27 06:00:00,1385,1851.6703684807255,1892.063388288956,1805.9583,1838.9125651689828
2020-03-27 07:00:00,2634,2390.7387898870884,2347.3209425265927,2507.1792,2438.1045327127954
2020-03-27 08:00:00,3529,3504.501442517157,3468.572868465362,3625.6555,3556.0963365346925
2020-03-27 09:00:00,3724,3674.632124465171,3789.344517680212,3838.8765,3785.4323929582206
2020-03-27 10:00:00,3634,3565.740270623403,3626.5893875469737,3636.0415,3616.103166495719
2020-03-27 11:00:00,3579,3374.492111745671,3420.0700785244253,3407.016,3402.148604208149
2020-03-27 12:00:00,3660,3397.8275735445472,3415.1369146577945,3370.1846,3388.3334072068355
2020-03-27 13:00:00,3275,3398.8156144621394,3443.212173895299,3324.1829,3372.598377753422
2020-03-27 14:00:00,3110,3039.5770711272467,3088.1183678345383,3096.1826,3080.0151683341965
2020-03-27 15:00:00,2993,2897.6368477305564,2935.365854904641,2967.4243,2941.962833861924
2020-03-27 16:00:00,2920,2806.516280444094,2807.1159849104706,2815.8599,2811.337997979266
2020-03-27 17:00:00,3008,2932.371076753689,2951.2900370865204,2904.688,2923.2592726006774
2020-03-27 18:00:00,3167,3002.8175672223338,3090.1820424725984,3034.331,3040.415429767483
2020-03-27 19:00:00,3098,2962.5767477609065,3023.9653148191555,3038.614,3015.942522480953
2020-03-27 20:00:00,2522,2740.9525449100665,2775.036598757274,2733.6775,2745.8360310340227
2020-03-27 21:00:00,1944,1997.1335870181406,2031.0403147366978,1937.2598,1975.6733582512097
2020-03-27 22:00:00,1834,1731.0959481908708,1594.4348959428219,1609.4425,1636.1039634748295
2020-03-27 23:00:00,1570,1619.4864295340778,1553.4284663948263,1560.6578,1573.5576424392573
2020-03-28 00:00:00,1569,1255.7947619047616,1309.6031266442383,1381.2231,1331.961044402875
2020-03-28 01:00:00,1288,1110.936507936508,1177.1598226067626,1191.9084,1167.9783062686301
2020-03-28 02:00:00,638,786.232367870225,755.1308407895481,690.1325,730.4070558270527
2020-03-28 03:00:00,909,673.0743020669806,624.6462835244315,564.2976,606.5789501087905
2020-03-28 04:00:00,978,859.1130449452509,943.0600430834677,850.8288,875.957670200539
2020-03-28 05:00:00,784,850.9553401360542,837.3029764534468,834.01245,839.0708047333128
2020-03-28 06:00:00,720,736.434387755102,701.6475310496937,649.1416,684.091280482449
2020-03-28 07:00:00,1380,1538.2204421768706,1552.729391194294,1498.5164,1521.9956370537286
2020-03-28 08:00:00,2711,2792.55074829932,2554.3298794743487,2816.9758,2745.20807198248
2020-03-28 09:00:00,3766,3698.563658008658,3759.9491645138373,3812.0305,3770.643464419686
2020-03-28 10:00:00,4161,3962.458707482993,4001.4620362093633,4042.4397,4012.2000345559018
2020-03-28 11:00:00,4064,3960.4760544217684,3977.768506180223,4033.5317,4001.327009291123
2020-03-28 12:00:00,3902,3772.7748872180446,3834.208811658466,3810.8638,3807.1778094847527
2020-03-28 13:00:00,3712,3661.011365914787,3593.3339776136186,3633.1433,3630.157991155539
2020-03-28 14:00:00,3379,3449.9534390438102,3481.7868953643897,3445.9739,3455.9220220786124
2020-03-28 15:00:00,3110,3154.074999495278,3102.339699174009,3076.5557,3102.3815066985717
2020-03-28 16:00:00,2981,2897.3489692432745,2876.526075398759,2850.7266,2868.8320424105086
2020-03-28 17:00:00,3163,2885.8148905395487,2967.6378954623606,2923.901,2925.3136359536024
2020-03-28 18:00:00,3356,3096.5932048790214,3193.2815091387656,3146.7642,3145.850758582572
2020-03-28 19:00:00,3248,3159.959151153145,3223.252647999365,3149.2197,3170.4128130693775
2020-03-28 20:00:00,2689,2828.5420272753654,2845.478396958832,2857.1755,2847.0928746132367
2020-03-28 21:00:00,2153,2099.118276643991,1922.659695438475,1909.6425,1960.2657210479601
2020-03-28 22:00:00,1685,1750.2067346938777,1688.2001866057203,1722.1885,1720.6959686061496
2020-03-28 23:00:00,1554,1566.0632967032968,1538.1959693172778,1514.3267,1533.2281465832687
2020-03-29 00:00:00,1771,1397.2472789115648,1476.481645371342,1456.354,1446.6092330238516
2020-03-29 01:00:00,1347,1248.8632388510962,1291.5279280022646,1195.3771,1232.7863293109965
2020-03-29 02:00:00,1004,755.9689205682272,655.936055492942,557.26495,631.6087208219329
2020-03-29 03:00:00,661,751.0412324160435,741.6145287418791,723.9672,735.1475523500276
2020-03-29 04:00:00,970,634.56481571576,643.6890734060366,636.4786,637.8027606105272
2020-03-29 05:00:00,692,798.5493650793651,821.2396795828064,800.6467,805.2706254233553
2020-03-29 06:00:00,636,589.4574489795917,506.021591402567,570.80756,559.2735381717116
2020-03-29 07:00:00,393,1216.9950340136054,1069.1574516131382,1085.2131,1114.1446887894983
2020-03-29 08:00:00,1267,1812.9320748299322,1391.871723887146,1931.2485,1766.8252172573946
2020-03-29 09:00:00,2066,2570.829863945578,2564.6958639299423,2684.0552,2625.909019859505
2020-03-29 10:00:00,3137,3211.4194897959183,3304.860393457529,3117.4973,3187.818628039924
2020-03-29 11:00:00,3471,3567.867174944938,3698.6700272308844,3670.958,3652.1133044502058
2020-03-29 12:00:00,3584,3429.5699103277675,3453.2758642465055,3460.096,3450.7594172763806
2020-03-29 13:00:00,3460,3357.5609708383886,3340.494993097875,3356.896,3352.961989030941
2020-03-29 14:00:00,3047,3136.101059302509,3158.5846536252902,3072.035,3109.6888842866374
2020-03-29 15:00:00,2783,2685.1501700680265,2735.434810529228,2777.7512,2744.021855500876
2020-03-29 16:00:00,2672,2517.566858964702,2536.903427266434,2522.606,2524.920550073409
2020-03-29 17:00:00,2723,2695.7541889994473,2740.0364240569734,2676.791,2697.343161076605
2020-03-29 18:00:00,2616,2857.3306003059124,2837.1740330350726,2778.5488,2812.900572397746
2020-03-29 19:00:00,2637,2768.1775175137273,2749.5109084956093,2668.27,2713.557116267959
2020-03-29 20:00:00,2737,2503.209279832787,2462.7298295447727,2415.3047,2449.13712109439
2020-03-29 21:00:00,2096,2096.2621987219127,2070.4281921457455,2048.0725,2065.708852599727
2020-03-29 22:00:00,1884,1776.5006235827666,1702.7524806503693,1645.6549,1692.6407296715652
2020-03-29 23:00:00,1396,1482.7719537208823,1439.8812736988016,1415.4156,1438.371131561952
2020-03-30 00:00:00,1206,1134.9727210884355,1208.7711051033343,1132.486,1152.1789375049736
2020-03-30 01:00:00,1010,868.3905782312925,881.5264511705036,917.0372,895.9978425555271
2020-03-30 02:00:00,633,533.6918927571029,624.8371759459852,533.6271,556.4458047734283
2020-03-30 03:00:00,521,489.30465161822303,423.4454279500441,404.57083,430.47293554148087
2020-03-30 04:00:00,945,611.5920238095239,592.1453751908658,628.34955,615.1091239200193
2020-03-30 05:00:00,1334,1160.7819805194806,1212.2531951734295,1253.0929,1219.8052416771338
2020-03-30 06:00:00,1195,1977.232878857758,1645.7246097172974,1899.8511,1855.6649092531388
2020-03-30 07:00:00,2134,2169.4134126984127,1996.9330371078818,2363.1636,2223.1683995609487
2020-03-30 08:00:00,2964,3118.1075664811383,3021.5509799710785,3147.618,3108.723596573992
2020-03-30 09:00:00,3522,3521.000017006803,3383.117401585385,3527.7415,3489.9000821871095
2020-03-30 10:00:00,3535,3499.6182971900193,3586.1308427937915,3662.0576,3602.4660935897027
2020-03-30 11:00:00,3610,3323.3574236128757,3355.313294016347,3459.756,3399.545731165118
2020-03-30 12:00:00,3596,3318.078277635747,3312.590129647916,3298.2996,3306.8168820943533
2020-03-30 13:00:00,3350,3295.902267084715,3312.310276703467,3162.6978,3233.4020129001706
2020-03-30 14:00:00,3100,3064.7118070410716,3041.2602724704507,2990.7778,3021.8819358935057
2020-03-30 15:00:00,2726,2905.1484195037206,2833.988791247187,2841.5605,2855.5645761252267
2020-03-30 16:00:00,2694,2598.5621167697445,2539.5168742704855,2551.5684,2560.3039274475577
2020-03-30 17:00:00,2762,2738.384978687844,2753.3163318450447,2776.0125,2760.9315532191595
2020-03-30 18:00:00,2880,2913.145955823651,2922.37043955649,2953.3523,2935.555246305973
2020-03-30 19:00:00,2776,2929.2448173969424,2950.416937399997,2983.9248,2961.877841042985
2020-03-30 20:00:00,2700,2591.0538163633537,2563.5180541942764,2553.7603,2565.5230945925323
2020-03-30 21:00:00,2229,2164.7217482993196,2123.4543708006836,2144.9949,2144.5414662984385
2020-03-30 22:00:00,1679,1959.1644118480726,1905.3454040282454,1969.1818,1950.7183353167356
2020-03-30 23:00:00,1838,1551.954305442985,1465.0954509698256,1430.3748,1469.4498170328902
2020-03-31 00:00:00,1326,1412.3447839135656,1475.1576236630974,1518.7222,1481.2366858785408
2020-03-31 01:00:00,1332,948.1682834532415,823.57247712465,788.34595,837.1081637772854
2020-03-31 02:00:00,890,918.3151960784313,928.4876514351537,960.32056,941.8609901987088
2020-03-31 03:00:00,472,522.6172569068993,547.9836283062707,472.5162,503.90832372028467
2020-03-31 04:00:00,579,954.6822448979591,987.6729203135678,913.4499,942.3137363712411
2020-03-31 05:00:00,1093,1197.428588435374,1180.6089236314651,1294.838,1241.9283843643661
2020-03-31 06:00:00,1226,1796.3472108843537,1657.2792985614185,1672.7031,1699.758189861443
2020-03-31 07:00:00,1917,2251.07380952381,2142.1755956452826,2162.4546,2179.539646214148
2020-03-31 08:00:00,2723,3097.883486394558,2966.530948123594,3053.1836,3042.695405504538
2020-03-31 09:00:00,3553,3364.5106191542027,3390.43450279284,3347.6592,3362.5658703305107
2020-03-31 10:00:00,3578,3580.9809183673474,3571.0435644742183,3512.6882,3544.350236921329
2020-03-31 11:00:00,3616,3323.4890829086175,3374.5096367067104,3410.5461,3379.7727511928942
2020-03-31 12:00:00,3491,3317.083077200577,3369.1183371844804,3294.5703,3318.8355098462644
2020-03-31 13:00:00,3375,3242.7014758142145,3245.4990870171455,3187.948,3216.0241397312775
2020-03-31 14:00:00,2982,3106.2415504606915,3114.5742586976394,3096.062,3103.234958148958
2020-03-31 15:00:00,2672,2812.070826083719,2726.96069866003,2832.04,2800.7779007171875
2020-03-31 16:00:00,2670,2574.2303476508205,2563.1844150462402,2580.1726,2574.4399943852027
2020-03-31 17:00:00,2741,2720.2070275151987,2795.0493479484817,2776.8318,2767.2299874206074
2020-03-31 18:00:00,2826,2958.741232522592,2922.9051970684263,2946.519,2943.67112888213
2020-03-31 19:00:00,2925,2955.785022384131,2918.4842877480633,2942.9758,2940.055242572111
2020-03-31 20:00:00,2883,2795.3875272663104,2812.785729241503,2808.6926,2806.3896276035157
2020-03-31 21:00:00,2235,2271.5198299319727,2247.431432870133,2226.4624,2242.9690168724014
2020-03-31 22:00:00,1795,1878.6957596371885,1874.3638316574331,1921.9043,1899.2170462611555
2020-03-31 23:00:00,1748,1629.7077828936451,1503.5962603625458,1490.3019,1528.476950755454
2020-04-01 00:00:00,1500,1361.1207142857145,1477.3969256407393,1511.5363,1465.3975374230197
2020-04-01 01:00:00,1482,1132.2246257124098,1054.7925667601933,1087.5804,1090.5445202861195
2020-04-01 02:00:00,1031,932.6822122322121,918.060412372296,972.7597,949.0655084460489
2020-04-01 03:00:00,455,560.5541639133493,506.6641968193449,468.73196,501.1705722388376
2020-04-01 04:00:00,982,761.3846544933764,832.2127789436757,736.58655,766.6926322850443
2020-04-01 05:00:00,1365,1266.1552912960055,1331.7702582279856,1372.856,1335.9093658966228
2020-04-01 06:00:00,1468,1801.957556446821,1674.5904987174692,1734.9111,1736.5925801973226
2020-04-01 07:00:00,2158,2243.5993011948367,2188.711277353079,2185.7107,2200.9329913166666
2020-04-01 08:00:00,2899,3104.6434374962105,2860.462448896432,3046.4177,3014.485333902848
2020-04-01 09:00:00,3465,3506.303084859878,3507.780713222296,3578.9233,3542.9826194424186
2020-04-01 10:00:00,3484,3496.06198366747,3591.6419142301684,3569.7615,3556.806711779097
2020-04-01 11:00:00,3379,3256.4607841932757,3329.342864375844,3376.3032,3334.602523470405
2020-04-01 12:00:00,3425,3234.460892093306,3221.9458326736644,3217.5474,3222.8753628323675
2020-04-01 13:00:00,3298,3178.5094671099523,3288.4494438947813,3200.4468,3216.9631164230586
2020-04-01 14:00:00,3307,3132.0205900156916,3096.5916901075666,3094.2126,3104.259393273002
2020-04-01 15:00:00,3012,3089.2457557160533,3051.655127569498,3011.7458,3041.098145626075
2020-04-01 16:00:00,2797,2802.748050814242,2823.3230988624423,2840.0732,2826.5544085129213
2020-04-01 17:00:00,2908,2848.4662419713536,2868.1185733923376,2859.6099,2858.9511354815477
2020-04-01 18:00:00,3109,3025.0876000386015,3099.95218041537,3094.4475,3078.4836999963054
2020-04-01 19:00:00,3000,3120.0213233404024,3195.1767677480148,3190.2751,3173.937096014292
2020-04-01 20:00:00,2864,2883.6477130668554,2892.3520153108275,2865.7368,2876.8683402975457
2020-04-01 21:00:00,2169,2265.723849206349,2209.8941872086248,2166.768,2202.2885423068683
2020-04-01 22:00:00,1777,1884.5084897308202,1816.3739660341182,1859.6906,1855.065889820141
2020-04-01 23:00:00,1520,1667.8338837353124,1609.0269894474757,1650.2552,1644.3428428074158
2020-04-02 00:00:00,1165,1343.9838868880886,1338.7801868495374,1416.5853,1378.9836820086252
2020-04-02 01:00:00,1418,1130.8490159840162,1065.2015262081634,1177.3218,1137.67352421992
2020-04-02 02:00:00,1180,961.5442096838732,1108.791920244285,1086.2753,1060.7216667593834
2020-04-02 03:00:00,386,749.7908528411364,699.9640230247032,709.92145,717.399442843413
2020-04-02 04:00:00,785,803.0578960939214,855.077990983409,852.24005,840.6539974040982
2020-04-02 05:00:00,1386,1355.3406415196991,1390.5476594669124,1489.9183,1431.4312427271216
2020-04-02 06:00:00,1319,1839.5893707482992,1742.6868247104312,1692.543,1741.8405332396826
2020-04-02 07:00:00,1763,2165.868708791209,2126.796838248156,2201.9912,2174.1619922285913
2020-04-02 08:00:00,3330,2876.87343537415,2785.5355318354923,2930.968,2881.086250591473
2020-04-02 09:00:00,3170,3499.1062451899834,3576.1854142062107,3580.3457,3558.9957664115486
2020-04-02 10:00:00,2218,3221.2758192016845,3284.2207020154883,3223.8445,3238.296371515231
2020-04-02 11:00:00,3300,2914.0406698063844,2837.6046612224836,3044.6628,2960.2427536556543
2020-04-02 12:00:00,3371,3118.295146023321,3204.194451819371,3208.4963,3184.8705684059855
2020-04-02 13:00:00,3314,3129.4352528718146,3249.1095650203115,3213.2917,3201.282078496469
2020-04-02 14:00:00,3023,3063.2849618843343,3084.33272147106,3060.5554,3067.182130799786
2020-04-02 15:00:00,3380,2823.870191815847,2822.0030426662406,2813.3193,2818.127976589272
2020-04-02 16:00:00,2781,2925.590816524168,2847.6086545576613,2805.3328,2845.9662496063947
2020-04-02 17:00:00,2927,2754.0660072041414,2785.0078550405337,2781.3635,2775.4502282564813
2020-04-02 18:00:00,2932,3059.860921690354,3030.765603736241,3075.5793,3060.446304208211
2020-04-02 19:00:00,2961,2976.332350943421,2954.3761828937536,3014.5142,2989.9342135374186
2020-04-02 20:00:00,2803,2783.8797223452175,2764.3699037253327,2712.3877,2743.2562541738876
2020-04-02 21:00:00,2040,2277.6505380721374,2244.131281178345,2216.4697,2238.6803180938705
2020-04-02 22:00:00,1675,1812.8067687074833,1732.5996051389789,1823.2963,1797.9997257858342
2020-04-02 23:00:00,1598,1623.4928531044525,1623.8737474492902,1592.1248,1607.9040280681231
2020-04-03 00:00:00,1226,1221.4716708638034,1360.3175322306904,1332.5726,1311.7336166915923
2020-04-03 01:00:00,1210,1150.5239479568054,974.2875240897445,1027.1091,1044.757433441325
2020-04-03 02:00:00,860,946.2552396413112,972.8790837301149,993.62915,976.598156038169
2020-04-03 03:00:00,339,474.9398791132952,391.5195657442588,418.5739,425.9018180014979
2020-04-03 04:00:00,843,807.3768027210884,723.2701315268828,731.45447,748.3889674487116
2020-04-03 05:00:00,1120,1389.8896877271145,1350.1550622653008,1319.1575,1344.5899228496664
2020-04-03 06:00:00,1305,1656.4445346320344,1526.9851713710034,1573.2113,1582.4630783562282
2020-04-03 07:00:00,2060,2180.1986354541814,2245.584476346382,2116.1768,2164.534156856391
2020-04-03 08:00:00,2983,3176.7577025355595,3046.0536028058286,3045.8733,3078.6394718431593
2020-04-03 09:00:00,3380,3472.7199470715004,3471.0751639012337,3530.9294,3501.413499422871
2020-04-03 10:00:00,3417,3443.5971600621597,3407.559622363344,3361.4348,3393.5066028329384
2020-04-03 11:00:00,3433,3181.940869035983,3283.9257965691327,3302.5493,3267.741324604404
2020-04-03 12:00:00,3299,3232.900868834377,3298.547073779896,3257.029,3261.376512020756
2020-04-03 13:00:00,3302,3100.898458505453,3103.4939040262825,3115.8313,3109.0137400469966
2020-04-03 14:00:00,2949,3053.488451983955,3033.256502383928,3002.645,3023.008748357596
2020-04-03 15:00:00,2902,2881.0451486459533,2832.4310484490284,2835.4763,2846.107208453433
2020-04-03 16:00:00,2791,2792.8789340694634,2773.8573550988,2803.1594,2793.2637842061285
2020-04-03 17:00:00,2812,2826.1785108042036,2829.845494677492,2864.716,2846.3640335969862
2020-04-03 18:00:00,2825,2912.6350203328993,2889.205727519298,2925.3777,2913.1490297364867
2020-04-03 19:00:00,2829,2825.295258541985,2765.657068568764,2828.2036,2811.839888418312
2020-04-03 20:00:00,2713,2559.000806013863,2556.3364213450004,2579.7065,2568.6875783240907
2020-04-03 21:00:00,2204,2064.3375,2146.2534691104493,2047.027,2076.1612310471437
2020-04-03 22:00:00,1683,1903.4974112119767,1843.3635874706354,1940.1957,1906.8130890261218
2020-04-03 23:00:00,1708,1641.4746887053595,1535.417521160925,1569.3834,1578.9147638923523
2020-04-04 00:00:00,1377,1382.418015873016,1436.6575231848892,1463.0874,1436.3125859363513
2020-04-04 01:00:00,1361,1133.9061374282076,1032.862750112265,1085.4701,1084.427268271837
2020-04-04 02:00:00,1056,958.3440605472958,936.1446676113089,939.85394,943.5491534751981
2020-04-04 03:00:00,398,635.2116098454886,502.97777292487945,518.6576,543.8761420793107
2020-04-04 04:00:00,768,711.9544533912202,740.0379131596105,770.53015,748.2631673213015
2020-04-04 05:00:00,942,831.6549829931975,953.2310159888614,916.94147,904.6922333880929
2020-04-04 06:00:00,713,853.3767346938774,898.3844344986161,860.4057,868.1431426399203
2020-04-04 07:00:00,1206,1355.7871882086172,1413.4738653416277,1287.6691,1336.1497970789674
2020-04-04 08:00:00,2254,2447.2257142857143,2337.034367503977,2436.6333,2414.3816708380477
2020-04-04 09:00:00,3437,3359.866780202199,3395.0271892870282,3388.079,3382.7630431535567
2020-04-04 10:00:00,4056,3749.9008339843112,3809.572568890914,3849.1914,3814.464053843806
2020-04-04 11:00:00,4177,3941.709583987441,3940.971016530037,3935.28,3938.310164777807
2020-04-04 12:00:00,3946,3780.4021947726465,3924.445855494375,3894.4373,3873.4306404964427
2020-04-04 13:00:00,3978,3681.1936788399576,3693.4248689953283,3726.9165,3707.1128889119464
2020-04-04 14:00:00,3462,3642.217663802364,3682.57353278906,3671.8657,3667.130660475981
2020-04-04 15:00:00,3281,3229.2232925387057,3141.415065231259,3160.6794,3172.999311122179
2020-04-04 16:00:00,3117,3037.072936507936,3050.3995525375453,3093.1006,3068.4184152301204
2020-04-04 17:00:00,3099,3019.872013542013,3108.582097298819,3057.101,3060.664064819583
2020-04-04 18:00:00,3161,3082.930931122449,3178.973700442555,3121.5776,3126.264976250626
2020-04-04 19:00:00,3204,3030.85181413766,3012.3847572149034,3005.594,3013.6061399084533
2020-04-04 20:00:00,3032,2929.865989830084,2892.0743125100234,2875.4067,2893.1884447256516
2020-04-04 21:00:00,2413,2413.7148639455777,2421.38207230177,2367.9475,2392.7479889446495
2020-04-04 22:00:00,1769,1898.714552767053,1881.571000189382,1869.429,1879.7858657781712
2020-04-04 23:00:00,1576,1662.7531282811635,1561.1636412148862,1543.4187,1577.68854295995
2020-04-05 00:00:00,1590,1473.8378550814261,1477.4663126958044,1455.8019,1465.726981885714
2020-04-05 01:00:00,1422,1295.868015873016,1331.2924128261423,1297.9296,1305.7548898896334
2020-04-05 02:00:00,936,1033.1233243297318,1065.5769012103087,1015.8013,1032.575691150635
2020-04-05 03:00:00,255,613.4404511278195,581.4613520162152,533.7109,565.5808890184305
2020-04-05 04:00:00,700,753.0020184389547,774.6102714589198,798.5976,781.2018700818905
2020-04-05 05:00:00,703,763.904149659864,887.3063985380717,892.44775,859.0265140026089
2020-04-05 06:00:00,702,639.2383673469387,709.9644190042588,757.6048,716.10309526944
2020-04-05 07:00:00,777,981.3685714285717,802.8754787667082,771.3046,831.7133257812418
2020-04-05 08:00:00,1909,1749.7685374149657,1513.5403528205075,1403.9077,1517.7810799807432
2020-04-05 09:00:00,3397,2937.1543640934633,2752.547714236488,2955.0068,2899.928937551238
2020-04-05 10:00:00,4179,3877.6425850340142,3892.372671463622,3824.2507,3854.6291803353465
2020-04-05 11:00:00,4401,4091.03261904762,4304.345411041379,4259.022,4228.355493850375
2020-04-05 12:00:00,4373,3891.5357142857133,4050.28546326958,4026.576,3998.743258256011
2020-04-05 13:00:00,3970,3957.258265306122,3917.3665413651097,3975.3694,3956.3408940506206
2020-04-05 14:00:00,3435,3743.5377204917054,3621.384086405619,3680.199,3681.3299390290185
2020-04-05 15:00:00,2892,3175.689245243552,2993.739406639764,3108.5808,3096.6475682442665
2020-04-05 16:00:00,2383,2641.686965653394,2741.1768212660522,2737.0652,2714.248539503299
2020-04-05 17:00:00,2777,2483.475946712018,2515.363411534665,2545.7617,2522.590698936671
2020-04-05 18:00:00,3054,2955.9329072411533,3092.956113101097,3071.784,3048.114222859
2020-04-05 19:00:00,3337,3041.7580532492725,3271.5292957183924,3214.592,3185.6178577497285
2020-04-05 20:00:00,3110,3025.1113304299015,3148.109486800772,3113.971,3100.290677940481
2020-04-05 21:00:00,2350,2509.0656349206356,2544.817173751944,2485.3513,2506.1463613478327
2020-04-05 22:00:00,1850,1929.1489455782314,1895.673773867043,1891.1256,1901.7684850371
2020-04-05 23:00:00,1612,1602.094319727891,1578.5292273197244,1493.5304,1541.92108451581
2020-04-06 00:00:00,1328,1319.9105555555554,1483.9997256716456,1428.4324,1415.1937568302378
2020-04-06 01:00:00,1218,1109.0540439199551,1083.6591108192927,1041.1062,1068.7313892707493
2020-04-06 02:00:00,1000,813.9430305455517,826.3496071316673,804.1008,812.1235744583672
2020-04-06 03:00:00,444,615.8284399434831,545.384462284654,436.59857,508.6025114457061
2020-04-06 04:00:00,1055,728.5534526793173,709.9928741480742,712.3551,715.8141329763791
2020-04-06 05:00:00,1300,1400.5718707482993,1609.832732413495,1455.5007,1480.3515170013861
2020-04-06 06:00:00,1399,1996.846388373531,1696.9702276948292,1706.3622,1776.6352453256839
2020-04-06 07:00:00,2365,2337.2051700680267,2048.799884349879,2146.1677,2169.585125909164
2020-04-06 08:00:00,3198,3363.1797939175667,3217.4555296834014,3363.9924,3327.1550467205543
2020-04-06 09:00:00,3749,3571.335808714511,3642.955469521112,3689.0657,3648.1056564729683
2020-04-06 10:00:00,4036,3794.5877049767278,3928.7074405272483,3867.9858,3864.816706297869
2020-04-06 11:00:00,3991,3792.1836601438426,4129.390901063066,3987.366,3974.0766237001644
2020-04-06 12:00:00,3902,3685.838725384891,3987.676865439736,3837.8672,3837.3124914561567
2020-04-06 13:00:00,3677,3657.877509249314,3620.305767592289,3659.543,3649.3173035854006
2020-04-06 14:00:00,3474,3414.0660675039244,3415.803073131088,3431.9165,3423.425537111878
2020-04-06 15:00:00,3230,3175.4320015281296,3114.344114714927,3176.3008,3160.594419685764
2020-04-06 16:00:00,3324,3006.6768407789714,2972.887155477792,3097.9897,3043.885872111066
2020-04-06 17:00:00,3235,3262.43551218176,3268.079483916389,3347.7173,3306.4873916026622
2020-04-06 18:00:00,3503,3352.4534717746747,3442.73723631583,3435.5886,3416.5919885460635
2020-04-06 19:00:00,3543,3425.0223809523814,3492.3412968157068,3481.34,3470.0109633873344
2020-04-06 20:00:00,3396,3311.296911799203,3282.0493389243898,3357.7017,3327.187392759023
2020-04-06 21:00:00,2714,2731.350473267867,2709.289202022735,2699.847,2710.083380736713
2020-04-06 22:00:00,2275,2107.856458148477,2057.6542766026673,2002.8861,2042.8207378870047
2020-04-06 23:00:00,1726,1754.783311270454,1724.0145597828707,1649.874,1694.636479482081
2020-04-07 00:00:00,1240,1321.683962585034,1308.759315759458,1262.5221,1288.8718669494042
2020-04-07 01:00:00,1245,1266.0920408163265,1261.2238737068337,1307.535,1285.5964957206338
2020-04-07 02:00:00,1076,989.3507139949998,1082.8218823977388,976.93304,1006.5096713149815
2020-04-07 03:00:00,395,744.1959863945578,645.8384356680672,677.11957,686.0683894512031
2020-04-07 04:00:00,706,775.725470521542,799.0168791113036,796.96564,792.168406011727
2020-04-07 05:00:00,1408,1348.3130686377112,1436.532845639209,1468.958,1430.6904824754802
2020-04-07 06:00:00,1565,1963.8624829931975,2076.4430815219607,1987.8219,2003.9873408358208
2020-04-07 07:00:00,2246,2481.533367346939,2231.956269545263,2209.7388,2283.2417939886755
2020-04-07 08:00:00,3167,3161.7618181818184,2995.3884941486826,3128.289,3103.4321093326253
2020-04-07 09:00:00,3923,3540.9258987619437,3685.211220935035,3625.524,3619.2962428148694
2020-04-07 10:00:00,4069,3827.7961874466373,3940.85747960903,3950.0923,3917.2095593420418
2020-04-07 11:00:00,4000,3822.251003769929,3791.2818234182596,3781.3982,3794.0823034767345
2020-04-07 12:00:00,3867,3737.532658431793,3715.809494525269,3769.0525,3747.861783356453
2020-04-07 13:00:00,3734,3584.491704886256,3567.8944333594873,3663.912,3620.052589248936
2020-04-07 14:00:00,3385,3483.4500605094363,3430.5033284381334,3519.6062,3488.29144782283
2020-04-07 15:00:00,3138,3134.238733379025,3020.3259657065323,3124.1506,3100.7164921542017
2020-04-07 16:00:00,3104,2975.9011358772045,2870.253740603442,2978.3057,2950.6915511514117
2020-04-07 17:00:00,3143,3097.576859657325,3135.999895290902,3200.247,3158.5177238933065
2020-04-07 18:00:00,3407,3292.293974303008,3189.569135782615,3253.7703,3247.350909357343
2020-04-07 19:00:00,3682,3423.9292789115643,3471.1138042655857,3460.233,3453.8772258724125
2020-04-07 20:00:00,3477,3493.3245238095237,3476.696329423337,3632.804,3558.907190847278
2020-04-07 21:00:00,2875,2909.50950065715,2729.434363505363,2824.0227,2821.7473185796907
2020-04-07 22:00:00,2138,2341.918512677798,2181.545829420223,2177.3552,2219.5436978291928
2020-04-07 23:00:00,1757,1676.8840464876178,1625.2663908815257,1632.5325,1641.8038446938483
2020-04-08 00:00:00,1258,1350.4484755720466,1367.1680417126197,1417.5809,1388.1945956297604
2020-04-08 01:00:00,1371,1280.0897959183671,1260.1952719304552,1253.8137,1261.978127313768
2020-04-08 02:00:00,1149,1055.9964065828353,1137.7472158180688,1076.4474,1086.6595994478823
2020-04-08 03:00:00,561,723.1902721088434,639.1927405086376,696.0872,688.6393627735108
2020-04-08 04:00:00,816,732.7379878267096,732.7367048085514,712.593,722.6651819478777
2020-04-08 05:00:00,1343,1418.9708843537412,1494.5578590547134,1466.132,1461.44816485602
2020-04-08 06:00:00,1567,1882.6937755102042,1783.6651655180233,1753.6683,1793.4239027375256
2020-04-08 07:00:00,2362,2551.331698408108,2265.952786376944,2354.5466,2381.5944366259505
2020-04-08 08:00:00,3418,3287.962300843414,3096.5795836791353,3208.144,3200.2074926150126
2020-04-08 09:00:00,3769,3653.6626040464034,3727.9731026882077,3702.3604,3696.5891024649027
2020-04-08 10:00:00,3894,3710.247060132584,3822.152060099152,3804.9873,3785.593432401684
2020-04-08 11:00:00,6034,3631.935782133489,3614.9454921223246,3640.0325,3631.7365539155157
2020-04-08 12:00:00,1751,3993.9259523809524,4085.4199061407244,3796.6265,3918.149697052294
2020-04-08 13:00:00,3674,2965.5243241167427,2803.7362914852415,2778.8535,2831.741911712996
2020-04-08 14:00:00,3497,3457.7143877551016,3726.3317407981413,3439.621,3515.822079013311
2020-04-08 15:00:00,3365,3309.5400379587572,3453.739390117329,3175.94,3278.7898277221466
2020-04-08 16:00:00,3155,3221.2305141138177,3112.257893827428,3183.5552,3175.1496898759365
2020-04-08 17:00:00,3355,3158.2843647066197,3227.705834264744,3253.0513,3223.023184508466
2020-04-08 18:00:00,3813,3520.4639417332146,3598.5732459576666,3607.1243,3583.321430711783
2020-04-08 19:00:00,3840,3790.7370346320354,3920.040864818208,3734.224,3794.806535409436
2020-04-08 20:00:00,3547,3578.4323809523808,3603.820906154663,3634.8926,3613.009610839261
2020-04-08 21:00:00,2784,3032.0702380952375,2902.106808741901,2971.0366,2969.06257225616
2020-04-08 22:00:00,2266,2152.6889285714287,2129.707328807247,2125.4788,2133.3384442274814
2020-04-08 23:00:00,1745,1793.4900510204084,1676.5684702207898,1694.1549,1714.5920839235807
2020-04-09 00:00:00,1132,1321.3382993197279,1264.9936315969248,1267.5726,1280.369298647132
2020-04-09 01:00:00,1274,1251.6597619047618,1184.7794941022364,1163.6398,1190.9296992556558
2020-04-09 02:00:00,1213,1142.8743414032276,1138.8210656766116,1090.2468,1115.5472648558973
2020-04-09 03:00:00,583,748.4967517006804,706.4162428932035,747.2338,737.3451614902679
2020-04-09 04:00:00,721,751.616836734694,634.0225978862677,685.8831,689.3514174931311
2020-04-09 05:00:00,1256,1341.1635714285715,1365.1315551478494,1409.8544,1381.5009667026989
2020-04-09 06:00:00,1503,1792.5923299319727,1786.1591155563929,1654.382,1721.8788403759977
2020-04-09 07:00:00,2287,2357.7128965270317,1934.0917086563693,2144.053,2144.9776405536627
2020-04-09 08:00:00,3474,3329.4790027727786,3272.0017859312593,3371.659,3336.1996649494467
2020-04-09 09:00:00,3790,3780.9300520782467,3661.385147939868,3789.5898,3755.3737218795286
2020-04-09 10:00:00,3964,3635.076558956916,3602.2186320321875,3684.0017,3651.3246522394634
2020-04-09 11:00:00,3953,3683.673171008918,3908.7925188844742,3703.7583,3749.995572863973
2020-04-09 12:00:00,3859,3501.7474149659865,3511.141983728368,3519.0566,3512.7506699860887
2020-04-09 13:00:00,3700,3616.5621888070973,3548.648192404163,3610.6262,3596.6157056543775
2020-04-09 14:00:00,3539,3459.998081813657,3458.1807237559974,3458.7078,3458.898583228351
2020-04-09 15:00:00,3321,3318.920439342403,3322.4138480875354,3337.208,3328.9375757637345
2020-04-09 16:00:00,3297,3136.657909797843,3059.3968935854423,3101.0942,3099.5608199864464
2020-04-09 17:00:00,3490,3285.7148364497757,3288.66592157348,3439.7463,3363.4683584511263
2020-04-09 18:00:00,3674,3529.4603174603167,3510.6396856844494,3573.1235,3546.5867683643164
2020-04-09 19:00:00,3805,3672.4698979591835,3645.9443531614997,3527.3735,3593.2903303582957
2020-04-09 20:00:00,3461,3510.361071428571,3398.7798339543365,3578.5754,3516.5729460722896
2020-04-09 21:00:00,2691,2891.8496598639454,2741.6751541855633,2815.9275,2816.344948629565
2020-04-09 22:00:00,2226,2149.591256496219,2086.737940678937,2075.7173,2096.940941871914
2020-04-09 23:00:00,1813,1787.0288888888888,1713.4849123879333,1725.2732,1737.765046998893
2020-04-10 00:00:00,1244,1339.9829066171924,1309.2946627554527,1333.6919,1329.1653396087863
2020-04-10 01:00:00,1346,1224.0765068027213,1176.8793500013605,1178.7249,1189.601390958833
2020-04-10 02:00:00,1184,1102.3795918367348,1167.9711928234813,1168.8896,1152.032520383804
2020-04-10 03:00:00,403,777.135731292517,705.2603579801936,733.0068,737.1024097693495
2020-04-10 04:00:00,553,699.8456292517006,733.3806986981116,740.9173,728.7652306690936
2020-04-10 05:00:00,1248,1267.5781972789116,1294.7681166448356,1365.576,1323.3746033832806
2020-04-10 06:00:00,927,1850.2389115646256,2035.4792737232237,1703.4424,1823.1507377282123
2020-04-10 07:00:00,960,1901.4686456400739,2016.7923332796881,1928.7339,1943.9321880893156
2020-04-10 08:00:00,2341,2236.658350340136,2048.3876423266133,2381.3806,2261.951805783875
2020-04-10 09:00:00,3691,3526.465426548998,3599.3906888943734,3582.6611,3572.794595267093
2020-04-10 10:00:00,4113,3943.6507820854094,3999.6605613012,4137.347,4054.5014198310273
2020-04-10 11:00:00,4264,4034.9643040293035,4006.5866348281843,4003.174,4011.9747708471846
2020-04-10 12:00:00,4120,3771.8273809523803,3916.935142435767,3999.3865,3921.8838681517245
2020-04-10 13:00:00,3877,3814.619503222341,3836.9657235178956,3832.7761,3829.2843682084967
2020-04-10 14:00:00,3533,3612.89511500788,3646.617427970447,3674.596,3652.1761093773944
2020-04-10 15:00:00,3267,3292.136487768706,3313.036957255162,3301.8457,3302.2162128184673
2020-04-10 16:00:00,3044,3096.031753987012,3070.712364949198,3076.267,3079.8195746559277
2020-04-10 17:00:00,2990,3057.512998340945,3141.6269348569476,3135.4392,3117.504587791661
2020-04-10 18:00:00,3292,3204.8127619305296,3165.0986077449234,3141.7708,3163.363218395426
2020-04-10 19:00:00,3383,3414.748388605442,3305.138965776966,3379.635,3369.7893434784146
2020-04-10 20:00:00,3095,3222.373720314142,3095.2846715557907,3171.285,3165.0570540221706
2020-04-10 21:00:00,2372,2640.7831972789113,2510.3896052973932,2582.233,2578.909655722201
2020-04-10 22:00:00,1820,1971.9026765188835,1901.131674601885,1927.098,1931.8075990106609
2020-04-10 23:00:00,1523,1743.4734077729454,1581.9694521955416,1682.3542,1672.5378390155593
2020-04-11 00:00:00,1320,1332.9558483393357,1337.7535096067077,1369.6992,1352.5269488615108
2020-04-11 01:00:00,1521,1214.9530612244898,1239.5423298959367,1261.6532,1244.4504469012004
2020-04-11 02:00:00,1083,1131.0369274376417,1144.8649389727996,1160.8442,1149.3975857432354
2020-04-11 03:00:00,619,615.4866496598639,509.9148658881536,473.99564,518.3481968801684
2020-04-11 04:00:00,924,643.9106122448981,646.6328364719337,658.2295,651.750608272958
2020-04-11 05:00:00,964,949.645544217687,1055.3601225588798,968.9363,985.7195563425792
2020-04-11 06:00:00,992,883.2970918367347,742.9737146216128,785.2627,799.1990492708369
2020-04-11 07:00:00,1363,1328.2718387961247,1038.111779456211,1028.5338,1105.8628113013651
2020-04-11 08:00:00,2819,2392.3241156462586,2324.0219337938674,2342.6301,2350.401575836594
2020-04-11 09:00:00,3877,3767.4450958565253,3785.241840547398,3817.3972,3796.8703424994183
2020-04-11 10:00:00,4391,4127.340068027211,4214.1808906684155,4222.0464,4196.4034330332815
2020-04-11 11:00:00,4376,4105.860748299319,4240.730798951274,4222.5312,4197.913511812649
2020-04-11 12:00:00,4198,3982.7711904761895,4123.882127717296,4061.3,4057.3133539624337
2020-04-11 13:00:00,4008,3912.509047619048,3880.9630613211475,3931.31,3914.023056531924
2020-04-11 14:00:00,3636,3751.4763202649483,3739.769697057459,3771.0679,3758.3454398774766
2020-04-11 15:00:00,3531,3489.1846813716734,3358.7983410895167,3399.8064,3411.898953857485
2020-04-11 16:00:00,3430,3363.999253920682,3298.8954527433775,3313.6978,3322.57255361914
2020-04-11 17:00:00,3624,3288.9102801120453,3406.00434056718,3369.4978,3358.4775565369937
2020-04-11 18:00:00,3771,3645.8729558129553,3649.1343650374392,3562.4468,3604.9752188844736
2020-04-11 19:00:00,3742,3637.185827664399,3488.4319862776742,3503.2485,3533.0287210636434
2020-04-11 20:00:00,4005,3457.734013605442,3419.2433564078137,3495.0854,3466.787067112689
2020-04-11 21:00:00,2703,3192.2761224489786,3114.5141173521934,3173.914,3163.654591200293
2020-04-11 22:00:00,1800,2093.3497959183674,2063.050505439853,2012.7896,2045.4948507301801
2020-04-11 23:00:00,1793,1688.1735723236663,1484.188332749966,1578.8184,1582.499655955908
2020-04-12 00:00:00,1230,1516.2304761904757,1432.6585727941397,1468.7467,1471.595614296935
2020-04-12 01:00:00,1301,1321.6590476190474,1179.312689915057,1261.4237,1255.9547874108698
2020-04-12 02:00:00,1198,1055.4797619047617,1110.8770177849146,1120.7166,1101.9474712896067
2020-04-12 03:00:00,729,763.8600340136055,709.8227280267205,680.404,708.6226863596909
2020-04-12 04:00:00,810,684.0249611273081,574.8899033776677,575.6925,602.5749685676502
2020-04-12 05:00:00,1013,792.3098809523809,740.2808557228932,751.1337,758.7145481824904
2020-04-12 06:00:00,802,945.8338095238096,929.985845421916,1011.7037,974.8067508946345
2020-04-12 07:00:00,1250,1056.5996768707485,782.9851781149357,763.5187,841.6555521253273
2020-04-12 08:00:00,2443,2121.3538548752836,1961.2447014100032,1977.3429,2009.321086825228
2020-04-12 09:00:00,3565,3527.4585497302373,3569.864159993506,3545.9897,3547.325550477811
2020-04-12 10:00:00,4095,3983.9305442176874,4050.956132212391,4100.6636,4059.0534562168946
2020-04-12 11:00:00,3983,4071.33530612245,4199.500238041779,4088.378,4111.897850884807
2020-04-12 12:00:00,3883,3731.7025223773717,3977.1738568554915,3876.5205,3865.4793487144657
2020-04-12 13:00:00,3621,3676.8499726589193,3626.6766237732404,3649.5684,3650.6658287955397
2020-04-12 14:00:00,3331,3357.7825742525283,3371.7823608737835,3310.539,3337.660765031578
2020-04-12 15:00:00,2906,3021.6094141268477,3056.701283923182,3030.9941,3035.0747448250077
2020-04-12 16:00:00,2700,2666.816739926741,2718.045002088759,2620.5996,2656.5152401913747
2020-04-12 17:00:00,2815,2796.391690178456,2853.5133989548485,2803.3137,2814.1331326348886
2020-04-12 18:00:00,3148,3074.5382142857143,3094.64274767276,3106.0542,3095.3223400989937
2020-04-12 19:00:00,3257,3323.0134056306506,3418.1614548776815,3358.3674,3364.4774309473955
2020-04-12 20:00:00,3162,3204.144258066864,3208.765723539836,3192.269,3199.36201688605
2020-04-12 21:00:00,2365,2654.8071778711487,2652.9926007894533,2657.939,2655.9194270870257
2020-04-12 22:00:00,2048,1943.0381632653066,1900.1733837978254,1859.5513,1890.5785215314081
2020-04-12 23:00:00,1764,1725.3307426303854,1716.3393048422643,1703.2273,1712.0311593290999
2020-04-13 00:00:00,1319,1365.785238095238,1356.8465659465394,1326.3484,1343.8321453463818
2020-04-13 01:00:00,1464,1031.0447619047618,1138.0906480282335,1036.1936,1060.3806542410614
2020-04-13 02:00:00,837,1093.0736507936508,1173.0367742978603,1109.9382,1121.4967224838153
2020-04-13 03:00:00,563,584.8371115112711,522.3755742887497,424.02545,488.81589728008333
2020-04-13 04:00:00,940,813.430586960121,836.4276056920568,871.6541,848.2916050478101
2020-04-13 05:00:00,611,1242.4066326530613,1360.2934259199374,1306.5024,1303.9262353463746
2020-04-13 06:00:00,760,1510.3200680272112,1262.7995533092035,1217.3073,1301.933530822385
2020-04-13 07:00:00,775,1659.162278911565,1904.2435902708335,1696.0469,1738.8749047955996
2020-04-13 08:00:00,1684,1790.6785714285713,1305.8925336934767,1817.9199,1683.102737218012
2020-04-13 09:00:00,3112,2813.8982653061225,2864.7627473471175,2715.1853,2777.2579045304974
2020-04-13 10:00:00,3634,3770.55074829932,3728.5505433813355,3881.4473,3815.498955732664
2020-04-13 11:00:00,3881,3781.2285374149665,3797.2423745939777,3883.0078,3836.121634252236
2020-04-13 12:00:00,4096,3581.296904761905,3759.8000955817674,3711.2874,3690.9179268437306
2020-04-13 13:00:00,3626,3652.988741496598,3721.9399937001563,3677.4663,3682.4653380960635
2020-04-13 14:00:00,3117,3336.8386160544974,3355.600642432176,3297.669,3321.944287277918
2020-04-13 15:00:00,2850,2928.3047034683477,2825.677182918813,2887.7703,2882.3806034327276
2020-04-13 16:00:00,2663,2770.37477189098,2696.530625578762,2684.3047,2708.8786931174354
2020-04-13 17:00:00,2713,2759.455097833831,2758.3502175943363,2777.3174,2768.110020263292
2020-04-13 18:00:00,2910,2937.150230651492,2914.087433209216,2922.0637,2923.84127631674
2020-04-13 19:00:00,3078,3065.7323374854814,3119.706458526685,3075.776,3084.2476384561664
2020-04-13 20:00:00,2822,2999.558596197707,3091.4123554432936,3069.0444,3057.264954707125
2020-04-13 21:00:00,2143,2381.5066979895105,2357.489873051703,2359.8477,2364.6729708853036
2020-04-13 22:00:00,1835,1999.1961881285438,1921.5031403465612,1990.7688,1975.5592315328388
2020-04-13 23:00:00,1464,1732.583956087703,1651.4969394944058,1698.202,1695.1212370791209
2020-04-14 00:00:00,1444,1285.5067737094837,1182.9939517443431,1265.5603,1249.9053327306442
2020-04-14 01:00:00,1363,1199.010906362545,1279.441678251057,1284.681,1261.9536612901193
2020-04-14 02:00:00,748,933.1063690815241,925.7533781222802,932.44446,930.9371658048574
2020-04-14 03:00:00,496,550.4677241805813,396.58184428437363,422.49792,448.0113545185825
2020-04-14 04:00:00,590,803.2969662793347,676.9602915193341,744.4315,742.280073727011
2020-04-14 05:00:00,1071,1045.8037021124242,1187.4711367545408,1120.9713,1118.8043664550225
2020-04-14 06:00:00,1199,1834.1528602350031,1864.8810401991009,1541.5453,1695.5311191514947
2020-04-14 07:00:00,2150,2116.1511564625853,2007.58390050438,1786.0675,1923.9675166831476
2020-04-14 08:00:00,3472,3195.335646258504,3047.181129147541,3135.213,3128.2356391640114
2020-04-14 09:00:00,3772,3645.841175285523,3715.9192436862627,3866.17,3773.5250656804465
2020-04-14 10:00:00,4061,3705.5599594837945,3716.8252167248756,3741.6877,3726.44016612248
2020-04-14 11:00:00,4037,3693.8635678343153,3798.7297773393266,3787.5864,3766.9415491840355
2020-04-14 12:00:00,3880,3744.309087003223,3901.6870749252284,3698.356,3760.677018997738
2020-04-14 13:00:00,3900,3601.497613586259,3572.6318336022323,3588.8315,3587.9481332814976
2020-04-14 14:00:00,3121,3609.5053455066245,3526.0595770760347,3545.3108,3556.5466261534775
2020-04-14 15:00:00,2987,2870.392326761496,2817.2514378678393,2886.8413,2865.3315954542086
2020-04-14 16:00:00,2922,2863.8968611937325,2750.253981912697,2810.1958,2808.635611167232
2020-04-14 17:00:00,2954,2976.3232267951353,2991.7163790714,2950.0303,2967.025038185384
2020-04-14 18:00:00,3190,3115.533635095064,3135.0821577962924,3048.321,3086.8144706837766
2020-04-14 19:00:00,3278,3265.3704195011346,3384.1581674601457,3316.5671,3320.6657160762575
2020-04-14 20:00:00,3182,3080.6658843537416,3094.1483359389454,3090.9717,3089.1893949169216
2020-04-14 21:00:00,2628,2676.5002867767157,2652.1873889678973,2567.0596,2615.7017040924034
2020-04-14 22:00:00,2253,2097.1667967925364,2047.967760398083,2060.1963,2066.381783828905
2020-04-14 23:00:00,1827,1761.8519100707433,1682.7055994172329,1607.5717,1664.9252050087127
2020-04-15 00:00:00,1241,1425.687414965986,1387.3216262632343,1408.564,1407.53424272918
2020-04-15 01:00:00,1435,1242.8432653061222,1191.7785503448288,1203.0476,1210.1792576236753
2020-04-15 02:00:00,1233,1039.994387755102,1071.4532031357055,1040.3492,1048.0365193047332
2020-04-15 03:00:00,909,827.0958673469387,683.3689351093049,795.0906,775.1614886999984
2020-04-15 04:00:00,953,700.142022944771,673.5073385473602,629.9095,658.3670828046734
2020-04-15 05:00:00,1380,1293.6507397959183,1335.5369749479519,1212.671,1263.6324389398737
2020-04-15 06:00:00,1579,1832.7968027210884,1637.6495813922234,1752.9573,1744.0902337236405
2020-04-15 07:00:00,2230,2482.695451988487,2262.509439556388,2247.657,2310.1297140971565
2020-04-15 08:00:00,3111,3236.0481596278287,3080.8002899607445,3158.7822,3158.6032256783933
2020-04-15 09:00:00,3620,3628.8514154686263,3653.8151073432987,3776.0034,3708.6683396873564
2020-04-15 10:00:00,3851,3721.071837629789,3836.7871491296273,3813.793,3796.361231064854
2020-04-15 11:00:00,3886,3669.134956709957,3816.4080272403667,3766.8147,3754.7930946203933
2020-04-15 12:00:00,3799,3348.831337868481,3053.8854532626356,3083.9966,3142.6774887984043
2020-04-15 13:00:00,3492,3588.3760816713043,3515.6588628923723,3555.7546,3553.8860554768567
2020-04-15 14:00:00,3597,3257.9859446651926,3294.2276605376305,3263.1484,3269.627620050706
2020-04-15 15:00:00,3382,3346.140913878604,3353.353320788871,3257.6934,3303.7202383543686
2020-04-15 16:00:00,3328,3203.9335986871,3146.2716784870345,3120.71,3147.9062997622837
2020-04-15 17:00:00,3672,3260.6052450859247,3378.1090111180383,3279.816,3299.5865230353656
2020-04-15 18:00:00,3825,3554.4700618429183,3752.605357689191,3514.8457,3584.1917064455274
2020-04-15 19:00:00,4033,3612.859298584299,3752.6256015474146,3657.9578,3670.3501068688656
2020-04-15 20:00:00,3830,3568.4196598639455,3813.0276571308686,3749.368,3720.045789209641
2020-04-15 21:00:00,2764,3189.040952380952,3021.987624214754,2993.1265,3049.3203765708013
2020-04-15 22:00:00,2294,2266.6028051459816,2270.7537652954466,2213.1611,2240.919709016607
2020-04-15 23:00:00,1898,1801.2018525091198,1821.5772029079285,1840.6757,1826.0325934441057
2020-04-16 00:00:00,1321,1360.300068027211,1369.7874755456883,1369.4711,1367.2574205611936
2020-04-16 01:00:00,1384,1338.0924092970524,1294.9010759633077,1345.987,1331.2419015885275
2020-04-16 02:00:00,1328,1147.3327040816328,1217.2457956410756,1167.7922,1175.0407430947396
2020-04-16 03:00:00,902,910.0539682539684,889.6357071872588,915.84973,907.8472845829631
2020-04-16 04:00:00,679,785.9564594702351,649.7107206413706,655.25995,686.5467693931358
2020-04-16 05:00:00,1643,1308.5963188341032,1208.56739617396,1365.7753,1312.1785630293596
2020-04-16 06:00:00,1767,2125.511428571429,2197.5628112274057,2213.7917,2187.664433973146
2020-04-16 07:00:00,2385,2540.0363265306128,2314.087207048827,2376.4587,2401.7602535120477
2020-04-16 08:00:00,3333,3312.4893177270906,3125.0669062638153,3183.182,3200.9799983805387
2020-04-16 09:00:00,3720,3659.2940286114444,3688.833672493635,3775.773,3724.9183998856447
2020-04-16 10:00:00,4034,3628.971564625851,3809.6455166671512,3757.3826,3738.3455545029383
2020-04-16 11:00:00,4018,3747.5270825735442,3891.288864762166,3838.0698,3828.7388989433025
2020-04-16 12:00:00,3911,3703.5676017424507,3774.758027847312,3795.627,3767.3948839599407
2020-04-16 13:00:00,3759,3663.4608602150533,3639.469250117153,3708.6936,3680.079329340864
2020-04-16 14:00:00,3563,3504.3995093595604,3508.979172569233,3480.6482,3493.6687671618856
2020-04-16 15:00:00,3537,3337.9678543083896,3313.2810203465615,3339.4207,3332.5225458121754
2020-04-16 16:00:00,3500,3385.13737244898,3315.2333185480766,3372.7778,3361.4815887648892
2020-04-16 17:00:00,3755,3422.5805782312927,3460.5751530693406,3492.586,3467.0819015751586
2020-04-16 18:00:00,4082,3745.534370748299,3830.00584935254,3697.2117,3742.490889986147
2020-04-16 19:00:00,4372,3971.3160884353733,4208.243849723495,4058.5098,4074.1448673522173
2020-04-16 20:00:00,3984,3995.30693877551,4080.3028884095907,3970.4604,4004.13268140565
2020-04-16 21:00:00,2951,3318.7685714285717,3085.0890036132228,3355.9763,3278.9525529401362
2020-04-16 22:00:00,2443,2411.9189577001016,2225.312069849504,2273.4148,2296.015154348339
2020-04-16 23:00:00,1970,1885.7833552271481,1807.6034515306048,1801.7814,1824.2373877245946
2020-04-17 00:00:00,1458,1393.0911224489794,1402.2752488785875,1387.3416,1392.5123691990793
2020-04-17 01:00:00,1478,1395.0572959183673,1288.4190128333416,1332.3279,1337.0330176176149
2020-04-17 02:00:00,1289,1275.1365721844297,1301.6648968422664,1333.7477,1311.0742075887053
2020-04-17 03:00:00,755,880.2925396825397,806.3833630368957,813.32416,828.3310545372807
2020-04-17 04:00:00,903,718.3510884353741,646.0489270404222,666.02576,674.1128822869179
2020-04-17 05:00:00,1636,1474.8627210884354,1566.2080825417972,1481.0103,1500.7728278606833
2020-04-17 06:00:00,1762,2201.7042857142856,2777.458453120339,2284.4023,2386.991856583656
2020-04-17 07:00:00,2503,2523.791190476191,2320.439701836627,2461.8186,2441.967024836017
2020-04-17 08:00:00,3492,3256.3753834260983,3104.1423945738084,3077.2002,3128.7295421562267
2020-04-17 09:00:00,3970,3777.7619407763104,3962.3812692005754,3997.269,3933.6703239785966
2020-04-17 10:00:00,4148,3962.284693877551,4162.56331726278,4071.3872,4066.905606300708
2020-04-17 11:00:00,4073,3804.770324024346,3952.997840289313,3983.1125,3930.998315492477
2020-04-17 12:00:00,3968,3776.812706766917,3881.3961961744994,3895.7568,3862.430643704104
2020-04-17 13:00:00,3815,3728.4811904761905,3804.6110717598303,3809.605,3788.0755557933803
2020-04-17 14:00:00,3671,3589.343975552098,3564.8381973965406,3606.0854,3591.5882678465346
2020-04-17 15:00:00,3564,3432.714010171014,3445.949670309738,3459.7112,3449.5215109405003
2020-04-17 16:00:00,3559,3422.1759584755596,3381.0022734800673,3394.5513,3398.0701927545315
2020-04-17 17:00:00,3694,3536.5694740869317,3543.558982805175,3511.1995,3525.6318456683393
2020-04-17 18:00:00,3819,3731.2631292517003,3785.2946553161514,3541.1584,3649.7186697747757
2020-04-17 19:00:00,4192,3785.436607915894,3695.5227301835002,3685.9448,3713.2122466342234
2020-04-17 20:00:00,3866,3963.4166326530612,4026.480867620926,4027.3857,4011.1672461622466
2020-04-17 21:00:00,3105,3323.134149659864,3128.1439226027114,3189.3562,3207.4976186515814
2020-04-17 22:00:00,2366,2503.5765646258506,2430.627199728283,2314.8738,2390.987830736971
2020-04-17 23:00:00,1944,1890.089320509813,1829.4942905842545,1775.7584,1817.775114199298
2020-04-18 00:00:00,1585,1463.3369913419915,1445.37069839324,1404.9609,1429.657391183808
2020-04-18 01:00:00,1238,1490.5252380952381,1470.1661412350945,1513.0409,1496.693291609927
2020-04-18 02:00:00,1149,1210.3187780905466,1225.6143190351195,1187.6907,1202.828611195479
2020-04-18 03:00:00,819,840.5245703544575,911.9759301493623,861.625,868.9376251259549
2020-04-18 04:00:00,660,769.9857296998849,716.8163505195299,683.4455,713.4232678575881
2020-04-18 05:00:00,1028,1094.7120277341705,1000.1730868345423,1059.1588,1053.3006853804595
2020-04-18 06:00:00,1099,1207.2000689506572,1081.9368783162238,1082.7045,1113.636470703439
2020-04-18 07:00:00,990,1594.9352380952382,1459.1735094893854,1471.1389,1499.0966449039684
2020-04-18 08:00:00,3416,2455.3836309523804,2078.5953116169767,2424.089,2345.5392913064015
2020-04-18 09:00:00,4008,4058.917346938776,4131.300275907712,4102.515,4098.811974070997
2020-04-18 10:00:00,4348,4160.9320748299315,4246.802534109851,4109.815,4156.841122938071
2020-04-18 11:00:00,4415,4014.5472448979594,4163.894895551865,4094.7783,4091.999695268706
2020-04-18 12:00:00,4323,3978.8885714285716,4003.0117051026664,4057.2024,4024.076265421872
2020-04-18 13:00:00,4065,3970.813095238095,3804.5869832117373,3967.2634,3927.4817334796453
2020-04-18 14:00:00,3715,3837.2646258503396,3721.9507235745878,3781.362,3780.484867629669
2020-04-18 15:00:00,3506,3527.0320068027204,3457.4507363543257,3514.276,3503.2586252423866
2020-04-18 16:00:00,3452,3351.313419367747,3287.399751072714,3308.3918,3313.8742154616775
2020-04-18 17:00:00,3150,3419.037963750717,3402.4854784084355,3431.5962,3421.178956242913
2020-04-18 18:00:00,3449,3118.8907639979075,3149.083369072901,3126.023,3130.0050078770773
2020-04-18 19:00:00,3182,3452.898860544218,3447.059657800737,3441.1228,3445.5510309534266
2020-04-18 20:00:00,2943,3030.8277213262927,2956.1833231873634,2862.6084,2928.056960347164
2020-04-18 21:00:00,2542,2616.9559012416153,2618.8893713386306,2509.6533,2563.7879783013113
2020-04-18 22:00:00,1724,2175.076678004535,2056.370663530555,2075.054,2095.388812922835
2020-04-18 23:00:00,1847,1831.3984177175482,1686.2834903126325,1786.5359,1772.6884213434828
2020-04-19 00:00:00,1575,1482.1722222222222,1528.8958529631916,1555.237,1530.385549069791
2020-04-19 01:00:00,1555,1302.2695238095237,1176.3060623868341,1296.2845,1267.7861694983083
2020-04-19 02:00:00,1048,1175.658783068783,1216.5215294865727,1180.0848,1188.0874975724328
2020-04-19 03:00:00,691,732.5232055019811,676.1440870116071,613.8221,659.0778643881627
2020-04-19 04:00:00,940,688.1888095238095,711.3563741601295,851.01953,775.3960615459847
2020-04-19 05:00:00,918,936.7683163265305,957.9988252832692,882.6266,915.0050788594812
2020-04-19 06:00:00,646,941.6225340136052,757.051589747753,811.78845,830.5627570145583
2020-04-19 07:00:00,962,1290.6760544217689,1036.7820970398368,945.99426,1054.8616692130577
2020-04-19 08:00:00,2228,2202.157568027211,2131.9637858339934,2250.3694,2208.7150308481137
2020-04-19 09:00:00,3586,3443.3549412492266,3540.1889890995863,3516.255,3504.013423993453
2020-04-19 10:00:00,4028,3947.8557482993197,4021.967262122156,3968.388,3976.6497223319316
2020-04-19 11:00:00,4313,4012.3044400837257,4174.084339828781,3976.6648,4034.929592439064
2020-04-19 12:00:00,4303,3930.4966666666664,4062.4834669380125,3891.7756,3944.132850783982
2020-04-19 13:00:00,3940,3963.1021768707483,3976.543846894136,3978.0146,3973.918830159971
2020-04-19 14:00:00,3492,3740.3919727891157,3545.8035102967656,3678.1753,3660.6365172558453
2020-04-19 15:00:00,3133,3215.3623275977056,3196.428024866643,3133.0513,3169.473222881712
2020-04-19 16:00:00,2996,2918.2053287981857,2855.1703262962133,2847.2886,2866.9882008829745
2020-04-19 17:00:00,3008,2873.325296028981,3028.6890274975462,3036.8696,2993.938395334757
2020-04-19 18:00:00,3437,3172.2233333333334,3180.490943380976,3243.6042,3209.9806932020147
2020-04-19 19:00:00,3513,3415.6864285714287,3544.329168292516,3442.9617,3461.4847341769237
2020-04-19 20:00:00,3271,3267.2608048109523,3294.289341081172,3269.711,3275.243005223031
2020-04-19 21:00:00,2705,2750.5050444793296,2708.2680585054077,2708.3745,2718.8805316055596
2020-04-19 22:00:00,2264,2108.0006632653062,2029.264319433818,2079.373,2074.002769112281
2020-04-19 23:00:00,1824,1789.0548979591836,1848.8859883167067,1762.2771,1790.62377137366
2020-04-20 00:00:00,1315,1433.9877891156464,1450.2921772880993,1389.1484,1415.6442103509364
2020-04-20 01:00:00,1434,1248.8146258503405,1298.768584371577,1290.9674,1282.3795061687606
2020-04-20 02:00:00,1171,1054.507551020408,1171.9952681097454,1099.6377,1106.4445524387884
2020-04-20 03:00:00,447,775.6118534080299,705.3414336208247,655.77075,698.1236977337761
2020-04-20 04:00:00,639,820.2892484186656,815.693677942354,817.1924,817.5919229965049
2020-04-20 05:00:00,614,1098.2134013605444,1098.336314635921,1315.0657,1206.6702659131788
2020-04-20 06:00:00,1912,1636.4039455782313,1014.9940660129777,1133.8711,1229.7850497728023
2020-04-20 07:00:00,2856,3062.3442517006797,3188.784709227768,3465.5437,3295.554090818049
2020-04-20 08:00:00,3607,3394.765779645191,3463.77557618489,3469.8594,3449.56502645752
2020-04-20 09:00:00,3860,3747.8342419713877,3753.7515818674215,3859.3267,3805.0597860378275
2020-04-20 10:00:00,3891,3679.454956828885,3858.6879871841206,3773.821,3771.4462584641888
2020-04-20 11:00:00,3861,3635.89306122449,3702.0754416165,3701.1104,3685.0473014914974
2020-04-20 12:00:00,3845,3602.67331632653,3718.7025254450614,3675.305,3667.99642626321
2020-04-20 13:00:00,3441,3508.7159348255427,3570.886088839663,3585.8477,3562.8243340413014
2020-04-20 14:00:00,3291,3223.123165597977,3274.454896583717,3248.2412,3248.5151210141735
2020-04-20 15:00:00,2969,3122.9262991630867,3050.5420305612543,3139.9011,3113.3176439545227
2020-04-20 16:00:00,3095,2858.7026916045525,2851.850769545795,2854.6223,2854.9495225141495
2020-04-20 17:00:00,2541,3154.713911564626,3210.1539323958414,3163.6213,3173.027629935429
2020-04-20 18:00:00,3567,2900.7134065934065,2910.161754938948,2903.4814,2904.4595130393386
2020-04-20 19:00:00,3826,3575.7916666666665,3724.832825482082,3476.2278,3563.2700146387497
2020-04-20 20:00:00,3634,3520.1823831813417,3406.4079793328756,3420.405,3441.8501052769916
2020-04-20 21:00:00,3016,3052.902619047619,2944.2365443467775,2982.7559,2990.662720536099
2020-04-20 22:00:00,2123,2488.472358276644,2367.9989828423077,2300.2017,2364.218665357863
2020-04-20 23:00:00,1588,1748.03,1611.5265256955215,1627.822,1653.8001421660679
2020-04-21 00:00:00,1116,1337.9215816326532,1338.2711286596018,1290.9327,1314.51454720197
2020-04-21 01:00:00,1284,1241.9424149659865,1302.9423047316275,1265.8514,1269.1469001392472
2020-04-21 02:00:00,1072,1058.6409523809525,1096.1890187359893,1127.0453,1102.2301368222043
2020-04-21 03:00:00,649,730.4963605442177,602.8062771217567,682.8041,674.7276979907124
2020-04-21 04:00:00,697,637.6825572047001,570.749907325798,591.1444,597.6803207224682
2020-04-21 05:00:00,1380,1083.3397052154194,1127.7887775416827,1220.7965,1163.1803750838067
2020-04-21 06:00:00,1805,2160.940714285714,1985.5718578279286,1873.1892,1973.2227475205982
2020-04-21 07:00:00,2827,2750.3259693877553,2715.736141998802,2576.3716,2654.701318862264
2020-04-21 08:00:00,3611,3530.873973992035,3494.0533098054702,3586.8914,3549.677499660314
2020-04-21 09:00:00,4180,3702.6399385368177,3790.9637081056167,3728.0461,3737.423982949671
2020-04-21 10:00:00,4126,3992.909422663802,4042.223862689637,4092.4758,4055.021236377422
2020-04-21 11:00:00,4008,3857.905188620903,3833.320499280809,3788.7012,3817.157007912928
2020-04-21 12:00:00,3934,3758.9861904761906,3811.2955368569396,3825.9365,3805.538693552033
2020-04-21 13:00:00,3701,3648.4265064735573,3691.7524613952346,3703.5059,3686.797671654698
2020-04-21 14:00:00,3300,3494.972888540031,3432.3669344283667,3433.0784,3448.374140312412
2020-04-21 15:00:00,3021,3107.1694074655506,3053.4299518391554,3114.753,3097.5263046699265
2020-04-21 16:00:00,2964,2913.790080110992,2899.336038685789,2942.5393,2924.551183019508
2020-04-21 17:00:00,3268,3006.5612552931702,3052.9898499189876,3006.421,3018.0982255217896
2020-04-21 18:00:00,3714,3490.627743764172,3581.455364090239,3570.7388,3553.3901617292277
2020-04-21 19:00:00,4002,3677.0636332714907,3866.4916809343267,3723.579,3747.6783793327045
2020-04-21 20:00:00,3665,3760.25268707483,3969.3863972986283,3896.7097,3880.764629491802
2020-04-21 21:00:00,2832,3183.0310884353744,3042.5606352922164,3082.6006,3097.6982239006475
2020-04-21 22:00:00,2141,2293.1607098894833,2281.3981283528474,2256.6782,2271.9788208887076
2020-04-21 23:00:00,1690,1722.6801700680269,1614.1070206530305,1594.0865,1631.2400716060456
2020-04-22 00:00:00,1007,1309.1788095238094,1332.118929043816,1333.7167,1327.1827720442502
2020-04-22 01:00:00,1239,1268.9305102040817,1251.518584049527,1206.2965,1233.2605279579334
2020-04-22 02:00:00,1133,1136.2032183984704,1140.6519135455433,1107.9794,1123.2034680445972
2020-04-22 03:00:00,578,763.043537414966,764.8210959664979,781.77997,772.8561424762254
2020-04-22 04:00:00,248,743.451179138322,700.2305560686281,743.65155,732.7462089482219
2020-04-22 05:00:00,1954,1314.0015646258503,1225.3720780724211,1312.7583,1291.2225610651928
2020-04-22 06:00:00,2200,2546.958163265306,2695.4531928550764,2696.0168,2658.6112618816583
2020-04-22 07:00:00,2664,3182.1644216398686,2811.6928783044677,2812.7053,2904.8169861188967
2020-04-22 08:00:00,3638,3277.0196428571435,3148.235081015462,3161.1577,3186.8925383900264
2020-04-22 09:00:00,3813,3752.641953585262,3922.9207057484077,3931.9639,3884.8725984271673
2020-04-22 10:00:00,4077,3628.2090569851134,3738.41574042966,3672.0383,3677.675364392756
2020-04-22 11:00:00,3888,3754.8830155746514,3865.4487353563836,3797.2896,3803.7277131233836
2020-04-22 12:00:00,3737,3701.2392857142854,3662.8533771772727,3707.1719,3694.6091032228896
2020-04-22 13:00:00,3824,3538.5959656813325,3520.8993127076733,3538.178,3533.962808855064
2020-04-22 14:00:00,3552,3518.5604612311754,3599.559101838291,3530.9023,3544.981062642367
2020-04-22 15:00:00,3257,3342.8301061454185,3356.732767136529,3318.2476,3334.014497617362
2020-04-22 16:00:00,3211,3109.8459253822816,3110.983276328175,3115.7207,3113.0676519901144
2020-04-22 17:00:00,3621,3205.9775684632828,3350.4370895178376,3302.5037,3290.3554955499676
2020-04-22 18:00:00,4082,3673.2974087816947,3973.727501512759,3802.6133,3813.0628681986136
2020-04-22 19:00:00,4280,4049.8187755102035,4146.542492648728,4151.076,4124.628402977232
2020-04-22 20:00:00,4076,3901.391292517007,3986.4402292485433,3993.7273,3968.821527902325
2020-04-22 21:00:00,3157,3366.013129251701,3241.7938311701214,3469.3474,3386.625446160143
2020-04-22 22:00:00,2507,2493.6773469387754,2397.3638591262124,2410.203,2427.861741945934
2020-04-22 23:00:00,1946,1883.675578231293,1847.5728307165534,1728.7025,1797.1633595611804
2020-04-23 00:00:00,1189,1230.2906972789115,1134.2532714462902,1156.8658,1169.5689145445817
2020-04-23 01:00:00,1089,1261.939948979592,1220.1576979678027,1135.4474,1188.2481055845049
2020-04-23 02:00:00,1220,1139.0461025521322,1189.2914044683048,1126.3263,1145.2475237277654
2020-04-23 03:00:00,862,865.6027891156463,837.1440046272055,798.5952,824.984305857588
2020-04-23 04:00:00,575,563.0606881214024,512.8425922025259,501.5928,519.7722220585212
2020-04-23 05:00:00,1501,1452.399693877551,1545.9232849109974,1569.7196,1534.4405469432309
2020-04-23 06:00:00,1835,2382.488014205682,2375.7331304361073,2384.4824,2381.7964970979474
2020-04-23 07:00:00,2868,2877.6161038961036,2627.972876587879,2664.464,2708.629300785058
2020-04-23 08:00:00,3768,3588.909615346138,3577.4859860555807,3696.0479,3639.6228261316796
2020-04-23 09:00:00,3911,3860.793061224489,3915.776918539189,3941.4028,3914.8439109565443
2020-04-23 10:00:00,3853,3704.523860544218,3794.3189880726363,3854.9043,3802.1628605917135
2020-04-23 11:00:00,3893,3673.3267191998993,3600.3446203491612,3682.7935,3659.81456340289
2020-04-23 12:00:00,3952,3690.0805442176866,3631.24833532329,3720.1162,3690.3903253539943
2020-04-23 13:00:00,3978,3670.946020408163,3662.68637001709,3712.518,3689.6671308094383
2020-04-23 14:00:00,3295,3677.1280269125195,3778.4206330314532,3732.4656,3730.1199530719305
2020-04-23 15:00:00,3896,3108.547734323052,3146.8909909736626,3164.998,3146.3587047616784
2020-04-23 16:00:00,3576,3586.1462925170063,3632.2852380165573,3528.001,3568.608370914641
2020-04-23 17:00:00,3955,3499.1962801484233,3564.6481474327043,3506.7075,3519.314866660907
2020-04-23 18:00:00,4508,4007.187040816327,4192.279777138931,4051.8096,4075.771489645065
2020-04-23 19:00:00,5064,4484.379795918368,4499.6811815910805,4615.896,4553.963242424237
2020-04-23 20:00:00,4716,4739.778095238095,4592.581313647493,4631.1543,4648.667000658897
2020-04-23 21:00:00,3586,3761.6157142857146,3730.4153900453957,3596.3171,3671.166345418715
2020-04-23 22:00:00,2713,2744.586972789116,2780.813855658923,2808.2,2785.450182697947
2020-04-23 23:00:00,2325,2017.1469153178512,1963.1072673876683,1883.1626,1936.6448445045048
2020-04-24 00:00:00,1785,1379.2471768707485,1471.2568824187847,1437.524,1431.3880387481645
2020-04-24 01:00:00,1593,1330.08231292517,1213.3522533851756,1279.4714,1275.594359351024
2020-04-24 02:00:00,1539,1260.259264602393,1387.96373956576,1369.9473,1347.0293838545383
2020-04-24 03:00:00,1538,1047.6424829931973,992.7404587939001,1052.412,1036.3017290991181
2020-04-24 04:00:00,1490,940.654693877551,926.6741328726008,951.47485,942.5696334453505
2020-04-24 05:00:00,1181,1491.9823809523807,1435.023344252566,1481.5365,1472.5196808129554
2020-04-24 06:00:00,1890,1989.7527551020412,1906.155940344705,1910.7532,1929.353760775749
2020-04-24 07:00:00,3284,2933.5093821039386,3020.185371032871,2978.8557,2977.851544729515
2020-04-24 08:00:00,3977,3869.3271241181183,4053.6787078442258,4009.5637,3985.5333183421485
2020-04-24 09:00:00,4282,4244.651496598638,4235.827932946423,4257.975,4249.107406214391
2020-04-24 10:00:00,4210,4055.2847959183673,4151.560621329618,4158.225,4130.823903140121
2020-04-24 11:00:00,4233,3949.0185714285712,3984.9078771947125,3960.7717,3963.8674764136335
2020-04-24 12:00:00,4223,3948.0869727891154,3963.995096007612,3999.3242,3977.682626574182
2020-04-24 13:00:00,4130,3919.967380952381,3941.765298898733,3929.7048,3930.2855869549658
2020-04-24 14:00:00,3820,3794.8544862155386,3822.66966849615,3821.8625,3815.312313091985
2020-04-24 15:00:00,3647,3627.8720861678,3541.3622635752704,3547.535,3566.076043490455
2020-04-24 16:00:00,3609,3588.950030921459,3517.9208832794666,3492.356,3522.895707065856
2020-04-24 17:00:00,3828,3641.9664445778308,3620.8565260377954,3587.6182,3609.514824685157
2020-04-24 18:00:00,4364,3985.483809523809,4007.361471754881,3838.3262,3917.3744062571727
2020-04-24 19:00:00,4512,4416.415952380952,4441.018758963697,4439.8965,4434.306920023662
2020-04-24 20:00:00,4169,4284.276292517006,4337.338482787731,4197.689,4254.248176248059
2020-04-24 21:00:00,3220,3639.432517006803,3627.0764243682033,3625.8425,3629.548499992189
2020-04-24 22:00:00,2603,2742.6850340136057,2598.0256957998977,2513.6743,2592.014840656501
2020-04-24 23:00:00,2098,2090.811054421769,2099.9657965737556,2039.8562,2067.6223133348185
2020-04-25 00:00:00,1735,1583.1351870748301,1656.5067296653117,1622.4446,1621.132769224098
2020-04-25 01:00:00,1701,1505.863072562358,1549.4010361276005,1503.4657,1515.5488762935834
2020-04-25 02:00:00,1687,1442.8990476190477,1508.9485296560003,1485.2632,1480.593486115637
2020-04-25 03:00:00,1379,1308.7455102040817,1267.6560724219573,1376.4921,1332.3464283713536
2020-04-25 04:00:00,1117,1001.3288474620615,1046.174633301353,942.7668,983.259262524838
2020-04-25 05:00:00,1347,1073.157823129252,1171.7647379417958,1116.882,1119.671619271668
2020-04-25 06:00:00,1205,1276.3003968253968,1361.3168421900393,1311.0228,1314.9157233280778
2020-04-25 07:00:00,1536,1657.1437244897959,1359.65587330533,1349.7264,1429.0631196636252
2020-04-25 08:00:00,2915,2701.0296683673464,2772.3631372338973,2809.1016,2772.898982650311
2020-04-25 09:00:00,4059,3956.448503401361,3956.724166191341,4006.859,3981.7226107575507
2020-04-25 10:00:00,4444,4191.5747619047615,4338.408544252834,4280.7607,4272.876197633149
2020-04-25 11:00:00,4637,4153.132517006803,4251.014427685025,4276.8193,4239.446404141707
2020-04-25 12:00:00,4589,4006.466768707483,4126.64198320566,3916.3523,3991.4533354392233
2020-04-25 13:00:00,4222,3972.735,4022.9387516846928,3926.6785,3962.257671319611
2020-04-25 14:00:00,3964,3871.425646258503,3762.4611144354203,3769.6487,3793.2960309937935
2020-04-25 15:00:00,3853,3791.134591836735,3700.4269868039705,3599.5103,3672.6455216133013
2020-04-25 16:00:00,3716,3737.9276071130207,3540.099982561228,3593.2341,3616.12396284825
2020-04-25 17:00:00,3755,3619.478809523809,3573.3666672996856,3464.3652,3530.393986393374
2020-04-25 18:00:00,4194,3812.3933333333334,3611.3628311634757,3570.4382,3641.1581573351395
2020-04-25 19:00:00,4348,4207.839421768707,4156.91975090636,4143.33,4162.854832231267
2020-04-25 20:00:00,4036,4068.974285714286,4109.696095881803,4000.2705,4044.802849305272
2020-04-25 21:00:00,3309,3467.8828571428576,3299.0743949055463,3448.7495,3416.114068871476
2020-04-25 22:00:00,2493,2769.4343197278913,2396.923680756839,2473.5706,2528.374778441495
2020-04-25 23:00:00,1701,1994.3237074829929,2001.162960019542,1944.1011,1970.9222039850088
2020-04-26 00:00:00,1629,1505.6216666666664,1548.6347252853905,1445.3829,1486.2555652731705
2020-04-26 01:00:00,1809,1516.0458843537417,1684.0591788290756,1582.5597,1591.3061119871106
2020-04-26 02:00:00,1673,1476.744761904762,1432.481821962853,1448.775,1451.694158173935
2020-04-26 03:00:00,857,1279.5322222222221,1215.8672335642189,1342.868,1295.283884942704
2020-04-26 04:00:00,646,994.1485404161664,945.8761926299708,984.4051,977.2087284275499
2020-04-26 05:00:00,1211,964.3241496598639,1053.6977279600208,1063.2008,1036.1058722370024
2020-04-26 06:00:00,1008,1269.735119047619,1250.0460586472157,1248.199,1254.0447817283962
2020-04-26 07:00:00,1044,1282.4300793650793,1034.0823763374297,1097.1832,1127.7197276951586
2020-04-26 08:00:00,2547,2305.7787414965987,2133.4282192134356,2167.6157,2193.6096015056337
2020-04-26 09:00:00,3921,3677.3391836734695,3872.0221606105256,3850.1333,3812.406986461624
2020-04-26 10:00:00,4575,4118.26537414966,4278.061329997244,4195.9507,4197.057017833601
2020-04-26 11:00:00,4793,4218.483571428571,4372.222330611745,4318.387,4306.870079025704
2020-04-26 12:00:00,4463,4284.69105442177,4323.528246299113,4065.571,4184.840347641159
2020-04-26 13:00:00,4184,4004.355714285715,4008.064902491051,3860.399,3933.3046170848165
2020-04-26 14:00:00,4005,3869.007789115646,3760.612154902745,3765.261,3790.0354791686605
2020-04-26 15:00:00,3427,3757.0209183673473,3675.4187341589186,3674.8643,3695.5420420378164
2020-04-26 16:00:00,3154,3314.196462585034,3244.1765058408573,3240.1626,3259.6745409345976
2020-04-26 17:00:00,3348,3193.303503401361,3291.8862944736256,3249.0452,3245.8200324765594
2020-04-26 18:00:00,4030,3630.8474659863937,3620.4436955185893,3459.2007,3542.423132173121
2020-04-26 19:00:00,4656,4320.67380952381,4493.873289316147,4328.075,4367.674372366239
2020-04-26 20:00:00,4371,4427.2716666666665,4544.132436104235,4621.861,4553.781445614601
2020-04-26 21:00:00,3263,3666.648095238095,3512.5511667101605,3554.897,3572.248301815189
2020-04-26 22:00:00,2414,2656.397108843538,2600.582251130327,2552.0107,2590.2502110872165
2020-04-26 23:00:00,1906,1804.2689115646258,1748.3583453944093,1686.857,1731.58534207179
2020-04-27 00:00:00,1252,1423.3304761904765,1423.8952513426377,1344.8025,1384.207677000466
2020-04-27 01:00:00,1323,1273.4663945578232,1442.8724916022386,1341.6333,1349.9013719306404
2020-04-27 02:00:00,1328,1302.9231802721085,1410.2570546987567,1435.1349,1395.8625025903725
2020-04-27 03:00:00,994,1013.8642857142858,920.8726966613227,962.2304,964.799449451324
2020-04-27 04:00:00,655,824.0516326530611,635.3687372088845,665.99286,697.8515219088458
2020-04-27 05:00:00,1539,963.9804761904761,1020.2809554404681,1077.8601,1034.9954116186736
2020-04-27 06:00:00,2217,2368.9842424242424,2196.8044877333487,2388.1719,2335.5331200393975
2020-04-27 07:00:00,2943,3376.5055215419493,3352.453011486378,3678.9165,3521.6978852102066
2020-04-27 08:00:00,3791,3716.961760977118,3643.436364443601,3549.1248,3614.6619092848673
2020-04-27 09:00:00,4138,3977.4594104308385,3999.973729850932,4037.3323,4013.024422765755
2020-04-27 10:00:00,4077,4030.966224489796,4290.23053116997,4116.4233,4138.510858836817
2020-04-27 11:00:00,4106,3857.857955603294,3984.9932640429934,3843.0293,3882.2274533490718
2020-04-27 12:00:00,4135,3864.5394217687076,3984.432506409537,3818.4011,3871.443543567999
2020-04-27 13:00:00,3903,3818.4482312925174,3930.1101504494222,3826.7546,3850.5169147714223
2020-04-27 14:00:00,3674,3668.063639455783,3632.1527045464736,3590.6484,3620.378304750564
2020-04-27 15:00:00,3498,3456.638435374149,3401.3116403264466,3413.5603,3421.2676702923363
2020-04-27 16:00:00,3398,3349.2686864739844,3272.9549802615643,3249.2126,3280.1622399260746
2020-04-27 17:00:00,3628,3299.251442577031,3405.0827042706946,3397.0713,3374.6191812431816
2020-04-27 18:00:00,4154,3848.3588265306125,3918.592522623074,3781.0288,3832.2522415852964
2020-04-27 19:00:00,4245,4341.116666666666,4606.499673410505,4381.7993,4427.803743222417
2020-04-27 20:00:00,3948,4118.889863945577,4343.3373757867275,4088.2676,4159.690598995576
2020-04-27 21:00:00,3208,3609.510918367346,3510.79543580954,3413.5576,3486.8553971379715
2020-04-27 22:00:00,2633,2608.3214625850346,2607.3127208113983,2497.5273,2552.672217724108
2020-04-27 23:00:00,2039,1973.4783333333335,1911.816021435928,1797.0841,1869.8656419149715
2020-04-28 00:00:00,1483,1390.3811224489796,1361.0368427642156,1290.3453,1333.02715976033
2020-04-28 01:00:00,1426,1346.9075,1320.0023484953958,1352.2937,1342.8743127097864
2020-04-28 02:00:00,1493,1314.5747619047618,1397.849636981087,1439.7415,1397.9768272605247
2020-04-28 03:00:00,1227,1093.8845238095237,1053.5458902141395,1183.881,1128.7980942285722
2020-04-28 04:00:00,845,902.94487494998,818.2583206206597,792.5183,826.5599541660974
2020-04-28 05:00:00,1590,1409.6890476190474,1436.9132420038507,1404.4518,1413.8764635190057
2020-04-28 06:00:00,2215,2396.2185924369746,2271.330889876793,2279.3157,2306.5452074925042
2020-04-28 07:00:00,2949,3203.4516777046197,3150.3968065437084,3213.3516,3195.137902312082
2020-04-28 08:00:00,3704,3632.9972789115645,3647.732220185596,3676.179,3658.2718523133526
2020-04-28 09:00:00,4106,3823.297947845804,3962.686499755328,3925.865,3909.4286070174703
2020-04-28 10:00:00,3929,3859.551428571429,4112.938010338731,4025.67,4005.9573206650402
2020-04-28 11:00:00,3731,3698.980991765127,3755.873480343808,3740.8145,3734.1208445897337
2020-04-28 12:00:00,3666,3564.53861574933,3627.416564569743,3612.3357,3604.156641759456
2020-04-28 13:00:00,3655,3379.772337993301,3464.3140627769235,3505.8984,3463.970818942556
2020-04-28 14:00:00,3289,3368.92436747176,3415.6867795375497,3331.6912,3361.998367807015
2020-04-28 15:00:00,3158,3095.4149724965805,3089.5625100552547,3089.2947,3090.8917095051465
2020-04-28 16:00:00,3143,3032.249556338559,2953.491139131769,3019.0315,3005.950920937895
2020-04-28 17:00:00,2931,3218.534570359309,3252.174875904114,3242.104,3238.729363518981
2020-04-28 18:00:00,3242,3151.099266701236,3048.8706854208117,3055.6216,3077.803279046137
2020-04-28 19:00:00,3217,3455.7042687074836,3460.7888590921225,3417.22,3437.733267301464
2020-04-28 20:00:00,2948,3089.2010029729677,3131.7713239410864,3075.382,3092.934121767576
2020-04-28 21:00:00,2325,2719.02087835134,2650.1082383007174,2627.6533,2656.108939319264
2020-04-28 22:00:00,2131,2219.1920975056687,2137.844486871894,2125.6553,2152.0867828131404
2020-04-28 23:00:00,1909,1891.17076205721,1822.5888524478291,1815.5896,1836.2347034309473
2020-04-29 00:00:00,1688,1468.6766099773242,1406.1223331965728,1509.859,1473.6292401880055
2020-04-29 01:00:00,1622,1396.0867857142857,1436.7815530703547,1445.7334,1431.08378391491
2020-04-29 02:00:00,1106,1356.2540476190477,1379.1207165513697,1333.0535,1350.370424441042
2020-04-29 03:00:00,404,860.206887755102,775.0253549822557,751.41284,784.514481582777
2020-04-29 04:00:00,1037,686.6199659863945,662.6017719667187,701.7886,688.1997215976533
2020-04-29 05:00:00,1464,1554.4534183673468,1838.409530730186,1752.672,1724.5517358095394
2020-04-29 06:00:00,2021,2392.6201839826845,2209.357139401485,2154.0425,2227.5155710804174
2020-04-29 07:00:00,2652,3027.314025157232,2863.704274650211,3041.24,2993.3745700690483
2020-04-29 08:00:00,3440,3531.4451360544213,3424.7591923174464,3528.4546,3503.2783770148417
2020-04-29 09:00:00,3608,3646.0868027210886,3671.7639522030636,3688.7107,3673.8180354107253
2020-04-29 10:00:00,3571,3523.0332427003714,3456.7517267032395,3470.7893,3480.340895671215
2020-04-29 11:00:00,3336,3331.5140756496035,3386.942938443094,3383.8042,3371.5163531325493
2020-04-29 12:00:00,3367,3229.7850997113565,3223.858272474576,3212.4521,3219.636917265233
2020-04-29 13:00:00,3201,3215.47500025527,3216.4812058972107,3213.5786,3214.7783581787453
2020-04-29 14:00:00,2989,3045.6756213059407,3080.7334198829717,3049.6877,3056.4461323675405
2020-04-29 15:00:00,2799,2888.7312683160144,2828.530813503276,2877.2747,2867.952849556385
2020-04-29 16:00:00,2682,2782.477644587268,2757.000963675059,2719.553,2744.646141323394
2020-04-29 17:00:00,2794,2832.501271297268,2791.539081869561,2835.0002,2823.5102103620197
2020-04-29 18:00:00,3133,2938.457682447749,3043.1186999545444,3051.474,3021.1311561474486
2020-04-29 19:00:00,3115,3248.081761569238,3332.7115048551827,3343.6272,3317.011915238918
2020-04-29 20:00:00,3195,3012.408787720216,3020.432531064205,3021.1104,3018.765505477355
2020-04-29 21:00:00,2606,2754.4129738515453,2690.1625854862964,2704.6904,2713.4891046782104
2020-04-29 22:00:00,2316,2349.413571428571,2199.9115971461,2290.3716,2282.5170831592927
2020-04-29 23:00:00,2184,1885.1736816937923,1851.027506519838,1867.3754,1867.7379801588763
2020-04-30 00:00:00,1265,1537.4856292517006,1548.2947588473048,1509.5599,1526.22506528647
2020-04-30 01:00:00,1381,1291.6379251700678,1174.0945299323462,1176.3823,1204.6242758849785
2020-04-30 02:00:00,1139,1214.0645519077195,1213.2979491309113,1158.1942,1185.9377321932516
2020-04-30 03:00:00,415,812.128854701864,722.706086056497,773.4723,770.4448802091215
2020-04-30 04:00:00,757,801.3872130787801,724.1700986036935,800.3442,781.5614165436652
2020-04-30 05:00:00,1400,1407.7597278911564,1478.3023356739388,1400.2616,1421.6463142311177
2020-04-30 06:00:00,1808,2198.647891156463,2060.3368658182944,2060.1855,2094.8389626811895
2020-04-30 07:00:00,2604,2840.9368207586062,2705.1817130356117,2649.442,2711.2505807141797
2020-04-30 08:00:00,3392,3411.5491563147,3378.9040248663005,3428.6921,3411.959364631188
2020-04-30 09:00:00,3611,3561.5886699118687,3467.2521930255175,3560.03,3537.225230382784
2020-04-30 10:00:00,3434,3425.2031925050724,3505.290475512131,3411.3362,3438.2915078246133
2020-04-30 11:00:00,3449,3186.8066013302277,3292.5255892379782,3253.8635,3246.764810337364
2020-04-30 12:00:00,3275,3252.994735270504,3297.0623310113956,3303.8882,3289.45835836735
2020-04-30 13:00:00,3206,3104.8073936974743,3161.607360507252,3147.0647,3140.136037183994
2020-04-30 14:00:00,3145,3086.4598133139816,3006.22960539567,3022.0386,3034.191641786788
2020-04-30 15:00:00,3001,2981.271708275094,2933.3109397961725,2939.9956,2948.643464752192
2020-04-30 16:00:00,3074,2884.6471018067377,2854.9821179516334,2847.1655,2858.490068611468
2020-04-30 17:00:00,3016,3103.7184745872255,3121.628238341451,3067.0596,3089.866463388419
2020-04-30 18:00:00,3147,3128.847730314798,3123.833113549271,3100.7373,3113.5388633097673
2020-04-30 19:00:00,3186,3110.8420098164247,3114.2345476085034,3003.4136,3057.975926465607
2020-04-30 20:00:00,2807,3012.4142691622105,2987.1053166132433,2856.3188,2928.0393202719883
2020-04-30 21:00:00,2332,2422.0274716553286,2376.40089905424,2345.466,2372.340124903955
2020-04-30 22:00:00,2095,2202.037108843537,2083.885197118299,2141.4106,2142.185898756084
2020-04-30 23:00:00,1822,1926.6444485018085,1944.073636465878,1918.1674,1926.7632004411403
2020-05-01 00:00:00,1541,1507.517142857143,1431.4231894301067,1421.9493,1445.7097534819686
2020-05-01 01:00:00,1467,1318.9565646258502,1295.2249777795237,1271.3916,1289.2411863825935
2020-05-01 02:00:00,917,1217.9612685943941,1225.2453889786098,1054.5765,1138.0899334362198
2020-05-01 03:00:00,311,861.825662264906,866.1115151393586,785.33997,824.6542772612224
2020-05-01 04:00:00,906,905.7156802721088,895.9425021248929,751.9118,826.3704476988598
2020-05-01 05:00:00,778,1380.6921428571427,1435.53419363813,1409.4872,1408.8001754324118
2020-05-01 06:00:00,606,1693.6606338180095,1532.3448106265662,1596.8026,1604.9026672634877
2020-05-01 07:00:00,896,1483.0103061224488,1149.2899780190635,1421.8115,1368.9808327541282
2020-05-01 08:00:00,2510,1957.4640136054427,1816.8408086904194,2026.4767,1956.8145478591218
2020-05-01 09:00:00,3412,3566.1309070294787,3508.315401700005,3526.3323,3531.7777148776836
2020-05-01 10:00:00,3999,3668.129235003092,3693.5566290694974,3687.0542,3683.9485656275224
2020-05-01 11:00:00,4086,3857.242794348509,3867.6159660397193,3908.2102,3885.3197926361195
2020-05-01 12:00:00,3847,3743.908838763575,3846.4314388974185,3851.3215,3823.245836016811
2020-05-01 13:00:00,3583,3607.028909063085,3613.296154815043,3587.9368,3599.0496497585946
2020-05-01 14:00:00,3297,3285.403672394575,3446.920156731472,3351.9207,3359.0412844299494
2020-05-01 15:00:00,3043,3062.219461654827,3134.3143586277465,3077.4846,3087.875764640956
2020-05-01 16:00:00,2805,2906.652738948137,2939.9900500584745,2922.9148,2923.1180947125904
2020-05-01 17:00:00,2645,2842.7764404107793,2863.395502510509,2843.5054,2848.295671277197
2020-05-01 18:00:00,2724,2824.181000971283,2879.8986819109887,2842.1177,2847.078758611193
2020-05-01 19:00:00,2798,2765.969855060725,2802.648075915697,2775.8276,2780.0683011034807
2020-05-01 20:00:00,2427,2696.4810426709737,2707.0034707313275,2684.649,2693.1955912412004
2020-05-01 21:00:00,2049,2190.181654208853,2146.8414961227672,2063.7415,2116.1265151219677
2020-05-01 22:00:00,1917,1947.5516246175207,2039.909335239672,2037.1687,2015.4495905502356
2020-05-01 23:00:00,1749,1881.1066848599905,1807.1512103089112,1805.4512,1824.7900597297255
2020-05-02 00:00:00,1949,1539.5795918367348,1464.7679437680501,1458.7114,1480.4425967918212
2020-05-02 01:00:00,1584,1448.2437755102042,1445.1015669812193,1510.6914,1478.6820387478558
2020-05-02 02:00:00,790,1129.5859523809522,1010.7773950735533,902.544,986.3628400374545
2020-05-02 03:00:00,835,858.6657823129251,946.6893751017841,846.636,874.6567825177398
2020-05-02 04:00:00,1151,926.0474374598325,947.7684064621557,976.7399,956.8239255801064
2020-05-02 05:00:00,827,1108.620136054422,1076.227629969003,1070.9869,1081.7054107441375
2020-05-02 06:00:00,599,844.4925963718821,806.7718765324443,714.9903,770.3112659311597
2020-05-02 07:00:00,1679,1459.0139115646257,1069.2244710302084,1088.5256,1176.3224130315211
2020-05-02 08:00:00,2509,2725.5338775510204,2742.763501802593,2516.1682,2625.1584512837157
2020-05-02 09:00:00,3512,3456.7437179487183,3549.5034551852827,3471.117,3487.1202649631878
2020-05-02 10:00:00,3896,3849.8635714285724,3890.841723707281,3871.1553,3870.753960502713
2020-05-02 11:00:00,3860,3772.8762184873945,3841.0866810398206,3792.6824,3799.831911405241
2020-05-02 12:00:00,3421,3580.108614827111,3619.523641168702,3612.5364,3606.176252475516
2020-05-02 13:00:00,3268,3326.568159016177,3325.704072266909,3284.1677,3305.151920125459
2020-05-02 14:00:00,3211,3102.267967251525,3166.5158556530596,3115.3845,3124.8882164683337
2020-05-02 15:00:00,2970,2965.779092998261,3019.7258265475416,2971.2043,2981.9784027380133
2020-05-02 16:00:00,2755,2826.4399994245487,2835.339613751334,2781.2502,2806.070025364283
2020-05-02 17:00:00,2758,2780.0673491208076,2807.0934429997046,2736.9592,2765.2698122879406
2020-05-02 18:00:00,2892,2858.2153241356336,2867.093662105548,2848.8298,2855.742163552483
2020-05-02 19:00:00,2960,2788.1612490334487,2811.3377979521842,2812.2197,2805.9846250276582
2020-05-02 20:00:00,2866,2737.168424824475,2710.6475914695466,2703.1099,2713.5089357141305
2020-05-02 21:00:00,2191,2393.4813548752836,2503.0487222185134,2317.0361,2382.6505856796994
2020-05-02 22:00:00,1929,2012.5264399092969,2002.5628939962971,1919.9474,1963.7460273240547
2020-05-02 23:00:00,1907,1787.6295969847401,1678.3020956034206,1760.3685,1746.667188283759
2020-05-03 00:00:00,1964,1669.7756802721087,1650.112095983972,1703.4266,1681.6852619351139
2020-05-03 01:00:00,1968,1516.4142857142856,1565.8321632828422,1536.364,1538.7436190852195
2020-05-03 02:00:00,996,1228.0778911564626,1279.6325410965023,1127.1248,1190.4899859929287
2020-05-03 03:00:00,427,849.385306122449,854.1739507513535,896.2284,874.0040109957944
2020-05-03 04:00:00,507,827.0967687074829,872.3396937413551,945.16364,897.4409332391626
2020-05-03 05:00:00,1076,895.7383673469386,814.9731963922335,767.26135,811.3085672043243
2020-05-03 06:00:00,751,1213.3117857142859,1270.6565963087526,1261.7072,1251.8456721659159
2020-05-03 07:00:00,871,1210.179931972789,988.713060350808,1024.425,1061.9357724949618
2020-05-03 08:00:00,2104,2144.4512686155545,1845.6257409540126,1896.6798,1945.859157177548
2020-05-03 09:00:00,3219,3297.7353834260975,3337.228558856603,3294.5305,3306.0062443597376
2020-05-03 10:00:00,3950,3721.1101312319797,3770.072401778323,3824.5708,3785.0810336432005
2020-05-03 11:00:00,4031,3931.4514625850334,3892.956288850035,4008.0608,3960.1323333665796
2020-05-03 12:00:00,3910,3728.2575757708228,3837.617597977183,3865.3386,3824.138104960439
2020-05-03 13:00:00,3529,3624.1618295739354,3631.50057736459,3660.2031,3644.0171642346313
2020-05-03 14:00:00,3197,3242.4272702245125,3391.3496057017433,3292.5151,3304.701787340939
2020-05-03 15:00:00,2962,2934.743414680558,2961.6727115337494,2972.4456,2960.3268098738895
2020-05-03 16:00:00,2953,2707.222820435139,2791.6809413645005,2784.9778,2767.2148320514725
2020-05-03 17:00:00,3034,2880.9906946720293,3055.9838358340726,2972.2256,2970.3564255952756
2020-05-03 18:00:00,3285,3080.4135644514217,3227.8637568122163,3216.0293,3185.0839787534096
2020-05-03 19:00:00,3137,3202.905793650794,3391.570813764324,3302.7827,3300.0105092756544
2020-05-03 20:00:00,3180,2949.93352118872,3030.9252520722043,2918.002,2954.215669877731
2020-05-03 21:00:00,2363,2625.4374304267158,2760.8916732615007,2691.0227,2692.0936284611166
2020-05-03 22:00:00,1846,2079.2029695591764,2059.4420167772037,2020.5312,2044.926871584095
2020-05-03 23:00:00,1907,1767.118214770304,1709.770674448936,1788.4789,1763.4616632227787
2020-05-04 00:00:00,1305,1568.1569727891158,1671.6167256272083,1690.5807,1655.2337688423622
2020-05-04 01:00:00,1572,1219.242755102041,1303.43658145135,1247.742,1254.5408058180353
2020-05-04 02:00:00,1283,1096.9423809523807,1270.2033269829392,1211.619,1197.5959362611738
2020-05-04 03:00:00,427,698.8311451247166,696.5742335552125,563.5518,630.6272540938104
2020-05-04 04:00:00,503,693.856224489796,656.705219395515,785.762,730.5213729342183
2020-05-04 05:00:00,1261,1225.2983333333332,1305.1008511253128,1297.5695,1281.3845251185678
2020-05-04 06:00:00,1901,2151.2603636839353,2158.4320946935163,2167.4624,2161.154315766238
2020-05-04 07:00:00,2680,3029.03119047619,3162.9220212263517,3120.5764,3108.2765109334478
2020-05-04 08:00:00,3605,3432.5234863945584,3360.4000382811946,3460.2637,3428.362717106438
2020-05-04 09:00:00,3403,3703.648606074007,3778.1748182859933,3825.412,3783.1619107775
2020-05-04 10:00:00,3448,3326.1599788670287,3288.7285054546915,3315.5146,3311.47944529918
2020-05-04 11:00:00,3192,3246.83542213849,3286.886458187371,3256.457,3261.658985706465
2020-05-04 12:00:00,3223,3112.4241761029093,3100.4465017457587,3066.7861,3086.610735868417
2020-05-04 13:00:00,3372,3060.0123563958073,3107.069617466261,3088.6357,3086.088364559267
2020-05-04 14:00:00,2837,3063.085757555686,3198.6785168412252,3100.8452,3115.863676021103
2020-05-04 15:00:00,2945,2773.1241025057543,2718.4808973510976,2751.0657,2748.4340868782756
2020-05-04 16:00:00,2992,2811.184347921215,2849.645841365964,2824.246,2827.3305941967947
2020-05-04 17:00:00,3064,2986.552535418119,3081.2017958315155,3041.953,3037.915023242096
2020-05-04 18:00:00,3193,3199.808130371909,3244.7673369392865,3205.3262,3213.806952765299
2020-05-04 19:00:00,3360,3211.632460129453,3312.2155951842756,3217.4004,3239.662209140932
2020-05-04 20:00:00,3463,3125.578835269685,3224.2326949575927,3172.774,3173.8398454474445
2020-05-04 21:00:00,2776,2899.431734693878,2867.0544780289183,2861.4978,2872.3704545478868
2020-05-04 22:00:00,2624,2376.1919897959183,2371.3159624781524,2375.3352,2374.54459060758
2020-05-04 23:00:00,2309,1998.5867756087944,2021.9723236546859,1965.2312,1987.7553754018077
2020-05-05 00:00:00,1504,1494.879342918986,1558.8367717132583,1601.6241,1564.2411014119673
2020-05-05 01:00:00,1498,1393.578010204082,1336.9284818514286,1266.0238,1315.6385248693464
2020-05-05 02:00:00,1251,1250.4198639455783,1366.4994354105304,1272.9523,1290.7059600929333
2020-05-05 03:00:00,555,801.554993997599,762.5378610836613,744.13495,763.0906881355495
2020-05-05 04:00:00,706,705.9487074829932,743.5869749202601,840.2106,782.4892062453446
2020-05-05 05:00:00,1493,1372.2378571428571,1376.7330034543363,1410.4729,1392.479165344611
2020-05-05 06:00:00,2022,2316.810981325864,2137.8450707002494,2246.0713,2236.6996575377784
2020-05-05 07:00:00,2830,2978.687380952381,2853.8771143695,2893.8752,2905.0787459007825
2020-05-05 08:00:00,3761,3424.2893384777813,3426.6040085306868,3410.9668,3418.206735189617
2020-05-05 09:00:00,4096,3774.024047619048,3659.3020493473027,3698.3706,3707.5168269759624
2020-05-05 10:00:00,3930,3775.001353207949,3907.291312196432,3887.1204,3864.1333470151576
2020-05-05 11:00:00,3752,3626.6032253252174,3648.406158310309,3678.8328,3658.168727744819
2020-05-05 12:00:00,3811,3526.740316992849,3546.6558108348786,3532.2021,3534.450106175682
2020-05-05 13:00:00,3979,3517.8791686681784,3580.278061030577,3546.3079,3547.6932380887515
2020-05-05 14:00:00,3534,3520.6412579066714,3642.400481325057,3491.578,3536.5493752376196
2020-05-05 15:00:00,3358,3254.1469464560023,3277.272578155763,3292.1162,3278.9129866216913
2020-05-05 16:00:00,3215,3183.063041259983,3135.284609999393,3164.7864,3161.9801012914068
2020-05-05 17:00:00,3184,3223.105528548102,3275.4306185326764,3251.4211,3250.344608059257
2020-05-05 18:00:00,3429,3323.498815192744,3320.2535203159005,3308.7463,3315.3112528224738
2020-05-05 19:00:00,3552,3477.6173922902494,3573.387582023713,3390.76,3458.131248461303
2020-05-05 20:00:00,3594,3501.2577380952384,3391.9933058791134,3377.3652,3411.995378181088
2020-05-05 21:00:00,3044,3040.643605442177,2995.0319622426464,3079.814,3048.8258743430806
2020-05-05 22:00:00,2469,2616.644285714286,2569.899718451439,2594.2974,2593.7846826820564
2020-05-05 23:00:00,1903,1985.4016450216452,1876.5566821929158,1890.6599,1910.8195378583277
2020-05-06 00:00:00,1233,1447.726156462585,1443.161040041363,1345.5667,1395.5051243212995
2020-05-06 01:00:00,1185,1371.754829931973,1324.867881705842,1325.8365,1337.073951835235
2020-05-06 02:00:00,1137,1157.2385279667421,1188.60689151179,1194.4242,1183.6734520376017
2020-05-06 03:00:00,498,757.0009863945579,757.8924444968208,842.8,800.123351619329
2020-05-06 04:00:00,162,680.7764083744158,712.6552711033207,747.2931,722.0044652795904
2020-05-06 05:00:00,1319,1368.8647959183672,1281.9923168237544,1394.2917,1359.860152208968
2020-05-06 06:00:00,2172,2316.0717141970213,2195.3646463188984,2396.8203,2326.26924637898
2020-05-06 07:00:00,2892,3271.839750566893,3149.4084690169343,3175.329,3192.976605677207
2020-05-06 08:00:00,3759,3574.354285714286,3622.0846197399937,3644.553,3621.3862156213827
2020-05-06 09:00:00,4108,3782.672166427974,3919.095503780508,3871.3333,3861.108543528683
2020-05-06 10:00:00,3925,3859.234520115738,3947.7599061824403,3892.7104,3898.1038311839197
2020-05-06 11:00:00,3679,3642.2750393841748,3632.557714928769,3670.2424,3653.8294043985484
2020-05-06 12:00:00,3482,3508.230072824002,3495.824517094219,3551.16,3526.593603534243
2020-05-06 13:00:00,3422,3269.279441623539,3333.7049954069653,3290.534,3296.0130770310634
2020-05-06 14:00:00,3547,3202.115044337768,3296.5099112963385,3235.7102,3242.511341447589
2020-05-06 15:00:00,3333,3266.9529844758413,3241.0503741611465,3301.2869,3277.6442722764345
2020-05-06 16:00:00,3215,3174.701905379696,3066.6893633651966,3137.3386,3129.017128709661
2020-05-06 17:00:00,3297,3192.4467237920812,3230.247771073734,3237.4753,3224.411294614891
2020-05-06 18:00:00,3571,3376.2250839002268,3415.5370049081193,3419.5205,3407.7007761083364
2020-05-06 19:00:00,3857,3571.3454421768715,3746.9101433942046,3643.0222,3651.0750047912065
2020-05-06 20:00:00,3733,3663.047877757163,3898.026151195097,3802.2834,3791.4102308708775
2020-05-06 21:00:00,3183,3215.4616496598637,3131.245487423264,3138.894,3156.123805755157
2020-05-06 22:00:00,2778,2715.8799242424247,2610.4970826528543,2599.3396,2631.2640515285075
2020-05-06 23:00:00,2013,2106.256870748299,1938.777658625592,2026.7955,2024.656398456754
2020-05-07 00:00:00,1298,1260.2909523809526,1217.7372875423757,1145.7499,1192.3819989456758
2020-05-07 01:00:00,1209,1271.295119047619,1248.3562171372869,1180.0239,1219.9247969368514
2020-05-07 02:00:00,1185,1159.354081632653,1146.6778183137799,1171.5468,1162.2813514514519
2020-05-07 03:00:00,999,781.3035374149661,723.0044366678213,714.86304,733.5085120753844
2020-05-07 04:00:00,427,645.058585818943,633.7261829832303,611.1313,625.2618355110902
2020-05-07 05:00:00,991,1264.6008426436267,1246.643690918901,1257.6813,1256.6517705976632
2020-05-07 06:00:00,2221,2078.0390476190473,2204.9292209146806,2116.2083,2128.8461931099946
2020-05-07 07:00:00,2935,3288.968095238095,3118.17729308038,3184.429,3194.0008246186812
2020-05-07 08:00:00,3672,3595.4158945578233,3580.9932643088077,3618.6868,3603.44567350572
2020-05-07 09:00:00,3726,3674.733779511805,3878.798312916532,3771.7239,3774.2449615836467
2020-05-07 10:00:00,3722,3477.63531813108,3525.7867308592267,3485.7063,3493.7086616616393
2020-05-07 11:00:00,3647,3471.9350921074997,3490.4929133959154,3456.2983,3468.7561712977285
2020-05-07 12:00:00,3613,3406.482216681102,3443.6016146677734,3387.89,3406.465904126281
2020-05-07 13:00:00,3736,3378.3068961794784,3382.6299133882203,3357.108,3368.7881574700496
2020-05-07 14:00:00,3551,3437.8782890284324,3511.3069932319513,3368.2166,3421.4045969322833
2020-05-07 15:00:00,3325,3313.88239654195,3304.361794029294,3347.9226,3328.5223513537485
2020-05-07 16:00:00,3265,3183.0800962419257,3106.9013262051812,3138.3145,3141.6525821742766
2020-05-07 17:00:00,3465,3301.8669803626726,3312.778480572539,3371.9375,3339.630115233803
2020-05-07 18:00:00,3854,3470.095249433107,3559.4929327933887,3547.724,3531.259106103499
2020-05-07 19:00:00,4020,3797.5897217068637,3868.3006771258733,3689.6707,3761.3079268566216
2020-05-07 20:00:00,3795,3679.79037414966,3612.307304826731,3782.129,3714.088872869098
2020-05-07 21:00:00,3144,3317.3776870748297,3300.078579537147,3214.7012,3261.714652590494
2020-05-07 22:00:00,2738,2668.3830725623584,2601.0066090583477,2662.687,2648.6909262645513
2020-05-07 23:00:00,2058,2038.434319727891,2079.6075228248205,1969.2112,2014.1160514584903
2020-05-08 00:00:00,1355,1362.612461348176,1346.063041946113,1268.2823,1311.3100501399786
2020-05-08 01:00:00,1437,1284.1791115411684,1261.0285315062868,1229.603,1251.1034244337388
2020-05-08 02:00:00,1510,1212.3379591836735,1284.1535350692168,1281.2466,1264.7461645788476
2020-05-08 03:00:00,1228,994.0673129251701,941.8436946054563,979.13477,973.5451346951565
2020-05-08 04:00:00,649,719.3965586234494,674.9992280633221,578.984,638.0909510662241
2020-05-08 05:00:00,1246,1019.1865151515152,893.652736722367,999.6808,978.0502060348767
2020-05-08 06:00:00,2297,2131.58619047619,2010.405613143341,1834.9258,1952.9608415298828
2020-05-08 07:00:00,3233,3285.2317233560093,3471.097865919252,3260.4722,3319.3184813031903
2020-05-08 08:00:00,3912,3669.3091428571424,3785.4444442903723,3742.4758,3734.9263118259414
2020-05-08 09:00:00,4051,3876.4375091575093,4026.158637050158,3998.113,3974.705555106604
2020-05-08 10:00:00,4032,3791.405889724311,3883.0602405476925,3875.445,3856.3390667476883
2020-05-08 11:00:00,3812,3752.96022377372,3836.0285486951034,3829.43,3811.9621589375183
2020-05-08 12:00:00,3665,3605.5474443912462,3646.8969833154324,3662.8464,3644.5343247001074
2020-05-08 13:00:00,3679,3495.112768184197,3536.5807475590664,3513.9414,3514.894082060816
2020-05-08 14:00:00,3588,3458.5114462918027,3505.8577109947305,3455.55,3468.867313735696
2020-05-08 15:00:00,3480,3347.741175154165,3400.291258776741,3383.989,3379.002615318664
2020-05-08 16:00:00,3457,3265.6585538655513,3225.5168648991876,3271.6482,3258.617951370872
2020-05-08 17:00:00,3561,3408.526404561824,3413.317433910588,3411.8645,3411.3932105946656
2020-05-08 18:00:00,3836,3639.9844580805293,3573.682399773623,3544.4312,3575.632290635413
2020-05-08 19:00:00,3922,3732.168333333333,3693.322614978632,3745.755,3729.250178484241
2020-05-08 20:00:00,3822,3646.884795918367,3534.611722060746,3628.8848,3609.8165123072786
2020-05-08 21:00:00,3368,3357.719183673469,3274.880679558215,3236.1685,3276.234194323546
2020-05-08 22:00:00,2952,2836.9909863945577,2772.680757906134,2630.978,2717.906949747048
2020-05-08 23:00:00,2618,2184.3090816326535,2228.1981640516533,2138.5364,2172.394999897639
2020-05-09 00:00:00,1920,1653.2712987012987,1678.8468603147412,1675.5984,1670.8287340899474
2020-05-09 01:00:00,1734,1442.346462585034,1399.9638034560405,1350.8138,1385.9844878969875
2020-05-09 02:00:00,1915,1394.9403401360546,1373.2444882362545,1469.5986,1426.8455234993273
2020-05-09 03:00:00,1291,1247.5171428571427,1312.2718589270664,1280.5593,1280.2269135319898
2020-05-09 04:00:00,683,848.019200680272,703.0227717531783,580.74603,678.1335094657844
2020-05-09 05:00:00,951,927.0166439909295,1043.2013730273843,1029.8895,1007.4992674381722
2020-05-09 06:00:00,1485,1167.8553571428572,1131.0455380059427,1061.9266,1105.6885416582936
2020-05-09 07:00:00,1924,2095.6837414965985,1892.0918258445856,2019.0918,2006.489790272796
2020-05-09 08:00:00,3148,3021.180952380952,2973.4366962947265,2902.2776,2949.793206114232
2020-05-09 09:00:00,4230,3973.384642857142,3909.183946734069,4059.131,4000.207699155615
2020-05-09 10:00:00,4375,4219.255714285715,4421.973196790245,4242.0723,4281.34336058149
2020-05-09 11:00:00,4379,4040.9724489795917,4028.4476953843537,4037.4695,4036.0897773019237
2020-05-09 12:00:00,4194,4011.4891836734687,3913.8617008295255,3990.3494,3976.512403742936
2020-05-09 13:00:00,3751,3893.223253968254,3828.8123938846393,3836.081,3848.5494393069735
2020-05-09 14:00:00,3639,3571.1762537621107,3507.2390918321753,3508.2363,3523.7220004610717
2020-05-09 15:00:00,3460,3476.5233771970966,3399.2373930717736,3416.8376,3427.359015809405
2020-05-09 16:00:00,3400,3275.936349206349,3194.2947739154097,3199.1233,3217.1194262882523
2020-05-09 17:00:00,3554,3335.968113200883,3371.1606093728524,3402.0022,3377.7832792762465
2020-05-09 18:00:00,3732,3625.9317700052984,3589.3320209413123,3690.1465,3648.8891899241526
2020-05-09 19:00:00,3803,3668.6724149659867,3585.287032049668,3622.1624,3624.5710385117263
2020-05-09 20:00:00,3571,3607.5123469387745,3520.3694508927083,3546.328,3555.1343898875584
2020-05-09 21:00:00,3088,3181.1584383318536,3112.121646965397,3108.2493,3127.444655113375
2020-05-09 22:00:00,2866,2666.522006802721,2678.1481501827757,2607.8657,2640.100400574499
2020-05-09 23:00:00,2385,2272.2347789115647,2236.122739163136,2301.181,2277.679833620238
2020-05-10 00:00:00,1762,1723.625554683412,1856.4169549042945,1719.8916,1754.9564281781766
2020-05-10 01:00:00,1495,1540.2675274725273,1658.9725780611898,1453.6727,1526.646391129523
2020-05-10 02:00:00,1597,1483.1154421768708,1352.8049277620607,1426.9542,1422.4572043011392
2020-05-10 03:00:00,1078,1164.1757256235828,1204.499347321541,1302.777,1243.5572570058123
2020-05-10 04:00:00,576,660.2952721088435,582.6419285598012,530.25946,575.8640303917705
2020-05-10 05:00:00,1134,856.200600421987,909.2522616732663,881.94324,882.3348341761571
2020-05-10 06:00:00,1191,1314.0388945578234,1233.8184688361418,1194.8217,1234.37516848521
2020-05-10 07:00:00,1385,1399.5311224489792,1211.9793528759851,1188.3755,1247.065362971866
2020-05-10 08:00:00,2590,2428.8142662560517,2295.3374104885356,2403.6467,2382.861283443959
2020-05-10 09:00:00,3738,3700.6692857142857,3682.4389910341965,3730.6465,3711.1003113746206
2020-05-10 10:00:00,4130,4037.358401360543,4046.4187366438096,4055.1448,4048.5166721964006
2020-05-10 11:00:00,4020,4004.355585208442,4085.2698789435435,4000.7593,4022.786004709871
2020-05-10 12:00:00,3913,3764.5168600071606,3957.6784654047706,3859.562,3860.3298372123577
2020-05-10 13:00:00,3619,3674.409461152882,3615.0347851423794,3715.6853,3680.203712941003
2020-05-10 14:00:00,3468,3352.3490231914902,3321.929706513215,3314.8625,3326.000956840239
2020-05-10 15:00:00,3106,3180.032905023253,3126.745949600359,3126.48,3139.934703890278
2020-05-10 16:00:00,2741,2917.2504756106596,2850.958371101546,2904.7585,2894.4314841389887
2020-05-10 17:00:00,2816,2811.257095116753,2812.045105123157,2852.1133,2831.8821906849776
2020-05-10 18:00:00,3121,3060.696233290519,3006.500279496657,3103.4907,3068.5444895249193
2020-05-10 19:00:00,3229,3182.865544755451,3332.122649728702,3287.9697,3272.731911902288
2020-05-10 20:00:00,2947,3136.0855905998765,3145.427947062462,3127.5308,3134.1437652749596
2020-05-10 21:00:00,2212,2613.016666666667,2582.3680819526267,2502.4143,2550.053340475136
2020-05-10 22:00:00,2083,2182.2774376417237,1973.0475644578355,1962.5936,2020.1280644897336
2020-05-10 23:00:00,1823,1852.2119160997734,1933.1686029114403,1850.1805,1871.435400748897
2020-05-11 00:00:00,1561,1503.9071768707481,1573.4763737237895,1518.7456,1528.7186903830093
2020-05-11 01:00:00,1473,1300.7701360544215,1388.7911156064176,1275.9249,1310.352776294116
2020-05-11 02:00:00,1091,1227.8333601319316,1393.3542218501325,1167.379,1238.9864096556723
2020-05-11 03:00:00,539,752.8467006802721,710.365686927652,674.8594,703.232784401981
2020-05-11 04:00:00,1130,586.4509340050869,550.7178549685885,529.8165,549.2004614035751
2020-05-11 05:00:00,1530,1356.419863945578,1583.5515881713666,1453.7522,1461.8689616620486
2020-05-11 06:00:00,1912,2321.7600595238096,1840.1086809965175,2115.9287,2098.431540598832
2020-05-11 07:00:00,2810,2935.999421768707,2863.9054716043865,2952.608,2926.2801784213984
2020-05-11 08:00:00,3436,3543.8725674446328,3424.933356477423,3409.8164,3447.109684105514
2020-05-11 09:00:00,3644,3644.195382653061,3611.239298394272,3629.8486,3628.782986668083
2020-05-11 10:00:00,3674,3439.4510893090355,3652.0819666902403,3531.9324,3538.8494505232566
2020-05-11 11:00:00,3431,3376.453892648963,3399.0897645667733,3326.9512,3357.361500241434
2020-05-11 12:00:00,3376,3255.0716899363756,3245.9089772265365,3249.2644,3249.8773689391655
2020-05-11 13:00:00,3292,3216.762429691452,3166.29917402049,3219.2385,3205.384663623298
2020-05-11 14:00:00,3100,3083.2914118453427,3001.5386394361276,2984.9336,3013.674309695368
2020-05-11 15:00:00,2884,2991.498019110893,2890.3894605149912,2914.9019,2927.922797640846
2020-05-11 16:00:00,2835,2813.9370638158493,2732.4714257883716,2778.7786,2775.9914046276176
2020-05-11 17:00:00,3017,2921.822163991572,2893.6021770186085,2899.9402,2903.8261780259827
2020-05-11 18:00:00,3253,3152.1091643178247,3159.541141943685,3128.8713,3142.34824551069
2020-05-11 19:00:00,3347,3272.062436705474,3366.038200695597,3240.5112,3279.7807745846426
2020-05-11 20:00:00,3237,3196.3878177842953,3133.5368025227426,3117.199,3141.080642381447
2020-05-11 21:00:00,2762,2751.5305353376784,2601.777161979537,2610.9084,2643.7811479621164
2020-05-11 22:00:00,2781,2482.6446428571426,2416.237726163599,2472.3708,2460.9060170598727
2020-05-11 23:00:00,2218,2190.8068083900225,2115.7947040358717,2077.46,2115.3803585752235
2020-05-12 00:00:00,1668,1454.4961819727894,1621.4314809320072,1438.7098,1488.3368351597928
2020-05-12 01:00:00,1377,1396.5197278911564,1401.3781708307783,1307.3503,1353.149645578921
2020-05-12 02:00:00,915,1234.0100340136053,1204.3617457929306,1343.9963,1281.5911138969464
2020-05-12 03:00:00,619,756.8374372266069,631.7651692228652,647.32104,670.8111740733056
2020-05-12 04:00:00,634,853.4281292517007,844.0905238119469,880.992,864.8756654631775
2020-05-12 05:00:00,1187,1350.0385034013605,1344.8580715936923,1260.7802,1304.114219432357
2020-05-12 06:00:00,2024,2143.255317818827,2071.504586038537,2040.4808,2073.93039344481
2020-05-12 07:00:00,3017,3124.9720068027214,3005.8881749528364,2967.3413,3016.3856997357643
2020-05-12 08:00:00,3571,3447.315296554394,3463.766643331779,3454.1946,3454.867775010606
2020-05-12 09:00:00,4103,3636.0081122448973,3663.3529743609815,3607.7566,3628.718567549907
2020-05-12 10:00:00,4149,3867.9149246365214,3890.850284221973,3859.7222,3869.5523861989986
2020-05-12 11:00:00,3798,3840.6926417233562,3809.8149109283504,3825.8015,3825.527644998864
2020-05-12 12:00:00,3769,3573.8161585472194,3619.964363605394,3694.2114,3645.5508434287785
2020-05-12 13:00:00,3899,3502.7822378923706,3513.3473911236038,3527.009,3517.536923855556
2020-05-12 14:00:00,3491,3556.0209783658283,3576.7607410817313,3555.2751,3560.8330031040773
2020-05-12 15:00:00,3092,3186.7713516746417,3186.726668473632,3198.4497,3192.5993585526935
2020-05-12 16:00:00,3283,2934.5149608420957,2838.7977733494804,2932.9639,2909.810117141644
2020-05-12 17:00:00,3328,3294.71491413181,3278.6932253446075,3188.4707,3237.5873864316045
2020-05-12 18:00:00,3502,3422.183117913832,3397.380799816432,3245.5627,3327.6723515028784
2020-05-12 19:00:00,3605,3501.528820861678,3452.726840232949,3489.927,3483.527416250219
2020-05-12 20:00:00,3424,3499.8814813171643,3380.214981605665,3385.3245,3412.68634717602
2020-05-12 21:00:00,2949,2888.03693877551,2910.273450297794,2810.988,2855.0716158230134
2020-05-12 22:00:00,2745,2651.496870748299,2596.542502067968,2539.459,2581.739335391567
2020-05-12 23:00:00,2400,2142.3525,2123.8773625899425,2090.5386,2111.8267527568605
2020-05-13 00:00:00,1817,1511.2082482993198,1646.2494761308442,1610.0701,1594.3994652872284
2020-05-13 01:00:00,1485,1344.4348639455782,1291.827319814274,1262.6975,1290.4143008227757
2020-05-13 02:00:00,1209,1114.5905158730159,1204.7706462825843,1229.5988,1194.6396679803063
2020-05-13 03:00:00,881,830.017099839936,796.974885265051,786.31903,799.9075116571062
2020-05-13 04:00:00,918,639.8740476190477,640.821020501568,563.9571,602.1523131727321
2020-05-13 05:00:00,1144,1312.600705782313,1328.9892629234664,1334.3077,1327.551361805351
2020-05-13 06:00:00,1978,2165.56962585034,2096.6853717321974,2197.674,2164.4007855284467
2020-05-13 07:00:00,2935,3026.56075983486,3074.4421206795814,3006.3892,3028.4453002067353
2020-05-13 08:00:00,3526,3657.0100164848545,3589.5672007084704,3650.5767,3636.932634376456
2020-05-13 09:00:00,3722,3668.1063461142026,3768.19805598782,3754.4983,3736.3252460333183
2020-05-13 10:00:00,3852,3551.6575131416193,3739.8750189837965,3706.5908,3676.178543187604
2020-05-13 11:00:00,3919,3650.6524540999194,3544.1160210885437,3542.3503,3569.867289695553
2020-05-13 12:00:00,3805,3660.8690189760114,3553.0426328845947,3625.1575,3616.056648316714
2020-05-13 13:00:00,4013,3595.6019294990715,3490.9762075788067,3520.097,3531.692996183532
2020-05-13 14:00:00,3736,3626.473542785535,3728.3741909232435,3617.504,3647.4638865521947
2020-05-13 15:00:00,3324,3412.793466813506,3438.6190934762285,3457.4365,3441.5714017911837
2020-05-13 16:00:00,3294,3185.0902762444543,3086.8292327248873,3128.154,3132.056903609523
2020-05-13 17:00:00,3375,3295.951615271568,3292.754270605794,3297.261,3295.806964633403
2020-05-13 18:00:00,3484,3420.551065759637,3424.5070159219,3383.6335,3403.0812928813216
2020-05-13 19:00:00,3516,3436.177448979591,3442.5982475659107,3537.5798,3488.4838411285627
2020-05-13 20:00:00,3294,3431.793163265306,3403.9890428213307,3424.8394,3421.365229256034
2020-05-13 21:00:00,2771,2928.0817135642133,2850.038795305573,2771.3228,2830.1915041705715
2020-05-13 22:00:00,2411,2526.118003663004,2363.8395368363454,2473.5474,2459.263066765462
2020-05-13 23:00:00,1895,2064.4660996827474,2062.3448367232236,1944.0681,2003.7367917186803
2020-05-14 00:00:00,1684,1533.4151275510205,1559.7974846657798,1539.2833,1542.9448156518563
2020-05-14 01:00:00,1555,1443.3689909297052,1455.84194264388,1481.897,1465.7512197215212
2020-05-14 02:00:00,1340,1199.771283068783,1221.3223301680757,1143.5024,1177.0246240123397
2020-05-14 03:00:00,1115,857.8506361140948,864.294981546615,768.8007,814.9367645225993
2020-05-14 04:00:00,1132,781.2537925170068,763.0550001881655,808.27563,790.2150155591056
2020-05-14 05:00:00,1304,1206.367142857143,1133.573020381789,1241.9093,1205.9396916886394
2020-05-14 06:00:00,2225,2124.384852813853,2020.2201688147202,2155.0212,2113.6618755243308
2020-05-14 07:00:00,3289,3139.9222470358004,3189.6436359589584,3320.4526,3242.6177891080647
2020-05-14 08:00:00,3850,3646.0682875534826,3656.7362703110844,3799.9648,3725.6835613411417
2020-05-14 09:00:00,3961,3648.110136054422,3786.0619664898345,3716.523,3716.804500245439
2020-05-14 10:00:00,3857,3690.2625757708224,3773.320726065502,3743.079,3737.435376240331
2020-05-14 11:00:00,3788,3661.276691403834,3533.7878250814765,3595.3496,3596.4409338088276
2020-05-14 12:00:00,3686,3592.7425918193426,3500.8283567592725,3576.565,3561.675207847779
2020-05-14 13:00:00,3676,3457.2536538857976,3459.1952763011236,3457.4875,3457.856006960793
2020-05-14 14:00:00,3527,3418.3303083028086,3412.1327245958446,3420.7004,3417.965977951226
2020-05-14 15:00:00,3587,3305.125447994987,3269.3719992115316,3288.2095,3287.7290981297547
2020-05-14 16:00:00,3737,3482.498884487455,3321.4873402414196,3298.7085,3350.3508042290937
2020-05-14 17:00:00,3467,3545.4325,3516.037764473517,3467.8142,3499.274670610567
2020-05-14 18:00:00,3706,3487.4620588235293,3430.231432709021,3373.9934,3416.4200769847002
2020-05-14 19:00:00,3846,3599.316963512678,3799.5973846157863,3638.9497,3669.203440547741
2020-05-14 20:00:00,3789,3604.378312189741,3638.962790009011,3631.6416,3626.656076330938
2020-05-14 21:00:00,3323,3195.204149659864,3294.6737998541034,3168.1106,3206.5247852300545
2020-05-14 22:00:00,3034,2772.0219727891163,2777.878973108121,2705.202,2740.076188622747
2020-05-14 23:00:00,2580,2241.440170068027,2144.861415167947,2156.104,2174.6273982621187
2020-05-15 00:00:00,2000,1631.4766836734696,1920.957394014005,1793.7445,1784.9807728398373
2020-05-15 01:00:00,1506,1472.0762349555207,1508.0123196472234,1479.3727,1484.7084789827172
2020-05-15 02:00:00,1316,1374.6168367346938,1382.0812983609999,1451.0991,1414.7240943207985
2020-05-15 03:00:00,1147,1085.5251354029208,1157.8712286323168,1103.4445,1112.5713200127157
2020-05-15 04:00:00,1039,883.6965937803694,971.9193323207211,937.8953,932.8516438787883
2020-05-15 05:00:00,1331,1272.3725510204083,1209.524639373001,1310.736,1275.8422785553835
2020-05-15 06:00:00,2116,2231.1210544217683,2209.291959902562,2387.3618,2303.7841617842078
2020-05-15 07:00:00,3154,3263.89996031746,3456.3068398687983,3361.321,3360.7122225075022
2020-05-15 08:00:00,3879,3823.292952380952,3857.963717154315,3979.4304,3910.0293773447543
2020-05-15 09:00:00,4073,3969.527857142857,4065.599943854697,4027.3125,4022.4382002493885
2020-05-15 10:00:00,3832,3836.392318295739,3977.729222457102,3917.85,3912.4554340163354
2020-05-15 11:00:00,3789,3651.7601092225746,3632.2501043615284,3612.2607,3627.1329244897756
2020-05-15 12:00:00,3783,3610.1543079577873,3652.6059406870063,3609.2104,3620.2952867705735
2020-05-15 13:00:00,3713,3609.884999567765,3593.3973668162835,3534.8845,3568.2628523381995
2020-05-15 14:00:00,3700,3525.6836636795215,3589.9754488117173,3491.2825,3524.5560134743723
2020-05-15 15:00:00,3562,3491.362336909123,3483.3849873245917,3469.0386,3478.2061181678037
2020-05-15 16:00:00,3611,3428.021056719985,3395.738383448546,3404.8528,3408.3662516436953
2020-05-15 17:00:00,3652,3563.374049917264,3567.989488109411,3546.312,3555.9968903660438
2020-05-15 18:00:00,3827,3678.2956292517,3688.0515527401417,3581.5808,3632.377200771398
2020-05-15 19:00:00,3724,3720.813446712018,3758.7849768577694,3699.1357,3719.4674769861967
2020-05-15 20:00:00,3557,3583.7915419501132,3550.6528517210054,3520.3252,3543.7736960740294
2020-05-15 21:00:00,3078,3260.4686904761897,3237.7851591691524,3116.5134,3182.820176278523
2020-05-15 22:00:00,2714,2763.9922987088403,2869.386196064829,2713.0232,2764.856220373105
2020-05-15 23:00:00,2343,2313.5241609977325,2268.6002042950254,2364.8743,2327.968225112252
2020-05-16 00:00:00,1919,1738.3577380952383,1960.9766925408037,1861.6586,1855.6628923269793
2020-05-16 01:00:00,1419,1621.773350340136,1589.0680545446833,1612.4504,1608.9355709477672
2020-05-16 02:00:00,1228,1460.4785034013603,1648.6401107853428,1536.6519,1545.6055812810507
2020-05-16 03:00:00,1202,1161.9343782417182,1208.7828000165455,1196.8832,1191.1208839200347
2020-05-16 04:00:00,985,911.2666640502356,897.1942318487773,933.6638,918.9471331544407
2020-05-16 05:00:00,670,940.2679251700681,931.2381582054246,899.70105,917.727045746217
2020-05-16 06:00:00,1307,1291.9048809523808,1383.6353667017536,1262.2996,1300.0348421869712
2020-05-16 07:00:00,2191,2042.587482993197,2172.0815231475312,2156.1248,2131.7296294648695
2020-05-16 08:00:00,3484,3347.0202040816325,3508.524863085431,3441.6597,3434.716100776141
2020-05-16 09:00:00,4238,4151.257976190476,4035.5870702080947,4131.9116,4112.667072146518
2020-05-16 10:00:00,4349,4219.877278911566,4233.176852450943,4225.6387,4226.082868778127
2020-05-16 11:00:00,4436,4010.518945578231,3984.4799738315332,4000.337,3998.9181868836913
2020-05-16 12:00:00,4183,3995.0173809523803,3923.3087664893865,3971.216,3965.189569087004
2020-05-16 13:00:00,3975,3875.0773469387755,3815.7579969793874,3878.6357,3862.0267070732907
2020-05-16 14:00:00,3895,3752.0918707482992,3743.996452956558,3742.517,3745.2806258480896
2020-05-16 15:00:00,3776,3720.7394611528825,3632.1290844131836,3673.2903,3674.8622779930793
2020-05-16 16:00:00,3432,3638.8156462585034,3507.6429219434817,3595.0178,3584.123553183309
2020-05-16 17:00:00,3452,3419.5331292517003,3395.85469213328,3407.1343,3407.41409401812
2020-05-16 18:00:00,3773,3500.3458343337334,3476.1174726251634,3449.1628,3468.6972476381616
2020-05-16 19:00:00,3609,3809.516932591219,3668.163641666998,3711.3994,3725.119850595804
2020-05-16 20:00:00,3482,3420.284909297052,3394.662587622354,3415.407,3411.440365440789
2020-05-16 21:00:00,3163,3133.158333333333,3028.370719881677,2926.2202,3003.4923707256276
2020-05-16 22:00:00,2825,2819.0152056277057,2684.8095516334515,2610.8896,2681.4010135340395
2020-05-16 23:00:00,2437,2260.6640792868875,2211.408578038656,2274.274,2255.155127222011
2020-05-17 00:00:00,2109,1756.2196428571428,1827.5364756815386,1735.6348,1763.7564124471703
2020-05-17 01:00:00,1746,1520.8936456400743,1515.6865726335598,1534.1528,1526.2214705840336
2020-05-17 02:00:00,1484,1451.8114625850342,1406.0176566591304,1519.9733,1474.4439131118224
2020-05-17 03:00:00,1149,1234.030192678604,1272.6606862111512,1284.066,1268.70573974197
2020-05-17 04:00:00,824,908.8456972789116,813.209035157668,921.01935,891.0233571814106
2020-05-17 05:00:00,797,892.4534920634921,895.7657847595293,904.3245,899.217081168646
2020-05-17 06:00:00,804,1081.2561904761906,1086.5256965419992,1162.7327,1123.31180476236
2020-05-17 07:00:00,1716,1345.3950340136057,1558.8858468136903,1579.3718,1515.7561332927614
2020-05-17 08:00:00,2776,2699.7729365079367,2705.510108419033,2644.2195,2673.43050244268
2020-05-17 09:00:00,3816,3792.7125170068025,3837.0573242695873,3772.1243,3793.50459410816
2020-05-17 10:00:00,4241,4100.233571428571,4099.377628039032,4137.3613,4118.583463929401
2020-05-17 11:00:00,4612,4064.433027210884,4219.67839625894,4102.033,4122.044457429956
2020-05-17 12:00:00,4264,4052.338095238095,4093.5812478397074,3858.7803,3965.869972488201
2020-05-17 13:00:00,4017,3937.6566666666668,3799.374580365374,3795.6611,3832.08837816426
2020-05-17 14:00:00,3776,3763.986065162908,3655.109485618569,3687.056,3698.3018417969315
2020-05-17 15:00:00,3500,3564.123005999849,3427.3462075027483,3472.121,3483.9278502506495
2020-05-17 16:00:00,3401,3283.170034013606,3168.782473957285,3172.677,3199.3266279692853
2020-05-17 17:00:00,3467,3368.6208463850653,3341.1534630111855,3341.9434,3348.4152570365627
2020-05-17 18:00:00,3864,3633.171524943311,3571.9520372259362,3575.3103,3588.936041909499
2020-05-17 19:00:00,4085,3970.467639661925,4049.3832527750455,3918.771,3964.3482211561177
2020-05-17 20:00:00,3862,3830.8306122448976,3987.178001400008,3917.4102,3913.2072315362266
2020-05-17 21:00:00,3042,3455.070629251701,3367.2475248854753,3155.0652,3283.1121313077315
2020-05-17 22:00:00,2654,2693.627380952381,2649.7780832616113,2603.3545,2637.528612147248
2020-05-17 23:00:00,2434,2099.09768707483,2070.5590483809265,2067.4834,2076.155883082689
2020-05-18 00:00:00,1837,1658.8866666666665,1879.4871405846704,1766.0891,1767.6380074768967
2020-05-18 01:00:00,1557,1397.3643642072213,1461.4259357794142,1382.4387,1405.9169353482214
2020-05-18 02:00:00,1189,1370.7005952380953,1406.7423622648942,1496.3829,1442.5522066609037
2020-05-18 03:00:00,863,967.4875093830635,891.2936178181233,919.2196,924.3050840463904
2020-05-18 04:00:00,781,885.8242063492065,868.530438092344,941.9535,909.5654067158564
2020-05-18 05:00:00,1221,1266.37,1243.5058693838737,1277.5387,1266.2383154904996
2020-05-18 06:00:00,2377,2210.1557309941522,2002.379880095936,2230.918,2168.592887147522
2020-05-18 07:00:00,3166,3542.8199659863944,3414.783970851318,3633.61,3556.206037920366
2020-05-18 08:00:00,3681,3771.6282423302655,3696.68507464509,3851.1824,3792.6695157672766
2020-05-18 09:00:00,3900,3801.097925170068,3889.2157805524193,3859.8633,3852.5100670556217
2020-05-18 10:00:00,3914,3728.0678401360537,3920.641723781901,3805.766,3815.060447620114
2020-05-18 11:00:00,3899,3727.747159863946,3757.075728321807,3761.997,3752.2042572026885
2020-05-18 12:00:00,3831,3683.997568027211,3720.413997388347,3707.968,3705.086900142952
2020-05-18 13:00:00,3844,3543.1003231292516,3611.7327143746334,3565.8013,3571.6088941415965
2020-05-18 14:00:00,3663,3530.2234693877544,3591.938466568298,3572.577,3566.8289361374505
2020-05-18 15:00:00,3497,3450.0177841206414,3408.4008000496515,3427.2146,3428.2119458472607
2020-05-18 16:00:00,3407,3299.503078529657,3214.143606914656,3287.181,3272.002125462641
2020-05-18 17:00:00,3671,3371.7271395224757,3473.709990267677,3473.3757,3448.0471486584756
2020-05-18 18:00:00,4216,3785.827868480725,3931.1580388344196,3782.2297,3820.361344992849
2020-05-18 19:00:00,4576,4233.606530612245,4511.348398084113,4334.868,4353.67281420534
2020-05-18 20:00:00,4367,4216.6469387755105,4247.928766525834,4198.251,4215.269414606586
2020-05-18 21:00:00,3756,3626.7493707482995,3362.406743108624,3597.993,3546.2854884251683
2020-05-18 22:00:00,3187,3102.0805952380956,2972.815491643986,3017.374,3027.4110334392703
2020-05-18 23:00:00,2329,2437.2476190476195,2316.2897911921264,2301.6704,2339.2195576380614
2020-05-19 00:00:00,1587,1606.820476190476,1713.3886593099144,1474.8247,1567.4646373907226
2020-05-19 01:00:00,1615,1405.717644557823,1377.364260745154,1349.4177,1370.4793386304318
2020-05-19 02:00:00,1716,1274.5748979591838,1370.9902433901086,1374.0599,1348.4212535990418
2020-05-19 03:00:00,1136,1226.917772108843,1105.119845952927,1269.774,1217.8964284412239
2020-05-19 04:00:00,947,896.7443367346939,801.2982238471741,769.6254,809.3233537685139
2020-05-19 05:00:00,1525,1312.6304157218442,1329.5848165683492,1415.3092,1368.2084101233295
2020-05-19 06:00:00,2167,2476.469031521699,2446.0715524102434,2415.5662,2438.418227037673
2020-05-19 07:00:00,3362,3198.540142694064,3427.4323914748,3396.8396,3354.9129333469036
2020-05-19 08:00:00,4216,3825.8952435064944,3886.196761860353,3895.5288,3875.7874056385867
2020-05-19 09:00:00,4767,4064.873571428571,4203.299609818203,4195.129,4164.607748436693
2020-05-19 10:00:00,4725,4304.450736961451,4284.277441924712,4144.6484,4219.5062634715405
2020-05-19 11:00:00,4479,4060.894710884354,3977.6407753514427,3946.763,3983.0153412855116
2020-05-19 12:00:00,4392,3918.376156462586,3935.2869602575047,3901.0396,3913.9355545706476
2020-05-19 13:00:00,4137,3912.2637074829936,3933.795667111072,3952.1277,3937.578686421954
2020-05-19 14:00:00,3714,3773.7799999999997,3750.007056239009,3730.9458,3746.4196644503772
2020-05-19 15:00:00,3604,3521.1861337868486,3459.183817899066,3475.1375,3482.661213507416
2020-05-19 16:00:00,3583,3514.0045068027216,3353.2957057677972,3391.4885,3412.569315837942
2020-05-19 17:00:00,3706,3568.9922278911567,3576.9988628366204,3628.5588,3600.777191627257
2020-05-19 18:00:00,4052,3953.917482993197,3797.1330414768436,3765.685,3820.605160414385
2020-05-19 19:00:00,4225,4254.709761904762,4286.353476655609,4184.7656,4227.648622140093
2020-05-19 20:00:00,4019,4185.343299319728,4210.84453944912,4120.592,4159.342858129712
2020-05-19 21:00:00,3396,3688.0550170068027,3574.172615554574,3582.1267,3606.6202626325316
2020-05-19 22:00:00,3010,2949.8899659863946,2905.2525703027763,2879.013,2903.2921037988554
2020-05-19 23:00:00,2530,2420.797619047619,2245.5056908391493,2259.1804,2296.1660374326293
2020-05-20 00:00:00,1563,1652.7348809523812,1766.261162835518,1615.5992,1662.548632529006
2020-05-20 01:00:00,1559,1502.277006802721,1401.2336129085065,1421.6875,1436.7214049278068
2020-05-20 02:00:00,1678,1512.725782312925,1576.913067490199,1613.0723,1578.945845263281
2020-05-20 03:00:00,1451,1247.995731292517,1263.7296451757275,1289.7993,1272.8310023201861
2020-05-20 04:00:00,1198,1044.54210709925,1013.8062686922102,971.99884,1000.5865141138806
2020-05-20 05:00:00,1616,1426.211700680272,1420.5598070858464,1569.3501,1496.3679257696547
2020-05-20 06:00:00,2401,2479.191012004802,2388.6570900187926,2349.0557,2391.4898575371485
2020-05-20 07:00:00,3495,3428.0020294784586,3600.883274486655,3566.5156,3540.4791384912783
2020-05-20 08:00:00,3946,3893.9500510204084,3900.704802104538,3960.5156,3928.9215257812366
2020-05-20 09:00:00,4087,3980.4416326530604,4030.140840064838,4050.2046,4027.7479131013497
2020-05-20 10:00:00,4000,3794.843367346939,3993.2515882954044,3881.4685,3887.7579918402735
2020-05-20 11:00:00,3804,3770.7537128535623,3954.6057234991026,3933.0674,3897.873550494416
2020-05-20 12:00:00,3782,3656.944541847042,3636.1015663322432,3750.9302,3698.7266149354464
2020-05-20 13:00:00,3732,3614.1434704184703,3597.9048007273136,3658.7693,3632.3967113411336
2020-05-20 14:00:00,3662,3447.9172824159964,3487.926213539949,3544.1392,3506.0304540671114
2020-05-20 15:00:00,3544,3484.493505106005,3393.736076412734,3442.4543,3440.7845682312472
2020-05-20 16:00:00,3565,3447.0489266263685,3325.5780067096584,3425.6445,3405.9789989590067
2020-05-20 17:00:00,3679,3564.530986394557,3496.2430589418077,3680.6855,3605.5362847715915
2020-05-20 18:00:00,3991,3727.973259637188,3751.216741504156,3726.7585,3733.1767727462734
2020-05-20 19:00:00,4110,4094.272517006803,4202.120024414539,4136.648,4142.422109964711
2020-05-20 20:00:00,3934,4002.702448979592,3887.1803260790057,3918.2227,3931.5820218896497
2020-05-20 21:00:00,3519,3469.753707482993,3176.195976590397,3390.5706,3356.77269933866
2020-05-20 22:00:00,3205,3044.233967223254,2942.771376548185,2921.2046,2957.3536308647344
2020-05-20 23:00:00,2729,2530.470238095239,2507.7776613096535,2385.9197,2452.5218137184106
2020-05-21 00:00:00,2010,1729.0267103174601,1781.7523356814127,1711.4647,1733.427122339562
2020-05-21 01:00:00,1428,1518.5074472789117,1511.0632040783175,1474.9882,1494.8867424291511
2020-05-21 02:00:00,1533,1514.199829931973,1516.33258139937,1520.6375,1517.9518284187732
2020-05-21 03:00:00,1478,1346.4110714285714,1407.7474717017778,1436.0796,1406.5794307044623
2020-05-21 04:00:00,1010,1101.6941792703258,1084.2556547278714,973.3288,1033.1518566929087
2020-05-21 05:00:00,989,1433.3193877551018,1375.8131689217616,1396.6652,1400.6157197356222
2020-05-21 06:00:00,1468,2227.332789115646,2308.194062409404,2242.4832,2255.1232900297
2020-05-21 07:00:00,1578,2305.203639455782,2741.113739760198,2487.7356,2505.4471426555574
2020-05-21 08:00:00,2935,2670.739897959184,2675.2992383313285,2724.6074,2698.813495010128
2020-05-21 09:00:00,4185,3741.5313520408167,3805.481464008844,3827.5566,3800.531524324915
2020-05-21 10:00:00,4681,4106.810833333334,4187.358572438856,4270.0786,4208.581658083673
2020-05-21 11:00:00,4656,4122.255,4054.9364133973295,4169.8022,4129.198976396207
2020-05-21 12:00:00,4508,4006.48343537415,3917.6110539753354,4054.6892,4008.368226829559
2020-05-21 13:00:00,4328,3946.3702380952377,3860.6242328311964,3913.6208,3908.559042536296
2020-05-21 14:00:00,4082,3899.2667176870746,3797.0704772485506,3863.0925,3855.630563382344
2020-05-21 15:00:00,3786,3845.2454385964907,3788.0603016314203,3794.2402,3805.446552244478
2020-05-21 16:00:00,3407,3627.394229024944,3635.7522463293562,3687.3777,3659.4754616120126
2020-05-21 17:00:00,3626,3477.9341326530616,3557.8605659150085,3621.0217,3569.45953889983
2020-05-21 18:00:00,3949,3923.056802721088,3981.8898170902808,3930.2043,3941.338827804405
2020-05-21 19:00:00,4480,4180.292925170068,4356.950097629129,4286.819,4277.720179527924
2020-05-21 20:00:00,4568,4299.6739795918365,4361.801319119667,4449.2056,4389.971607881001
2020-05-21 21:00:00,4028,4012.1123809523815,4084.2660487371054,3939.046,3993.6175566411216
2020-05-21 22:00:00,3348,3487.6088095238097,3577.8702705221554,3596.835,3564.7872504802413
2020-05-21 23:00:00,2596,2767.299897959184,2378.3006076051875,2336.2537,2454.52695744578
2020-05-22 00:00:00,1730,1732.3331944444446,1965.8800411684658,1864.454,1856.7802986493214
2020-05-22 01:00:00,1269,1470.7714710884354,1337.5939150062216,1412.9585,1408.5705945705392
2020-05-22 02:00:00,1409,1463.8467346938774,1462.3183441916158,1545.8942,1504.4883522409045
2020-05-22 03:00:00,1203,1350.642261904762,1371.3941534631194,1400.809,1380.9135838224393
2020-05-22 04:00:00,764,1005.6273098330242,922.5460575318723,907.7527,935.9196846146616
2020-05-22 05:00:00,1354,1211.5374149659863,1136.8156251917687,1176.0817,1175.1290925589701
2020-05-22 06:00:00,2022,2117.5293792517,2161.3875309965415,2132.8813,2136.1699013901853
2020-05-22 07:00:00,2544,3131.0639115646263,3354.573164230046,3309.9395,3276.378995511168
2020-05-22 08:00:00,4242,3508.3616795683793,3463.266160209565,3482.0452,3483.9295429522986
2020-05-22 09:00:00,4404,4225.352585034014,4545.079642722342,4284.7295,4334.972803032839
2020-05-22 10:00:00,4132,4183.274829931973,4314.4752039318355,4304.591,4276.732918622202
2020-05-22 11:00:00,4078,3939.4714249910494,3982.4407937885917,3912.523,3936.7395293042855
2020-05-22 12:00:00,3904,3889.245200501253,3998.612545236474,3944.6233,3944.276081942244
2020-05-22 13:00:00,3855,3784.1086788399575,3733.3565053263865,3722.8682,3740.800378072836
2020-05-22 14:00:00,3714,3719.693709544424,3705.2163615003565,3636.7354,3674.595193542445
2020-05-22 15:00:00,3562,3601.7512358276645,3510.4729649257883,3507.6943,3531.9032181571133
2020-05-22 16:00:00,3559,3446.5905478555055,3467.19955128659,3406.127,3431.511001348024
2020-05-22 17:00:00,2914,3627.5891316526613,3575.8647464398814,3732.3362,3667.0315603434483
2020-05-22 18:00:00,3263,3225.5895670159957,3228.824632337024,3091.7583,3159.48270022888
2020-05-22 19:00:00,3561,3626.5545068027204,3447.4460068319067,3518.172,3527.586187978969
2020-05-22 20:00:00,3218,3697.9450680272107,3556.384309162908,3641.152,3634.1583941022172
2020-05-22 21:00:00,2834,2977.8006122448983,2822.4500828004366,2728.0776,2814.101492120709
2020-05-22 22:00:00,2635,2685.710272108843,2626.063021357022,2612.1064,2633.9965460227163
2020-05-22 23:00:00,2274,2254.646972789116,2103.7894629807274,2257.333,2218.275612848711
2020-05-23 00:00:00,1768,1807.0333049886622,1784.4648397443225,1761.3472,1778.5481201676212
2020-05-23 01:00:00,1854,1438.992829931973,1348.303417732411,1492.8618,1443.254970119221
2020-05-23 02:00:00,1614,1475.345380952381,1501.7246309519785,1551.4773,1520.0061504370274
2020-05-23 03:00:00,719,1287.919931972789,1231.76507066478,1244.2493,1252.0458844484547
2020-05-23 04:00:00,663,909.406088435374,867.8657875730997,924.00287,906.3194033282903
2020-05-23 05:00:00,1219,963.6141156462583,997.9142483036849,1031.9701,1006.3671373742045
2020-05-23 06:00:00,1142,1358.9509523809525,1435.8195945670732,1427.5898,1412.4875586120065
2020-05-23 07:00:00,1583,1874.4529251700678,1979.4006984657635,1915.294,1921.1103785652078
2020-05-23 08:00:00,3161,2829.476666666667,2759.482060378323,2932.6023,2863.540829222185
2020-05-23 09:00:00,4145,4050.54306122449,4004.5989420742585,4051.1956,4039.3832791449995
2020-05-23 10:00:00,4375,4199.1883333333335,4310.050376094476,4157.995,4206.307235950702
2020-05-23 11:00:00,4219,4098.1225510204085,4090.95674186659,4047.5308,4071.035204081125
2020-05-23 12:00:00,3981,3919.7935714285722,3831.2169497636983,3921.4907,3898.4979916261927
2020-05-23 13:00:00,3938,3774.1307142857145,3704.245305753806,3751.6472,3745.4176134083177
2020-05-23 14:00:00,3967,3708.4988262322463,3604.0142073602296,3698.5654,3677.410973241869
2020-05-23 15:00:00,3587,3732.0460436806297,3678.8564963816025,3671.6594,3688.5553469296206
2020-05-23 16:00:00,3321,3431.3108348896735,3290.8785822143095,3368.7817,3364.9382234166205
2020-05-23 17:00:00,3404,3221.212433068185,3313.347473873414,3208.1543,3237.7171251728996
2020-05-23 18:00:00,3652,3417.133055555556,3432.6702933914153,3416.5012,3420.701447588305
2020-05-23 19:00:00,3556,3712.988972922503,3601.4037443888947,3727.839,3692.5177349919118
2020-05-23 20:00:00,3373,3353.342210884354,3250.862861720609,3336.3862,3319.244383385616
2020-05-23 21:00:00,2693,2943.03852980353,2772.232388065421,2767.8123,2812.7238573969253
2020-05-23 22:00:00,2407,2439.069936095651,2225.360013343418,2338.7483,2335.4816328675797
2020-05-23 23:00:00,2349,2040.486836734694,1977.2487190289594,1997.8422,2003.354970483882
2020-05-24 00:00:00,1970,1808.4602782931356,1853.4756313243997,1825.3354,1828.151702013759
2020-05-24 01:00:00,1737,1560.6731227106227,1642.216173761506,1601.2524,1601.3485448211572
2020-05-24 02:00:00,1534,1495.0334866562007,1470.3715373636446,1523.9575,1503.3300157705862
2020-05-24 03:00:00,865,1150.5333843537412,1010.0984384706411,1092.2429,1086.279415667033
2020-05-24 04:00:00,518,839.8828571428572,814.0970429860431,832.79816,829.8940534013657
2020-05-24 05:00:00,995,904.4094805194806,912.4130544622233,967.7671,938.089178667301
2020-05-24 06:00:00,1283,1201.0838775510204,1225.9575074898028,1138.3163,1175.9184883500495
2020-05-24 07:00:00,1276,1627.2680612244897,1498.9139272854059,1464.9122,1514.0016128501302
2020-05-24 08:00:00,2431,2366.808333333333,2329.078766750987,2563.0178,2455.4806861538927
2020-05-24 09:00:00,3803,3539.1602210884353,3611.458759678831,3674.9578,3625.1336270277543
2020-05-24 10:00:00,4040,4057.8122789115646,4112.128993559283,4118.495,4101.732876711461
2020-05-24 11:00:00,3955,3944.1056645735216,4091.540109847881,4050.6392,4034.2310236834755
2020-05-24 12:00:00,3706,3694.0049928392405,3660.092668851402,3723.0767,3700.0627455007857
2020-05-24 13:00:00,3616,3509.2809610606596,3487.7969729207093,3491.658,3495.0984629875297
2020-05-24 14:00:00,3121,3353.3117546950252,3370.3854814870956,3287.395,3324.621818811155
2020-05-24 15:00:00,2927,2974.8197281986963,2950.5004279143204,2977.6038,2970.131918911067
2020-05-24 16:00:00,2682,2762.1715713762273,2785.9648048309655,2748.938,2761.503088192423
2020-05-24 17:00:00,3018,2805.1341215545153,2816.0388488891444,2821.705,2816.145781673415
2020-05-24 18:00:00,3206,3125.276994797183,3317.00950345786,3290.3596,3255.751434134073
2020-05-24 19:00:00,3236,3269.27056792414,3326.230685180403,3275.154,3286.4523396433233
2020-05-24 20:00:00,3020,3059.3746616814024,3153.2420894556035,3089.8064,3098.057386026439
2020-05-24 21:00:00,2235,2692.810331890332,2624.905601443086,2555.4534,2607.155667903667
2020-05-24 22:00:00,1820,2256.2418820861676,2075.344325981727,2121.5369,2143.664984634161
2020-05-24 23:00:00,1918,1973.1834126984127,1975.5573929931306,1902.8187,1938.5945642158545
2020-05-25 00:00:00,1421,1678.0278571428569,1849.526532897048,1768.1217,1765.9494495607573
2020-05-25 01:00:00,1487,1304.7669047619045,1285.1860745186023,1167.8523,1231.4143922810642
2020-05-25 02:00:00,1166,1191.1348299319732,1344.3283911556161,1299.294,1283.5127779281474
2020-05-25 03:00:00,255,754.2334751923369,747.5049384636127,728.6437,739.7564417928936
2020-05-25 04:00:00,660,685.9988435374149,643.0544692567852,699.1764,681.8515239993312
2020-05-25 05:00:00,1409,1214.7491156462586,1345.7533587996404,1284.8408,1282.5460287677247
2020-05-25 06:00:00,1873,2340.561629560915,2277.3083649406335,2308.0325,2308.4837339769497
2020-05-25 07:00:00,3026,3062.657074829932,2921.932511473185,2933.3298,2962.8123135679666
2020-05-25 08:00:00,3678,3675.5847912129275,3513.186725114195,3562.4556,3578.4206622849056
2020-05-25 09:00:00,3808,3790.305392051557,3814.487580117241,3879.8938,3841.145142456262
2020-05-25 10:00:00,3854,3559.42872394119,3634.2318405779374,3718.1448,3657.487528825094
2020-05-25 11:00:00,3699,3581.4691512916156,3555.2052400552316,3650.0972,3609.217181821087
2020-05-25 12:00:00,3874,3457.1908782487358,3494.8786811397063,3510.038,3493.0364328158603
2020-05-25 13:00:00,3602,3523.8622058823526,3586.5827772091648,3602.2295,3578.7259918666296
2020-05-25 14:00:00,3630,3327.0525539295427,3405.5663621579574,3353.6594,3359.9844409359375
2020-05-25 15:00:00,3379,3355.8758872384,3306.6572139344353,3270.8354,3301.050999902584
2020-05-25 16:00:00,3298,3170.497166652549,3137.201891909821,3131.6047,3142.727132804655
2020-05-25 17:00:00,3456,3246.34346048995,3338.487778882437,3296.4292,3294.4224094524716
2020-05-25 18:00:00,3725,3419.8548495552072,3531.304512899651,3496.0156,3485.7976531137147
2020-05-25 19:00:00,3977,3692.866428571428,3767.17263595901,3651.7312,3690.875366718547
2020-05-25 20:00:00,3780,3780.1251700680273,3817.326178611102,3878.5156,3838.6206496697823
2020-05-25 21:00:00,3179,3197.183265306123,3249.4064097939568,3150.0813,3186.6880681890825
2020-05-25 22:00:00,2981,2599.211651205937,2568.708374791247,2510.5698,2547.264918608671
2020-05-25 23:00:00,2410,2358.6188945578238,2100.712542270021,2081.332,2155.498874831961
2020-05-26 00:00:00,1691,1424.3724829931973,1494.844651878324,1403.7107,1431.6596303975678
2020-05-26 01:00:00,1313,1357.4772278911566,1396.7874590368929,1275.6168,1326.3745823765437
2020-05-26 02:00:00,1429,1306.7476530612246,1324.2611674640382,1344.2332,1329.8687822797533
2020-05-26 03:00:00,1117,942.8481632653062,957.1480333833673,943.0925,946.5453138106059
2020-05-26 04:00:00,406,770.639181096681,697.8491108348046,567.8905,651.0673244477151
2020-05-26 05:00:00,1338,1295.7743537414967,1201.9879587643763,1211.9843,1230.432704591312
2020-05-26 06:00:00,2420,2284.270045399045,2284.7243795917047,2265.1572,2274.8272195289373
2020-05-26 07:00:00,3238,3464.4204081632656,3322.978287633388,3274.0862,3333.892764769476
2020-05-26 08:00:00,3880,3632.1526037414974,3670.5707615570795,3668.8936,3660.1276186683945
2020-05-26 09:00:00,4300,3791.8877429919335,3809.391563593965,3856.747,3828.6933618027247
2020-05-26 10:00:00,4187,3936.8034353741496,4019.7407063002283,4072.0298,4025.1509279967195
2020-05-26 11:00:00,4177,3889.4483333333337,3893.6196059507492,3921.9924,3906.7632006413332
2020-05-26 12:00:00,4155,3867.731428571428,3944.578563725208,3996.235,3951.1950517850964
2020-05-26 13:00:00,4073,3775.7780612244896,3920.0977941733117,3928.6812,3888.309540021325
2020-05-26 14:00:00,3862,3734.5449713569637,3833.2209590904613,3764.5098,3774.1963654243564
2020-05-26 15:00:00,3813,3613.089436198721,3601.821738707464,3575.7583,3591.606944117171
2020-05-26 16:00:00,3877,3608.3786710579266,3563.5726324265916,3634.9143,3610.444979191442
2020-05-26 17:00:00,4066,3679.3057086167805,3857.1564425355605,3756.6296,3762.4303571240225
2020-05-26 18:00:00,4413,3965.9500850340137,4109.026861825582,3979.11,4008.2992904258363
2020-05-26 19:00:00,4688,4151.162891156462,4336.4900245581675,4167.327,4205.576803147407
2020-05-26 20:00:00,4378,4189.639047619047,4279.546709700677,4159.481,4197.036917845556
2020-05-26 21:00:00,4025,3614.495595238096,3861.3871504988942,3657.9202,3697.93076944206
2020-05-26 22:00:00,3557,3356.0355952380946,3568.1978930919076,3532.505,3497.3108134887507
2020-05-26 23:00:00,2600,2629.9552040816325,2657.9705193391587,2504.5938,2574.2783058551977
2020-05-27 00:00:00,1746,1549.295612244898,1850.1180956566072,1544.5222,1622.1145353738139
2020-05-27 01:00:00,1359,1306.192074829932,1332.647842751008,1219.3938,1269.4068788092975
2020-05-27 02:00:00,1443,1319.408673469388,1434.1688156382722,1433.4595,1405.12410860504
2020-05-27 03:00:00,965,1212.7954761904764,1249.875988195673,1239.4242,1235.3799632645062
2020-05-27 04:00:00,708,682.4764285714286,733.5227392894587,591.46625,649.7329157445188
2020-05-27 05:00:00,1519,1375.3423809523806,1459.4333219272883,1441.8636,1429.625749450386
2020-05-27 06:00:00,2440,2525.9467006802715,2655.2533973526183,2592.306,2591.452978609785
2020-05-27 07:00:00,3619,3438.612400438435,3613.339253457032,3458.9924,3492.484129294179
2020-05-27 08:00:00,4123,4004.4583843537407,4052.5829202565124,4097.4697,4062.9951894338133
2020-05-27 09:00:00,4248,4077.7307312925172,4221.336956852534,4162.049,4155.791336098762
2020-05-27 10:00:00,4143,3888.7346258503403,4128.424897916027,3963.8047,3986.192224691592
2020-05-27 11:00:00,4202,3833.8299624060155,4095.522135834041,3903.7825,3934.2292599115767
2020-05-27 12:00:00,4223,3844.214285714286,4050.0318320989254,3942.2808,3944.7019103126777
2020-05-27 13:00:00,4214,3800.1545918367356,4062.9551386495764,3942.1008,3936.8278476606406
2020-05-27 14:00:00,4211,3784.911360544218,3937.9672921008823,3892.4126,3876.9259619894
2020-05-27 15:00:00,3968,3819.89568027211,3859.7012786142254,3872.959,3856.378731909084
2020-05-27 16:00:00,3934,3762.8718606581397,3766.3654993511623,3823.0894,3793.8540177367004
2020-05-27 17:00:00,4263,3908.6081686358757,3987.8352684506895,3875.4324,3911.827045795079
2020-05-27 18:00:00,4865,4327.971292517007,4378.802780611485,4252.6743,4303.0306764852485
2020-05-27 19:00:00,5171,4935.493752834467,4784.653357776428,4814.459,4837.266269840224
2020-05-27 20:00:00,4918,4595.834285714285,4566.0320900548295,4458.0044,4519.468791207903
2020-05-27 21:00:00,3924,4121.020340136054,3873.5258240498074,3675.434,3836.3535820620905
2020-05-27 22:00:00,3428,3373.9674829931973,3476.7036633158814,3415.062,3420.198792436645
2020-05-27 23:00:00,2732,2645.245238095238,2523.1210786924803,2419.7673,2501.975246189117
2020-05-28 00:00:00,1942,1727.2891865079368,1854.6110965603016,1806.1157,1798.5329320951846
2020-05-28 01:00:00,1586,1380.0523809523809,1341.2044719719993,1278.8575,1319.7429852037512
2020-05-28 02:00:00,1821,1436.8742517006804,1512.3212526742946,1447.6943,1461.1460440624937
2020-05-28 03:00:00,1750,1231.747380952381,1341.7148773137621,1250.9847,1268.8579351720045
2020-05-28 04:00:00,1138,1093.25606292517,1042.104252033467,1075.0206,1071.3503936810655
2020-05-28 05:00:00,1522,1319.7242857142855,1335.3123337417742,1301.3579,1314.4381099421398
2020-05-28 06:00:00,2659,2497.2728571428574,2373.6037130778764,2301.2612,2368.3497577895587
2020-05-28 07:00:00,3895,3666.5699546485257,3838.9027279544316,3813.168,3782.9521550257396
2020-05-28 08:00:00,4344,4022.430487528344,4224.649645626884,4102.8027,4113.171400476307
2020-05-28 09:00:00,4257,4197.3773129251695,4396.481989073021,4231.499,4264.214337218298
2020-05-28 10:00:00,4151,3908.173707482993,4047.5356778625714,4006.1372,3991.995949852016
2020-05-28 11:00:00,4023,3886.922853562478,4073.1922000228287,4001.4915,3990.774490935389
2020-05-28 12:00:00,4280,3809.865784103116,4000.4289977374547,4040.485,3972.81624917108
2020-05-28 13:00:00,4246,3904.5722448979586,4139.182107288615,3875.9204,3948.8987931247684
2020-05-28 14:00:00,4120,3893.198843537415,4096.318277890587,4036.483,4015.6207354351254
2020-05-28 15:00:00,3810,3848.7885678481907,3795.1222160746743,3849.5764,3835.765903988529
2020-05-28 16:00:00,3783,3650.148843537415,3537.7042156557145,3600.0933,3597.0098956576576
2020-05-28 17:00:00,4052,3813.938435374149,3809.164665985414,3877.6235,3844.587542918016
2020-05-28 18:00:00,4480,4248.783741496598,4406.152422496668,4263.761,4295.614656232691
2020-05-28 19:00:00,5066,4575.672335600906,4615.978374164764,4528.4097,4562.117511425793
2020-05-28 20:00:00,4966,5040.891609977323,4842.303828890842,4970.473,4956.0354319826665
2020-05-28 21:00:00,4063,4265.8001020408165,4023.031977108477,3976.975,4060.6955686154483
2020-05-28 22:00:00,3545,3558.204387755102,3650.916074156148,3470.854,3537.7071174309376
2020-05-28 23:00:00,2656,2844.1833333333334,2620.643515751451,2549.905,2641.1592269196335
2020-05-29 00:00:00,1909,1791.1767942176868,1991.4351293148252,1779.1296,1835.2178002190656
2020-05-29 01:00:00,1569,1485.6662519623233,1458.6315803326206,1467.2394,1469.6941480151422
2020-05-29 02:00:00,1735,1503.2316666666666,1738.9131797586756,1601.8962,1611.4843317235232
2020-05-29 03:00:00,1574,1454.2932312925168,1578.967729937054,1558.5109,1537.570672436299
2020-05-29 04:00:00,1026,1124.9322789115647,1298.1692748777841,1156.6459,1184.098325459056
2020-05-29 05:00:00,1462,1445.2783333333334,1438.9053728376998,1389.4847,1415.788297148227
2020-05-29 06:00:00,3125,2530.262551020409,2592.66471606557,2469.6675,2515.56555700587
2020-05-29 07:00:00,3744,3805.0855328798184,4260.8824839301915,4116.99,4074.9871213900024
2020-05-29 08:00:00,4502,4216.587857142857,4248.255560179935,4220.962,4226.691811361948
2020-05-29 09:00:00,4668,4316.466893424035,4527.422042658828,4424.553,4423.24884534884
2020-05-29 10:00:00,4384,4171.8844727891155,4247.642106929131,4205.7427,4207.752982820187
2020-05-29 11:00:00,4101,3994.7999999999993,3934.33970821248,3919.78,3942.174941701557
2020-05-29 12:00:00,4317,3951.2875814536337,4017.7343783503593,4067.2048,4025.8579069431858
2020-05-29 13:00:00,4180,3994.259965986394,4152.846597407528,3921.8071,3997.6802053016054
2020-05-29 14:00:00,3963,3883.375132474042,4085.35080178557,3961.436,3972.899501143028
2020-05-29 15:00:00,3881,3756.5281006086643,3800.600020264217,3698.1519,3738.3579579525954
2020-05-29 16:00:00,3878,3746.1723469387757,3692.142681852264,3747.0566,3733.10707751026
2020-05-29 17:00:00,4175,3745.313231292517,3927.180719672251,3874.0159,3855.1314223115046
2020-05-29 18:00:00,4759,4274.820816326532,4470.547119758868,4234.762,4303.723087536975
2020-05-29 19:00:00,5266,4726.4139909297055,4666.35732211009,4743.562,4719.973834119324
2020-05-29 20:00:00,5258,4753.519365079365,4754.127554875323,4795.7017,4774.762560066797
2020-05-29 21:00:00,4441,4195.451904761905,3951.401530924271,3944.2402,4008.833476109044
2020-05-29 22:00:00,3794,3681.920204081633,3635.37006369868,3501.832,3580.2385825700785
2020-05-29 23:00:00,2997,2808.3137074829933,2723.4021173317587,2643.7136,2704.7857677271254
2020-05-30 00:00:00,2129,1951.0729931972787,2093.6935322773247,1934.3964,1978.3898125209946
2020-05-30 01:00:00,1454,1598.7519047619046,1642.905428042719,1526.5187,1573.673671580062
2020-05-30 02:00:00,1758,1541.1504081632654,1566.8135767279664,1469.3232,1511.652617316558
2020-05-30 03:00:00,1647,1506.9514965986396,1578.112847829672,1552.9237,1547.7279391344216
2020-05-30 04:00:00,1165,1075.3660827664394,1241.576898944728,1234.8379,1196.654690740292
2020-05-30 05:00:00,1260,1161.6782993197278,1332.2741059714722,1226.4459,1236.7110627485813
2020-05-30 06:00:00,1921,1581.021496598639,1681.8189439392565,1639.2958,1635.3579983180675
2020-05-30 07:00:00,2619,2747.6705102040814,2753.5669656394343,2499.7537,2625.1862000155666
2020-05-30 08:00:00,3827,3745.259353741497,3807.4392327859077,4031.3694,3903.8593390146634
2020-05-30 09:00:00,4830,4240.104603174604,4297.2657786804475,4255.376,4262.030583745012
2020-05-30 10:00:00,4967,4392.2412471655325,4587.760663006631,4503.5674,4496.784168949291
2020-05-30 11:00:00,4899,4277.535379818594,4277.422554298798,4228.283,4252.881085091848
2020-05-30 12:00:00,4745,4167.844217687075,4167.994578274273,4073.8015,4120.860455826274
2020-05-30 13:00:00,4610,4084.8379591836742,4122.880334092785,4026.77,4065.3145830847398
2020-05-30 14:00:00,4327,4018.303333333334,3948.318999508056,3910.7761,3947.043644733785
2020-05-30 15:00:00,4342,3960.8873129251697,3854.214437022231,3802.7498,3855.1503154165375
2020-05-30 16:00:00,4222,4026.2984013605446,3971.6222168560944,3977.1714,3988.0658479135345
2020-05-30 17:00:00,4454,4011.702244897959,4258.346024109137,4105.3086,4120.166364126774
2020-05-30 18:00:00,4820,4499.504047619048,4491.841237982911,4154.5015,4325.087053822364
2020-05-30 19:00:00,5010,4727.887936507937,4509.988356287343,4367.753,4493.34553804257
2020-05-30 20:00:00,4818,4668.322936507936,4456.520190952218,4267.005,4414.713223271288
2020-05-30 21:00:00,3657,4116.143503401361,4029.379551025418,3817.3738,3945.0676532551324
2020-05-30 22:00:00,3184,3483.2068027210885,3319.609976701249,3157.143,3279.2757280587093
2020-05-30 23:00:00,2892,2722.0338435374147,2739.911578162585,2539.1106,2635.0416532765626
2020-05-31 00:00:00,2361,1966.6404931972793,2313.1805212588883,2111.7393,2125.824882520292
2020-05-31 01:00:00,1657,1593.4967346938777,1629.0489722386862,1518.5889,1564.930860326891
2020-05-31 02:00:00,1806,1572.2175170068026,1645.308879823665,1487.3976,1548.0803907115233
2020-05-31 03:00:00,1614,1487.657108843537,1558.822969679296,1572.6721,1547.9560792010207
2020-05-31 04:00:00,1096,1281.4504761904764,1336.8998898082907,1320.881,1315.028082222348
2020-05-31 05:00:00,843,1149.1234353741495,1235.0177195405288,1068.4126,1130.2415875567945
2020-05-31 06:00:00,1333,1445.6402380952381,1515.6477704147517,1531.1515,1505.8977467564036
2020-05-31 07:00:00,1506,1842.0748809523805,2021.2225471014356,1890.6326,1911.1406411931416
2020-05-31 08:00:00,2903,2552.1023469387756,2586.877969839826,2499.7437,2534.6169053665253
2020-05-31 09:00:00,4326,4005.4782993197273,4067.642491245466,4071.0652,4053.812790414736
2020-05-31 10:00:00,4707,4313.105952380953,4560.784211098539,4360.914,4398.929572119873
2020-05-31 11:00:00,4733,4290.134342403629,4485.208286849976,4271.3584,4329.514856532151
2020-05-31 12:00:00,4594,4202.648265306123,4205.426346363293,4002.2083,4103.122778893917
2020-05-31 13:00:00,4315,4096.687448979592,4114.2956261872305,4009.7454,4057.6184494557683
2020-05-31 14:00:00,3899,3936.1038775510206,3954.4909137013096,3928.269,3936.7832192974574
2020-05-31 15:00:00,3791,3841.7174319727897,3611.995037897502,3671.365,3699.1106125847605
2020-05-31 16:00:00,3452,3781.2535034013613,3516.474836295235,3599.4927,3624.178422814774
2020-05-31 17:00:00,3538,3630.1088435374145,3552.7825209136986,3517.5295,3554.4876116205905
2020-05-31 18:00:00,3911,3880.1634353741497,3658.3020685361244,3779.4822,3774.357464844756
2020-05-31 19:00:00,4143,4196.693027210885,4274.794724879541,4183.094,4209.419057163232
2020-05-31 20:00:00,4575,4215.572142857141,4384.43092344737,4175.585,4237.793247044878
2020-05-31 21:00:00,3745,3988.280595238095,3876.2913746032023,3962.718,3947.502001249387
2020-05-31 22:00:00,3155,3158.187363945578,2812.144179182794,2868.047,2926.6064453524054
2020-05-31 23:00:00,2561,2642.600952380953,2500.027930565802,2435.889,2503.6016787445014
2020-06-01 00:00:00,1974,1746.8399206349204,1906.4663095277085,1769.6368,1798.1449779508134
2020-06-01 01:00:00,1624,1414.6765410779694,1490.4534660121103,1402.966,1427.7654729639262
2020-06-01 02:00:00,1616,1531.345714285714,1583.2391020575471,1580.6107,1568.951562972534
2020-06-01 03:00:00,1295,1362.3361904761905,1379.8693476937458,1545.2753,1458.1890188198279
2020-06-01 04:00:00,481,923.8315816326531,908.3499832877037,911.2755,913.6831475777454
2020-06-01 05:00:00,979,1146.8666666666668,1145.5914903224032,1109.8412,1128.0351325089862
2020-06-01 06:00:00,1178,2347.5509431045143,2116.325510706506,2445.089,2338.5136691168177
2020-06-01 07:00:00,1602,2389.767925170068,2318.626190228053,2456.181,2405.188982951093
2020-06-01 08:00:00,3226,2767.3672918132775,2883.6852763654592,2789.9548,2807.7405590368717
2020-06-01 09:00:00,4227,4056.295873015873,4079.1598866932927,4029.1921,4048.460009263229
2020-06-01 10:00:00,4773,4211.142551020408,4464.639386266915,4196.547,4267.218921821831
2020-06-01 11:00:00,4849,4371.551530612245,4479.987867194272,4354.3525,4390.06111898288
2020-06-01 12:00:00,4870,4275.389387755102,4224.218801067929,4048.3574,4149.080758143258
2020-06-01 13:00:00,4956,4114.719149659864,4096.994895311939,3940.8213,4023.3391557742007
2020-06-01 14:00:00,4434,4107.125221088436,3929.385297884833,3860.1333,3939.1942801339424
2020-06-01 15:00:00,4114,3949.229642857143,3868.4885490546967,3855.703,3882.2809884076473
2020-06-01 16:00:00,3820,3839.057581453634,3828.9510477860144,3939.3672,3886.685751059912
2020-06-01 17:00:00,3945,3816.1829365079357,3829.7932218682154,3909.2046,3866.0963345159125
2020-06-01 18:00:00,4663,4122.666666666666,4071.933258134626,3985.539,4041.419512450323
2020-06-01 19:00:00,5386,4627.917619047619,4885.415331991823,4789.948,4773.307358853611
2020-06-01 20:00:00,5412,4958.728820861677,4805.481809164454,4911.102,4896.603682897157
2020-06-01 21:00:00,4642,4177.7814285714285,4035.4767245472963,3961.0188,4033.8239376937436
2020-06-01 22:00:00,3966,3635.5639285714287,3712.8918597682987,3585.1277,3629.6777898583696
2020-06-01 23:00:00,2828,2903.3347619047618,2892.8867865651496,3030.5835,2964.347135164353
2020-06-02 00:00:00,1945,1817.047210884354,2027.1183476399822,1837.4336,1879.758186506084
2020-06-02 01:00:00,1578,1410.3228911564624,1377.9582525910937,1312.5372,1353.3389016595452
2020-06-02 02:00:00,1780,1504.9140476190478,1587.247188601295,1483.0896,1514.5851088597733
2020-06-02 03:00:00,1661,1429.92037414966,1562.9981759009852,1454.3629,1475.4110950321924
2020-06-02 04:00:00,1172,1055.397993197279,977.1835249480964,1063.041,1039.6658873488439
2020-06-02 05:00:00,1678,1288.0285714285715,1274.5467581259236,1215.2068,1248.2472259433112
2020-06-02 06:00:00,2601,2538.258560090703,2768.4378448427256,2761.8203,2707.5842574833573
2020-06-02 07:00:00,3718,3734.0550680272113,3889.3187545307374,4000.598,3906.1424058348
2020-06-02 08:00:00,4650,4133.392380952381,4026.52046136114,3999.5042,4039.7302857736927
2020-06-02 09:00:00,4799,4294.425430839003,4485.502332222903,4372.513,4381.238532562351
2020-06-02 10:00:00,4855,4342.940459183674,4305.101184848271,4213.0884,4268.5546004611115
2020-06-02 11:00:00,4666,4180.744234693878,4217.911964023025,4034.0159,4116.671984249539
2020-06-02 12:00:00,4628,4257.536814058958,4196.908028477475,3997.963,4112.592655946608
2020-06-02 13:00:00,4389,4222.222857142857,4258.571263281583,4168.841,4204.61894026236
2020-06-02 14:00:00,4331,4025.428333333334,4201.812774750419,4038.971,4076.2957506537505
2020-06-02 15:00:00,4174,4073.103044217687,4131.113095169399,4100.993,4101.550616878021
2020-06-02 16:00:00,4186,3936.6360714285715,3992.815330411041,4077.135,4020.9303553427158
2020-06-02 17:00:00,4475,4014.0772619047616,4306.0143132291605,4178.591,4169.31830393973
2020-06-02 18:00:00,5164,4620.7443083900225,4779.654360924495,4453.39,4576.794735688005
2020-06-02 19:00:00,5807,5168.149229024943,5223.037789168314,5272.91,5234.251832673314
2020-06-02 20:00:00,5864,5202.551201814059,5116.184055055353,5223.6714,5191.519507576728
2020-06-02 21:00:00,4858,4568.108911564626,4254.614180480186,4136.599,4273.980333558078
2020-06-02 22:00:00,3953,4123.459506802721,3903.472908397848,3760.131,3886.7986555579546
2020-06-02 23:00:00,2817,3006.884557823129,2877.0484800237127,2951.427,2946.696760438273
2020-06-03 00:00:00,1674,1892.9178911564627,2010.1267439262615,1898.8816,1925.2019546691185
2020-06-03 01:00:00,1446,1558.185272108844,1468.5252210984747,1429.252,1471.3035998643297
2020-06-03 02:00:00,1660,1604.3279251700678,1718.9459534426567,1630.3513,1645.9941288328687
2020-06-03 03:00:00,1425,1465.100510204082,1432.2472901099554,1558.6339,1503.6539056449155
2020-06-03 04:00:00,1054,1203.011768707483,1088.769132898695,1092.3768,1119.1336409288883
2020-06-03 05:00:00,1933,1536.0144217687073,1643.7515260592106,1575.6136,1582.7483106874483
2020-06-03 06:00:00,2803,2734.6016666666665,3061.3711604065315,2820.48,2859.2331970026744
2020-06-03 07:00:00,3715,3975.287704081633,4081.6781575441723,4103.098,4065.7905376720764
2020-06-03 08:00:00,4481,4161.052619047619,4142.681641649699,4086.1694,4119.0182819712045
2020-06-03 09:00:00,4481,4354.746009070294,4510.298421599842,4455.3555,4443.938842042534
2020-06-03 10:00:00,4232,4143.456632653061,4291.542455673538,4201.952,4209.7258463004
2020-06-03 11:00:00,4110,3955.0740646258505,4115.260185235598,3965.7324,4000.4497734028623
2020-06-03 12:00:00,4162,3914.798941997852,4121.524566073631,4003.3264,4010.7440850256835
2020-06-03 13:00:00,4112,3906.2800340136055,4172.620431868753,3921.7363,3980.5932805330895
2020-06-03 14:00:00,3884,3896.507649480845,3984.459629805041,3955.9773,3948.230467282409
2020-06-03 15:00:00,3759,3790.29962585034,3706.875679709148,3733.1987,3740.893191624247
2020-06-03 16:00:00,3566,3751.9147247990113,3601.987221039584,3713.817,3695.383933725274
2020-06-03 17:00:00,3719,3789.3837414965988,3523.1143808985707,3679.0227,3667.6358831378548
2020-06-03 18:00:00,3808,4097.463163265306,3834.762828296693,3881.4417,3923.7773230858124
2020-06-03 19:00:00,4697,4080.482993197278,3904.2318673665222,3995.5999,3993.9786418987624
2020-06-03 20:00:00,4620,4753.068877551021,4740.5407921743645,4800.5244,4773.664624462596
2020-06-03 21:00:00,4166,4369.339047619048,4291.559597389919,4300.9307,4315.689993283491
2020-06-03 22:00:00,3591,3606.4645238095236,3743.9570252581407,3692.801,3684.005899962229
2020-06-03 23:00:00,2924,2932.172755102041,2601.927520920496,2663.6643,2715.3572223259466
2020-06-04 00:00:00,2043,1819.137545351474,1873.4628707427555,1897.0867,1871.6934389844948
2020-06-04 01:00:00,1649,1465.632358534323,1454.427685834325,1441.6886,1450.8593104085683
2020-06-04 02:00:00,1580,1610.0903061224487,1769.1979177890385,1590.1185,1639.8813211145905
2020-06-04 03:00:00,1364,1485.5397619047617,1621.17031196284,1540.678,1547.016507724713
2020-06-04 04:00:00,786,1067.1564134542703,1114.007300081904,1035.3893,1062.9855694973248
2020-06-04 05:00:00,1661,1490.4030272108844,1625.7002749655292,1517.6232,1537.8374100167596
2020-06-04 06:00:00,2614,2652.1754081632657,2864.740776499603,2790.0364,2774.2472346422796
2020-06-04 07:00:00,3198,3792.067885487529,3810.6422058435414,3604.5747,3702.964876348393
2020-06-04 08:00:00,3718,3844.489075963718,3697.7262056793147,3588.797,3679.9523799810704
2020-06-04 09:00:00,3619,3809.923571428571,3831.606194412019,3791.215,3805.98998540546
2020-06-04 10:00:00,3675,3468.6997369608653,3493.736510064466,3447.3623,3464.2902141000827
2020-06-04 11:00:00,3597,3536.682840136055,3504.73319087129,3380.082,3450.3950233768364
2020-06-04 12:00:00,3604,3452.4136842105263,3414.5458381001818,3351.6765,3392.5781374136145
2020-06-04 13:00:00,3529,3457.436974335188,3385.038944520651,3356.8682,3389.0530617452096
2020-06-04 14:00:00,3177,3389.1551586998435,3351.9097198823365,3271.6775,3321.1049647627324
2020-06-04 15:00:00,3067,3110.688043978422,3079.6803447668844,2984.832,3040.0081128113266
2020-06-04 16:00:00,2939,3092.301637454025,3022.4870480499753,2957.1365,3007.2654086806874
2020-06-04 17:00:00,3038,3084.8430187074828,2982.986891049492,2950.9224,2992.4186590798686
2020-06-04 18:00:00,3311,3306.5411688311688,3243.1300954646263,3190.817,3232.826263339574
2020-06-04 19:00:00,2930,3588.6275463821894,3417.2798551058168,3470.1648,3486.559247832939
2020-06-04 20:00:00,3245,2882.1664625850335,2854.5218966565976,2801.0068,2834.6755077791577
2020-06-04 21:00:00,2747,3116.5057460068665,3214.3790010411244,3072.0076,3118.724970941685
2020-06-04 22:00:00,2271,2620.734081632653,2617.0796269074635,2623.681,2621.293881236592
2020-06-04 23:00:00,2040,2277.6107482993198,2160.4290176240984,2238.1433,2228.581596754292
2020-06-05 00:00:00,2015,1675.0207305530907,1799.9319465864198,1721.2655,1729.3709207497213
2020-06-05 01:00:00,1363,1622.7569047619047,1594.138202609647,1603.573,1606.0102758663254
2020-06-05 02:00:00,354,1360.3645238095237,1380.3321281376925,1230.7844,1300.5663749008665
2020-06-05 03:00:00,448,1090.6479931972788,1123.627204443498,972.61475,1039.876172457069
2020-06-05 04:00:00,835,877.8016295609152,872.1777790339415,784.50977,829.7497349612142
2020-06-05 05:00:00,1402,1425.106337868481,1513.2709095001114,1381.8884,1425.5385257093355
2020-06-05 06:00:00,2139,2391.820011337868,2517.7658847657285,2350.4192,2402.6060687524614
2020-06-05 07:00:00,3345,3383.910140486498,3388.2078556734496,3406.8755,3396.467243180612
2020-06-05 08:00:00,4102,3852.136004535147,3789.225168910291,3704.039,3762.3598246113597
2020-06-05 09:00:00,4038,4014.2107709750567,4038.1314841647813,4013.6282,4019.899650699022
2020-06-05 10:00:00,3806,3780.97850877193,3852.4120226030777,3882.834,3849.764625031252
2020-06-05 11:00:00,3749,3529.5261984282147,3595.2174081629714,3657.1548,3609.7632942259215
2020-06-05 12:00:00,3648,3522.2765419143066,3570.627109464644,3581.993,3564.222372805675
2020-06-05 13:00:00,3562,3429.645647868976,3498.715933110443,3404.89,3434.5353415339173
2020-06-05 14:00:00,3214,3301.079734363144,3408.7167005581136,3316.7737,3335.835949550627
2020-06-05 15:00:00,3040,3048.74401317849,3032.4263428430504,3058.143,3049.3641222085103
2020-06-05 16:00:00,3093,2927.7532092837137,2918.974474789986,2904.713,2914.038366330925
2020-06-05 17:00:00,3271,3064.772993197279,3128.4024065661474,3067.5208,3082.054225917419
2020-06-05 18:00:00,3387,3304.0640306122446,3298.437272169922,3209.5293,3255.3899741330415
2020-06-05 19:00:00,3368,3332.1274005756154,3248.0716521401782,3176.487,3233.293293452386
2020-06-05 20:00:00,3142,3176.6933333333336,3139.0809243349395,3074.6838,3116.2854833623805
2020-06-05 21:00:00,2457,2830.8887074829936,2662.1137497942027,2554.8303,2650.6657754521116
2020-06-05 22:00:00,2396,2347.9347845804996,2281.870407973498,2164.101,2239.5018352478746
2020-06-05 23:00:00,2176,2180.7361224489796,2208.2523736310613,2029.2411,2111.867668453604
2020-06-06 00:00:00,1865,1792.1563945578232,1859.3249892924675,1940.7076,1883.2241667633539
2020-06-06 01:00:00,1626,1491.7909693877555,1395.0788767725103,1440.4679,1441.9514092939726
2020-06-06 02:00:00,877,1199.268605442177,1298.1178167119074,1450.5864,1349.639818429146
2020-06-06 03:00:00,422,1036.8313038548752,1071.1561965705341,1051.2094,1052.601550399321
2020-06-06 04:00:00,868,849.436933106576,910.2993946958509,827.3761,853.622131267013
2020-06-06 05:00:00,799,1140.4960884353745,1265.3603611640765,1258.0289,1230.478577731894
2020-06-06 06:00:00,852,1409.4748979591834,1593.6553084741997,1512.5853,1507.0752151825645
2020-06-06 07:00:00,1601,1881.7925396825399,1818.0189119602137,1558.2063,1704.056012324751
2020-06-06 08:00:00,3023,2783.3653741496596,2897.6647539285746,2890.9458,2865.7304324101833
2020-06-06 09:00:00,4234,3933.712891156463,3913.678621216091,3902.627,3913.161354655638
2020-06-06 10:00:00,4299,4208.779829931973,4148.945804700718,4140.1597,4159.511242642548
2020-06-06 11:00:00,4083,3969.267551020408,3885.228004715139,3879.072,3903.159899676074
2020-06-06 12:00:00,4071,3840.9208557107054,3805.1277521204597,3804.244,3813.634100199979
2020-06-06 13:00:00,4078,3812.0040529896164,3754.886558224174,3787.6248,3785.535030733135
2020-06-06 14:00:00,3671,3736.3480495882563,3803.4687275216893,3746.7578,3758.3331005274863
2020-06-06 15:00:00,3246,3452.0656676207072,3376.5388836358875,3462.1138,3438.2080225797736
2020-06-06 16:00:00,3084,3092.0737489051558,3087.7030394851317,3115.9912,3102.9398025663218
2020-06-06 17:00:00,3163,3160.0985714285707,3165.8525957561733,3081.1829,3122.0792224602483
2020-06-06 18:00:00,3107,3272.820918367346,3223.1222005319673,3241.6018,3244.7866830451408
2020-06-06 19:00:00,3100,3141.3364285714283,3069.4312566124117,3051.7246,3078.55422598346
2020-06-06 20:00:00,2977,2984.8232016730135,2953.7350889129148,2867.4897,2918.384445693357
2020-06-06 21:00:00,2383,2604.49097505669,2704.0209364379803,2543.9602,2599.10808041273
2020-06-06 22:00:00,2068,2139.636360544218,2206.773034710152,2140.8315,2157.0181202979675
2020-06-06 23:00:00,2107,1991.6580952380955,2088.667316104904,2094.032,2067.0973440466873
2020-06-07 00:00:00,2182,1828.1873469387756,1905.1693417344643,1928.876,1897.77716044956
2020-06-07 01:00:00,1852,1546.2664965986394,1591.448217816122,1511.8376,1540.3475018458778
2020-06-07 02:00:00,535,1276.414319727891,1346.158930292111,1184.0386,1247.6625996143755
2020-06-07 03:00:00,568,1000.2879761904763,1155.5778869191358,1026.2657,1052.0993393125593
2020-06-07 04:00:00,658,867.5857823129253,970.7795162463643,862.4025,890.7925880675568
2020-06-07 05:00:00,752,701.961343537415,718.6768921158133,607.8587,659.0889107199478
2020-06-07 06:00:00,770,994.9345238095239,1038.1639426002234,993.97797,1005.2635997567337
2020-06-07 07:00:00,1243,1279.034149659864,1301.1459977541158,1202.7773,1246.4337087284948
2020-06-07 08:00:00,2499,2400.207959183673,2239.4174293644014,2369.8555,2344.8340815120187
2020-06-07 09:00:00,3594,3531.09537414966,3544.15198044119,3494.7742,3516.19892360865
2020-06-07 10:00:00,4179,3958.40006802721,3978.714641575647,3992.3728,3980.465078767902
2020-06-07 11:00:00,4236,4029.1625510204076,4123.119456933377,4087.2944,4081.7177187853213
2020-06-07 12:00:00,4269,3886.599727891157,4079.6644266861176,3893.3472,3938.2396226286937
2020-06-07 13:00:00,3879,3950.177585034014,3995.1937518998575,3843.0234,3907.854552983468
2020-06-07 14:00:00,3626,3652.0612231353416,3591.18056650509,3623.9194,3622.770164206983
2020-06-07 15:00:00,3245,3421.207261285752,3364.460518087189,3335.0112,3363.9225600776103
2020-06-07 16:00:00,3061,3037.2980200229877,2975.5389342468516,3029.9138,3018.166147747147
2020-06-07 17:00:00,3146,3022.991243842365,3215.53217806895,3144.5652,3131.9134482512663
2020-06-07 18:00:00,3664,3273.4006034671934,3358.2269827756786,3343.1738,3329.493810623218
2020-06-07 19:00:00,3548,3732.622558057705,3788.4634818513255,3748.1604,3754.35171017257
2020-06-07 20:00:00,3293,3362.683051254985,3432.4043908614417,3368.9229,3383.2332863103566
2020-06-07 21:00:00,2575,2838.489134199134,2963.426139280642,2811.8525,2856.405087901194
2020-06-07 22:00:00,2569,2350.898078231292,2242.6661296129964,2300.273,2298.527526570447
2020-06-07 23:00:00,1806,2120.031462585034,2126.953957855366,2131.8472,2127.669939094475
2020-06-08 00:00:00,836,1571.344285714286,1733.2273231176234,1539.4692,1595.8775213486024
2020-06-08 01:00:00,870,1316.8225000000002,1475.788215174417,1317.4475,1356.8764336764168
2020-06-08 02:00:00,598,922.776865079365,1178.1847951027455,948.76776,999.6242956607621
2020-06-08 03:00:00,807,755.0946938775511,778.1792714904076,612.32306,689.4800208830053
2020-06-08 04:00:00,849,835.7230728607232,753.7185033294478,724.4463,759.5835385787927
2020-06-08 05:00:00,1904,1199.074285714286,1038.3405190903936,1138.3397,1128.5235620410135
2020-06-08 06:00:00,2466,2500.439285714286,2539.228218230456,2431.6553,2475.7445127049355
2020-06-08 07:00:00,3534,3233.3863265306113,2848.167399385112,3094.0933,3067.4350623383057
2020-06-08 08:00:00,4059,3804.3533407758573,3585.291895567969,3715.1233,3704.972954593769
2020-06-08 09:00:00,4034,4041.2845643871588,3884.4927056615593,3992.557,3977.722759894992
2020-06-08 10:00:00,3727,3785.1784536891673,3909.0734873740544,3838.3997,3842.762814367368
2020-06-08 11:00:00,3526,3542.5640878169443,3603.455649615229,3551.5564,3562.2831326002306
2020-06-08 12:00:00,3700,3347.1898949084307,3411.7989032276087,3412.5613,3396.027839182447
2020-06-08 13:00:00,3302,3394.299214594929,3460.465180381934,3390.955,3409.1686378067157
2020-06-08 14:00:00,3275,3169.1029523354196,3190.1751569146677,3188.7517,3184.1953818047095
2020-06-08 15:00:00,3122,3131.8718740069,3150.3862991810092,3156.362,3148.7455735704148
2020-06-08 16:00:00,3040,3030.8663909153406,3003.290266977506,2995.514,3006.296122481024
2020-06-08 17:00:00,3146,3123.031563964316,3231.849433059789,3204.6572,3191.0488625372764
2020-06-08 18:00:00,3497,3358.555680272109,3331.905734480182,3323.117,3334.1738253677604
2020-06-08 19:00:00,3783,3647.149761904761,3711.923683183411,3733.1968,3706.366749943918
2020-06-08 20:00:00,3645,3768.301904761905,3667.717955391323,3704.4978,3711.2538664054946
2020-06-08 21:00:00,2970,3192.3944217687076,3286.945594998187,3108.6074,3174.138715129224
2020-06-08 22:00:00,2750,2630.4890816326524,2677.6222867064203,2695.0427,2674.5492043894556
2020-06-08 23:00:00,2197,2252.4107482993195,2199.2388224530623,2174.0884,2199.9565821412207
2020-06-09 00:00:00,1463,1401.8087585034016,1420.1517830062967,1439.5558,1425.2680284438309
2020-06-09 01:00:00,1363,1216.2925457875456,1201.3465461434216,1204.8088,1206.8141919280542
2020-06-09 02:00:00,1333,1187.6126020408162,1297.608199879348,1128.0798,1185.3451174722286
2020-06-09 03:00:00,962,1040.4063095238096,1099.6468130371861,982.4916,1026.2590692144677
2020-06-09 04:00:00,400,864.4807769774578,742.7354992667708,667.1034,735.3557658384009
2020-06-09 05:00:00,1423,1333.4198412698408,1418.96022888952,1328.0288,1352.1094218367152
2020-06-09 06:00:00,2417,2496.24574829932,2528.8412135184417,2420.1636,2466.3535275638155
2020-06-09 07:00:00,3443,3586.4107482993204,3477.9088447103486,3477.7048,3504.932315244605
2020-06-09 08:00:00,3989,3740.5630071119363,3700.2959070341253,3796.0425,3758.2359687708904
2020-06-09 09:00:00,4018,3889.29282969328,3964.86002416565,3841.2144,3884.1453911991075
2020-06-09 10:00:00,3847,3735.6759446638343,3720.0071966905666,3742.926,3735.3837980339126
2020-06-09 11:00:00,4189,3641.156414263577,3554.9489272907076,3573.9338,3585.9932543338837
2020-06-09 12:00:00,3856,3816.8830772308925,3763.160540794392,3753.6797,3771.850748256321
2020-06-09 13:00:00,4040,3558.244177489177,3624.5890701116173,3659.9182,3625.667418345511
2020-06-09 14:00:00,3603,3689.264784282134,3744.15435489469,3731.8464,3724.2780025676434
2020-06-09 15:00:00,3146,3395.781520820449,3408.423959814465,3392.3967,3397.249734416541
2020-06-09 16:00:00,3191,3059.202867586981,2936.0644776959216,3050.7988,3024.2162503832255
2020-06-09 17:00:00,3397,3225.8639235694277,3339.067085141594,3373.1357,3327.800623271505
2020-06-09 18:00:00,3568,3555.5309720041864,3543.5368579266888,3525.576,3537.554921349906
2020-06-09 19:00:00,3851,3680.7897789115646,3545.424552282477,3515.6704,3564.3887878766354
2020-06-09 20:00:00,3481,3761.080426716141,3792.529226582607,3788.813,3782.808907465312
2020-06-09 21:00:00,2667,3093.8359863945575,3072.1055512289813,2940.0781,3011.524446905885
2020-06-09 22:00:00,2462,2550.444880952381,2516.579103875629,2735.081,2634.2965235507527
2020-06-09 23:00:00,2109,2154.8024358974358,2105.349770458285,1996.684,2063.380031569399
2020-06-10 00:00:00,1611,1447.5602040816325,1512.4849687692688,1493.1123,1486.5674455564754
2020-06-10 01:00:00,1661,1295.2120748299321,1373.303734119402,1373.4667,1353.8622896396773
2020-06-10 02:00:00,1430,1255.1580612244898,1388.3678085221406,1351.7045,1336.7337013233764
2020-06-10 03:00:00,633,1027.6795736490883,1056.611258967518,1018.05066,1030.0980377439953
2020-06-10 04:00:00,941,739.8819387755101,716.4201188615962,698.5865,713.3687578174797
2020-06-10 05:00:00,1592,1373.0242857142857,1639.3677444791756,1605.0792,1555.6376193647716
2020-06-10 06:00:00,2375,2516.1109863945576,2484.415523801892,2434.8635,2467.563390244425
2020-06-10 07:00:00,3508,3389.656734830919,3622.7859937534718,3403.0505,3454.635950700785
2020-06-10 08:00:00,3804,3787.6084852607705,3837.0630636355068,3861.9563,3837.1460366381316
2020-06-10 09:00:00,3836,3734.1553750447542,3750.2151984088878,3764.843,3753.514152152473
2020-06-10 10:00:00,3642,3618.8907251939045,3616.437753609174,3581.9087,3599.7864654038945
2020-06-10 11:00:00,3501,3438.5414033833017,3538.5818966966262,3436.0942,3462.327944160607
2020-06-10 12:00:00,3422,3299.4266373326727,3362.2264845061454,3351.4822,3341.1543693268923
2020-06-10 13:00:00,3292,3275.0255125907183,3281.5837444505382,3253.389,3265.8467722681266
2020-06-10 14:00:00,3063,3130.4021482065123,3155.1063841902946,3093.6174,3118.1858489195142
2020-06-10 15:00:00,2868,2945.1359815269952,2982.1655118018307,2964.9033,2964.2770334884563
2020-06-10 16:00:00,2753,2877.3859544953284,2836.7687286502783,2840.3916,2848.734471567652
2020-06-10 17:00:00,2915,2887.335766426355,2966.7848193103296,2994.8223,2960.941279246671
2020-06-10 18:00:00,3095,3120.1677380952387,3172.532046076339,3142.359,3144.3543894022696
2020-06-10 19:00:00,3188,3249.1758292034765,3344.1610619368507,3322.8682,3309.7683048163317
2020-06-10 20:00:00,3115,3106.7561933709653,3108.820242284615,3104.716,3106.2521411404578
2020-06-10 21:00:00,2552,2766.6654648526073,2692.2117042740106,2609.6484,2669.5435110316544
2020-06-10 22:00:00,2326,2379.525357142857,2267.760271108829,2289.6719,2306.6573445629215
2020-06-10 23:00:00,2104,2079.2570238095236,2122.8690634998907,2047.2362,2074.1496248546973
2020-06-11 00:00:00,1661,1605.0964050235477,1789.818564864833,1751.5846,1724.5210398353765
2020-06-11 01:00:00,1596,1500.1813710099425,1474.7600164437897,1492.0365,1489.7535963751518
2020-06-11 02:00:00,1341,1345.238146258503,1411.0600521184929,1328.6942,1353.4216565278427
2020-06-11 03:00:00,649,904.0327150860345,965.1707205205541,819.67865,877.1401838528191
2020-06-11 04:00:00,745,737.7286169130408,760.028373860148,833.3468,791.1126485722034
2020-06-11 05:00:00,1144,1428.838979591837,1477.639786958807,1374.3721,1413.805726793911
2020-06-11 06:00:00,1377,2180.4288095238094,2061.458287078691,2126.7197,2123.831637431875
2020-06-11 07:00:00,1284,2239.195476190476,2298.1187553476825,2288.009,2278.3330744861023
2020-06-11 08:00:00,2319,2364.9838095238097,2343.606669914384,2421.5093,2387.9022585314233
2020-06-11 09:00:00,3245,3440.2294082315325,3441.339380845144,3477.1296,3458.9570166051067
2020-06-11 10:00:00,3831,3549.168974756569,3564.6500131138914,3675.388,3616.1487166941774
2020-06-11 11:00:00,4054,3611.644009680795,3692.485685267574,3604.5828,3628.32380557303
2020-06-11 12:00:00,4237,3728.2379329136793,3831.8462125134624,3809.7034,3794.872720927098
2020-06-11 13:00:00,3945,3776.4348809523817,3824.921213763694,3869.6216,3835.149814694644
2020-06-11 14:00:00,3855,3678.801983530254,3544.247630251361,3653.8018,3632.663282351654
2020-06-11 15:00:00,3771,3582.1259585652447,3421.6992221365804,3530.139,3516.0257531832685
2020-06-11 16:00:00,3052,3494.966414656771,3340.6122542029552,3474.491,3446.140150613369
2020-06-11 17:00:00,3171,3011.403957583033,3051.46561860145,3179.9592,3105.697008303933
2020-06-11 18:00:00,3521,3293.8320790320795,3263.48034513979,3354.9045,3316.7803765507797
2020-06-11 19:00:00,3471,3516.116479925303,3562.493848195406,3566.4885,3552.8968447254897
2020-06-11 20:00:00,3268,3301.7507287157287,3254.525314675013,3272.859,3275.4984542070606
2020-06-11 21:00:00,2652,2850.145877812664,2679.256509671188,2700.7932,2732.7472033162753
2020-06-11 22:00:00,2412,2362.0500907571964,2236.089198864349,2266.3513,2282.710481585074
2020-06-11 23:00:00,1980,1944.670074215316,1967.4999381225464,1911.5283,1933.8066632407156
2020-06-12 00:00:00,1430,1618.866054421769,1752.1150899286918,1662.0322,1673.761399368865
2020-06-12 01:00:00,1458,1404.5025170068027,1378.0451166824796,1404.4336,1397.8537052973206
2020-06-12 02:00:00,1380,1144.2977210884355,1186.2085660194705,1287.8074,1226.530258300414
2020-06-12 03:00:00,304,919.6798809523808,879.5644231271909,858.7701,879.196116303096
2020-06-12 04:00:00,811,764.6618511250654,741.9045678650441,786.3627,769.8229401967461
2020-06-12 05:00:00,1502,1326.8112925170067,1441.6578258966067,1441.2292,1412.731903626841
2020-06-12 06:00:00,2152,2222.2425765306125,2152.2770306688803,2159.1914,2173.225604924873
2020-06-12 07:00:00,2868,3252.078716031867,3300.32683256094,3277.0786,3276.640693788827
2020-06-12 08:00:00,3848,3612.3886414565827,3494.180918844785,3592.8274,3573.0560863644046
2020-06-12 09:00:00,4280,3918.3551360544225,3917.8853075377574,4018.541,3968.330618710545
2020-06-12 10:00:00,4215,4070.305072028812,4034.9989482872134,4075.7544,4064.2032023446313
2020-06-12 11:00:00,4103,3944.450578231293,4058.6747785663288,4043.525,4022.5437903712805
2020-06-12 12:00:00,3881,3895.0213909774443,3996.293065508265,3984.4773,3965.067261582365
2020-06-12 13:00:00,3809,3689.5414965986392,3657.77573442413,3718.7534,3696.2060167400673
2020-06-12 14:00:00,3667,3564.7156394557824,3605.848529275071,3674.3303,3629.8062033155256
2020-06-12 15:00:00,3667,3474.608207268921,3493.9783238314853,3572.3638,3528.3285175407264
2020-06-12 16:00:00,3719,3509.997547056118,3530.898773666619,3597.351,3558.8996172900593
2020-06-12 17:00:00,3748,3641.0435204081627,3723.496072701675,3827.3845,3754.827159019647
2020-06-12 18:00:00,4017,3741.713486394557,3809.212654713407,3887.843,3831.6530440660536
2020-06-12 19:00:00,4024,3969.789642857143,4139.147692571765,4053.5317,4054.0002029978523
2020-06-12 20:00:00,3732,3838.5653911564623,3953.3398997507325,3885.1375,3890.545048312736
2020-06-12 21:00:00,3419,3175.599353741496,3291.7935250442856,3213.4578,3223.577101532383
2020-06-12 22:00:00,2977,2872.8709863945573,2833.9293221168014,2864.1218,2858.7609902137774
2020-06-12 23:00:00,2254,2249.048299319728,2124.462157180859,2249.0142,2217.8846942032715
2020-06-13 00:00:00,1541,1555.9311224489797,1605.1398824562068,1488.774,1534.654775152078
2020-06-13 01:00:00,1393,1437.392551020408,1420.0036237197132,1457.8461,1443.272078352999
2020-06-13 02:00:00,1479,1312.7571768707483,1319.7358324824777,1437.9009,1377.0736917914314
2020-06-13 03:00:00,1283,946.7688095238095,840.8620196963478,1082.3307,988.0730515433206
2020-06-13 04:00:00,504,889.1562130721042,881.9060052186263,798.50073,842.0159207836201
2020-06-13 05:00:00,822,1000.4341025641025,1056.0143862314992,1043.0925,1035.658386847338
2020-06-13 06:00:00,1471,1293.8203427524857,1157.0274125195642,1192.096,1208.759912450825
2020-06-13 07:00:00,2040,2017.912142857143,1921.2044499254896,1941.5588,1955.5585671409706
2020-06-13 08:00:00,3094,3256.327414965986,3381.858490253582,3350.6323,3334.862638414267
2020-06-13 09:00:00,3973,3992.9121428571443,3961.984938063246,4043.6208,4010.534695034785
2020-06-13 10:00:00,4154,4141.631020408163,4287.736775922453,4264.321,4239.502349473279
2020-06-13 11:00:00,4004,3936.417517006803,4087.3516932870098,4135.7646,4073.824626792203
2020-06-13 12:00:00,3908,3836.001127819549,3826.501389413626,3935.5208,3883.3860052848563
2020-06-13 13:00:00,3794,3747.650175438596,3696.8542497316857,3772.2827,3747.2674637144455
2020-06-13 14:00:00,3754,3621.3960523761953,3604.039894121281,3646.279,3629.4985129915567
2020-06-13 15:00:00,3590,3590.716121021835,3587.2820367261465,3626.1775,3607.588284554183
2020-06-13 16:00:00,3369,3476.6692173458014,3529.4571632312486,3512.0303,3507.5467318630126
2020-06-13 17:00:00,3381,3369.9777210884354,3541.369161078656,3481.179,3468.426198080835
2020-06-13 18:00:00,3731,3595.8787414965986,3559.8604752129677,3586.3792,3582.124379372704
2020-06-13 19:00:00,3913,3970.551904761904,3905.6969386148435,3993.327,3965.725662992624
2020-06-13 20:00:00,3825,3791.245730292117,3847.199083381006,3826.6548,3822.9385959964056
2020-06-13 21:00:00,2925,3433.200034013606,3358.9883657007967,3277.6736,3336.8838919207883
2020-06-13 22:00:00,2674,2606.869914965986,2667.2139941061982,2650.1802,2643.611065158671
2020-06-13 23:00:00,2273,2134.1238265306124,2120.8320908790765,2135.0674,2131.272670758672
2020-06-14 00:00:00,1626,1634.8646031746032,1768.3426645124398,1715.0859,1708.3447856717607
2020-06-14 01:00:00,1445,1405.773843537415,1449.195516071588,1348.0223,1387.7535093358445
2020-06-14 02:00:00,1388,1236.0575170068028,1314.9325946403246,1383.821,1329.6580503727193
2020-06-14 03:00:00,915,1087.5976190476188,1037.2161297043413,1094.279,1078.3429635551774
2020-06-14 04:00:00,405,653.1652813505067,612.8630855472567,630.40295,631.7085687752221
2020-06-14 05:00:00,938,758.477176870748,773.3680907999109,824.11487,795.018750999696
2020-06-14 06:00:00,1158,1257.0210884353742,1157.7151741481423,1181.3236,1194.345869845098
2020-06-14 07:00:00,1278,1395.2242517006805,1329.4459149327524,1320.2521,1341.2935792560145
2020-06-14 08:00:00,2267,2236.9508446712016,2214.5193733208203,2353.92,2289.8275154355056
2020-06-14 09:00:00,3450,3418.9350769781595,3500.0036248372767,3568.9558,3514.2125807272964
2020-06-14 10:00:00,3873,3945.487397959184,3932.971740809182,3801.6572,3870.4433979733412
2020-06-14 11:00:00,3881,3776.9899149659864,3801.6180216659977,3847.4033,3818.353644314246
2020-06-14 12:00:00,3753,3627.02858416646,3616.02309883738,3678.369,3649.9473689931474
2020-06-14 13:00:00,3653,3553.746532726533,3459.986311666542,3481.7373,3494.3018634420187
2020-06-14 14:00:00,3415,3413.378734345991,3382.4951390969572,3328.8508,3363.3938833997995
2020-06-14 15:00:00,3267,3188.2403458049885,3131.6361488076873,3137.7822,3148.860236934419
2020-06-14 16:00:00,2925,3035.6623467343175,2990.006152039117,3041.925,3027.379649107421
2020-06-14 17:00:00,2743,2896.935980210266,2971.8801841624763,2954.1016,2944.2548223431854
2020-06-14 18:00:00,2766,2946.429137885924,2886.9181682367366,2897.7922,2907.232944694728
2020-06-14 19:00:00,3314,2965.9022897522173,2909.9759525413033,2915.1157,2926.527421901505
2020-06-14 20:00:00,3072,3312.2812708719857,3103.3954420109003,3149.0183,3178.4283334941592
2020-06-14 21:00:00,2251,2661.0574192176873,2582.8581618787666,2502.0178,2561.987806406926
2020-06-14 22:00:00,1850,2212.847709750567,2138.0643310436326,2197.922,2186.6890697688623
2020-06-14 23:00:00,1547,1883.1034374048122,1769.9308346556381,1809.0316,1817.7743761205813
2020-06-15 00:00:00,1385,1258.4845918367346,1315.0750691873934,1413.7233,1350.2515485568133
2020-06-15 01:00:00,1177,1087.8422108843538,1165.9412761779806,1135.8635,1131.3776344608962
2020-06-15 02:00:00,844,913.22626984127,996.3328822156824,936.7151,945.7473319595506
2020-06-15 03:00:00,741,748.6056666522542,747.0836784558381,603.4873,675.6659886207731
2020-06-15 04:00:00,867,696.0678701985846,607.3117440475777,638.0866,644.8882080049
2020-06-15 05:00:00,1584,1123.5755782312924,1414.332243094678,1156.8982,1212.9260520111802
2020-06-15 06:00:00,1930,2404.276428571429,2377.542381984816,2363.7058,2377.3076079124985
2020-06-15 07:00:00,3165,3091.4713529856385,2904.8581439233562,2853.6042,2925.884498250686
2020-06-15 08:00:00,3698,3687.601107761286,3644.901028753886,3754.3955,3710.323288035043
2020-06-15 09:00:00,3728,3775.8379504851873,3756.6797343326402,3769.8943,3768.0765647591443
2020-06-15 10:00:00,3567,3558.823611111111,3526.3335385502396,3594.0378,3568.308208313775
2020-06-15 11:00:00,3370,3373.1315595850656,3364.7880605105083,3367.661,3368.310349359831
2020-06-15 12:00:00,3373,3226.382792464642,3247.4964228660447,3296.4482,3266.6939249264215
2020-06-15 13:00:00,3313,3185.286244097509,3161.1773271524903,3220.6177,3196.9247307031246
2020-06-15 14:00:00,3173,3111.538971668574,3070.219399108538,3121.0032,3105.9411796083405
2020-06-15 15:00:00,3024,2998.503127965061,2944.4389458792944,2987.8425,2979.6567831095263
2020-06-15 16:00:00,2886,2925.7635313472883,2841.78760412953,2934.6924,2909.2339752754547
2020-06-15 17:00:00,2866,2957.5796942720194,2990.982465208002,3015.356,2994.8185183856303
2020-06-15 18:00:00,2797,3016.7682316672117,3014.841267674986,2992.5857,3004.195221515237
2020-06-15 19:00:00,3563,2897.8556003561557,2963.1717494363943,2919.011,2924.7623306122
2020-06-15 20:00:00,3276,3428.085833333333,3525.420563256544,3420.6516,3448.702404811532
2020-06-15 21:00:00,2869,2757.2539209996353,2770.6456594833626,2714.175,2739.062419534812
2020-06-15 22:00:00,2717,2537.531326530612,2433.8637277986713,2551.7627,2518.7301112385708
2020-06-15 23:00:00,2296,2069.3898469387755,2007.6284991905777,2063.9417,2051.2254117276507
2020-06-16 00:00:00,1472,1500.6687930323644,1493.5693018443772,1485.598,1491.358534949654
2020-06-16 01:00:00,1581,1240.872619047619,1235.1020926793062,1210.4697,1224.2285412129813
2020-06-16 02:00:00,1242,1243.03900837258,1354.9273919751859,1349.5793,1324.281272938504
2020-06-16 03:00:00,672,864.3460121227979,770.8261619163495,652.4286,735.0073379433807
2020-06-16 04:00:00,776,692.4495878351341,693.0571108089038,742.806,717.7796897977282
2020-06-16 05:00:00,1497,1381.2337414965987,1435.348552792704,1425.6962,1416.9936570684195
2020-06-16 06:00:00,2285,2284.3467453237704,2216.196319695859,2199.0598,2224.6656734814696
2020-06-16 07:00:00,3003,3278.108719206681,3244.8194138171425,3267.3486,3264.4063496622057
2020-06-16 08:00:00,3559,3437.770982054002,3464.705755314405,3468.5986,3459.918500748352
2020-06-16 09:00:00,3672,3556.806098553982,3668.7949064895024,3542.8735,3577.8370188389963
2020-06-16 10:00:00,3792,3485.0934286090355,3498.0961883240525,3499.4414,3495.518107358272
2020-06-16 11:00:00,3629,3550.3483393279303,3513.933034768254,3524.9001,3528.5204167662337
2020-06-16 12:00:00,3554,3419.5492070231358,3422.54956189032,3371.92,3396.484653165864
2020-06-16 13:00:00,3387,3363.628216786605,3351.726983538719,3302.1338,3329.905694612581
2020-06-16 14:00:00,2980,3154.698545918367,3041.7777566103014,3076.338,3087.288020944667
2020-06-16 15:00:00,2894,2872.4678108962257,2712.6263258386493,2780.7708,2786.6589101602813
2020-06-16 16:00:00,2828,2792.563446928194,2716.138461212115,2762.738,2758.5444955897647
2020-06-16 17:00:00,2997,2866.9279705886574,2861.4825271295267,2914.8618,2889.5335326326713
2020-06-16 18:00:00,3159,3127.330969602032,3098.832596011196,3050.1597,3081.620725387682
2020-06-16 19:00:00,3216,3300.910533546752,3247.330322870342,3263.2231,3268.6717863698987
2020-06-16 20:00:00,2885,3076.2624691074034,3075.1375979953746,3061.6743,3068.6871749788197
2020-06-16 21:00:00,2501,2536.738367346939,2541.7999518150905,2562.0042,2550.63665498582
2020-06-16 22:00:00,2486,2329.792969187675,2249.081940640796,2267.699,2278.5682147618054
2020-06-16 23:00:00,2179,2105.6801043083906,2085.0625669026067,2069.4155,2082.3934314746243
2020-06-17 00:00:00,1406,1473.8339909297054,1542.4181377610337,1577.3943,1542.7601757273724
2020-06-17 01:00:00,1208,1442.5240476190475,1338.1135383770006,1328.0386,1359.178683608387
2020-06-17 02:00:00,861,1163.52096047943,1272.5681235105403,1195.2592,1206.6518486342113
2020-06-17 03:00:00,690,673.6387633514945,619.7574884294388,543.7367,595.217410113202
2020-06-17 04:00:00,958,756.9301764290121,742.2431529061232,731.1689,740.3777744724557
2020-06-17 05:00:00,1722,1376.6469047619046,1310.4083815228596,1405.3181,1374.4228791883786
2020-06-17 06:00:00,2279,2477.6826939108983,2406.9191906112474,2337.1704,2389.7356762086615
2020-06-17 07:00:00,3256,3265.499496755584,3207.302881537119,3173.2524,3204.8268152763007
2020-06-17 08:00:00,3670,3622.8260853880015,3525.0104941860504,3628.349,3601.133705440388
2020-06-17 09:00:00,3639,3662.0691764584617,3623.5473174136555,3603.6047,3623.206491632092
2020-06-17 10:00:00,3541,3449.7917560465125,3458.80950195839,3455.295,3454.7977754387257
2020-06-17 11:00:00,3362,3365.80530419168,3332.492977583177,3332.1333,3340.641220834339
2020-06-17 12:00:00,3303,3183.0843095725504,3201.8430192335245,3268.8152,3230.6394249749565
2020-06-17 13:00:00,3296,3109.2200079106187,3112.9453387377807,3147.8262,3129.4544225995996
2020-06-17 14:00:00,3162,3060.327906899351,3104.489334558991,3085.383,3083.895838684898
2020-06-17 15:00:00,2947,2975.885844800806,2942.7547769152725,2977.3787,2968.349486483707
2020-06-17 16:00:00,3059,2865.7996128506284,2886.8934841270484,2873.037,2874.691828931919
2020-06-17 17:00:00,3185,3115.0688244545136,3229.7551080523913,3206.3696,3189.390797579851
2020-06-17 18:00:00,3537,3353.963901157097,3303.08708104204,3318.9155,3323.720509221659
2020-06-17 19:00:00,3363,3515.2151334776336,3558.03943755846,3432.1394,3484.383344907461
2020-06-17 20:00:00,3049,3122.9372946810918,3121.469009388635,3097.0693,3109.636243986182
2020-06-17 21:00:00,2586,2720.549489795918,2521.2825313290623,2482.782,2551.848996492183
2020-06-17 22:00:00,2261,2375.5849036281184,2269.2275236007827,2309.9116,2316.1589173541
2020-06-17 23:00:00,1929,1903.175080218085,1848.1883088192703,1855.4657,1865.5736963804325
2020-06-18 00:00:00,1423,1530.3319047619045,1394.0974209429849,1542.2031,1502.2088939262223
2020-06-18 01:00:00,1421,1259.7363265306124,1210.5399018720263,1338.8131,1286.9756122764409
2020-06-18 02:00:00,1014,1121.529603174603,1217.1716328400464,1128.4988,1148.9246986520998
2020-06-18 03:00:00,727,748.6558453171477,629.6114766993825,567.2042,628.1689423205388
2020-06-18 04:00:00,976,758.866167933449,786.734354590457,851.1278,811.9640344395702
2020-06-18 05:00:00,1393,1354.4631972789114,1312.3231781393467,1359.5381,1346.4656368233145
2020-06-18 06:00:00,2074,2128.7577097505664,1928.1390517956888,2090.342,2059.3952108943763
2020-06-18 07:00:00,3300,3046.0751540616243,2853.8371667087995,3020.2566,2985.1063760910433
2020-06-18 08:00:00,3342,3555.4790796887514,3464.9884376020113,3507.492,3508.862851002378
2020-06-18 09:00:00,3396,3276.328562558847,3170.5962859928654,3140.4177,3181.9400744426157
2020-06-18 10:00:00,3417,3197.6702206117507,3225.6374979255297,3184.7837,3198.218775337445
2020-06-18 11:00:00,3040,3198.1233890471963,3230.0882546013313,3170.51,3192.307915794944
2020-06-18 12:00:00,3174,2995.012379711413,3006.2271796186465,3031.6804,3016.1500997934522
2020-06-18 13:00:00,3141,3040.910801389819,3053.435864029846,3015.7134,3031.4433558080414
2020-06-18 14:00:00,3135,2965.7858987941077,2997.1806780043025,2970.8596,2976.171453769915
2020-06-18 15:00:00,2877,2911.266750862091,2922.8842161241705,2857.2249,2887.1501685043777
2020-06-18 16:00:00,2863,2791.2280946149895,2752.685332537151,2756.7964,2764.37655014741
2020-06-18 17:00:00,2939,2912.981080337047,2888.9881048677157,2896.2195,2898.602037512128
2020-06-18 18:00:00,2940,3083.504004037835,3033.8585104786916,3048.03,3053.355643277569
2020-06-18 19:00:00,3227,3059.9621666193,3023.080471489347,3042.5654,3042.043374370912
2020-06-18 20:00:00,3180,3133.791138709403,3023.85833247931,2987.9697,3033.3972310784284
2020-06-18 21:00:00,2832,2757.6304545454545,2610.921861552763,2642.6636,2663.4698661339294
2020-06-18 22:00:00,2561,2468.980244461421,2357.236204146983,2453.055,2433.0815779724135
2020-06-18 23:00:00,2031,2047.9340996398562,2029.5346056210892,1956.6841,1997.7092173308613
2020-06-19 00:00:00,1384,1501.0361348175636,1383.883728883698,1502.9536,1472.7067725659404
2020-06-19 01:00:00,1501,1337.0569686336069,1291.1842338892125,1329.5763,1321.8484476033611
2020-06-19 02:00:00,1337,1149.2522448979591,1262.0903432108853,1217.7457,1211.7085107967423
2020-06-19 03:00:00,786,887.2619997999201,810.8034112594306,810.5019,829.7672988097595
2020-06-19 04:00:00,942,850.2681322359163,848.217767953066,914.30634,881.7746427718549
2020-06-19 05:00:00,1663,1418.6288435374147,1385.5581021928506,1462.4402,1432.2668292060039
2020-06-19 06:00:00,2269,2334.267598639455,2254.2783018916,2305.1804,2299.7266850937012
2020-06-19 07:00:00,3551,3241.724074751602,3303.6857335481413,3312.9395,3292.822178637436
