Date,actual,naive_lag_1,linear_regression,ridge,lasso,decision_tree,knn,svr,random_forest,bagging,gradient_boosting,voting
2015-11-29,96728.68682,96729.58316,96580.66032145062,96541.25233625835,96581.10905314618,96762.8015952941,97386.73040571429,98316.20368609589,96714.46092733336,96717.57541860001,96762.98707828675,96672.90011395949
2015-11-30,96729.48952,96728.68682,96594.8407126008,96552.717584271,96595.30174415561,96762.8015952941,97401.96534571427,98279.8227332922,96705.5133292667,96709.19200339999,96763.06635001754,96673.7657545184
2015-12-01,96114.8879,96729.48952,96649.79959330437,96609.38948597704,96650.08842891395,96762.8015952941,97474.45068428572,98346.19851666587,96719.0890696,96731.94054819997,96757.56757685039,96695.34871080914
2015-12-02,95913.9429,96114.8879,96143.0809666665,96088.28709343179,96142.84849217451,96041.16163999998,96363.95013142856,99579.83620627772,96024.02563486675,96014.8936192,95999.74185442095,96037.35152757315
2015-12-03,95695.21397,95913.9429,95876.32631138858,95833.59753021588,95876.31845172864,95819.29638399999,96269.60311571429,98390.91527844085,95688.58865326668,95674.845397,95793.331715857,95771.83929977985
2015-12-04,95077.32002,95695.21397,95667.71308199226,95630.90791289032,95667.80657217388,95693.19672111109,96179.07985571427,98421.09840406293,95565.56852053337,95539.90677960002,95664.39616870602,95620.29086737656
2015-12-05,96050.35037,95077.32002,95101.95841260032,95058.49368158847,95102.01631494534,95029.21139692308,97575.15190571429,99811.83998862856,95019.7738086668,95016.18253299998,94970.33336813455,95016.20028612994
2015-12-06,96067.24025,96050.35037,95832.61494312267,95768.31543176253,95833.50036973084,96041.16163999998,99592.61582714286,101018.18192753459,96081.16512280003,96064.3171198,96164.64489299609,96004.70848251955
2015-12-07,96068.2888,96067.24025,95936.32239317974,95851.92414811418,95936.99755402068,96041.16163999998,95590.76237,98189.72474161425,96078.77080560001,96055.445997,96101.80580122716,96010.83358498046
2015-12-08,96050.54202,96068.2888,95959.67679577961,95900.0753651309,95960.26915868497,96041.16163999998,96029.79502857142,98179.02889808796,96068.27342866674,96058.70759219998,96091.95848421882,96020.10242600548
2015-12-09,96124.99147,96050.54202,95949.60801220183,95921.54189028105,95950.27156436336,96041.16163999998,96741.27704285714,98217.33679592007,96066.76504506668,96054.1916776,96059.31388222716,96015.8736058583
2015-12-10,96083.09669,96124.99147,95977.11059917524,95952.75328409999,95977.93161716203,96041.16163999998,97415.63319571428,98369.65529335139,96110.96786140003,96129.95501340002,96091.95848421882,96051.89320990628
2015-12-11,96071.05579,96083.09669,95948.49689675179,95930.23134253983,95949.3499939915,96041.16163999998,97653.42417571427,98231.84557478921,96119.06304080004,96112.35790340003,96069.07552224619,96039.45663519535
2015-12-12,95871.93171,96071.05579,95980.201052396,95970.12088609254,95980.75200450188,96041.16163999998,97038.06628428573,98216.84003555804,96116.4304157334,96078.052751,96092.25255752761,96059.60128645117
2015-12-13,95871.97875,95871.93171,95749.95622007082,95711.52697474309,95750.47313725752,95819.29638399999,95878.60384428571,98071.17062566479,95733.31419313334,95701.21965100002,95822.09644854089,95755.6458721391
2015-12-14,95873.35542,95871.97875,95756.84049254796,95723.05957343012,95757.33216101184,95819.29638399999,96509.66985857142,97919.25660793678,95793.06286693331,95767.67688040002,95838.93917907828,95785.02053981391
2015-12-15,95898.03248,95873.35542,95821.84549030852,95756.0705371815,95821.99329277598,95819.29638399999,96735.22525000002,97980.15493299147,95797.08791419996,95782.15925079997,95845.84298783404,95799.66714640516
2015-12-16,95739.64942,95898.03248,95847.031439383,95775.51347609611,95847.10494996828,95819.29638399999,96725.48360428572,97929.76255808432,95833.0665448667,95806.714319,95873.18648462955,95827.25550186413
2015-12-17,95603.57495,95739.64942,95681.99013692005,95608.41813088323,95681.98202304223,95693.19672111109,95327.46111428572,97952.95006461318,95668.1695068667,95659.38447180003,95651.86777032439,95642.8184693581
2015-12-18,95131.95044,95603.57495,95535.303012274,95428.18459164177,95535.2485116464,95550.58144375002,95128.6105557143,97826.60777487794,95582.50273733337,95606.74722500004,95566.47383964004,95525.72038953839
2015-12-19,94995.11782,95131.95044,95087.9615889526,95040.85233085384,95088.11142081817,95029.21139692308,94936.31494142857,98842.71575101891,95040.05435113345,95011.7356288,95116.93074451342,95065.94580883357
2015-12-20,94995.01046,94995.11782,94909.1747922804,94879.3114415271,94909.58767632798,95029.21139692308,94788.01753714286,98006.00759984845,94941.43148206678,94948.278881,94865.69343536384,94895.47878631925
2015-12-21,94995.35424,94995.01046,94914.09411441057,94880.47672114127,94914.51811822916,95029.21139692308,94652.16094714285,97967.70681203045,94941.2803944001,94944.5302184,94869.69758838833,94897.15156797657
2015-12-22,95876.58823,94995.35424,94954.27872174495,94916.3683626974,94954.59502935437,94973.698232,94804.2,98025.72753388403,94902.67723506676,94910.83981100004,94869.32424334875,94896.12328037096
2015-12-23,95900.12163,95876.58823,95688.7562537063,95640.8813334814,95689.5958377193,95819.29638399999,95968.31923714284,100705.57293751338,95817.19719013332,95817.53805979999,95870.6925182794,95776.2570139647
2015-12-24,96320.39679,95900.12163,95743.16399263483,95694.44889432205,95744.08358656119,95819.29638399999,96694.79414,98100.82423798995,95948.92039206668,96002.2424394,95853.12540099688,95832.16489579521
2015-12-25,95897.11616,96320.39679,96327.11960980266,96260.05336623875,96328.160118518,96565.68208581819,95659.64503714287,99453.5441065058,96520.22203806658,96555.477234,96314.76523191952,96365.01354540828
2015-12-26,95897.17881,95897.11616,96015.73126758044,95962.65948828401,96016.50630479919,96456.37829,94603.81366999999,99117.25377802576,95944.9908510666,95976.18291939999,95815.41157022095,95907.68730319053
2015-12-27,95897.29889,95897.17881,95740.88261895724,95741.57276346517,95742.05828598571,96456.37829,97169.17567285712,98326.2038344384,95996.82669379991,96019.812524,95845.94337585382,95861.44761103964
2015-12-28,95897.57178,95897.29889,96030.2015203973,95994.12997452632,96030.80398024031,95948.119398,95665.45756857144,98252.83501129401,95946.93827333329,95936.19669900001,95874.47181192384,95938.51335326115
2015-12-29,96020.60345,95897.57178,95878.09672100877,95864.3712766639,95878.57916333113,95948.119398,95683.84009142859,98006.16377102604,95861.00373293327,95857.66238639998,95899.05092252659,95874.80864404124
2015-12-30,96079.77496,96020.60345,95963.44581401898,95913.42355316058,95963.85878963296,96041.16163999998,95386.31552142858,98024.64201183512,96057.16711320005,96067.06119139999,96064.42252021312,96011.67106219125
2015-12-31,96167.66409,96079.77496,95976.56025453578,95904.32504298439,95977.1279827029,96041.16163999998,95323.54743,97933.31878543692,96112.6672248,96150.44133779997,96129.44861975238,96048.81362917891
2016-01-01,96497.40862,96167.66409,96281.70005670015,96147.28355910469,96281.69988472026,96178.1998722222,94101.84404571429,98049.33249752338,96210.12556160007,96227.97055299999,96096.09250568162,96151.16720879545
2016-01-02,96497.68799,96497.40862,96361.45134794946,96261.93988562701,96361.67947186602,96565.68208581819,94816.37149285716,98783.0800007139,96544.42977826664,96575.23986640002,96478.10797132195,96428.15921173854
2016-01-03,96553.97168,96497.68799,96377.32289483522,96268.426247758,96377.18844551482,96565.68208581819,95596.92642142858,98074.98033265365,96519.49372653326,96536.9642194,96508.00995476263,96431.97664301796
2016-01-04,96555.47278,96553.97168,96434.03438229281,96332.99575179945,96434.49679499089,96565.68208581819,96131.76441857142,98126.59413075571,96549.84763259988,96547.68553280001,96508.00995476263,96463.61777972065
2016-01-05,96546.82969,96555.47278,96476.57491675405,96418.27588827984,96477.22596249104,96565.68208581819,95131.54849714287,98145.40501871695,96545.58736873326,96556.93327120005,96516.80796848175,96493.55707516494
2016-01-06,97045.47765,96546.82969,96466.02752603209,96407.88277145677,96466.70561531531,96565.68208581819,94697.20339571428,98076.44488040282,96527.85872206662,96553.46504440004,96495.68760037013,96477.14303129785
2016-01-07,97012.55102,97045.47765,96895.3862068753,96859.1755675871,96896.0008495672,96951.64198,97123.73758571429,99583.8024232303,96626.46749880006,96639.60346439999,97023.4828217154,96836.3752960342
2016-01-08,97351.56996,97012.55102,96915.09778334631,96845.21401014322,96915.62820066861,96951.64198,96387.42311714285,98199.98786564912,96654.74900120006,96675.94332519997,96937.75780865162,96812.57360666496
2016-01-09,97337.60454,97351.56996,97208.50483409928,97142.03112102867,97208.98386425183,97134.47871,94019.50246571431,99032.10561542395,97393.3834100667,97358.2670758,97384.00715528306,97306.47389545948
2016-01-10,97814.6756,97337.60454,97204.07671115064,97140.1670520782,97204.71844923918,97134.47871,95581.55651000001,98302.67935693527,97306.36423306668,97289.70472919999,97312.57144534039,97253.03424349509
2016-01-11,97816.88112,97814.6756,97671.77071833369,97614.4324551061,97672.09892840411,97127.29621,96655.62840571429,99702.27234240896,97659.64354320004,97738.43381239999,97830.57959870421,97701.55186567013
2016-01-12,97813.76223,97816.88112,97760.88953142878,97699.78147197129,97761.22925249304,97127.29621,95521.75885857143,98628.06921145943,97664.83459693333,97698.03270320004,97923.88545521986,97762.83384137484
2016-01-13,97906.5574,97813.76223,97762.08555017624,97707.57146123043,97762.51109408573,97127.29621,95695.83962857143,98502.69595357258,97561.7470415334,97607.53340020003,97902.76508710824,97724.02786329068
2016-01-14,97892.28739,97906.5574,97796.5303595211,97736.19479175223,97797.12086917572,97127.29621,95742.69166,98539.31892611137,97778.65692746673,97724.49768580003,98029.4265808289,97848.09276668262
2016-01-15,98012.85806,97892.28739,97797.92850839836,97750.17490680731,97798.51365867812,97127.29621,95789.84075285714,98311.62452362805,97776.5660364001,97787.99136780003,98045.19756732117,97857.31283684286
2016-01-16,98072.20728,98012.85806,97901.13559274032,97841.47930998226,97901.5883707123,97974.80824,95623.8859957143,98502.58178193042,98003.5386564333,98017.65166339996,98103.90141967693,97982.97312869749
2016-01-17,97920.01007,98072.20728,97966.25048792094,97901.88834182211,97966.30131869575,98063.80228642859,95405.54113000001,98317.4083666448,97998.04422779998,98009.75683139997,98085.32399381504,97995.08552114571
2016-01-18,97920.12757,97920.01007,97848.65892870126,97768.19137073419,97848.40140435482,97508.60044,96111.97929714285,98161.55156586025,97746.27237053339,97728.16252380003,98022.61598843479,97845.69324323411
2016-01-19,97988.90607,97920.12757,97885.31018175767,97801.21409775193,97884.84852925656,97926.98264999999,95985.20497,98180.6851837929,97771.31716566673,97746.81422060002,98079.26200210188,97883.93108850684
2016-01-20,98150.6365,97988.90607,97932.8337272228,97863.41108948803,97932.4424338159,98172.09584000001,96343.7319257143,98220.03715283934,98025.76019946662,98044.41240019997,98133.61731061645,98007.59619985703
2016-01-21,98157.02592,98150.6365,98003.00120560304,97940.19183249905,98003.43799950003,98208.25645666667,95272.75666428571,98439.94420088374,98233.06118093341,98217.53829419999,98438.42713131712,98203.8933815832
2016-01-22,98318.99824,98157.02592,98011.153286356,97958.17028855762,98011.70817670428,98208.25645666667,96704.64361571429,98193.70647602875,98242.24493320007,98242.9680724,98408.7112403776,98203.04215404509
2016-01-23,98763.74084,98318.99824,98144.49430507391,98090.40155595058,98145.26933051634,98464.29019,96028.91543285715,98569.04257316535,98512.46255846665,98527.31026300004,98408.7112403776,98337.19178493162
2016-01-24,98857.32212,98763.74084,98544.07307589916,98510.67444584922,98544.55465089664,98747.80759333335,96673.56456857143,99579.04297103774,98741.28323346665,98618.460042,98693.83071664315,98648.59613198634
2016-01-25,98857.54114,98857.32212,98691.87726501985,98652.32775114264,98692.25193242003,99173.9953975,95798.76942142857,98733.5028956881,99025.2734862,98948.50037039998,98952.49476166362,98876.69866633542
2016-01-26,98913.97185,98857.54114,98745.95629380918,98700.99573112027,98746.20345769657,99173.9953975,95521.75885857143,98704.64191005786,99031.61647153334,98957.50051519998,99000.78807846503,98911.13342703955
2016-01-27,98943.874,98913.97185,98792.88619823601,98746.69777421215,98793.06808495855,99173.9953975,95190.27150857143,98695.87887338642,99157.5815854667,99115.82100639999,99000.78807846503,98968.35581271462
2016-01-28,98932.26751,98943.874,98784.6340568094,98727.59986996636,98784.89321000769,99173.9953975,95458.65776285714,98642.39043740976,99171.93305113334,99120.05163900003,99000.78807846503,98966.77366652158
2016-01-29,98899.10314,98932.26751,98780.53798299782,98718.31149621725,98780.70998903444,99173.9953975,96715.39098285713,98463.70743553857,99035.78595253326,99016.55845980003,98966.64437195353,98906.91394023469
2016-01-30,98750.79293,98899.10314,98751.74353826864,98678.40600186361,98751.74132117743,99173.9953975,96646.97026428572,98415.6541821698,98975.81373339993,98866.15453800005,98966.64437195353,98873.62136907235
2016-01-31,98743.98548,98750.79293,98577.84106877603,98488.54913311773,98577.94910681629,98489.84245,96345.47089571427,98332.55708859257,98773.1315316333,98761.51705000004,98635.5633267737,98632.41466384158
2016-02-01,98745.20926,98743.98548,98579.76149283603,98484.33662738913,98579.7415054865,98489.84245,96677.4809342857,98246.64751041487,98750.3695227,98746.54854480004,98634.32523797954,98623.01046268956
2016-02-02,98784.25418,98745.20926,98626.48263698591,98524.72862946556,98626.29469499033,98489.84245,96671.48482285715,98311.31158940573,98768.2049365667,98725.6052246,98687.04637035294,98659.9933121284
2016-02-03,98807.02539,98784.25418,98649.37104138339,98546.39152185486,98649.13313004066,98489.84245,96672.21374857143,98293.64371148728,98768.25259650001,98743.7736954,98687.04637035294,98667.23016290262
2016-02-04,98641.88219,98807.02539,98634.88003613244,98525.38445627948,98634.57120156717,99093.2416825,96622.05049142857,98271.4218012272,98780.09233009999,98777.25316780005,98811.09079478234,98705.52252705394
2016-02-05,98624.42219,98641.88219,98466.04180388375,98372.73059696633,98466.0026267494,98489.84245,96193.73589142856,98252.35715065755,98684.93114468329,98737.51527880004,98592.81862999445,98550.16012388136
2016-02-06,98561.47801,98624.42219,98424.18676021243,98353.09696200555,98424.16834516187,98489.84245,95729.71029571428,98277.81408853833,98558.58659016663,98527.47283040005,98610.59112984521,98507.4248940058
2016-02-07,98235.7732,98561.47801,98338.47263965703,98280.28417792312,98338.68570950383,98421.86622805556,96520.56585571429,98190.22048585677,98466.15087229991,98455.39253010003,98498.87909883211,98415.10471635172
2016-02-08,98235.78686,98235.7732,98077.03722297301,98018.86709546509,98076.96004562528,97832.52634,95045.08564714286,98534.9300613367,98160.9469534668,98197.28800340001,98294.47931275236,98158.09778722808
2016-02-09,97257.43336,98235.78686,98071.68175250755,98022.27062109011,98071.9140881005,97832.52634,96292.51897857143,98257.50473116552,98183.27531453341,98218.91657040002,98337.02444820882,98180.85679461078
2016-02-10,97166.70049,97257.43336,97229.67778806,97184.33565107189,97229.50104257523,97089.2071614286,94893.90438285716,100842.62353327942,97062.7571902667,97169.66686659998,96968.00163185399,97071.69815773086
2016-02-11,97159.9417,97166.70049,97015.21135945761,96981.59465855271,97015.33271662465,97089.2071614286,94677.04545857143,98615.28269682567,97032.20909246664,97110.5299472,96947.33308149465,96987.045610838
2016-02-12,97117.30851,97159.9417,96986.0399315821,96938.70004596018,96986.2821037098,97089.2071614286,94798.56375285714,98590.47994833133,97017.11701219997,97064.55204379998,96977.02117019871,96977.6127427863
2016-02-13,97136.91192,97117.30851,96925.73763737935,96861.91785129205,96925.93163007587,97089.2071614286,95171.43731142858,98603.64696378248,96998.03525386668,97077.56110260003,96963.61915961135,96941.19075492334
2016-02-14,97135.44226,97136.91192,96887.77500312986,96828.65231696064,96888.1329747012,97387.60914375,95579.16133714284,98406.19355609154,97164.26775406668,97234.63204220001,96972.42050144146,96988.44685748959
2016-02-15,97136.07063,97135.44226,97129.52476525886,97051.7491325159,97129.55500259902,97387.60914375,95285.0072957143,98336.65565978715,97124.30096953335,97114.55177140002,96957.50074215853,97044.51694806926
2016-02-16,97157.78411,97136.07063,96907.49609759107,96872.6208288327,96907.49008906877,97387.60914375,95705.09889428572,98125.41466841813,97219.86205053331,97265.7830832,96977.53009822349,97023.3376591965
2016-02-17,97126.50383,97157.78411,96936.9263151282,96927.36306262651,96937.00259781387,97387.60914375,95916.80059142856,98096.19672098965,97137.96875346666,97137.3024746,96977.53009822349,97014.28730477222
2016-02-18,97088.29826,97126.50383,96866.38490270922,96842.96038998764,96866.54963472213,97089.2071614286,95864.29040571429,98080.7804012512,96995.76564546667,97084.16291760001,96933.2597985953,96923.99527801655
2016-02-19,97167.29834,97088.29826,96811.23999211041,96777.61228622188,96811.53228399101,97089.2071614286,95865.30194,98022.55135120932,96984.61720666665,97041.47960780002,96943.02143861433,96901.75031050095
2016-02-20,95678.81574,97167.29834,96863.48177073245,96816.32456077065,96863.83438658621,97387.60914375,95269.27531857144,98208.20518498923,97136.44065286666,97202.99000040001,96960.85126477368,96971.20549280367
2016-02-21,95698.75306,95678.81574,95590.86131926319,95523.44827051306,95590.69146049672,95693.19672111109,94959.62032428572,101552.88638610793,95551.3133796,95574.46800719999,95678.39589995329,95584.38585002212
2016-02-22,95698.03362,95698.75306,95470.30707817747,95422.24229870396,95470.92158808319,95693.19672111109,95017.55509714285,98569.71985200977,95649.840972,95675.01042599998,95704.66545707267,95592.24957592554
2016-02-23,95573.55384,95698.03362,95523.91180534885,95402.98652212486,95524.2690290319,95693.19672111109,94929.59066857143,98738.99072528935,95648.37541520009,95655.8019894,95673.6977719527,95575.01990309254
2016-02-24,95553.10326,95573.55384,95397.00278826914,95263.19990009847,95397.36758743817,95550.58144375002,94491.55836285713,98802.57248806446,95504.69184253343,95487.79025579998,95518.89171516825,95428.92781926673
2016-02-25,95383.39299,95553.10326,95310.00469092092,95183.17843231317,95310.59569594538,95550.58144375002,94866.00159714285,98673.45222613908,95472.14096373336,95450.68701099999,95546.0654223717,95400.46160613939
2016-02-26,95455.69559,95383.39299,95137.24351675579,95021.88926382236,95137.78907501418,95038.37369,95138.66575428573,98542.17271792442,95289.36928253346,95245.56060819999,95551.45657312733,95287.57170649439
2016-02-27,95467.39158,95455.69559,95145.58067331603,95059.14823022939,95146.0341852834,95550.58144375002,94396.88667571428,98273.00395648193,95434.78093246672,95396.27292920001,95573.65688855007,95355.86201708206
2016-02-28,95579.62836,95467.39158,95188.47080390553,95155.03956561729,95189.04878895597,95550.58144375002,94974.72803428573,97925.91894195392,95468.75876020006,95442.5591656,95588.5573413717,95404.11855572968
2016-02-29,95580.8474,95579.62836,95298.33468249674,95258.06277205005,95298.93658043434,95550.58144375002,94975.23039142857,98006.31688967957,95567.6437265334,95574.65907180004,95588.5573413717,95471.42127998505
2016-03-01,95539.64581,95580.8474,95353.55631994529,95313.6401932444,95354.01856194422,95550.58144375002,94741.54640571428,97971.10970962649,95570.52702986673,95580.35570880001,95578.71002436336,95487.62574915816
2016-03-02,95455.43156,95539.64581,95322.05824198539,95293.0996290099,95322.50423879773,95550.58144375002,94391.97868571429,97939.94440404176,95533.36370306673,95509.379028,95532.66341178434,95453.04224795365
2016-03-03,95441.82521,95455.43156,95216.22477738325,95196.25036529118,95216.73583081916,95550.58144375002,94314.51702428573,97964.91358249745,95493.47177100008,95435.31004699999,95532.66341178434,95407.46184935853
2016-03-04,95580.44478,95441.82521,95212.0422145837,95205.65417750123,95212.55405947767,95089.67355,94703.39636142856,97898.3106267637,95444.73808120012,95382.7566052,95569.2290729781,95406.54044389316
2016-03-05,95577.89065,95580.44478,95358.99468891545,95273.0582875683,95359.13700072098,95550.58144375002,94888.4533057143,98133.3349020081,95616.96939146676,95644.09821820002,95573.65688855007,95487.89485586171
2016-03-06,95565.85975,95577.89065,95366.31996792674,95286.21039442426,95366.42047968146,95550.58144375002,94695.14040285714,97906.30197816395,95615.08967660008,95642.78504440002,95584.20879753052,95495.16962285161
2016-03-07,95566.35838,95565.85975,95389.46940370876,95316.3565285145,95389.45278075924,95550.58144375002,95002.62211571427,97851.69702563318,95588.90791460009,95617.2908892,95584.12952579973,95496.46465630476
2016-03-08,95488.17265,95566.35838,95435.45264603566,95354.89956733034,95435.39911226758,95550.58144375002,94686.79921000001,97919.82940964987,95616.97978420011,95644.8127736,95578.71002436336,95516.86312529794
2016-03-09,95711.25934,95488.17265,95387.30242733182,95322.49062433126,95387.12210559785,95550.58144375002,95104.90440571427,97880.37108523774,95622.60058140011,95616.40777659997,95532.66341178434,95492.58487250523
2016-03-10,95306.90642,95711.25934,95490.1497675694,95387.22939109027,95490.7347776311,95693.19672111109,94716.00252142859,98262.57250507118,95712.48484833344,95698.5197582,95694.81814006432,95598.17745982933
2016-03-11,95316.16276,95306.90642,95167.00486088142,95068.63817345285,95167.41253546838,95804.19174,93043.10306142857,98467.82541560779,95331.5573036001,95349.79086580001,95559.16343135232,95319.78630280176
2016-03-12,95368.87722,95316.16276,95139.1835244366,95049.38979877994,95139.67036595891,95804.19174,94312.28768285715,97895.19681405068,95321.08436760005,95372.33838119997,95581.36374677507,95317.27930438503
2016-03-13,95346.76834,95368.87722,95177.22279550399,95096.48452395284,95177.75407169735,95535.81049999999,94342.55480857143,97880.47866288283,95379.18136346673,95409.80695919998,95596.2641995967,95357.31002900541
2016-03-14,95346.76834,95346.76834,95196.77371882295,95120.83540800675,95197.20901408001,95535.81049999999,94620.9757842857,97799.51985050335,95343.88447093341,95398.73383519998,95591.83638402472,95352.18542098829
2016-03-15,95363.9202,95346.76834,95256.23600674179,95185.18151213147,95256.4914811876,95347.0969825,94740.94339428573,97886.65723812436,95326.09324560006,95391.66352339998,95598.04258022488,95369.77244598547
2016-03-16,95389.79382,95363.9202,95285.90865320658,95222.97665637582,95286.10578230926,95535.81049999999,94760.47823428572,97871.06627945117,95380.7740212001,95412.4296892,95598.04258022488,95400.59775260027
2016-03-17,95419.62736,95389.79382,95279.04955496,95226.90203701062,95279.22488666844,95535.81049999999,94225.36026857143,97884.39486517607,95423.79591620006,95416.6785298,95598.04258022488,95416.24684447852
2016-03-18,95402.75984,95419.62736,95338.6655341585,95314.70711454842,95338.80049488622,95535.81049999999,95599.74579714287,97855.33841568127,95501.10002886676,95499.76280479998,95582.36176800111,95466.05630380544
2016-03-19,95520.63712,95402.75984,95355.33749423185,95343.51320949422,95355.28284800937,95347.0969825,94915.40781428572,97931.91173029102,95428.77832140011,95443.22676739999,95589.40313172188,95453.89822087208
2016-03-20,95549.76257,95520.63712,95463.10876666913,95462.13579143323,95463.06612334593,95550.58144375002,94700.04235285716,98055.9053552049,95630.98904360006,95611.05089780001,95607.60131387117,95566.90871630149
2016-03-21,95551.15481,95549.76257,95453.1988301266,95401.82789850743,95453.71628593725,95550.58144375002,94820.64915428571,97886.35333555086,95635.18662400008,95619.20481659997,95557.03651871858,95531.35034707536
2016-03-22,96284.67592,95551.15481,95512.21448124782,95456.79010690804,95512.59853505432,95550.58144375002,94780.9056757143,97950.95339051541,95646.56140066675,95632.11669299997,95582.73892363765,95562.03014373749
2016-03-23,96309.54121,96284.67592,96172.64373852275,96127.26020549644,96173.05791333727,96565.68208581819,94958.65197428572,100341.95000942156,96536.08757540004,96496.51306879999,96379.45587927965,96347.6012200587
2016-03-24,96225.70311,96309.54121,96229.84909820657,96152.71082275073,96230.22251541822,96565.68208581819,95414.82933000001,98337.14522858398,96582.5158787999,96534.53017499998,96379.45587927965,96371.56086027676
2016-03-25,96248.33089,96225.70311,96393.556047583,96293.77340693114,96393.68922745968,96565.68208581819,95789.95217285714,98394.62791957837,96458.97280033327,96433.20933499999,96335.92364820123,96362.88995182188
2016-03-26,96247.90203,96248.33089,96175.7173659862,96114.99120004098,96176.1740716633,96565.68208581819,95611.62285285714,98356.56124578198,96566.73483213328,96429.73804420001,96353.75347436058,96345.1598355116
2016-03-27,96240.80371,96247.90203,96163.98961586316,96099.40575659716,96164.54786042521,96565.68208581819,95928.16321857143,98218.76564179115,96520.39334539993,96409.30706639998,96349.40493051939,96323.06801083883
2016-03-28,96240.80371,96240.80371,96197.90761084555,96129.71423938399,96198.362179755,96565.68208581819,96268.43120571428,98089.3719466278,96517.40382359999,96405.92191919999,96349.3256587886,96332.14790725753
2016-03-29,96437.087,96240.80371,96270.34970362888,96196.77026767467,96270.56191265388,96565.68208581819,95303.87976714285,98068.8057365843,96506.11620246667,96407.73941740001,96379.45587927965,96360.78078314033
2016-03-30,96588.21622,96437.087,96420.46370757907,96327.07190327317,96420.716806476,96565.68208581819,95505.79888428572,98308.90808054207,96684.22225253329,96612.34606760002,96566.13831206906,96525.81082262518
2016-03-31,96732.69371,96588.21622,96542.84287066727,96453.52622177349,96543.17733633386,96565.68208581819,95260.94335428572,98284.89582248451,96687.38468213324,96648.79259160002,96566.13831206906,96569.01640532527
2016-04-01,96805.06062,96732.69371,96698.85034240896,96615.96806852054,96699.14519768419,96565.68208581819,96213.13527142857,98303.93653095988,97084.95741966671,97384.2830926,96795.43817345641,96832.12122054788
2016-04-02,97248.22889,96805.06062,96772.49168469838,96695.96209087338,96772.89825573898,96997.37652800001,95653.08258714285,98353.79064528621,97229.77038366656,97561.07314560002,96884.15851079968,96936.63032844655
2016-04-03,97255.6476,97248.22889,97174.0648618349,97108.36525050316,97174.49806968028,97387.60914375,96834.76711714287,99509.22304323793,97173.51670119991,97172.03176560001,97018.04572334087,97099.97589168132
2016-04-04,97255.21125,97255.6476,97246.02026997432,97176.16917354829,97246.50277824326,97387.60914375,96307.10515714285,98505.34452404245,97361.49633506664,97391.03936200004,97071.11259430296,97202.92603430596
2016-04-05,97429.04759,97255.21125,97290.9276906752,97260.47114823904,97291.60905860683,97387.60914375,97325.94273,98554.19579834193,97342.00494506668,97385.79246360002,97075.69463111041,97226.05690813872
2016-04-06,97506.47497,97429.04759,97454.12449658247,97423.88571160121,97454.77055967184,97826.58186,95837.81868714285,98773.16464155064,97603.6444172,97639.99152760001,97493.22861068614,97506.91957982913
2016-04-07,97662.22762,97506.47497,97518.80968535642,97480.01299487107,97519.44141639274,97826.58186,97036.3213,98587.01754216841,97647.75331520005,97645.53676439996,97493.22861068614,97540.33164025242
2016-04-08,97834.41823,97662.22762,97672.20311330755,97631.47793479334,97672.94662393384,97606.07346,97359.59762,98686.96316252,97613.51260250011,97637.89069560001,97633.19237506117,97626.06097078486
2016-04-09,97920.75527,97834.41823,97866.11991863865,97818.75587148457,97866.47745195632,97127.29621,96524.68909142858,98817.41401943508,97582.70186700011,97600.97124460002,97994.10266974132,97798.52013607533
2016-04-10,97981.7413,97920.75527,97930.64277006731,97871.39694698753,97931.07399070004,97926.98264999999,96587.42345428572,98629.96515838525,97836.1379574334,97812.48036820002,98086.16983218634,97931.23491220242
2016-04-11,97981.85795,97981.7413,98022.201486655,97965.4386286105,98022.64692734939,98172.09584000001,97102.57102571428,98611.51582406159,98078.86578833326,98116.86263979999,98140.5251407009,98061.60985254822
2016-04-12,98076.93504,97981.85795,98085.31424864678,98036.007134308,98085.68178836614,98172.09584000001,97039.11798857142,98598.23948863728,98044.83881339994,98097.99034239998,98188.81845750232,98089.8881350701
2016-04-13,98201.55449,98076.93504,98174.55715861196,98129.422760747,98174.89706766549,98172.09584000001,96626.8044357143,98657.57841989606,98102.26782453322,98125.36237879997,98188.81845750232,98140.16968092752
2016-04-14,98494.25826,98201.55449,98276.28823973578,98236.40245143748,98276.63352513903,98208.25645666667,97122.94484428571,98725.56232745394,98286.01931313338,98302.33134260004,98494.84562615023,98339.08913024038
2016-04-15,98781.9947,98494.25826,98559.55838145272,98512.87129185663,98559.75477535046,98495.181095,97499.74614428573,99178.44436282391,98611.4935910665,98618.74245460001,98667.31746577684,98597.22744956666
2016-04-16,99027.92237,98781.9947,98842.19723609918,98807.07385238289,98842.40845435984,98495.181095,97066.87422,99379.70950432595,98799.54071973327,98752.05507199999,98765.62748620257,98790.74735277292
2016-04-17,99027.92237,99027.92237,99079.10703114791,99041.49770695048,99079.25742146422,99272.392855,99451.07817,99408.80358603036,99287.28171300012,99239.02978560004,99005.71410536116,99111.49784177059
2016-04-18,99028.27882,99027.92237,99118.38697528366,99078.40375667796,99118.63379723787,99272.392855,99019.23344142856,99041.16871529669,99192.42342466673,99156.82559400004,99005.71410536116,99092.18042890193
2016-04-19,99538.97737,99028.27882,99175.85987241816,99144.17671290974,99176.04090333838,99272.392855,98989.3669857143,99062.81812897552,99225.48488526675,99178.06074160003,99114.71573282451,99161.45911033366
2016-04-20,99768.4947,99538.97737,99672.27740686003,99644.70648102375,99672.05417545568,99563.87224,100951.77117571428,100303.18355856708,99723.68639006665,99597.67651660004,99888.65843057522,99752.35043388854
2016-04-21,99946.20492,99768.4947,99867.03757466849,99840.42125381567,99867.4365567111,100292.8918,99111.40201714286,99673.03445699812,100064.0256735999,100019.09414559997,100012.04639199514,99972.16443980357
2016-04-22,100213.5694,99946.20492,100046.73146306678,100016.23977834918,100047.16611431469,100292.8918,99682.00855857143,99585.9795842998,100316.80767733321,100248.17757779997,100314.60157730331,100215.88301099523
2016-04-23,100338.2917,100213.5694,100330.94036359109,100307.52249115189,100331.22030950485,100754.544,98911.82046857143,99965.97806543186,100483.45282999983,100451.96120679998,100572.66069686826,100454.54533934
2016-04-24,100338.712,100338.2917,100428.24067656141,100387.39326420608,100428.69070416353,100754.544,99741.42081428571,99877.60161394397,100440.61391453318,100430.15792679995,100546.37641278138,100458.12786384021
2016-04-25,100340.2092,100338.712,100473.86987391548,100429.94903056776,100474.28572804912,100452.8883,99105.63484285714,99701.11167209716,100455.89478373321,100419.95660659997,100546.37641278138,100477.40674236078
2016-04-26,100655.3418,100340.2092,100550.33461563663,100505.0609332836,100550.50035265116,100352.882,99579.0147257143,99584.55620890562,100519.42008499986,100549.35642,100594.66972958279,100539.71691595542
2016-04-27,100648.8183,100655.3418,100846.93830508247,100792.31863900699,100846.81265466467,100449.35,99981.37715285714,100059.64243785934,100757.53729673318,100768.7158764,100994.06098982308,100847.97230852109
2016-04-28,100913.4342,100648.8183,100827.33702368318,100774.61937104867,100827.47154385613,101901.4895,97674.75388714286,99526.2839582563,100706.44353286656,100660.93769859997,100961.41638783141,100814.15976391554
2016-04-29,101228.5787,100913.4342,101073.97898504775,101034.48218128964,101074.12901871034,101189.9369,99303.30549999999,100000.07606483737,101014.06426799987,101031.16609,101084.98344086263,101044.50996338406
2016-04-30,101758.3746,101228.5787,101368.52273674928,101324.7642089821,101368.71772289257,101656.7628,99373.9086342857,100339.16017989063,101344.8156466666,101452.845512,101526.9589636685,101398.84627310572
2016-05-01,101757.8697,101758.3746,101874.1301917088,101830.92375101973,101874.16132965917,101656.7628,105170.77542,101047.62160415135,101898.66891666666,101868.40020199999,101778.07961683416,101835.89076150686
2016-05-02,101759.0162,101757.8697,101920.84845049109,101877.06524583805,101921.32307017322,101756.1704,101765.60751857143,100268.38679010703,101860.84876133334,101792.34580600003,101808.25898004237,101848.72432907125
2016-05-03,102401.2292,101759.0162,101975.16523464279,101960.08842959722,101975.72400232381,101756.1704,102623.41034571429,100281.91065649841,101907.34277866659,101892.32755400002,101897.01845449314,101921.48322091898
2016-05-04,103315.6878,102401.2292,102577.42806501327,102571.07508308721,102577.64587267833,103155.6164,105826.86534285716,101467.33481462923,102802.96846866656,102874.57226600003,102756.7433966568,102710.26231613685
2016-05-05,103807.5327,103315.6878,103461.98839564274,103455.78322021905,103461.95259290276,103588.95586666667,104329.92442000001,101931.16024865517,103627.15176266663,103545.59882799997,103842.97836121582,103641.9711147005
2016-05-06,104380.8011,103807.5327,103982.60963288348,103961.06094443229,103982.57244658604,104236.18435,104987.12820571428,101809.6673573104,103967.05522133334,103946.455242,104237.18962888246,104055.10193154936
2016-05-07,105189.3471,104380.8011,104543.22219479839,104519.97560698872,104543.24878830172,104655.6845,106916.54634285714,102039.66992696434,104500.48566133331,104462.99616400004,104739.98625788433,104586.8158420688
2016-05-08,105193.8947,105189.3471,105296.1350847483,105261.15546318392,105296.20261742639,105331.45,105310.81108571429,102202.56406358004,105412.8473619999,105403.86005400002,105405.85943824625,105359.95408781002
2016-05-09,105195.8691,105193.8947,105392.43119769945,105346.40142106348,105392.75469966939,105910.761,106741.57668571429,101917.97167860513,105403.73440199991,105384.98438600003,105402.83166032698,105384.32249446346
2016-05-10,105762.2759,105195.8691,105471.57567917115,105440.4416565746,105471.92297429708,105910.761,105676.79991857141,101815.2377928849,105476.02091266663,105428.73146800004,105497.40086957531,105471.28781293886
2016-05-11,106755.6394,105762.2759,106024.1843826509,105967.76061771104,106023.97632070749,107168.6487,107397.74132857143,102159.92085408226,106365.75284066667,106274.75854800003,106072.62295812322,106135.3788055003
2016-05-12,106950.761,106755.6394,106955.3482786439,106868.61589568175,106954.7123789986,107168.6487,106373.98318571427,102196.33097935938,106820.77792733345,106692.83202999998,107127.15394486967,106938.84925596164
2016-05-13,107334.7142,106950.761,107212.56413995451,107104.80597855657,107212.05837710922,107168.6487,107681.96251428573,102070.74872295457,106778.07714466675,106566.11364199995,107005.50209501438,106962.7950727459
2016-05-14,108233.4998,107334.7142,107553.70717539974,107460.78658313511,107553.57244326982,107992.4606,107390.33364285715,102264.36303431369,107957.74698666668,107884.24112799998,107975.04185590138,107797.85847523437
2016-05-15,108233.7911,108233.4998,108372.80137061265,108270.06547885403,108372.67059056685,108690.833,109426.76814285712,102336.47036143272,108608.72910600012,108589.56254400004,108659.68963452024,108512.8280731248
2016-05-16,108234.3911,108233.7911,108468.7594373987,108357.25098785017,108469.00103530416,108690.833,107875.87417142859,102227.79778097894,108594.5045306668,108541.55169600001,108596.85054275132,108516.20202042277
2016-05-17,109114.1167,108234.3911,108539.63516943193,108460.11927963002,108539.96626304496,108690.833,108788.92362857144,102174.59569208587,108614.91049466678,108607.22177399999,108674.24072669957,108583.0901669988
2016-05-18,109607.2861,109114.1167,109362.83420409785,109306.60871010547,109362.74001050048,109858.8986,108962.24327142855,102378.76477921517,109332.01518416671,109382.19025199996,109622.46937542387,109420.36442323202
2016-05-19,111262.3559,109607.2861,109823.51659923252,109758.07311369185,109823.81700549631,109858.8986,110255.68564285713,102552.80244280961,109737.83054883342,109827.77254549999,109911.14825684634,109802.35063979053
2016-05-20,112096.8964,111262.3559,111391.0673730763,111342.15450838771,111390.97795742903,111547.15293333332,115025.00381428571,101846.67290042507,111624.60687333341,111598.72807800003,111740.73182836089,111569.16440336067
2016-05-21,112554.5813,112096.8964,112272.69088974955,112222.21507681347,112272.79637196413,112366.4763,112960.74852857144,102389.72993930083,112337.34859533323,112290.37246200003,112391.43433684816,112316.99933633162
2016-05-22,112554.6772,112554.5813,112694.83775936135,112632.21408334725,112695.46931083033,112357.70423333334,109325.09837142855,102526.41987912482,112555.01216800007,112543.69847199999,112693.15459361015,112626.79361498583
2016-05-23,112554.6772,112554.6772,112999.87757472244,112913.7331150934,113000.56103199512,112357.70423333334,111901.5325,102434.81583155201,112511.0667200001,112540.53494399998,112693.15459361015,112705.98480956788
2016-05-24,112555.5181,112554.6772,112848.86240078669,112815.12046850042,112849.84033260154,112796.5703,110712.68987142856,102583.72185931525,112564.18641066673,112592.67792599999,112770.5447775584,112716.61721890852
2016-05-25,113296.3689,112555.5181,112860.72726631563,112835.03135272971,112861.68304879894,112357.70423333334,112757.29341428573,102671.2392863082,112601.75827933344,112640.98526599996,112824.12759610025,112753.63907605446
2016-05-26,114924.72,113296.3689,113558.84539534894,113509.0574006003,113559.09001408119,115357.4941,110967.00808571427,102599.40455725761,113762.72262333336,113551.13305199999,113779.76438964183,113683.8481378585
2016-05-27,115798.6421,114924.72,115108.48963518075,114994.48964660481,115107.64829110811,114498.3641,114093.8472,101867.55407774328,115217.29698266672,115271.40922000006,115272.7836131665,115161.523414146
2016-05-28,116367.7479,115798.6421,115994.12793456507,115868.46320872239,115993.41893001262,114831.9954,114134.78704285713,102482.30959710683,115594.20290400006,115779.75200200005,116485.66801262135,115982.77804178128
2016-05-29,116367.8566,116367.7479,116531.22860195758,116401.02932228945,116530.8347099864,114831.9954,110627.23509999998,102620.3492868163,116587.17250200002,116674.071732,116735.56477805553,116574.58886744833
2016-05-30,116374.0308,116367.8566,116576.63604734,116459.14025060105,116576.88436287918,114831.9954,114383.57082857144,102585.47424650031,116572.18719133333,116660.55792199999,116784.15844187807,116605.1619612708
2016-05-31,116871.5634,116374.0308,116645.4387109429,116565.8032889825,116645.73262409227,114831.9954,114665.96684285715,102662.29628520526,116587.07052199997,116653.93221600002,116861.54862582633,116671.47414560292
2016-06-01,117087.2154,116871.5634,117164.16798110382,117079.35906053231,117163.6699461767,120039.8024,113121.7251,102830.21913849085,118157.93578466668,117929.53754600004,118073.84983572448,117770.38156030781
2016-06-02,118270.3395,117087.2154,117371.83071335847,117317.8844867733,117371.4853392799,120039.8024,112625.32484285715,102951.85268098787,118172.282302,117882.50548800002,118010.3204917188,117833.49576016403
2016-06-03,119684.9841,118270.3395,118409.51296223036,118335.90725344676,118409.14650022931,118644.00927499999,116879.22815714286,102233.08062236577,118547.44867799987,118455.822206,118952.89006147948,118612.08199764205
2016-06-04,120209.561,119684.9841,119769.74261906865,119664.96438829275,119769.05587849318,120366.5511,116810.0942857143,101985.5630679964,120221.68557866683,120222.34491199993,121314.55641962502,120400.40212886153
2016-06-05,120720.1475,120209.561,120299.90590451665,120171.55070326115,120299.6387362724,121513.3857,112299.4273,102721.34378560485,120826.20988866684,120770.53933000001,121777.26013158307,120925.00690783701
2016-06-06,120721.5604,120720.1475,120804.55810811624,120695.9829836812,120804.86103452608,121513.3857,113120.37471428573,102610.21146193746,121145.33938400008,120982.62113800005,121838.09872083296,121226.47369617142
2016-06-07,121579.735,120721.5604,120922.67034856125,120798.39083210686,120922.77339120147,119760.2629,120416.61428571427,102653.98445931819,120895.39105333335,120773.27820200006,121915.48890478122,121203.09026340715
2016-06-08,122258.9724,121579.735,121731.11801514719,121612.77744403988,121730.56890810134,123131.8622,118720.86722857144,102409.04253703695,122377.81247599985,122164.88889400003,122773.2529560407,122254.6142920268
2016-06-09,123365.5096,122258.9724,122400.07636720379,122315.04702183689,122399.5481946345,123131.8622,118610.54711428573,102653.45621387,122538.28622533317,122307.88832200001,123452.57488791,122768.6360450267
2016-06-10,123814.4273,123365.5096,123430.4600905171,123335.28515796489,123430.00362634685,124462.0697,119852.5825142857,102233.26017467368,125714.50000999997,125819.90367999993,125351.27714176297,124800.35410324261
2016-06-11,124273.1473,123814.4273,123888.23985083858,123753.68659707278,123887.75958419108,124462.0697,115147.14531428572,102825.06409814135,125978.18944533331,126098.13833599992,125575.29397131466,125102.39000457358
2016-06-12,124404.5942,124273.1473,124316.70360447571,124167.86220304965,124316.2610368344,124462.0697,118000.8885,102797.57051509152,126019.00500399995,126145.75252599992,125860.5817931026,125349.14966671739
2016-06-13,124404.4817,124404.5942,124461.70372893111,124301.80957390546,124461.81598636313,124462.0697,116778.2975142857,102908.21055284649,126048.10910266658,126182.89939399993,125860.5817931026,125403.50015655822
2016-06-14,124541.1274,124404.4817,124561.32113523959,124400.80408522245,124561.0098324521,124462.0697,115343.33258571429,102983.40519307103,126052.19620399996,126219.86340599993,125956.39119441369,125469.79716121203
2016-06-15,124764.8897,124541.1274,124706.3850431607,124503.99010925017,124705.38929580821,124462.0697,114352.67055714285,103167.2305279125,126092.47927733335,126226.61205399994,125998.2788084585,125531.58273168067
2016-06-16,125294.8448,124764.8897,124861.93898074674,124682.95830034079,124861.2570520769,124462.0697,120634.27937142858,103175.0181913001,125592.61872799993,125551.54283599995,125331.92184900219,125202.49962578097
2016-06-17,125955.7396,125294.8448,125320.34791973452,125160.69104605805,125319.64952082254,124462.0697,119119.68352857142,103043.17845169875,125517.29820066666,125429.38763399998,125273.10909091582,125317.0327792135
2016-06-18,126220.2659,125955.7396,125901.14286620676,125763.53504524392,125901.3524833154,124462.0697,119695.09152857143,102902.12027259322,126309.66129133334,126378.00714799999,126419.08530938113,126164.09388198612
2016-06-19,126220.2659,126220.2659,126112.67543189421,125982.55700262406,126113.60705845973,124462.0697,116018.00995714287,103278.62659571941,126386.23403599995,126588.86847999999,126398.89243505806,126255.89449122736
2016-06-20,126220.9582,126220.2659,126138.00727008199,126009.43866483388,126139.18423635034,124462.0697,118791.20227142857,103255.1736227322,126321.14807666662,126570.91869800001,126392.16842219226,126240.91838789759
2016-06-21,126348.6161,126220.9582,126189.45637211113,126089.57289201044,126190.46810448269,124462.0697,121113.6526142857,103257.61168675005,126380.37059466665,126534.23314,126462.23938593893,126310.72762420533
2016-06-22,126093.0936,126348.6161,126317.62795197747,126222.2328702333,126318.1995238467,124462.0697,121646.0953142857,103340.34329212736,126275.50328599999,126521.64469399996,125597.27247858181,126031.66954493837
2016-06-23,126362.3829,126093.0936,126093.74937830609,126018.81085360958,126093.73929968938,124462.0697,125040.01021428569,103018.96358825982,126152.62285133325,126325.33954399997,125528.04714788958,125899.82695094413
2016-06-24,126662.7502,126362.3829,126279.10095280144,126189.0639478957,126279.1790765844,124462.0697,120598.10198571428,103226.92526080656,125950.2624086666,126267.20980800001,125538.45972049545,125892.59535901925
2016-06-25,127023.6889,126662.7502,126470.50054755805,126372.05702582106,126471.41758532115,124025.8567,120385.04025714286,103211.4630399585,125847.21704866657,126031.440098,125836.24578585371,126018.50662011378
2016-06-26,127001.9888,127023.6889,126789.98994599812,126704.06200862596,126791.06584958489,124025.8567,120150.664,103254.37488771311,126012.73806199995,126067.326976,125761.2514738284,126159.3505148181
2016-06-27,127002.4143,127001.9888,126801.5083121988,126707.34005041327,126802.65879629328,124025.8567,120170.18744285716,103337.24508997818,125934.06913933324,126007.75767200002,125756.82365825641,126132.74428266764
2016-06-28,127237.9892,127002.4143,126853.91718864907,126749.36233780338,126854.54633981413,123686.1348,120142.50344285715,103338.06639365449,125953.08389666659,125982.804182,125892.01416853195,126198.1534676673
2016-06-29,127171.0481,127237.9892,127071.06968345222,126950.80808331586,127071.05502101993,127892.9967,120270.1889,103394.67761468778,126252.03674266659,126312.854516,125830.20314421927,126344.34932340057
2016-06-30,127189.5655,127171.0481,127000.85314251308,126887.74505877754,127000.68142130156,127892.9967,119718.7599142857,103293.51608911801,126194.81648333328,126262.37213600002,125652.68699773887,126245.08284661655
2016-07-01,127572.9647,127189.5655,127250.4671300341,127103.52712370057,127249.48479196212,127892.9967,119781.03095714287,103241.39861178352,126181.70699733327,126247.25783600002,125594.0862744311,126293.10679848831
2016-07-02,127573.1167,127572.9647,127324.19636016808,127202.09130192484,127323.65326020053,127892.9967,119811.76501428572,103199.63572991813,126343.3925386666,126461.511332,125556.48901840416,126367.32428633187
2016-07-03,127574.1722,127573.1167,127275.59602833907,127145.21486759113,127275.76491088257,127892.9967,119646.20734285715,103327.57101976118,126178.88918399993,126225.57475800003,125448.5235842317,126257.54254527425
2016-07-04,127575.2789,127574.1722,127283.7401715443,127145.86641611632,127283.85483452058,127892.9967,119569.5547857143,103354.18409303034,126129.5796646666,126127.97010600002,125391.07055614675,126222.17221230989
2016-07-05,127570.4935,127575.2789,127323.36647431334,127180.45611918873,127323.32571610481,127892.9967,119849.77165714288,103309.40844205423,126140.56644466659,126168.688356,125442.7767273815,126254.59976374562
2016-07-06,127768.639,127570.4935,127332.22834536346,127154.42762425789,127331.54065417493,127892.9967,119680.47881428571,103298.10763395752,126101.22853399992,126140.28677800001,125424.17535845723,126226.61050557166
2016-07-07,127859.6619,127768.639,127456.36609476354,127286.82928793882,127455.88060199546,127892.9967,119952.38884285714,103286.15733795616,126117.42472333324,126151.09625200002,125456.81996044889,126287.02465724031
2016-07-08,127219.2372,127859.6619,127542.69811103845,127375.95755737038,127542.2613022113,127892.9967,119819.62874285715,103300.60556985904,126126.8438599999,126180.09646600002,125368.46532915469,126290.42224884166
2016-07-09,126930.721,127219.2372,126944.6286800108,126813.4386515687,126944.61124411711,127915.577,119793.99592857143,102659.57768917462,126020.03545866656,126006.481432,125360.55984836534,126064.6779862002
2016-07-10,126743.9551,126930.721,126614.15627368883,126505.16782472123,126614.2949847006,122272.7326,120226.45357142856,103119.62283574104,125364.09740799989,125418.61490800005,125172.70483811139,125680.65669027751
2016-07-11,126744.3904,126743.9551,126442.18666400731,126335.94764755006,126442.38030720127,122985.6385,120040.16267142857,103229.17355635183,125351.3568673332,125418.61490800005,125172.70483811139,125620.00311766488
2016-07-12,126398.8178,126744.3904,126469.21755491974,126359.45232594034,126469.24506305477,122985.6385,120213.90645714286,103263.44041088925,125340.24599733319,125424.31781600002,125213.6284398688,125637.7755877141
2016-07-13,126072.3262,126398.8178,126175.95490908547,126057.75876661917,126175.52228555622,122272.7326,119466.7434,103080.56513325722,125071.2113813332,125313.84356800001,124824.50300513342,125317.82438436193
2016-07-14,125654.7871,126072.3262,125815.25718206764,125707.09915442375,125814.64602727263,122272.7326,119093.70685714287,103068.5236505342,124885.58178066656,124997.25767600002,124752.31725177809,125114.9993956228
2016-07-15,125227.9698,125654.7871,125389.33535723892,125317.34436714386,125388.63485117984,122272.7326,119139.65105714285,102992.88705622217,123964.6511559999,124137.62202200001,123612.9903925667,124298.32863857015
2016-07-16,125312.831,125227.9698,124963.55601078164,124925.25348842748,124963.1152655956,122272.7326,119139.65105714285,102961.76760465797,123533.87898399991,123584.72104200002,123509.4008858932,123989.5111194402
2016-07-17,125312.8194,125312.831,124950.32637655133,124913.250380951,124950.45039247916,122985.6385,119350.65977142857,103160.12320173907,123956.28549533323,124170.62569800002,123567.20169111478,124145.57918913302
2016-07-18,125314.3603,125312.8194,124951.40563979583,124904.93331913542,124951.63874797437,122985.6385,119577.60405714286,103219.69332249429,123953.15261866656,124169.40329400002,123520.98219590115,124126.35604456771
2016-07-19,125328.1108,125314.3603,124949.12845591141,124892.99975310854,124949.24378966766,122985.6385,119747.56175714286,103190.47424699533,123931.09618533323,124091.30212800001,123439.38008576691,124087.82534140289
2016-07-20,125058.7706,125328.1108,124943.69920319071,124921.09044311447,124943.8101210963,122985.6385,120142.0604857143,103154.84820412639,123865.76554266654,123973.50375800004,123453.4233188343,124080.09310153844
2016-07-21,124753.5254,125058.7706,124658.11717415597,124657.95444389587,124658.26564100067,122272.7326,118783.33929999999,103009.63955319658,123475.33113199989,123355.098712,123402.5904103101,123845.29199540196
2016-07-22,125126.2487,124753.5254,124376.56155077563,124353.87285493631,124376.27292156864,122272.7326,118905.11804285715,103025.36298178697,123417.28501933318,123339.91953000003,123407.52561706681,123726.22783044544
2016-07-23,124394.2917,125126.2487,124658.38662536077,124608.9765078924,124658.4478982831,122985.6385,119674.58438571426,102942.19752568174,123415.15102733317,123393.70913600005,123422.7012523171,123815.60959584755
2016-07-24,124372.2076,124394.2917,124030.85732224981,123964.94675087994,124030.77824031322,122272.7326,117718.64985714285,102631.64281942212,123300.20075199986,123199.61033200001,123417.50360832339,123560.88370373439
2016-07-25,124367.8588,124372.2076,123931.2947851029,123869.27181803751,123931.68879909032,122985.6385,120038.38464285714,103211.86361293777,123258.47716199986,123230.13403200003,123463.22107619999,123530.32335207913
2016-07-26,123978.8319,124367.8588,123957.57190523049,123865.04728394303,123957.78596631967,122985.6385,119859.10698571429,103186.08775634861,123223.73103533317,123204.277754,123406.63402001877,123498.47077976499
2016-07-27,123333.8788,123978.8319,123613.29306081121,123509.13100098757,123613.23539283092,122272.7326,117167.4112,103032.54612277132,123203.36381799985,123125.19480800003,123085.1387445253,123265.87785450426
2016-07-28,122687.5467,123333.8788,122993.06513755955,122889.06759950484,122992.99950895592,122272.7326,116400.3251285714,102800.91052855884,123000.46907466657,122920.53532400003,122711.96596320411,122867.16754579183
2016-07-29,121186.6347,122687.5467,122389.42947112262,122277.55161227893,122389.1631728724,121690.8823,116092.3359857143,102839.83418156774,121429.77618066664,121357.75768000002,121507.62208044966,121738.31662446506
2016-07-30,121060.6418,121186.6347,121028.45285055069,120936.17928501946,121027.87059159158,121120.07926666667,116141.28667142855,101949.4880714665,120810.42969933331,120869.10277999999,120705.85259392459,120817.48719275913
2016-07-31,121060.6172,121060.6418,120740.5190336912,120679.5030911307,120740.90959694712,121011.1368,118609.02025714285,102897.81460380682,120886.10328266663,120958.87143,120807.67410410382,120791.09349263372
2016-08-01,121060.6183,121060.6172,120705.98511770343,120624.09338242865,120706.58546163392,120999.56945,118300.44997142858,102867.89741520764,120910.58435266666,121025.136264,120789.95008227366,120774.87593912298
2016-08-02,121061.6789,121060.6183,120698.12364309328,120618.7797545665,120698.73882314179,120888.7738,118278.29135714285,102952.72298212425,120857.24150466666,121009.99618799998,120754.40412247326,120743.47512723548
2016-08-03,120696.6469,121061.6789,120650.50895686672,120590.27081302518,120651.12031945307,120888.7738,115427.65704285716,103090.78679320213,120835.92126533334,120931.80186800001,120764.51821886426,120730.23676574092
2016-08-04,120439.7688,120696.6469,120287.13943044643,120265.23252812652,120287.51616724365,120054.09779999999,113673.67568571426,103047.17059055997,120121.47066000002,120096.885306,120021.8375358872,120136.18024133792
2016-08-05,119895.4063,120439.7688,120001.99973122212,120055.91114068984,120002.49583470731,120054.09779999999,113710.04848571427,103022.65008194861,120066.95760333334,120041.55915599996,120038.39844028043,120053.7557281012
2016-08-06,119441.2497,119895.4063,119564.25968042489,119628.31063090083,119564.50298520536,119213.2579,115221.2459142857,102855.94631596451,119728.93265800002,119750.54005399998,119508.01775296564,119621.75368062216
2016-08-07,119441.3642,119441.2497,119067.67388547037,119121.31111971638,119068.361524555,119213.2579,113964.53901428574,102979.00297383554,119311.21918066665,119365.07152800001,119209.78924287378,119214.10651441895
2016-08-08,119441.8293,119441.3642,119010.52305253594,119051.19046431703,119011.54938222838,119213.2579,114785.69945714285,103100.01388147309,119307.0288833333,119396.70398800001,119239.7784682017,119199.33260528401
2016-08-09,119029.5332,119441.8293,119030.78276349982,119038.53688830859,119031.74241845775,119213.2579,114594.1439857143,103073.92932316198,119279.21178066664,119325.04022599998,119199.88396456011,119172.54421117844
2016-08-10,118683.3721,119029.5332,118671.50441689815,118664.53954027843,118672.02274779903,117449.5685,114094.77930000001,102984.3613885693,118411.74545333326,118489.06788,118800.94339350198,118625.74279570456
2016-08-11,118179.5354,118683.3721,118286.18872766559,118271.36489602238,118286.74258187643,117449.5685,112790.62859999998,102991.24968957584,118064.37459733334,118088.09692600001,118544.68018296125,118293.47322543901
2016-08-12,118039.4769,118179.5354,117821.08525164335,117748.69555914111,117821.21686234849,117449.5685,114106.71175714287,102888.77533193659,117493.93136399989,117464.39311199996,117776.08688059136,117672.90460124412
2016-08-13,117910.6449,118039.4769,117618.4857430727,117547.96866814129,117619.00846759451,117449.5685,113339.24004285714,102989.82149711008,117055.30828266655,117084.78385199996,117419.92506267969,117341.06733782917
2016-08-14,117910.5893,117910.6449,117452.71242064913,117378.65484891916,117453.47835308388,117449.5685,113669.5571857143,103003.05615389987,117087.27354333324,117115.44447999998,117478.64104896082,117314.85648040443
2016-08-15,117911.7872,117910.5893,117437.0157403659,117364.51181629786,117437.8629315931,117449.5685,113969.70112857143,102989.99367579246,117080.19254933327,117114.22652199997,117481.33226467013,117308.6788767671
2016-08-16,117539.5717,117911.7872,117460.92969062676,117399.01298537689,117461.6212965449,117515.4932,113868.11621428572,102939.07411094516,117040.53505399989,117062.48071599998,117445.78630486973,117295.11144808219
2016-08-17,116943.3623,117539.5717,117154.75396336959,117110.46233670281,117155.05555994571,117515.4932,112329.8037142857,102855.88216225582,116808.28240799991,116853.01592999997,117392.99267584708,117103.9124735166
2016-08-18,116490.2484,116943.3623,116594.79803895048,116577.44679547689,116594.84992431471,116272.373,113480.15597142857,102717.37183478798,116581.49675666663,116422.33857399996,116820.98274012,116659.97543075452
2016-08-19,116277.2387,116490.2484,116172.00339264744,116151.72992290129,116171.88463458946,116562.4753,113762.2075142857,102876.62735030237,116114.37113266657,116097.05187399992,116311.92031081225,116192.67378879337
2016-08-20,115808.5816,116277.2387,115975.3880237421,115946.41408674787,115974.86315921464,115512.71756666666,113334.56804285714,102925.52428208693,115659.11168533331,115664.35846800005,115699.47678204671,115768.3341847093
2016-08-21,115808.3425,115808.5816,115554.0521356965,115548.00586946675,115553.59615616036,115512.71756666666,112673.09198571429,102861.88754851755,115274.46911999998,115296.75545200006,115534.82018360884,115452.43172435852
2016-08-22,115809.5348,115808.3425,115474.9607557455,115458.19084304344,115474.99858865276,115512.71756666666,113426.58957142859,102916.53109094374,115304.32889399995,115284.61565800005,115560.46086509556,115440.99353404633
2016-08-23,115508.5536,115809.5348,115520.95944397342,115501.70396343073,115520.63638676239,115512.71756666666,113751.9048,102887.27726910183,115391.21874399993,115366.30451000007,115511.70838437723,115468.21036393597
2016-08-24,115257.1081,115508.5536,115278.52022975369,115286.54786866548,115277.74021951882,115512.71756666666,112325.13171428572,102857.1606329581,115219.82373533331,115216.99463000007,114992.64820276744,115166.33993558875
2016-08-25,115317.5801,115257.1081,115016.80333322124,115042.87498727703,115015.94740664432,114726.83190714286,112938.81132857142,102808.57987404322,114861.85706733329,114785.34674600005,114889.83698601305,114931.52301354113
2016-08-26,115141.7494,115317.5801,115019.32813412859,115046.79054685109,115018.79969016103,114726.83190714286,113364.2471857143,102772.40351685701,114877.31240079996,114854.31413000004,114935.61675872396,114953.23990212502
2016-08-27,114962.7147,115141.7494,114844.91500971268,114867.10779547595,114844.52313494668,114726.83190714286,113205.75278571427,102706.8405485962,114776.97593946663,114743.15368800003,114892.35465733889,114845.47946409382
2016-08-28,114963.5152,114962.7147,114568.3339190825,114560.46498760211,114568.90158844746,114726.83190714286,112921.65789999999,102689.1038976127,114757.86818346662,114771.17326600003,114951.07064362003,114756.4679382296
2016-08-29,114963.6878,114963.5152,114553.2362257405,114544.85657085746,114553.87290165068,114726.83190714286,113241.03117142855,102689.67721992372,114766.4240861333,114787.06796400005,114966.52116511144,114759.26727403408
2016-08-30,114778.4454,114963.6878,114597.67769781756,114576.77259181935,114598.0140042404,114726.83190714286,112898.55877142858,102632.17955952302,114811.76041346662,114795.99035600002,114926.62666146985,114771.71988891861
2016-08-31,114464.1108,114778.4454,114456.96666974726,114427.24147442252,114456.95437878674,114624.9056764706,112956.75009999999,102608.46594984941,114469.04124799989,114579.578228,114338.11031815149,114411.46434685797
2016-09-01,114547.3239,114464.1108,114167.30162588514,114139.27392644092,114167.03279029267,114300.2559375,112081.64365714286,102588.48764863765,114267.8629453333,114297.44439599998,114319.58636466794,114242.24107881404
2016-09-02,113859.8087,114547.3239,114182.80307944198,114139.55617860044,114182.73217911992,114300.2559375,113148.70537142859,102579.82396440279,114348.4733219999,114383.59941600003,114365.36613737885,114284.46521265974
2016-09-03,113871.4938,113859.8087,113621.73914370948,113567.36864981073,113621.22506421624,113086.3235,112189.87457142856,102417.94298657464,113595.84326266663,113597.642258,113499.36486396496,113554.19225881412
2016-09-04,113863.3141,113871.4938,113521.89263378504,113473.40827369003,113521.91258615548,113436.0024,113604.0623857143,102543.26725415305,113681.44561866674,113723.06683400003,113653.71286345428,113602.85558527034
2016-09-05,113863.2141,113863.3141,113745.42110941593,113650.00975166055,113745.3004681808,113841.30962857141,113269.55414285716,102491.5523255315,113639.3119233334,113627.24333200003,113627.36693667246,113638.89620388881
2016-09-06,113863.8289,113863.2141,113552.0736619857,113480.14305999411,113552.00612427457,113841.30962857141,112898.55877142856,102490.73630198782,113630.87261266676,113621.03437600001,113503.47617694,113538.16394986695
2016-09-07,113546.9853,113863.8289,113555.02812089006,113492.2114542829,113554.79837437993,113841.30962857141,113635.52771428574,102455.87706817308,113625.92863200008,113618.59408600001,113524.59654505162,113547.57887711153
2016-09-08,113546.7227,113546.9853,113236.45833768061,113188.2895582063,113236.32881217617,113086.142,113087.95664285714,102396.52757567988,113243.41079133337,113273.02325999999,113119.31634595999,113183.67223183322
2016-09-09,113273.5471,113546.7227,113176.21963868538,113129.50105750324,113176.19276403604,113071.5121,113640.12154285716,102311.09842379499,113270.55160333336,113253.30137599997,113160.74757482971,113186.93341188878
2016-09-10,112807.6782,113273.5471,112942.19151864345,112891.9035404139,112942.26063753486,113086.142,111983.94227142858,102275.33073595222,113108.08999200011,113080.42465,113159.73658985137,113053.24337408847
2016-09-11,112806.7085,112807.6782,112501.74398835156,112458.33443789091,112501.74332495485,112990.7184,111977.67404285715,102312.46030180597,112667.92539466664,112675.664766,112563.43901687277,112563.2329498101
2016-09-12,112807.3863,112806.7085,112473.29108186344,112435.01094989905,112473.40028401,112990.7184,113917.92830000001,102327.74420060989,112664.02332666665,112696.32305800002,112598.78980120068,112565.94135925546
2016-09-13,112582.5273,112807.3863,112524.50986915987,112476.58555357231,112524.37969924771,112990.7184,114034.82737142858,102310.49042977448,112604.74558866667,112590.64996400005,112536.13274666009,112539.15462963302
2016-09-14,112483.9383,112582.5273,112336.94396645972,112288.9362566642,112336.48516505917,112258.4326,112212.29084285714,102283.91661779121,112263.18292733342,112267.34104799997,112005.78150428357,112185.96689609373
2016-09-15,112291.8162,112483.9383,112180.77851009312,112149.77724586896,112180.58945936037,112226.8534,113230.09387142859,102227.34638196806,112220.52104333341,112203.40404600003,112030.19621979033,112133.49816966424
2016-09-16,112132.36,112291.8162,111971.63902406239,111899.80138586128,111971.44160226293,112159.9696,112436.00252857144,102123.59338213585,112078.02404800005,112076.88799000006,112038.34636224265,112005.39059870133
2016-09-17,111657.9295,112132.36,111783.52470350117,111717.57164545856,111783.551936644,111925.8124,112355.46814285716,102016.14864434306,111855.54132933341,111861.46143200008,111701.4446495422,111758.18587477806
2016-09-18,111657.8004,111657.9295,111350.9981281439,111299.76288243964,111351.02031876081,111021.2923,110852.38768571429,102071.1573337496,111419.65740133327,111388.29255399999,111354.27182726155,111357.89737034483
2016-09-19,111658.4932,111657.8004,111282.41824464405,111219.01874667908,111282.85746110026,111515.4211,113917.92830000001,101999.50925315739,111516.08410199994,111507.81291799997,111416.26720664006,111383.79001843969
2016-09-20,111718.2298,111658.4932,111310.9757929065,111241.38107511176,111311.32407102369,111515.4211,113871.52025714285,101979.28356976497,111517.64190999992,111516.07242799997,111394.76447990705,111384.59582167292
2016-09-21,111533.0152,111718.2298,111362.86013639814,111289.14123935683,111363.13845391691,111515.4211,113450.80152857142,101963.53083590679,111543.15020333328,111541.25947199999,111430.52687451214,111420.93943906743
2016-09-22,111158.8173,111533.0152,111129.58249032014,111048.71714533478,111130.0741834115,111026.427,112201.21931428571,101954.48001251608,111178.36563333336,111282.42181199997,110960.0391495433,111062.37397607048
2016-09-23,111011.908,111158.8173,110776.98450290698,110692.2266559254,110777.31908353453,111021.2923,111668.89544285715,101935.95177061761,110976.26943800006,111053.36571400001,110976.60005393653,110881.69871595401
2016-09-24,110826.4427,111011.908,110611.85666111112,110521.40925315632,110612.12242348862,110585.2406,112413.5742857143,101828.1626703252,110179.68424133335,110208.67825999997,110317.34287802775,110339.47879083914
2016-09-25,110826.4307,110826.4427,110419.19384828293,110335.29498861174,110419.60507773234,110585.2406,111977.6296142857,101821.36371157948,110122.64938800008,110036.65202200002,110279.19340644902,110245.71259435361
2016-09-26,110826.3538,110826.4307,110404.64061698905,110313.31014117427,110405.17445808247,106864.9901,111241.79660000002,101787.76631334111,109623.40117200004,109603.67131,110044.68853111863,109993.79994809766
2016-09-27,110214.4434,110826.3538,110444.06746136592,110336.92566896587,110444.41515406236,106864.9901,113450.80152857142,101772.59127479933,109635.44814200004,109598.09633200002,110002.06543627402,109991.47974907998
2016-09-28,109539.865,110214.4434,109908.86073624373,109805.84823762419,109908.83556953474,106864.9901,110239.86124285715,101913.0273175309,109375.71361800005,109261.209592,109464.58052021704,109548.71412528043
2016-09-29,109439.9486,109539.865,109238.0409856494,109153.52057805726,109237.99714681563,108612.9859,111398.76239999999,101947.30970660393,109294.81348600013,109274.00055800006,109073.1877536572,109173.84060590486
2016-09-30,108988.4989,109439.9486,109064.52224187812,108976.21599921977,109064.75541808126,109020.3123,111057.34124285715,101687.41040153721,109238.15924466676,109221.85161200004,109153.2242378913,109122.53316059262
2016-10-01,108278.318,108988.4989,108676.75418220027,108571.3840511163,108676.7365324519,108437.5176,108449.46344285714,101792.28884368026,108595.8681526666,108603.29028999998,108095.75428181668,108421.00216186652
2016-10-02,108278.318,108278.318,107957.47489456818,107843.5208961733,107957.80669865267,106931.473,109657.33474285714,101945.07129806075,107215.1772419999,107466.41880800003,107742.70720765497,107600.46844860939
2016-10-03,108280.4583,108278.318,107884.58038881494,107784.36209657895,107885.15886781382,106931.473,108999.88351428571,101557.31458984956,107307.98847733332,107513.54399800001,108007.33819185819,107699.89625525683
2016-10-04,107763.1696,108280.4583,107886.96660535413,107790.74554201719,107887.51820401204,106931.473,107948.02297142858,101438.85584863568,107269.84154066663,107409.05383600002,107968.28040036606,107676.28916101663
2016-10-05,106658.7359,107763.1696,107430.43493941663,107355.17810923951,107430.72660624643,106931.473,106805.45547142856,101631.56851244826,106901.17477866662,106898.74614800002,107176.87030841736,107144.40773210784
2016-10-06,106031.3662,106658.7359,106423.24983085672,106374.46741677877,106423.20315135199,106969.48845,104294.39923285715,101935.84847831602,105941.07455733347,105915.26252,106086.89097605586,106134.1443167227
2016-10-07,105689.3363,106031.3662,105739.11086869426,105701.97720291694,105739.37412570679,105413.7741,105891.87691428572,101833.04803055224,105395.60684999994,105458.68455399999,105127.55610240021,105408.38005177236
2016-10-08,105374.8343,105689.3363,105362.95561308955,105330.34883169734,105363.38380405382,105413.7741,105736.51968571427,101666.16175603365,105224.96979133328,105248.69601399999,105245.63512940188,105266.98458414416
2016-10-09,105082.298,105374.8343,105018.15592834604,104990.27129706397,105018.95408887889,105413.7741,105177.36269857142,101662.33940518663,105126.8590326666,105149.48971400002,105290.30788261563,105135.81273744872
2016-10-10,105082.761,105082.298,104926.1025633462,104851.94319912863,104926.91270070613,104752.2296,105683.10607142858,101615.8323855484,104741.22972533322,104660.584112,104704.90930997113,104766.02741147765
2016-10-11,105084.2909,105082.761,104656.09167682072,104595.43270165395,104657.0986067727,104752.2296,104501.00214285715,101283.53026014249,104657.8962593332,104626.46059400003,104676.52515526874,104643.28470541863
2016-10-12,104860.0239,105084.2909,104621.20959542865,104562.13655427395,104622.0400898108,104752.2296,102518.6669342857,100937.22236871129,104689.72661466654,104629.68951800001,104676.52515526874,104642.79610806973
2016-10-13,104671.8633,104860.0239,104375.38083593475,104348.29233631585,104376.371825168,104752.2296,101713.58428714288,100821.64047393262,104477.83958399988,104446.635262,104266.97246421484,104364.36812817685
2016-10-14,104595.9809,104671.8633,104185.24368653762,104160.65252480401,104186.17546159751,104277.076,100373.44091714287,100662.16218754719,104480.9288259999,104407.52882,104283.53336860807,104308.37157313731
2016-10-15,104553.8386,104595.9809,104082.76015667737,104028.83500271649,104083.66436694685,104277.076,100044.37025571428,100534.3140297535,104429.72309799991,104384.69828000001,104293.11546867681,104250.55785646441
2016-10-16,104553.8386,104553.8386,104005.74343081513,103960.71219306307,104006.8279099494,104277.076,100173.23001142856,100429.55324134389,104441.41007466658,104388.06077200001,104312.55069577154,104238.22432116706
2016-10-17,104554.4204,104553.8386,103996.16378355255,103942.63544723239,103997.46952768604,104277.076,99754.68762428571,100369.7459014189,104475.21372333322,104465.510666,104330.38052193089,104249.40989749883
2016-10-18,104248.9051,104554.4204,104043.32008936176,103962.5352556423,104044.33922842804,104277.076,99362.07030285713,100362.17589674561,104481.15720933324,104483.79792600003,104304.5292513567,104249.40723877742
2016-10-19,103505.0485,104248.9051,103797.075608505,103673.34486353303,103797.52876531381,103605.7663,100334.28951,100451.90188517244,103760.43345066665,103773.11847199999,103755.93045365458,103729.90292261809
2016-10-20,102792.881,103505.0485,103124.20158937405,102993.3496102497,103124.28099442147,103084.4799,101510.98851285713,101194.94297963266,102940.10198596661,102916.1152155,102901.13272395775,102944.86144005803
2016-10-21,102712.8095,102792.881,102480.01198155472,102360.94338692164,102479.86957683231,102828.04987142856,102753.84284000001,101238.64123988657,102745.38872111114,102709.032134,102648.05931446007,102584.79714083095
2016-10-22,102509.7,102712.8095,102332.65963840352,102195.54295096383,102332.81362101545,102828.04987142856,99826.24852714284,100567.36732517577,102719.76780288893,102716.12912000004,102746.1683427683,102553.82636554034
2016-10-23,102500.613,102509.7,102135.58584853035,101982.11233844783,102135.67797542331,101762.8341,101165.87628,100676.84636826336,102219.87707066677,102218.09022200001,102228.79707010467,102143.5954930731
2016-10-24,102502.4942,102500.613,102117.16670455415,101973.47988723013,102117.30963909069,101762.8341,99729.15050285716,100486.81892653457,102275.6315760001,102265.96234200003,102241.21198507008,102163.44114943343
2016-10-25,102305.172,102502.4942,102158.01076412653,102039.48042749101,102157.90434468216,101762.8341,101160.16496714286,100289.49595491288,102295.78102933345,102321.86239000002,102206.58200914993,102180.61448865813
2016-10-26,102050.155,102305.172,101999.49507349095,101920.65151538502,101998.97823260601,101700.9192,99437.0295142857,100080.39751797482,102039.01585599995,102094.67760600004,102050.63925743279,102003.43554293925
2016-10-27,101619.2696,102050.155,101727.93665801226,101680.38410200921,101727.54998114661,101700.9192,99089.17079857143,99927.36999318813,101870.06217866657,101931.82926400001,102025.78302698724,101858.74310255433
2016-10-28,101491.322,101619.2696,101337.3782788896,101304.74036112658,101337.16257642169,101530.89823636365,99155.3139,100156.81599857013,101460.65462133338,101432.529554,101262.67181622145,101342.6889328938
2016-10-29,101428.1831,101491.322,101201.53053649483,101186.3390945119,101201.30620541498,101530.89823636365,98373.46638428571,99775.51712059016,101414.90730400004,101377.64545000001,101307.22906328175,101302.82515393122
2016-10-30,101411.7336,101428.1831,101110.1863626866,101096.4626174958,101110.19996549345,101530.89823636365,98715.12488857144,99689.69352964673,101308.20730753338,101297.51945660001,101342.50395893262,101249.05796132058
2016-10-31,101412.8853,101411.7336,101075.43511802862,101048.74770990612,101075.75276242956,101530.89823636365,98483.37019714285,99577.06386750023,100900.10930886668,101032.26649460003,101086.20789049243,101011.68830308842
2016-11-01,101173.0561,101412.8853,101134.8699019845,101110.13720023545,101134.83660299434,101530.89823636365,98099.10303714286,99519.13420076421,100898.69549533328,101028.95181600003,101064.78443549022,101024.53904368631
2016-11-02,100939.1178,101173.0561,100963.1372001027,100935.77038404786,100962.54287578873,100105.6195,98057.92469571429,99521.49848367489,100752.46251093327,100800.24969859999,100996.5553643542,100894.92941977845
2016-11-03,100557.459,100939.1178,100715.98113555055,100677.11496469873,100715.30147536843,100342.3072,98092.82577428571,99390.98822914451,100683.99385706655,100804.67565740002,100558.42486865664,100639.84456347399
2016-11-04,100134.9025,100557.459,100325.23716765875,100270.6719976832,100325.03668420347,100342.3072,98169.48919714286,99585.89879633203,100423.00650713319,100486.64137680002,100454.3474310708,100382.67531196239
2016-11-05,100059.8014,100134.9025,99901.43973655374,99828.06098721895,99901.4630472123,99735.83606333334,98164.81891571428,99798.74972348826,99794.25512473322,99861.37803680003,99857.00774498253,99826.4412856449
2016-11-06,100060.0089,100059.8014,99757.52878498037,99681.92181927973,99757.91437446822,99735.83606333334,98019.42076285716,99298.6635852063,99847.17456546663,99922.93636580002,99900.69340257432,99809.9299291069
2016-11-07,100060.0906,100060.0089,99741.70864098977,99654.30212831663,99742.29253788957,99735.83606333334,98266.59070142858,99240.50220575764,99883.09724760002,99928.89791840006,99918.52322873367,99818.64086821677
2016-11-08,99938.23344,100060.0906,99755.59911106926,99652.5127277628,99756.19067497192,99735.83606333334,98009.96996571428,99160.69734706433,99830.84824553334,99907.89943680001,99892.67195815948,99792.01097715188
2016-11-09,99733.99454,99938.23344,99645.66479038807,99551.72265903928,99646.09704580797,99574.06435999999,97930.88623857145,99038.58113599395,99765.55561193333,99737.5300398,99832.85364896437,99716.71063997899
2016-11-10,99602.94539,99733.99454,99434.68883742968,99349.60790278246,99434.92063331837,99574.06435999999,97432.15584714284,99019.78058456894,99609.12244780002,99712.07457300003,99508.1757643416,99488.9687049747
2016-11-11,99571.87373,99602.94539,99298.2334145397,99226.28093393995,99298.52087386182,99574.06435999999,97828.36802142857,98820.18389087068,99471.81322520004,99470.35836420004,99533.14743067576,99410.41386327193
2016-11-12,99500.56385,99571.87373,99262.40232070243,99198.78119233734,99262.81438460769,99574.06435999999,98077.64446714286,98836.06101685145,99535.16755673342,99574.72282360001,99550.91993052652,99428.28955986576
2016-11-13,99500.56385,99500.56385,99184.25513205775,99126.18197423889,99184.68934004207,99407.97244333335,98104.19157571429,98781.23619015916,99414.84364739999,99430.82289780003,99568.42232632663,99369.81598265516
2016-11-14,99501.82168,99500.56385,99204.04765741258,99153.96906247079,99204.4021506792,99407.97244333335,98113.82475714285,98735.21370166804,99441.3043786,99489.72581540003,99586.25215248598,99393.84186451894
2016-11-15,99474.78716,99501.82168,99267.10932153536,99217.32319499,99267.15083530993,99284.0528,98405.69015285715,98749.68237936842,99418.04289220007,99454.3390396,99560.40088191179,99398.58898970061
2016-11-16,99205.2716,99474.78716,99263.80317122492,99226.09087737615,99263.6101197385,99284.0528,98393.53925,98670.80511115155,99399.35367073331,99422.53888380002,99527.75627992013,99384.40027600987
2016-11-17,99181.19466,99205.2716,99011.70308252319,98969.09223450856,99011.38898676439,99198.900295,97723.59790285715,98836.68194875377,98996.10570493339,99011.110374,98942.0631450657,98969.0870281692
2016-11-18,98759.71062,99181.19466,98946.81694909747,98878.7817129438,98946.78460490069,99198.900295,97728.65367857143,98477.31924670318,99026.85746553335,99001.66945480002,98991.91645958653,98965.85187935457
2016-11-19,98590.43692,98759.71062,98552.95683721385,98463.12409746571,98553.10449081974,98611.96696,96265.42476571428,99152.85146187643,98614.41273859999,98605.3952482,98504.1257193697,98527.2208518118
2016-11-20,98590.18093,98590.43692,98353.63189570302,98275.1011929182,98353.89076679214,98611.96696,98182.29202857144,98625.26607490814,98555.7341893333,98552.32387959998,98557.20923452436,98462.68153892529
2016-11-21,98590.8519,98590.18093,98347.8912219442,98264.8293247334,98348.25769906356,98611.96696,97299.35753285713,98535.07294879796,98556.2396096,98541.17905099996,98561.29265927964,98460.78719787102
2016-11-22,98590.1228,98590.8519,98397.62504179872,98311.15075532242,98397.79875513016,98611.96696,97373.41445,98563.04908161602,98521.29665059998,98501.06190099998,98539.78993254664,98457.41244615633
2016-11-23,98513.02444,98590.1228,98396.266280434,98315.58320788748,98396.31596259624,98611.96696,97891.1950342857,98459.92854774288,98535.62916139998,98505.16374479998,98518.66956443503,98456.62731124082
2016-11-24,98627.42262,98513.02444,98296.76598217894,98226.73907226442,98296.88128542884,98421.86622805556,97681.92732571428,98401.85806439446,98471.6945904666,98484.36791899998,98411.43725310772,98369.95697194625
2016-11-25,98551.26764,98627.42262,98367.99015788404,98302.97688241297,98368.20993923722,98543.26074,96989.56705142857,98408.35805160642,98512.94143646664,98514.64841080004,98541.84594506928,98452.58808798296
2016-11-26,98459.7594,98551.26764,98302.30562102726,98240.84432139443,98302.68325619251,98421.86622805556,97494.49952428571,98333.21410732476,98452.34220726663,98470.59833660001,98425.7060984842,98372.96420904843
2016-11-27,98458.52795,98459.7594,98201.57625979873,98150.82609539379,98202.0286540069,98421.86622805556,97766.41848857142,98274.47070479272,98450.25374909994,98467.73977360003,98466.00836243454,98355.69606897607
2016-11-28,98458.56136,98458.52795,98218.83163187002,98172.47468479925,98219.23644673073,98421.86622805556,97249.65279000001,98232.49699021573,98447.84029953326,98463.46405740004,98470.09178718983,98363.46892384079
2016-11-29,98337.71441,98458.56136,98276.96320447008,98232.2671546722,98277.17551070894,98421.86622805556,97162.84671285715,98293.97506160678,98423.38908713326,98445.55187820003,98448.58906045683,98368.08176742076
2016-11-30,98373.0832,98337.71441,98183.90434999301,98133.05164083664,98183.894691004,98208.25645666667,97298.1704257143,98248.20349409294,98378.74620279988,98357.49860600002,98223.94865389222,98245.24883250958
2016-12-01,98087.62738,98373.0832,98175.24517686956,98131.42092410904,98175.40081685955,98421.86622805556,97663.02267714287,98224.63137245059,98350.5782430666,98336.44562160003,98449.84827216002,98310.61581311189
2016-12-02,97827.82202,98087.62738,97935.76770025048,97868.58136296432,97935.68656342031,98063.80228642859,95237.33943285713,98368.97008637048,98059.99098173341,98054.68303790002,97936.23712629547,97954.93649033106
2016-12-03,97848.15947,97827.82202,97672.9509126032,97597.63355438977,97672.9614400537,97840.28390333334,95554.84197857142,98386.87254280354,97771.59661513334,97741.92035420005,97792.31948339526,97720.51655097278
2016-12-04,97848.15947,97848.15947,97639.25194484496,97567.09499448191,97639.61642186106,97821.22973058822,96673.74852,98104.19266196586,97872.53399693334,97803.10509540005,97837.83101358055,97759.1533349986
2016-12-05,97848.15947,97848.15947,97646.62604183087,97563.18674182096,97647.01455041952,97821.22973058822,96223.41798571427,98086.59973436054,97823.967156,97773.99259520005,97837.83101358055,97741.66163713385
2016-12-06,97823.51807,97848.15947,97690.4355103574,97609.49045512146,97690.6830970598,97821.22973058822,96261.93526428573,98135.86856113,97842.79743960002,97786.76857980002,97827.9836965722,97760.09053043123
2016-12-07,99672.62631,97823.51807,97667.20949800765,97595.15798887114,97667.41303304253,97821.22973058822,97418.39436285714,98072.9368463225,97812.5739962,97779.47002500005,97795.33909458054,97734.35702655057
2016-12-08,100077.4478,99672.62631,99175.85327426389,99064.49704160738,99177.7285260944,99574.06435999999,106522.40207857142,101687.25191250263,99605.23987766664,99559.47344740006,99646.35307558248,99438.69666495216
2016-12-09,100114.3392,100077.4478,99688.57622905387,99545.0524914084,99690.44060097888,99554.71523,100515.14617857143,100288.64943279541,99861.01047033326,99933.51741439998,99897.77898251037,99767.94731475068
2016-12-10,100101.9907,100114.3392,99759.28042881768,99636.6463524491,99761.2649570094,99268.19811,101357.50859142854,100057.99279201165,99817.0613292666,99822.0255012,99440.15164593497,99631.2864425502
2016-12-11,100102.1254,100101.9907,99735.18118660284,99631.66401528836,99737.3659084217,99554.71523,102348.48735,100053.83686457094,99837.35180679991,99879.69696520001,99626.12831775684,99698.38137994839
2016-12-12,100102.7022,100102.1254,99784.18261212109,99688.58403851713,99786.26341848836,99554.71523,101561.43862285714,99857.65730866342,99885.9805284666,99878.35126239998,99646.01516752772,99740.19324483715
2016-12-13,100228.0271,100102.7022,99879.01681437815,99769.29630680365,99880.75162222852,99268.19811,100627.64900714284,99456.28596920698,99844.06629173327,99834.33343759997,99669.66458184457,99761.00906012715
2016-12-14,100227.5916,100228.0271,100062.85379872248,99943.55636388528,100063.91171497597,100050.6518,97075.89183,98917.96299163644,100070.1259094665,100048.850725,99898.35409327918,99970.67878887698
2016-12-15,100061.6421,100227.5916,99995.22532080635,99804.13094770702,99996.1733694048,100050.6518,97562.6863442857,98316.30774565783,100079.44772026653,100053.99446979997,100243.29288428093,100042.29051741817
2016-12-16,100205.8276,100061.6421,99854.65185452472,99653.51809612659,99855.33687110018,99554.71523,96962.46194857142,98234.12962503405,99825.54186273321,99818.63777320001,99984.78626985814,99821.28207623931
2016-12-17,100063.8235,100205.8276,99959.11025887817,99767.442545939,99960.04096800744,100256.66506666667,95939.96055857142,98496.95986657994,100071.14462213319,100051.5658452,100247.4878509415,100028.69167300455
2016-12-18,100063.8759,100063.8235,99848.43408931077,99668.143599955,99849.09209060483,99554.71523,95858.78947857142,98246.80922912885,99837.46710606656,99746.33128700004,100022.28872481875,99842.63314361342
2016-12-19,100064.7619,100063.8759,99865.72471446099,99694.11086528168,99866.29564067474,99554.71523,97220.45437,98190.55535855622,100310.52528419995,99750.112552,100030.72069341522,100011.78561429895
2016-12-20,99877.19998,100064.7619,99917.29372629272,99744.46780012215,99917.78125192417,99268.19811,97494.82044857142,98264.89755809188,100321.80769039993,99674.35748419997,100070.23700674862,100045.50416575691
2016-12-21,99829.79571,99877.19998,99719.4542115785,99647.26850031223,99720.48687188578,99574.06435999999,97600.68676285715,98344.27893529146,100070.48028893326,99463.72626800001,99669.7368593649,99795.8285495368
2016-12-22,99918.38838,99829.79571,99609.12364972032,99561.77098525662,99610.45076892425,99574.06435999999,96717.98828714284,98308.79033472689,100093.83286926661,99527.55705460002,99691.9193179219,99782.50772414838
2016-12-23,99828.85709,99918.38838,99688.60710675459,99645.94576378827,99689.95772323856,99574.06435999999,96549.74988571428,98379.62315279958,100153.17029846658,99549.495804,100049.29811927711,99949.471393844
2016-12-24,101786.6737,99828.85709,99597.05330394671,99546.7508317057,99598.43724479567,99574.06435999999,96843.22784857142,98364.05370489926,100012.70047819994,99414.81824420005,99694.82672760668,99751.4260125041
2016-12-25,101786.8223,101786.6737,101605.40556562631,101527.60754929273,101606.00732770324,101075.4205,107162.07771428571,101688.88827835073,101931.97297400005,101848.96117200002,101985.93326112774,101815.1712614735
2016-12-26,101786.975,101786.8223,101770.59913827534,101653.95602508189,101771.219104425,101075.4205,99792.22456714287,99762.98887519594,101805.84880133333,101704.752614,101923.09416935881,101794.29966525799
2016-12-27,101786.975,101786.975,101551.10833656973,101493.17884122627,101552.3499558437,101075.4205,101565.76014714285,100007.04148201727,101826.77074599994,101721.51764000002,102001.09678391808,101773.68212371477
2016-12-28,101787.2103,101786.975,101550.2475630024,101508.5507316927,101551.66905432554,100105.6195,102818.86349142856,100048.2272019939,101849.71484466664,101754.57128600003,102001.09678391808,101786.45412009249
2016-12-29,101830.207,101787.2103,101537.51549628165,101484.36726445724,101538.85812190169,101075.4205,100935.35752571428,99862.35954464198,101828.06404399994,101718.15208800002,102001.09678391808,101771.17603079176
2016-12-30,101920.8714,101830.207,101598.91411328575,101532.5629663037,101600.08424385014,101075.4205,98832.35142714286,99515.66827063245,101831.70160799999,101755.45984200001,101932.89459175269,101765.7197220188
2016-12-31,102454.0955,101920.8714,101756.76615780607,101660.37219932748,101756.88991631777,101050.985,96500.09976142857,99084.01478169861,101841.4554593333,101778.08779400002,101932.89459175269,101811.57408347115
2017-01-01,102469.7427,102454.0955,102414.4222698123,102215.11037952367,102413.68626883261,102176.7361,98203.19275142858,100159.55362444087,102669.69720666656,102616.92437200001,102423.71838397621,102436.17532338882
2017-01-02,102469.7427,102469.7427,102490.24180366658,102276.01550537215,102489.38866619892,102176.7361,96199.87666285713,98982.35179971771,102640.62422599991,102580.23174,102423.71838397621,102446.78603844943
2017-01-03,102470.2595,102469.7427,102298.74662975688,102102.43118823049,102297.98847337705,102176.7361,96138.09745571429,98947.05965963227,102676.60788666662,102594.02862600003,102576.52283448586,102451.85396979433
2017-01-04,102392.8757,102470.2595,102297.58276871589,102092.88444238761,102296.65737145123,102176.7361,96125.56369,98889.07416680764,102649.01086799995,102634.23614800001,102576.52283448586,102439.47271495782
2017-01-05,102751.5232,102392.8757,102212.27717072153,102005.31661817807,102211.09707831166,102176.7361,96573.88845142857,98763.34719905598,102525.17079599992,102539.991216,102351.67133987916,102294.05291801905
2017-01-06,102936.0797,102751.5232,102452.55418175162,102262.51323567283,102452.7253739683,102220.0244,95613.8611142857,99587.48179847178,102921.2411019999,102816.08026800003,102979.69873646491,102721.15102471254
2017-01-07,103157.3118,102936.0797,102612.95538517529,102508.43461205473,102613.87599763699,102220.0244,96224.05204428571,99271.53097737652,103021.06010666661,103022.603614,102979.97695285222,102836.4905571912
2017-01-08,103152.7068,103157.3118,102786.55203195792,102667.36497594928,102787.5443597419,102220.0244,95466.55422857143,99404.2594223668,103126.69295399997,103133.24492799999,103032.35195253116,102942.13662749347
2017-01-09,103152.6218,103152.7068,102821.91840298637,102706.73343812587,102822.95858329342,102220.0244,96936.75240428573,99105.55138404094,103090.1741411666,103119.83173400002,103027.92413695918,102941.6105720839
2017-01-10,101878.5887,103152.6218,102862.4674334792,102746.64773264762,102863.49304825864,102220.0244,95963.77297857145,99203.38641290995,103058.1945178333,103141.330162,103059.52490122095,102954.78905056727
2017-01-11,101928.8154,101878.5887,101781.11994119467,101696.28937594988,101781.49596977606,100105.6195,100028.08942857142,101408.16827379091,101753.68086999998,101689.72062200001,101816.58046645358,101755.51690413448
2017-01-12,101930.6885,101928.8154,101696.66807486574,101630.70070132322,101697.37578524281,101075.4205,96092.1477042857,99102.00152028532,101744.99916533327,101760.73602800003,101937.82233011532,101771.1740655906
2017-01-13,101985.6409,101930.6885,101695.99685322677,101596.53056291076,101696.6087881191,101075.4205,96500.50799571429,99106.90915138154,101740.512638,101739.83298800001,101908.1064391758,101748.38321336219
2017-01-14,102005.0398,101985.6409,101727.21746150216,101632.47978556115,101727.79742095913,101075.4205,97421.24811571428,99233.18603056275,101693.41750599998,101734.28673000002,101908.1064391758,101744.66791024564
2017-01-15,102004.9843,102005.0398,101704.71228520974,101603.54505869061,101705.31033288893,101075.4205,96299.82474857142,99082.44904732412,101723.5171293333,101772.95431000003,101889.5290133139,101738.86373377928
2017-01-16,102004.9843,102004.9843,101707.83503294192,101612.18729190424,101708.12565631738,101075.4205,96092.1477042857,98892.17335600214,101722.22215599996,101760.94966600003,101885.18046947272,101739.86330579231
2017-01-17,102039.1801,102004.9843,101732.80325111098,101654.33629722976,101732.60474750811,101050.985,96554.71461428571,98759.90575746683,101729.18972799991,101774.90438000002,101887.98690884234,101757.170978024
2017-01-18,102036.8754,102039.1801,101799.39660566447,101745.96595726475,101799.06052116172,100105.6195,96876.60556000003,98757.81853167668,101762.28626666662,101792.55836000007,101887.98690884234,101798.74637759123
2017-01-19,102479.5087,102036.8754,101758.56229697724,101706.20668109083,101758.06272162046,101050.985,96616.33486857144,98713.93374598515,101724.89303933324,101779.23493400004,101820.54152071405,101750.54708037937
2017-01-20,102480.9321,102479.5087,102123.16701120597,102045.95008658909,102122.79237037977,102176.7361,96940.70287714284,99753.03370358073,102672.28437533334,102659.80417200005,102325.36070199202,102347.86505463814
2017-01-21,102486.6168,102480.9321,102152.56973508045,102058.92699533193,102151.98339031523,102176.7361,97027.06079285716,98869.51296440107,102695.79666133331,102654.52283600002,102325.36070199202,102360.02811955241
2017-01-22,102495.2081,102486.6168,102144.57744461324,102039.79795599796,102143.6321598837,102176.7361,96724.73269857143,98828.62639773621,102679.91922066663,102636.47007400003,102283.34860762574,102334.3552614301
2017-01-23,102495.5094,102495.2081,102089.75734223284,102013.47852809029,102090.24670744622,102176.7361,96714.41257,98913.11353841094,102623.69591466665,102679.96983400005,102295.50753408327,102310.89399228006
2017-01-24,102653.5599,102495.5094,102164.78740318649,102017.49135045438,102164.67141784035,102176.7361,96809.5815,98903.63072934974,102680.58957600006,102728.39948800002,102321.20993900234,102339.76362181893
2017-01-25,102619.8881,102653.5599,102296.48458663587,102139.40381541176,102296.40616462093,102220.0244,96511.19528428571,99069.4575681796,102839.40949333337,102836.42228800003,102589.95753629005,102522.92361501174
2017-01-26,103152.5951,102619.8881,102255.97920238164,102088.79446120046,102255.7809328618,102176.7361,96592.14665857142,98800.60997819368,102833.88954400005,102876.99387200004,102288.56533701067,102403.74978073705
2017-01-27,104138.8281,103152.5951,102675.34459192446,102475.9969672448,102675.61927465591,102220.0244,96824.49151142857,100123.54846212637,103204.53338533331,103190.44092800001,102928.9292552151,102869.81986926442
2017-01-28,104131.7393,104138.8281,103621.39627263237,103409.4282823342,103621.29022734622,103676.9385,102818.50793142858,101484.4826834094,103988.05535733337,104015.51344800001,103779.51444695883,103725.66602887546
2017-01-29,104131.3573,104131.7393,103655.52260990016,103428.80909826698,103655.72478477951,103676.9385,99770.90888,99790.95112230952,103935.80171000004,103946.89710199997,103712.24753961792,103692.28611596166
2017-01-30,104131.4031,104131.3573,103657.23524094844,103446.16312885351,103657.99504466075,103676.9385,100036.60950857143,99861.9071254176,103928.44196733338,103923.32708599999,103754.33890571499,103709.64800063397
2017-01-31,104048.0324,104131.4031,103710.38054034753,103503.24926552408,103711.15362766791,103676.9385,100723.22787571429,99835.24990852106,103911.60376,103912.10458800003,103784.38985447524,103733.08095999977
2017-02-01,104128.1058,104048.0324,103646.1067913405,103435.06574819464,103646.83351351068,103676.9385,97370.87950142857,99570.21933268927,103924.16730266668,103920.27511399999,103733.10100007757,103697.4446836463
2017-02-02,104104.6651,104128.1058,103696.54655175487,103498.88980546786,103697.382206021,103676.9385,96842.18532428573,99418.69207668355,103984.62310933335,103987.45948799998,103779.1476126566,103754.22017581925
2017-02-03,103656.2303,104104.6651,103691.09001661697,103464.50999679706,103691.58060092795,103440.835,96708.10239428571,99009.80361658405,103786.87220400003,103859.95565799998,103749.01739216555,103666.79986432088
2017-02-04,103119.4376,103656.2303,103265.44753368339,103026.42619191678,103266.08192084952,103769.46666,99323.9600942857,99556.70252250497,103601.5700473333,103687.81617200002,103427.77110963159,103351.9224496272
2017-02-05,103119.7471,103119.4376,102749.02630332427,102540.95842854986,102749.81005406858,102220.0244,99086.7626142857,99861.56734461969,102809.06207583332,102830.996142,102812.73223270127,102720.91757902816
2017-02-06,103119.6879,103119.7471,102724.53395262784,102528.27596086275,102725.57460760261,102220.0244,96071.00739285714,99102.1480712916,102827.43266649998,102867.44372399998,102894.7466822219,102750.15176986154
2017-02-07,103123.8799,103119.6879,102777.6722242949,102589.48795001945,102778.64476448711,102220.0244,95943.03061857143,99171.30765340953,102785.41338316667,102873.57368599997,102899.32871902935,102758.07668407184
2017-02-08,103089.3409,103123.8799,102769.68647848819,102583.48913512165,102770.71096343659,102220.0244,95235.43464142857,99129.6048647188,102789.38822916667,102831.487104,103037.72653269848,102803.53463232894
2017-02-09,103029.9423,103089.3409,102716.39939027511,102565.1931927322,102716.69215726435,102220.0244,95513.63368,98986.7873847745,102750.13617249997,102810.355222,102934.12950516598,102749.81962346606
2017-02-10,103042.6469,103029.9423,102621.17920771142,102532.27304113182,102621.6763155644,102220.0244,95946.03720714284,98852.16930887228,102838.97029666667,102888.310276,102876.91685606255,102749.38673128701
2017-02-11,103048.6278,103042.6469,102625.79409236324,102555.7724557649,102626.16676400595,104056.6379,96344.03261571427,98887.38849532687,103626.04385066671,103779.05243200008,102894.7466822219,103025.52099621783
2017-02-12,103048.6278,103048.6278,102624.49606990846,102566.16031357339,102624.90103287177,104056.6379,96628.59985571429,98846.95277850947,103620.87759333338,103797.70381400004,102894.7466822219,103027.26152970956
2017-02-13,103049.1187,103048.6278,102641.85220753969,102574.6863048738,102642.11892582197,105240.384,96565.28645571427,98806.59410565617,103642.43758866668,103791.32769800007,102894.7466822219,103037.29019192078
2017-02-14,103017.9397,103049.1187,102686.92123818805,102604.80024145466,102686.93048361894,105240.384,96511.28033428571,98852.32917501901,103643.92290933337,103789.44668600008,102920.44908714097,103056.39074597634
2017-02-15,102919.97,103017.9397,102648.11694981095,102563.02444778409,102648.03265265006,105240.384,96415.80469714287,98802.77427297216,103604.5917446667,103753.47960000008,103683.82292864649,103283.81304036577
2017-02-16,103001.8855,102919.97,102520.81893720289,102431.09587829624,102520.70685656226,105240.384,96327.19625857142,98797.595136835,103542.78849800005,103711.95487000006,102818.61868357958,102930.83435329197
2017-02-17,103319.1287,103001.8855,102585.98501129397,102462.92663090129,102585.66412676798,104056.6379,96465.04264714287,98805.0089306312,103602.10836333339,103679.74420800006,102852.73458785562,102972.58986069677
2017-02-18,102806.2508,103319.1287,102843.30012668177,102680.48555052248,102843.34851435108,102621.891,96224.01210714286,99424.18218734984,103554.16429466665,103663.04593600001,103122.36890174654,103119.00624897855
2017-02-19,102803.7384,102806.2508,102391.4820906779,102221.95057404294,102391.25789107622,102220.0244,97852.45917285714,99569.34454886754,103274.33213800004,103360.32406800002,102757.67322855024,102751.3186468644
2017-02-20,102803.7384,102803.7384,102614.928041084,102429.95948401152,102614.29308694428,102220.0244,95822.44497714285,98767.79983747292,103195.22128866667,103205.38695600002,102855.49519235035,102826.89198834285
2017-02-21,102805.1186,102803.7384,102417.49908010938,102248.88252855431,102417.00931558313,102220.0244,96156.92492571428,98715.80099804714,102974.305564,102969.43072400002,102870.08710691171,102697.758399822
2017-02-22,102975.8793,102805.1186,102407.988718814,102226.84753402445,102407.43082636943,102220.0244,96146.22770285714,98683.42107413632,102952.3063666667,102947.93254800001,102841.79132741617,102673.6484093691
2017-02-23,101890.26,102975.8793,102513.37014328345,102320.86696754505,102513.03788982077,102220.0244,96118.3844757143,98911.13302364227,102975.905262,102983.11850799999,102837.20247284498,102711.32490079668
2017-02-24,102058.8082,101890.26,101598.71006864168,101402.0037905249,101597.7910927972,101661.80674999999,96502.95439714285,101150.73403119549,101705.55224666662,101736.66579200001,101617.70833891137,101575.08812536763
2017-02-25,102103.0332,102058.8082,101602.9359511628,101417.38796414153,101602.71767448963,101700.9192,95558.15518142856,98988.41008277446,101954.16564866659,101919.60497600002,102075.81993648745,101815.79118309852
2017-02-26,102100.6657,102103.0332,101625.76827992749,101443.92115933118,101626.3831523935,101700.9192,95858.73292714286,98825.25874320185,101942.39180533325,101967.43217200002,102105.72632164888,101830.67976210442
2017-02-27,102100.6657,102100.6657,101649.00139929532,101464.82193842443,101649.56314309116,101700.9192,95581.39407857144,98772.79245189173,101963.5690039999,101960.35771400001,102101.37777780769,101843.25624007733
2017-02-28,102165.4667,102100.6657,101691.82146789423,101508.31382790016,101692.25702131819,101700.9192,95551.08264285715,98810.31187950754,101985.89576399994,101978.81334400004,102079.87505107469,101858.02821432492
2017-03-01,102122.2021,102165.4667,101737.2770350343,101559.7882470435,101737.71216488758,101700.9192,95950.46213,98779.80063145462,102110.6455933333,102198.32806200002,102159.38984547049,101943.27456194909
2017-03-02,102305.4123,102122.2021,101654.33128120781,101501.14813387666,101654.65076055941,101700.9192,95906.40838000001,98647.35981263281,102053.32960466656,102035.11001000002,102049.83239206151,101868.10337686825
2017-03-03,102430.3816,102305.4123,101845.26445978152,101739.53983656592,101845.84349009168,101700.9192,95874.23115714286,98906.09667121389,102303.78064733333,102309.91581600001,102155.33473088325,102066.21840492751
2017-03-04,102812.3696,102430.3816,101980.09624877237,101838.57037397186,101980.52555204503,102176.7361,96136.30239857142,98895.91251454668,102467.06638066671,102487.26327399998,102155.33473088325,102153.6571618406
2017-03-05,102811.049,102812.3696,102272.38553395488,102106.61919942671,102273.393723993,102220.0244,96911.33882142858,99585.88145342743,103060.59658066671,102988.83863200003,102821.5216606212,102662.9124802382
2017-03-06,102811.1515,102811.049,102312.275001628,102128.55982620563,102313.26919222735,102220.0244,96349.98032428572,98852.34799696201,103017.07353933335,102939.01052599998,102817.17311678002,102654.26882743965
2017-03-07,102534.6483,102811.1515,102364.97061251634,102183.20845240816,102365.85766044041,102220.0244,96593.18871428573,98924.57664302895,103009.5247786667,102926.13969399995,102821.19851927913,102671.31058345134
2017-03-08,102507.4487,102534.6483,102128.42445850807,101963.15817056799,102129.1895385845,102176.7361,95384.56345428572,98997.0530495765,102625.18333400003,102644.21057799998,102219.85701862727,102269.39950773177
2017-03-09,102569.0481,102507.4487,102086.28941435608,101874.02026773055,102086.73450906201,102176.7361,96056.92720285713,98708.13521270655,102702.639884,102771.73854800001,102242.08857526231,102272.91624233096
2017-03-10,102577.6201,102569.0481,102141.32616467985,101923.41083490326,102141.74681261815,102176.7361,95951.08704428571,98661.45830615799,102690.85225733333,102767.20093800001,102188.62128268949,102267.62812497537
2017-03-11,102606.5696,102577.6201,102161.37415345223,101934.1609842622,102161.70449260696,102176.7361,95751.1211442857,98682.89196484795,102719.89745866666,102742.20116800001,102253.6196269061,102302.55935661164
2017-03-12,102606.301,102606.5696,102157.1744889372,101923.20449359335,102157.56541791989,102330.0985,95973.66197,98638.29812676815,102688.61616800002,102742.305286,102277.33043869694,102296.38370009676
2017-03-13,102606.501,102606.301,102183.93842044525,101956.69662950186,102184.27235955399,102330.0985,95749.91729571427,98594.59079265023,102826.99416200003,102884.01601199998,102285.27372078545,102356.32150409579
2017-03-14,102594.3056,102606.501,102232.36551489163,102016.07216488669,102232.57997771345,102330.0985,95979.87227714286,98665.39016532648,102862.77267400004,102902.36468399997,102315.3246695457,102398.05650281081
2017-03-15,102593.5059,102594.3056,102234.71106725698,102030.4926374103,102234.92939670893,102330.0985,96219.13277571429,98651.3936622199,102836.63190533336,102909.98422399997,102282.68006755404,102383.26820343257
2017-03-16,102643.708,102593.5059,102206.12752621358,102016.75319778894,102206.4522359629,102176.7361,96000.06459857142,98669.36811940686,102835.96822333334,102894.26959999999,102554.25304335168,102468.99148815799
2017-03-17,102668.0374,102643.708,102251.23174261676,102065.90543543707,102251.56214229618,104056.6379,96102.97288142858,98668.10201598099,102997.87388066668,103078.73247799998,102818.41860383195,102627.39930664522
2017-03-18,102621.8169,102668.0374,102271.17091961075,102105.84914451679,102271.71325271468,104056.6379,96522.82783857142,98751.99769260218,103059.75623000001,103082.20907199997,102573.82889611325,102579.81142354336
2017-03-19,102621.8169,102621.8169,102216.38022019938,102061.04581033345,102217.18532339623,102330.0985,96008.35293142857,98695.39638517618,102741.7436646667,102840.81318,102298.72065195894,102367.1700423197
2017-03-20,102622.2169,102621.8169,102226.0337990483,102064.18160990119,102226.8684913977,102330.0985,96134.49267428574,98666.30003097652,102751.31047466666,102818.99049199998,102319.74962925386,102378.41390460724
2017-03-21,102625.2841,102622.2169,102287.42140100553,102113.31231817472,102288.04773817048,102330.0985,96077.0999,98726.8570108507,102795.32557600003,102846.220378,102345.45203417292,102418.0299761159
2017-03-22,102717.1745,102625.2841,102294.12410355636,102121.616762691,102294.77380512598,102330.0985,96235.53349142858,98745.63961139917,102771.33121133337,102839.887676,102590.0417418916,102494.32990530533
2017-03-23,102680.8583,102717.1745,102344.55039811297,102177.49663899696,102345.38699502738,105240.384,96347.61786,98855.86368990496,103476.61407333335,103490.99640400003,102907.92132976392,102854.01068069809
2017-03-24,102502.1376,102680.8583,102320.90946014952,102156.9536124057,102321.86741276599,104056.6379,96101.37464142857,98718.19881113069,103026.11189533338,103066.00788399998,102584.06941096959,102589.0449729029
2017-06-01,112953.6903,102502.1376,102650.03323991151,102617.58237544495,102650.8085588635,103160.8008,112502.27634285715,100628.11022554823,102967.5441826666,103017.97699400006,102679.31055933764,102754.81237248308
2017-06-02,114346.2674,112953.6903,112122.4527563362,112067.15375163057,112121.64666659955,113424.43261666666,106740.62342428572,101624.10052233093,113219.07171066654,113192.08797800001,112913.42027403845,112733.21524544519
2017-06-03,114758.5639,114346.2674,114119.36132609773,113848.36728673363,114119.63260864529,114495.59016666666,112812.50473142858,101621.48071217853,114465.28685066667,114469.68804600001,113987.23490812686,114100.29634850904
2017-06-04,114828.9665,114758.5639,114455.05113732215,114280.28182853678,114457.79336430268,114498.3641,99791.85182428571,101623.31241534906,114953.28533600013,115054.38926400003,114071.65472649904,114435.07396367866
2017-06-05,114829.4392,114828.9665,114540.41707276895,114435.02493435476,114544.78176503477,114498.3641,99791.85182428572,101625.59186820064,115014.53957466672,115009.86962200003,114165.61270159864,114538.39240354004
2017-06-06,115435.7781,114829.4392,114667.39873765018,114576.00580885145,114672.35157507379,114498.3641,99791.85182428572,101629.95221628928,115049.49166000012,115056.33552200001,114243.0028855469,114622.83345146615
2017-06-07,115624.1691,115435.7781,115419.50222105964,115276.11344882898,115423.48727375607,114831.9954,113774.07271999998,101638.80849755951,115615.50763000002,115740.13975000002,115459.23436840175,115450.28514907691
2017-06-08,115978.5896,115624.1691,115954.43776191947,115708.63681129532,115955.3587938516,115677.724,108784.10790000002,101829.33692579062,115771.21976333337,115882.47039400003,115968.69540735256,115816.18399399375
2017-06-09,116175.8086,115978.5896,115970.93177528524,115393.62586406973,115971.77136628873,115677.724,111959.44535714286,102735.35770289239,115749.46697733327,115841.86386800003,116192.91215870151,115778.66833336819
2017-06-10,116484.6882,116175.8086,116140.17501372349,115559.42089259611,116141.90956034584,115677.724,113003.27468571428,102697.19060091644,115894.45995799993,115963.93988600005,116614.24299767337,116022.70794942316
2017-06-11,116496.1945,116484.6882,116420.60529254131,115870.40642596071,116422.93619235004,117036.7954,111959.44535714286,102692.59874462978,117361.31759066659,117247.28301800003,117208.60457134612,116813.44286265782
2017-06-12,116496.0197,116496.1945,116495.41626321747,115979.98944694018,116498.28168186,117036.7954,118048.65792857143,102621.51686177416,117333.55041466658,117231.35001200001,117295.09360612254,116869.54448924311
2017-06-13,116731.9626,116496.0197,116582.85392153068,116089.73947804394,116585.71627019576,117783.9105,122112.8815142857,102552.57308478397,117309.96412466657,117207.85606200002,117351.36342195918,116917.02234155656
2017-06-14,116901.2709,116731.9626,116807.2715171992,116310.47566511862,116810.16045639777,117783.9105,119067.06035714287,102577.36502125028,117871.02943133334,117551.42970800005,117918.26318189246,117366.5894261148
2017-06-15,116955.7865,116901.2709,116763.67396703885,116782.53303124342,116770.09328832725,117783.9105,127216.81854285715,102605.50387150202,117893.0055286667,117609.39123600005,117805.64696142774,117493.72850711264
2017-06-16,116963.0237,116955.7865,116799.96484861034,116880.58723109741,116806.92257148784,116715.6085,129535.23457142858,102577.11585156368,117666.62442800002,117449.65542400003,117746.83420334138,117431.34862081293
2017-06-17,119140.17,116963.0237,116802.85179680091,116898.80348105493,116809.99323159442,116715.6085,129387.66698571427,102510.70266625703,117664.04430533334,117465.87086000005,117746.83420334138,117436.56066324322
2017-06-18,119140.17,119140.17,118806.23768908635,118892.87798456699,118812.20746007634,119029.2282,119209.06810000002,101659.0399375043,119321.06516933342,119313.103166,121150.90507543228,119788.2827431109
2017-06-19,119141.1444,119140.17,119006.60259766891,119043.62267079008,119012.451287472,119029.2282,118048.65792857143,102546.41006618808,119276.63568400005,119278.202794,121059.12928605362,119793.12921361458
2017-06-20,118960.6436,119141.1444,119042.90836676264,119116.76083412251,119048.84742618314,119029.2282,118048.65792857143,102519.76220300751,119230.52592533338,119261.65942200001,121112.66013050373,119819.98229665321
2017-06-21,118792.1362,118960.6436,118890.55506779387,118964.60525307691,118896.16164527943,119029.2282,121667.85334285714,102456.9105796813,118921.82182533333,118743.885056,120793.35032776637,119559.92580205887
2017-06-22,119081.7663,118792.1362,118721.53184748148,118794.5796518126,118726.69107253363,119029.2282,122429.16585714286,102525.39315233809,118856.60813266668,118678.17225199997,120839.75861563763,119496.9821333723
2017-06-23,119029.1462,119081.7663,118990.75202840596,119014.91429103327,118995.30586131474,119029.2282,122228.51804285715,102722.58571055249,119321.0052406668,119327.75811799997,121040.56216632097,119792.16056600702
2017-06-24,118938.8675,119029.1462,119034.01588073593,119001.31863781041,119037.10224827987,119029.2282,129387.66698571427,102540.13636993525,119305.37251266676,119232.82582199998,121022.0911176816,119776.26075605291
2017-06-25,118939.4047,118938.8675,118874.93305310373,118744.5992066607,118877.05523538348,119244.8998,127738.7537142857,102540.60493911471,119022.72419266669,118838.75083600002,120586.1783290726,119451.1672428
2017-06-26,118939.8203,118939.4047,118908.5726776672,118736.24787831875,118909.5219886848,119725.0927,127122.61015714284,102631.96369162427,119011.241112,118825.29907600001,120602.66871700603,119450.05256910826
2017-06-27,118848.2218,118939.8203,118973.1569146275,118756.61974344416,118972.69230686012,119725.0927,125475.41527142857,102656.04147176754,118979.57118866667,118812.23339400001,120655.90830529023,119464.03307913367
2017-06-28,119172.5467,118848.2218,118922.32913153336,118656.70662500647,118920.31376867823,119725.0927,122426.84962857142,102656.59801851655,118978.64931799995,118895.790102,120145.23879960334,119260.1982475366
2017-06-29,119265.2161,119172.5467,119215.9644438948,118876.60992841747,119212.17591770063,119725.0927,120902.29134285713,102726.2753042355,119295.98254333338,119269.94509799997,118864.1463463413,119012.24627269739
2017-06-30,119200.4323,119265.2161,119396.92429935202,118962.4735159161,119390.35695207748,119958.4282,118996.55695714285,102763.27498537055,119555.76734200008,119494.536004,119522.66112463025,119346.96732751548
2017-07-01,118888.255,119200.4323,119180.23251898875,118998.68551406116,119180.87792790234,119244.8998,115785.124,102841.98707555638,119288.02393533342,119330.084908,119306.82528722432,119197.84491220629
2017-07-02,118888.255,118888.255,118599.27036684964,118483.85367986685,118601.04916743562,119244.8998,118246.11105714286,102755.94885597371,118978.38251066665,118961.69848599998,118957.52063982894,118806.5856101208
2017-07-03,118888.255,118888.255,118587.69718623013,118479.10404809174,118589.56822190086,119725.0927,114234.54377142857,102958.11076012105,119003.93347066669,118996.67273199998,119020.32348692029,118834.45366855957
2017-07-04,118894.1188,118888.255,118646.73257025458,118513.4847417364,118648.18710393521,119725.0927,114728.17154285716,102929.61137003069,118999.2866226667,118971.6142,118987.41638682173,118833.39591707494
2017-07-05,119231.3855,118894.1188,118669.34041762953,118513.88003594888,118670.39142412403,119725.0927,114116.82974285714,102923.3084553386,119007.49829800002,118968.34939799999,118922.44856821015,118814.60896738635
2017-07-06,119380.4389,119231.3855,118879.73969445613,118722.18951648528,118881.43150756008,119725.0927,114815.33248571427,102859.50348079781,119338.82963133337,119321.51976199998,119210.19285412921,119090.40400064929
2017-07-07,119568.8349,119380.4389,119031.20366919381,118860.19792735574,119032.72535323378,119355.8589,114713.76537142857,102987.2142124939,119458.58131066672,119408.359248,119286.03732145899,119201.60551982715
2017-07-08,119873.2234,119568.8349,119202.94261172012,119036.92186205802,119204.44773957721,119415.3894,114381.67087142858,102985.10009054755,119672.59677799998,119680.922918,119689.86056428113,119466.45973477971
2017-07-09,119873.03,119873.2234,119487.28551079001,119327.98548014724,119488.63665649353,119592.2397,113576.53991428572,102999.0585313879,119828.86247866668,119860.74180399999,119828.56572211663,119661.8045603102
2017-07-10,119877.466,119873.03,119531.80140483638,119370.81135071458,119533.17084889258,119592.2397,113792.53697142858,103066.22874365094,119813.59561466669,119822.55369399999,119824.21717827544,119669.54138121889
2017-07-11,120033.0458,119877.466,119603.14787151995,119433.08035657009,119604.1354852255,119592.2397,113971.3543,103047.70047014074,119809.63186266666,119797.95383800002,119854.03880238264,119698.91700720647
2017-07-12,120136.1951,120033.0458,119764.14109694553,119601.58761161126,119764.76356296754,119612.6531,114048.79331428571,103052.65359110801,120204.36157066676,120208.43891199997,120288.88613849037,120031.61177358947
2017-07-13,120427.5537,120136.1951,119839.32164292844,119667.48286165694,119839.84218277126,119612.6531,113794.62325714286,103038.84957570003,120019.20015466675,119939.66055199997,120288.88613849037,119991.85638493802
2017-07-14,120550.2697,120427.5537,120131.16500081985,119947.00590904415,120131.29563436823,119612.6531,114074.19002857142,103023.6033743914,120520.14074933338,120443.03552800002,120328.78584026876,120265.31083288211
2017-07-15,120804.2383,120550.2697,120279.3723872869,120061.26983617022,120279.07664340848,119612.6531,114381.67087142856,103036.01328428843,120428.75520066667,120387.56363000002,120314.74260720136,120268.25588134608
2017-07-16,120804.2383,120804.2383,120500.7745580357,120267.06792386173,120500.14504452686,121586.9298,113927.23497142857,103037.18954391679,121343.96393533326,121270.428626,120631.18909248806,120747.40698389434
2017-07-17,120805.2717,120804.2383,120463.20090003213,120266.80517625027,120464.31919816759,121586.9298,113792.53697142856,103101.37394629455,121334.22334733327,121278.517326,120631.18909248806,120744.07253869053
2017-07-18,120102.9039,120805.2717,120526.88205383427,120339.24577840845,120527.93906698257,121586.9298,114039.79585714288,103092.86031164706,121370.73528533327,121368.77290399998,120634.07126087171,120781.35077487114
2017-07-19,120473.2746,120102.9039,119931.7561178262,119782.49910796725,119932.52339462446,119612.6531,120381.74717142856,102502.44920184277,120077.96039733343,120062.291054,120185.33042002966,120015.26330844343
2017-07-20,120685.1491,120473.2746,120167.1882320568,120026.79420574864,120168.2102837,121403.8775,115977.84821428571,102948.60109294359,120562.22232133332,120471.34473399995,120349.72472774026,120312.91375160741
