Date,fold,actual,naive_lag_1,linear_regression,selected_model
2011-03-28,1,93829.87101,93827.458,94098.28860034997,94153.56049901561
2011-03-29,1,94370.8536,93829.87101,94215.56679066911,94261.38826327574
2011-03-30,1,94448.05637,94370.8536,94744.16801174886,94776.34031778375
2011-03-31,1,94653.60378,94448.05637,94739.01265613791,94763.04932541007
2011-04-01,1,94748.70053,94653.60378,94912.77315587422,94943.45285764517
2011-04-02,1,94650.25923,94748.70053,94968.18717923027,95013.10800991535
2011-04-03,1,94647.05961,94650.25923,94899.33149944375,94955.50648526783
2011-04-04,1,94644.21383,94647.05961,94985.05143231673,95047.85231733507
2011-04-05,1,94527.56458,94644.21383,95093.58239804626,95161.66134860736
2011-04-06,1,94608.88811,94527.56458,94990.2304868747,95060.75449228114
2011-04-07,1,94605.41406,94608.88811,95041.36943688209,95113.42220375163
2011-04-08,1,94709.64649,94605.41406,95014.25709866891,95089.83372461835
2011-04-09,1,94822.52668,94709.64649,95107.04850890343,95182.83793143809
2011-04-10,1,94826.39937,94822.52668,95240.18348796779,95320.4468541334
2011-04-11,1,94831.50097,94826.39937,95278.3431467253,95364.77994794941
2011-04-12,1,94956.80254,94831.50097,95338.76433844729,95443.02064778551
2011-04-13,1,94960.29664,94956.80254,95509.33848504318,95616.09252747576
2011-04-14,1,95020.92896,94960.29664,95475.83007999748,95589.16579894083
2011-04-15,1,95381.18898,95020.92896,95542.32926559454,95656.23568225617
2011-04-16,1,95365.0207,95381.18898,95934.2592434061,96019.5879467116
2011-04-17,1,95368.30625,95365.0207,95881.10499482504,95968.35002391951
2011-04-18,1,95368.6527,95368.30625,95943.06228657281,96039.33111668642
2011-04-19,1,95246.49381,95368.6527,96027.21398867507,96118.3332025146
2011-04-20,1,95418.57928,95246.49381,95947.96776039945,96041.39340358388
2011-04-21,1,95500.45016,95418.57928,96136.57920234578,96245.70965380406
2011-04-22,1,95620.22583,95500.45016,96622.22678817919,96682.2352606601
2011-04-23,1,95623.12664,95620.22583,96279.63229640323,96388.57229725267
2011-04-24,1,95621.72339,95623.12664,96290.25522452833,96411.09180119654
2011-04-25,1,95622.78149,95621.72339,96364.67944316103,96481.68031927514
2011-04-26,1,95776.68109,95622.78149,96440.37063113805,96560.02715514252
2011-04-27,1,95111.03163,95776.68109,96664.45435820245,96779.55674036898
2011-04-28,1,95152.69532,95111.03163,95983.66548636864,96128.85481945751
2011-04-29,1,95297.22483,95152.69532,96104.71990834246,96272.51753210358
2011-04-30,1,95004.45704,95297.22483,96245.02156263182,96419.01111594676
2011-05-01,1,95121.7966,95004.45704,95948.11101559926,96129.34782272764
2011-05-02,1,95124.0956,95121.7966,96169.04806570367,96352.53921599138
2011-05-03,1,95240.8939,95124.0956,96227.6179898574,96407.42566581271
2011-05-04,1,95294.80199,95240.8939,96386.17368430205,96583.52569791644
2011-05-05,1,95453.05242,95294.80199,96481.57148758603,96688.77380770625
2011-05-06,1,95685.73433,95453.05242,96629.38883080083,96848.70825887177
2011-05-07,1,96025.34451,95685.73433,96807.95094581219,97029.42097643214
2011-05-08,1,96031.71383,96025.34451,97171.39446202974,97396.39494847858
2011-05-09,1,96034.65076,96031.71383,97186.88515934332,97417.91341109661
2011-05-10,1,96304.7459,96034.65076,97275.164627906,97514.74945250864
2011-05-11,1,96689.37582,96304.7459,97616.79818258769,97836.6191172878
2011-05-12,1,96912.34888,96689.37582,97988.88932172424,98203.47653930001
2011-05-13,1,97294.16271,96912.34888,98177.44856420664,98391.71701720443
2011-05-14,1,97534.78111,97294.16271,98555.61933635903,98761.10532596378
2011-05-15,1,97554.97737,97534.78111,98731.20849280774,98958.85239405572
2011-05-16,1,97558.96237,97554.97737,98808.6767488858,99049.71120999096
2011-05-17,1,97955.51429,97558.96237,98934.55746086348,99186.59932458011
2011-05-18,1,98173.73868,97955.51429,99419.96349935594,99666.9047097195
2011-05-19,1,98390.97251,98173.73868,99652.93713933545,99907.65397199868
2011-05-20,1,99147.07421,98390.97251,99863.67686808809,100136.39411351665
2011-05-21,1,99536.54374,99147.07421,100605.48460452192,100882.81032912055
2011-05-22,1,99563.87224,99536.54374,100926.84580936909,101218.70832585955
2011-05-23,1,99563.03712,99563.87224,101405.62342967863,101672.5058392956
2011-05-24,1,99565.64933,99563.03712,101106.44283316017,101442.50799592827
2011-05-25,1,100056.8446,99565.64933,101162.44115130643,101516.81565297964
2011-05-26,1,100802.8466,100056.8446,101711.34311789024,102069.93514805754
2011-05-27,1,101189.9369,100802.8466,102546.57979425034,102872.2014612031
2011-05-28,1,101616.0258,101189.9369,102803.48213020104,103127.93238410585
2011-05-29,1,101656.7628,101616.0258,103171.98362133643,103510.14459466083
2011-05-30,1,101664.5908,101656.7628,103254.96875505557,103597.4142317649
2011-05-31,1,102049.6989,101664.5908,103365.73846105188,103729.42225343143
2011-06-01,1,102764.4457,102049.6989,103871.02433012503,104221.55715510753
2011-06-02,1,103334.8563,102764.4457,104577.63220169036,104899.16925317107
2011-06-03,1,104596.2871,103334.8563,105045.99567399273,105368.17844349222
2011-06-04,1,105267.1479,104596.2871,106241.33463527782,106548.05231562442
2011-06-05,1,105331.45,105267.1479,106760.5698378911,107071.82748930885
2011-06-06,1,105331.9624,105331.45,106806.75023574574,107147.1650730439
2011-06-07,1,107421.8398,105331.9624,106944.04515164034,107291.92420001359
2011-06-08,1,107794.6956,107421.8398,109194.98306703808,109483.04631449556
2011-06-09,1,108042.8163,107794.6956,109306.09878727468,109587.3468361554
2011-06-10,1,108365.8096,108042.8163,109538.17503486003,109837.40799827213
2011-06-11,1,108928.4985,108365.8096,109806.13523098998,110117.72870650733
2011-06-12,1,108954.7966,108928.4985,110380.7510275151,110698.10464339158
2011-06-13,1,108953.2407,108954.7966,110486.07035451836,110806.03428159136
2011-06-14,1,109400.187,108953.2407,110723.16731587822,111025.75732582872
2011-06-15,1,109844.6431,109400.187,111121.83499031885,111411.6131915982
2011-06-16,1,110254.4111,109844.6431,111516.33828746947,111816.84680481208
2011-06-17,1,111036.86,110254.4111,111867.56614112182,112191.19852431837
2011-06-18,1,111520.4881,111036.86,112595.9919726313,112914.15004129721
2011-06-19,1,111525.8501,111520.4881,112950.61002020433,113281.54882260734
2011-06-20,1,111533.2855,111525.8501,112954.569405811,113304.27151386827
2011-06-21,1,111867.5832,111533.2855,113042.32756721521,113437.626216982
2011-06-22,1,113134.4758,111867.5832,113439.66730776399,113813.37071115042
2011-06-23,1,113424.4606,113134.4758,114679.24557642837,114986.44533254537
2011-06-24,1,113559.2247,113424.4606,114793.7970203313,115084.61335792484
2011-06-25,1,114360.6527,113559.2247,114822.28680290836,115138.42604262392
2011-06-26,1,114497.0793,114360.6527,115602.03213446785,115901.65544810981
2011-06-27,1,114498.3641,114497.0793,115704.85775032983,115997.0798420557
2011-06-28,1,115530.8409,114498.3641,115804.74161299126,116084.47766195628
2011-06-29,1,116759.7585,115530.8409,116935.54484841408,117151.2061067207
2011-06-30,1,120039.8024,116759.7585,117969.90392150391,118137.82762197469
2011-07-01,1,120940.1126,120039.8024,121466.52331517471,121515.09922939804
2011-07-02,1,120962.2971,120940.1126,121450.67326135782,121530.82176914775
2011-07-03,1,121563.2712,120962.2971,121280.4504138001,121433.32032118308
2011-07-04,1,121564.1054,121563.2712,121995.81317884562,122166.18064259637
2011-07-05,1,123131.8622,121564.1054,122167.42860857814,122315.21519525454
2011-07-06,1,124462.0697,123131.8622,123927.45317552572,123993.80094111293
2011-07-07,1,126135.9542,124462.0697,125200.14570860034,125232.90851113324
2011-07-08,1,127064.6259,126135.9542,126526.87561142878,126513.47920205432
2011-07-09,1,127892.9967,127064.6259,127176.44828314832,127191.53347174135
2011-07-10,1,127910.5407,127892.9967,127936.89215137283,127968.61543563064
2011-07-11,1,127915.577,127910.5407,127938.87049821991,128000.67553696668
2011-07-12,1,128437.1911,127915.577,128189.0256366288,128261.58493236596
2011-07-13,1,128914.697,128437.1911,128811.27506835281,128852.95448900438
2011-07-14,1,128904.7008,128914.697,129227.7360287076,129299.93487774325
2011-07-15,1,129007.9128,128904.7008,129099.80704263085,129177.75649090606
2011-07-16,1,129553.4505,129007.9128,129181.36099196409,129255.11576123843
2011-07-17,1,129550.3504,129553.4505,129678.58627746669,129769.50534986645
2011-07-18,1,129541.9663,129550.3504,129655.96511806204,129748.40392294106
2011-07-19,1,129888.2299,129541.9663,129705.60070752255,129811.75330129317
2011-07-20,1,129757.3521,129888.2299,130019.61549059158,130110.62191824667
2011-07-21,1,129634.3424,129757.3521,129734.69914279984,129837.81305929908
2011-07-22,1,129363.388,129634.3424,129578.49201853307,129711.77780410273
2011-07-23,1,128724.379,129363.388,129299.46546080636,129417.0118453312
2011-07-24,1,128601.8437,128724.379,128657.59597818893,128744.09256227565
2011-07-25,1,128589.0717,128601.8437,128630.22719892692,128697.97321047298
2011-07-26,1,127854.4568,128589.0717,128634.36834745732,128649.4393933951
2011-07-27,1,127055.7749,127854.4568,127845.18239743501,127810.01596827898
2011-07-28,1,126137.6298,127055.7749,127059.39904788122,127009.3154156977
2011-07-29,1,125184.7838,126137.6298,126129.89593441536,126064.52748537103
2011-07-30,1,123738.7722,125184.7838,125205.7200953786,125227.43870043082
2011-07-31,1,123723.2451,123738.7722,123915.48814234512,123957.90811599596
2011-08-01,1,123721.1389,123723.2451,124058.14835544475,124056.16927302981
2011-08-02,1,123720.4352,123721.1389,123985.12553753747,123941.00705502827
2011-08-03,1,122760.7044,123720.4352,123894.24230250441,123787.47767290834
2011-08-04,1,121690.8823,122760.7044,122820.488689886,122739.04873296448
2011-08-05,1,120757.3289,121690.8823,121667.84557547187,121641.80684119649
2011-08-06,1,120142.891,120757.3289,120651.67588289567,120683.56591642761
2011-08-07,1,120020.0878,120142.891,120048.46551767003,120103.63148083043
2011-08-08,1,119999.3146,120020.0878,119923.63464379338,119989.32867188033
2011-08-09,1,119219.8881,119999.3146,119912.2165345847,119937.33028851592
2011-08-10,1,118509.0077,119219.8881,119036.4640909697,119044.20184074296
2011-08-11,1,117985.6101,118509.0077,118312.41935435962,118343.98583021513
2011-08-12,1,117071.1531,117985.6101,117796.4867311363,117839.92589641793
2011-08-13,1,116838.4246,117071.1531,116924.37849383109,116953.57469532831
2011-08-14,1,116813.7901,116838.4246,116778.13505443578,116817.9878490321
2011-08-15,1,116809.2508,116813.7901,116731.68196358686,116783.19024082588
2011-08-16,1,116437.5716,116809.2508,116712.00553190892,116757.53733824712
2011-08-17,1,115843.7032,116437.5716,116325.84290429702,116360.7140181739
2011-08-18,1,115498.6331,115843.7032,115696.26437455122,115746.77849591298
2011-08-19,1,115072.466,115498.6331,115397.77304130173,115452.84406576828
2011-08-20,1,114591.8322,115072.466,115016.83632042356,115078.49046083016
2011-08-21,1,114573.8331,114591.8322,114541.06276651753,114612.75911691552
2011-08-22,1,114573.905,114573.8331,114608.52916599099,114687.89084882766
2011-08-23,1,114144.1737,114573.905,114646.1725813798,114713.343658375
2011-08-24,1,113614.8658,114144.1737,114196.58075258331,114270.11081536807
2011-08-25,1,112931.6215,113614.8658,113680.87222508126,113774.00203971795
2011-08-26,1,113003.0399,112931.6215,113000.44450322432,113098.62172039054
2011-08-27,1,112502.4485,113003.0399,113154.88015829578,113262.19668229629
2011-08-28,1,112496.9876,112502.4485,112670.60156948204,112793.92668579725
2011-08-29,1,112494.9057,112496.9876,112744.45800414585,112868.3187274263
2011-08-30,1,112226.8534,112494.9057,112759.55780916644,112878.85365539286
2011-08-31,1,111961.3313,112226.8534,112470.33216849287,112591.07918706961
2011-09-01,1,109690.6311,111961.3313,112195.11999355655,112333.49731709919
2011-09-02,1,108910.3541,109690.6311,109814.9447681522,110002.78539143143
2011-09-03,1,108810.147,108910.3541,109213.03234785487,109427.73938364556
2011-09-04,1,108806.2489,108810.147,109200.18807772246,109406.33083687047
2011-09-05,1,108807.1774,108806.2489,109639.54893753868,109786.9813592957
2011-09-06,1,108796.7489,108807.1774,109212.96145513532,109395.2817295651
2011-09-07,1,106621.8172,108796.7489,109137.70188878888,109317.68995599278
2011-09-08,1,105924.5817,106621.8172,106746.90899120954,106958.80421614014
2011-09-09,1,105672.7065,105924.5817,106363.02942235436,106647.47799439411
2011-09-10,1,105183.1947,105672.7065,106186.46093880205,106454.8181111592
2011-09-11,1,105166.7843,105183.1947,105679.13369606511,105938.80474710678
2011-09-12,1,105168.2154,105166.7843,105706.4154775294,105961.71564541817
2011-09-13,1,105208.4939,105168.2154,105677.39575043484,105920.6619790706
2011-09-14,1,104959.6943,105208.4939,105592.91944943767,105818.88958576888
2011-09-15,1,104497.2603,104959.6943,105401.00626164503,105589.36886885077
2011-09-16,1,104012.6724,104497.2603,104915.60618280487,105094.35038041089
2011-09-17,1,103887.8534,104012.6724,104419.75214624648,104610.28683227496
2011-09-18,1,103889.0868,103887.8534,104347.1347289372,104540.45880184439
2011-09-19,1,103892.8034,103889.0868,104383.53672992937,104568.76167368442
2011-09-20,1,103769.1824,103892.8034,104406.13386192656,104588.02609209021
2011-09-21,1,102767.5074,103769.1824,104267.65947567682,104400.04240409288
2011-09-22,1,102220.0244,102767.5074,103174.4365087974,103317.68347100368
2011-09-23,1,101924.0082,102220.0244,102684.20851802146,102850.92853456769
2011-09-24,1,101501.8606,101924.0082,102434.29590564978,102591.65876652284
2011-09-25,1,101501.0821,101501.8606,101992.27911604285,102159.27061859527
2011-09-26,1,101502.3233,101501.0821,102025.46659140335,102187.6775273258
2011-09-27,1,101411.1605,101502.3233,102030.086825334,102197.04252742017
2011-09-28,1,100893.5611,101411.1605,101884.73049593541,102055.40234760771
2011-09-29,1,100616.0131,100893.5611,101331.41559183471,101515.84972477073
2011-09-30,1,100422.459,100616.0131,101075.26921637959,101270.13683402933
2011-10-01,1,100391.339,100422.459,100865.38078686998,101045.69142974209
2011-10-02,1,100086.2183,100391.339,100839.88042708486,101013.76960701498
2011-10-03,1,100088.1928,100086.2183,100539.85523449678,100719.60257475598
2011-10-04,1,99678.3372,100088.1928,100602.82061093587,100786.6781357229
2011-10-05,1,99220.9043,99678.3372,100142.82584548033,100310.30984565803
2011-10-06,1,98669.29095,99220.9043,99680.04518216212,99859.0642536744
2011-10-07,1,98501.77849,98669.29095,99126.58091235427,99300.63010161425
2011-10-08,1,98092.41532,98501.77849,98985.27768674682,99149.11599030285
2011-10-09,1,98074.78982,98092.41532,98535.62928704351,98702.31202724366
2011-10-10,1,98075.72633,98074.78982,99013.04768473405,99132.15164919522
2011-10-11,1,98078.59929,98075.72633,98600.50293219514,98758.68904787373
2011-10-12,1,97923.43627,98078.59929,98591.77160469639,98740.4471269625
2011-10-13,1,97698.25472,97923.43627,98374.58657276041,98525.3849512207
2011-10-14,1,97523.69422,97698.25472,98126.14412354253,98281.22881054014
2011-10-15,1,97385.00439,97523.69422,97923.17579338311,98079.7297751202
2011-10-16,1,97392.8947,97385.00439,97812.50307626753,97965.27313487841
2011-10-17,1,97392.44205,97392.8947,97861.49301909581,98012.96885936182
2011-10-18,1,97174.9272,97392.44205,97898.75722186813,98039.20435284139
2011-10-19,1,96864.47661,97174.9272,97644.72096082261,97778.32118273512
2011-10-20,1,96740.52411,96864.47661,97302.53881832422,97437.75130242493
2011-10-21,1,96349.06732,96740.52411,97167.89421906961,97298.58189535937
2011-10-22,1,96155.57064,96349.06732,96738.60529264365,96861.5402788661
2011-10-23,1,96161.09982,96155.57064,96569.12122481951,96697.6963148712
2011-10-24,1,96161.57871,96161.09982,96616.3628237892,96740.89934787
2011-10-25,1,96035.38344,96161.57871,96636.58784703202,96758.69722999934
2011-10-26,1,95990.62257,96035.38344,96488.99434202342,96612.23182257355
2011-10-27,1,95853.24186,95990.62257,96427.69996618244,96556.2642910061
2011-10-28,1,95743.06329,95853.24186,96245.87417585644,96371.89425478822
2011-10-29,1,95714.54642,95743.06329,96134.38923682822,96262.79067156636
2011-10-30,1,95717.41318,95714.54642,96111.27347267106,96241.58943898857
2011-10-31,1,95716.97579,95717.41318,96142.41879438495,96273.0310633615
2011-11-01,1,95610.93975,95716.97579,96180.94302773815,96303.78005001124
2011-11-02,1,95406.60328,95610.93975,96067.42395968131,96187.48854985496
2011-11-03,1,95165.11266,95406.60328,95806.63177683804,95927.02292871485
2011-11-04,1,95073.97071,95165.11266,95544.82496848067,95661.29980394023
2011-11-05,1,95026.39282,95073.97071,95471.5708061605,95586.48032899456
2011-11-06,1,95024.68225,95026.39282,95411.5078746054,95523.56870899675
2011-11-07,1,95038.86775,95024.68225,95437.39349587107,95543.98590757072
2011-11-08,1,94749.35717,95038.86775,95481.46231002963,95581.86466670722
2011-11-09,1,94692.1818,94749.35717,95163.09992295316,95269.00236401822
2011-11-10,1,94684.8118,94692.1818,95096.95330559916,95208.43995847476
2011-11-11,1,94638.60997,94684.8118,95066.57183417043,95175.16621343499
2011-11-12,1,94671.98526,94638.60997,94990.41606675905,95096.32970493974
2011-11-13,1,94676.57373,94671.98526,95001.97951379773,95103.81836988444
2011-11-14,1,94724.13745,94676.57373,95025.33046958108,95124.93257446011
2011-11-15,1,94491.88769,94724.13745,95104.67053836033,95200.11850219317
2011-11-16,1,94418.48636,94491.88769,94878.28772474798,94977.90740709426
2011-11-17,1,94150.78238,94418.48636,94792.58212992076,94891.61682102982
2011-11-18,1,94054.96801,94150.78238,94476.08375133353,94574.55048727916
2011-11-19,1,94046.85523,94054.96801,94375.15001461015,94473.11001597649
2011-11-20,1,94047.91911,94046.85523,94363.67867604177,94457.20955512855
2011-11-21,1,94046.91328,94047.91911,94390.61409108128,94480.14499594152
2011-11-22,1,93973.07583,94046.91328,94421.2355128147,94501.26672940975
2011-11-23,1,93923.1818,93973.07583,94342.57191601188,94424.1138647677
2011-11-24,1,93588.46468,93923.1818,94244.78285238525,94326.73343561337
2011-11-25,1,93672.86933,93588.46468,93867.89078488262,93957.8363013985
2011-11-26,1,93360.12812,93672.86933,93961.69057074524,94051.48444487945
2011-11-27,1,93360.12812,93360.12812,93632.20852067148,93727.96546616765
2011-11-28,1,93363.68306,93360.12812,93700.55927722564,93800.30348954235
2011-11-29,1,93283.09831,93363.68306,93748.09799306776,93839.51836748153
2011-11-30,1,93122.69898,93283.09831,93648.23132350507,93737.8067003694
2011-12-01,1,93356.90546,93122.69898,93428.71254116652,93513.53954925889
2011-12-02,1,93098.82484,93356.90546,93637.97528279893,93714.8378599866
2011-12-03,1,92998.93022,93098.82484,93304.24213544223,93375.8298633624
2011-12-04,1,93000.7642,92998.93022,93240.03337006916,93319.96392849628
2011-12-05,1,93001.82211,93000.7642,93288.09680523422,93366.7456595838
2011-12-06,1,92543.78301,93001.82211,93332.60894495511,93406.8442677497
2011-12-07,1,92217.92149,92543.78301,92850.3900929768,92935.13638619432
2011-12-08,1,92208.59448,92217.92149,92546.00408751439,92636.33763461816
2011-12-09,1,92141.80298,92208.59448,92519.5130462356,92611.40636634582
2011-12-10,1,92097.03201,92141.80298,92453.2832444539,92539.88807666731
2011-12-11,1,92099.3776,92097.03201,92402.88213755967,92487.73520343167
2011-12-12,1,92100.97817,92099.3776,92426.60569103908,92512.94763435233
2011-12-13,1,92049.85339,92100.97817,92456.39795471074,92539.75784259135
2011-12-14,1,92048.26278,92049.85339,92422.69525815289,92509.90269141288
2011-12-15,1,91716.60798,92048.26278,92400.11044000139,92495.9727355923
2011-12-16,1,91681.82509,91716.60798,92012.55239719384,92108.88895321987
2011-12-17,1,91574.99086,91681.82509,91992.8450135227,92088.79582568385
2011-12-18,1,91578.65992,91574.99086,91860.10992441609,91951.05067655903
2011-12-19,1,91577.61665,91578.65992,91911.53744297987,92002.4732972597
2011-12-20,1,91352.10042,91577.61665,91962.04508316272,92040.45502795672
2011-12-21,1,91375.13479,91352.10042,91728.94717622621,91806.1524116162
2011-12-22,1,91406.26258,91375.13479,91728.99475151428,91810.77072086663
2011-12-23,1,91314.10448,91406.26258,91741.48976976366,91823.49098943571
2011-12-24,1,91052.70215,91314.10448,91616.66621387916,91691.5133099815
2011-12-25,1,91054.42995,91052.70215,91754.23042834032,91793.04446089128
2011-12-26,1,91054.30459,91054.42995,91823.79862252802,91864.26494694804
2011-12-27,1,91054.54493,91054.30459,91449.89952950584,91534.53184858165
2011-12-28,1,91055.93463,91054.54493,91467.45842502349,91555.13163848523
2011-12-29,1,91052.88969,91055.93463,91436.61877378538,91515.6613982155
2011-12-30,1,91019.30103,91052.88969,91401.207402844,91474.47595064968
2011-12-31,1,91256.38626,91019.30103,91328.2575567252,91411.42229960067
2012-01-01,1,91259.34019,91256.38626,91993.19976687354,92034.04815640963
2012-01-02,1,91260.84293,91259.34019,91999.97248921481,92039.83048153305
2012-01-03,1,91259.96716,91260.84293,91635.17671711385,91720.14003189368
2012-01-04,1,91364.42334,91259.96716,91639.15530999543,91729.34397671997
2012-01-05,1,91577.62226,91364.42334,91708.35512472704,91798.78055087086
2012-01-06,1,91689.258,91577.62226,91877.81517775822,91963.87448644765
2012-01-07,1,91869.74454,91689.258,91931.18382459089,92003.99184406607
2012-01-08,1,91870.79161,91869.74454,92058.82030823693,92133.29702159972
2012-01-09,1,91873.15794,91870.79161,92073.20749799728,92150.86991717236
2012-01-10,1,91806.94409,91873.15794,92135.31293563936,92216.64714864868
2012-01-11,1,91778.48234,91806.94409,92099.4741758901,92183.30408164664
2012-01-12,1,91918.63839,91778.48234,92064.38075241783,92147.88066889766
2012-01-13,1,91873.21388,91918.63839,92174.56264763417,92255.5007910924
2012-01-14,1,91892.01316,91873.21388,92111.10614866023,92189.24538511768
2012-01-15,1,91893.77339,91892.01316,92128.35845818552,92212.0538806592
2012-01-16,1,91893.41509,91893.77339,92174.89800285963,92258.75487101318
2012-01-17,1,91890.5461,91893.41509,92223.82868129712,92310.72373837742
2012-01-18,1,92051.57577,91890.5461,92233.81706381921,92327.8424925215
2012-01-19,1,92048.36856,92051.57577,92386.30288697858,92475.72872220544
2012-01-20,1,92320.12243,92048.36856,92312.15724974187,92405.59677665094
2012-01-21,1,92422.49077,92320.12243,92575.81256315799,92674.43532515141
2012-01-22,1,92404.86306,92422.49077,92642.31460147009,92736.77700776084
2012-01-23,1,92408.15144,92404.86306,92669.9145653021,92757.5977652165
2012-01-24,1,92316.49025,92408.15144,92731.27887039214,92816.068214085
2012-01-25,1,92277.71715,92316.49025,92658.35042229992,92737.80715452887
2012-01-26,1,92209.1276,92277.71715,92592.27175354263,92670.82293648638
2012-01-27,1,92263.39816,92209.1276,92541.17120646314,92617.08119855849
2012-01-28,1,92157.95877,92263.39816,92567.58014195206,92637.59121281058
2012-01-29,1,92165.44005,92157.95877,92441.61762530476,92505.92444370201
2012-01-30,1,92165.4786,92165.44005,92491.33803059612,92560.67115150702
2012-01-31,1,92075.20161,92165.4786,92531.93799782803,92595.32854210497
2012-02-01,1,91779.06165,92075.20161,92440.89364631721,92505.84612584794
2012-02-02,1,91579.23217,91779.06165,92114.9634466775,92182.19344595197
2012-02-03,1,91396.2191,91579.23217,91912.91279743117,91991.02368573027
2012-02-04,1,91335.70957,91396.2191,91706.5703581464,91793.10311996192
2012-02-05,1,91343.5422,91335.70957,91632.17396705941,91715.5494293421
2012-02-06,1,91344.26134,91343.5422,91658.68657388646,91743.75596573847
2012-02-07,1,91232.49395,91344.26134,91693.28276590716,91771.37711836277
2012-02-08,1,91200.6347,91232.49395,91564.35009789454,91641.58999463495
2012-02-09,1,91561.7795,91200.6347,91516.53099876636,91591.79850218318
2012-02-10,1,91564.13095,91561.7795,91828.07692377658,91896.44371703749
2012-02-11,1,91599.83413,91564.13095,91745.94205220966,91810.600165624
2012-02-12,1,91600.25112,91599.83413,91772.02618491868,91836.13156406347
2012-02-13,1,91601.50609,91600.25112,91795.2293742176,91857.86825213695
2012-02-14,1,91542.47339,91601.50609,91845.17702493265,91902.38807882332
2012-02-15,1,91495.50006,91542.47339,91812.5939732125,91857.98233932181
2012-02-16,1,91382.46338,91495.50006,91767.68053374691,91800.17632107764
2012-02-17,1,91346.86652,91382.46338,91594.37822612587,91625.16767311674
2012-02-18,1,91133.67392,91346.86652,91552.86445380384,91581.97128354627
2012-02-19,1,91142.81249,91133.67392,91314.01450679523,91358.21304648259
2012-02-20,1,91142.93864,91142.81249,91799.35443718625,91803.76461270727
2012-02-21,1,91133.97017,91142.93864,91431.6420116545,91478.86632195872
2012-02-22,1,91152.90652,91133.97017,91427.60939912141,91476.6440680062
2012-02-23,1,91176.05019,91152.90652,91411.94098512913,91475.10410643561
2012-02-24,1,91115.94366,91176.05019,91398.50589792257,91462.57908070557
2012-02-25,1,91060.02579,91115.94366,91310.4156315645,91373.48625638419
2012-02-26,1,91057.19928,91060.02579,91265.356814108,91336.12571911875
2012-02-27,1,91059.37728,91057.19928,91313.9741434226,91385.48135018145
2012-02-28,1,90876.88377,91059.37728,91373.76081182582,91444.03692197021
2012-02-29,1,90850.27962,90876.88377,91190.93914150204,91265.99430234663
2012-03-01,1,90848.62386,90850.27962,91152.67876605755,91229.76823928728
2012-03-02,1,90845.3493,90848.62386,91121.04527663076,91194.58083852283
2012-03-03,1,90856.7054,90845.3493,91107.64991416439,91174.20236921721
2012-03-04,1,90809.92313,90856.7054,91138.35099975055,91199.95435849829
2012-03-05,1,90820.74468,90809.92313,91133.18079955185,91192.94085270396
2012-03-06,1,90719.8663,90820.74468,91198.537218055,91256.5366643003
2012-03-07,1,90832.95179,90719.8663,91111.96485276929,91174.5926598275
2012-03-08,1,90855.20446,90832.95179,91212.15321633255,91271.23339721147
2012-03-09,1,90857.26815,90855.20446,91190.72728316786,91243.07726372559
2012-03-10,1,90811.7588,90857.26815,91137.51135963127,91201.65340380433
2012-03-11,1,90820.3989,90811.7588,91092.56564148057,91160.26616330202
2012-03-12,1,90838.01342,90820.3989,91154.08885169246,91225.99095648175
2012-03-13,1,90951.78472,90838.01342,91232.51556654948,91300.32471800857
2012-03-14,1,91074.02691,90951.78472,91365.33048021444,91433.36805668015
2012-03-15,1,91227.33521,91074.02691,91425.2268727446,91493.86719079324
2012-03-16,1,91281.14407,91227.33521,91514.07109320763,91583.07597891321
2012-03-17,1,91317.88447,91281.14407,91521.50612828594,91592.75969369795
2012-03-18,1,91321.83547,91317.88447,91567.81208798633,91645.22119832781
2012-03-19,1,91324.89472,91321.83547,91646.02594675371,91720.15348986212
2012-03-20,1,91806.54232,91324.89472,91729.20463594928,91800.31155384963
2012-03-21,1,91887.38296,91806.54232,92253.4373759213,92316.55962766893
2012-03-22,1,92039.81477,91887.38296,92254.36542847996,92318.97529520985
2012-03-23,1,92051.83789,92039.81477,92367.30861711377,92437.33397972173
2012-03-24,1,92135.43485,92051.83789,92351.32134228077,92429.580630488
2012-03-25,1,92138.0961,92135.43485,92459.21662159589,92541.12933551494
2012-03-26,1,92140.64845,92138.0961,92530.2702982659,92612.24941163696
2012-03-27,1,92151.49038,92140.64845,92641.21277348907,92721.98390762096
2012-03-28,1,92139.22156,92151.49038,92659.48297584883,92745.43345308234
2012-03-29,1,92330.18982,92139.22156,92658.83692413216,92748.49069346132
2012-03-30,1,92403.53496,92330.18982,92838.01769871726,92926.81578901308
2012-03-31,1,92616.39754,92403.53496,92888.62077685806,92980.1449854861
2012-04-01,1,92867.64222,92616.39754,93100.73887521069,93192.70739507761
2012-04-02,1,92869.18951,92867.64222,93378.57595941918,93468.53032809804
2012-04-03,1,92846.21313,92869.18951,93407.10589520005,93511.47139327384
2012-04-04,1,93309.57898,92846.21313,93407.56006175916,93520.16677426083
2012-04-05,1,93222.54169,93309.57898,93892.78860421374,93993.36173280164
2012-04-06,1,93535.21372,93222.54169,94149.00894295138,94202.49447389915
2012-04-07,1,93542.09756,93535.21372,94063.96865017233,94162.94426565997
2012-04-08,1,93570.55105,93542.09756,94046.86274495286,94144.89775368321
2012-04-09,1,93570.75138,93570.55105,94126.45178418713,94224.90665861624
2012-04-10,1,93718.11823,93570.75138,94210.55882269604,94308.08209152402
2012-04-11,1,93896.51238,93718.11823,94424.6441632912,94511.98578820779
2012-04-12,1,93532.99497,93896.51238,94539.10582567917,94625.43369253444
2012-04-13,1,93607.07328,93532.99497,94177.99331321614,94270.62759212712
2012-04-14,1,93669.53519,93607.07328,94278.31613749704,94385.27123237234
2012-04-15,1,93672.65796,93669.53519,94353.36761928917,94467.2818577604
2012-04-16,1,93690.96861,93672.65796,94410.16553702603,94522.38207072989
2012-04-17,1,93801.45674,93690.96861,94505.18150374177,94612.89534752494
2012-04-18,1,93981.39212,93801.45674,94605.24137614577,94719.62966634735
2012-04-19,1,94299.1047,93981.39212,94718.41530518905,94844.8142171794
2012-04-20,1,94562.32975,94299.1047,95030.38354291167,95162.57724767858
2012-04-21,1,94696.53788,94562.32975,95249.4220293438,95381.31654009216
2012-04-22,1,94805.10755,94696.53788,95362.87644122347,95497.91383628818
2012-04-23,1,94807.59683,94805.10755,95522.86357637217,95661.92201170139
2012-04-24,1,94886.2322,94807.59683,95602.25258856705,95744.13644118696
2012-04-25,1,95199.62993,94886.2322,95733.76758082453,95874.71300237237
2012-04-26,1,95804.19174,95199.62993,96052.55905882615,96165.58867721014
2012-04-27,1,96456.37829,95804.19174,96602.35371148218,96689.16680323727
2012-04-28,1,96801.63924,96456.37829,97168.2038016867,97245.41238261155
2012-04-29,1,97119.78097,96801.63924,97433.12211400467,97511.62424062545
2012-04-30,1,97126.53054,97119.78097,97764.23529153588,97853.66776739343
2012-05-01,1,97469.90487,97126.53054,97831.263885347,97940.95979864403
2012-05-02,1,97891.8336,97469.90487,98272.25875972249,98378.69921712409
2012-05-03,1,99032.39566,97891.8336,98705.56623454893,98797.05554896555
2012-05-04,1,99771.16528,99032.39566,99811.20133079936,99887.82875976533
2012-05-05,1,100388.3051,99771.16528,100402.73730917036,100464.31653434933
2012-05-06,1,100697.6772,100388.3051,100948.85172429796,101031.5652900834
2012-05-07,1,100706.7059,100697.6772,101253.33527959084,101352.87565578194
2012-05-08,1,101472.8165,100706.7059,101365.91529094681,101484.58654741116
2012-05-09,1,102327.2395,101472.8165,102265.15121862844,102371.74212356542
2012-05-10,1,103160.8008,102327.2395,103111.3640364114,103201.7404950226
2012-05-11,1,103652.391,103160.8008,103814.83233164565,103902.88142186719
2012-05-12,1,104232.2962,103652.391,104240.11204235021,104323.78734168311
2012-05-13,1,104236.4815,104232.2962,104786.17862662363,104884.61315567048
2012-05-14,1,104241.8489,104236.4815,104815.48491072978,104930.87244634141
2012-05-15,1,104655.6845,104241.8489,105007.59383620543,105131.76741855402
2012-05-16,1,105076.9805,104655.6845,105530.39956852134,105637.29978268917
2012-05-17,1,105910.761,105076.9805,105920.3024469957,106028.1159658105
2012-05-18,1,106127.0794,105910.761,106691.16846320285,106789.54094579208
2012-05-19,1,106198.0588,106127.0794,106795.78723160297,106915.21074015583
2012-05-20,1,106201.9456,106198.0588,106835.80648964737,106986.06165494939
2012-05-21,1,106203.3505,106201.9456,107349.52762914852,107463.76389526397
2012-05-22,1,106208.1,106203.3505,107058.47946665548,107228.59913432147
2012-05-23,1,106715.2052,106208.1,107117.52681236091,107283.04543500567
2012-05-24,1,106988.9151,106715.2052,107650.3210590303,107791.55086343052
2012-05-25,1,107410.6429,106988.9151,107803.11396480742,107935.6437230322
2012-05-26,1,107747.0155,107410.6429,108164.27875740553,108309.56231607057
2012-05-27,1,107748.7789,107747.0155,108452.06614268129,108601.75973741464
2012-05-28,1,107744.345,107748.7789,108465.13535808494,108616.39426129394
2012-05-29,1,107925.0808,107744.345,108537.77191515078,108691.45913730495
2012-05-30,1,108134.7655,107925.0808,108790.99351099187,108918.00112021445
2012-05-31,1,108226.0339,108134.7655,108957.68065994202,109074.52282036009
2012-06-01,1,108768.9876,108226.0339,109026.78394100146,109125.88573549232
2012-06-02,1,109429.0217,108768.9876,109556.94369547484,109656.89092214567
2012-06-03,1,109428.1121,109429.0217,110154.89943228017,110246.7755089219
2012-06-04,1,109432.6708,109428.1121,110113.04429584295,110214.53401565092
2012-06-05,1,109938.664,109432.6708,110192.88531469814,110292.82558843319
2012-06-06,1,110587.1302,109938.664,110768.15614506238,110850.64321238564
2012-06-07,1,111179.6912,110587.1302,111382.75314609805,111459.11522550878
2012-06-08,1,111582.3232,111179.6912,111908.1789836704,111982.59363255874
2012-06-09,1,112061.6593,111582.3232,112216.77276826439,112303.89726755489
2012-06-10,1,112064.1066,112061.6593,112635.24100578568,112729.13897512312
2012-06-11,1,112068.7449,112064.1066,112665.81438717776,112783.93557688812
2012-06-12,1,112499.9127,112068.7449,112813.92818050599,112929.19462274079
2012-06-13,1,112907.5413,112499.9127,113334.29009446318,113422.36158067122
2012-06-14,1,113484.724,112907.5413,113707.20788859518,113780.90693638865
2012-06-15,1,113718.8785,113484.724,114222.62704604317,114298.93604161055
2012-06-16,1,113899.6147,113718.8785,114375.49894267294,114494.41467128815
2012-06-17,1,113904.3556,113899.6147,114541.43555409632,114679.9438419994
2012-06-18,1,113908.4938,113904.3556,114618.40096028129,114768.6062881804
2012-06-19,1,114441.4827,113908.4938,114745.8610491268,114902.28077759048
2012-06-20,1,114997.3811,114441.4827,115338.62796568948,115480.1294062448
2012-06-21,1,116137.8875,114997.3811,115844.24540693992,115972.08812900152
2012-06-22,1,116576.3313,116137.8875,116884.13913518735,117005.15587002074
2012-06-23,1,117036.7954,116576.3313,117134.0463409706,117265.33805477055
2012-06-24,1,117110.1549,117036.7954,117546.76381289394,117696.7651415031
2012-06-25,1,117111.2977,117110.1549,117655.53533964771,117825.12606470112
2012-06-26,1,117517.5525,117111.2977,117790.34149541803,117962.65519590609
2012-06-27,1,118639.0751,117517.5525,118302.30051539448,118451.66784169039
2012-06-28,1,119467.2051,118639.0751,119454.01913607036,119565.20630962563
2012-06-29,1,120366.5511,119467.2051,120144.65857292402,120241.53862298148
2012-06-30,1,121513.3857,120366.5511,120973.51221156344,121067.18595969032
2012-07-01,1,121627.5111,121513.3857,122410.07170031546,122449.2973550449
2012-07-02,1,121628.2132,121627.5111,122017.36921111327,122131.72966347681
2012-07-03,1,121628.6322,121628.2132,122147.58969755322,122277.62266406186
2012-07-04,1,122095.0492,121628.6322,122293.42379537341,122417.99585431712
2012-07-05,1,122920.7985,122095.0492,122823.32442204835,122954.51737664195
2012-07-06,1,123686.1348,122920.7985,123672.27360120899,123786.3972361394
2012-07-07,1,124025.8567,123686.1348,124359.84487144991,124471.31194971915
2012-07-08,1,124029.9217,124025.8567,124551.87654803574,124679.54813211186
2012-07-09,1,124030.3217,124029.9217,124560.40190842564,124722.30815707202
2012-07-10,1,124305.1548,124030.3217,124650.13267928788,124823.96784097896
2012-07-11,1,124445.8137,124305.1548,125011.42582180595,125185.8670483717
2012-07-12,1,124482.7257,124445.8137,125148.64856735723,125323.19174166501
2012-07-13,1,124404.5071,124482.7257,125137.8914262295,125318.7913308588
2012-07-14,1,124168.7877,124404.5071,124989.43111477738,125201.11506183387
2012-07-15,1,124161.9207,124168.7877,124768.15444405605,124984.90858740863
2012-07-16,1,124156.2079,124161.9207,124847.66387197521,125056.29376641904
2012-07-17,1,124268.3268,124156.2079,124903.93895583018,125082.6849526351
2012-07-18,1,124112.2326,124268.3268,124980.14272852578,125137.19734068486
2012-07-19,1,123950.1574,124112.2326,124723.92512858624,124888.27403786044
2012-07-20,1,123812.3409,123950.1574,124492.3784440973,124664.1190907287
2012-07-21,1,123563.8689,123812.3409,124304.87006447415,124494.77677043052
2012-07-22,1,123489.9045,123563.8689,124050.24700601603,124228.00401818068
2012-07-23,1,123487.4608,123489.9045,124007.19286932623,124166.67843110676
2012-07-24,1,122985.6385,123487.4608,124026.11645783094,124155.00077766734
2012-07-25,1,122272.7326,122985.6385,123483.03401413064,123579.89679126909
2012-07-26,1,121586.9298,122272.7326,122753.98870778957,122838.96061847439
2012-07-27,1,120860.1657,121586.9298,122080.06349514483,122174.19448431829
2012-07-28,1,120227.5016,120860.1657,121383.84669277436,121476.86930738701
2012-07-29,1,120221.9788,120227.5016,120785.93819180068,120888.53741124869
2012-07-30,1,120221.291,120221.9788,120728.51388744483,120843.10779828433
2012-07-31,1,119383.7058,120221.291,120697.964376574,120793.9632795646
2012-08-01,1,118540.422,119383.7058,119787.5027283871,119882.29103100402
2012-08-02,1,117873.8199,118540.422,118934.04325633854,119040.46862988784
2012-08-03,1,117449.5685,117873.8199,118216.6839843582,118338.63432638838
2012-08-04,1,117085.9542,117449.5685,117728.479551951,117867.73865724792
2012-08-05,1,116983.7842,117085.9542,117308.73240563908,117466.685784336
2012-08-06,1,116979.795,116983.7842,117192.13067194074,117351.86633165076
2012-08-07,1,116975.0566,116979.795,117182.5767264124,117319.04052318666
2012-08-08,1,116272.373,116975.0566,117155.30600950464,117268.17521804219
2012-08-09,1,115647.4083,116272.373,116342.79741416458,116458.36046932405
2012-08-10,1,115329.8751,115647.4083,115725.64602063246,115849.44702981849
2012-08-11,1,114841.342,115329.8751,115436.24098450356,115552.51635931038
2012-08-12,1,114824.5737,114841.342,114951.04756662047,115072.16423959924
2012-08-13,1,114823.7922,114824.5737,115021.69028336562,115137.3596953575
2012-08-14,1,114593.9145,114823.7922,115051.356138471,115140.0344158818
2012-08-15,1,114479.9537,114593.9145,114772.05782977313,114843.23812459786
2012-08-16,1,114181.0712,114479.9537,114626.46611402839,114695.96532769283
2012-08-17,1,113990.5007,114181.0712,114294.21125591901,114363.66773364469
2012-08-18,1,113796.2915,113990.5007,114099.97190713702,114171.00409052843
2012-08-19,1,113793.955,113796.2915,113924.19049334971,114002.89828098733
2012-08-20,1,113797.8915,113793.955,113965.3123813256,114047.07038151589
2012-08-21,1,113742.1424,113797.8915,114001.44536303112,114088.22855934095
2012-08-22,1,113375.5522,113742.1424,113949.66139893109,114031.143261586
2012-08-23,1,113235.8786,113375.5522,113524.17379622962,113604.39653262612
2012-08-24,1,113065.3194,113235.8786,113383.20175108667,113465.58048332167
2012-08-25,1,113247.0522,113065.3194,113204.46881280345,113281.18425189714
2012-08-26,1,113226.2844,113247.0522,113393.89040312829,113468.75882229701
2012-08-27,1,113225.6187,113226.2844,113365.76933874542,113435.54945604021
2012-08-28,1,113116.9217,113225.6187,113400.12464787324,113471.93269452445
2012-08-29,1,112879.6303,113116.9217,113279.91922396817,113360.20672069945
2012-08-30,1,112647.0273,112879.6303,113019.08086205245,113101.99581101199
2012-08-31,1,112387.1811,112647.0273,112731.89092848325,112806.18050005723
2012-09-01,1,112159.9696,112387.1811,112428.10092253107,112489.28135124648
2012-09-02,1,112085.4516,112159.9696,112182.30261874908,112244.79373867609
2012-09-03,1,112082.4689,112085.4516,112572.10015844765,112588.8070920465
2012-09-04,1,112083.2866,112082.4689,112183.85521983523,112245.42162019451
2012-09-05,1,111866.7595,112083.2866,112168.41063998353,112224.26945057485
2012-09-06,1,111460.0165,111866.7595,111852.46492020892,111905.62022710306
2012-09-07,1,111021.2923,111460.0165,111360.03100194922,111406.48870830495
2012-09-08,1,109921.3297,111021.2923,110902.12637170867,110961.94140948342
2012-09-09,1,109885.493,109921.3297,109789.34646095295,109877.19866298421
2012-09-10,1,109885.0302,109885.493,109909.82616664606,110002.58050139737
2012-09-11,1,109277.4152,109885.0302,109937.75491694539,110015.909476194
2012-09-12,1,108637.8744,109277.4152,109265.23178877782,109346.08375599553
2012-09-13,1,108258.6342,108637.8744,108593.66312227267,108690.23362363594
2012-09-14,1,107685.3463,108258.6342,108203.24777035679,108305.88560986536
2012-09-15,1,107456.3605,107685.3463,107585.91021955224,107691.48271274043
2012-09-16,1,107447.9146,107456.3605,107436.1885149061,107548.23249173579
2012-09-17,1,107447.1441,107447.9146,107444.03507543412,107545.0141267219
2012-09-18,1,106979.4091,107447.1441,107423.17368107307,107513.28795898898
2012-09-19,1,106931.1542,106979.4091,106910.72859287783,107003.39023504555
2012-09-20,1,105888.9744,106931.1542,106852.30381825694,106937.63621745093
2012-09-21,1,105380.2051,105888.9744,105689.82593173321,105775.25471954573
2012-09-22,1,105110.5057,105380.2051,105278.43972585426,105356.17908029725
2012-09-23,1,105106.4163,105110.5057,105050.3387101727,105119.93392280045
2012-09-24,1,105106.7241,105106.4163,105055.88637083888,105121.68364044515
2012-09-25,1,104296.1329,105106.7241,105060.63647935103,105102.81354821168
2012-09-26,1,103288.1536,104296.1329,104201.08569046266,104245.69796510137
2012-09-27,1,102446.0819,103288.1536,103147.17296674702,103216.4592458071
2012-09-28,1,101762.8341,102446.0819,102384.81437107452,102474.82646331546
2012-09-29,1,100365.691,101762.8341,101761.19495215509,101864.66756760729
2012-09-30,1,100365.5097,100365.691,100373.23276695126,100508.60653612387
2012-10-01,1,100364.2185,100365.5097,100536.76895492326,100680.97779141123
2012-10-02,1,99933.80994,100364.2185,100509.71305957937,100630.14302917506
2012-10-03,1,99206.62834,99933.80994,100016.90873830128,100147.8180661616
2012-10-04,1,98321.81571,99206.62834,99262.11247696535,99396.63675250325
2012-10-05,1,97926.32843,98321.81571,98373.3744804659,98528.08228937954
2012-10-06,1,97624.02236,97926.32843,98028.17001058499,98196.68433314253
2012-10-07,1,97615.64244,97624.02236,97817.8593883168,97997.86595769509
2012-10-08,1,97611.30725,97615.64244,98257.4529837225,98375.80600581666
2012-10-09,1,97611.64358,97611.30725,97835.82316377785,97975.85777240394
2012-10-10,1,97313.83013,97611.64358,97818.14708580644,97938.77923427371
2012-10-11,1,97067.83691,97313.83013,97476.32186087575,97585.03678260885
2012-10-12,1,96884.70816,97067.83691,97252.58440241002,97356.10793068621
2012-10-13,1,96702.45309,96884.70816,97093.04897168784,97168.42848089953
2012-10-14,1,96703.86939,96702.45309,96922.87657958349,97000.54365385142
2012-10-15,1,96702.49565,96703.86939,96967.60905811326,97044.7467706085
2012-10-16,1,96450.04824,96702.49565,97005.07828536295,97073.5552746754
2012-10-17,1,96267.35597,96450.04824,96730.75387828506,96793.59150587114
2012-10-18,1,96008.17421,96267.35597,96544.85494504024,96601.00934776268
2012-10-19,1,94962.85659,96008.17421,96268.75799027244,96333.49072752424
2012-10-20,1,94595.94147,94962.85659,95182.58070242418,95268.40219742629
2012-10-21,1,94597.66818,94595.94147,94931.32222724587,95043.53862148145
2012-10-22,1,94598.21053,94597.66818,95013.2819214091,95130.50921229605
2012-10-23,1,94429.26902,94598.21053,95045.96560809287,95168.85863364105
2012-10-24,1,94226.39034,94429.26902,94866.53105538961,94999.90763505976
2012-10-25,1,94220.92986,94226.39034,94618.32136573507,94760.62474804917
2012-10-26,1,94003.69777,94220.92986,94589.6541692138,94731.92684901113
2012-10-27,1,93815.5644,94003.69777,94397.1392913052,94548.2570923483
2012-10-28,1,93780.02821,93815.5644,94241.06481764629,94402.54470704975
2012-10-29,1,93778.59076,93780.02821,94255.30273943687,94409.3255367816
2012-10-30,1,93762.59136,93778.59076,94295.60833898872,94444.34978251808
2012-10-31,1,93627.81039,93762.59136,94278.49489257242,94428.47264749746
2012-11-01,1,93140.14765,93627.81039,94101.7379892412,94250.57309691154
2012-11-02,1,93075.81106,93140.14765,93567.75320064544,93699.60196159442
2012-11-03,1,92937.56542,93075.81106,93544.0786472073,93669.82073326518
2012-11-04,1,92935.49914,92937.56542,93405.32931527612,93530.26761974269
2012-11-05,1,92935.81075,92935.49914,93446.77400092053,93568.1351089154
2012-11-06,1,92948.66424,92935.81075,93480.68576911853,93595.29083585495
2012-11-07,1,92857.15632,92948.66424,93469.2374644804,93579.16530188725
2012-11-08,1,92650.92788,92857.15632,93314.28419579151,93427.97137089392
2012-11-09,1,92559.03101,92650.92788,93099.65223933753,93218.2514355567
2012-11-10,1,92442.9957,92559.03101,93004.321947585,93123.43567248122
2012-11-11,1,92442.4741,92442.9957,92896.28950714157,93019.56215477981
2012-11-12,1,92442.53887,92442.4741,92944.19420947194,93068.35881667296
2012-11-13,1,92422.94706,92442.53887,92987.48340778488,93112.31991828041
2012-11-14,1,92217.44294,92422.94706,92956.01343068342,93081.42720616421
2012-11-15,1,92199.63509,92217.44294,92703.80053903269,92824.73942773712
2012-11-16,1,92177.66785,92199.63509,92680.22293672676,92806.03247100006
2012-11-17,1,91967.82163,92177.66785,92635.68007729379,92758.56869329886
2012-11-18,1,91966.54868,91967.82163,92416.61138597004,92537.2436677158
2012-11-19,1,91966.74842,91966.54868,92472.11010591735,92591.94540839481
2012-11-20,1,91862.07056,91966.74842,92511.53533612775,92629.53136245969
2012-11-21,1,91851.75428,91862.07056,92392.83887934127,92511.36088928065
2012-11-22,1,92420.58746,91851.75428,92364.72169459998,92481.76210957792
2012-11-23,1,92344.15729,92420.58746,92851.58268243227,92958.3104934555
2012-11-24,1,92195.08579,92344.15729,92655.86905724088,92757.18841266286
2012-11-25,1,92195.26232,92195.08579,92518.80437084423,92628.71897780514
2012-11-26,1,92196.16093,92195.26232,92568.66939855716,92679.31510450695
2012-11-27,1,92147.19158,92196.16093,92624.6783110379,92733.04066004054
2012-11-28,1,92097.45783,92147.19158,92608.95786552045,92710.90300628736
2012-11-29,1,92058.96088,92097.45783,92553.85332379807,92651.18918100311
2012-11-30,1,91762.94405,92058.96088,92443.59546375378,92536.8160599054
2012-12-01,1,91652.05629,91762.94405,92132.78094977442,92226.02237860495
2012-12-02,1,91652.5185,91652.05629,92051.94879073107,92152.71823796211
2012-12-03,1,91652.87025,91652.5185,92101.35424371251,92200.06812256735
2012-12-04,1,91399.54119,91652.87025,92147.05395506314,92240.79375899823
2012-12-05,1,91129.72312,91399.54119,91869.15681272717,91966.77183700468
2012-12-06,1,91157.16253,91129.72312,91544.54156801273,91665.40055732713
2012-12-07,1,91118.72783,91157.16253,91556.78398731064,91677.1341807939
2012-12-08,1,91158.15753,91118.72783,91508.02449846164,91623.84041279012
2012-12-09,1,91159.49473,91158.15753,91543.25539914446,91657.94816112176
2012-12-10,1,91163.08024,91159.49473,91561.33059267356,91672.81809263446
2012-12-11,1,91159.70777,91163.08024,91597.40668387312,91705.5582659248
2012-12-12,1,91115.79126,91159.70777,91602.9483564086,91711.50437754493
2012-12-13,1,91082.44888,91115.79126,91537.97686944454,91648.57939660114
2012-12-14,1,90905.48097,91082.44888,91485.97952111663,91579.56235820746
2012-12-15,1,90627.25097,90905.48097,91278.24731586741,91369.50668405135
2012-12-16,1,90625.87116,90627.25097,90996.3732576225,91094.37403354519
2012-12-17,1,90627.92897,90625.87116,91083.77319742441,91174.64094174455
2012-12-18,1,90532.83023,90627.92897,91136.46554630288,91215.55434271022
2012-12-19,1,90101.85254,90532.83023,91030.51752753723,91101.51157914498
2012-12-20,2,89592.8644,90101.85254,90121.44355586896,90146.66196750275
2012-12-21,2,89635.92021,89592.8644,89548.05650644535,89575.39258224417
2012-12-22,2,89563.66034,89635.92021,89675.44011911834,89720.44947158897
2012-12-23,2,89580.26324,89563.66034,89614.37757490686,89670.65888699713
2012-12-24,2,89580.2941,89580.26324,89684.25256303365,89726.23299673034
2012-12-25,2,89290.03315,89580.2941,89976.52632316026,90004.05187286541
2012-12-26,2,89289.6606,89290.03315,89590.66906019553,89623.75655487087
2012-12-27,2,89288.70312,89289.6606,89354.52875639379,89419.72730773184
2012-12-28,2,89250.62489,89288.70312,89446.045800216,89514.12531944948
2012-12-29,2,89200.74098,89250.62489,89374.35593756255,89437.75650413279
2012-12-30,2,89201.30812,89200.74098,89361.12359085045,89409.1659476713
2012-12-31,2,89200.72547,89201.30812,89329.73183927136,89392.76420389448
2013-01-01,2,89166.07331,89200.72547,89652.92530720944,89698.78130760248
2013-01-02,2,89166.36452,89166.07331,89366.31217788886,89425.76096434984
2013-01-03,2,89239.48236,89166.36452,89369.199981493,89411.57151813635
2013-01-04,2,89816.72754,89239.48236,89440.17478089056,89476.7480805515
2013-01-05,2,90003.15642,89816.72754,90084.20127385,90126.22565808144
2013-01-06,2,90001.14525,90003.15642,90213.78374534883,90248.0930023442
2013-01-07,2,90025.20393,90001.14525,90150.5241288141,90197.32088181545
2013-01-08,2,90238.59581,90025.20393,90210.2943653127,90253.4695721021
2013-01-09,2,90255.18456,90238.59581,90487.7425516296,90536.5425014832
2013-01-10,2,90137.15301,90255.18456,90511.24619841066,90554.84365823181
2013-01-11,2,90135.84259,90137.15301,90431.66784105965,90461.19539762562
2013-01-12,2,90238.95481,90135.84259,90317.94835299099,90351.74731572432
2013-01-13,2,90238.89144,90238.95481,90424.71774463783,90453.69613876138
2013-01-14,2,90239.30691,90238.89144,90432.99924077585,90461.65765257826
2013-01-15,2,90243.68778,90239.30691,90474.23926433921,90503.04242202785
2013-01-16,2,90255.44118,90243.68778,90438.29928668002,90467.82720452832
2013-01-17,2,90454.13257,90255.44118,90448.55846394283,90473.5683428898
2013-01-18,2,90824.07658,90454.13257,90656.11203036204,90706.71071942282
2013-01-19,2,90822.4838,90824.07658,91113.68103101873,91151.91220799122
2013-01-20,2,90821.79167,90822.4838,90983.0572525145,91027.9019415696
2013-01-21,2,90821.03481,90821.79167,90971.67703870253,91026.6939178361
2013-01-22,2,91081.99787,90821.03481,91002.04980416244,91060.8438131427
2013-01-23,2,91071.51982,91081.99787,91335.03328493382,91400.2274572494
2013-01-24,2,91168.01302,91071.51982,91306.21361921422,91359.71839240204
2013-01-25,2,91284.37453,91168.01302,91389.24261154905,91440.29703483728
2013-01-26,2,91266.08415,91284.37453,91443.07309048707,91483.39770734849
2013-01-27,2,91266.38434,91266.08415,91376.93625995048,91425.28376559482
2013-01-28,2,91268.01435,91266.38434,91431.083072639,91471.2253551384
2013-01-29,2,91210.03812,91268.01435,91484.09300474732,91520.80538115592
2013-01-30,2,91126.15091,91210.03812,91357.48529561596,91393.80835885723
2013-01-31,2,91101.13557,91126.15091,91230.3648457014,91281.31387768922
2013-02-01,2,90925.8804,91101.13557,91196.6271182919,91246.25617518845
2013-02-02,2,90820.84887,90925.8804,90958.32143791119,91002.87000012386
2013-02-03,2,90820.98882,90820.84887,90882.5416611978,90924.15967420566
2013-02-04,2,90820.66053,90820.98882,90929.06325032016,90966.94781054309
2013-02-05,2,90584.80122,90820.66053,90937.16502243107,90979.35629233743
2013-02-06,2,90277.86378,90584.80122,90635.30970872502,90684.01098282139
2013-02-07,2,89797.28018,90277.86378,90301.31703152176,90351.80466725222
2013-02-08,2,89667.96699,89797.28018,89809.45140207822,89839.2276092926
2013-02-09,2,89601.78435,89667.96699,89699.69467518541,89753.64307508549
2013-02-10,2,89595.8385,89601.78435,89667.88769154035,89717.55036709792
2013-02-11,2,89594.05116,89595.8385,89659.13015283231,89709.14564402387
2013-02-12,2,89407.72584,89594.05116,89627.88126766474,89677.28170345671
2013-02-13,2,89152.44127,89407.72584,89383.94247094922,89439.56930450576
2013-02-14,2,88774.11563,89152.44127,89101.40360822847,89162.56468320654
2013-02-15,2,88576.08922,88774.11563,88742.94603004024,88808.06521890202
2013-02-16,2,88583.59573,88576.08922,88590.5777579276,88649.13533420175
2013-02-17,2,88583.27665,88583.59573,88610.74810991592,88679.17394212942
2013-02-18,2,88581.4833,88583.27665,88960.06885153848,88994.672104962
2013-02-19,2,88579.50251,88581.4833,88621.56019764276,88670.12692459379
2013-02-20,2,88281.97772,88579.50251,88609.9418743778,88657.57796867726
2013-02-21,2,88118.42162,88281.97772,88251.99510104487,88292.19727491993
2013-02-22,2,88009.71581,88118.42162,88149.64054804428,88194.4576402766
2013-02-23,2,87578.70532,88009.71581,88067.62360605696,88117.20717013859
2013-02-24,2,87524.49679,87578.70532,87566.7117919551,87611.9483433811
2013-02-25,2,87516.1749,87524.49679,87599.44193929956,87644.78716100138
2013-02-26,2,86351.58934,87516.1749,87616.21102626443,87656.66937206703
2013-02-27,2,85052.86076,86351.58934,86154.29231220343,86193.81048770227
2013-02-28,2,82045.44012,85052.86076,84834.31496018072,84865.75724042945
2013-03-01,2,97249.90691,82045.44012,81433.30081875646,81448.46239975259
2013-03-02,2,93655.12717,97249.90691,100365.7036427964,100459.05714295628
2013-03-03,2,93647.78627,93655.12717,93300.37072315662,93221.20104807809
2013-03-04,2,93646.9643,93647.78627,93458.18347663918,93498.55823503142
2013-03-05,2,93188.04102,93646.9643,93330.95715925816,93403.07672086619
2013-03-06,2,93152.28205,93188.04102,93234.6261594845,93318.38613759719
2013-03-07,2,95505.66134,93152.28205,94137.8499866062,94206.66421381419
2013-03-08,2,95109.3684,95505.66134,99001.47051089654,99030.45153889633
2013-03-09,2,94848.83347,95109.3684,94469.92861902353,94258.4677563137
2013-03-10,2,94843.60374,94848.83347,94851.6158226755,94717.9447680072
2013-03-11,2,94840.56772,94843.60374,94910.0859827835,94792.80110171107
2013-03-12,2,94613.59299,94840.56772,95000.05309915428,94863.44635255926
2013-03-13,2,95580.13241,94613.59299,94992.55544903496,94830.93074910853
2013-03-14,2,95670.83384,95580.13241,96427.23752787434,96193.56036248001
2013-03-15,2,96507.21383,95670.83384,95531.83514511588,95603.84549791786
2013-03-16,2,96484.42688,96507.21383,96578.33924154972,96587.03382795842
2013-03-17,2,96482.71406,96484.42688,96434.1625373999,96444.0867785141
2013-03-18,2,96480.66135,96482.71406,96451.91255700316,96468.48476418189
2013-03-19,2,97163.84998,96480.66135,96531.90727881885,96537.7654213421
2013-03-20,2,97130.21231,97163.84998,97510.88467665653,97510.81638135853
2013-03-21,2,97059.58527,97130.21231,97148.31847844791,97175.45926781527
2013-03-22,2,97038.24092,97059.58527,97106.352435606,97119.11941572926
2013-03-23,2,96767.22848,97038.24092,96928.88493492278,96923.0765437456
2013-03-24,2,96768.32436,96767.22848,96643.93016563098,96632.69345116391
2013-03-25,2,96769.28332,96768.32436,96762.13150920878,96742.65897567206
2013-03-26,2,96898.31284,96769.28332,96860.51752878891,96819.55090272293
2013-03-27,2,96781.43801,96898.31284,96859.52802259896,96820.36196714817
2013-03-28,2,96760.34274,96781.43801,96675.2751943357,96623.46165030566
2013-03-29,2,100255.8849,96760.34274,96954.42686634502,96886.0177661851
2013-03-30,2,100254.4046,100255.8849,100853.36447533111,100783.27985799988
2013-03-31,2,100258.0402,100254.4046,100170.15410816454,100139.49968247862
2013-04-01,2,100257.5504,100258.0402,100120.13467300286,100104.9016747995
2013-04-02,2,100214.2818,100257.5504,100139.09927776908,100142.96804876675
2013-04-03,2,100412.566,100214.2818,100169.51489593701,100165.27392203585
2013-04-04,2,100352.882,100412.566,100651.06546670449,100629.09015432156
2013-04-05,2,100352.4503,100352.882,100898.20326102938,100843.95725896949
2013-04-06,2,100504.1961,100352.4503,100224.40695733074,100129.79554079878
2013-04-07,2,100506.8193,100504.1961,100415.42855557508,100324.60407265884
2013-04-08,2,100509.8993,100506.8193,100419.7738043774,100328.22971040978
2013-04-09,2,100695.3277,100509.8993,100454.01173555007,100365.34628677827
2013-04-10,2,100885.1496,100695.3277,100712.49189748618,100620.84240905617
2013-04-11,2,101020.0238,100885.1496,100858.11892403524,100760.63674479561
2013-04-12,2,101394.2978,101020.0238,100912.60100556788,100898.81609210203
2013-04-13,2,101550.245,101394.2978,101342.0496862788,101327.98282891701
2013-04-14,2,101550.5672,101550.245,101432.2961932467,101419.82892286507
2013-04-15,2,101552.3243,101550.5672,101436.32282618743,101423.06993088631
2013-04-16,2,101756.1704,101552.3243,101501.36790494432,101485.0027627849
2013-04-17,2,102054.9531,101756.1704,101760.11082581509,101743.11683335397
2013-04-18,2,102176.7361,102054.9531,102075.97151295823,102053.6014841685
2013-04-19,2,102712.2854,102176.7361,102169.05664644008,102139.41066376067
2013-04-20,2,102953.6109,102712.2854,102722.42385876646,102691.66003500628
2013-04-21,2,102951.6329,102953.6109,102891.79672080507,102854.13355931427
2013-04-22,2,102952.8126,102951.6329,102878.2140628074,102836.78742276179
2013-04-23,2,103054.2508,102952.8126,102946.00067526255,102903.811727356
2013-04-24,2,103428.6488,103054.2508,103094.6786939236,103047.15176362338
2013-04-25,2,103266.6243,103428.6488,103516.08058704772,103460.03003603958
2013-04-26,2,103679.1199,103266.6243,103282.6141290462,103219.06826909841
2013-04-27,2,103995.6013,103679.1199,103714.95892867196,103643.81183517691
2013-04-28,2,103995.9474,103995.6013,103968.44571953965,103915.2217233867
2013-04-29,2,103996.8953,103995.9474,103942.45930877955,103889.38081580993
2013-04-30,2,104266.346,103996.8953,103994.12109800056,103947.74075209157
2013-05-01,2,104725.6893,104266.346,104347.31518613559,104307.30216481685
2013-05-02,2,105346.0119,104725.6893,104791.35944058241,104749.1354311258
2013-05-03,2,105791.0204,105346.0119,105504.72343128867,105473.1297707744
2013-05-04,2,106091.7351,105791.0204,105851.43290241828,105816.77215113438
2013-05-05,2,106093.0563,106091.7351,106067.28372198896,106030.23757569715
2013-05-06,2,106094.0128,106093.0563,106056.97415775938,106020.86120822685
2013-05-07,2,106515.5168,106094.0128,106158.53656851329,106122.92283140702
2013-05-08,2,107054.2273,106515.5168,106722.57353559617,106687.61914291757
2013-05-09,2,107623.4404,107054.2273,107297.77012609446,107246.0119612944
2013-05-10,2,107739.4556,107623.4404,107794.06193601192,107739.67884662973
2013-05-11,2,108150.3724,107739.4556,107745.34457920665,107690.730266997
2013-05-12,2,108155.1707,108150.3724,108166.13618713853,108116.21113419201
2013-05-13,2,108157.4551,108155.1707,108162.87516353672,108111.09914981225
2013-05-14,2,108344.5798,108157.4551,108278.0339382941,108229.47905531357
2013-05-15,2,108564.0815,108344.5798,108527.51529377952,108479.6599583656
2013-05-16,2,109068.1292,108564.0815,108717.16266122708,108672.81630418028
2013-05-17,2,109328.7808,109068.1292,109191.01267761482,109150.2674267049
2013-05-18,2,109621.2189,109328.7808,109409.77422504098,109370.5084920161
2013-05-19,2,109621.2162,109621.2189,109637.0092982534,109599.65687411159
2013-05-20,2,109620.7296,109621.2162,109936.61808983896,109883.00746072452
2013-05-21,2,109621.0217,109620.7296,109688.52963650285,109662.31723470897
2013-05-22,2,110230.5746,109621.0217,109724.15236748762,109704.85472616127
2013-05-23,2,110289.9708,110230.5746,110473.79261927411,110461.9280694566
2013-05-24,2,110772.7745,110289.9708,110371.19646651855,110348.18469974938
2013-05-25,2,111071.8286,110772.7745,110892.8290987823,110876.80222267743
2013-05-26,2,111071.8286,111071.8286,111112.26764510955,111092.66045881958
2013-05-27,2,111078.353,111071.8286,111087.89114747714,111068.7787939989
2013-05-28,2,111047.9326,111078.353,111161.23670260642,111144.39846490574
2013-05-29,2,111075.2143,111047.9326,111214.76614641398,111195.8811176789
2013-05-30,2,111168.969,111075.2143,111177.56097120231,111159.8929967969
2013-05-31,2,111262.3993,111168.969,111328.69265492645,111312.44498113556
2013-06-01,2,111570.3341,111262.3993,111358.75552992104,111343.41758953851
2013-06-02,2,111570.3341,111570.3341,111660.39533867563,111644.47200979576
2013-06-03,2,111587.1502,111570.3341,111626.35946786651,111609.62370182177
2013-06-04,2,112270.4672,111587.1502,111674.3533335042,111657.8703636109
2013-06-05,2,112692.1853,112270.4672,112503.20049745956,112499.87439061335
2013-06-06,2,112711.0014,112692.1853,112878.23428266458,112869.53769605761
2013-06-07,2,112729.8608,112711.0014,112786.29048216261,112786.82742261181
2013-06-08,2,112655.9287,112729.8608,112794.09589096071,112804.97722603774
2013-06-09,2,112655.0205,112655.9287,112685.50858127615,112693.53845705072
2013-06-10,2,112656.4224,112655.0205,112784.90358270862,112793.41707985509
2013-06-11,2,112585.9937,112656.4224,112919.364794128,112919.3259559452
2013-06-12,2,112467.3844,112585.9937,112780.81772359286,112769.64375415385
2013-06-13,2,112508.8946,112467.3844,112576.18113486926,112564.34716048151
2013-06-14,2,112873.3875,112508.8946,112628.54192823281,112620.69374978932
2013-06-15,2,112709.0125,112873.3875,113025.8893878904,113027.81926511403
2013-06-16,2,112709.0415,112709.0125,112782.98871593189,112784.80323769795
2013-06-17,2,112713.6538,112709.0415,112823.11548932763,112831.7539904336
2013-06-18,2,112792.1429,112713.6538,112841.44727632916,112865.68584898608
2013-06-19,2,112990.7184,112792.1429,112946.00813769974,112979.43469811541
2013-06-20,2,113229.7676,112990.7184,113192.96744802543,113224.64789501946
2013-06-21,2,113413.7342,113229.7676,113434.98477575858,113466.4003478222
2013-06-22,2,113547.2781,113413.7342,113522.00696057975,113547.78105131874
2013-06-23,2,113557.5216,113547.2781,113669.82539371708,113701.16761444055
2013-06-24,2,113557.9915,113557.5216,113687.0112309921,113720.35994492382
2013-06-25,2,113969.7904,113557.9915,113742.26133441542,113773.36211735921
2013-06-26,2,114418.4855,113969.7904,114270.86628721454,114297.25322575093
2013-06-27,2,114689.7765,114418.4855,114713.38030235021,114732.39422560949
2013-06-28,2,114912.3527,114689.7765,114898.46272382457,114918.9029103616
2013-06-29,2,111634.426,114912.3527,115071.77679523299,115086.66676045823
2013-06-30,2,111634.4236,111634.426,111229.45281261852,111247.27106419233
2013-07-01,2,111634.6007,111634.4236,112206.92362860084,112241.6526475582
2013-07-02,2,111634.8378,111634.6007,112071.94826472037,112103.54551582236
2013-07-03,2,111858.5969,111634.8378,112061.04947803298,112081.14548620622
2013-07-04,2,112404.1349,111858.5969,112159.7247725422,112183.38445472093
2013-07-05,2,112535.6838,112404.1349,112509.21150930595,112546.79422911424
2013-07-06,2,112674.2793,112535.6838,112238.6056811884,112301.33899022789
2013-07-07,2,112705.0332,112674.2793,112880.15516060912,112982.8048541124
2013-07-08,2,112707.3049,112705.0332,112913.43283245401,113014.0929705561
2013-07-09,2,113161.3481,112707.3049,112955.54009703285,113062.25420043973
2013-07-10,2,113237.8102,113161.3481,113528.8739379517,113639.52636560384
2013-07-11,2,113465.2194,113237.8102,113534.86952256417,113638.39614717015
2013-07-12,2,113660.7627,113465.2194,113676.19623518024,113776.65981114088
2013-07-13,2,113877.506,113660.7627,113899.24309197022,113921.76469041736
2013-07-14,2,113875.9067,113877.506,114095.87964796464,114115.68670860342
2013-07-15,2,113877.7631,113875.9067,114095.18373171937,114111.48397836185
2013-07-16,2,114032.0209,113877.7631,114173.46110415133,114186.69754821107
2013-07-17,2,114050.8257,114032.0209,114301.89591399548,114313.40393635152
2013-07-18,2,114227.3757,114050.8257,114294.40342337024,114314.02127073966
2013-07-19,2,114424.9926,114227.3757,114461.43822344617,114480.61594611345
2013-07-20,2,114354.0753,114424.9926,114624.82225661055,114643.4361617446
2013-07-21,2,114355.2502,114354.0753,114469.7605483329,114488.27476682849
2013-07-22,2,114356.854,114355.2502,114510.41706744695,114532.89661310194
2013-07-23,2,114356.1104,114356.854,114553.033764174,114586.1795031343
2013-07-24,2,114351.6215,114356.1104,114550.00975403494,114584.7619777843
2013-07-25,2,114369.8542,114351.6215,114548.14390685796,114590.29272156792
2013-07-26,2,114422.8593,114369.8542,114535.50007795377,114584.09335032475
2013-07-27,2,119172.6554,114422.8593,114543.73989639463,114601.1551486097
2013-07-28,2,119173.8567,119172.6554,120126.73788902737,120198.67582686653
2013-07-29,2,119175.0497,119173.8567,119228.85805351535,119249.87580290974
2013-07-30,2,119118.5208,119175.0497,119094.45479301651,119141.43865771631
2013-07-31,2,119183.8333,119118.5208,119031.35952802522,119086.61869898548
2013-08-01,2,119276.6741,119183.8333,119248.57739157297,119300.52901722782
2013-08-02,2,119462.8967,119276.6741,119625.80621465982,119659.36495894312
2013-08-03,2,119868.1225,119462.8967,120291.59311574219,120290.91813476948
2013-08-04,2,119869.8083,119868.1225,119961.28694925219,119907.58033515692
2013-08-05,2,119862.3483,119869.8083,119889.76907932741,119836.51813342398
2013-08-06,2,119863.8375,119862.3483,119888.57937233898,119838.8149389664
2013-08-07,2,120075.5677,119863.8375,119914.92568924082,119865.67160488636
2013-08-08,2,119760.2629,120075.5677,120162.73638826756,120115.39201988933
2013-08-09,2,119958.4282,119760.2629,119767.984159132,119716.28701221003
2013-08-10,2,120206.805,119958.4282,119945.13953845341,119998.84486688451
2013-08-11,2,120332.1893,120206.805,120133.50940012539,120179.5964375394
2013-08-12,2,120333.6898,120332.1893,120242.64261746644,120285.52543000222
2013-08-13,2,120505.0624,120333.6898,120234.0657393525,120271.65918195844
2013-08-14,2,120909.3875,120505.0624,120431.687618984,120467.40547925913
2013-08-15,2,120998.469,120909.3875,120803.52050477033,120835.66887444953
2013-08-16,2,121135.1922,120998.469,120879.99279028604,120907.94749820865
2013-08-17,2,121318.3092,121135.1922,120981.89082331424,121010.31396988474
2013-08-18,2,121326.0702,121318.3092,121137.0588074028,121155.54822677816
2013-08-19,2,121327.9281,121326.0702,121120.75942762697,121126.65859454978
2013-08-20,2,121119.1062,121327.9281,121175.2586402768,121168.8880384636
2013-08-21,2,121235.0238,121119.1062,120949.61686030161,120932.7703524802
2013-08-22,2,120822.0069,121235.0238,121061.8213814575,121022.85409205555
2013-08-23,2,120888.9175,120822.0069,120551.93358596391,120500.21612410388
2013-08-24,2,120834.5923,120888.9175,120674.1640709787,120615.06257542399
2013-08-25,2,120834.6531,120834.5923,120570.99588713622,120494.8214436565
2013-08-26,2,120833.5098,120834.6531,120561.05061294802,120510.21031642772
2013-08-27,2,120860.3355,120833.5098,120548.89860709202,120499.45099560964
2013-08-28,2,120910.8067,120860.3355,120582.86197082709,120541.67917299258
2013-08-29,2,120841.6096,120910.8067,120557.19270110349,120515.65965829843
2013-08-30,2,120736.7581,120841.6096,120500.10393836406,120461.21792836013
2013-08-31,2,118956.4292,120736.7581,120349.21851590225,120310.8543116014
2013-09-01,2,118639.929,118956.4292,118308.72422388867,118268.73797152299
2013-09-02,2,118639.5273,118639.929,118593.84758543031,118547.6916943606
2013-09-03,2,118649.2928,118639.5273,118392.63577227667,118348.57944865205
2013-09-04,2,118530.5251,118649.2928,118381.39732594101,118330.39849882586
2013-09-05,2,118182.8162,118530.5251,118141.42046404647,118079.27669546404
2013-09-06,2,118367.1291,118182.8162,117616.45689045567,117562.50787114944
2013-09-07,2,116846.4903,118367.1291,117725.92660192485,117685.95816636816
2013-09-08,2,116843.4708,116846.4903,116163.03917199286,116130.41700946375
2013-09-09,2,116838.5982,116843.4708,116468.81716734108,116449.19506024403
2013-09-10,2,116170.6498,116838.5982,116482.6254319305,116450.41990530724
2013-09-11,2,115497.6513,116170.6498,115663.95974741458,115624.22696194574
2013-09-12,2,115218.132,115497.6513,114924.15023711423,114888.24472775687
2013-09-13,2,114552.4889,115218.132,114679.5161506781,114649.52074139802
2013-09-14,2,114136.2865,114552.4889,113826.50808514655,113759.56873372878
2013-09-15,2,114020.7362,114136.2865,113664.28452850686,113606.9741997859
2013-09-16,2,114019.9845,114020.7362,113561.12847173813,113504.2258532646
2013-09-17,2,113314.2727,114019.9845,113494.6895329183,113441.53556063287
2013-09-18,2,112738.2538,113314.2727,112683.0316791267,112635.71298377805
2013-09-19,2,112509.3181,112738.2538,112144.0990059492,112104.08640266795
2013-09-20,2,112180.8824,112509.3181,111925.59477862713,111900.07123313285
2013-09-21,2,111759.2333,112180.8824,111650.3301491651,111594.70990938414
2013-09-22,2,111758.5802,111759.2333,111245.0490643282,111193.138072729
2013-09-23,2,111759.2545,111758.5802,111296.27061409946,111249.80096211907
2013-09-24,2,111515.4211,111759.2545,111237.08620443834,111180.25101080595
2013-09-25,2,110577.5611,111515.4211,111006.44123106512,110947.16902993363
2013-09-26,2,106864.9901,110577.5611,109989.49983256274,109933.73612254429
2013-09-27,2,106550.9954,106864.9901,105817.65390974692,105745.82058236052
2013-09-28,2,106389.7064,106550.9954,106152.47090408538,106112.81691020682
2013-09-29,2,106391.5417,106389.7064,106161.08964492436,106109.36994429583
2013-09-30,2,106392.0417,106391.5417,106076.80815274447,106012.88085721809
2013-10-01,2,105888.1025,106392.0417,105905.14874722701,105834.56351908165
2013-10-02,2,104901.1728,105888.1025,105067.83638788853,105012.32148077482
2013-10-03,2,104242.9781,104901.1728,103827.01898038438,103812.98964314311
2013-10-04,2,103500.5445,104242.9781,103788.54056885908,103817.84638716799
2013-10-05,2,103084.4799,103500.5445,103082.27148406056,103102.18969600678
2013-10-06,2,103084.4799,103084.4799,102748.34871099435,102772.40775218648
2013-10-07,2,103087.3345,103084.4799,102726.8666423125,102746.1870343117
2013-10-08,2,102620.6479,103087.3345,102643.19314937294,102663.52386430872
2013-10-09,2,102389.8406,102620.6479,102060.24401163822,102076.83790673045
2013-10-10,2,102029.697,102389.8406,101959.58567178049,101917.51212323186
2013-10-11,2,101656.598,102029.697,101576.09041483716,101539.0274230438
2013-10-12,2,101421.2519,101656.598,101279.6409212099,101250.94265866354
2013-10-13,2,101420.0276,101421.2519,101108.9208934927,101084.38627117756
2013-10-14,2,101419.4553,101420.0276,101443.72238174852,101402.6470665808
2013-10-15,2,101421.1342,101419.4553,101103.67215156935,101074.5592854527
2013-10-16,2,101084.4748,101421.1342,101168.44397838572,101131.29732608458
2013-10-17,2,100702.2987,101084.4748,100733.2017160474,100688.74262810718
2013-10-18,2,100694.5031,100702.2987,100347.90891492272,100298.45584862183
2013-10-19,2,100438.1599,100694.5031,100466.01171198284,100420.61083846816
2013-10-20,2,100439.9676,100438.1599,100219.4715272925,100177.35295913856
2013-10-21,2,100441.2788,100439.9676,100278.4063183322,100242.509853045
2013-10-22,2,100050.6518,100441.2788,100312.77839313488,100274.12338570083
2013-10-23,2,99904.20685,100050.6518,99840.76541510319,99807.81235184248
2013-10-24,2,99885.51286,99904.20685,99774.39560554396,99753.57711610179
2013-10-25,2,99707.89774,99885.51286,99826.75105307723,99807.64491975511
2013-10-26,2,99511.15908,99707.89774,99458.91277943934,99419.64596846941
2013-10-27,2,99406.0677,99511.15908,99289.54056002601,99255.93045139426
2013-10-28,2,99407.08257,99406.0677,99202.04712325742,99172.97520131568
2013-10-29,2,99067.53916,99407.08257,99222.90333866319,99200.90445513188
2013-10-30,2,98884.08129,99067.53916,98901.15432553604,98879.87344128062
2013-10-31,2,98801.71046,98884.08129,98740.25796705381,98718.23825408377
2013-11-01,2,98710.58708,98801.71046,98613.1348302987,98592.18438168039
2013-11-02,2,98650.57844,98710.58708,98507.93138514581,98483.79832555083
2013-11-03,2,98647.27138,98650.57844,98446.01158241366,98423.88793101901
2013-11-04,2,98647.24779,98647.27138,98454.82583152,98434.67256323654
2013-11-05,2,98565.63112,98647.24779,98452.9584935083,98428.20453072769
2013-11-06,2,98370.1941,98565.63112,98407.8961580477,98387.60043875073
2013-11-07,2,98345.54197,98370.1941,98179.58600780212,98161.59202291643
2013-11-08,2,98839.00972,98345.54197,98172.06138643608,98153.94295299811
2013-11-09,2,98571.37753,98839.00972,98752.32195405656,98729.78071507013
2013-11-10,2,98539.96138,98571.37753,98343.33008455411,98312.83634228043
2013-11-11,2,98539.56295,98539.96138,98345.9514765687,98320.50504070579
2013-11-12,2,98517.64641,98539.56295,98375.20521358507,98343.86712000913
2013-11-13,2,98433.78363,98517.64641,98372.87383723217,98340.2286494119
2013-11-14,2,98407.17162,98433.78363,98325.3121409561,98294.16634596631
2013-11-15,2,98371.64985,98407.17162,98318.05206581847,98283.22742299043
2013-11-16,2,98292.67046,98371.64985,98147.0893382228,98106.04875650199
2013-11-17,2,98292.40562,98292.67046,98112.68124361902,98077.11037707054
2013-11-18,2,98293.60991,98292.40562,98144.3737901678,98109.81234295704
2013-11-19,2,98714.59286,98293.60991,98172.74623123345,98137.4179822919
2013-11-20,2,97478.12536,98714.59286,98672.09374552673,98635.18626904405
2013-11-21,2,97233.56695,97478.12536,97112.1206206216,97066.34805871325
2013-11-22,2,97254.80604,97233.56695,97002.88714716866,96982.96687290573
2013-11-23,2,97335.98399,97254.80604,97099.3361287536,97073.11858805438
2013-11-24,2,97334.27416,97335.98399,97217.39257879512,97188.05259580807
2013-11-25,2,97340.6515,97334.27416,97199.92190188717,97169.06869879829
2013-11-26,2,97500.10138,97340.6515,97185.38600818251,97157.29645380165
2013-11-27,2,97385.42102,97500.10138,97193.22970333179,97170.93830349999
2013-11-28,2,97344.50042,97385.42102,97208.29306260135,97201.42787406828
2013-11-29,2,97398.04262,97344.50042,97204.39926920312,97200.29377534828
2013-11-30,2,97440.74363,97398.04262,97271.21189676873,97264.0170745153
2013-12-01,2,97431.74376,97440.74363,97303.49403937162,97293.75647308554
2013-12-02,2,97432.04505,97431.74376,97311.52227033855,97300.26132129255
2013-12-03,2,97134.47871,97432.04505,97335.42686963703,97332.45622039586
2013-12-04,2,97063.67879,97134.47871,96971.32937119615,96939.32146932562
2013-12-05,2,96941.64195,97063.67879,96953.9835280134,96921.57163915341
2013-12-06,2,96579.75039,96941.64195,96827.14508646322,96793.46294816544
2013-12-07,2,96084.15771,96579.75039,96401.09243440787,96366.2644723347
2013-12-08,2,96184.36946,96084.15771,95861.00391056252,95827.63659381702
2013-12-09,2,96185.08714,96184.36946,96078.64027993297,96050.39451773839
2013-12-10,2,96863.56333,96185.08714,96062.69180199156,96037.30441845463
2013-12-11,2,96828.15009,96863.56333,96896.4141387187,96875.05530143387
2013-12-12,2,96760.35368,96828.15009,96679.50901421712,96656.25366715886
2013-12-13,2,96362.2409,96760.35368,96537.20927475407,96526.78574423741
2013-12-14,2,96486.26552,96362.2409,96104.22594439243,96106.00664972533
2013-12-15,2,96508.9108,96486.26552,96458.46734323051,96470.140527153
2013-12-16,2,96508.88142,96508.9108,96519.80983858241,96523.93276477512
2013-12-17,2,96347.64653,96508.88142,96605.86089802861,96598.40618961792
2013-12-18,2,96261.03859,96347.64653,96278.0771312441,96263.13287073754
2013-12-19,2,95604.45299,96261.03859,96177.99442523775,96169.01550199898
2013-12-20,2,95559.07153,95604.45299,95347.01222145608,95325.71574048499
2013-12-21,2,95751.17714,95559.07153,95500.05170535766,95477.90745553367
2013-12-22,2,95651.87276,95751.17714,95722.62889659812,95698.60305268955
2013-12-23,2,95652.58953,95651.87276,95571.68517202961,95545.05653512795
2013-12-24,2,96116.71928,95652.58953,95559.8792940994,95553.07559014503
2013-12-25,2,95856.51351,96116.71928,96414.25398633338,96395.49775312984
2013-12-26,2,95856.51351,95856.51351,95967.22197306262,95949.85530676848
2013-12-27,2,95856.69533,95856.51351,95806.46264613012,95812.37190835415
2013-12-28,2,95838.55321,95856.69533,95823.78083223796,95832.00379863971
2013-12-29,2,95838.49111,95838.55321,95772.95497748438,95779.75745383196
2013-12-30,2,95838.49111,95838.49111,95839.9305028967,95847.39994934821
2013-12-31,2,95881.21867,95838.49111,95900.25874800148,95902.27227495372
2014-01-01,2,95890.39774,95881.21867,96168.05652225758,96147.55142686582
2014-01-02,2,95885.39774,95890.39774,95890.9091877435,95877.60534999437
2014-01-03,2,95943.87526,95885.39774,95864.23178758188,95851.21716744929
2014-01-04,2,95957.94291,95943.87526,95912.95716819107,95904.98644126074
2014-01-05,2,95957.94291,95957.94291,95926.62821969824,95916.28548417421
2014-01-06,2,95958.26762,95957.94291,95949.92547854615,95938.62806172157
2014-01-07,2,96208.39229,95958.26762,95969.44740780129,95967.53617387266
2014-01-08,2,96301.80289,96208.39229,96262.44942749654,96253.86568003798
2014-01-09,2,96618.6283,96301.80289,96303.44009438214,96294.13499661857
2014-01-10,2,95408.08392,96618.6283,96639.2012253613,96631.40001613647
2014-01-11,2,95373.16595,95408.08392,95125.18878851474,95113.4818952108
2014-01-12,2,95574.07874,95373.16595,95303.91441456304,95306.14534193184
2014-01-13,2,95574.48783,95574.07874,95618.45441910844,95615.14488786297
2014-01-14,2,95520.60754,95574.48783,95642.81256596372,95633.69396261605
2014-01-15,2,95564.81258,95520.60754,95521.42194529144,95511.078638294
2014-01-16,2,95463.87074,95564.81258,95508.34908856444,95502.57508982718
2014-01-17,2,95445.08601,95463.87074,95213.562561244,95215.38511480087
2014-01-18,2,95545.94456,95445.08601,95437.36980828064,95455.47309125355
2014-01-19,2,95540.22912,95545.94456,95584.13238296802,95599.66810338871
2014-01-20,2,95539.33206,95540.22912,95534.70066505691,95544.92931640342
2014-01-21,2,95555.49521,95539.33206,95544.8787472492,95559.73246243817
2014-01-22,2,95573.36411,95555.49521,95569.1408138069,95585.8208543824
2014-01-23,2,95716.85393,95573.36411,95542.28855373542,95566.50540990925
2014-01-24,2,95908.37566,95716.85393,95735.36953037229,95732.79353478197
2014-01-25,2,95871.92739,95908.37566,95929.98802265603,95924.04012059433
2014-01-26,2,95940.9181,95871.92739,95821.16446581655,95816.7160491583
2014-01-27,2,95941.54153,95940.9181,95925.1111186219,95921.4343042929
2014-01-28,2,95977.74938,95941.54153,95946.17324489166,95939.2027165371
2014-01-29,2,96030.15181,95977.74938,96001.43438781472,95994.1683110173
2014-01-30,2,96021.85667,96030.15181,96060.8236800725,96049.25860188775
2014-01-31,2,96048.42097,96021.85667,96011.92089757221,95996.21964234272
2014-02-01,2,96129.94413,96048.42097,95993.15305590938,95977.70917465142
2014-02-02,2,96140.39801,96129.94413,96097.70998320416,96082.50216339595
2014-02-03,2,96140.79232,96140.39801,96103.54504704553,96086.41843613461
2014-02-04,2,95872.60991,96140.79232,96130.10491422041,96112.9125259345
2014-02-05,2,95603.40466,95872.60991,95813.63370087251,95796.53709625034
2014-02-06,2,95629.65127,95603.40466,95514.88430919398,95504.36778239605
2014-02-07,2,95784.66775,95629.65127,95591.0099153277,95587.27183662639
2014-02-08,2,95656.55543,95784.66775,95767.59657504615,95762.08731012269
2014-02-09,2,95673.67855,95656.55543,95548.276663244,95538.51865655914
2014-02-10,2,95673.88506,95673.67855,95581.56543423838,95574.17866498797
2014-02-11,2,95515.70551,95673.88506,95567.15326281973,95562.66024819897
2014-02-12,2,95501.51469,95515.70551,95413.09093903008,95414.34758058864
2014-02-13,2,95955.58913,95501.51469,95464.66992893809,95469.62658527007
2014-02-14,2,95741.20335,95955.58913,95984.9446835548,95987.80566492853
2014-02-15,2,95443.55877,95741.20335,95591.23134346533,95588.04722105249
2014-02-16,2,95412.70857,95443.55877,95285.02981113961,95286.84179595167
2014-02-17,2,95412.66245,95412.70857,95629.56067868262,95614.56214876752
2014-02-18,2,95403.70747,95412.66245,95352.41454499855,95346.34288459513
2014-02-19,2,95411.58991,95403.70747,95395.62057847234,95381.62964379012
2014-02-20,2,95497.54226,95411.58991,95406.0639868214,95389.66425889023
2014-02-21,2,95447.36786,95497.54226,95360.66949335794,95343.41210490394
2014-02-22,2,95453.60266,95447.36786,95287.36250901426,95271.10594014052
2014-02-23,2,95453.42337,95453.60266,95352.71897391374,95341.94935852027
2014-02-24,2,95453.83467,95453.42337,95376.8944487521,95365.11330421708
2014-02-25,2,95783.73372,95453.83467,95405.31499086035,95388.43774669842
2014-02-26,2,95768.50299,95783.73372,95802.45736477843,95785.07271693878
2014-02-27,2,95070.00346,95768.50299,95700.96796548496,95690.47153043695
2014-02-28,2,95179.26427,95070.00346,94841.7560754117,94826.73877055306
2014-10-01,2,106155.7807,95179.26427,93993.19733612,94584.52496753621
2014-10-02,2,105425.9639,106155.7807,106765.79052573303,107554.97288584981
2014-10-03,2,104993.6192,105425.9639,103841.52521761724,104476.67395755796
2014-10-04,2,104519.6614,104993.6192,103242.04760376459,103897.55895340112
2014-10-05,2,104519.8069,104519.6614,102673.06951102425,103353.37398292923
2014-10-06,2,104522.5879,104519.8069,103078.19844472742,103756.01740169374
2014-10-07,2,104390.0454,104522.5879,104330.71139829975,104826.29578915487
2014-10-08,2,104238.9785,104390.0454,105209.44730040955,105622.38796892425
2014-10-09,2,104023.1868,104238.9785,102863.95119051378,103146.07893105947
2014-10-10,2,103866.1399,104023.1868,102746.07767216461,103033.1264762169
2014-10-11,2,103759.1909,103866.1399,102681.78740447573,102972.37128478722
2014-10-12,2,103758.9491,103759.1909,102668.4240902804,102969.98375875337
2014-10-13,2,103758.6962,103758.9491,103182.28993100718,103395.74710929423
2014-10-14,2,103758.3644,103758.6962,102874.92805950293,103105.12647779529
2014-10-15,2,103605.7663,103758.3644,102782.67968202129,103213.01283190302
2014-10-16,2,103155.6173,103605.7663,102644.45921548248,103043.47985403023
2014-10-17,2,102944.2645,103155.6173,102209.11501855239,102577.91501570451
2014-10-18,2,102928.4548,102944.2645,102056.158298639,102414.4520176789
2014-10-19,2,102928.5061,102928.4548,102249.39251725367,102545.06011761907
2014-10-20,2,102930.0362,102928.5061,102256.5101831087,102542.78323273938
2014-10-21,2,103040.3494,102930.0362,102241.4644953557,102518.10777805067
2014-10-22,2,102803.8048,103040.3494,102380.7120874517,102623.49060835187
2014-10-23,2,102670.8298,102803.8048,102017.65707346876,102255.07868686995
2014-10-24,2,102552.2124,102670.8298,101938.19195530374,102165.41311505095
2014-10-25,2,102773.1929,102552.2124,101872.39666358134,102071.93381826003
2014-10-26,2,102772.5195,102773.1929,102202.82766353711,102363.78680348744
2014-10-27,2,102771.7777,102772.5195,102168.52862950202,102306.29441145068
2014-10-28,2,105240.384,102771.7777,102164.3086591269,102282.34606271065
2014-10-29,2,105046.0797,105240.384,105575.40834033425,105436.07747227493
2014-10-30,2,104902.0643,105046.0797,104924.48802882116,104716.54685460463
2014-10-31,2,104905.5001,104902.0643,104698.03456386481,104543.16269233315
2014-11-01,2,102823.4104,104905.5001,104761.53672351078,104604.0802233572
2014-11-02,2,102823.5062,102823.4104,102375.96825285461,102211.4690439798
2014-11-03,2,102824.2097,102823.5062,102972.10972989135,102805.87390009726
2014-11-04,2,102812.1739,102824.2097,103250.05264779428,103060.84790367281
2014-11-05,2,102653.6455,102812.1739,102801.74417617264,102572.30079076721
2014-11-06,2,102838.5512,102653.6455,102623.68542320826,102381.21590707234
2014-11-07,2,102722.8688,102838.5512,102767.83487508215,102536.91226690318
2014-11-08,2,104056.6379,102722.8688,102349.18126605562,102168.96576246757
2014-11-09,2,104060.6153,104056.6379,104339.14031600066,104159.06796579872
2014-11-10,2,104061.1947,104060.6153,104138.4100988516,103929.7153190703
2014-11-11,2,103943.9608,104061.1947,104091.21524321733,103935.31640793671
2014-11-12,2,104058.4046,103943.9608,104022.68474219162,103841.8309327287
2014-11-13,2,104059.2481,104058.4046,104284.81585868687,104087.40954025158
2014-11-14,2,103676.9385,104059.2481,104295.95453526634,104087.49654847343
2014-11-15,2,103705.5991,103676.9385,104039.86430359838,103773.64705756996
2014-11-16,2,103705.359,103705.5991,103951.59289992586,103654.97219799602
2014-11-17,2,103706.4482,103705.359,104019.5631407728,103702.37606455406
2014-11-18,2,103546.4856,103706.4482,104059.81733902713,103733.67023285339
2014-11-19,2,102616.4388,103546.4856,103913.44402655949,103577.04247337847
2014-11-20,2,102527.9648,102616.4388,103027.36413516996,102609.91765379671
2014-11-21,2,102535.1188,102527.9648,103090.30548095162,102666.18624540581
2014-11-22,2,102504.6372,102535.1188,103162.4439020879,102767.4802036098
2014-11-23,2,102460.4898,102504.6372,103115.20790970139,102713.9122834384
2014-11-24,2,102462.1742,102460.4898,103107.47635587316,102683.09936085284
2014-11-25,2,102474.9089,102462.1742,103045.88608968745,102631.92004810533
2014-11-26,2,102330.0985,102474.9089,103049.58686984834,102630.35631093549
2014-11-27,2,101700.9192,102330.0985,103066.81905288533,102637.1665504615
2014-11-28,2,101667.0155,101700.9192,102357.58312789006,101916.76531158174
2014-11-29,2,101521.6334,101667.0155,102408.3095988523,101978.48732842391
2014-11-30,2,101511.8758,101521.6334,102303.19322034078,101859.04681499903
2014-12-01,2,101512.2602,101511.8758,102390.19119420818,101912.38996261719
2014-12-02,2,101075.4205,101512.2602,102492.23263662422,101972.03908177078
2014-12-03,2,100517.4727,101075.4205,102064.87866706176,101479.21578489397
2014-12-04,2,100120.1823,100517.4727,101492.46405426238,100889.82831814532
2014-12-05,2,99554.71523,100120.1823,101229.56879018652,100627.35734691063
2014-12-06,2,99536.4892,99554.71523,100678.1024865461,100050.30157245658
2014-12-07,2,99551.07571,99536.4892,100920.62350896087,100240.676042617
2014-12-08,2,99551.79923,99551.07571,100987.69302543944,100282.10639280881
2014-12-09,2,99953.20257,99551.79923,101020.41521202352,100287.37166994625
2014-12-10,2,99991.89306,99953.20257,101395.98035185187,100706.793701258
2014-12-11,2,99966.01331,99991.89306,101468.32324877229,100748.7453520256
2014-12-12,2,99990.7995,99966.01331,101436.93576868238,100724.83282845838
2014-12-13,2,99268.19811,99990.7995,101634.61571008003,100905.53808264101
2014-12-14,2,99268.60813,99268.19811,100797.0504911014,100060.77771369806
2014-12-15,2,99269.02312,99268.60813,101009.5539647808,100268.09160473054
2014-12-16,2,98848.93744,99269.02312,101186.09416957668,100399.1979937981
2014-12-17,2,98715.82578,98848.93744,100708.61189649138,99877.60236278473
2014-12-18,2,98572.14495,98715.82578,100652.3205052762,99797.20808948262
2014-12-19,2,98635.0418,98572.14495,100548.77180567343,99642.09366707195
2014-12-20,2,98507.85487,98635.0418,100583.88721562277,99681.63840519538
2014-12-21,2,98552.62299,98507.85487,100515.87723535158,99635.58648324652
2014-12-22,2,98552.6011,98552.62299,100700.7390509144,99783.55463582171
2014-12-23,2,98194.16097,98552.6011,100682.42875534647,99775.70839520392
2014-12-24,2,98239.76973,98194.16097,100327.3963212598,99427.98795609795
2014-12-25,2,98049.32145,98239.76973,100856.96437856334,99915.81665123123
2014-12-26,2,98049.33602,98049.32145,100641.9474785005,99702.38433878885
2014-12-27,2,98047.47358,98049.33602,100322.80970691831,99385.6913644388
2014-12-28,2,98057.04013,98047.47358,100345.3511949655,99412.51291878214
2014-12-29,2,98057.04914,98057.04013,100355.27941767013,99423.13201193394
2014-12-30,2,98116.68054,98057.04914,100378.84326647503,99436.95302257218
2014-12-31,2,98243.47862,98116.68054,100531.68287887033,99592.36436015551
2015-01-01,2,98343.49626,98243.47862,100983.63395321947,100006.2518838069
2015-01-02,2,98343.69374,98343.49626,100758.3214491104,99800.73870968328
2015-01-03,2,98684.73359,98343.69374,100707.71417129383,99748.70584422965
2015-01-04,2,98684.84818,98684.73359,101213.69599692833,100215.93795961002
2015-01-05,2,98685.22039,98684.84818,101244.56115168172,100217.70210659293
2015-01-06,2,98917.39578,98685.22039,101289.79588352918,100254.35663729299
2015-01-07,2,99548.91245,98917.39578,101535.70014481572,100514.21684004931
2015-01-08,2,99601.00088,99548.91245,102181.34942001844,101162.7966575169
2015-01-09,2,97724.39232,99601.00088,102050.7202600112,101045.27918438856
2015-01-10,2,97711.27485,97724.39232,100041.34120012773,98965.53373451381
2015-01-11,2,97752.80457,97711.27485,100321.47092282225,99267.57367454829
2015-01-12,2,97753.03643,97752.80457,100413.82794001512,99367.18405025273
2015-01-13,2,97890.22511,97753.03643,100494.6455002443,99439.50153080699
2015-01-14,2,97923.04165,97890.22511,100684.67473953731,99604.41853729235
2015-01-15,2,98087.29608,97923.04165,100433.15364966834,99368.68452635308
2015-01-16,2,97964.66565,98087.29608,100459.84476387447,99406.7319543073
2015-01-17,2,97987.57325,97964.66565,100616.2986288802,99593.28213394253
2015-01-18,2,97988.1686,97987.57325,100667.30680325128,99647.14240393619
2015-01-19,2,97988.33506,97988.1686,100722.506527833,99687.34557632444
2015-01-20,2,98114.97025,97988.33506,100800.3866607172,99753.50369393629
2015-01-21,2,98169.86733,98114.97025,100948.85001426419,99903.18831245467
2015-01-22,2,98432.08249,98169.86733,100991.52244325538,99937.01858950453
2015-01-23,2,98610.09154,98432.08249,101235.35527910737,100144.71323673116
2015-01-24,2,98747.01518,98610.09154,101371.15504611423,100289.50541275647
2015-01-25,2,98748.58344,98747.01518,101557.47877197679,100448.22270133729
2015-01-26,2,98747.82416,98748.58344,101616.6675596552,100482.60417553115
2015-01-27,2,98712.27768,98747.82416,101700.05570940711,100550.6485290802
2015-01-28,2,99166.78843,98712.27768,101693.4419902812,100529.43486036149
2015-01-29,2,99198.63929,99166.78843,101700.06916061042,100734.1466303281
2015-01-30,2,99119.99639,99198.63929,101608.70353153674,100628.89459223866
2015-01-31,2,99192.06321,99119.99639,101458.26816028745,100479.28063011153
2015-02-01,2,99191.70421,99192.06321,101516.11547776304,100542.5589494068
2015-02-02,2,99192.21778,99191.70421,101567.99877875899,100581.13144089872
2015-02-03,2,99097.64021,99192.21778,101704.05065550034,100686.5402734495
2015-02-04,2,99085.61173,99097.64021,101712.86720611072,100671.40105127046
2015-02-05,2,99105.7538,99085.61173,101675.22413347232,100612.85186389957
2015-02-06,2,99070.06623,99105.7538,101671.82536188244,100616.5028467976
2015-02-07,2,98567.61368,99070.06623,101612.43158643755,100572.88169940254
2015-02-08,2,98496.31345,98567.61368,101096.01832660567,100018.52120263515
2015-02-09,2,98496.54472,98496.31345,101127.76704939186,100050.48605644956
2015-02-10,2,98403.18658,98496.54472,101205.5465877027,100110.86540539358
2015-02-11,2,98438.86853,98403.18658,101161.52190281771,100054.23457796784
2015-02-12,2,98435.60356,98438.86853,101222.5055820014,100103.51580691236
2015-02-13,2,98395.4201,98435.60356,101081.9274912456,99988.07681398964
2015-02-14,2,98439.24122,98395.4201,101015.96088047998,99914.74226107568
2015-02-15,2,98439.24217,98439.24122,101229.96419156813,100107.68313224941
2015-02-16,2,98439.27876,98439.24217,101571.71843886272,100426.00810888447
2015-02-17,2,98428.19801,98439.27876,101300.09736131951,100156.8761103018
2015-02-18,2,98434.83241,98428.19801,101338.60801360523,100180.82836711637
2015-02-19,2,98486.71661,98434.83241,101304.30032458664,100149.77411555465
2015-02-20,2,98462.27263,98486.71661,101326.98578043233,100174.25023777196
2015-02-21,2,98827.08134,98462.27263,101300.35276047824,100132.35810877764
2015-02-22,2,98797.14201,98827.08134,101714.16235435913,100543.28268900621
2015-02-23,2,98797.24298,98797.14201,101624.98175222693,100448.9058699596
2015-02-24,2,98886.42254,98797.24298,101648.88021338072,100469.88708193622
2015-02-25,2,98955.81617,98886.42254,101714.04958188435,100551.46140226278
2015-02-26,2,98994.75064,98955.81617,102540.94672457976,101092.42165140316
2015-02-27,2,99101.54533,98994.75064,102674.44014071465,101181.73994422406
2015-02-28,2,96511.58118,99101.54533,102798.47668295317,101311.34642813641
2015-03-01,2,96534.22777,96511.58118,98993.446276325,97717.25504903744
2015-03-02,2,96534.25822,96534.22777,99530.92650675857,98279.25150672231
2015-03-03,2,96745.69433,96534.25822,99639.30877371092,98367.95830489401
2015-03-04,2,96809.20535,96745.69433,99906.14650215834,98618.41135934019
2015-03-05,2,96708.90687,96809.20535,99900.88068192702,98591.26347955017
2015-03-06,2,96700.69753,96708.90687,99600.49799503262,98302.86529303998
2015-03-07,2,96649.48235,96700.69753,99367.30611843138,98101.7102608159
2015-03-08,2,96657.32922,96649.48235,99796.74279872612,98564.09552992722
2015-03-09,2,96658.37693,96657.32922,99880.98137638754,98631.62289463502
2015-03-10,2,96760.10175,96658.37693,99871.27663533106,98637.45245541014
2015-03-11,2,96763.03234,96760.10175,99979.63203886438,98730.71278714728
2015-03-12,2,96806.43794,96763.03234,99960.36894413302,98695.30199020327
2015-03-13,2,96750.28325,96806.43794,100019.9727763469,98750.69096820727
2015-03-14,2,96788.57556,96750.28325,99980.93717691678,98652.87518931898
2015-03-15,2,96785.54113,96788.57556,100076.43209006147,98739.3142194374
2015-03-16,2,96786.34905,96785.54113,100158.07540162664,98794.87754322228
2015-03-17,2,96801.788,96786.34905,100206.80532299184,98841.44237763148
2015-03-18,2,96811.44481,96801.788,100232.803802404,98859.48119910341
2015-03-19,2,96704.09106,96811.44481,100259.10583886702,98873.3280826998
2015-03-20,2,96965.43026,96704.09106,100105.34536778727,98719.48961735306
2015-03-21,2,97276.61136,96965.43026,100439.28655651736,99055.21387084291
2015-03-22,2,97278.13087,97276.61136,100720.23703464321,99346.60678523123
2015-03-23,2,97278.97047,97278.13087,100700.29219843762,99320.06990899832
2015-03-24,2,97191.99032,97278.97047,100658.51757690097,99309.44517782737
2015-03-25,2,97166.86393,97191.99032,100582.26822001446,99233.15060539711
2015-03-26,2,96953.80007,97166.86393,100569.59959288106,99229.1929004161
2015-03-27,2,96934.14243,96953.80007,100389.22137517318,99049.89822409251
2015-03-28,2,96868.82893,96934.14243,100390.51043777437,99052.89141473167
2015-03-29,2,96868.65148,96868.82893,100287.05600530685,98948.47191683487
2015-03-30,2,96869.2975,96868.65148,100268.4727539694,98918.28680348335
2015-03-31,2,96892.08081,96869.2975,100273.95082328176,98928.92628175688
2015-04-01,2,96735.58232,96892.08081,100292.58433025399,98956.73644260525
2015-04-02,2,96979.18523,96735.58232,99788.1511342656,98559.79499987945
2015-04-03,2,96987.6524,96979.18523,100383.14082204911,99167.42447712304
2015-04-04,2,96987.51348,96987.6524,100020.39181585246,98827.7158818206
2015-04-05,2,97001.59252,96987.51348,100031.21254240723,98840.36122001984
2015-04-06,2,97001.32229,97001.59252,100051.06030795941,98867.82405891587
2015-04-07,2,97008.80195,97001.32229,100024.32038852501,98859.56294080433
2015-04-08,2,97123.95664,97008.80195,100068.22664934784,98892.21573234603
2015-04-09,2,97218.457,97123.95664,100002.4339796189,98913.73166775572
2015-04-10,2,97397.78736,97218.457,100032.30033210649,98939.53365710193
2015-04-11,2,97565.35971,97397.78736,100219.12924101012,99126.20925138137
2015-04-12,2,97597.72717,97565.35971,100285.69936106847,99233.13606769522
2015-04-13,2,97606.07346,97597.72717,100206.59877408239,99194.00280483895
2015-04-14,2,97702.86583,97606.07346,100203.4150802723,99208.70114565986
2015-04-15,2,98082.67924,97702.86583,100246.6300367016,99288.5385507871
2015-04-16,3,98214.75739,98082.67924,98232.00094164099,98238.73190928249
2015-04-17,3,98393.3919,98214.75739,98385.25909364068,98389.63846466564
2015-04-18,3,98594.31322,98393.3919,98557.40113544429,98560.78120751404
2015-04-19,3,98595.16832,98594.31322,98733.30030633687,98737.3892042176
2015-04-20,3,98596.03333,98595.16832,98778.93253372826,98784.68518219132
2015-04-21,3,99413.78008,98596.03333,98844.22905099741,98851.1415428384
2015-04-22,3,99713.80975,99413.78008,99605.03396143015,99612.07928436069
2015-04-23,3,99890.81944,99713.80975,99915.67674540792,99918.48280636249
2015-04-24,3,102281.7534,99890.81944,100093.20963233174,100099.76553521266
2015-04-25,3,102688.8193,102281.7534,102276.03232398503,102281.84316793187
2015-04-26,3,102689.7285,102688.8193,102830.70983130446,102828.53460606348
2015-04-27,3,102691.0395,102689.7285,102877.48747988796,102881.44513771129
2015-04-28,3,103183.5717,102691.0395,102916.86296247444,102920.88719302752
2015-04-29,3,103608.1392,103183.5717,103368.70913232477,103371.36614885413
2015-04-30,3,104569.9776,103608.1392,103811.02666506324,103808.41531214766
2015-05-01,3,104633.5833,104569.9776,104788.09074051093,104777.12556630159
2015-05-02,3,105143.2965,104633.5833,104850.21120749578,104825.22655202057
2015-05-03,3,105139.4914,105143.2965,105293.2162427253,105271.82731429332
2015-05-04,3,105139.7571,105139.4914,105370.86208738206,105350.47836145411
2015-05-05,3,105647.2214,105139.7571,105428.1854141439,105418.70376135784
2015-05-06,3,106566.1167,105647.2214,105904.33561617685,105892.96857523122
2015-05-07,3,107168.6487,106566.1167,106779.25270658649,106761.24716533617
2015-05-08,3,107992.4606,107168.6487,107331.42632319215,107333.91885289046
2015-05-09,3,108541.4889,107992.4606,108129.01484230442,108136.00062942783
2015-05-10,3,108542.1627,108541.4889,108668.725122918,108673.17415373391
2015-05-11,3,108543.1213,108542.1627,108751.54209446383,108758.0745708331
2015-05-12,3,108837.0351,108543.1213,108826.20423720815,108837.51105715393
2015-05-13,3,109155.3764,108837.0351,109123.12229908479,109130.66250773318
2015-05-14,3,109675.8537,109155.3764,109404.34341523732,109411.29337631458
2015-05-15,3,109796.2447,109675.8537,109907.09147942119,109906.58273811729
2015-05-16,3,110245.042,109796.2447,110042.3101358214,110038.91724677927
2015-05-17,3,110315.2484,110245.042,110439.63568292673,110432.81100167613
2015-05-18,3,110315.2484,110315.2484,110850.80416020166,110832.87822272876
2015-05-19,3,110316.4937,110315.2484,110651.14454011922,110641.99302020378
2015-05-20,3,111219.0206,110316.4937,110661.16631542289,110655.02728937552
2015-05-21,3,111753.2714,111219.0206,111433.73109551615,111429.7065322041
2015-05-22,3,112080.5012,111753.2714,111978.650515381,111971.4760941435
2015-05-23,3,112366.4763,112080.5012,112321.37745433097,112313.51419196541
2015-05-24,3,112366.6092,112366.4763,112483.04037277844,112488.33458290492
2015-05-25,3,112369.6212,112366.6092,112530.70459731974,112537.04852654754
2015-05-26,3,112774.1006,112369.6212,112608.76355999325,112615.01872134343
2015-05-27,3,112915.97,112774.1006,113024.6035867406,113026.08712628164
2015-05-28,3,113255.3114,112915.97,113137.48504983813,113135.0076389236
2015-05-29,3,113400.2061,113255.3114,113441.07139443615,113434.19269266637
2015-05-30,3,113429.0874,113400.2061,113554.36793046443,113554.24564113104
2015-05-31,3,113428.4579,113429.0874,113580.53812370457,113578.0410734184
2015-06-01,3,113428.1961,113428.4579,113606.647087864,113605.17354475557
2015-06-02,3,113276.9735,113428.1961,113687.8877637258,113680.71660899583
2015-06-03,3,114035.3208,113276.9735,113561.43768951246,113557.98295782343
2015-06-04,3,114069.1204,114035.3208,114188.21111809391,114187.0384649387
2015-06-05,3,113852.3628,114069.1204,114241.56053743199,114241.22039209187
2015-06-06,3,113644.8042,113852.3628,114031.45308989193,114038.49864367633
2015-06-07,3,113644.5686,113644.8042,113799.50078696551,113814.39340606863
2015-06-08,3,113644.0318,113644.5686,113798.33638227137,113816.1608237691
2015-06-09,3,113534.8963,113644.0318,113861.73124867943,113880.14453991954
2015-06-10,3,113296.9882,113534.8963,113807.54451557987,113824.33459123498
2015-06-11,3,113151.741,113296.9882,113534.64225241754,113552.34595974346
2015-06-12,3,112985.7786,113151.741,113369.7376265769,113391.30568578659
2015-06-13,3,113081.0804,112985.7786,113201.04858412582,113227.26226429259
2015-06-14,3,113080.7141,113081.0804,113262.08739692898,113287.87764783572
2015-06-15,3,113081.2077,113080.7141,113285.01458660993,113310.49471466233
2015-06-16,3,112917.3976,113081.2077,113337.31568580869,113358.86490817463
2015-06-17,3,112664.9599,112917.3976,113188.81673735142,113219.3926465408
2015-06-18,3,112515.8657,112664.9599,112942.59006694007,112974.2513976823
2015-06-19,3,113270.2224,112515.8657,112763.41090943034,112798.54304296173
2015-06-20,3,113071.5121,113270.2224,113365.18546047894,113396.55018170792
2015-06-21,3,113071.505,113071.5121,113248.82767798351,113278.34738565556
2015-06-22,3,113071.7703,113071.505,113227.39526619697,113259.8525286174
2015-06-23,3,112922.1778,113071.7703,113273.4719006396,113304.16749737636
2015-06-24,3,112694.5622,112922.1778,113158.16649587588,113187.53602847361
2015-06-25,3,112670.3641,112694.5622,112929.50714341566,112961.6066374215
2015-06-26,3,110331.4253,112670.3641,112899.52439772051,112928.83392352179
2015-06-27,3,110307.0666,110331.4253,110936.5956387957,110965.50047670469
2015-06-28,3,110304.6009,110307.0666,110645.22855498875,110688.4880027365
2015-06-29,3,110306.1472,110304.6009,110643.4568275717,110681.21469249818
2015-06-30,3,110251.0899,110306.1472,110658.91691390309,110692.84503912751
2015-07-01,3,109969.6658,110251.0899,110843.96239748239,110870.70053423656
2015-07-02,3,109970.9386,109969.6658,110258.33791389172,110298.58672841857
2015-07-03,3,110155.0182,109970.9386,110124.32022742853,110188.02769166949
2015-07-04,3,110466.685,110155.0182,110323.47208931415,110399.72694494833
2015-07-05,3,110466.7139,110466.685,110563.58681572416,110636.4849358037
2015-07-06,3,110467.7955,110466.7139,110596.96062549872,110667.91386774597
2015-07-07,3,110940.9713,110467.7955,110640.64728145259,110711.06110048832
2015-07-08,3,111003.7797,110940.9713,111035.058520778,111102.59632399125
2015-07-09,3,111436.3786,111003.7797,111107.27149834707,111173.77008487654
2015-07-10,3,111553.8604,111436.3786,111515.10373427339,111549.87600201572
2015-07-11,3,111697.2638,111553.8604,111662.13308337159,111692.78941442507
2015-07-12,3,111844.5321,111697.2638,111793.68720583597,111824.08716356948
2015-07-13,3,111844.695,111844.5321,111976.38584014642,112007.23141129331
2015-07-14,3,111858.3112,111844.695,112072.98321390121,112102.29756480493
2015-07-15,3,111987.6508,111858.3112,112100.0460049135,112124.27900520345
2015-07-16,3,112109.0491,111987.6508,112210.5546356678,112235.05266581426
2015-07-17,3,112464.5303,112109.0491,112325.1421259478,112348.90483927036
2015-07-18,3,112625.3894,112464.5303,112633.34065410093,112659.96669459443
2015-07-19,3,112624.7608,112625.3894,112783.36260296882,112813.8010350328
2015-07-20,3,111073.8268,112624.7608,112825.26384660776,112858.32336333327
2015-07-21,3,111309.1301,111073.8268,111589.91398960628,111639.28612426712
2015-07-22,3,111709.0718,111309.1301,111665.2800057615,111725.10302950651
2015-07-23,3,111963.8008,111709.0718,112003.83265362207,112063.78179819902
2015-07-24,3,112484.5532,111963.8008,112244.59386433676,112302.01937229124
2015-07-25,3,113134.8436,112484.5532,112680.64192136495,112739.65925891137
2015-07-26,3,113179.7096,113134.8436,113308.0802127994,113362.01220917622
2015-07-27,3,113180.7098,113179.7096,113388.12132085272,113445.59589105075
2015-07-28,3,113549.9819,113180.7098,113483.18057488743,113550.73270357991
2015-07-29,3,113812.1558,113549.9819,113823.89643713686,113888.01495413916
2015-07-30,3,113895.7263,113812.1558,114065.09005301705,114122.49315058929
2015-07-31,3,114178.9656,113895.7263,114159.82259157818,114213.58246636248
2015-08-01,3,114483.0317,114178.9656,114412.18675551761,114459.98753688154
2015-08-02,3,114482.7459,114483.0317,114672.25016474305,114714.19225805966
2015-08-03,3,114484.9983,114482.7459,114741.24169898657,114763.56688771668
2015-08-04,3,114485.8816,114484.9983,114791.213579542,114813.821332938
2015-08-05,3,114704.1805,114485.8816,114776.4759370277,114799.38050108207
2015-08-06,3,114894.1363,114704.1805,114909.53407870514,114935.42547219395
2015-08-07,3,114695.4895,114894.1363,115080.37436359965,115108.3353770453
2015-08-08,3,114642.9762,114695.4895,114895.04252559441,114929.87262444322
2015-08-09,3,114616.9302,114642.9762,114801.83472112718,114837.9230362848
2015-08-10,3,114617.0947,114616.9302,114796.14519072513,114831.99699719754
2015-08-11,3,114639.269,114617.0947,114831.94702337935,114870.98918126925
2015-08-12,3,114647.1244,114639.269,114828.80150322658,114867.43208984369
2015-08-13,3,114672.9448,114647.1244,114786.82123804028,114823.82755196301
2015-08-14,3,114529.7261,114672.9448,114772.80827917508,114811.91626334286
2015-08-15,3,114534.2774,114529.7261,114633.76705158215,114677.47281359759
2015-08-16,3,114534.6289,114534.2774,114594.97335583855,114639.82725484246
2015-08-17,3,114535.4079,114534.6289,114611.6636372436,114655.09728054376
2015-08-18,3,114913.68,114535.4079,114649.01803188841,114689.53205374908
2015-08-19,3,114914.8003,114913.68,114962.83907494345,114994.71205536966
2015-08-20,3,114548.0728,114914.8003,114943.67522428106,114973.08221413355
2015-08-21,3,114392.985,114548.0728,114605.54543252708,114632.9982749283
2015-08-22,3,114920.2968,114392.985,114425.61610223807,114452.57241567112
2015-08-23,3,114920.0058,114920.2968,114812.8732378727,114836.00654487674
2015-08-24,3,114921.9034,114920.0058,114858.3026961034,114878.3344001141
2015-08-25,3,114635.6302,114921.9034,114900.56534380154,114917.19950275171
2015-08-26,3,114593.7265,114635.6302,114639.320504897,114653.09072563313
2015-08-27,3,114295.003,114593.7265,114512.26160934355,114529.42814856087
2015-08-28,3,114221.3533,114295.003,114246.32549734152,114263.35573370123
2015-08-29,3,114314.8454,114221.3533,114149.08994488926,114164.03666773398
2015-08-30,3,114314.845,114314.8454,114165.14076271943,114175.91521161121
2015-08-31,3,114316.2236,114314.845,114174.77475710017,114184.46350963673
2015-09-01,3,114259.069,114316.2236,114188.92081548681,114202.41059128994
2015-09-02,3,114130.0298,114259.069,114122.55508552802,114137.61750822638
2015-09-03,3,113436.0024,114130.0298,113962.62890668074,113973.91412200726
2015-09-04,3,113086.3235,113436.0024,113361.47517619636,113372.5312156868
2015-09-05,3,112840.4562,113086.3235,112964.3502752472,112984.27685753907
2015-09-06,3,112840.3622,112840.4562,112687.20050700761,112704.00930420242
2015-09-07,3,112840.5669,112840.3622,112925.06583385619,112930.91101358444
2015-09-08,3,112840.8518,112840.5669,112669.16854387384,112676.40236619575
2015-09-09,3,112545.8764,112840.8518,112624.05042329292,112631.42010030353
2015-09-10,3,112258.4326,112545.8764,112308.93384950138,112315.63051428928
2015-09-11,3,112185.1934,112258.4326,112014.14940811494,112025.56616501174
2015-09-12,3,112038.696,112185.1934,111890.54522052922,111904.51589910612
2015-09-13,3,112038.6768,112038.696,111728.4536786926,111740.3791922804
2015-09-14,3,112039.1785,112038.6768,111707.79437577815,111717.10348924156
2015-09-15,3,111925.8124,112039.1785,111727.55446768674,111733.68888860554
2015-09-16,3,111532.9426,111925.8124,111597.16251554515,111600.92520098641
2015-09-17,3,110925.2363,111532.9426,111215.5666290628,111214.45003396118
2015-09-18,3,110395.3901,110925.2363,110664.48420365491,110661.44527126799
2015-09-19,3,110282.3144,110395.3901,110153.63960305997,110147.0465137904
2015-09-20,3,110282.5362,110282.3144,109969.31021021323,109961.89524215247
2015-09-21,3,110283.4774,110282.5362,109940.58548890689,109932.26019925148
2015-09-22,3,111249.8205,110283.4774,109953.64829954525,109944.4682372262
2015-09-23,3,111026.427,111249.8205,110731.45032482574,110717.26043585874
2015-09-24,3,110585.2406,111026.427,110565.1526116106,110548.5951688667
2015-09-25,3,110142.4866,110585.2406,110150.0502291834,110143.69368145909
2015-09-26,3,109755.8242,110142.4866,109721.43061358237,109718.61877534723
2015-09-27,3,109757.7744,109755.8242,109359.82075655948,109357.27006184166
2015-09-28,3,109758.4944,109757.7744,109353.11060808398,109347.9359806474
2015-09-29,3,109020.3123,109758.4944,109408.33187708676,109395.20789443291
2015-09-30,3,108437.5176,109020.3123,108776.89844080035,108754.69680903177
2015-10-01,3,106931.473,108437.5176,108185.0066966771,108158.06156202879
2015-10-02,3,106019.5765,106931.473,106885.1050512746,106858.83591199011
2015-10-03,3,105166.0825,106019.5765,105911.69829695694,105890.2633859699
2015-10-04,3,105166.0825,105166.0825,105048.89325041696,105028.5644626974
2015-10-05,3,105166.62,105166.0825,104900.9431502388,104879.76699151949
2015-10-06,3,104752.2296,105166.62,104839.27209003281,104829.81818949094
2015-10-07,3,104277.076,104752.2296,104433.58067975446,104430.74286433967
2015-10-08,3,104083.2005,104277.076,103902.72165422465,103908.31543786735
2015-10-09,3,103440.835,104083.2005,103641.89564675794,103655.78682765971
2015-10-10,3,103087.4786,103440.835,103047.65221046163,103061.72657724086
2015-10-11,3,103072.0184,103087.4786,102656.39484166153,102676.33644519879
2015-10-12,3,103072.0165,103072.0184,102850.32190810042,102859.82418346431
2015-10-13,3,103071.9663,103072.0165,102593.18181682163,102600.16221746811
2015-10-14,3,102830.981,103071.9663,102572.24972344188,102576.31829631793
2015-10-15,3,102620.4489,102830.981,102349.3952522203,102340.02657407158
2015-10-16,3,101932.3052,102620.4489,102112.4451286348,102095.38367030855
2015-10-17,3,101610.3775,101932.3052,101530.14300888001,101505.28177489684
2015-10-18,3,101610.5732,101610.3775,101190.41370555462,101167.70320525764
2015-10-19,3,101613.3071,101610.5732,101170.54599328212,101145.78705723363
2015-10-20,3,101413.689,101613.3071,101212.47563728278,101180.50762573747
2015-10-21,3,100105.6195,101413.689,101039.70858360373,101003.80358288236
2015-10-22,3,99975.84653,100105.6195,99910.49841370368,99883.61386912181
2015-10-23,3,99808.34082,99975.84653,99667.49154535036,99645.23473302861
2015-10-24,3,99591.46465,99808.34082,99522.08285531323,99499.46607125083
2015-10-25,3,99590.85889,99591.46465,99307.73554275587,99287.40419363017
2015-10-26,3,99591.75854,99590.85889,99291.79141918004,99274.15099771271
2015-10-27,3,99360.15304,99591.75854,99343.78385632663,99332.34782596605
2015-10-28,3,99002.68691,99360.15304,99167.12070195444,99161.61748141432
2015-10-29,3,98753.60113,99002.68691,98846.3090617199,98851.29765187632
2015-10-30,3,98672.8551,98753.60113,98612.32632762258,98612.59715838704
2015-10-31,3,98504.9651,98672.8551,98445.31232426735,98438.51717499002
2015-11-01,3,98505.59262,98504.9651,98246.608668321,98240.59258275486
2015-11-02,3,98506.25108,98505.59262,98193.67468038196,98185.1289365052
2015-11-03,3,98312.98809,98506.25108,98239.72653810645,98230.41611042438
2015-11-04,3,98170.38906,98312.98809,98115.94607761782,98095.77460584127
2015-11-05,3,97943.28946,98170.38906,97936.8711401962,97920.32273628669
2015-11-06,3,97667.71281,97943.28946,97712.92368498676,97695.56304322938
2015-11-07,3,97642.14926,97667.71281,97461.19918708604,97443.247222522
2015-11-08,3,97642.14843,97642.14926,97360.0370229511,97340.97254861602
2015-11-09,3,97642.8315,97642.14843,97359.48960890729,97339.03036749987
2015-11-10,3,97579.65985,97642.8315,97410.6066977348,97388.59089036382
2015-11-11,3,97495.07467,97579.65985,97374.72379835315,97353.02699449744
2015-11-12,3,97400.92217,97495.07467,97284.65344483191,97265.43139567952
2015-11-13,3,97330.34937,97400.92217,97197.28419529024,97181.11377302346
2015-11-14,3,97330.95653,97330.34937,97145.38761844201,97131.15533884586
2015-11-15,3,97330.79077,97330.95653,97097.5552356553,97082.47588754584
2015-11-16,3,97331.26167,97330.79077,97117.48575246563,97102.24402064753
2015-11-17,3,97326.34382,97331.26167,97187.0874021846,97171.19553879864
2015-11-18,3,96829.3166,97326.34382,97208.77342798068,97195.07483641153
2015-11-19,3,96746.19502,96829.3166,96795.48183517666,96782.89692299743
2015-11-20,3,96872.3442,96746.19502,96601.83501278558,96583.75988325164
2015-11-21,3,96868.38001,96872.3442,96694.31703774977,96675.28371361073
2015-11-22,3,96868.57654,96868.38001,96683.4142378218,96663.70921526034
2015-11-23,3,96868.71624,96868.57654,96696.28465424522,96676.87203583485
2015-11-24,3,96945.54257,96868.71624,96746.14982139195,96727.64638801689
2015-11-25,3,96896.04215,96945.54257,96811.58412618487,96795.44106753438
2015-11-26,3,96716.31967,96896.04215,96757.10582808929,96744.45732834048
2015-11-27,3,96752.60599,96716.31967,96585.85007031437,96573.05472349847
2015-11-28,3,96729.58316,96752.60599,96577.82282296625,96564.11664010165
2015-11-29,3,96728.68682,96729.58316,96550.21594919328,96536.837677959
2015-11-30,3,96729.48952,96728.68682,96568.60628230935,96554.7691485326
2015-12-01,3,96114.8879,96729.48952,96624.18895051874,96610.27237356541
2015-12-02,3,95913.9429,96114.8879,96137.7043718983,96118.69334598149
2015-12-03,3,95695.21397,95913.9429,95870.75387472817,95855.66184329122
2015-12-04,3,95077.32002,95695.21397,95657.9332720481,95645.15119643757
2015-12-05,3,96050.35037,95077.32002,95101.44968029257,95087.71412784935
2015-12-06,3,96067.24025,96050.35037,95814.08885510277,95798.72132323486
2015-12-07,3,96068.2888,96067.24025,95932.2192263675,95911.48710876853
2015-12-08,3,96050.54202,96068.2888,95953.17913874629,95937.8332941083
2015-12-09,3,96124.99147,96050.54202,95939.93208957925,95931.67496596233
2015-12-10,3,96083.09669,96124.99147,95965.40507425455,95958.39976550758
2015-12-11,3,96071.05579,96083.09669,95929.71347192477,95924.43514863779
2015-12-12,3,95871.93171,96071.05579,95951.22481590639,95946.7877959722
2015-12-13,3,95871.97875,95871.93171,95739.30137012393,95728.61320130594
2015-12-14,3,95873.35542,95871.97875,95748.55131603622,95738.89034625515
2015-12-15,3,95898.03248,95873.35542,95815.81730887595,95797.7585117291
2015-12-16,3,95739.64942,95898.03248,95845.58474798595,95826.12386401226
2015-12-17,3,95603.57495,95739.64942,95685.59774696817,95665.25332158133
2015-12-18,3,95131.95044,95603.57495,95532.86351932537,95505.12037395353
2015-12-19,3,94995.11782,95131.95044,95084.71178362072,95071.65676831713
2015-12-20,3,94995.01046,94995.11782,94908.28911083851,94900.19439986067
2015-12-21,3,94995.35424,94995.01046,94916.0471167591,94907.24505783725
2015-12-22,3,95876.58823,94995.35424,94956.3143874204,94946.39304708996
2015-12-23,3,95900.12163,95876.58823,95680.54345905615,95670.42514384388
2015-12-24,3,96320.39679,95900.12163,95744.29766862723,95734.0350160691
2015-12-25,3,95897.11616,96320.39679,96345.66275433876,96332.23793505495
2015-12-26,3,95897.17881,95897.11616,96038.07541897552,96026.95749228606
2015-12-27,3,95897.29889,95897.17881,95730.65823870477,95732.71256328083
2015-12-28,3,95897.57178,95897.29889,96056.21541200574,96048.17731512165
2015-12-29,3,96020.60345,95897.57178,95872.51255925266,95868.942994285
2015-12-30,3,96079.77496,96020.60345,95966.11230329763,95953.81691013767
2015-12-31,3,96167.66409,96079.77496,95979.3873758522,95962.60346163248
2016-01-01,3,96497.40862,96167.66409,96310.09763109093,96277.27603199094
2016-01-02,3,96497.68799,96497.40862,96345.78036179303,96321.37818083017
2016-01-03,3,96553.97168,96497.68799,96366.67130365687,96338.40943399064
2016-01-04,3,96555.47278,96553.97168,96430.95099729857,96406.72664208234
2016-01-05,3,96546.82969,96555.47278,96471.84212786106,96458.36412325648
2016-01-06,3,97045.47765,96546.82969,96464.14566018993,96450.56852147741
2016-01-07,3,97012.55102,97045.47765,96882.12853092985,96872.47984698937
2016-01-08,3,97351.56996,97012.55102,96902.68290171004,96885.08857883429
2016-01-09,3,97337.60454,97351.56996,97192.72815310248,97176.72911776743
2016-01-10,3,97814.6756,97337.60454,97196.95100178638,97181.95265450283
2016-01-11,3,97816.88112,97814.6756,97658.50887953742,97643.51142498355
2016-01-12,3,97813.76223,97816.88112,97752.55022799008,97736.96060192847
2016-01-13,3,97906.5574,97813.76223,97755.06260451763,97741.10614249478
2016-01-14,3,97892.28739,97906.5574,97791.12022900041,97776.16095943189
2016-01-15,3,98012.85806,97892.28739,97783.45837140983,97771.37113170192
2016-01-16,3,98072.20728,98012.85806,97881.6788519975,97866.41882116378
2016-01-17,3,97920.01007,98072.20728,97948.81665021258,97930.73589263088
2016-01-18,3,97920.12757,97920.01007,97840.89357036396,97817.98699039493
2016-01-19,3,97988.90607,97920.12757,97875.84333946566,97851.56187703718
2016-01-20,3,98150.6365,97988.90607,97923.65866492482,97902.90350491223
2016-01-21,3,98157.02592,98150.6365,97992.61296562351,97976.301901836
2016-01-22,3,98318.99824,98157.02592,97993.218057527,97979.56661441798
2016-01-23,3,98763.74084,98318.99824,98121.34109872805,98108.0733146859
2016-01-24,3,98857.32212,98763.74084,98516.33664514455,98506.16875102164
2016-01-25,3,98857.54114,98857.32212,98670.45143980821,98658.45637544406
2016-01-26,3,98913.97185,98857.54114,98725.32507840432,98711.80848428953
2016-01-27,3,98943.874,98913.97185,98774.07655206986,98759.93365209029
2016-01-28,3,98932.26751,98943.874,98766.05582498721,98749.24632702822
2016-01-29,3,98899.10314,98932.26751,98754.50928435285,98736.29413127122
2016-01-30,3,98750.79293,98899.10314,98722.39202428354,98701.07884694038
2016-01-31,3,98743.98548,98750.79293,98558.63243929509,98533.86143382246
2016-02-01,3,98745.20926,98743.98548,98563.63430265388,98537.0028332081
2016-02-02,3,98784.25418,98745.20926,98610.36089066426,98581.8840828945
2016-02-03,3,98807.02539,98784.25418,98635.70602672962,98606.74332644834
2016-02-04,3,98641.88219,98807.02539,98621.85034122637,98590.94021505902
2016-02-05,3,98624.42219,98641.88219,98447.64446737697,98421.56026585924
2016-02-06,3,98561.47801,98624.42219,98397.98512827033,98377.13120369842
2016-02-07,3,98235.7732,98561.47801,98318.30666716029,98301.44317053696
2016-02-08,3,98235.78686,98235.7732,98066.01942835505,98048.1873588892
2016-02-09,3,97257.43336,98235.78686,98056.67393755433,98042.26867887122
2016-02-10,3,97166.70049,97257.43336,97237.72464185917,97222.82372557723
2016-02-11,3,97159.9417,97166.70049,97014.14066423375,97002.90830250079
2016-02-12,3,97117.30851,97159.9417,96975.98945377642,96962.30107085276
2016-02-13,3,97136.91192,97117.30851,96911.16941595254,96893.62456463823
2016-02-14,3,97135.44226,97136.91192,96874.77492999495,96858.627392643
2016-02-15,3,97136.07063,97135.44226,97147.72324032214,97126.42164192878
2016-02-16,3,97157.78411,97136.07063,96888.06686668456,96875.98396903198
2016-02-17,3,97126.50383,97157.78411,96911.76022167236,96905.73461027844
2016-02-18,3,97088.29826,97126.50383,96841.91292120302,96832.89809626942
2016-02-19,3,97167.29834,97088.29826,96779.81823738996,96769.0568865507
2016-02-20,3,95678.81574,97167.29834,96825.52105708388,96811.9876204724
2016-02-21,3,95698.75306,95678.81574,95593.24493650309,95572.90579844252
2016-02-22,3,95698.03362,95698.75306,95461.14431343158,95448.35088962181
2016-02-23,3,95573.55384,95698.03362,95518.44311935955,95488.33434103281
2016-02-24,3,95553.10326,95573.55384,95396.15721605356,95363.0270385065
2016-02-25,3,95383.39299,95553.10326,95306.502440586,95275.52992567362
2016-02-26,3,95455.69559,95383.39299,95126.45049858629,95097.84241918754
2016-02-27,3,95467.39158,95455.69559,95120.73784183142,95097.96561301926
2016-02-28,3,95579.62836,95467.39158,95165.53306234017,95156.83018062578
2016-02-29,3,95580.8474,95579.62836,95276.77418437813,95266.62467067371
2016-03-01,3,95539.64581,95580.8474,95332.30721628694,95321.82143893419
2016-03-02,3,95455.43156,95539.64581,95302.63749471014,95294.45349108921
2016-03-03,3,95441.82521,95455.43156,95197.22554882296,95190.91042118736
2016-03-04,3,95580.44478,95441.82521,95183.35888311132,95180.12583215664
2016-03-05,3,95577.89065,95580.44478,95328.15135560371,95305.39543606156
2016-03-06,3,95565.85975,95577.89065,95342.25571708992,95320.39332015652
2016-03-07,3,95566.35838,95565.85975,95370.28827880116,95349.538576882
2016-03-08,3,95488.17265,95566.35838,95416.07533196991,95393.7574089678
2016-03-09,3,95711.25934,95488.17265,95371.62857059241,95352.22763823206
2016-03-10,3,95306.90642,95711.25934,95469.55309584136,95444.63976888667
2016-03-11,3,95316.16276,95306.90642,95148.44584311265,95124.07760850171
2016-03-12,3,95368.87722,95316.16276,95112.27660668883,95090.12732909143
2016-03-13,3,95346.76834,95368.87722,95154.33151674239,95134.25559004847
2016-03-14,3,95346.76834,95346.76834,95178.79349205508,95159.39919052907
2016-03-15,3,95363.9202,95346.76834,95238.09403497851,95219.27602976098
2016-03-16,3,95389.79382,95363.9202,95269.98171075786,95252.64206460016
2016-03-17,3,95419.62736,95389.79382,95263.97447389271,95248.64565505413
2016-03-18,3,95402.75984,95419.62736,95313.04571922596,95304.03455635901
2016-03-19,3,95520.63712,95402.75984,95326.54275670987,95319.67490167881
2016-03-20,3,95549.76257,95520.63712,95438.14161634834,95433.35114271214
2016-03-21,3,95551.15481,95549.76257,95432.23225247503,95418.72833274478
2016-03-22,3,96284.67592,95551.15481,95492.15853579635,95477.45789731682
2016-03-23,3,96309.54121,96284.67592,96142.92451409949,96130.29605260267
2016-03-24,3,96225.70311,96309.54121,96210.10045219441,96189.98381584472
2016-03-25,3,96248.33089,96225.70311,96399.77527955748,96374.09453440849
2016-03-26,3,96247.90203,96248.33089,96144.04197896607,96128.36641805519
2016-03-27,3,96240.80371,96247.90203,96139.20497209806,96122.91944735855
2016-03-28,3,96240.80371,96240.80371,96178.00679769734,96160.66741821605
2016-03-29,3,96437.087,96240.80371,96250.50895420054,96231.29283151448
2016-03-30,3,96588.21622,96437.087,96405.86079955149,96382.1715406366
2016-03-31,3,96732.69371,96588.21622,96528.66455207557,96505.98570871724
2016-04-01,3,96805.06062,96732.69371,96676.1172549177,96655.02576726247
2016-04-02,3,97248.22889,96805.06062,96745.37425132628,96726.08046808353
2016-04-03,3,97255.6476,97248.22889,97145.7121969111,97128.63475268167
2016-04-04,3,97255.21125,97255.6476,97227.16429599168,97209.4697782411
2016-04-05,3,97429.04759,97255.21125,97270.51170524475,97262.91920184199
2016-04-06,3,97506.47497,97429.04759,97435.08643260236,97427.3346061566
2016-04-07,3,97662.22762,97506.47497,97502.36484569902,97492.51916763518
2016-04-08,3,97834.41823,97662.22762,97648.74480506244,97638.9517522103
2016-04-09,3,97920.75527,97834.41823,97835.84796581235,97823.14163343862
2016-04-10,3,97981.7413,97920.75527,97909.33409696481,97893.9838299533
2016-04-11,3,97981.85795,97981.7413,98005.24606952268,97990.54368320596
2016-04-12,3,98076.93504,97981.85795,98069.29819683183,98056.38828483723
2016-04-13,3,98201.55449,98076.93504,98161.37384904794,98149.37465395643
2016-04-14,3,98494.25826,98201.55449,98263.3095138154,98252.47140968786
2016-04-15,3,98781.9947,98494.25826,98536.74294912668,98523.67893763703
2016-04-16,3,99027.92237,98781.9947,98814.62185190925,98804.32748700719
2016-04-17,3,99027.92237,99027.92237,99056.77759508917,99045.47169979924
2016-04-18,3,99028.27882,99027.92237,99104.05927655645,99092.68168427383
2016-04-19,3,99538.97737,99028.27882,99162.36898579216,99153.10219669748
2016-04-20,3,99768.4947,99538.97737,99653.81208123679,99643.94425031022
2016-04-21,3,99946.20492,99768.4947,99850.75640989134,99842.89126812722
2016-04-22,3,100213.5694,99946.20492,100024.71555097832,100016.14993486273
2016-04-23,3,100338.2917,100213.5694,100302.58838526568,100295.389290899
2016-04-24,3,100338.712,100338.2917,100402.57361639239,100390.24646519498
2016-04-25,3,100340.2092,100338.712,100453.89032487448,100440.71710237474
2016-04-26,3,100655.3418,100340.2092,100531.30603908891,100517.38636385225
2016-04-27,3,100648.8183,100655.3418,100829.6999649943,100812.63540920158
2016-04-28,3,100913.4342,100648.8183,100815.53391651109,100799.74036477681
2016-04-29,3,101228.5787,100913.4342,101050.47307405948,101037.84885568151
2016-04-30,3,101758.3746,101228.5787,101338.95569897324,101325.01262268424
2016-05-01,3,101757.8697,101758.3746,101846.1290426924,101831.54294932917
2016-05-02,3,101759.0162,101757.8697,101903.23034013802,101890.17718751158
2016-05-03,3,102401.2292,101759.0162,101957.61604934052,101951.99369073498
2016-05-04,3,103315.6878,102401.2292,102554.20322103053,102549.2190820225
2016-05-05,3,103807.5327,103315.6878,103430.43976610483,103423.96798336288
2016-05-06,3,104380.8011,103807.5327,103946.26268926248,103935.88028937033
2016-05-07,3,105189.3471,104380.8011,104499.31483805669,104488.49365984507
2016-05-08,3,105193.8947,105189.3471,105252.02201720967,105237.7643079735
2016-05-09,3,105195.8691,105193.8947,105361.4270369618,105345.57022871796
2016-05-10,3,105762.2759,105195.8691,105440.48958851137,105428.69564107373
2016-05-11,3,106755.6394,105762.2759,105991.16408077648,105971.45020792638
2016-05-12,3,106950.761,106755.6394,106918.61359840556,106889.81552825109
2016-05-13,3,107334.7142,106950.761,107179.89739868767,107147.03993203836
2016-05-14,3,108233.4998,107334.7142,107514.38068371135,107486.12998057407
2016-05-15,3,108233.7911,108233.4998,108333.24195523505,108302.33591894647
2016-05-16,3,108234.3911,108233.7911,108443.76153121276,108412.3403030933
2016-05-17,3,109114.1167,108234.3911,108513.64077003289,108490.41232096832
2016-05-18,3,109607.2861,109114.1167,109326.97401711142,109307.27129501742
2016-05-19,3,111262.3559,109607.2861,109796.60677836653,109776.40165673119
2016-05-20,3,112096.8964,111262.3559,111333.08090727641,111314.13816754457
2016-05-21,3,112554.5813,112096.8964,112216.42959357754,112197.56923972658
2016-05-22,3,112554.6772,112554.5813,112650.95439453541,112630.92688704719
2016-05-23,3,112554.6772,112554.6772,112996.74778230836,112972.08658353215
2016-05-24,3,112555.5181,112554.6772,112813.42653493183,112802.07630470043
2016-05-25,3,113296.3689,112555.5181,112832.67335859522,112823.53116958232
2016-05-26,3,114924.72,113296.3689,113520.55764501129,113502.73001866485
2016-05-27,3,115798.6421,114924.72,115056.6309965266,115019.62061543122
2016-05-28,3,116367.7479,115798.6421,115947.34478434232,115908.01368431984
2016-05-29,3,116367.8566,116367.7479,116493.72582472203,116454.27046883063
2016-05-30,3,116374.0308,116367.8566,116550.54664573059,116516.81185558547
2016-05-31,3,116871.5634,116374.0308,116618.60254774921,116594.36681759248
2016-06-01,3,117087.2154,116871.5634,117132.39918720715,117104.10541504143
2016-06-02,3,118270.3395,117087.2154,117344.59737204292,117324.47768720993
2016-06-03,3,119684.9841,118270.3395,118366.06849119616,118340.74936189204
2016-06-04,3,120209.561,119684.9841,119719.85037795198,119685.92073649241
2016-06-05,3,120720.1475,120209.561,120268.82479093189,120231.17373144052
2016-06-06,3,120721.5604,120720.1475,120776.07981377338,120745.36809719323
2016-06-07,3,121579.735,120721.5604,120901.70470896993,120867.27134391638
2016-06-08,3,122258.9724,121579.735,121701.44726061013,121665.7504879488
2016-06-09,3,123365.5096,122258.9724,122368.96586049357,122341.07357419019
2016-06-10,3,123814.4273,123365.5096,123388.8127596447,123359.04170447115
2016-06-11,3,124273.1473,123814.4273,123857.64065117681,123819.12145782003
2016-06-12,3,124404.5942,124273.1473,124293.52087637412,124251.94781246848
2016-06-13,3,124404.4817,124404.5942,124449.55752364013,124407.861421658
2016-06-14,3,124541.1274,124404.4817,124551.0135622461,124508.2460682339
2016-06-15,3,124764.8897,124541.1274,124703.32361609291,124648.66254330458
2016-06-16,3,125294.8448,124764.8897,124860.26777338886,124812.48266329848
2016-06-17,3,125955.7396,125294.8448,125311.29168684816,125268.37795628537
2016-06-18,3,126220.2659,125955.7396,125886.24330848009,125852.24501193935
2016-06-19,3,126220.2659,126220.2659,126107.33683116776,126077.27733355988
2016-06-20,3,126220.9582,126220.2659,126142.17989789121,126113.94246361504
2016-06-21,3,126348.6161,126220.9582,126193.29949329498,126171.63544909384
2016-06-22,3,126093.0936,126348.6161,126323.67586752924,126301.66257163101
2016-06-23,3,126362.3829,126093.0936,126107.0724070828,126087.97496409326
2016-06-24,3,126662.7502,126362.3829,126283.10802930503,126261.66970153102
2016-06-25,3,127023.6889,126662.7502,126474.8951361077,126454.83863352185
2016-06-26,3,127001.9888,127023.6889,126806.00308707688,126791.2441894012
2016-06-27,3,127002.4143,127001.9888,126827.94393960226,126812.02479842171
2016-06-28,3,127237.9892,127002.4143,126881.97655211884,126862.29306847606
2016-06-29,3,127171.0481,127237.9892,127100.9873863867,127075.45305742789
2016-06-30,3,127189.5655,127171.0481,127035.24899327781,127011.07021022518
2016-07-01,3,127572.9647,127189.5655,127311.65043259211,127277.86372413726
2016-07-02,3,127573.1167,127572.9647,127347.12964123298,127320.61055112057
2016-07-03,3,127574.1722,127573.1167,127311.40185428731,127285.81394403642
2016-07-04,3,127575.2789,127574.1722,127324.30146693316,127296.90493453713
2016-07-05,3,127570.4935,127575.2789,127365.36126117084,127336.77186981746
2016-07-06,3,127768.639,127570.4935,127380.90111739535,127342.14600191411
2016-07-07,3,127859.6619,127768.639,127501.77231049264,127465.359780389
2016-07-08,3,127219.2372,127859.6619,127581.99694682582,127546.79301304664
2016-07-09,3,126930.721,127219.2372,126990.99443728762,126965.56694693491
2016-07-10,3,126743.9551,126930.721,126663.28529738061,126643.53601813086
2016-07-11,3,126744.3904,126743.9551,126495.95115331127,126477.28760032236
2016-07-12,3,126398.8178,126744.3904,126521.43288774943,126501.71520266673
2016-07-13,3,126072.3262,126398.8178,126237.44118876982,126214.23533421115
2016-07-14,3,125654.7871,126072.3262,125878.93003586288,125857.34739172946
2016-07-15,3,125227.9698,125654.7871,125445.67857231484,125432.19694257723
2016-07-16,3,125312.831,125227.9698,125012.99220043761,125008.48457420732
2016-07-17,3,125312.8194,125312.831,124998.77455096069,124996.43280488203
2016-07-18,3,125314.3603,125312.8194,125003.47993999197,124999.45525012171
2016-07-19,3,125328.1108,125314.3603,124999.29124002274,124992.62750716033
2016-07-20,3,125058.7706,125328.1108,124994.51950626026,124996.64420851452
2016-07-21,3,124753.5254,125058.7706,124709.04949495703,124716.14336844526
2016-07-22,3,125126.2487,124753.5254,124418.49514260744,124418.69727180332
2016-07-23,3,124394.2917,125126.2487,124685.34862194807,124680.82641973536
2016-07-24,3,124372.2076,124394.2917,124080.02589120895,124070.88319839198
2016-07-25,3,124367.8588,124372.2076,123975.19135705657,123968.32949587067
2016-07-26,3,123978.8319,124367.8588,124000.78623983366,123986.49462455971
2016-07-27,3,123333.8788,123978.8319,123665.61875031621,123647.58516013843
2016-07-28,3,122687.5467,123333.8788,123052.46964266372,123034.04349368175
2016-07-29,3,121186.6347,122687.5467,122444.80708904055,122423.86178571191
2016-07-30,3,121060.6418,121186.6347,121102.28214965118,121084.81996471492
2016-07-31,3,121060.6172,121060.6418,120800.36729550685,120793.5820267057
2016-08-01,3,121060.6183,121060.6172,120765.64750774342,120754.77917528321
2016-08-02,3,121061.6789,121060.6183,120752.95224681323,120742.76766184898
2016-08-03,3,120696.6469,121061.6789,120699.88716758415,120693.60352519996
2016-08-04,3,120439.7688,120696.6469,120334.04399601236,120335.04678472101
2016-08-05,3,119895.4063,120439.7688,120030.47765308495,120048.78077391155
2016-08-06,3,119441.2497,119895.4063,119588.79157314062,119608.26193856617
2016-08-07,3,119441.3642,119441.2497,119098.57758266534,119117.7065066307
2016-08-08,3,119441.8293,119441.3642,119038.6697653636,119056.30732723013
2016-08-09,3,119029.5332,119441.8293,119057.56830432088,119067.61048147199
2016-08-10,3,118683.3721,119029.5332,118707.2140883733,118711.80772187164
2016-08-11,3,118179.5354,118683.3721,118319.9892460419,118322.6180939276
2016-08-12,3,118039.4769,118179.5354,117852.1550326629,117839.99854905877
2016-08-13,3,117910.6449,118039.4769,117636.43954631076,117626.2958462941
2016-08-14,3,117910.5893,117910.6449,117471.7572667327,117461.74392654735
2016-08-15,3,117911.7872,117910.5893,117456.0715596908,117446.49543028374
2016-08-16,3,117539.5717,117911.7872,117475.71269017814,117467.77599790826
2016-08-17,3,116943.3623,117539.5717,117174.09510932495,117168.23748993158
2016-08-18,3,116490.2484,116943.3623,116617.3279958124,116615.82443590274
2016-08-19,3,116277.2387,116490.2484,116186.52299173738,116183.62307669729
2016-08-20,3,115808.5816,116277.2387,115983.52046077256,115977.14230293254
2016-08-21,3,115808.3425,115808.5816,115573.99463363629,115572.8382069383
2016-08-22,3,115809.5348,115808.3425,115488.97622707734,115486.93576617277
2016-08-23,3,115508.5536,115809.5348,115531.94188999505,115527.63453409617
2016-08-24,3,115257.1081,115508.5536,115292.56181158169,115291.99494947001
2016-08-25,3,115317.5801,115257.1081,115027.45192656606,115030.40696752327
2016-08-26,3,115141.7494,115317.5801,115013.38042653115,115017.89500542794
2016-08-27,3,114962.7147,115141.7494,114834.98425498471,114839.01014366355
2016-08-28,3,114963.5152,114962.7147,114558.85137793914,114560.15369872621
2016-08-29,3,114963.6878,114963.5152,114542.78648787952,114543.89913417233
2016-08-30,3,114778.4454,114963.6878,114585.06411607697,114581.91580732417
2016-08-31,3,114464.1108,114778.4454,114448.07409245473,114441.01924897432
2016-09-01,3,114547.3239,114464.1108,114161.48941195567,114153.25943266523
2016-09-02,3,113859.8087,114547.3239,114163.87584138743,114152.77981306329
2016-09-03,3,113871.4938,113859.8087,113613.74191380374,113598.7324178393
2016-09-04,3,113863.3141,113871.4938,113508.5409754606,113496.90986691925
2016-09-05,3,113863.2141,113863.3141,113766.37535316004,113744.0275969609
2016-09-06,3,113863.8289,113863.2141,113539.21957631879,113521.73623671502
2016-09-07,3,113546.9853,113863.8289,113541.31454961942,113524.65633130555
2016-09-08,3,113546.7227,113546.9853,113224.90293996182,113211.51760933084
2016-09-09,3,113273.5471,113546.7227,113151.2245276884,113138.47477388348
2016-09-10,3,112807.6782,113273.5471,112913.81833021482,112900.84197110464
2016-09-11,3,112806.7085,112807.6782,112483.97613366174,112471.89745005802
2016-09-12,3,112807.3863,112806.7085,112452.88058731536,112442.23127688646
2016-09-13,3,112582.5273,112807.3863,112502.85574116796,112488.87349913061
2016-09-14,3,112483.9383,112582.5273,112320.91688784257,112305.03214820694
2016-09-15,3,112291.8162,112483.9383,112160.40265772161,112149.0317313949
2016-09-16,3,112132.36,112291.8162,111946.19611685339,111925.6226971038
2016-09-17,3,111657.9295,112132.36,111751.57243207179,111733.48389216301
2016-09-18,3,111657.8004,111657.9295,111329.0295539406,111314.3233892043
2016-09-19,3,111658.4932,111657.8004,111256.91327988685,111241.08984283663
2016-09-20,3,111718.2298,111658.4932,111283.18254933959,111265.44236380726
2016-09-21,3,111533.0152,111718.2298,111333.25265748623,111313.91905799239
2016-09-22,3,111158.8173,111533.0152,111098.55270797583,111077.19080987755
2016-09-23,3,111011.908,111158.8173,110741.23201085776,110718.30092466707
2016-09-24,3,110826.4427,111011.908,110569.72139931902,110545.1388531813
2016-09-25,3,110826.4307,110826.4427,110381.34799380519,110358.75338385766
2016-09-26,3,110826.3538,110826.4307,110368.04907833494,110344.34495110394
2016-09-27,3,110214.4434,110826.3538,110406.33053392074,110378.14145019154
2016-09-28,3,109539.865,110214.4434,109885.23792987654,109855.97577547692
2016-09-29,3,109439.9486,109539.865,109221.25604336146,109196.22521282856
2016-09-30,3,108988.4989,109439.9486,109033.26236427229,109008.66181635848
2016-10-01,3,108278.318,108988.4989,108653.20844530119,108624.59611415648
2016-10-02,3,108278.318,108278.318,107947.8902517815,107919.29108382847
2016-10-03,3,108280.4583,108278.318,107870.19251321832,107846.07583349157
2016-10-04,3,107763.1696,108280.4583,107868.08180451435,107844.58885363334
2016-10-05,3,106658.7359,107763.1696,107417.79348987278,107397.56120826192
2016-10-06,3,106031.3662,106658.7359,106423.96162247134,106408.32428079663
2016-10-07,3,105689.3363,106031.3662,105730.8351109059,105719.46560910171
2016-10-08,3,105374.8343,105689.3363,105346.62105322717,105336.8734616735
2016-10-09,3,105082.298,105374.8343,105005.1377057711,104998.23567340302
2016-10-10,3,105082.761,105082.298,104948.57917411714,104931.95492475081
2016-10-11,3,105084.2909,105082.761,104639.49574627931,104626.06567459306
2016-10-12,3,104860.0239,105084.2909,104598.97392658552,104584.59515734315
2016-10-13,3,104671.8633,104860.0239,104346.8748875621,104339.96752045974
2016-10-14,3,104595.9809,104671.8633,104145.35344495943,104138.78919246967
2016-10-15,3,104553.8386,104595.9809,104035.96332713914,104022.51621165639
2016-10-16,3,104553.8386,104553.8386,103961.97579836813,103951.38992113598
2016-10-17,3,104554.4204,104553.8386,103953.11234020151,103941.7457281305
2016-10-18,3,104248.9051,104554.4204,104000.42501423614,103981.6475009629
2016-10-19,3,103505.0485,104248.9051,103764.79156458432,103733.54099689932
2016-10-20,3,102792.881,103505.0485,103106.48508183047,103071.71597049528
2016-10-21,3,102712.8095,102792.881,102465.12473444591,102433.25451426714
2016-10-22,3,102509.7,102712.8095,102307.92910106435,102273.26616321357
2016-10-23,3,102500.613,102509.7,102120.20742960836,102081.37433307346
2016-10-24,3,102502.4942,102500.613,102102.56799879248,102066.14669754254
2016-10-25,3,102305.172,102502.4942,102140.19606312852,102108.29712223969
2016-10-26,3,102050.155,102305.172,101983.01758406713,101957.8927843303
2016-10-27,3,101619.2696,102050.155,101708.0998451253,101690.46435112326
2016-10-28,3,101491.322,101619.2696,101312.43223578022,101299.39348638999
2016-10-29,3,101428.1831,101491.322,101170.29320514438,101161.24748116247
2016-10-30,3,101411.7336,101428.1831,101082.73708119028,101074.83827078743
2016-10-31,3,101412.8853,101411.7336,101050.95891563437,101041.59226294518
2016-11-01,3,101173.0561,101412.8853,101109.74840828995,101099.33575126191
2016-11-02,3,100939.1178,101173.0561,100945.12721263763,100931.42977258808
2016-11-03,3,100557.459,100939.1178,100699.81018444864,100683.03076059603
2016-11-04,3,100134.9025,100557.459,100304.49784111013,100286.67831347833
2016-11-05,3,100059.8014,100134.9025,99881.53966907493,99860.78263250407
2016-11-06,3,100060.0089,100059.8014,99739.62423290523,99719.9076485109
2016-11-07,3,100060.0906,100060.0089,99726.29594418891,99704.78410892379
2016-11-08,3,99938.23344,100060.0906,99738.962487155,99714.09837500125
2016-11-09,3,99733.99454,99938.23344,99631.52820434523,99607.81593187501
2016-11-10,3,99602.94539,99733.99454,99421.64160339446,99398.77046741541
2016-11-11,3,99571.87373,99602.94539,99274.90656038137,99255.36165961101
2016-11-12,3,99500.56385,99571.87373,99231.48695177597,99214.46669076459
2016-11-13,3,99500.56385,99500.56385,99159.46323161844,99143.60390633669
2016-11-14,3,99501.82168,99500.56385,99182.42036573793,99167.98220690482
2016-11-15,3,99474.78716,99501.82168,99245.78846830445,99230.21763374624
2016-11-16,3,99205.2716,99474.78716,99245.17782696833,99231.13220265268
2016-11-17,3,99181.19466,99205.2716,98999.18220832176,98983.30035602557
2016-11-18,3,98759.71062,99181.19466,98925.76628774045,98905.94545408445
2016-11-19,3,98590.43692,98759.71062,98536.88965902649,98513.33298029292
2016-11-20,3,98590.18093,98590.43692,98341.22006114341,98320.41588204002
2016-11-21,3,98590.8519,98590.18093,98337.92531890873,98316.62876359245
2016-11-22,3,98590.1228,98590.8519,98388.01046937869,98365.334436597
2016-11-23,3,98513.02444,98590.1228,98388.92367771915,98366.85532508
2016-11-24,3,98627.42262,98513.02444,98289.14540638629,98269.49178005004
2016-11-25,3,98551.26764,98627.42262,98348.78967393152,98330.7509317871
2016-11-26,3,98459.7594,98551.26764,98278.43152465322,98262.20019821612
2016-11-27,3,98458.52795,98459.7594,98182.64153304342,98168.96572593636
2016-11-28,3,98458.56136,98458.52795,98203.45679374701,98190.64457068943
2016-11-29,3,98337.71441,98458.56136,98262.38857658251,98249.39743232049
2016-11-30,3,98373.0832,98337.71441,98176.51607984527,98161.02746787587
2016-12-01,3,98087.62738,98373.0832,98168.16774255443,98155.27197043653
2016-12-02,3,97827.82202,98087.62738,97930.76276730548,97911.94288020095
2016-12-03,3,97848.15947,97827.82202,97667.20944287116,97647.2536935156
2016-12-04,3,97848.15947,97848.15947,97635.72140765282,97618.56319956089
2016-12-05,3,97848.15947,97848.15947,97645.31628941654,97625.03062979534
2016-12-06,3,97823.51807,97848.15947,97689.03379198225,97668.96442868971
2016-12-07,3,99672.62631,97823.51807,97668.12071224929,97649.79005441854
2016-12-08,3,100077.4478,99672.62631,99151.59012972501,99130.59821615508
2016-12-09,3,100114.3392,100077.4478,99670.93505244928,99642.55840311015
2016-12-10,3,100101.9907,100114.3392,99738.99480316328,99715.79644386271
2016-12-11,3,100102.1254,100101.9907,99720.3129837848,99701.93368101415
2016-12-12,3,100102.7022,100102.1254,99773.36845140386,99756.54518927289
2016-12-13,3,100228.0271,100102.7022,99868.83909736841,99847.70046713723
2016-12-14,3,100227.5916,100228.0271,100050.85625666726,100024.74601496916
2016-12-15,3,100061.6421,100227.5916,99999.18612808317,99955.9205211147
2016-12-16,3,100205.8276,100061.6421,99856.43947944566,99810.02057406984
2016-12-17,3,100063.8235,100205.8276,99952.91205415047,99909.63583962014
2016-12-18,3,100063.8759,100063.8235,99850.29281189633,99808.74345806468
2016-12-19,3,100064.7619,100063.8759,99869.48900505684,99829.73130227416
2016-12-20,3,99877.19998,100064.7619,99921.45466509317,99881.34895476532
2016-12-21,3,99829.79571,99877.19998,99725.22378076099,99710.35867891474
2016-12-22,3,99918.38838,99829.79571,99610.83129844366,99601.94472177124
2016-12-23,3,99828.85709,99918.38838,99679.48493945156,99671.97240115047
2016-12-24,3,101786.6737,99828.85709,99586.72594260436,99577.28492231267
2016-12-25,3,101786.8223,101786.6737,101598.59297280537,101579.66269010257
2016-12-26,3,101786.975,101786.8223,101791.07801455472,101763.47456202867
2016-12-27,3,101786.975,101786.975,101538.46339096603,101526.34987703277
2016-12-28,3,101787.2103,101786.975,101538.43643711081,101530.63952356786
2016-12-29,3,101830.207,101787.2103,101525.42920849838,101514.50091715812
2016-12-30,3,101920.8714,101830.207,101579.28434732275,101564.84480671713
2016-12-31,3,102454.0955,101920.8714,101727.2931061129,101702.00594895985
2017-01-01,3,102469.7427,102454.0955,102426.38084743638,102374.08767137385
2017-01-02,3,102469.7427,102469.7427,102512.8839906282,102456.84406127039
2017-01-03,3,102470.2595,102469.7427,102290.58080906332,102238.78234712397
2017-01-04,3,102392.8757,102470.2595,102292.90595278893,102238.53803471036
2017-01-05,3,102751.5232,102392.8757,102209.5962992806,102153.74247743368
2017-01-06,3,102936.0797,102751.5232,102434.14661065007,102386.97095174369
2017-01-07,3,103157.3118,102936.0797,102587.68615720031,102563.07522469434
2017-01-08,4,103152.7068,103157.3118,102922.5830298768,102900.42835589548
2017-01-09,4,103152.6218,103152.7068,102948.23823330984,102926.63700666995
2017-01-10,4,101878.5887,103152.6218,102983.9088650087,102962.21609322635
2017-01-11,4,101928.8154,101878.5887,101858.33719168037,101845.35644440769
2017-01-12,4,101930.6885,101928.8154,101801.51883697356,101791.93608188818
2017-01-13,4,101985.6409,101930.6885,101805.16806973732,101786.77457956031
2017-01-14,4,102005.0398,101985.6409,101837.1709603181,101820.49621800403
2017-01-15,4,102004.9843,102005.0398,101815.06366076882,101797.08809662407
2017-01-16,4,102004.9843,102004.9843,101806.97555673162,101792.21326161007
2017-01-17,4,102039.1801,102004.9843,101814.43553963176,101806.76015377817
2017-01-18,4,102036.8754,102039.1801,101889.7720362403,101889.57993979067
2017-01-19,4,102479.5087,102036.8754,101850.66399262943,101851.837417581
2017-01-20,4,102480.9321,102479.5087,102233.01401195406,102227.95238088112
2017-01-21,4,102486.6168,102480.9321,102256.90465443689,102248.56927208057
2017-01-22,4,102495.2081,102486.6168,102245.0465192227,102235.24104447257
2017-01-23,4,102495.5094,102495.2081,102205.35066565927,102197.61495456913
2017-01-24,4,102653.5599,102495.5094,102272.54753292509,102247.02675419848
2017-01-25,4,102619.8881,102653.5599,102411.06670673654,102382.96073793882
2017-01-26,4,103152.5951,102619.8881,102375.52053390424,102345.2358191544
2017-01-27,4,104138.8281,103152.5951,102814.96010811998,102774.9575508637
2017-01-28,4,104131.7393,104138.8281,103768.65809194293,103727.73856061848
2017-01-29,4,104131.3573,104131.7393,103796.19155842547,103750.46398970751
2017-01-30,4,104131.4031,104131.3573,103799.77005612726,103755.97887856502
2017-01-31,4,104048.0324,104131.4031,103847.40417322748,103804.22969159174
2017-02-01,4,104128.1058,104048.0324,103783.00597004886,103738.52396347476
2017-02-02,4,104104.6651,104128.1058,103850.10136669394,103808.93474946916
2017-02-03,4,103656.2303,104104.6651,103846.60139317659,103798.73101211652
2017-02-04,4,103119.4376,103656.2303,103404.92730760653,103352.19683042895
2017-02-05,4,103119.7471,103119.4376,102879.89618248359,102833.92070147257
2017-02-06,4,103119.6879,103119.7471,102861.68110098076,102817.66193345952
2017-02-07,4,103123.8799,103119.6879,102904.97191818,102862.98388741567
2017-02-08,4,103089.3409,103123.8799,102901.3651230835,102860.24374018164
2017-02-09,4,103029.9423,103089.3409,102826.46163310982,102797.56790187099
2017-02-10,4,103042.6469,103029.9423,102728.04097569549,102716.12218643673
2017-02-11,4,103048.6278,103042.6469,102735.24723357291,102729.3512193399
2017-02-12,4,103048.6278,103048.6278,102739.86307269154,102737.17488645854
2017-02-13,4,103049.1187,103048.6278,102752.4384782276,102747.9270794173
2017-02-14,4,103017.9397,103049.1187,102788.80642818194,102781.1208623412
2017-02-15,4,102919.97,103017.9397,102748.5364392905,102740.56979196778
2017-02-16,4,103001.8855,102919.97,102624.69942761221,102615.71129959177
2017-02-17,4,103319.1287,103001.8855,102696.52588833804,102679.29105684462
2017-02-18,4,102806.2508,103319.1287,102970.08718061821,102940.80680056693
2017-02-19,4,102803.7384,102806.2508,102505.6473134576,102475.90889456756
2017-02-20,4,102803.7384,102803.7384,102682.85365358248,102651.20977696605
2017-02-21,4,102805.1186,102803.7384,102516.60373505815,102487.01511421532
2017-02-22,4,102975.8793,102805.1186,102509.05242557704,102476.51186577498
2017-02-23,4,101890.26,102975.8793,102629.34123583783,102593.23139316194
2017-02-24,4,102058.8082,101890.26,101681.29772925496,101644.96759569619
2017-02-25,4,102103.0332,102058.8082,101709.91314367055,101674.09029162327
2017-02-26,4,102100.6657,102103.0332,101755.91878079563,101718.23055190846
2017-02-27,4,102100.6657,102100.6657,101773.6589374659,101735.43181707455
2017-02-28,4,102165.4667,102100.6657,101807.33690077944,101769.7382467587
2017-03-01,4,102122.2021,102165.4667,101851.86314014457,101816.17003930232
2017-03-02,4,102305.4123,102122.2021,101763.72565378694,101735.6634551398
2017-03-03,4,102430.3816,102305.4123,101971.85194811829,101956.03132469897
2017-03-04,4,102812.3696,102430.3816,102107.88894657222,102082.811291036
2017-03-05,4,102811.049,102812.3696,102417.62868500616,102384.50494921318
2017-03-06,4,102811.1515,102811.049,102448.30280070458,102410.4214916232
2017-03-07,4,102534.6483,102811.1515,102491.98263084024,102454.79769892654
2017-03-08,4,102507.4487,102534.6483,102245.42337112126,102212.77568789151
2017-03-09,4,102569.0481,102507.4487,102213.12410708591,102168.24168556111
2017-03-10,4,102577.6201,102569.0481,102272.7388814753,102226.37837601929
2017-03-11,4,102606.5696,102577.6201,102293.87771839062,102245.22714816766
2017-03-12,4,102606.301,102606.5696,102289.39547575278,102238.81181742971
2017-03-13,4,102606.501,102606.301,102309.19410776897,102260.60400736236
2017-03-14,4,102594.3056,102606.501,102346.94363344774,102301.69186833837
2017-03-15,4,102593.5059,102594.3056,102350.12685990873,102308.04846068259
2017-03-16,4,102643.708,102593.5059,102326.9921924782,102288.67654457346
2017-03-17,4,102668.0374,102643.708,102374.07007786,102336.88058939549
2017-03-18,4,102621.8169,102668.0374,102396.67708028179,102364.28180653443
2017-03-19,4,102621.8169,102621.8169,102345.31834996692,102314.58822998057
2017-03-20,4,102622.2169,102621.8169,102350.98470924045,102318.27968991772
2017-03-21,4,102625.2841,102622.2169,102403.23188524583,102367.5674528842
2017-03-22,4,102717.1745,102625.2841,102410.99891563138,102375.64679877576
2017-03-23,4,102680.8583,102717.1745,102470.29154263242,102435.9076437933
2017-03-24,4,102502.1376,102680.8583,102447.76662302787,102413.64523560074
2017-06-01,4,112953.6903,102502.1376,102745.25134224814,102744.31519259064
2017-06-02,4,114346.2674,112953.6903,112386.72967660049,112395.1011059776
2017-06-03,4,114758.5639,114346.2674,114310.1742727005,114260.14605057269
2017-06-04,4,114828.9665,114758.5639,114637.41921176747,114604.8756503242
2017-06-05,4,114829.4392,114828.9665,114723.75968479784,114702.96423883473
2017-06-06,4,115435.7781,114829.4392,114863.09061298396,114841.50271787833
2017-06-07,4,115624.1691,115435.7781,115664.2056657899,115630.27799020898
2017-06-08,4,115978.5896,115624.1691,116259.71529332257,116207.57100543557
2017-06-09,4,116175.8086,115978.5896,116226.97438853508,116084.47948804813
2017-06-10,4,116484.6882,116175.8086,116398.89382138517,116251.47918180762
2017-06-11,4,116496.1945,116484.6882,116684.07457073868,116542.36280285797
2017-06-12,4,116496.0197,116496.1945,116752.49175598317,116617.21047222789
2017-06-13,4,116731.9626,116496.0197,116830.30957282848,116699.83795577787
2017-06-14,4,116901.2709,116731.9626,117054.26636100347,116922.03615080848
2017-06-15,4,116955.7865,116901.2709,117022.67051110422,117022.07118300136
2017-06-16,4,116963.0237,116955.7865,117061.09568971513,117075.70812848135
2017-06-17,4,119140.17,116963.0237,117066.89689866194,117085.09160837685
2017-06-18,4,119140.17,119140.17,119088.39835701649,119110.39367012607
2017-06-19,4,119141.1444,119140.17,119256.86461234423,119265.93367902681
2017-06-20,4,118960.6436,119141.1444,119279.47765708728,119298.03683910838
2017-06-21,4,118792.1362,118960.6436,119115.82186898618,119135.23365007617
2017-06-22,4,119081.7663,118792.1362,118944.45121412854,118964.73764211686
2017-06-23,4,119029.1462,119081.7663,119230.18553352324,119239.71613873799
2017-06-24,4,118938.8675,119029.1462,119273.60136964792,119273.46065630869
2017-06-25,4,118939.4047,118938.8675,119094.6024039945,119072.133433842
2017-06-26,4,118939.8203,118939.4047,119110.79964532045,119081.50572626835
2017-06-27,4,118848.2218,118939.8203,119152.72340019025,119117.26805035873
2017-06-28,4,119172.5467,118848.2218,119086.420470689,119044.25957942294
2017-06-29,4,119265.2161,119172.5467,119378.15578988504,119323.90518196233
2017-06-30,4,119200.4323,119265.2161,119526.5528288696,119458.16077275021
2017-07-01,4,118888.255,119200.4323,119348.21436713333,119322.0886416181
2017-07-02,4,118888.255,118888.255,118806.94793327274,118791.89736352989
2017-07-03,4,118888.255,118888.255,118793.45959554546,118779.31169165976
2017-07-04,4,118894.1188,118888.255,118842.07746626766,118822.34531348106
2017-07-05,4,119231.3855,118894.1188,118861.76375567593,118837.16548808251
2017-07-06,4,119380.4389,119231.3855,119090.06681231869,119063.04771944993
2017-07-07,4,119568.8349,119380.4389,119236.4959829468,119206.47788083775
2017-07-08,4,119873.2234,119568.8349,119404.04584985116,119375.20171112294
2017-07-09,4,119873.03,119873.2234,119689.21232956662,119662.88878497097
2017-07-10,4,119877.466,119873.03,119721.693138553,119694.170823389
2017-07-11,4,120033.0458,119877.466,119778.3896573103,119748.96122110885
2017-07-12,4,120136.1951,120033.0458,119935.42627602673,119909.09837537684
2017-07-13,4,120427.5537,120136.1951,120009.86214339099,119981.00333029096
2017-07-14,4,120550.2697,120427.5537,120298.32998500524,120267.00098543114
2017-07-15,4,120804.2383,120550.2697,120440.4576751073,120401.15685607112
2017-07-16,4,120804.2383,120804.2383,120659.67080943589,120617.74713269228
2017-07-17,4,120805.2717,120804.2383,120633.84154746842,120594.4667984135
2017-07-18,4,120102.9039,120805.2717,120685.38680113584,120647.56805997797
2017-07-19,4,120473.2746,120102.9039,120064.70877359177,120037.05332289553
2017-07-20,4,120685.1491,120473.2746,120322.38279663,120295.99652811847
2017-07-21,4,121031.5678,120685.1491,120536.99453868927,120505.45319037484
2017-07-22,4,120979.7835,121031.5678,120852.54141066578,120821.11804644523
2017-07-23,4,120984.9381,120979.7835,120795.15230417145,120764.30741907217
2017-07-24,4,120984.9688,120984.9381,120802.30632070059,120775.59458698548
2017-07-25,4,121226.5649,120984.9688,120827.64224753973,120805.05199463216
2017-07-26,4,121600.836,121226.5649,121096.10284921301,121080.65610687036
2017-07-27,4,121780.7226,121600.836,121432.33182555727,121417.72549821527
2017-07-28,4,121974.1542,121780.7226,121619.45401053707,121603.03813806015
2017-07-29,4,122155.0731,121974.1542,121789.18502606294,121775.92791269047
2017-07-30,4,122158.9275,122155.0731,121951.85497893448,121939.45800106635
2017-07-31,4,122158.9275,122158.9275,121987.20887033136,121973.51106506075
2017-08-01,4,122137.9745,122158.9275,122055.2827892789,122031.26295649806
2017-08-02,4,122515.1483,122137.9745,122039.23072594797,122017.67073562041
2017-08-03,4,122548.5912,122515.1483,122357.74900406066,122336.4265361859
2017-08-04,4,122365.1827,122548.5912,122396.4718880748,122375.22167038648
2017-08-05,4,122610.0554,122365.1827,122224.84780877182,122203.46888190336
2017-08-06,4,122611.1005,122610.0554,122395.11754164378,122372.5533646607
2017-08-07,4,122611.502,122611.1005,122419.92431137181,122395.7112365696
2017-08-08,4,122614.4707,122611.502,122455.42270317295,122432.97808469721
2017-08-09,4,122422.6263,122614.4707,122459.93865869328,122442.4534194525
2017-08-10,4,122275.8769,122422.6263,122244.26599467499,122229.40930530861
2017-08-11,4,122223.4877,122275.8769,122091.88402478857,122081.08990881761
2017-08-12,4,122195.034,122223.4877,122040.9873665395,122032.00392357053
2017-08-13,4,122195.034,122195.034,121980.33886506323,121968.68353604055
2017-08-14,4,122195.234,122195.034,121990.56784049046,121978.39713401924
2017-08-15,4,122209.0951,122195.234,122022.09669093686,122009.45850531387
2017-08-16,4,122062.2937,122209.0951,122013.76041948391,122007.94163120128
2017-08-17,4,121915.098,122062.2937,121856.63753140032,121854.9974556653
2017-08-18,4,121492.3976,121915.098,121705.8168491047,121703.71967158065
2017-08-19,4,121263.7704,121492.3976,121301.85810107288,121304.1728805195
2017-08-20,4,121261.0693,121263.7704,121031.97703736414,121035.67931037812
2017-08-21,4,121261.5804,121261.0693,121018.04816568054,121018.32436279573
2017-08-22,4,122174.8991,121261.5804,121040.44037946315,121036.75764292979
2017-08-23,4,121855.8137,122174.8991,121820.1209858639,121804.72252538367
2017-08-24,4,121571.031,121855.8137,121552.06019982879,121535.90766560989
2017-08-25,4,121687.4615,121571.031,121247.12568547748,121237.34299967639
2017-08-26,4,119520.7763,121687.4615,121325.9953716848,121317.24397478232
2017-08-27,4,119505.8633,119520.7763,119437.74175248684,119434.26387920353
2017-08-28,4,119505.8633,119505.8633,119262.35423059593,119259.29273021054
2017-08-29,4,119636.7168,119505.8633,119295.90332657135,119277.79155309281
2017-08-30,4,119555.3705,119636.7168,119335.90833576981,119305.74988636925
2017-08-31,4,119784.1944,119555.3705,119206.52715530673,119178.3521172317
2017-09-01,4,119568.2906,119784.1944,119357.90928562355,119328.42027795092
2017-09-02,4,119352.6733,119568.2906,119116.270637782,119097.71408846817
2017-09-03,4,119352.6066,119352.6733,118952.15687460532,118949.77009125378
2017-09-04,4,119352.6066,119352.6066,119140.47354625247,119129.80393739764
2017-09-05,4,119352.7733,119352.6066,118952.24399643292,118954.33490267459
2017-09-06,4,119595.6983,119352.7733,118936.74591356794,118932.15722585237
2017-09-07,4,119657.0751,119595.6983,119125.36051395588,119115.450118341
2017-09-08,4,119457.5319,119657.0751,119158.55638442574,119145.26214826904
2017-09-09,4,119383.9639,119457.5319,119012.68630609024,118974.84475692778
2017-09-10,4,119426.258,119383.9639,118917.63687581704,118883.10851625729
2017-09-11,4,119426.8978,119426.258,118967.08954264075,118931.50659273793
2017-09-12,4,119257.8999,119426.8978,119013.1899365133,118978.06020897461
2017-09-13,4,119069.4469,119257.8999,118871.08835589048,118836.2252155862
2017-09-14,4,118974.6944,119069.4469,118652.53173957337,118621.4605517798
2017-09-15,4,118962.2511,118974.6944,118555.29288878011,118523.60124104978
2017-09-16,4,118875.5197,118962.2511,118550.59963642692,118518.86528286597
2017-09-17,4,118875.5197,118875.5197,118467.99372587947,118439.39547202237
2017-09-18,4,118875.7015,118875.5197,118471.2861964551,118443.80956997786
2017-09-19,4,118425.5949,118875.7015,118499.48324129275,118473.33127859149
2017-09-20,4,118373.0559,118425.5949,118101.01195097009,118082.57998908288
2017-09-21,4,118048.8639,118373.0559,117989.64658752261,117976.24193923682
2017-09-22,4,117867.2881,118048.8639,117713.73124500841,117698.38021780361
2017-09-23,4,117743.0462,117867.2881,117535.63533382058,117521.90078636576
2017-09-24,4,117647.1817,117743.0462,117409.20141350952,117400.47975352759
2017-09-25,4,117648.1231,117647.1817,117219.8310440558,117190.2285133995
2017-09-26,4,117457.435,117648.1231,117221.54217446275,117189.73421679359
2017-09-27,4,116969.0521,117457.435,117046.61937156199,117016.03395802088
2017-09-28,4,116570.6436,116969.0521,116560.92390715762,116533.40675907036
2017-09-29,4,115760.8774,116570.6436,116162.7778297359,116137.58037203868
2017-09-30,4,115601.5312,115760.8774,115416.79932512867,115391.80537219968
2017-10-01,4,115589.7968,115601.5312,115172.70985791538,115147.19803758225
2017-10-02,4,115592.609,115589.7968,115138.82457808706,115108.86252078718
2017-10-03,4,115000.7528,115592.609,115140.14770548174,115101.8603701214
2017-10-04,4,114040.8219,115000.7528,114581.80364612394,114548.88232621866
2017-10-05,4,112365.2008,114040.8219,113649.50000187635,113623.5599402569
2017-10-06,4,111196.6287,112365.2008,112095.62461174157,112076.99487095136
2017-10-07,4,109883.1573,111196.6287,110948.63922173525,110934.87556728536
2017-10-08,4,109693.501,109883.1573,109657.18202904184,109637.14193946286
2017-10-09,4,109693.5505,109693.501,109539.02294605078,109508.89925916243
2017-10-10,4,109694.8713,109693.5505,109265.39794492177,109234.88578188102
2017-10-11,4,109045.5067,109694.8713,109175.10198992355,109148.46137524545
2017-10-12,4,108663.047,109045.5067,108501.02916759983,108488.45280881324
2017-10-13,4,108294.1217,108663.047,108090.33396347395,108087.86544545452
2017-10-14,4,108021.7088,108294.1217,107712.0113427238,107718.70810259828
2017-10-15,4,108021.4958,108021.7088,107442.20046451151,107455.15262263757
2017-10-16,4,108023.875,108021.4958,107405.14706429884,107413.77276646205
2017-10-17,4,106480.7579,108023.875,107420.88352588672,107419.86251556895
2017-10-18,4,106191.668,106480.7579,106065.37281495942,106061.21708722608
2017-10-19,4,105763.4326,106191.668,105667.8133386137,105651.30277791269
2017-10-20,4,105267.6782,105763.4326,105291.28347289763,105261.84183450122
2017-10-21,4,105079.4746,105267.6782,104830.5383222507,104784.69986862833
2017-10-22,4,105079.4746,105079.4746,104595.2277175822,104549.95257882187
2017-10-23,4,105079.8746,105079.4746,104557.12844997646,104515.48226669189
2017-10-24,4,104588.9425,105079.8746,104545.652136427,104515.13642631084
2017-10-25,4,104313.8276,104588.9425,104180.56049816454,104163.81958397562
2017-10-26,4,104147.3357,104313.8276,103884.26790745443,103875.29519760098
2017-10-27,4,103960.5709,104147.3357,103724.20428815247,103716.9489913357
2017-10-28,4,103759.3873,103960.5709,103573.88692690627,103569.26778382322
2017-10-29,4,103759.3873,103759.3873,103353.29750626544,103348.02327138737
2017-10-30,4,103760.403,103759.3873,103364.8267182834,103366.17612727394
2017-10-31,4,103671.8875,103760.403,103455.02744977594,103448.4048896804
2017-11-01,4,103155.8637,103671.8875,103439.96601079678,103447.69823791817
2017-11-02,4,103046.8412,103155.8637,102995.63714989953,103008.8726622009
2017-11-03,4,102927.9389,103046.8412,102873.61697641804,102884.9462157792
2017-11-04,4,102749.449,102927.9389,102721.17869380626,102720.77658638066
2017-11-05,4,102749.449,102749.449,102511.88320770065,102506.02886814819
2017-11-06,4,102749.649,102749.449,102450.82299244322,102433.97825465066
2017-11-07,4,102609.0501,102749.649,102489.48658169915,102468.79227539983
2017-11-08,4,102522.8069,102609.0501,102376.45560289777,102362.1127990146
2017-11-09,4,102434.8987,102522.8069,102301.54174929301,102296.79510375702
2017-11-10,4,102373.1665,102434.8987,102210.13971163357,102202.62177459277
2017-11-11,4,102325.3129,102373.1665,102155.0575505008,102147.24018211641
2017-11-12,4,102325.3129,102325.3129,102100.88923147244,102095.69979371101
2017-11-13,4,102326.2915,102325.3129,102120.9411084365,102118.06900065328
2017-11-14,4,102363.2936,102326.2915,102184.61735828275,102186.88884325918
2017-11-15,4,102340.5548,102363.2936,102259.91612240615,102264.76844672681
2017-11-16,4,102224.1991,102340.5548,102157.27052768532,102149.79970732167
2017-11-17,4,101830.5625,102224.1991,102057.71479562372,102050.16437199425
2017-11-18,4,101758.9466,101830.5625,101707.0400309516,101697.72349802848
2017-11-19,4,101758.9466,101758.9466,101585.06449618212,101574.27933764251
2017-11-20,4,101759.0666,101758.9466,101595.79976788812,101583.3090903752
2017-11-21,4,101730.2219,101759.0666,101646.33205092985,101633.31400777955
2017-11-22,4,101315.7503,101730.2219,101621.79797551788,101611.35292517899
2017-11-23,4,101152.4993,101315.7503,101208.63451770488,101197.69348602109
2017-11-24,4,101126.0762,101152.4993,101017.66635782557,101008.5378729702
2017-11-25,4,101271.5886,101126.0762,100991.99798327195,100984.31420160271
2017-11-26,4,101186.0281,101271.5886,101097.64010935504,101088.17529143157
2017-11-27,4,101186.0281,101186.0281,101036.10376286547,101025.70033273078
2017-11-28,4,101104.7104,101186.0281,101060.6588891924,101053.94938520329
2017-11-29,4,101068.9167,101104.7104,100977.24053659537,100975.86428663072
2017-11-30,4,100714.1896,101068.9167,100927.88603117598,100930.52598013189
2017-12-01,4,100466.9493,100714.1896,100607.72303526335,100601.70644084932
2017-12-02,4,100429.783,100466.9493,100364.54485796866,100357.85831020947
2017-12-03,4,100429.8385,100429.783,100279.49601713108,100270.75661075543
2017-12-04,4,100430.601,100429.8385,100278.56625783184,100267.05817747426
2017-12-05,4,100376.2459,100430.601,100305.6441517512,100293.47589542117
2017-12-06,4,100366.9383,100376.2459,100253.04065934295,100238.77275951636
2017-12-07,4,100211.7699,100366.9383,100183.89712278714,100167.17747196916
2017-12-08,4,102176.1222,100211.7699,100045.15610284501,100030.73936099153
2017-12-09,4,102187.7857,102176.1222,101763.38121420413,101733.08565450353
2017-12-10,4,102185.9523,102187.7857,101894.4411294731,101853.57270262514
2017-12-11,4,102186.1034,102185.9523,101897.36661978668,101862.33436786623
2017-12-12,4,102136.2377,102186.1034,101939.34473742476,101905.96503822418
2017-12-13,4,102110.5352,102136.2377,101916.94763713915,101884.90737369169
2017-12-14,4,102055.2185,102110.5352,101914.38073608847,101877.56330102478
2017-12-15,4,102173.5723,102055.2185,101952.92099983993,101913.36336910941
2017-12-16,4,102225.1087,102173.5723,101973.80727291215,101916.34366312521
2017-12-17,4,102231.8024,102225.1087,102021.1329799936,101966.61179224872
2017-12-18,4,102232.0024,102231.8024,102051.8425143411,102000.06249943636
2017-12-19,4,102690.8634,102232.0024,102093.47297299003,102043.21817833203
2017-12-20,4,102692.8576,102690.8634,102527.02104174766,102481.33814988744
2017-12-21,4,102633.6882,102692.8576,102538.57552704473,102491.03285948378
2017-12-22,4,102635.2737,102633.6882,102456.31240069609,102436.61517347144
2017-12-23,4,102408.9395,102635.2737,102451.17152338361,102432.23557710777
2017-12-24,4,102414.4644,102408.9395,102230.64335716986,102210.94053522224
2017-12-25,4,102414.2917,102414.4644,102445.7974455108,102420.92014831406
2017-12-26,4,102414.3592,102414.2917,102498.1964111576,102470.12894942003
2017-12-27,4,102414.893,102414.3592,102268.08232885436,102241.26171495278
2017-12-28,4,102362.3878,102414.893,102235.99114132382,102209.84686009733
2017-12-29,4,102419.0861,102362.3878,102182.50519419179,102159.05444404011
2017-12-30,4,102692.2922,102419.0861,102220.41177103398,102198.57354232822
2017-12-31,4,102654.9329,102692.2922,102451.89595201873,102427.59270747099
2018-01-01,4,102654.9329,102654.9329,102651.82761472842,102619.48409993545
2018-01-02,4,102655.1123,102654.9329,102472.88000373056,102450.54147104434
2018-01-03,4,102934.9651,102655.1123,102464.44556741294,102440.48620610907
2018-01-04,4,100525.5273,102934.9651,102701.24193925256,102675.62401859483
2018-01-05,4,100599.7456,100525.5273,100573.46011897609,100555.74937224283
2018-01-06,4,101042.2611,100599.7456,100458.47910533898,100440.67096933826
2018-01-07,4,101045.2772,101042.2611,100814.10711768118,100780.04739471116
2018-01-08,4,101045.3224,101045.2772,100850.68558497455,100811.058188648
2018-01-09,4,101720.4915,101045.3224,100854.80118929893,100816.38209940145
2018-01-10,4,101751.2709,101720.4915,101406.35669162954,101370.06502381386
2018-01-11,4,101673.5709,101751.2709,101375.14430191331,101344.60372875103
2018-01-12,4,101703.9248,101673.5709,101403.43897701538,101393.9112145652
2018-01-13,4,101689.6649,101703.9248,101424.25284111605,101414.90707962634
2018-01-14,4,101635.0134,101689.6649,101380.80871965611,101365.22477796575
2018-01-15,4,101635.9236,101635.0134,101357.78016072043,101340.18867556988
2018-01-16,4,101575.4134,101635.9236,101412.41265596174,101392.16696950019
2018-01-17,4,101577.6876,101575.4134,101316.0988596256,101292.99924027032
2018-01-18,4,101424.6728,101577.6876,101321.64622427229,101268.24958320199
2018-01-19,4,101393.9747,101424.6728,101185.44730307776,101133.76261095237
2018-01-20,4,100581.577,101393.9747,101135.9184705667,101090.95831682767
2018-01-21,4,100616.5224,100581.577,100387.34294503591,100347.28395644849
2018-01-22,4,100617.3898,100616.5224,100375.19142656689,100338.35019572359
2018-01-23,4,100967.7353,100617.3898,100399.67009045096,100368.10552955032
2018-01-24,4,100903.0578,100967.7353,100698.86065666832,100665.57526438088
2018-01-25,4,100860.1092,100903.0578,100622.05422723784,100589.04442582278
2018-01-26,4,100754.7196,100860.1092,100562.51898321466,100534.70709587197
2018-01-27,4,100944.9399,100754.7196,100442.61798197623,100419.39456497937
2018-01-28,4,100900.9286,100944.9399,100625.97013026278,100608.44810243214
2018-01-29,4,100900.9784,100900.9286,100625.46495442047,100606.78101671298
2018-01-30,4,100796.6175,100900.9784,100679.14338891741,100660.74338599635
2018-01-31,4,100621.7856,100796.6175,100574.37603672482,100556.74592330713
2018-02-01,4,100403.9248,100621.7856,100396.1393634738,100381.28327865902
2018-02-02,4,100555.4806,100403.9248,100205.66134182822,100193.89156888651
2018-02-03,4,100671.232,100555.4806,100297.43956231912,100263.12223244927
2018-02-04,4,100671.232,100671.232,100378.38795451995,100340.14056637607
2018-02-05,4,100671.232,100671.232,100391.076888537,100351.49656273569
2018-02-06,4,100558.0637,100671.232,100410.02830805733,100375.31116793308
2018-02-07,4,100288.8145,100558.0637,100295.47175047506,100262.02161630173
2018-02-08,4,100284.9902,100288.8145,100017.14057956667,99985.4670029438
2018-02-09,4,100178.018,100284.9902,100011.86981311358,99980.29875255788
2018-02-10,4,100165.4895,100178.018,99910.512903197,99878.1908153616
2018-02-11,4,100165.4895,100165.4895,99869.18877370395,99836.32200678573
2018-02-12,4,100165.8837,100165.4895,99882.43764292668,99850.50470597335
2018-02-13,4,100147.7305,100165.8837,99926.52415712262,99896.29517343639
2018-02-14,4,100165.8944,100147.7305,99911.95757913354,99884.0410916528
2018-02-15,4,100124.1494,100165.8944,99912.18901150564,99884.93621013773
2018-02-16,4,100029.8095,100124.1494,99875.76879549229,99851.75558064353
2018-02-17,4,99711.27909,100029.8095,99786.7413860636,99763.93991053612
2018-02-18,4,99537.56464,99711.27909,99491.96216244836,99471.60037040837
2018-02-19,4,99537.56464,99537.56464,99513.97718790543,99484.33215267323
2018-02-20,4,99539.21796,99537.56464,99333.73575680923,99305.7563740287
2018-02-21,4,99785.99749,99539.21796,99326.25630568172,99293.01319477514
2018-02-22,4,100262.4849,99785.99749,99502.87424131631,99467.47282021564
2018-02-23,4,100299.2187,100262.4849,99937.5091974518,99898.6010320572
2018-02-24,4,100342.262,100299.2187,99992.73953304936,99954.20087370403
2018-02-25,4,100504.2278,100342.262,100024.03349553775,99990.59935431289
2018-02-26,4,100504.6028,100504.2278,100199.27714971267,100166.22910003822
2018-02-27,4,100418.4499,100504.6028,100264.83551189338,100230.13939287733
2018-02-28,4,100347.5093,100418.4499,100208.70096079272,100175.15149003697
2018-03-01,4,100326.7571,100347.5093,100120.22583884875,100084.01591601253
2018-03-02,4,100445.4413,100326.7571,100092.14712718759,100051.05401381516
2018-03-03,4,100171.6168,100445.4413,100209.06133797645,100162.59540002614
2018-03-04,4,99847.24385,100171.6168,99963.00919084749,99914.76136138976
2018-03-05,4,99847.64823,99847.24385,99665.29397174351,99619.84194634075
2018-03-06,4,99888.12689,99847.64823,99684.73491161784,99641.07572656515
2018-03-07,4,99769.4544,99888.12689,99721.46920979375,99682.13520710992
2018-03-08,4,99743.50063,99769.4544,99580.36608274323,99547.86620475989
2018-03-09,4,99804.80906,99743.50063,99546.84872360968,99516.45016362792
2018-03-10,4,99885.39652,99804.80906,99582.10114133907,99553.46450290339
2018-03-11,4,99885.29194,99885.39652,99643.26565753309,99620.70977709809
2018-03-12,4,99885.8144,99885.29194,99679.94912548657,99659.96203636112
2018-03-13,4,99850.98666,99885.8144,99720.75079559724,99699.49709883801
2018-03-14,4,99849.59904,99850.98666,99685.27220567972,99664.11067089031
2018-03-15,4,99895.767,99849.59904,99662.47811804421,99642.57947442816
2018-03-16,4,99861.32033,99895.767,99708.66254084799,99689.34612564289
2018-03-17,4,99662.06934,99861.32033,99687.94569392661,99664.19064215882
2018-03-18,4,99662.06934,99662.06934,99495.18912362392,99468.43692927959
2018-03-19,4,99662.19434,99662.06934,99493.32730067006,99466.05162135846
2018-03-20,4,99754.27457,99662.19434,99533.67169989647,99505.26805779064
2018-03-21,4,99822.13327,99754.27457,99614.00917157825,99582.58426169713
2018-03-22,4,99871.66701,99822.13327,99650.93085252731,99617.48454160681
2018-03-23,4,99979.22868,99871.66701,99686.1117520781,99652.25202694167
2018-03-24,4,99656.3903,99979.22868,99776.91361402917,99743.60442539776
2018-03-25,4,99657.10919,99656.3903,99510.52077652879,99487.87441237364
2018-03-26,4,99657.53343,99657.10919,99512.97814827543,99492.25873515467
2018-03-27,4,99595.32335,99657.53343,99566.00477035981,99543.60299255684
2018-03-28,4,99440.46864,99595.32335,99518.79652306336,99496.68436825745
2018-03-29,4,99519.79936,99440.46864,99354.22024289684,99333.32806648653
2018-03-30,4,99643.84784,99519.79936,99619.21803732225,99593.21166416684
2018-03-31,4,99643.84784,99643.84784,99533.64595368234,99511.00673318481
2018-04-01,4,99629.76736,99643.84784,99546.29599815216,99527.86707967175
2018-04-02,4,99629.76736,99629.76736,99544.81515014476,99525.59919995246
2018-04-03,4,99637.00962,99629.76736,99575.22315032237,99556.17876651013
2018-04-04,4,99745.43544,99637.00962,99584.55104547826,99568.19744758288
2018-04-05,4,100046.3746,99745.43544,99673.82934925666,99659.60734325489
2018-04-06,4,100117.0979,100046.3746,99954.02984268827,99937.47674535692
2018-04-07,4,100073.7561,100117.0979,100044.50437759014,100021.93891097521
2018-04-08,4,100126.6346,100073.7561,99996.40556691823,99975.65818572883
2018-04-09,4,100127.227,100126.6346,100065.54009555392,100045.83650334705
2018-04-10,4,100183.3276,100127.227,100124.77070886224,100104.27231330813
2018-04-11,4,100436.9014,100183.3276,100193.47722182832,100171.67046251349
2018-04-12,4,100664.6508,100436.9014,100417.4817405351,100396.4739144689
2018-04-13,4,100740.7606,100664.6508,100637.23618826688,100614.5280374606
2018-04-14,4,100890.1874,100740.7606,100722.54153674789,100699.83418083687
2018-04-15,4,100917.8637,100890.1874,100860.1466531618,100840.13246559678
2018-04-16,4,100918.0027,100917.8637,100922.36956809979,100902.77102596816
2018-04-17,4,101061.3157,100918.0027,100978.5259476937,100959.19573430352
2018-04-18,4,101526.8658,101061.3157,101125.17926188007,101107.66140879819
2018-04-19,4,101972.4873,101526.8658,101544.72523410578,101530.06180241454
2018-04-20,4,102131.7951,101972.4873,101992.03265264194,101975.6872886921
2018-04-21,4,103094.4839,102131.7951,102172.62715190681,102154.96866055884
2018-04-22,4,103413.7185,103094.4839,103066.20792534295,103053.48421648818
2018-04-23,4,103415.2473,103413.7185,103456.02483639686,103440.93060273785
2018-04-24,4,103740.696,103415.2473,103529.33221020683,103514.8219619761
2018-04-25,4,103646.8297,103740.696,103849.82686469235,103839.57182985346
2018-04-26,4,103875.2899,103646.8297,103772.6208633078,103760.54739770634
2018-04-27,4,104288.6102,103875.2899,103986.09220574438,103970.44269759567
2018-04-28,4,104536.8668,104288.6102,104424.43498306486,104408.24674499527
2018-04-29,4,104522.5439,104536.8668,104641.92229650545,104617.70728762107
2018-04-30,4,104522.7965,104522.5439,104659.14717217404,104633.33874795544
2018-05-01,4,104744.6284,104522.7965,104712.73563796497,104690.1953704373
2018-05-02,4,105072.5882,104744.6284,104902.95221572756,104884.56782589445
2018-05-03,4,106078.2428,105072.5882,105221.21051996169,105209.38751965863
2018-05-04,4,106768.7587,106078.2428,106196.4194628139,106185.47261046086
2018-05-05,4,108135.2672,106768.7587,106873.35672723106,106868.86309670642
2018-05-06,4,108135.2672,108135.2672,108164.75782044412,108166.62414872859
2018-05-07,4,108136.339,108135.2672,108275.40470533966,108272.64832977753
2018-05-08,4,108771.1265,108136.339,108323.54092818077,108327.148409127
2018-05-09,4,109591.5963,108771.1265,108957.17102704987,108959.24939497694
2018-05-10,4,110108.5348,109591.5963,109791.64653422355,109789.68549147366
2018-05-11,4,110727.9957,110108.5348,110324.8634872314,110314.64264193428
2018-05-12,4,111371.5539,110727.9957,110939.74243095162,110925.38644805978
2018-05-13,4,111371.5539,111371.5539,111517.87359584146,111493.66477641009
2018-05-14,4,111371.7539,111371.5539,111590.84348009255,111564.54996250785
2018-05-15,4,111680.8937,111371.7539,111669.33016923636,111644.75931547045
2018-05-16,4,111976.2393,111680.8937,111977.90062170723,111951.10284235117
2018-05-17,4,112335.4118,111976.2393,112236.60368341362,112212.95175491391
2018-05-18,4,112967.5283,112335.4118,112582.32212124974,112561.25839496417
2018-05-19,4,113964.3262,112967.5283,113158.11731471446,113148.88671233723
2018-05-20,4,113775.7379,113964.3262,114095.08533167465,114081.77367501611
2018-05-21,4,113777.0296,113775.7379,114187.14573715763,114168.13731147541
2018-05-22,4,113777.4225,113777.0296,114007.61845191733,114005.03330999443
2018-05-23,4,114801.1087,113777.4225,114010.04215542364,114014.31989413023
2018-05-24,4,115375.3649,114801.1087,114946.52192357265,114953.62470256898
2018-05-25,4,115587.8548,115375.3649,115574.32143791206,115578.13203199749
2018-05-26,4,116131.1854,115587.8548,115790.14033159098,115793.31988674737
2018-05-27,4,116176.6729,116131.1854,116241.64380369027,116240.74823448653
2018-05-28,4,116176.784,116176.6729,116351.7558704211,116349.60225849581
2018-05-29,4,117762.2232,116176.784,116420.02181536224,116419.02738958444
2018-05-30,4,118388.497,117762.2232,117957.4942212084,117959.60591747524
2018-05-31,4,118410.8821,118388.497,118601.62028634033,118588.40129416689
2018-06-01,4,118719.905,118410.8821,118629.64770547247,118603.56868584466
2018-06-02,4,118911.1854,118719.905,118880.34363967857,118865.49031305617
2018-06-03,4,118344.4402,118911.1854,119048.48948389402,119025.21412746349
2018-06-04,4,118345.7235,118344.4402,118577.04654737838,118557.0899732243
2018-06-05,4,119936.5855,118345.7235,118654.43984734859,118632.06317909804
2018-06-06,4,121151.7762,119936.5855,120066.91086875484,120036.59945849734
2018-06-07,4,121801.2446,121151.7762,121238.93814017203,121203.71729914147
2018-06-08,4,122040.6914,121801.2446,121886.24996362516,121850.81831358068
2018-06-09,4,122751.5986,122040.6914,122096.65322111356,122067.33546208996
2018-06-10,4,122751.5986,122751.5986,122728.12681455287,122703.21918385086
2018-06-11,4,122751.7373,122751.5986,122835.55353717282,122809.73834872905
2018-06-12,4,123209.3754,122751.7373,122928.8353856291,122917.54920056972
2018-06-13,4,123512.5456,123209.3754,123348.28278543218,123329.78766462358
2018-06-14,4,123863.6015,123512.5456,123618.55438441908,123587.16175008495
2018-06-15,4,123922.0104,123863.6015,123950.9751633156,123916.4572843952
2018-06-16,4,124355.9888,123922.0104,124026.84272881481,123989.81833187565
2018-06-17,4,124355.9888,124355.9888,124393.58597449894,124345.3978269912
2018-06-18,4,124356.3221,124355.9888,124424.985065504,124374.86648752335
2018-06-19,4,124470.1885,124356.3221,124461.01988089603,124429.14200935132
2018-06-20,4,124612.1004,124470.1885,124547.47543247319,124525.60256240139
2018-06-21,4,124554.3067,124612.1004,124659.63351245769,124640.52561069197
2018-06-22,4,124557.6506,124554.3067,124579.69167918041,124559.41585699416
2018-06-23,4,124649.2226,124557.6506,124558.32964225169,124545.15120795526
2018-06-24,4,124649.2226,124649.2226,124607.27099516313,124589.16411302707
2018-06-25,4,124650.2034,124649.2226,124618.94605970448,124598.79419206273
2018-06-26,4,125138.9212,124650.2034,124658.94473925544,124641.28886191704
2018-06-27,4,124764.5517,125138.9212,125111.64078851766,125094.53336773533
2018-06-28,4,125066.2514,124764.5517,124724.2970417416,124712.41059595614
2018-06-29,4,125150.5212,125066.2514,124940.86654348747,124928.05388365523
2018-06-30,4,124656.1988,125150.5212,125034.0860000718,125020.93676125891
2018-07-01,4,124678.0761,124656.1988,124792.4339212522,124775.29825804324
2018-07-02,4,124678.0761,124678.0761,124602.11445982795,124588.89788975661
2018-07-03,4,124678.3261,124678.0761,124661.4678813337,124643.33397094927
2018-07-04,4,124605.9816,124678.3261,124644.69968358132,124621.6866036346
2018-07-05,4,124012.7297,124605.9816,124530.50121554642,124509.06922884303
2018-07-06,4,123769.7286,124012.7297,123951.54176854536,123933.65789107795
2018-07-07,4,123876.5723,123769.7286,123656.6637103966,123644.73247495184
2018-07-08,4,123876.5723,123876.5723,123728.3765079624,123716.44123220033
2018-07-09,4,123877.3995,123876.5723,123725.76650004846,123711.56732891906
2018-07-10,4,123596.0691,123877.3995,123745.04758454749,123735.8641822071
2018-07-11,4,123379.8866,123596.0691,123480.1581889011,123469.5268728884
2018-07-12,4,122593.4469,123379.8866,123194.73856789402,123194.38175044919
2018-07-13,4,122346.7612,122593.4469,122497.96810300203,122503.07432925836
2018-07-14,4,121860.591,122346.7612,122224.34703684799,122222.70448004137
2018-07-15,4,121860.591,121860.591,121743.67871701287,121738.29395811584
2018-07-16,4,121861.4093,121860.591,121688.37079330537,121680.22248964541
2018-07-17,4,121620.0663,121861.4093,121688.19721323982,121678.33393102037
2018-07-18,4,121316.3975,121620.0663,121440.6325920118,121434.69400329792
2018-07-19,4,121090.4044,121316.3975,121100.89386810483,121094.81533009051
2018-07-20,4,120529.8447,121090.4044,120877.62604365799,120874.77524318572
2018-07-21,4,120199.081,120529.8447,120351.84383844823,120353.11296441496
2018-07-22,4,120199.081,120199.081,119998.258958892,120002.3150275679
2018-07-23,4,120199.962,120199.081,119960.77845744196,119961.70168842433
2018-07-24,4,119710.783,120199.962,119971.37303231939,119966.8716745179
2018-07-25,4,119265.2819,119710.783,119522.94558758367,119520.39150574934
2018-07-26,4,119204.7386,119265.2819,119060.8698613318,119055.46627450534
2018-07-27,4,118681.2356,119204.7386,118957.71697859917,118954.14696337945
2018-07-28,4,118338.5608,118681.2356,118506.54323965855,118501.06410231756
2018-07-29,4,118338.5608,118338.5608,118149.94010982025,118149.43095346674
2018-07-30,4,118339.4613,118338.5608,118090.68500906278,118085.3262562039
2018-07-31,4,117937.6452,118339.4613,118103.6153057433,118097.40541063427
2018-08-01,4,117647.613,117937.6452,117751.39187241046,117750.35080330145
2018-08-02,4,117204.0507,117647.613,117444.81624970373,117449.99004097588
2018-08-03,4,116793.9394,117204.0507,117030.47006013631,117034.43271092679
2018-08-04,4,116102.016,116793.9394,116618.3218318257,116618.46834755855
2018-08-05,4,116171.5661,116102.016,115969.27393293969,115972.9001808674
2018-08-06,4,116171.5661,116171.5661,115976.06978529136,115981.12659579498
2018-08-07,4,116171.107,116171.5661,116007.38502125855,116007.93548982959
2018-08-08,4,115827.798,116171.107,116003.03089948447,116006.43955500404
2018-08-09,4,115844.3076,115827.798,115651.40662727275,115662.49581648418
2018-08-10,4,115613.2656,115844.3076,115635.54118634433,115648.98466391473
2018-08-11,4,115291.4447,115613.2656,115400.3538719788,115408.53371141732
2018-08-12,4,115175.0843,115291.4447,115100.69609732847,115113.8974218396
2018-08-13,4,115176.1601,115175.0843,114959.64644405602,114968.40669566845
2018-08-14,4,115070.2956,115176.1601,114993.7559694133,114998.5522333162
2018-08-15,4,115093.0188,115070.2956,114897.35517381634,114902.91999211813
2018-08-16,4,114751.6393,115093.0188,114887.19815652516,114891.09747554801
2018-08-17,4,114676.0168,114751.6393,114581.48677306868,114582.74533395868
2018-08-18,4,114742.9767,114676.0168,114495.72509281631,114493.9773611845
2018-08-19,4,114742.9767,114742.9767,114514.62205589148,114511.92380663953
2018-08-20,4,114743.4689,114742.9767,114526.38886307117,114522.35612169545
2018-08-21,4,114645.2796,114743.4689,114569.40783639425,114568.86779322333
2018-08-22,4,113641.0159,114645.2796,114498.18893816204,114499.32717489611
2018-08-23,4,113606.7373,113641.0159,113574.89676217208,113579.67617332653
2018-08-24,4,113842.356,113606.7373,113466.77705982095,113471.28642112207
2018-08-25,4,113901.9847,113842.356,113691.01575121767,113688.14355615436
2018-08-26,4,113959.969,113901.9847,113713.90419844547,113704.56274352854
2018-08-27,4,113960.2745,113959.969,113759.52377088682,113749.80231630156
2018-08-28,4,114520.0245,113960.2745,113792.38735049585,113787.74695092632
2018-08-29,4,114802.9145,114520.0245,114271.69614406842,114271.81057012422
2018-08-30,4,115060.4727,114802.9145,114570.67159498151,114567.1642555102
2018-08-31,4,115127.8996,115060.4727,114824.26579230881,114815.71580139051
2018-09-01,4,114788.1319,115127.8996,114882.27783028131,114869.39269675726
2018-09-02,4,115455.5253,114788.1319,114564.72256474638,114553.05730365089
2018-09-03,4,115455.5253,115455.5253,115330.34902483577,115301.35707647444
2018-09-04,4,115534.3935,115455.5253,115249.73607841872,115219.55070912873
2018-09-05,4,115266.7973,115534.3935,115327.78983520862,115281.85119526547
2018-09-06,4,115068.0943,115266.7973,115074.4231013872,115030.36319442168
2018-09-07,4,115124.8366,115068.0943,114855.4539345378,114813.27456230443
2018-09-08,4,115148.8445,115124.8366,114895.42457750939,114854.63854612716
2018-09-09,4,115147.7547,115148.8445,114925.96614787845,114884.05473212547
2018-09-10,4,115147.8701,115147.7547,114916.22765476655,114869.66730947126
2018-09-11,4,115368.4879,115147.8701,114939.01358397026,114900.8518668575
2018-09-12,4,115060.0617,115368.4879,115105.56758312893,115071.34342695496
2018-09-13,4,114897.6011,115060.0617,114818.03849982828,114792.5264777348
2018-09-14,4,114718.3108,114897.6011,114654.15284233581,114633.53567584009
2018-09-15,4,114710.8089,114718.3108,114487.01198488286,114462.5468111763
2018-09-16,4,114711.019,114710.8089,114432.14468445141,114415.17480069425
2018-09-17,4,114711.4077,114711.019,114442.76659062538,114423.73941408542
2018-09-18,4,114507.3414,114711.4077,114471.6368644684,114452.085199147
2018-09-19,4,114354.2645,114507.3414,114262.24774664638,114241.47117951
2018-09-20,4,113955.6556,114354.2645,114081.29453796464,114062.90904786573
2018-09-21,4,113763.0943,113955.6556,113708.37685652918,113693.61363038255
2018-09-22,4,113645.3599,113763.0943,113497.00673187125,113481.85223037646
2018-09-23,4,113645.3599,113645.3599,113340.73746911413,113322.07084158802
2018-09-24,4,113647.0168,113645.3599,113324.58915645609,113302.03419305653
2018-09-25,4,113027.8239,113647.0168,113329.32603706849,113306.57168569477
2018-09-26,4,114561.6102,113027.8239,112769.96790789819,112745.3597537191
2018-09-27,4,114072.6327,114561.6102,114018.5787910773,113980.51628445502
2018-09-28,4,112920.2098,114072.6327,113691.4967990923,113647.78766775488
2018-09-29,4,111755.8381,112920.2098,112609.52933816443,112579.1055215892
2018-09-30,4,111755.8381,111755.8381,111487.21425681308,111463.32100449453
2018-10-01,4,111758.1326,111755.8381,111401.74036784338,111373.95893451246
2018-10-02,4,111017.9444,111758.1326,111424.98041969667,111383.35925470114
2018-10-03,4,110332.6884,111017.9444,110803.7058983319,110758.89940713365
2018-10-04,4,109194.9518,110332.6884,110011.8601052179,109961.76249853522
2018-10-05,4,108900.2962,109194.9518,108911.2535237364,108872.268698423
2018-10-06,4,108689.1781,108900.2962,108544.7131270026,108516.85793236956
2018-10-07,4,108689.1781,108689.1781,108318.493778768,108293.04075401001
2018-10-08,4,108689.1781,108689.1781,108462.85706003665,108428.83967797352
2018-10-09,4,108689.3046,108689.1781,108238.88480310429,108205.2255794166
2018-10-10,4,108279.6316,108689.3046,108163.77571946537,108160.18593800286
2018-10-11,4,108282.6073,108279.6316,107758.50683825395,107762.11580956966
2018-10-12,4,108183.7312,108282.6073,107743.9820318474,107739.06771151855
2018-10-13,4,107807.9005,108183.7312,107659.71061485096,107637.80491505396
2018-10-14,4,107807.9005,107807.9005,107293.03836072041,107269.76660203932
2018-10-15,4,107808.4772,107807.9005,107266.15296139545,107242.3333578777
2018-10-16,4,107638.7125,107808.4772,107307.04367481766,107272.74269261675
2018-10-17,4,107554.085,107638.7125,107152.35427672524,107113.59945950088
2018-10-18,4,107460.8922,107554.085,107061.67349645631,107013.05391572588
2018-10-19,4,107273.8367,107460.8922,106976.47000321555,106927.46657033212
2018-10-20,4,107391.162,107273.8367,106814.3052619587,106768.46103806248
2018-10-21,4,107391.162,107391.162,106907.59190674752,106866.8907122866
2018-10-22,4,107391.5056,107391.162,106940.87189345644,106902.18149775527
2018-10-23,4,107243.4868,107391.5056,106986.7027408472,106952.44580678648
2018-10-24,4,106912.6037,107243.4868,106877.98153560805,106846.69595895652
2018-10-25,4,107020.846,106912.6037,106578.96073174065,106556.58419629531
2018-10-26,4,107501.568,107020.846,106666.31740833727,106647.5017862515
2018-10-27,4,107342.9945,107501.568,107139.06377720025,107114.33740668802
2018-10-28,4,107342.9945,107342.9945,106988.68064284053,106957.55351046409
2018-10-29,4,107343.1122,107342.9945,106952.99957485283,106917.13369454625
2018-10-30,4,107452.0063,107343.1122,107018.27012981847,106987.23564642156
2018-10-31,4,107568.7185,107452.0063,107150.71550176751,107126.57003683547
2018-11-01,4,107915.2455,107568.7185,107255.27095184289,107228.4799960585
2018-11-02,4,107808.0204,107915.2455,107572.16065226827,107534.21277974373
2018-11-03,4,107800.6162,107808.0204,107430.95466764955,107380.67047497677
2018-11-04,4,107800.6162,107800.6162,107398.26103491621,107349.95039399117
2018-11-05,4,107801.0405,107800.6162,107416.80085627176,107367.57411008947
2018-11-06,4,107702.6708,107801.0405,107477.94681483446,107427.44115156839
2018-11-07,4,108946.7119,107702.6708,107407.59541134693,107354.19366294944
2018-11-08,4,109034.1241,108946.7119,108485.08475047737,108423.86308044684
2018-11-09,4,109023.0492,109034.1241,108631.67165870949,108569.52886279667
2018-11-10,4,108934.4304,109023.0492,108622.80777264929,108563.39449694802
2018-11-11,4,108934.4304,108934.4304,108529.73785577758,108474.86022030382
2018-11-12,4,108935.8304,108934.4304,108557.10278880301,108503.9613587113
2018-11-13,4,108914.7982,108935.8304,108620.81890555826,108567.16345573848
2018-11-14,4,108895.6975,108914.7982,108644.61882320562,108591.97590801932
2018-11-15,4,108604.5819,108895.6975,108545.7692855658,108488.57219683197
2018-11-16,4,108536.0765,108604.5819,108283.45876830933,108227.08947394772
2018-11-17,4,108529.0268,108536.0765,108198.5041089146,108144.72502183127
2018-11-18,4,108529.0268,108529.0268,108174.83792571325,108121.98321531212
2018-11-19,4,108529.8479,108529.0268,108189.25458218284,108135.87627872218
2018-11-20,4,108468.7736,108529.8479,108225.91904220231,108171.25461971598
2018-11-21,4,108688.4493,108468.7736,108135.90307385866,108098.6136444903
2018-11-22,4,108669.4875,108688.4493,108283.9849230785,108248.47671399757
2018-11-23,4,108608.3365,108669.4875,108289.43677052115,108254.28740037938
2018-11-24,4,108475.073,108608.3365,108229.05946372365,108193.06336246218
2018-11-25,4,108475.073,108475.073,108075.53597783658,108040.69076855622
2018-11-26,4,108476.873,108475.073,108083.15413634073,108047.73760602882
2018-11-27,4,108351.8604,108476.873,108125.38561555544,108087.18272210665
2018-11-28,4,108281.924,108351.8604,108014.85470529065,107975.48238929082
2018-11-29,4,105847.3593,108281.924,107902.39524816781,107857.94211009408
2018-11-30,4,105215.8358,105847.3593,105750.67090756322,105710.24402610144
2018-12-01,4,104685.4449,105215.8358,104988.8379755352,104953.67567006011
2018-12-02,4,104685.4449,104685.4449,104446.2076642995,104402.98804071305
2018-12-03,4,104687.6832,104685.4449,104379.71887050208,104328.51099498737
2018-12-04,4,104231.4687,104687.6832,104356.61835295147,104300.17612989538
2018-12-05,4,103757.5251,104231.4687,103869.71985526658,103822.71363434043
2018-12-06,4,103285.056,103757.5251,103289.22876485123,103259.64698102449
2018-12-07,4,103676.895,103285.056,102866.33879924886,102854.78489342782
2018-12-08,4,102912.9089,103676.895,103165.8828253158,103151.7358593899
2018-12-09,4,102912.9089,102912.9089,102496.83717261947,102483.76099263605
2018-12-10,5,102913.5314,102912.9089,102564.41584062549,102561.8309508955
2018-12-11,5,102810.2863,102913.5314,102556.03040019014,102550.10715562048
2018-12-12,5,102607.7771,102810.2863,102445.60151075028,102443.31787271488
2018-12-13,5,102528.1368,102607.7771,102272.28895730813,102244.95938157476
2018-12-14,5,101665.6689,102528.1368,102198.70756047552,102166.06261421295
2018-12-15,5,101318.6242,101665.6689,101356.59979488756,101313.95117021994
2018-12-16,5,101318.6242,101318.6242,101010.94283130374,100977.29023606624
2018-12-17,5,101319.0809,101318.6242,101001.22760165538,100964.3493277623
2018-12-18,5,101270.857,101319.0809,101022.5484870779,100978.4407925465
2018-12-19,5,100823.7337,101270.857,100975.49787616178,100929.7859475966
2018-12-20,5,99816.39675,100823.7337,100543.5995056623,100502.00568963421
2018-12-21,5,99535.95965,99816.39675,99572.2873043391,99550.29796249367
2018-12-22,5,99473.81391,99535.95965,99314.30747667028,99299.36134263288
2018-12-23,5,99474.69626,99473.81391,99257.99079160253,99246.51509400841
2018-12-24,5,99474.81992,99474.69626,99271.02490285176,99261.29476961326
2018-12-25,5,99274.18868,99474.81992,99442.45671920887,99437.39902289411
2018-12-26,5,99274.75118,99274.18868,99260.89321788735,99271.59629085657
2018-12-27,5,99274.75118,99274.75118,99111.5607090604,99148.42479882948
2018-12-28,5,98719.77606,99274.75118,99187.45901560187,99235.93308947085
2018-12-29,5,98609.9344,98719.77606,98593.14509331765,98603.78709435413
2018-12-30,5,98633.33489,98609.9344,98441.80276031433,98447.77042183593
2018-12-31,5,98633.33489,98633.33489,98451.91077215575,98449.647910343
2019-01-01,5,99178.60851,98633.33489,98623.54397998478,98619.7948759275
2019-01-02,5,99620.16357,99178.60851,99021.43546430062,99019.30845729697
2019-01-03,5,100064.2386,99620.16357,99442.78428955017,99419.57610788794
2019-01-04,5,101005.5512,100064.2386,99838.52673246796,99806.01207954758
2019-01-05,5,100998.8489,101005.5512,100765.95194991467,100731.02647466844
2019-01-06,5,100998.8489,100998.8489,100819.94235777698,100788.73191714696
2019-01-07,5,100998.9322,100998.8489,100827.48989709739,100791.44954464778
2019-01-08,5,100476.6307,100998.9322,100908.43047346955,100875.71008689443
2019-01-09,5,100562.3416,100476.6307,100448.64733504511,100420.59608294642
2019-01-10,5,100747.9252,100562.3416,100525.27506327307,100498.56758950729
2019-01-11,5,100784.5501,100747.9252,100732.93064099953,100692.52802989187
2019-01-12,5,100806.6366,100784.5501,100755.84006996811,100710.8730001203
2019-01-13,5,100806.6366,100806.6366,100742.2821103283,100690.94345304662
2019-01-14,5,100806.853,100806.6366,100746.24356932932,100696.83234318352
2019-01-15,5,101025.0485,100806.853,100766.19744212282,100732.01718697543
2019-01-16,5,101155.6032,101025.0485,101000.91857157236,100980.29956055178
2019-01-17,5,101831.7815,101155.6032,101116.13062769346,101101.04834305466
2019-01-18,5,101908.9029,101831.7815,101749.92917769744,101750.13275623764
2019-01-19,5,101897.6408,101908.9029,101830.2946288696,101827.82007432467
2019-01-20,5,101898.2469,101897.6408,101801.80981079879,101801.86470991961
2019-01-21,5,101898.2469,101898.2469,101820.11903378446,101821.55954819862
2019-01-22,5,101841.2994,101898.2469,101869.59129811455,101864.03080773329
2019-01-23,5,102393.0582,101841.2994,101822.24543481228,101814.77366009931
2019-01-24,5,104759.9772,102393.0582,102346.91322076118,102341.20851014601
2019-01-25,5,104864.5858,104759.9772,104635.07508328244,104629.68622786812
2019-01-26,5,104893.5124,104864.5858,104787.59190189592,104765.75013644161
2019-01-27,5,104893.5124,104893.5124,104778.46751841919,104761.66791701906
2019-01-28,5,104912.2324,104893.5124,104791.81650977985,104776.0832998351
2019-01-29,5,104946.1502,104912.2324,104858.4212916719,104842.00080901213
2019-01-30,5,104950.9923,104946.1502,104947.15254647375,104925.1531346061
2019-01-31,5,104973.3794,104950.9923,104959.69619388702,104937.34331126155
2019-02-01,5,104987.7955,104973.3794,104875.6244643981,104832.0183699096
2019-02-02,5,104802.772,104987.7955,104873.67994078099,104831.14296385838
2019-02-03,5,104802.772,104802.772,104691.52641009276,104654.5064520894
2019-02-04,5,104803.1905,104802.772,104701.51142135366,104667.25774800152
2019-02-05,5,104798.9277,104803.1905,104730.96472113098,104696.12635919085
2019-02-06,5,104594.6982,104798.9277,104714.28878341624,104686.2532464415
2019-02-07,5,104287.2551,104594.6982,104448.36769434929,104449.4304212867
2019-02-08,5,103527.0607,104287.2551,104135.00657109001,104139.23145617281
2019-02-09,5,103503.7998,103527.0607,103387.84390019206,103397.63304070217
2019-02-10,5,103503.7998,103503.7998,103334.6260830571,103345.95890626074
2019-02-11,5,103503.7998,103503.7998,103345.34595715442,103350.6868987584
2019-02-12,5,103417.6202,103503.7998,103359.46277953393,103361.24222106877
2019-02-13,5,103380.7932,103417.6202,103256.27009734859,103257.85514300506
2019-02-14,5,103268.4249,103380.7932,103178.9182075969,103184.69352779987
2019-02-15,5,103231.0882,103268.4249,103051.66949021672,103062.02957488497
2019-02-16,5,103120.6787,103231.0882,103017.38462426474,103030.90488397231
2019-02-17,5,103090.1377,103120.6787,102894.98024869536,102903.9338353238
2019-02-18,5,103090.1377,103090.1377,103007.09012811171,103006.9588147993
2019-02-19,5,103090.1377,103090.1377,102878.0337007943,102876.1893743269
2019-02-20,5,103085.1442,103090.1377,102871.57455168183,102862.09535976066
2019-02-21,5,103064.1905,103085.1442,102842.04489159415,102823.194407094
2019-02-22,5,103179.9137,103064.1905,102812.91045780682,102782.40438622067
2019-02-23,5,103214.3464,103179.9137,102919.94874873188,102890.83397141827
2019-02-24,5,103255.787,103214.3464,102953.88292026783,102924.68430662998
2019-02-25,5,103255.787,103255.787,103012.8944916451,102984.12819717587
2019-02-26,5,103111.9419,103255.787,103045.88213527891,103016.9034332693
2019-02-27,5,103624.1668,103111.9419,102914.53564703705,102887.9245538229
2019-02-28,5,103729.1281,103624.1668,103385.48111210518,103354.40707309033
2019-03-01,5,103911.3286,103729.1281,103511.55226162764,103476.76807445068
2019-03-02,5,103958.9552,103911.3286,103691.01036835132,103655.08208405228
2019-03-03,5,103958.9552,103958.9552,103746.78197398837,103713.5624755406
2019-03-04,5,103959.1552,103958.9552,103767.02723472303,103734.83329613833
2019-03-05,5,104117.7204,103959.1552,103815.01482338477,103786.91886570376
2019-03-06,5,104116.5628,104117.7204,104003.57954560062,103978.42165382433
2019-03-07,5,104428.799,104116.5628,103993.06654355499,103965.81656604302
2019-03-08,5,104255.1658,104428.799,104283.6363363077,104253.37540484684
2019-03-09,5,104279.7467,104255.1658,104123.58872102585,104092.48910524497
2019-03-10,5,104279.7467,104279.7467,104129.68760287215,104102.44434546318
2019-03-11,5,104279.7467,104279.7467,104153.3879333891,104126.92026089391
2019-03-12,5,104347.8515,104279.7467,104193.18962851018,104165.36428162802
2019-03-13,5,104459.1176,104347.8515,104248.70025719455,104225.4973939951
2019-03-14,5,104537.8862,104459.1176,104343.89671883408,104320.85724963041
2019-03-15,5,104695.386,104537.8862,104401.92460822783,104379.10789135906
2019-03-16,5,104772.298,104695.386,104560.62127327659,104540.90804024319
2019-03-17,5,104772.2987,104772.298,104633.86474577726,104614.11525546768
2019-03-18,5,104772.8654,104772.2987,104653.53870693417,104633.73895109723
2019-03-19,5,104875.0239,104772.8654,104684.3308533937,104666.24445119836
2019-03-20,5,104923.9816,104875.0239,104790.51967642827,104771.82942516546
2019-03-21,5,104988.1795,104923.9816,104822.44001704788,104805.07509251065
2019-03-22,5,105141.7345,104988.1795,104888.94326031866,104867.50502920871
2019-03-23,5,105432.7904,105141.7345,105035.66566042823,105012.54593531048
2019-03-24,5,105432.7904,105432.7904,105316.88900870895,105293.9186649648
2019-03-25,5,105433.7104,105432.7904,105345.7475231386,105320.68517240538
2019-03-26,5,105192.1372,105433.7104,105378.11564296839,105353.91803164787
2019-03-27,5,104972.9499,105192.1372,105152.2411796505,105130.42612146183
2019-03-28,5,105212.0734,104972.9499,104924.18109053664,104904.3643148221
2019-03-29,5,105165.755,105212.0734,105136.67956207477,105116.4008015727
2019-03-30,5,105158.1301,105165.755,105100.82345142217,105076.39442554841
2019-03-31,5,105157.9005,105158.1301,105071.28347631491,105046.28337610123
2019-04-01,5,105158.9416,105157.9005,105084.43154569891,105061.22279253996
2019-04-02,5,105236.8176,105158.9416,105108.01346570949,105088.00418837905
2019-04-03,5,105030.3592,105236.8176,105191.07409282489,105173.2683385532
2019-04-04,5,105080.7747,105030.3592,104994.60004320112,104980.50953633504
2019-04-05,5,105164.3151,105080.7747,105021.28740574671,105006.85330681989
2019-04-06,5,105191.1865,105164.3151,105099.95423857396,105088.16537790878
2019-04-07,5,105191.1865,105191.1865,105122.64628070293,105109.64717177788
2019-04-08,5,105191.397,105191.1865,105142.05283759019,105129.02800769004
2019-04-09,5,105384.4704,105191.397,105176.69982499507,105160.58062956721
2019-04-10,5,105421.9075,105384.4704,105359.99212928217,105338.56667055227
2019-04-11,5,105516.237,105421.9075,105394.32217399318,105375.27745540989
2019-04-12,5,105512.0382,105516.237,105485.62590062425,105465.39249763056
2019-04-13,5,105498.9636,105512.0382,105482.17487326977,105460.4126367488
2019-04-14,5,105465.0374,105498.9636,105465.85819229682,105445.10003027973
2019-04-15,5,105465.5374,105465.0374,105456.66105370352,105436.7304918662
2019-04-16,5,105307.6797,105465.5374,105493.81121541937,105474.53651311962
2019-04-17,5,105016.5466,105307.6797,105349.30731938017,105326.50928825502
2019-04-18,5,105200.4108,105016.5466,105053.57038069915,105033.42432882873
2019-04-19,5,104973.8192,105200.4108,105354.29714228018,105329.28690213224
2019-04-20,5,104973.8192,104973.8192,105003.65545288783,104982.65106812246
2019-04-21,5,104916.3338,104973.8192,104995.74916531068,104976.82721154338
2019-04-22,5,104916.3338,104916.3338,104965.52353185441,104948.35946679057
2019-04-23,5,105382.0985,104916.3338,104985.0550833411,104973.13354643968
2019-04-24,5,105249.5738,105382.0985,105431.02393730305,105418.41964347594
2019-04-25,5,105272.2694,105249.5738,105315.58416344953,105305.51141079898
2019-04-26,5,105142.5957,105272.2694,105313.2661774159,105303.9093888301
2019-04-27,5,104581.2214,105142.5957,105206.83548558256,105201.00120283141
2019-04-28,5,104578.8708,104581.2214,104679.37403711205,104676.45137861188
2019-04-29,5,104578.8708,104578.8708,104681.26809539473,104679.46265077424
2019-04-30,5,104549.6458,104578.8708,104722.56099524915,104713.75868717644
2019-05-01,5,104534.1971,104549.6458,104680.16296322011,104663.23819767403
2019-05-02,5,104367.9365,104534.1971,104645.17621851162,104632.64308715725
2019-05-03,5,104221.2534,104367.9365,104480.73207528006,104467.44646505055
2019-05-04,5,103596.5079,104221.2534,104331.48131284658,104323.27047481618
2019-05-05,5,103596.5079,103596.5079,103768.74365676972,103764.45470016297
2019-05-06,5,103600.2258,103596.5079,103753.64306272485,103749.53978337755
2019-05-07,5,103817.179,103600.2258,103769.8810335399,103767.29317204675
2019-05-08,5,103866.4662,103817.179,103973.15050104959,103966.09411741413
2019-05-09,5,104041.5843,103866.4662,104003.82335139788,103997.2946583462
2019-05-10,5,104308.8967,104041.5843,104164.67768473667,104159.80251138762
2019-05-11,5,104399.374,104308.8967,104428.9495978351,104419.01940398087
2019-05-12,5,104580.1422,104399.374,104551.22845832563,104546.35885726628
2019-05-13,5,104580.3422,104580.1422,104751.54581185432,104746.37339508062
2019-05-14,5,104832.3662,104580.3422,104801.88552120073,104796.48340053327
2019-05-15,5,104954.7437,104832.3662,105049.78279283863,105042.0551464437
2019-05-16,5,105389.1143,104954.7437,105174.80778643527,105161.77562987851
2019-05-17,5,105731.1376,105389.1143,105593.71440278651,105572.59976061589
2019-05-18,5,105867.1571,105731.1376,105958.2341272934,105928.29054553708
2019-05-19,5,105987.8047,105867.1571,106106.52860577767,106077.43662847235
2019-05-20,5,105987.8047,105987.8047,106389.43076337993,106358.39163896613
2019-05-21,5,105987.8047,105987.8047,106293.12766739383,106270.4728780588
2019-05-22,5,106289.3999,105987.8047,106303.28884428408,106281.09880445422
2019-05-23,5,106417.7699,106289.3999,106612.22896184315,106595.36683405637
2019-05-24,5,106497.298,106417.7699,106744.3408559612,106727.69295056193
2019-05-25,5,107339.3584,106497.298,106821.75405881414,106806.90204536368
2019-05-26,5,107339.3584,107339.3584,107641.64699740401,107636.41677878598
2019-05-27,5,107341.1529,107339.3584,107678.08724507419,107668.95137454133
2019-05-28,5,108062.9737,107341.1529,107705.89440212998,107704.47364710971
2019-05-29,5,108230.6258,108062.9737,108431.31523265602,108437.92151442663
2019-05-30,5,108734.5226,108230.6258,108597.83131991958,108604.04463856206
2019-05-31,5,109338.1993,108734.5226,109091.81601931034,109105.03374032112
2019-06-01,5,109241.5338,109338.1993,109709.22686140073,109723.50177566567
2019-06-02,5,109241.5338,109241.5338,109599.38811405153,109607.10980329581
2019-06-03,5,109241.904,109241.5338,109610.66520675873,109620.69217288317
2019-06-04,5,109591.0467,109241.904,109667.99496386832,109676.33692720623
2019-06-05,5,110014.0409,109591.0467,110001.63096763834,110005.43333726027
2019-06-06,5,110634.7041,110014.0409,110425.7175161833,110428.0161134734
2019-06-07,5,111823.8911,110634.7041,111032.45418727057,111030.04528379606
2019-06-08,5,112226.4654,111823.8911,112159.75288845188,112166.05875705165
2019-06-09,5,112226.4654,112226.4654,112578.73124862782,112582.90506584442
2019-06-10,5,112226.8629,112226.4654,112603.14275307162,112608.11745940067
2019-06-11,5,112620.1845,112226.8629,112632.7346817212,112647.53294424656
2019-06-12,5,113113.9208,112620.1845,113036.46146807534,113049.79742225062
2019-06-13,5,113541.1124,113113.9208,113526.30506746838,113538.86518716085
2019-06-14,5,113725.4313,113541.1124,113954.31757417068,113964.17314845856
2019-06-15,5,114406.2389,113725.4313,114099.63972642449,114097.62603920567
2019-06-16,5,114406.8851,114406.2389,114742.40690504534,114743.2011647506
2019-06-17,5,114449.3214,114406.8851,114785.40673280737,114782.74658574183
2019-06-18,5,114684.1069,114449.3214,114862.18899532958,114864.56345730266
2019-06-19,5,114897.444,114684.1069,115093.92555733616,115097.2267378759
2019-06-20,5,115334.3655,114897.444,115283.61777129798,115286.91648330132
2019-06-21,5,115644.8474,115334.3655,115682.31765857317,115696.03303948333
2019-06-22,5,115739.8084,115644.8474,115994.26710241217,116007.46735354877
2019-06-23,5,115642.0703,115739.8084,116063.11006829397,116068.62042179928
2019-06-24,5,115642.2703,115642.0703,115977.27203950551,115986.91041436908
2019-06-25,5,116120.1056,115642.2703,116005.19820456774,116017.56610123157
2019-06-26,5,116818.1425,116120.1056,116469.00565777984,116482.2462793146
2019-06-27,5,117879.7616,116818.1425,117131.42824564165,117147.3201810138
2019-06-28,5,118132.649,117879.7616,118162.4628667326,118174.72717032158
2019-06-29,5,118319.5334,118132.649,118396.53125483166,118410.26622558855
2019-06-30,5,118335.8056,118319.5334,118555.26478961793,118572.53596187927
2019-07-01,5,118335.8056,118335.8056,118745.77736260052,118757.83676899722
2019-07-02,5,118335.9577,118335.8056,118658.40764447858,118672.26365573477
2019-07-03,5,117178.7424,118335.9577,118677.23845139141,118682.75089124695
2019-07-04,5,117456.6427,117178.7424,117568.0760464364,117578.72625509757
2019-07-05,5,117511.1271,117456.6427,117740.47928654097,117745.95250165125
2019-07-06,5,118420.2325,117511.1271,117785.06701363488,117782.22737831609
2019-07-07,5,118420.2325,118420.2325,118603.5878988219,118592.55747911302
2019-07-08,5,118433.7956,118420.2325,118626.82860795631,118612.24220181655
2019-07-09,5,118911.523,118433.7956,118631.89141446847,118627.35463752465
2019-07-10,5,119087.2279,118911.523,119058.11799560218,119068.20263312309
2019-07-11,5,119159.0006,119087.2279,119250.49040656339,119278.6087870151
2019-07-12,5,119209.8735,119159.0006,119303.25973212771,119329.74534107809
2019-07-13,5,119234.953,119209.8735,119357.10138619322,119382.85049303845
2019-07-14,5,119315.7048,119234.953,119340.20340514355,119357.03608030963
2019-07-15,5,119318.2048,119315.7048,119428.46167465235,119446.52125885469
2019-07-16,5,119254.9241,119318.2048,119473.13280928248,119487.3026003896
2019-07-17,5,119267.3966,119254.9241,119418.68975866496,119413.20946961868
2019-07-18,5,119425.3119,119267.3966,119392.66135785806,119387.95825703186
2019-07-19,5,119570.8606,119425.3119,119529.63585878523,119522.61934730009
2019-07-20,5,119496.2554,119570.8606,119641.13589381496,119643.79443775075
2019-07-21,5,119465.9919,119496.2554,119556.75632799142,119559.02355965076
2019-07-22,5,119466.3077,119465.9919,119534.01429174512,119535.50529558849
2019-07-23,5,119541.3899,119466.3077,119546.69370246679,119551.51309085888
2019-07-24,5,119235.5191,119541.3899,119614.99588905362,119618.30350684078
2019-07-25,5,119104.9883,119235.5191,119303.71409737408,119309.20030584373
2019-07-26,5,118976.7698,119104.9883,119143.9638527142,119152.0342387651
2019-07-27,5,118808.1779,118976.7698,119006.72491047755,119016.59355683197
2019-07-28,5,118808.1779,118808.1779,118833.23025647852,118845.81032112298
2019-07-29,5,118808.9567,118808.1779,118838.67678817989,118851.51740329059
2019-07-30,5,118886.2882,118808.9567,118857.2359667369,118868.61641305714
2019-07-31,5,118719.1264,118886.2882,118907.9978065488,118920.16776219319
2019-08-01,5,118570.2834,118719.1264,118726.5248098668,118744.74025383581
2019-08-02,5,118474.656,118570.2834,118540.00278915766,118560.00956218051
2019-08-03,5,118475.3303,118474.656,118428.07162540709,118447.8674919771
2019-08-04,5,118475.3303,118475.3303,118412.56215956301,118429.84778305277
2019-08-05,5,118424.8682,118475.3303,118402.3860423695,118420.7500656979
2019-08-06,5,118425.0787,118424.8682,118365.79235323434,118382.68480381547
2019-08-07,5,118092.5614,118425.0787,118347.71511641883,118359.44591033131
2019-08-08,5,117757.2708,118092.5614,118021.01233368518,118032.67464180336
2019-08-09,5,117476.853,117757.2708,117687.48919661404,117698.66408994971
2019-08-10,5,117443.1064,117476.853,117404.06078058043,117411.86061239199
2019-08-11,5,117443.1064,117443.1064,117337.56612848234,117342.40194985965
2019-08-12,5,117443.6529,117443.1064,117332.1624010528,117333.85209903817
2019-08-13,5,117227.1035,117443.6529,117338.19946967548,117340.25666183165
2019-08-14,5,116999.4409,117227.1035,117114.97342714418,117118.24434263022
2019-08-15,5,116811.0552,116999.4409,116867.79195673075,116875.14344683861
2019-08-16,5,116186.9396,116811.0552,116671.23810216528,116680.07098115078
2019-08-17,5,115988.861,116186.9396,116083.05537136078,116093.20401157772
2019-08-18,5,115988.861,115988.861,115856.18662639226,115866.96688652992
2019-08-19,5,116005.425,115988.861,115844.96423160296,115851.8289708989
2019-08-20,5,116041.4204,116005.425,115863.74934742035,115869.72749044461
2019-08-21,5,116111.5317,116041.4204,115886.05715239739,115891.24501790271
2019-08-22,5,116054.269,116111.5317,115921.81432132666,115928.04107888887
2019-08-23,5,115911.821,116054.269,115837.58320478986,115841.49287415852
2019-08-24,5,115864.6044,115911.821,115703.04978203544,115711.05484840053
2019-08-25,5,115727.3407,115864.6044,115641.76727696798,115649.00897181146
2019-08-26,5,115728.1953,115727.3407,115519.80126634236,115524.40357305376
2019-08-27,5,115639.7698,115728.1953,115540.54075866884,115541.63274091735
2019-08-28,5,115341.2976,115639.7698,115460.47687803252,115458.18443988297
2019-08-29,5,115417.9123,115341.2976,115162.69147678911,115160.4354417983
2019-08-30,5,115392.5024,115417.9123,115217.19657277317,115206.74621732118
2019-08-31,5,114626.0208,115392.5024,115189.34143672329,115174.93831057537
2019-09-01,5,114626.0208,114626.0208,114466.49612735376,114455.63504430481
2019-09-02,5,114626.0208,114626.0208,114594.75795816143,114585.89419596904
2019-09-03,5,114626.0208,114626.0208,114474.14788096405,114469.52014719382
2019-09-04,5,114598.7356,114626.0208,114466.23085514306,114464.79772391156
2019-09-05,5,114529.72,114598.7356,114430.11302417629,114433.60959506378
2019-09-06,5,114359.3787,114529.72,114333.51654805936,114333.99896892384
2019-09-07,5,114675.4393,114359.3787,114142.40552620006,114144.62485160278
2019-09-08,5,114638.3088,114675.4393,114441.70175713398,114442.3905973225
2019-09-09,5,114639.3777,114638.3088,114432.95636262104,114432.31760333882
2019-09-10,5,114456.8792,114639.3777,114461.21634754243,114462.61086912469
2019-09-11,5,114380.2972,114456.8792,114297.4528282369,114300.24980058447
2019-09-12,5,113821.7188,114380.2972,114191.29790227627,114195.99945344773
2019-09-13,5,113508.5293,113821.7188,113666.40355336512,113670.25856530116
2019-09-14,5,113268.8118,113508.5293,113369.79599011742,113364.45091832188
2019-09-15,5,113225.8316,113268.8118,113082.21001835847,113062.31654769232
2019-09-16,5,113231.138,113225.8316,113030.80548173332,113008.26137902621
2019-09-17,5,113164.0118,113231.138,113040.63574599236,113017.46805215592
2019-09-18,5,112766.832,113164.0118,112962.23253561498,112942.19997865934
2019-09-19,5,112885.6832,112766.832,112555.01091355733,112541.38057478407
2019-09-20,5,112563.8156,112885.6832,112649.47881563894,112641.31051954177
2019-09-21,5,112186.0202,112563.8156,112342.07471263404,112339.69875634437
2019-09-22,5,112186.0202,112186.0202,111967.77135603015,111966.56652671458
2019-09-23,5,112190.078,112186.0202,111957.15621129825,111955.83642188054
2019-09-24,5,111216.1266,112190.078,111971.70304267673,111964.64257964963
2019-09-25,5,110622.1773,111216.1266,111061.36002633501,111058.61011818412
2019-09-26,5,110202.9583,110622.1773,110469.34190385611,110466.16672547784
2019-09-27,5,109884.1875,110202.9583,110017.02582397287,110004.95458562105
2019-09-28,5,109634.5453,109884.1875,109688.1625434629,109674.42423389287
2019-09-29,5,109634.5453,109634.5453,109421.11133971286,109408.2550432531
2019-09-30,5,109450.1625,109634.5453,109349.68032620469,109323.25104079733
2019-10-01,5,109174.3601,109450.1625,109155.97995937466,109133.83406261593
2019-10-02,5,108356.9831,109174.3601,108891.31102477982,108877.10417400612
2019-10-03,5,106524.0207,108356.9831,108093.18811674333,108088.8769248047
2019-10-04,5,105820.1672,106524.0207,106349.82318476589,106348.88817622552
2019-10-05,5,105712.4254,105820.1672,105605.3137494285,105602.89390071065
2019-10-06,5,105712.4254,105712.4254,105443.02084704937,105431.2829382898
2019-10-07,5,105725.4134,105712.4254,105411.19817873012,105392.28771314166
2019-10-08,5,105715.8997,105725.4134,105414.44551310393,105386.55930199832
2019-10-09,5,105010.7058,105715.8997,105358.0243320202,105337.05743341202
2019-10-10,5,104660.1577,105010.7058,104656.99374561486,104653.22204603211
2019-10-11,5,104488.8208,104660.1577,104339.05659674067,104353.34403161742
2019-10-12,5,104331.2908,104488.8208,104152.48260259916,104156.44082405753
2019-10-13,5,104356.3048,104331.2908,103968.01018741865,103963.43551754313
2019-10-14,5,104349.151,104356.3048,104118.52599366517,104101.57057862692
2019-10-15,5,104349.3924,104349.151,103981.49503867343,103966.50524100113
2019-10-16,5,104265.8663,104349.3924,103975.28739982727,103959.1713966438
2019-10-17,5,103704.0477,104265.8663,103931.10714503165,103905.22378046643
2019-10-18,5,103534.7349,103704.0477,103419.78459444037,103390.04343701326
2019-10-19,5,103441.2141,103534.7349,103256.96891716984,103235.5069482453
2019-10-20,5,103432.466,103441.2141,103167.2290613531,103145.90540536419
2019-10-21,5,103433.3676,103432.466,103168.25020605684,103145.79215206752
2019-10-22,5,103146.7485,103433.3676,103213.36186879003,103199.45895414524
2019-10-23,5,103005.1384,103146.7485,102980.99377682092,102972.82907236992
2019-10-24,5,102639.3153,103005.1384,102795.65217320369,102782.35381033417
2019-10-25,5,102686.6418,102639.3153,102463.39656099568,102451.90624383098
2019-10-26,5,102883.8489,102686.6418,102501.18126935897,102489.7201382175
2019-10-27,5,102906.9646,102883.8489,102692.45003912362,102681.60041408481
2019-10-28,5,103005.4054,102906.9646,102745.76370437877,102739.17399341996
2019-10-29,5,103162.8955,103005.4054,102887.10619678222,102893.7633090353
2019-10-30,5,105484.2778,103162.8955,103073.14552259266,103090.3482314323
2019-10-31,5,105478.1299,105484.2778,105285.34203506335,105277.65267013828
2019-11-01,5,105433.0487,105478.1299,105382.07981318606,105358.49259213166
2019-11-02,5,105306.8426,105433.0487,105269.73698785347,105226.72541589478
2019-11-03,5,105306.8426,105306.8426,105124.71058049847,105076.56473763063
2019-11-04,5,105306.8426,105306.8426,105173.22199152168,105127.49456906162
2019-11-05,5,105147.4114,105306.8426,105264.27129150089,105214.27268640335
2019-11-06,5,105043.8413,105147.4114,105192.98869017347,105142.60324229448
2019-11-07,5,105097.8385,105043.8413,105011.79267572139,104942.66705317388
2019-11-08,5,106806.4989,105097.8385,105047.51507775128,104980.51810580482
2019-11-09,5,106914.5312,106806.4989,106695.75776012559,106637.85591981509
2019-11-10,5,106914.5312,106914.5312,106849.4475224884,106785.42418801103
2019-11-11,5,106914.899,106914.5312,106849.37944184591,106794.4088438284
2019-11-12,5,106761.0501,106914.899,106871.25695231455,106824.51218006203
2019-11-13,5,106657.3729,106761.0501,106707.38563294844,106694.92682463792
2019-11-14,5,106605.2455,106657.3729,106627.2753711757,106617.23939954035
2019-11-15,5,106626.1932,106605.2455,106620.73629690851,106608.71767776486
2019-11-16,5,106565.3358,106626.1932,106570.46458419343,106540.68373431035
2019-11-17,5,106586.6483,106565.3358,106499.74958549156,106470.81036159658
2019-11-18,5,106310.1298,106586.6483,106528.10851443619,106501.02423059125
2019-11-19,5,106419.5094,106310.1298,106291.41453712583,106266.09114750788
2019-11-20,5,106351.5275,106419.5094,106386.8928027818,106362.84540794112
2019-11-21,5,106213.9554,106351.5275,106305.66379953391,106280.79667811081
2019-11-22,5,106241.5279,106213.9554,106131.95244974483,106127.07431607455
2019-11-23,5,106272.0464,106241.5279,106134.41763927319,106127.69123593587
2019-11-24,5,106239.5044,106272.0464,106153.5847400765,106144.00621701311
2019-11-25,5,106232.2672,106239.5044,106128.10308636035,106117.41178094734
2019-11-26,5,105705.6823,106232.2672,106158.31488055598,106144.55913011334
2019-11-27,5,105930.5124,105705.6823,105649.9844732218,105634.6199119527
2019-11-28,5,105681.317,105930.5124,105824.73003078312,105807.23270766584
2019-11-29,5,105328.6262,105681.317,105560.66026177949,105551.6985783746
2019-11-30,5,105099.3496,105328.6262,105200.73130815414,105192.32190683659
2019-12-01,5,105131.2673,105099.3496,104945.19650835992,104937.79094452264
2019-12-02,5,105131.4673,105131.2673,104971.21346610936,104958.4928000424
2019-12-03,5,104847.3004,105131.4673,104977.2483097015,104963.95295060404
2019-12-04,5,103837.1797,104847.3004,104716.63078715492,104704.80568755594
2019-12-05,5,103817.7506,103837.1797,103718.38098937343,103704.27930140687
2019-12-06,5,103843.9824,103817.7506,103626.80495982003,103614.39644144183
2019-12-07,5,103245.261,103843.9824,103636.60417672242,103616.97054515763
2019-12-08,5,103245.261,103245.261,103082.49823159004,103061.98253821467
2019-12-09,5,103255.6653,103245.261,103045.97025027935,103027.5306651318
2019-12-10,5,103222.6763,103255.6653,103060.01177672463,103036.60885013791
2019-12-11,5,103062.6556,103222.6763,103001.86053255339,102989.12910424714
2019-12-12,5,102904.2104,103062.6556,102852.46198953476,102843.01907204524
2019-12-13,5,102866.9666,102904.2104,102677.55319230877,102662.78393388617
2019-12-14,5,102704.561,102866.9666,102609.21434118529,102593.53067483127
2019-12-15,5,102699.0255,102704.561,102464.30522304961,102453.53685936071
2019-12-16,5,102695.9755,102699.0255,102458.14997818296,102446.55096968378
2019-12-17,5,102690.1989,102695.9755,102479.22759249512,102464.36319476701
2019-12-18,5,102464.979,102690.1989,102473.5410420575,102445.38697629985
2019-12-19,5,101908.4133,102464.979,102246.97648531453,102223.00286378295
2019-12-20,5,101853.8669,101908.4133,101713.63516245103,101693.8770157522
2019-12-21,5,101761.8584,101853.8669,101639.65586870976,101614.68337192103
2019-12-22,5,101763.2273,101761.8584,101553.45895105177,101529.57917586376
2019-12-23,5,101763.2273,101763.2273,101566.3888168933,101544.81367255647
2019-12-24,5,101424.7004,101763.2273,101589.78478644555,101571.50772180062
2019-12-25,5,101457.4831,101424.7004,101417.00466062159,101401.60605957062
2019-12-26,5,101457.4831,101457.4831,101404.35968128474,101392.46938964228
2019-12-27,5,101457.4831,101457.4831,101287.48462391917,101287.00908862439
2019-12-28,5,101127.9189,101457.4831,101281.0624214298,101278.86163442476
2019-12-29,5,101129.5489,101127.9189,100962.63867339632,100960.33289636932
2019-12-30,5,101135.6156,101129.5489,100959.87786782715,100960.2530822451
2019-12-31,5,101173.0074,101135.6156,100997.18567365351,101002.41722793665
2020-01-01,5,101441.0989,101173.0074,101207.5726098138,101213.2904623324
2020-01-02,5,101441.6283,101441.0989,101312.58189929606,101313.09747199924
2020-01-03,5,102065.793,101441.6283,101274.46386462318,101258.29558775487
2020-01-04,5,102098.5953,102065.793,101863.25838719535,101843.77501625427
2020-01-05,5,102126.6394,102098.5953,101932.97817997145,101916.66374432176
2020-01-06,5,102066.7612,102126.6394,101955.02716754242,101932.27915171853
2020-01-07,5,101924.6544,102066.7612,101946.2945928723,101922.92836271251
2020-01-08,5,101854.9346,101924.6544,101826.84749242484,101807.86932041484
2020-01-09,5,101851.1411,101854.9346,101747.72427103782,101729.04184619228
2020-01-10,5,101904.01,101851.1411,101756.4701738132,101735.72460703402
2020-01-11,5,101894.5498,101904.01,101785.8358325626,101754.09172919922
2020-01-12,5,101894.5498,101894.5498,101775.3599407639,101746.4764821852
2020-01-13,5,101811.4992,101894.5498,101784.44115735493,101757.40445253845
2020-01-14,5,101781.2276,101811.4992,101737.24675614052,101716.63411084405
2020-01-15,5,101860.1896,101781.2276,101712.97044295544,101701.48166384296
2020-01-16,5,101997.3167,101860.1896,101781.03361415745,101772.69249351602
2020-01-17,5,102141.9539,101997.3167,101896.93474695658,101892.26048168985
2020-01-18,5,102234.7577,102141.9539,102013.57485337341,102001.82136039743
2020-01-19,5,102234.7577,102234.7577,102098.5549707328,102088.76503826972
2020-01-20,5,102231.8922,102234.7577,102113.3362667221,102104.09216435066
2020-01-21,5,102410.4412,102231.8922,102143.77482573655,102134.73615470369
2020-01-22,5,103250.5283,102410.4412,102325.40899909177,102317.43064110799
2020-01-23,5,103366.0384,103250.5283,103131.25799132511,103124.39292058676
2020-01-24,5,103362.1834,103366.0384,103268.76099095952,103254.02394709719
2020-01-25,5,103423.4369,103362.1834,103251.55552322503,103236.23447565212
2020-01-26,5,103472.698,103423.4369,103298.88926125276,103284.52716963174
2020-01-27,5,103472.785,103472.698,103368.94048533737,103352.44226462411
2020-01-28,5,103400.6892,103472.785,103416.30483494722,103396.67572380189
2020-01-29,5,103648.1647,103400.6892,103364.08661693572,103342.42133331392
2020-01-30,5,103662.3267,103648.1647,103549.2314968248,103521.03441120911
2020-01-31,5,103716.9313,103662.3267,103552.3212781034,103523.45302304943
2020-02-01,5,103609.0238,103716.9313,103599.19535335919,103571.6533408617
2020-02-02,5,103609.0238,103609.0238,103486.06222811269,103461.64151213774
2020-02-03,5,103500.9088,103609.0238,103496.67669605016,103473.81933634996
2020-02-04,5,103485.1563,103500.9088,103421.65095884746,103402.25399465825
2020-02-05,5,103534.5486,103485.1563,103395.58528524684,103387.20122223542
2020-02-06,5,102761.5709,103534.5486,103408.67360751197,103398.27970028207
2020-02-07,5,102342.7577,102761.5709,102665.68837487101,102658.83340841476
2020-02-08,5,102453.5129,102342.7577,102221.79378379471,102221.26138432509
2020-02-09,5,102453.5129,102453.5129,102306.20209271277,102304.60052766252
2020-02-10,5,102467.6956,102453.5129,102319.14948830384,102313.34258034268
2020-02-11,5,102436.5769,102467.6956,102351.94094618932,102344.72989717124
2020-02-12,5,102437.7356,102436.5769,102296.91104717407,102293.77917300876
2020-02-13,5,102639.551,102437.7356,102249.14309960257,102250.49719267267
2020-02-14,5,102676.7218,102639.551,102446.20506603933,102452.58222187437
2020-02-15,5,102535.5606,102676.7218,102495.94303329589,102499.76326784669
2020-02-16,5,102540.0291,102535.5606,102341.87644226254,102343.868351585
2020-02-17,5,102540.0291,102540.0291,102492.5803043625,102487.75161684754
2020-02-18,5,102540.4291,102540.0291,102373.06754302465,102368.31313902403
2020-02-19,5,102546.2196,102540.4291,102370.61028356328,102362.84701972203
2020-02-20,5,102450.7976,102546.2196,102368.89263291897,102348.20524391218
2020-02-21,5,102460.6192,102450.7976,102278.10281204364,102249.80935982768
2020-02-22,5,102303.2545,102460.6192,102273.67428744293,102246.86234659699
2020-02-23,5,102303.9403,102303.2545,102123.37694574379,102098.0808106816
2020-02-24,5,102304.0653,102303.9403,102133.13786962567,102108.56103038164
2020-02-25,5,102237.405,102304.0653,102161.70173935484,102136.39523011727
2020-02-26,5,102274.6794,102237.405,102099.11508139301,102074.69159974194
2020-02-27,5,102215.3975,102274.6794,102110.15148462873,102089.15792297118
2020-02-28,5,102340.5227,102215.3975,102057.46619166134,102038.92429037791
2020-02-29,5,102427.5404,102340.5227,102175.02708716044,102156.59523628387
2020-03-01,5,102428.2501,102427.5404,102270.00284199238,102253.79842387591
2020-03-02,5,102428.2846,102428.2501,102292.02645377032,102276.48376307273
2020-03-03,5,102306.6666,102428.2846,102327.7142860522,102315.70529762634
2020-03-04,5,102265.9072,102306.6666,102223.29302613933,102214.88772006566
2020-03-05,5,102048.7639,102265.9072,102176.21055451928,102170.02503230571
2020-03-06,5,102022.5502,102048.7639,101989.55210392213,101986.8862432631
2020-03-07,5,102101.4431,102022.5502,101927.4999041019,101909.27713063965
2020-03-08,5,102101.4431,102101.4431,101983.20868744484,101961.20612881379
2020-03-09,5,102102.5369,102101.4431,102000.13617451201,101977.61829206102
2020-03-10,5,102203.6821,102102.5369,102023.99208699176,102001.86840151814
2020-03-11,5,102287.364,102203.6821,102119.96943579728,102099.62989392359
2020-03-12,5,102206.4152,102287.364,102183.50046046537,102162.23281043766
2020-03-13,5,102302.9779,102206.4152,102112.1117103505,102094.23458353947
2020-03-14,5,102006.7054,102302.9779,102203.53802198684,102186.59524730286
2020-03-15,5,101926.6546,102006.7054,101923.25934882408,101907.81230984052
2020-03-16,5,101910.3959,101926.6546,101852.95828842293,101837.121116034
2020-03-17,5,101759.8648,101910.3959,101870.94047885807,101852.41327165811
2020-03-18,5,101767.3745,101759.8648,101731.69136310882,101711.34454805311
2020-03-19,5,101704.1313,101767.3745,101714.95299428495,101692.11398483976
2020-03-20,5,101775.2615,101704.1313,101654.31324441962,101631.81689624257
2020-03-21,5,101868.5308,101775.2615,101700.90489548865,101678.79367751656
2020-03-22,5,101868.5308,101868.5308,101797.13896417106,101777.74107520547
2020-03-23,5,101868.5308,101868.5308,101816.75930875778,101797.76613989766
2020-03-24,5,101190.8448,101868.5308,101840.60088899953,101824.17152471845
2020-03-25,5,100482.6114,101190.8448,101214.60842597293,101202.27092244053
2020-03-26,5,100002.3308,100482.6114,100509.44551508331,100497.93471467552
2020-03-27,5,98978.50841,100002.3308,100027.32657496115,100014.69790651104
2020-03-28,5,99097.97812,98978.50841,99047.78806968601,99025.40292136127
2020-03-29,5,99097.97812,99097.97812,99089.94491206882,99063.09913537097
2020-03-30,5,99192.06602,99097.97812,99082.30620333226,99050.07580483778
2020-03-31,5,99338.72412,99192.06602,99157.62077609544,99127.31439445305
2020-04-01,5,99206.63067,99338.72412,99285.72930858876,99266.66198786357
2020-04-02,5,98711.68575,99206.63067,99136.27202664375,99126.28479361186
2020-04-03,5,98769.62351,98711.68575,98650.01261912494,98652.72291755464
2020-04-04,5,99045.81635,98769.62351,98713.88110263222,98724.94385755315
2020-04-05,5,99045.81635,99045.81635,98965.20634098523,98966.9467649708
2020-04-06,5,99045.81635,99045.81635,98990.29770074863,98987.23849901411
2020-04-07,5,98992.83454,99045.81635,99020.54760673954,99008.16698527634
2020-04-08,5,99103.15189,98992.83454,98968.61639574636,98949.06472102631
2020-04-09,5,99112.06602,99103.15189,99065.04680520347,99042.89001077734
2020-04-10,5,99152.60081,99112.06602,99267.30307509833,99232.95277005939
2020-04-11,5,99152.60081,99152.60081,99172.70264223122,99144.10489775975
2020-04-12,5,99071.48762,99152.60081,99170.28563205575,99142.14002354658
2020-04-13,5,99071.48762,99071.48762,99106.14808132991,99078.17002802904
2020-04-14,5,99071.48762,99071.48762,99138.42543436677,99114.81156731254
2020-04-15,5,98838.7004,99071.48762,99161.3448764663,99139.80487138106
2020-04-16,5,98895.93749,98838.7004,98938.9742096351,98914.7709827644
2020-04-17,5,98733.6666,98895.93749,98994.29526580809,98975.77515560626
2020-04-18,5,98848.9916,98733.6666,98850.4069198496,98839.7735509546
2020-04-19,5,98848.9916,98848.9916,98966.15118829253,98962.3413933839
2020-04-20,5,98848.9916,98848.9916,99014.6464917204,99018.29048191532
2020-04-21,5,98843.11342,98848.9916,99068.85049594178,99081.35936915128
2020-04-22,5,98916.23104,98843.11342,99091.41856370759,99116.90616898466
2020-04-23,5,99295.51817,98916.23104,99156.68768723542,99180.46552816487
2020-04-24,5,99774.61128,99295.51817,99501.15963083743,99514.2363667575
2020-04-25,5,100063.1491,99774.61128,99966.39597945922,99968.37602219332
2020-04-26,5,100103.4062,100063.1491,100239.07321910023,100235.90383208009
2020-04-27,5,100103.5527,100103.4062,100302.36092228547,100300.45670717608
2020-04-28,5,100145.3911,100103.5527,100337.92764334392,100337.86070328119
2020-04-29,5,100274.44,100145.3911,100402.71547801464,100401.02016484682
2020-04-30,5,100479.5173,100274.44,100538.6477167336,100537.53735389543
2020-05-01,5,100850.2709,100479.5173,100748.67652299625,100741.9470599567
2020-05-02,5,100910.9323,100850.2709,101096.35509702194,101086.80137678103
2020-05-03,5,100910.9323,100910.9323,101151.02632246759,101138.11156189592
2020-05-04,5,100912.3121,100910.9323,101171.77153603615,101161.67208611617
2020-05-05,5,101158.6067,100912.3121,101210.44895441413,101202.28963917372
2020-05-06,5,101630.191,101158.6067,101464.56227670264,101459.75702837107
2020-05-07,5,102172.2149,101630.191,101920.86521394894,101920.6528735277
2020-05-08,5,103072.6473,102172.2149,102456.53184198543,102460.41259622958
2020-05-09,5,103250.5018,103072.6473,103329.0345810047,103336.61708424422
2020-05-10,5,103459.6683,103250.5018,103521.23135268589,103527.0223561897
2020-05-11,5,103460.7483,103459.6683,103751.21027700086,103761.63242827325
2020-05-12,5,103735.6432,103460.7483,103806.59492504764,103817.28898964632
2020-05-13,5,104088.6799,103735.6432,104096.74095769196,104108.47873055977
2020-05-14,5,105081.6029,104088.6799,104448.44769642748,104457.11668650816
2020-05-15,5,105624.5453,105081.6029,105423.12131119304,105432.78625969196
2020-05-16,5,105878.7954,105624.5453,105953.02762421177,105951.53883862338
2020-05-17,5,105878.7954,105878.7954,106204.32116816688,106202.06817228766
2020-05-18,5,105878.7954,105878.7954,106365.98231080876,106359.47307911157
2020-05-19,5,105879.7193,105878.7954,106270.48496926193,106271.28905400644
2020-05-20,5,107409.3968,105879.7193,106287.79618430053,106289.50131870939
2020-05-21,5,108206.5057,107409.3968,107783.95856833941,107794.66685789244
2020-05-22,5,108863.9052,108206.5057,108567.25717342841,108569.6442745256
2020-05-23,5,110017.1553,108863.9052,109191.8740892933,109194.12452738234
2020-05-24,5,110388.193,110017.1553,110301.2546534436,110313.03352210444
2020-05-25,5,110389.7901,110388.193,110718.81984361283,110728.62831570266
2020-05-26,5,110335.469,110389.7901,110778.07387549647,110790.32123367609
2020-05-27,5,110464.6318,110335.469,110782.38569049741,110796.72022221185
2020-05-28,5,111009.4318,110464.6318,110859.84220818145,110868.12350767823
2020-05-29,5,111503.2692,111009.4318,111395.05131420887,111401.60644244526
2020-05-30,5,112856.2934,111503.2692,111899.40432847482,111899.33950482885
2020-05-31,5,112966.512,112856.2934,113185.27678016279,113180.11866696696
2020-06-01,5,113154.3962,112966.512,113330.87963390465,113315.93319316824
2020-06-02,5,113927.2383,113154.3962,113540.0211968057,113528.94401881761
2020-06-03,5,115288.2774,113927.2383,114292.74977719781,114303.14852780757
2020-06-04,5,117347.0183,115288.2774,115638.00313264778,115655.48138570332
2020-06-05,5,118344.1549,117347.0183,117669.38743277894,117688.01632342166
2020-06-06,5,119272.9034,118344.1549,118676.02085169416,118693.92407764954
2020-06-07,5,119872.9487,119272.9034,119526.14422485036,119542.43926313073
2020-06-08,5,119872.9487,119872.9487,120167.46550017354,120182.05077757323
2020-06-09,5,120332.0833,119872.9487,120256.02414109618,120261.89586493591
2020-06-10,5,121338.1209,120332.0833,120751.06001132127,120747.8158669635
2020-06-11,5,122270.5866,121338.1209,121748.57361376336,121734.8476691671
2020-06-12,5,122598.8017,122270.5866,122639.02448408249,122606.51687940076
2020-06-13,5,122629.6987,122598.8017,122931.61605836748,122904.76957347881
2020-06-14,5,122629.6987,122629.6987,122933.2667697451,122902.02528025987
2020-06-15,5,122630.3098,122629.6987,122938.30429230978,122905.4418918787
2020-06-16,5,123286.6151,122630.3098,122990.78227966529,122962.8658274296
2020-06-17,5,124526.417,123286.6151,123638.93825967309,123620.51074503304
2020-06-18,5,126140.9153,124526.417,124808.80736427585,124800.18097199762
2020-06-19,5,126758.6577,126140.9153,126333.91463037275,126331.45693253743
2020-06-20,5,126820.8693,126758.6577,126926.04259743812,126927.84073052327
2020-06-21,5,126820.8693,126820.8693,126965.2036882907,126975.67886796406
2020-06-22,5,126821.3193,126820.8693,126976.00108354141,126990.72890292195
2020-06-23,5,127756.1187,126821.3193,127042.01602635349,127057.02787622072
2020-06-24,5,128253.9058,127756.1187,127981.08122819358,127998.1970649877
2020-06-25,5,131057.1014,128253.9058,128475.7364051071,128479.24393770027
2020-06-26,5,132036.8656,131057.1014,131156.3546473282,131152.72848609608
2020-06-27,5,132095.2926,132036.8656,132155.73089570669,132129.53724403225
2020-06-28,5,132282.1166,132095.2926,132206.52128866766,132177.2929379145
2020-06-29,5,132565.5283,132282.1166,132390.90312748423,132367.07102606524
2020-06-30,5,133183.6995,132565.5283,132742.58476902347,132717.5431509252
2020-07-01,5,133594.3511,133183.6995,133509.04675547188,133476.31042457942
2020-07-02,5,133598.2702,133594.3511,133801.9678034174,133775.78400362356
2020-07-03,5,135002.3896,133598.2702,133707.79837009768,133663.88531634014
2020-07-04,5,135127.9755,135002.3896,134998.62858640793,134960.8544307543
2020-07-05,5,135697.4648,135127.9755,135147.47596098526,135101.29877433687
2020-07-06,5,135780.4265,135697.4648,135705.85076483994,135663.12727059776
2020-07-07,5,135577.9718,135780.4265,135812.7825973383,135775.15707412295
2020-07-08,5,134957.0356,135577.9718,135615.0572692631,135577.6043878689
2020-07-09,5,134197.87,134957.0356,134964.87733494816,134963.48219665527
2020-07-10,5,133249.0301,134197.87,134234.79757211418,134251.49665801183
2020-07-11,5,133212.5438,133249.0301,133266.74713615945,133281.39566658778
2020-07-12,5,133212.5438,133212.5438,133190.13938526908,133201.2061372904
2020-07-13,5,133212.284,133212.5438,133175.07383196184,133176.55540158504
2020-07-14,5,132777.8289,133212.284,133161.8853751476,133166.46576653884
2020-07-15,5,132482.7499,132777.8289,132714.90656511954,132730.4391769875
2020-07-16,5,132356.4455,132482.7499,132373.65631200915,132401.56802881477
2020-07-17,5,132323.6829,132356.4455,132186.44796901138,132240.2284140146
2020-07-18,5,131672.4137,132323.6829,132132.01776685572,132191.4225968802
2020-07-19,5,131365.8459,131672.4137,131474.1043656182,131539.6531685
2020-07-20,5,131365.8159,131365.8459,131149.6274708087,131213.427968773
2020-07-21,5,131368.6838,131365.8159,131140.90002494428,131193.4805851777
2020-07-22,5,130924.417,131368.6838,131143.14280188968,131179.2322942952
2020-07-23,5,130360.912,130924.417,130686.45032462044,130712.89898983011
2020-07-24,5,129478.2525,130360.912,130107.78883684202,130122.72691320986
2020-07-25,5,129452.5371,129478.2525,129203.86633467244,129228.06061149198
2020-07-26,5,129452.5371,129452.5371,129128.14170938065,129150.37108169231
2020-07-27,5,129494.2481,129452.5371,129112.3526133663,129122.91892829562
2020-07-28,5,128790.7861,129494.2481,129139.21923081255,129135.28003447886
2020-07-29,5,127688.0832,128790.7861,128447.14528688484,128440.74158451793
2020-07-30,5,127212.8915,127688.0832,127357.22055096089,127359.47076501194
2020-07-31,5,126972.0302,127212.8915,126841.37303784916,126848.37632916839
2020-08-01,5,126460.1257,126972.0302,126601.75865957525,126596.5130629669
2020-08-02,5,126460.1257,126460.1257,126105.5273727354,126093.0262303472
2020-08-03,5,126460.1257,126460.1257,126063.95370017327,126053.88835021076
2020-08-04,5,126460.1972,126460.1257,126051.56852940653,126049.77771306338
2020-08-05,5,125774.0659,126460.1972,126047.8134346569,126059.22208021088
2020-08-06,5,124947.714,125774.0659,125423.85693004976,125445.36598164067
2020-08-07,5,124476.5147,124947.714,124622.69828246196,124637.95422361842
2020-08-08,5,123544.5478,124476.5147,124109.31519348157,124118.51149793256
2020-08-09,5,123432.7974,123544.5478,123185.37773294428,123180.85879965476
2020-08-10,5,123157.3988,123432.7974,123034.22543640864,123029.42478371476
2020-08-11,5,122855.8065,123157.3988,122787.64938640363,122774.14371658703
2020-08-12,5,122688.9143,122855.8065,122477.31742492807,122460.3255180261
2020-08-13,5,122628.8045,122688.9143,122259.81498582155,122244.51594454075
2020-08-14,5,122508.7249,122628.8045,122172.89870691372,122162.30783303609
2020-08-15,5,122024.2728,122508.7249,122045.00942218046,122037.83605849811
2020-08-16,5,122022.0808,122024.2728,121606.61317116764,121613.5998635308
2020-08-17,5,122022.0808,122022.0808,121559.6208070937,121562.72445021741
2020-08-18,5,121759.0647,122022.0808,121572.92185923015,121575.78073238954
2020-08-19,5,121738.7276,121759.0647,121354.1770935153,121357.288837614
2020-08-20,5,121695.6258,121738.7276,121332.73095851293,121335.64516810862
2020-08-21,5,121444.0999,121695.6258,121282.58434391426,121280.3293899149
2020-08-22,5,121946.1923,121444.0999,121045.6092949246,121033.47766506828
2020-08-23,5,121946.1923,121946.1923,121487.53121870867,121464.32580143509
2020-08-24,5,121946.4256,121946.1923,121538.92952605899,121516.36427951016
2020-08-25,5,121741.143,121946.4256,121584.29539953149,121569.78695598405
2020-08-26,5,121086.6316,121741.143,121429.87292452573,121429.4331226175
2020-08-27,5,118444.7436,121086.6316,120794.38343117022,120796.6055435648
2020-08-28,5,117736.9939,118444.7436,118314.80307286492,118312.29960254522
2020-08-29,5,117248.8005,117736.9939,117565.43868465579,117560.597076429
2020-08-30,5,117172.7614,117248.8005,117054.42702049592,117035.9483695871
2020-08-31,5,117165.0869,117172.7614,116927.83367374314,116898.58537291574
2020-09-01,5,116737.0168,117165.0869,116901.73084497491,116875.13389976622
2020-09-02,5,116047.5641,116737.0168,116450.97384122852,116445.73056239287
