Date,fold,actual,naive_lag_1,linear_regression,selected_model
2011-03-28,1,93829.87101,93827.458,94073.90770429467,94467.95218212943
2011-03-29,1,94370.8536,93829.87101,94180.30372014438,94486.20731524288
2011-03-30,1,94448.05637,94370.8536,94702.3271475147,94922.47962386611
2011-03-31,1,94653.60378,94448.05637,94660.42060319669,94778.02977575427
2011-04-01,1,94748.70053,94653.60378,94790.79453954606,95020.10546853136
2011-04-02,1,94650.25923,94748.70053,94834.34350594405,95141.32116768337
2011-04-03,1,94647.05961,94650.25923,94792.75132857029,95150.41222480907
2011-04-04,1,94644.21383,94647.05961,94897.34934359502,95257.59203082944
2011-04-05,1,94527.56458,94644.21383,94997.64589420187,95388.28843065353
2011-04-06,1,94608.88811,94527.56458,94864.93605703108,95202.74916161364
2011-04-07,1,94605.41406,94608.88811,94939.35760718308,95300.90946190227
2011-04-08,1,94709.64649,94605.41406,94880.90573499432,95231.26107885233
2011-04-09,1,94822.52668,94709.64649,94977.76182997583,95289.76313528111
2011-04-10,1,94826.39937,94822.52668,95133.67524591042,95459.22106507154
2011-04-11,1,94831.50097,94826.39937,95185.97037955625,95535.11528024077
2011-04-12,1,94956.80254,94831.50097,95233.54519697255,95729.02852146498
2011-04-13,1,94960.29664,94956.80254,95393.04709812331,95927.21239757581
2011-04-14,1,95020.92896,94960.29664,95348.54798649297,95914.43848799531
2011-04-15,1,95381.18898,95020.92896,95396.1515273182,95968.9596399987
2011-04-16,1,95365.0207,95381.18898,95784.36351916767,96247.26967472001
2011-04-17,1,95368.30625,95365.0207,95757.28403250375,96180.69360798453
2011-04-18,1,95368.6527,95368.30625,95834.40866152491,96291.26859419352
2011-04-19,1,95246.49381,95368.6527,95904.92766749713,96322.81105085243
2011-04-20,1,95418.57928,95246.49381,95802.83307686784,96209.02471002174
2011-04-21,1,95500.45016,95418.57928,95982.21708939454,96434.84331295855
2011-04-22,1,95620.22583,95500.45016,96504.9559662523,96464.82490111497
2011-04-23,1,95623.12664,95620.22583,96130.26020914207,96547.7090790863
2011-04-24,1,95621.72339,95623.12664,96164.98488022662,96611.1952085386
2011-04-25,1,95622.78149,95621.72339,96241.21123538564,96677.0888590962
2011-04-26,1,95776.68109,95622.78149,96304.00301665739,96772.020392239
2011-04-27,1,95111.03163,95776.68109,96516.19723820737,96969.63207460947
2011-04-28,1,95152.69532,95111.03163,95791.92877785568,96374.73616025294
2011-04-29,1,95297.22483,95152.69532,95894.370761889,96632.21363152188
2011-04-30,1,95004.45704,95297.22483,96039.47328545991,96754.2088051914
2011-05-01,1,95121.7966,95004.45704,95764.85955581673,96559.58782672453
2011-05-02,1,95124.0956,95121.7966,95997.23644738799,96814.49975942426
2011-05-03,1,95240.8939,95124.0956,96038.37179080582,96832.64700530523
2011-05-04,1,95294.80199,95240.8939,96144.35460543985,96969.66383876567
2011-05-05,1,95453.05242,95294.80199,96210.7908492128,97137.43741541836
2011-05-06,1,95685.73433,95453.05242,96322.9231970002,97290.74823079935
2011-05-07,1,96025.34451,95685.73433,96508.16825914558,97476.35448445674
2011-05-08,1,96031.71383,96025.34451,96904.54027095808,97919.26163750388
2011-05-09,1,96034.65076,96031.71383,96924.25300463336,97944.06705683681
2011-05-10,1,96304.7459,96034.65076,96991.40357097719,98071.68013610356
2011-05-11,1,96689.37582,96304.7459,97308.4386713085,98239.28282151424
2011-05-12,1,96912.34888,96689.37582,97670.86817032027,98593.66617078673
2011-05-13,1,97294.16271,96912.34888,97828.52929904028,98741.97341578256
2011-05-14,1,97534.78111,97294.16271,98200.04753141376,99043.45045236823
2011-05-15,1,97554.97737,97534.78111,98408.47642128356,99324.73587403313
2011-05-16,1,97558.96237,97554.97737,98476.17034546235,99440.86057492018
2011-05-17,1,97955.51429,97558.96237,98570.49099372332,99577.6714950902
2011-05-18,1,98173.73868,97955.51429,99032.25879019883,100000.09873087755
2011-05-19,1,98390.97251,98173.73868,99185.35020851993,100100.21892834018
2011-05-20,1,99147.07421,98390.97251,99359.5540544325,100335.21893934597
2011-05-21,1,99536.54374,99147.07421,100104.07618429078,101167.48284978657
2011-05-22,1,99563.87224,99536.54374,100422.95522629315,101524.78465161065
2011-05-23,1,99563.03712,99563.87224,100926.7445635052,101658.07431523576
2011-05-24,1,99565.64933,99563.03712,100543.01893548087,101850.55957128061
2011-05-25,1,100056.8446,99565.64933,100566.06202380023,101933.94974887306
2011-05-26,1,100802.8466,100056.8446,101104.61267745875,102488.11862059022
2011-05-27,1,101189.9369,100802.8466,101855.72451706819,103103.11157501
2011-05-28,1,101616.0258,101189.9369,102100.89731351168,103308.46824660576
2011-05-29,1,101656.7628,101616.0258,102488.38017336965,103764.36289547743
2011-05-30,1,101664.5908,101656.7628,102538.52335684717,103833.99660836082
2011-05-31,1,102049.6989,101664.5908,102618.55110239281,104038.0236711054
2011-06-01,1,102764.4457,102049.6989,103103.26369489003,104512.0065207486
2011-06-02,1,103334.8563,102764.4457,103816.88909071565,105076.39876043507
2011-06-03,1,104596.2871,103334.8563,104245.57129095653,105509.4564844055
2011-06-04,1,105267.1479,104596.2871,105457.07765448795,106778.20369359436
2011-06-05,1,105331.45,105267.1479,105959.78635854393,107274.72601305337
2011-06-06,1,105331.9624,105331.45,105975.56242119006,107401.3170836476
2011-06-07,1,107421.8398,105331.9624,106071.70903170532,107493.83272375353
2011-06-08,1,107794.6956,107421.8398,108358.49539132194,109670.81306444775
2011-06-09,1,108042.8163,107794.6956,108418.38021096679,109583.98618170916
2011-06-10,1,108365.8096,108042.8163,108601.04633767909,109782.99464997307
2011-06-11,1,108928.4985,108365.8096,108839.7303628464,109982.04196595079
2011-06-12,1,108954.7966,108928.4985,109416.27536186876,110510.98824642255
2011-06-13,1,108953.2407,108954.7966,109508.22281422051,110509.4825998756
2011-06-14,1,109400.187,108953.2407,109734.51327370177,110542.45925415716
2011-06-15,1,109844.6431,109400.187,110108.57392324365,110742.98100043627
2011-06-16,1,110254.4111,109844.6431,110480.28374552904,111170.90379639421
2011-06-17,1,111036.86,110254.4111,110811.61852501435,111701.99958465007
2011-06-18,1,111520.4881,111036.86,111564.82262025581,112523.05677859185
2011-06-19,1,111525.8501,111520.4881,111937.50443864435,112925.6023543347
2011-06-20,1,111533.2855,111525.8501,111931.73810697229,112979.47378134135
2011-06-21,1,111867.5832,111533.2855,112018.77110267541,113451.44583901526
2011-06-22,1,113134.4758,111867.5832,112417.50566830604,113726.97440200543
2011-06-23,1,113424.4606,113134.4758,113714.64243387582,114795.83938594055
2011-06-24,1,113559.2247,113424.4606,113809.82419569942,114743.66418998587
2011-06-25,1,114360.6527,113559.2247,113837.6198330919,114863.09702984484
2011-06-26,1,114497.0793,114360.6527,114669.07688325598,115644.47740962956
2011-06-27,1,114498.3641,114497.0793,114782.98690072261,115675.86628199293
2011-06-28,1,115530.8409,114498.3641,114881.68767291281,115704.96961284062
2011-06-29,1,116759.7585,115530.8409,116066.72323281123,116635.03102877871
2011-06-30,1,120039.8024,116759.7585,117103.25876822553,117424.88687096536
2011-07-01,1,120940.1126,120039.8024,120701.00885449683,120663.6246090528
2011-07-02,1,120962.2971,120940.1126,120619.36196186405,120997.48696605665
2011-07-03,1,121563.2712,120962.2971,120393.26778002184,120998.41217410495
2011-07-04,1,121564.1054,121563.2712,121100.49283144841,121777.73726301223
2011-07-05,1,123131.8622,121564.1054,121240.40868042971,121656.20358176538
2011-07-06,1,124462.0697,123131.8622,123067.79408677103,123091.60362934358
2011-07-07,1,126135.9542,124462.0697,124332.63478564205,123913.81985166339
2011-07-08,1,127064.6259,126135.9542,125610.04369943155,124829.6650096729
2011-07-09,1,127892.9967,127064.6259,126195.66648608231,125578.32673502908
2011-07-10,1,127910.5407,127892.9967,126950.9358358107,126439.42285302514
2011-07-11,1,127915.577,127910.5407,126902.6209214651,126381.68907704618
2011-07-12,1,128437.1911,127915.577,127123.22946037614,126584.97707249937
2011-07-13,1,128914.697,128437.1911,127757.22763480843,126953.90314733473
2011-07-14,1,128904.7008,128914.697,128204.56461049974,127609.92721762185
2011-07-15,1,129007.9128,128904.7008,128050.21706941442,127337.88808217275
2011-07-16,1,129553.4505,129007.9128,128134.39026671203,127290.32500096044
2011-07-17,1,129550.3504,129553.4505,128664.25997939015,127894.32549932778
2011-07-18,1,129541.9663,129550.3504,128647.69345240222,127826.83735933597
2011-07-19,1,129888.2299,129541.9663,128712.09312045899,128070.15457602938
2011-07-20,1,129757.3521,129888.2299,129066.41251150504,128452.01106596185
2011-07-21,1,129634.3424,129757.3521,128814.72191634288,128360.93443214401
2011-07-22,1,129363.388,129634.3424,128671.48238398407,128403.3219285465
2011-07-23,1,128724.379,129363.388,128447.8707378093,128149.48002980015
2011-07-24,1,128601.8437,128724.379,127866.47106622459,127424.91295762996
2011-07-25,1,128589.0717,128601.8437,127895.40010944167,127363.97678808821
2011-07-26,1,127854.4568,128589.0717,127960.30638710913,127229.54589495403
2011-07-27,1,127055.7749,127854.4568,127219.65000795244,126326.92050068396
2011-07-28,1,126137.6298,127055.7749,126482.5709083647,125607.26788190176
2011-07-29,1,125184.7838,126137.6298,125624.78144792032,124824.13207931069
2011-07-30,1,123738.7722,125184.7838,124733.63474137295,124459.11574880949
2011-07-31,1,123723.2451,123738.7722,123442.48620396592,123390.4526548751
2011-08-01,1,123721.1389,123723.2451,123615.46268539029,123436.95129628624
2011-08-02,1,123720.4352,123721.1389,123570.56786792647,123193.07505144257
2011-08-03,1,122760.7044,123720.4352,123515.64919302994,122866.72245572129
2011-08-04,1,121690.8823,122760.7044,122427.45635060454,121925.053294574
2011-08-05,1,120757.3289,121690.8823,121331.20376212777,121113.45677599931
2011-08-06,1,120142.891,120757.3289,120405.58506852748,120457.95985851847
2011-08-07,1,120020.0878,120142.891,119902.59355840847,120168.93975680001
2011-08-08,1,119999.3146,120020.0878,119791.32894387495,120034.7912344435
2011-08-09,1,119219.8881,119999.3146,119715.34297173371,119650.5358753803
2011-08-10,1,118509.0077,119219.8881,118805.74422157534,118575.15334600901
2011-08-11,1,117985.6101,118509.0077,118068.97390412158,117933.69761241975
2011-08-12,1,117071.1531,117985.6101,117536.59672288902,117451.70826080238
2011-08-13,1,116838.4246,117071.1531,116648.0298608951,116456.6329672263
2011-08-14,1,116813.7901,116838.4246,116518.33805769177,116420.45853160963
2011-08-15,1,116809.2508,116813.7901,116495.04485400634,116416.41819489066
2011-08-16,1,116437.5716,116809.2508,116453.21616110508,116343.34871739786
2011-08-17,1,115843.7032,116437.5716,116064.01817353211,115898.17148792469
2011-08-18,1,115498.6331,115843.7032,115462.45173551099,115373.47486766826
2011-08-19,1,115072.466,115498.6331,115139.85085191674,115061.62394035686
2011-08-20,1,114591.8322,115072.466,114785.60589663978,114796.92131977709
2011-08-21,1,114573.8331,114591.8322,114382.9289043169,114508.90787381474
2011-08-22,1,114573.905,114573.8331,114427.21550049966,114559.34718238967
2011-08-23,1,114144.1737,114573.905,114457.6455223467,114481.50216145141
2011-08-24,1,113614.8658,114144.1737,114050.79189505185,114146.14358630725
2011-08-25,1,112931.6215,113614.8658,113521.37580981136,113736.13293075828
2011-08-26,1,113003.0399,112931.6215,112826.94046811425,113062.04272066294
2011-08-27,1,112502.4485,113003.0399,112940.25580866676,113187.76814004387
2011-08-28,1,112496.9876,112502.4485,112429.65338430471,112694.86460413224
2011-08-29,1,112494.9057,112496.9876,112417.55852417607,112576.63110605213
2011-08-30,1,112226.8534,112494.9057,112435.68491839942,112563.31847440718
2011-08-31,1,111961.3313,112226.8534,112183.85976009721,112359.29854517026
2011-09-01,1,109690.6311,111961.3313,111934.06984405429,112319.79298372004
2011-09-02,1,108910.3541,109690.6311,109580.46116755168,110359.77445133906
2011-09-03,1,108810.147,108910.3541,108958.44889733414,109925.74511064784
2011-09-04,1,108806.2489,108810.147,108936.85763255453,109854.50380670985
2011-09-05,1,108807.1774,108806.2489,109381.51109561759,109698.42165385565
2011-09-06,1,108796.7489,108807.1774,108887.91114072906,109570.35906433131
2011-09-07,1,106621.8172,108796.7489,108819.36039694608,109495.24629205477
2011-09-08,1,105924.5817,106621.8172,106463.31728701528,107322.97789867198
2011-09-09,1,105672.7065,105924.5817,106002.50427838176,107452.15848942775
2011-09-10,1,105183.1947,105672.7065,105804.97078489805,107176.55106310453
2011-09-11,1,105166.7843,105183.1947,105259.60490099262,106491.0986882288
2011-09-12,1,105168.2154,105166.7843,105268.39765436295,106447.60013233591
2011-09-13,1,105208.4939,105168.2154,105221.36584810576,106318.13276471983
2011-09-14,1,104959.6943,105208.4939,105183.07383491377,106204.81500660861
2011-09-15,1,104497.2603,104959.6943,104972.34306465558,105774.74234190222
2011-09-16,1,104012.6724,104497.2603,104457.8028737418,105198.40867000184
2011-09-17,1,103887.8534,104012.6724,103966.42222833617,104787.81011864205
2011-09-18,1,103889.0868,103887.8534,103916.2395202349,104769.98726672008
2011-09-19,1,103892.8034,103889.0868,103933.53648404415,104689.79272411208
2011-09-20,1,103769.1824,103892.8034,103952.27110999836,104697.47584356835
2011-09-21,1,102767.5074,103769.1824,103819.01375551734,104161.27056022827
2011-09-22,1,102220.0244,102767.5074,102742.64569355744,103142.81032049493
2011-09-23,1,101924.0082,102220.0244,102238.42449116142,102829.7535022727
2011-09-24,1,101501.8606,101924.0082,101983.40451700549,102531.21604512159
2011-09-25,1,101501.0821,101501.8606,101631.16959161399,102279.45067443546
2011-09-26,1,101502.3233,101501.0821,101688.31427070843,102327.98506901559
2011-09-27,1,101411.1605,101502.3233,101707.56006487648,102404.19172818211
2011-09-28,1,100893.5611,101411.1605,101608.02673775793,102365.88694520475
2011-09-29,1,100616.0131,100893.5611,101110.52774828393,102051.32461775921
2011-09-30,1,100422.459,100616.0131,100888.66710553218,101966.04706319122
2011-10-01,1,100391.339,100422.459,100550.70734448936,101464.23251882815
2011-10-02,1,100086.2183,100391.339,100542.96978501881,101418.38656129093
2011-10-03,1,100088.1928,100086.2183,100277.76199257407,101186.67134438512
2011-10-04,1,99678.3372,100088.1928,100348.40271601063,101304.64061323051
2011-10-05,1,99220.9043,99678.3372,99940.31683778255,100812.96630892936
2011-10-06,1,98669.29095,99220.9043,99531.89143515241,100553.61972169626
2011-10-07,1,98501.77849,98669.29095,98827.07054395767,99676.95837135361
2011-10-08,1,98092.41532,98501.77849,98653.47366972726,99398.8334710788
2011-10-09,1,98074.78982,98092.41532,98241.63013916358,98988.69886404906
2011-10-10,1,98075.72633,98074.78982,98743.60507694243,99014.0348445227
2011-10-11,1,98078.59929,98075.72633,98277.70964976498,98969.0952716923
2011-10-12,1,97923.43627,98078.59929,98270.34090345178,98916.31533488358
2011-10-13,1,97698.25472,97923.43627,98078.47283211393,98773.61799553024
2011-10-14,1,97523.69422,97698.25472,97831.03416983472,98597.63845675773
2011-10-15,1,97385.00439,97523.69422,97633.67094302479,98410.93572587798
2011-10-16,1,97392.8947,97385.00439,97537.55114805157,98264.21872986699
2011-10-17,1,97392.44205,97392.8947,97606.03906943639,98321.41975703073
2011-10-18,1,97174.9272,97392.44205,97642.96736343745,98285.38084841697
2011-10-19,1,96864.47661,97174.9272,97419.02222048966,98037.39273829845
2011-10-20,1,96740.52411,96864.47661,97096.6618331651,97732.49968960864
2011-10-21,1,96349.06732,96740.52411,96904.18812569576,97482.5415548394
2011-10-22,1,96155.57064,96349.06732,96477.17572793404,96987.66504543256
2011-10-23,1,96161.09982,96155.57064,96342.83831899766,96888.26784852696
2011-10-24,1,96161.57871,96161.09982,96381.17163162795,96871.42642636236
2011-10-25,1,96035.38344,96161.57871,96400.18261004827,96894.22516940506
2011-10-26,1,95990.62257,96035.38344,96267.91440238472,96804.46518632464
2011-10-27,1,95853.24186,95990.62257,96204.23416563684,96784.13966847151
2011-10-28,1,95743.06329,95853.24186,95988.54286294905,96522.17015400023
2011-10-29,1,95714.54642,95743.06329,95886.64987149864,96452.32534625876
2011-10-30,1,95717.41318,95714.54642,95906.3121072672,96491.60538739507
2011-10-31,1,95716.97579,95717.41318,95968.87716456022,96563.25191488392
2011-11-01,1,95610.93975,95716.97579,95969.56552949765,96546.58725161676
2011-11-02,1,95406.60328,95610.93975,95872.99649706371,96457.88264334628
2011-11-03,1,95165.11266,95406.60328,95610.76012390859,96203.78310683035
2011-11-04,1,95073.97071,95165.11266,95322.61496162903,95876.56119723365
2011-11-05,1,95026.39282,95073.97071,95214.19083583477,95703.86878970116
2011-11-06,1,95024.68225,95026.39282,95195.78612062836,95667.4605675891
2011-11-07,1,95038.86775,95024.68225,95211.67405545166,95619.44464513281
2011-11-08,1,94749.35717,95038.86775,95247.9940267213,95629.3567469696
2011-11-09,1,94692.1818,94749.35717,94938.22806180325,95379.97464299582
2011-11-10,1,94684.8118,94692.1818,94877.93736728751,95388.42853566582
2011-11-11,1,94638.60997,94684.8118,94835.095286248,95352.19405087948
2011-11-12,1,94671.98526,94638.60997,94764.22882559193,95263.88636881602
2011-11-13,1,94676.57373,94671.98526,94823.25654377652,95307.77993104073
2011-11-14,1,94724.13745,94676.57373,94862.83208310536,95332.11318525733
2011-11-15,1,94491.88769,94724.13745,94943.8646455119,95402.80400144107
2011-11-16,1,94418.48636,94491.88769,94718.54670952338,95238.23136429096
2011-11-17,1,94150.78238,94418.48636,94622.11977918628,95138.98810644899
2011-11-18,1,94054.96801,94150.78238,94289.21828666034,94805.69182313449
2011-11-19,1,94046.85523,94054.96801,94208.90495469906,94749.05008847007
2011-11-20,1,94047.91911,94046.85523,94209.02929840448,94687.45641410167
2011-11-21,1,94046.91328,94047.91911,94239.8483190738,94684.82477011236
2011-11-22,1,93973.07583,94046.91328,94258.80069634359,94645.32049572981
2011-11-23,1,93923.1818,93973.07583,94182.20107586036,94619.88054655665
2011-11-24,1,93588.46468,93923.1818,94082.14645985179,94542.96569739433
2011-11-25,1,93672.86933,93588.46468,93704.96094941474,94261.08244997109
2011-11-26,1,93360.12812,93672.86933,93812.81699592857,94396.9256032622
2011-11-27,1,93360.12812,93360.12812,93501.5953064168,94088.6587487983
2011-11-28,1,93363.68306,93360.12812,93584.00422359875,94211.47236053245
2011-11-29,1,93283.09831,93363.68306,93616.57753510943,94199.5358882007
2011-11-30,1,93122.69898,93283.09831,93521.6831861156,94131.27241479956
2011-12-01,1,93356.90546,93122.69898,93292.74213720355,93940.21973208911
2011-12-02,1,93098.82484,93356.90546,93505.78825235012,94163.81148847258
2011-12-03,1,92998.93022,93098.82484,93164.77625535266,93779.81966239787
2011-12-04,1,93000.7642,92998.93022,93136.47607113488,93830.38686601937
2011-12-05,1,93001.82211,93000.7642,93196.18572362326,93889.20697810303
2011-12-06,1,92543.78301,93001.82211,93226.06473323036,93909.26748312452
2011-12-07,1,92217.92149,92543.78301,92744.62318283108,93515.94651427312
2011-12-08,1,92208.59448,92217.92149,92405.27003037337,93199.28872123678
2011-12-09,1,92141.80298,92208.59448,92350.87087132706,93157.9105578029
2011-12-10,1,92097.03201,92141.80298,92281.03726125095,93052.0988617005
2011-12-11,1,92099.3776,92097.03201,92270.22587372012,93052.80979173072
2011-12-12,1,92100.97817,92099.3776,92311.67011728787,93111.37143270535
2011-12-13,1,92049.85339,92100.97817,92332.15875490791,93130.88677008651
2011-12-14,1,92048.26278,92049.85339,92298.93463252873,93168.88604079798
2011-12-15,1,91716.60798,92048.26278,92258.10747471887,93225.00438395943
2011-12-16,1,91681.82509,91716.60798,91858.77748724743,92833.3267328317
2011-12-17,1,91574.99086,91681.82509,91830.45864203967,92807.11140603265
2011-12-18,1,91578.65992,91574.99086,91749.1127966201,92724.44175923771
2011-12-19,1,91577.61665,91578.65992,91813.0423419576,92797.2885091659
2011-12-20,1,91352.10042,91577.61665,91843.43068847923,92745.2219649782
2011-12-21,1,91375.13479,91352.10042,91602.59952116583,92501.36792359094
2011-12-22,1,91406.26258,91375.13479,91593.69603794234,92537.85428098828
2011-12-23,1,91314.10448,91406.26258,91595.24206306104,92583.96159761789
2011-12-24,1,91052.70215,91314.10448,91466.0260174693,92424.72213219428
2011-12-25,1,91054.42995,91052.70215,91707.66869218685,92292.8657901211
2011-12-26,1,91054.30459,91054.42995,91765.27879262384,92348.50415720369
2011-12-27,1,91054.54493,91054.30459,91329.35417807661,92375.94823919324
2011-12-28,1,91055.93463,91054.54493,91336.19694467682,92438.9657387156
2011-12-29,1,91052.88969,91055.93463,91290.53534394962,92340.36773349479
2011-12-30,1,91019.30103,91052.88969,91236.00621107004,92281.57647109593
2011-12-31,1,91256.38626,91019.30103,91192.0816644852,92288.59227680603
2012-01-01,1,91259.34019,91256.38626,92108.0863669932,92282.8125667942
2012-01-02,1,91260.84293,91259.34019,92127.6076510966,92298.1334138994
2012-01-03,1,91259.96716,91260.84293,91706.09220010994,92342.21575179636
2012-01-04,1,91364.42334,91259.96716,91706.88715735114,92400.81305758681
2012-01-05,1,91577.62226,91364.42334,91739.6553163336,92411.93868449326
2012-01-06,1,91689.258,91577.62226,91868.30012049293,92484.96428894503
2012-01-07,1,91869.74454,91689.258,91950.95590155799,92503.89698115659
2012-01-08,1,91870.79161,91869.74454,92113.10131476585,92653.33094021463
2012-01-09,1,91873.15794,91870.79161,92138.842913283,92699.76171412588
2012-01-10,1,91806.94409,91873.15794,92185.32351714345,92783.27802725133
2012-01-11,1,91778.48234,91806.94409,92135.98593102933,92749.8101272632
2012-01-12,1,91918.63839,91778.48234,92090.06236974333,92685.37082667398
2012-01-13,1,91873.21388,91918.63839,92187.49418053385,92748.5853008561
2012-01-14,1,91892.01316,91873.21388,92107.14823279025,92650.67512798587
2012-01-15,1,91893.77339,91892.01316,92145.88562570777,92691.43480726847
2012-01-16,1,91893.41509,91893.77339,92196.54704489134,92752.5565784286
2012-01-17,1,91890.5461,91893.41509,92224.91398699676,92813.5099328804
2012-01-18,1,92051.57577,91890.5461,92216.33177471271,92864.39124755806
2012-01-19,1,92048.36856,92051.57577,92348.22830400098,93024.6897702792
2012-01-20,1,92320.12243,92048.36856,92250.81240549764,92945.8588667324
2012-01-21,1,92422.49077,92320.12243,92518.40576763803,93287.39490939557
2012-01-22,1,92404.86306,92422.49077,92609.2294072529,93360.5690690815
2012-01-23,1,92408.15144,92404.86306,92626.07521569189,93351.6825902838
2012-01-24,1,92316.49025,92408.15144,92667.23918087244,93381.57197786006
2012-01-25,1,92277.71715,92316.49025,92582.32295643206,93269.61873818141
2012-01-26,1,92209.1276,92277.71715,92507.52416417463,93186.91494202256
2012-01-27,1,92263.39816,92209.1276,92418.82125300806,93043.83015305316
2012-01-28,1,92157.95877,92263.39816,92449.23317161584,93010.50770088077
2012-01-29,1,92165.44005,92157.95877,92357.42115553234,92876.96887491661
2012-01-30,1,92165.4786,92165.44005,92424.97762830062,92971.29853538184
2012-01-31,1,92075.20161,92165.4786,92453.63434205951,92982.85365745079
2012-02-01,1,91779.06165,92075.20161,92337.14667781141,92957.95939573037
2012-02-02,1,91579.23217,91779.06165,91996.23345515701,92661.98298588798
2012-02-03,1,91396.2191,91579.23217,91778.20947220258,92558.7294757492
2012-02-04,1,91335.70957,91396.2191,91584.71475860468,92416.44459949619
2012-02-05,1,91343.5422,91335.70957,91573.75387518805,92416.36347264683
2012-02-06,1,91344.26134,91343.5422,91622.5774592275,92461.02303915466
2012-02-07,1,91232.49395,91344.26134,91636.92529979744,92438.63429488339
2012-02-08,1,91200.6347,91232.49395,91498.18525770752,92309.369458068
2012-02-09,1,91561.7795,91200.6347,91438.94212834071,92275.15365732879
2012-02-10,1,91564.13095,91561.7795,91750.74249057427,92588.11386327288
2012-02-11,1,91599.83413,91564.13095,91685.78444247112,92498.70660369238
2012-02-12,1,91600.25112,91599.83413,91743.05362694574,92553.13633368003
2012-02-13,1,91601.50609,91600.25112,91780.13701788528,92577.78121711046
2012-02-14,1,91542.47339,91601.50609,91811.13092468407,92579.77260791876
2012-02-15,1,91495.50006,91542.47339,91765.08717034195,92457.23332243646
2012-02-16,1,91382.46338,91495.50006,91712.35846228612,92305.23887618417
2012-02-17,1,91346.86652,91382.46338,91520.5583488339,92050.9716438751
2012-02-18,1,91133.67392,91346.86652,91484.4828219338,92001.92148786943
2012-02-19,1,91142.81249,91133.67392,91289.6714752998,91861.52990943995
2012-02-20,1,91142.93864,91142.81249,91840.65804233582,91986.68657153928
2012-02-21,1,91133.97017,91142.93864,91410.34377498699,91994.28809889781
2012-02-22,1,91152.90652,91133.97017,91395.76556685689,92000.19773912583
2012-02-23,1,91176.05019,91152.90652,91360.59104046736,92054.65949230021
2012-02-24,1,91115.94366,91176.05019,91338.40023726498,92056.80308541801
2012-02-25,1,91060.02579,91115.94366,91267.25780415445,91996.06587762074
2012-02-26,1,91057.19928,91060.02579,91271.8842369761,92057.27634854752
2012-02-27,1,91059.37728,91057.19928,91330.11834983763,92107.36797629508
2012-02-28,1,90876.88377,91059.37728,91377.37661863136,92151.25453347071
2012-02-29,1,90850.27962,90876.88377,91190.7506569537,91998.92858496323
2012-03-01,1,90848.62386,90850.27962,91124.62436360362,91982.94447046051
2012-03-02,1,90845.3493,90848.62386,91058.35390273805,91871.74708441463
2012-03-03,1,90856.7054,90845.3493,91036.36726651661,91778.41233001872
2012-03-04,1,90809.92313,90856.7054,91089.35122613606,91798.65836365905
2012-03-05,1,90820.74468,90809.92313,91092.9918231021,91783.33137164505
2012-03-06,1,90719.8663,90820.74468,91143.56584350893,91825.69355103868
2012-03-07,1,90832.95179,90719.8663,91042.99690567108,91767.08032796564
2012-03-08,1,90855.20446,90832.95179,91129.64100395005,91841.59787376587
2012-03-09,1,90857.26815,90855.20446,91091.43905914197,91759.6272559176
2012-03-10,1,90811.7588,90857.26815,91070.01555013632,91772.92560777385
2012-03-11,1,90820.3989,90811.7588,91060.72191885824,91766.15006303933
2012-03-12,1,90838.01342,90820.3989,91141.372910261,91865.08152540882
2012-03-13,1,90951.78472,90838.01342,91205.1833918249,91896.48961616936
2012-03-14,1,91074.02691,90951.78472,91333.93924402211,92033.6636569703
2012-03-15,1,91227.33521,91074.02691,91387.07907118984,92077.42896331793
2012-03-16,1,91281.14407,91227.33521,91471.14901603988,92175.26195435491
2012-03-17,1,91317.88447,91281.14407,91485.34605910307,92194.20360196196
2012-03-18,1,91321.83547,91317.88447,91559.9790801262,92273.32588034781
2012-03-19,1,91324.89472,91321.83547,91635.38158942855,92316.1706891591
2012-03-20,1,91806.54232,91324.89472,91701.5205426391,92344.93867702357
2012-03-21,1,91887.38296,91806.54232,92217.9847760662,92866.14751684017
2012-03-22,1,92039.81477,91887.38296,92189.1972684115,92807.0601085514
2012-03-23,1,92051.83789,92039.81477,92279.08308832318,92926.02704097737
2012-03-24,1,92135.43485,92051.83789,92259.4164329758,92920.6492090929
2012-03-25,1,92138.0961,92135.43485,92396.11360595192,93062.77825748561
2012-03-26,1,92140.64845,92138.0961,92476.08543119428,93118.71313548507
2012-03-27,1,92151.49038,92140.64845,92571.3421787292,93181.9823065756
2012-03-28,1,92139.22156,92151.49038,92560.42377273338,93135.65130427039
2012-03-29,1,92330.18982,92139.22156,92524.82957693284,93100.15682878955
2012-03-30,1,92403.53496,92330.18982,92685.58941346321,93263.67102488564
2012-03-31,1,92616.39754,92403.53496,92737.0827806615,93317.04736009029
2012-04-01,1,92867.64222,92616.39754,92969.71381332663,93603.29187056373
2012-04-02,1,92869.18951,92867.64222,93266.35484760138,93915.66177617476
2012-04-03,1,92846.21313,92869.18951,93271.03615776743,94032.4743703859
2012-04-04,1,93309.57898,92846.21313,93255.83735468706,94063.05915330112
2012-04-05,1,93222.54169,93309.57898,93743.42782325024,94554.24322231792
2012-04-06,1,93535.21372,93222.54169,94019.65406780283,94316.04003924112
2012-04-07,1,93542.09756,93535.21372,93905.52751875544,94666.28579269286
2012-04-08,1,93570.55105,93542.09756,93912.89076813482,94602.74821708628
2012-04-09,1,93570.75138,93570.55105,93997.2181104198,94654.83827015998
2012-04-10,1,93718.11823,93570.75138,94064.328071283,94706.39922798633
2012-04-11,1,93896.51238,93718.11823,94274.42311555197,94854.6282932717
2012-04-12,1,93532.99497,93896.51238,94381.93108123053,94937.02200198856
2012-04-13,1,93607.07328,93532.99497,93996.94807842362,94576.98541568758
2012-04-14,1,93669.53519,93607.07328,94102.20779791789,94732.98932752901
2012-04-15,1,93672.65796,93669.53519,94213.52332107253,94865.02010072305
2012-04-16,1,93690.96861,93672.65796,94288.43460158599,94914.49182773069
2012-04-17,1,93801.45674,93690.96861,94372.29834008498,94974.69321824347
2012-04-18,1,93981.39212,93801.45674,94474.21506622907,95144.84239002361
2012-04-19,1,94299.1047,93981.39212,94581.19936610246,95292.59116682466
2012-04-20,1,94562.32975,94299.1047,94890.27875237996,95731.53803404681
2012-04-21,1,94696.53788,94562.32975,95117.0879035545,95968.31415151479
2012-04-22,1,94805.10755,94696.53788,95261.19346049702,96122.72504493054
2012-04-23,1,94807.59683,94805.10755,95433.3584040049,96314.53373933905
2012-04-24,1,94886.2322,94807.59683,95494.23592460978,96388.16707935538
2012-04-25,1,95199.62993,94886.2322,95615.06058285706,96495.12604360904
2012-04-26,1,95804.19174,95199.62993,95944.84323357965,96660.16595217322
2012-04-27,1,96456.37829,95804.19174,96506.10870931235,97148.61708615554
2012-04-28,1,96801.63924,96456.37829,97080.44115528716,97716.99168057849
2012-04-29,1,97119.78097,96801.63924,97369.14578216265,98020.95632170035
2012-04-30,1,97126.53054,97119.78097,97701.99279891473,98426.0185829252
2012-05-01,1,97469.90487,97126.53054,97711.71928617689,98555.6408559856
2012-05-02,1,97891.8336,97469.90487,98138.5277396308,98971.97515020384
2012-05-03,1,99032.39566,97891.8336,98563.58223088308,99297.60972187093
2012-05-04,1,99771.16528,99032.39566,99669.02493728179,100378.3005413115
2012-05-05,1,100388.3051,99771.16528,100234.25780166437,100857.38725412116
2012-05-06,1,100697.6772,100388.3051,100773.6815510872,101499.68144671695
2012-05-07,1,100706.7059,100697.6772,101047.49672808725,101825.68322879204
2012-05-08,1,101472.8165,100706.7059,101109.20064533033,101937.68312903288
2012-05-09,1,102327.2395,101472.8165,101997.26223346019,102780.64786345005
2012-05-10,1,103160.8008,102327.2395,102842.69357214958,103527.7403104125
2012-05-11,1,103652.391,103160.8008,103520.69071317557,104161.15607751059
2012-05-12,1,104232.2962,103652.391,103887.50383768824,104471.87899245073
2012-05-13,1,104236.4815,104232.2962,104434.41493723835,105077.26140721087
2012-05-14,1,104241.8489,104236.4815,104432.00469069064,105065.05365962422
2012-05-15,1,104655.6845,104241.8489,104592.35275751489,105220.24468939751
2012-05-16,1,105076.9805,104655.6845,105103.82105682038,105565.60653540466
2012-05-17,1,105910.761,105076.9805,105487.65058034637,105927.10317648796
2012-05-18,1,106127.0794,105910.761,106253.95724368206,106691.12986696383
2012-05-19,1,106198.0588,106127.0794,106335.48063625854,106841.4559387119
2012-05-20,1,106201.9456,106198.0588,106370.38965639143,106970.79165273233
2012-05-21,1,106203.3505,106201.9456,106926.42932859091,107085.4948720889
2012-05-22,1,106208.1,106203.3505,106584.33992068132,107272.55403412716
2012-05-23,1,106715.2052,106208.1,106651.0241859781,107306.47215444082
2012-05-24,1,106988.9151,106715.2052,107218.2247253992,107790.20364442386
2012-05-25,1,107410.6429,106988.9151,107356.47070965712,107847.96183384025
2012-05-26,1,107747.0155,107410.6429,107735.69655923203,108346.51183486429
2012-05-27,1,107748.7789,107747.0155,108061.84637019069,108691.00420778964
2012-05-28,1,107744.345,107748.7789,108089.03085968683,108703.48580578026
2012-05-29,1,107925.0808,107744.345,108165.33006197812,108820.46958526583
2012-05-30,1,108134.7655,107925.0808,108443.42541203943,108987.3691283501
2012-05-31,1,108226.0339,108134.7655,108630.33282277446,109122.71069388033
2012-06-01,1,108768.9876,108226.0339,108686.78809779993,109084.89675503221
2012-06-02,1,109429.0217,108768.9876,109238.54312919526,109610.09881615933
2012-06-03,1,109428.1121,109429.0217,109873.35807433125,110193.06408972367
2012-06-04,1,109432.6708,109428.1121,109837.2327699708,110165.80893434746
2012-06-05,1,109938.664,109432.6708,109912.32115840731,110237.97011685438
2012-06-06,1,110587.1302,109938.664,110486.8742792569,110768.82152370496
2012-06-07,1,111179.6912,110587.1302,111091.93801078448,111328.70434726911
2012-06-08,1,111582.3232,111179.6912,111621.00536064699,111875.48735694325
2012-06-09,1,112061.6593,111582.3232,111930.11243451523,112213.32061658408
2012-06-10,1,112064.1066,112061.6593,112361.48791940433,112632.83534503893
2012-06-11,1,112068.7449,112064.1066,112372.31648437736,112699.04353126144
2012-06-12,1,112499.9127,112068.7449,112498.62765144942,112781.72569132503
2012-06-13,1,112907.5413,112499.9127,113017.0565418674,113124.3294352637
2012-06-14,1,113484.724,112907.5413,113372.13144827599,113319.1697521277
2012-06-15,1,113718.8785,113484.724,113866.22549677256,113836.57842101193
2012-06-16,1,113899.6147,113718.8785,113989.6578814109,114143.47450960119
2012-06-17,1,113904.3556,113899.6147,114145.37501165034,114329.99300644356
2012-06-18,1,113908.4938,113904.3556,114208.97115588108,114415.0193243127
2012-06-19,1,114441.4827,113908.4938,114318.10681580647,114563.18709291886
2012-06-20,1,114997.3811,114441.4827,114917.30180966924,115128.31762942774
2012-06-21,1,116137.8875,114997.3811,115406.45873536354,115556.96258352221
2012-06-22,1,116576.3313,116137.8875,116426.00325697637,116623.93806680772
2012-06-23,1,117036.7954,116576.3313,116663.97583333346,116951.12227530473
2012-06-24,1,117110.1549,117036.7954,117079.16027160837,117457.72314544456
2012-06-25,1,117111.2977,117110.1549,117160.50626017677,117578.78364998102
2012-06-26,1,117517.5525,117111.2977,117270.27158394274,117680.67485592798
2012-06-27,1,118639.0751,117517.5525,117769.8899807905,118008.32808363292
2012-06-28,1,119467.2051,118639.0751,118919.89004332433,118962.08533190483
2012-06-29,1,120366.5511,119467.2051,119519.89569142491,119366.57709403662
2012-06-30,1,121513.3857,120366.5511,120288.39944502784,120089.85256305625
2012-07-01,1,121627.5111,121513.3857,121772.3872460733,121159.30296081357
2012-07-02,1,121628.2132,121627.5111,121293.28585728651,121204.63320770659
2012-07-03,1,121628.6322,121628.2132,121378.46687314146,121344.42839490605
2012-07-04,1,122095.0492,121628.6322,121485.47609600463,121296.5994882781
2012-07-05,1,122920.7985,122095.0492,121980.7783066807,121707.13327378039
2012-07-06,1,123686.1348,122920.7985,122788.48925008895,122308.5244775062
2012-07-07,1,124025.8567,123686.1348,123443.51314293506,122856.49388753716
2012-07-08,1,124029.9217,124025.8567,123610.3022622689,122987.58598392775
2012-07-09,1,124030.3217,124029.9217,123584.99242730538,123082.04607056233
2012-07-10,1,124305.1548,124030.3217,123647.28924503575,123220.90520768572
2012-07-11,1,124445.8137,124305.1548,124012.65995053032,123642.72137522152
2012-07-12,1,124482.7257,124445.8137,124142.02374475772,123700.48025816231
2012-07-13,1,124404.5071,124482.7257,124120.8525518385,123654.72441167873
2012-07-14,1,124168.7877,124404.5071,123985.21968750344,123679.5188468556
2012-07-15,1,124161.9207,124168.7877,123786.38451220482,123465.67165180565
2012-07-16,1,124156.2079,124161.9207,123885.10676800257,123503.08152528039
2012-07-17,1,124268.3268,124156.2079,123948.5007775109,123413.10032029272
2012-07-18,1,124112.2326,124268.3268,124043.4852457169,123418.72988967408
2012-07-19,1,123950.1574,124112.2326,123810.24787268473,123283.22522899843
2012-07-20,1,123812.3409,123950.1574,123606.94655058713,123208.3707137923
2012-07-21,1,123563.8689,123812.3409,123462.77805258584,123191.59065958155
2012-07-22,1,123489.9045,123563.8689,123279.86947542347,122988.78488347033
2012-07-23,1,123487.4608,123489.9045,123293.20449712455,122932.48666983396
2012-07-24,1,122985.6385,123487.4608,123339.94618405917,122870.55090730253
2012-07-25,1,122272.7326,122985.6385,122826.28907100542,122268.22806438588
2012-07-26,1,121586.9298,122272.7326,122135.75354488727,121646.02456747138
2012-07-27,1,120860.1657,121586.9298,121485.56219763702,121144.35018176114
2012-07-28,1,120227.5016,120860.1657,120815.58047622952,120541.10490734877
2012-07-29,1,120221.9788,120227.5016,120273.5081321763,120123.47021320336
2012-07-30,1,120221.291,120221.9788,120327.99696592474,120237.72947263379
2012-07-31,1,119383.7058,120221.291,120280.29133874417,120087.92474749548
2012-08-01,1,118540.422,119383.7058,119352.65256321465,119241.50061331734
2012-08-02,1,117873.8199,118540.422,118502.26674740587,118556.76489940876
2012-08-03,1,117449.5685,117873.8199,117813.9780877447,118043.82097789872
2012-08-04,1,117085.9542,117449.5685,117386.90730763462,117743.32060106218
2012-08-05,1,116983.7842,117085.9542,117043.38185367774,117507.48854887005
2012-08-06,1,116979.795,116983.7842,116941.85003782048,117394.94703786768
2012-08-07,1,116975.0566,116979.795,116893.31996993325,117173.38677843555
2012-08-08,1,116272.373,116975.0566,116849.81049666127,117012.08447608454
2012-08-09,1,115647.4083,116272.373,116073.94251709734,116289.97074296196
2012-08-10,1,115329.8751,115647.4083,115460.17335177033,115773.71338038448
2012-08-11,1,114841.342,115329.8751,115184.81211521839,115481.31086968661
2012-08-12,1,114824.5737,114841.342,114739.91533759718,115099.32240599355
2012-08-13,1,114823.7922,114824.5737,114793.09256473545,115121.15430877112
2012-08-14,1,114593.9145,114823.7922,114788.74991000928,114903.46146629212
2012-08-15,1,114479.9537,114593.9145,114505.0159444075,114479.27540640117
2012-08-16,1,114181.0712,114479.9537,114380.94137043493,114379.59298389945
2012-08-17,1,113990.5007,114181.0712,114052.7950059826,114095.87280078972
2012-08-18,1,113796.2915,113990.5007,113879.16336687541,113949.49523778855
2012-08-19,1,113793.955,113796.2915,113759.53834791831,113914.39659136286
2012-08-20,1,113797.8915,113793.955,113818.30733157822,113991.52838665414
2012-08-21,1,113742.1424,113797.8915,113855.71641053262,114074.30610912491
2012-08-22,1,113375.5522,113742.1424,113824.6710077145,114019.50822796464
2012-08-23,1,113235.8786,113375.5522,113407.81404460686,113578.87758745014
2012-08-24,1,113065.3194,113235.8786,113248.9452453863,113443.22209182163
2012-08-25,1,113247.0522,113065.3194,113062.77095343418,113181.8977948464
2012-08-26,1,113226.2844,113247.0522,113271.23968888658,113339.69334740534
2012-08-27,1,113225.6187,113226.2844,113240.34603875296,113240.55659783582
2012-08-28,1,113116.9217,113225.6187,113285.13518129308,113309.38500995567
2012-08-29,1,112879.6303,113116.9217,113189.89651472974,113297.17685831025
2012-08-30,1,112647.0273,112879.6303,112899.46647951056,113003.45343709181
2012-08-31,1,112387.1811,112647.0273,112605.22168289562,112682.42359757035
2012-09-01,1,112159.9696,112387.1811,112316.5007261997,112396.76235047437
2012-09-02,1,112085.4516,112159.9696,112105.54863155387,112167.56410773504
2012-09-03,1,112082.4689,112085.4516,112541.84879135984,112126.29596667412
2012-09-04,1,112083.2866,112082.4689,112098.19506694542,112134.60210576012
2012-09-05,1,111866.7595,112083.2866,112087.57498080998,112087.82334663474
2012-09-06,1,111460.0165,111866.7595,111833.36545770422,111903.38409313101
2012-09-07,1,111021.2923,111460.0165,111352.5107773572,111436.08085741237
2012-09-08,1,109921.3297,111021.2923,110890.565345704,111073.6166961634
2012-09-09,1,109885.493,109921.3297,109816.6006585039,110183.50752418117
2012-09-10,1,109885.0302,109885.493,109901.30043998118,110276.81771254224
2012-09-11,1,109277.4152,109885.0302,109899.17591145344,110169.82741309665
2012-09-12,1,108637.8744,109277.4152,109221.09773547915,109494.2475391405
2012-09-13,1,108258.6342,108637.8744,108529.97698873891,108898.98738959161
2012-09-14,1,107685.3463,108258.6342,108123.4809340653,108563.13008356087
2012-09-15,1,107456.3605,107685.3463,107505.98029505112,107976.23085627204
2012-09-16,1,107447.9146,107456.3605,107373.7133578284,107936.31034267192
2012-09-17,1,107447.1441,107447.9146,107366.71478513487,107833.51583130677
2012-09-18,1,106979.4091,107447.1441,107326.2720096959,107725.7169593344
2012-09-19,1,106931.1542,106979.4091,106817.35996088985,107267.67973344542
2012-09-20,1,105888.9744,106931.1542,106762.38553798333,107221.14656269155
2012-09-21,1,105380.2051,105888.9744,105597.9580306363,106080.7918397409
2012-09-22,1,105110.5057,105380.2051,105180.93086203541,105616.48006879441
2012-09-23,1,105106.4163,105110.5057,104978.03408999684,105391.11661863964
2012-09-24,1,105106.7241,105106.4163,105005.40040053193,105380.71532806678
2012-09-25,1,104296.1329,105106.7241,104987.02633333586,105182.9010818756
2012-09-26,1,103288.1536,104296.1329,104139.07864539261,104359.42398680709
2012-09-27,1,102446.0819,103288.1536,103100.69622133092,103492.08752736087
2012-09-28,1,101762.8341,102446.0819,102321.5778981382,102912.22883779235
2012-09-29,1,100365.691,101762.8341,101691.05884038395,102384.77386708996
2012-09-30,1,100365.5097,100365.691,100329.26553809203,101212.94398671393
2012-10-01,1,100364.2185,100365.5097,100449.89072870309,101430.66690899227
2012-10-02,1,99933.80994,100364.2185,100395.9827351751,101204.17318794123
2012-10-03,1,99206.62834,99933.80994,99920.12238124493,100868.79943829312
2012-10-04,1,98321.81571,99206.62834,99193.90998903319,100220.05251581616
2012-10-05,1,97926.32843,98321.81571,98315.1017654194,99536.73271497394
2012-10-06,1,97624.02236,97926.32843,97966.81144065561,99310.61877188868
2012-10-07,1,97615.64244,97624.02236,97774.21418076092,99259.21465191204
2012-10-08,1,97611.30725,97615.64244,98187.07742361323,99030.50349741254
2012-10-09,1,97611.64358,97611.30725,97701.19866944979,98811.16816676807
2012-10-10,1,97313.83013,97611.64358,97684.13820602155,98661.63950638859
2012-10-11,1,97067.83691,97313.83013,97316.57057122086,98187.68699467035
2012-10-12,1,96884.70816,97067.83691,97052.5058518973,97895.93898615087
2012-10-13,1,96702.45309,96884.70816,96882.54941909255,97487.40685585994
2012-10-14,1,96703.86939,96702.45309,96724.66886851825,97320.97639679423
2012-10-15,1,96702.49565,96703.86939,96782.92562247,97366.67862917174
2012-10-16,1,96450.04824,96702.49565,96822.37327540007,97348.14882420898
2012-10-17,1,96267.35597,96450.04824,96572.31599379487,97050.81641940279
2012-10-18,1,96008.17421,96267.35597,96380.85122357204,96793.54865841001
2012-10-19,1,94962.85659,96008.17421,96135.30938240852,96641.33435355652
2012-10-20,1,94595.94147,94962.85659,95037.11011257154,95629.73177212618
2012-10-21,1,94597.66818,94595.94147,94819.4059446496,95588.99596855768
2012-10-22,1,94598.21053,94597.66818,94921.53529641285,95723.10362033281
2012-10-23,1,94429.26902,94598.21053,94974.22241634964,95845.2409560087
2012-10-24,1,94226.39034,94429.26902,94836.40786644733,95820.67356787139
2012-10-25,1,94220.92986,94226.39034,94577.98220852728,95600.19749705
2012-10-26,1,94003.69777,94220.92986,94514.64602205684,95507.73698953897
2012-10-27,1,93815.5644,94003.69777,94318.5852237206,95402.78479766416
2012-10-28,1,93780.02821,93815.5644,94184.4086720599,95323.56040339479
2012-10-29,1,93778.59076,93780.02821,94124.54928435376,95113.97036840973
2012-10-30,1,93762.59136,93778.59076,94166.82981759791,95133.67606538344
2012-10-31,1,93627.81039,93762.59136,94164.8781746434,95170.94476621035
2012-11-01,1,93140.14765,93627.81039,93964.62285590227,95005.94694843415
2012-11-02,1,93075.81106,93140.14765,93390.34518382153,94245.14668871334
2012-11-03,1,92937.56542,93075.81106,93319.14563332596,94085.18443699802
2012-11-04,1,92935.49914,92937.56542,93197.76857046282,93937.41796970752
2012-11-05,1,92935.81075,92935.49914,93236.8129684763,93938.25631697291
2012-11-06,1,92948.66424,92935.81075,93261.96314503429,93930.49311752881
2012-11-07,1,92857.15632,92948.66424,93256.20308433067,93912.4174612352
2012-11-08,1,92650.92788,92857.15632,93123.15229357823,93839.07856127918
2012-11-09,1,92559.03101,92650.92788,92893.15613476966,93668.3943016192
2012-11-10,1,92442.9957,92559.03101,92801.99937287965,93571.51944447537
2012-11-11,1,92442.4741,92442.9957,92731.73220609417,93522.505865541
2012-11-12,1,92442.53887,92442.4741,92793.0918532325,93585.78266071861
2012-11-13,1,92422.94706,92442.53887,92836.59714983593,93657.60744935251
2012-11-14,1,92217.44294,92422.94706,92817.17469810043,93664.7478935954
2012-11-15,1,92199.63509,92217.44294,92567.89909782064,93379.42917205933
2012-11-16,1,92177.66785,92199.63509,92545.29045040067,93429.31711008115
2012-11-17,1,91967.82163,92177.66785,92519.51483897358,93394.98067550056
2012-11-18,1,91966.54868,91967.82163,92277.47498785866,93067.4608119116
2012-11-19,1,91966.74842,91966.54868,92325.00886157839,93091.89666647722
2012-11-20,1,91862.07056,91966.74842,92356.36157793339,93134.59694787167
2012-11-21,1,91851.75428,91862.07056,92238.82574698396,93038.48297045087
2012-11-22,1,92420.58746,91851.75428,92198.92404053135,93003.00982063929
2012-11-23,1,92344.15729,92420.58746,92692.19916801993,93458.11527435896
2012-11-24,1,92195.08579,92344.15729,92516.29458300071,93260.80223529063
2012-11-25,1,92195.26232,92195.08579,92408.37288248113,93218.36017827956
2012-11-26,1,92196.16093,92195.26232,92473.90395313661,93295.45478347309
2012-11-27,1,92147.19158,92196.16093,92521.1502507876,93345.69920496571
2012-11-28,1,92097.45783,92147.19158,92503.20927576849,93298.05336154092
2012-11-29,1,92058.96088,92097.45783,92455.73789681421,93232.81741772716
2012-11-30,1,91762.94405,92058.96088,92327.65084971712,93041.66170041548
2012-12-01,1,91652.05629,91762.94405,91969.2628558238,92697.74219479451
2012-12-02,1,91652.5185,91652.05629,91930.95387155961,92729.21546133111
2012-12-03,1,91652.87025,91652.5185,91987.89261359822,92776.22670739425
2012-12-04,1,91399.54119,91652.87025,92019.28000371,92792.89510117177
2012-12-05,1,91129.72312,91399.54119,91746.56866852051,92579.11480165423
2012-12-06,1,91157.16253,91129.72312,91440.29540229101,92496.51784714505
2012-12-07,1,91118.72783,91157.16253,91437.47750157294,92515.21888839937
2012-12-08,1,91158.15753,91118.72783,91380.10817887021,92437.01727061573
2012-12-09,1,91159.49473,91158.15753,91446.91522746051,92499.78101165898
2012-12-10,1,91163.08024,91159.49473,91471.5936786999,92503.66141648797
2012-12-11,1,91159.70777,91163.08024,91494.42060964627,92525.08745165747
2012-12-12,1,91115.79126,91159.70777,91491.84476834288,92562.50275338381
2012-12-13,1,91082.44888,91115.79126,91416.86115825165,92534.66068970165
2012-12-14,1,90905.48097,91082.44888,91340.65803252466,92377.2766221322
2012-12-15,1,90627.25097,90905.48097,91148.01384291853,92187.58641646622
2012-12-16,1,90625.87116,90627.25097,90903.80064723917,91987.83056629826
2012-12-17,1,90627.92897,90625.87116,90987.8288449049,92057.80619823778
2012-12-18,1,90532.83023,90627.92897,91016.31389991689,92015.95905403729
2012-12-19,1,90101.85254,90532.83023,90897.16313235788,91852.64154820942
2012-12-20,2,89592.8644,90101.85254,90110.19886105463,90110.37447789093
2012-12-21,2,89635.92021,89592.8644,89511.44343863883,89511.64213367608
2012-12-22,2,89563.66034,89635.92021,89690.71477390891,89690.94825654078
2012-12-23,2,89580.26324,89563.66034,89667.69409941012,89667.93526587458
2012-12-24,2,89580.2941,89580.26324,89666.90091697066,89667.15467215801
2012-12-25,2,89290.03315,89580.2941,89965.45081519759,89965.63192806112
2012-12-26,2,89289.6606,89290.03315,89602.08277968815,89602.29460898958
2012-12-27,2,89288.70312,89289.6606,89351.70538607806,89352.0788699579
2012-12-28,2,89250.62489,89288.70312,89424.01012374731,89424.40326180766
2012-12-29,2,89200.74098,89250.62489,89379.35958255909,89379.71727061017
2012-12-30,2,89201.30812,89200.74098,89331.96062701111,89332.32167579376
2012-12-31,2,89200.72547,89201.30812,89311.4403273601,89311.8142629345
2013-01-01,2,89166.07331,89200.72547,89638.622122655,89638.83462591715
2013-01-02,2,89166.36452,89166.07331,89375.54421810617,89375.81834140228
2013-01-03,2,89239.48236,89166.36452,89346.77656389595,89347.00012027155
2013-01-04,2,89816.72754,89239.48236,89378.35946408799,89378.59412056794
2013-01-05,2,90003.15642,89816.72754,90071.13674930742,90071.34953501253
2013-01-06,2,90001.14525,90003.15642,90194.78982413224,90194.99246723838
2013-01-07,2,90025.20393,90001.14525,90129.72100700866,90129.94576963567
2013-01-08,2,90238.59581,90025.20393,90191.6294238447,90191.83387739329
2013-01-09,2,90255.18456,90238.59581,90512.55855668157,90512.75641717625
2013-01-10,2,90137.15301,90255.18456,90514.2608876268,90514.45014063768
2013-01-11,2,90135.84259,90137.15301,90384.2917598442,90384.46746216249
2013-01-12,2,90238.95481,90135.84259,90324.16101559291,90324.29573935548
2013-01-13,2,90238.89144,90238.95481,90432.71103671247,90432.83505703048
2013-01-14,2,90239.30691,90238.89144,90414.13365340131,90414.26126496377
2013-01-15,2,90243.68778,90239.30691,90458.0526559027,90458.17862165085
2013-01-16,2,90255.44118,90243.68778,90449.29700647235,90449.41984911702
2013-01-17,2,90454.13257,90255.44118,90418.12208037436,90418.2763139825
2013-01-18,2,90824.07658,90454.13257,90634.34606254323,90634.58499004623
2013-01-19,2,90822.4838,90824.07658,91074.05750026391,91074.30478529759
2013-01-20,2,90821.79167,90822.4838,90975.55879278941,90975.79907284808
2013-01-21,2,90821.03481,90821.79167,90955.54572284957,90955.80943449389
2013-01-22,2,91081.99787,90821.03481,90984.31546794233,90984.60498181208
2013-01-23,2,91071.51982,91081.99787,91366.6468604871,91366.92283159544
2013-01-24,2,91168.01302,91071.51982,91311.65505813895,91311.89815934714
2013-01-25,2,91284.37453,91168.01302,91379.55976483099,91379.7844802372
2013-01-26,2,91266.08415,91284.37453,91435.21608985284,91435.41948799191
2013-01-27,2,91266.38434,91266.08415,91404.39504981636,91404.59264493111
2013-01-28,2,91268.01435,91266.38434,91412.80251581545,91412.99698534231
2013-01-29,2,91210.03812,91268.01435,91469.941266026,91470.11355633683
2013-01-30,2,91126.15091,91210.03812,91384.053056802,91384.1916321908
2013-01-31,2,91101.13557,91126.15091,91276.66908749429,91276.82460989583
2013-02-01,2,90925.8804,91101.13557,91205.9827358437,91206.1723478741
2013-02-02,2,90820.84887,90925.8804,90984.28207622324,90984.45213883839
2013-02-03,2,90820.98882,90820.84887,90897.85430256484,90898.04683923654
2013-02-04,2,90820.66053,90820.98882,90906.23496268693,90906.43337502451
2013-02-05,2,90584.80122,90820.66053,90917.36854754301,90917.58654225232
2013-02-06,2,90277.86378,90584.80122,90657.1409471728,90657.35969961359
2013-02-07,2,89797.28018,90277.86378,90293.03964812786,90293.30081553449
2013-02-08,2,89667.96699,89797.28018,89710.90280520434,89711.18882579714
2013-02-09,2,89601.78435,89667.96699,89689.17039022509,89689.45757074941
2013-02-10,2,89595.8385,89601.78435,89664.50366159898,89664.77387587246
2013-02-11,2,89594.05116,89595.8385,89634.17013528793,89634.43694897575
2013-02-12,2,89407.72584,89594.05116,89603.69170889274,89603.95704784393
2013-02-13,2,89152.44127,89407.72584,89394.45574680231,89394.73357034835
2013-02-14,2,88774.11563,89152.44127,89095.03691264332,89095.35249560233
2013-02-15,2,88576.08922,88774.11563,88724.8908080353,88725.21558379271
2013-02-16,2,88583.59573,88576.08922,88585.53764002898,88585.84303458109
2013-02-17,2,88583.27665,88583.59573,88649.19674411899,88649.49116597747
2013-02-18,2,88581.4833,88583.27665,88938.7019607701,88938.89771394976
2013-02-19,2,88579.50251,88581.4833,88597.24926818807,88597.515501339
2013-02-20,2,88281.97772,88579.50251,88614.56306912897,88614.8160836876
2013-02-21,2,88118.42162,88281.97772,88233.67616682625,88233.91021766831
2013-02-22,2,88009.71581,88118.42162,88111.72736827779,88111.98855795558
2013-02-23,2,87578.70532,88009.71581,88068.03603991328,88068.28974284064
2013-02-24,2,87524.49679,87578.70532,87572.58702382268,87572.82374749
2013-02-25,2,87516.1749,87524.49679,87574.29207473627,87574.54076906067
2013-02-26,2,86351.58934,87516.1749,87592.63834192214,87592.86160159433
2013-02-27,2,85052.86076,86351.58934,86170.17504459235,86170.3592164077
2013-02-28,2,82045.44012,85052.86076,84807.90569427681,84808.09916578418
2013-03-01,2,97249.90691,82045.44012,81351.8906901638,81352.0644992695
2013-03-02,2,93655.12717,97249.90691,100649.61195877375,100649.567386462
2013-03-03,2,93647.78627,93655.12717,93286.67103365742,93286.31264877535
2013-03-04,2,93646.9643,93647.78627,93457.34917401182,93457.53020759992
2013-03-05,2,93188.04102,93646.9643,93326.59773028821,93326.95014309615
2013-03-06,2,93152.28205,93188.04102,93258.95184340686,93259.35872599276
2013-03-07,2,95505.66134,93152.28205,94176.75837847994,94177.04621191583
2013-03-08,2,95109.3684,95505.66134,99120.00913600068,99119.93559487208
2013-03-09,2,94848.83347,95109.3684,94490.40196945469,94489.25167341434
2013-03-10,2,94843.60374,94848.83347,94895.74716113276,94894.98160182447
2013-03-11,2,94840.56772,94843.60374,94929.22230903851,94928.54133017869
2013-03-12,2,94613.59299,94840.56772,95021.56228798865,95020.77937027765
2013-03-13,2,95580.13241,94613.59299,95043.05534734779,95042.13488571474
2013-03-14,2,95670.83384,95580.13241,96491.10305220302,96489.76575132231
2013-03-15,2,96507.21383,95670.83384,95546.30847707878,95546.60750306756
2013-03-16,2,96484.42688,96507.21383,96628.74847108053,96628.69437172124
2013-03-17,2,96482.71406,96484.42688,96481.8981177265,96481.87457146704
2013-03-18,2,96480.66135,96482.71406,96471.4508029369,96471.46771446141
2013-03-19,2,97163.84998,96480.66135,96554.41586881455,96554.3744715721
2013-03-20,2,97130.21231,97163.84998,97578.21487717358,97578.10746179742
2013-03-21,2,97059.58527,97130.21231,97187.26459087967,97187.32672439817
2013-03-22,2,97038.24092,97059.58527,97124.1513688972,97124.14452907749
2013-03-23,2,96767.22848,97038.24092,96967.25275371717,96967.14702196517
2013-03-24,2,96768.32436,96767.22848,96690.16528897043,96690.0334735432
2013-03-25,2,96769.28332,96768.32436,96786.89278014339,96786.71209060347
2013-03-26,2,96898.31284,96769.28332,96890.25120009517,96889.95235406558
2013-03-27,2,96781.43801,96898.31284,96917.72933967563,96917.42866498271
2013-03-28,2,96760.34274,96781.43801,96716.72331778945,96716.36589607957
2013-03-29,2,100255.8849,96760.34274,96983.12617726641,96982.68260345246
2013-03-30,2,100254.4046,100255.8849,100973.44709968248,100972.84959743955
2013-03-31,2,100258.0402,100254.4046,100200.24855073303,100200.0475649898
2013-04-01,2,100257.5504,100258.0402,100118.79276302908,100118.69407051044
2013-04-02,2,100214.2818,100257.5504,100138.97879140827,100138.97954398047
2013-04-03,2,100412.566,100214.2818,100198.28231831397,100198.23192554033
2013-04-04,2,100352.882,100412.566,100677.66069890562,100677.50259603652
2013-04-05,2,100352.4503,100352.882,100911.52790281676,100911.19494450936
2013-04-06,2,100504.1961,100352.4503,100240.87771947595,100240.35890396456
2013-04-07,2,100506.8193,100504.1961,100445.73765683567,100445.23037437051
2013-04-08,2,100509.8993,100506.8193,100419.80958312949,100419.30887962566
2013-04-09,2,100695.3277,100509.8993,100456.02845442582,100455.54108368582
2013-04-10,2,100885.1496,100695.3277,100746.81971858811,100746.30071549963
2013-04-11,2,101020.0238,100885.1496,100878.72470438588,100878.17768994813
2013-04-12,2,101394.2978,101020.0238,100906.22197425795,100906.12574643167
2013-04-13,2,101550.245,101394.2978,101363.96786546787,101363.85521871725
2013-04-14,2,101550.5672,101550.245,101458.11370909573,101458.02015220659
2013-04-15,2,101552.3243,101550.5672,101431.85073625771,101431.7630638714
2013-04-16,2,101756.1704,101552.3243,101499.7171270193,101499.61036052114
2013-04-17,2,102054.9531,101756.1704,101790.95248815254,101790.82543383725
2013-04-18,2,102176.7361,102054.9531,102094.89151778711,102094.7353767185
2013-04-19,2,102712.2854,102176.7361,102164.25493836691,102164.07116668532
2013-04-20,2,102953.6109,102712.2854,102748.20742593262,102747.9974748856
2013-04-21,2,102951.6329,102953.6109,102924.45964105194,102924.2180141404
2013-04-22,2,102952.8126,102951.6329,102879.3781847437,102879.12961051526
2013-04-23,2,103054.2508,102952.8126,102950.50196029157,102950.24522579972
2013-04-24,2,103428.6488,103054.2508,103130.3898187385,103130.09055153653
2013-04-25,2,103266.6243,103428.6488,103545.06190324893,103544.70654149578
2013-04-26,2,103679.1199,103266.6243,103283.16251836979,103282.78671530327
2013-04-27,2,103995.6013,103679.1199,103748.6810488289,103748.23973383596
2013-04-28,2,103995.9474,103995.6013,103997.04876253063,103996.73071117832
2013-04-29,2,103996.8953,103995.9474,103937.80359188671,103937.50242925005
2013-04-30,2,104266.346,103996.8953,103991.44727878107,103991.17955437636
2013-05-01,2,104725.6893,104266.346,104378.48896564721,104378.24181185826
2013-05-02,2,105346.0119,104725.6893,104812.30160274828,104812.03846001267
2013-05-03,2,105791.0204,105346.0119,105509.85317114479,105509.64199913961
2013-05-04,2,106091.7351,105791.0204,105876.70328432176,105876.47689458245
2013-05-05,2,106093.0563,106091.7351,106100.5283727566,106100.29181099749
2013-05-06,2,106094.0128,106093.0563,106056.75256125894,106056.53780608301
2013-05-07,2,106515.5168,106094.0128,106161.65938536788,106161.44388155753
2013-05-08,2,107054.2273,106515.5168,106763.87809981944,106763.63914659106
2013-05-09,2,107623.4404,107054.2273,107329.373340372,107329.04287662466
2013-05-10,2,107739.4556,107623.4404,107804.07254220924,107803.73417030333
2013-05-11,2,108150.3724,107739.4556,107768.73496366008,107768.40887677825
2013-05-12,2,108155.1707,108150.3724,108203.6259456836,108203.31503455047
2013-05-13,2,108157.4551,108155.1707,108165.69308056106,108165.39191104574
2013-05-14,2,108344.5798,108157.4551,108284.61188255125,108284.32343669374
2013-05-15,2,108564.0815,108344.5798,108566.64345175498,108566.34185412296
2013-05-16,2,109068.1292,108564.0815,108742.8281292434,108742.54665086661
2013-05-17,2,109328.7808,109068.1292,109198.4410698011,109198.1773581023
2013-05-18,2,109621.2189,109328.7808,109436.66220395545,109436.40863671512
2013-05-19,2,109621.2162,109621.2189,109671.94726742066,109671.70548883587
2013-05-20,2,109620.7296,109621.2162,109942.85834885064,109942.55081567299
2013-05-21,2,109621.0217,109620.7296,109692.02482654338,109691.85638766039
2013-05-22,2,110230.5746,109621.0217,109756.24056701033,109756.0988664347
2013-05-23,2,110289.9708,110230.5746,110505.20040953069,110505.0751629931
2013-05-24,2,110772.7745,110289.9708,110370.11638454297,110369.95953941387
2013-05-25,2,111071.8286,110772.7745,110922.59012549467,110922.44933374874
2013-05-26,2,111071.8286,111071.8286,111148.2456711162,111148.09203001558
2013-05-27,2,111078.353,111071.8286,111089.55977063139,111089.42688625735
2013-05-28,2,111047.9326,111078.353,111165.73063159328,111165.60666663463
2013-05-29,2,111075.2143,111047.9326,111248.92805538238,111248.78281482129
2013-05-30,2,111168.969,111075.2143,111196.82114532191,111196.68617546435
2013-05-31,2,111262.3993,111168.969,111327.53154296808,111327.40822192073
2013-06-01,2,111570.3341,111262.3993,111377.66380506742,111377.5524630206
2013-06-02,2,111570.3341,111570.3341,111692.11338449203,111691.99210181567
2013-06-03,2,111587.1502,111570.3341,111623.68708741062,111623.57976646385
2013-06-04,2,112270.4672,111587.1502,111673.68095385302,111673.57321926311
2013-06-05,2,112692.1853,112270.4672,112544.31081641144,112544.23685603609
2013-06-06,2,112711.0014,112692.1853,112901.36792931576,112901.27804565456
2013-06-07,2,112729.8608,112711.0014,112778.10785982819,112778.09139469698
2013-06-08,2,112655.9287,112729.8608,112806.20586914386,112806.24446754748
2013-06-09,2,112655.0205,112655.9287,112706.1469026049,112706.17184549884
2013-06-10,2,112656.4224,112655.0205,112778.53287074226,112778.56515091372
2013-06-11,2,112585.9937,112656.4224,112917.92895681162,112917.91072700778
2013-06-12,2,112467.3844,112585.9937,112804.93545862683,112804.85491013966
2013-06-13,2,112508.8946,112467.3844,112582.91242436889,112582.83718783622
2013-06-14,2,112873.3875,112508.8946,112614.94664125374,112614.89617388752
2013-06-15,2,112709.0125,112873.3875,113038.8993987273,113038.88923923747
2013-06-16,2,112709.0415,112709.0125,112797.38492683346,112797.38946869138
2013-06-17,2,112713.6538,112709.0415,112810.37985876121,112810.42390077011
2013-06-18,2,112792.1429,112713.6538,112830.32436555775,112830.44854507814
2013-06-19,2,112990.7184,112792.1429,112964.30004132456,112964.46205667705
2013-06-20,2,113229.7676,112990.7184,113200.98653680657,113201.13670418259
2013-06-21,2,113413.7342,113229.7676,113420.52474825726,113420.68277436707
2013-06-22,2,113547.2781,113413.7342,113528.12662878615,113528.25463547703
2013-06-23,2,113557.5216,113547.2781,113684.90099681304,113685.05993432987
2013-06-24,2,113557.9915,113557.5216,113670.85988672386,113671.04179338133
2013-06-25,2,113969.7904,113557.9915,113728.21135655847,113728.38050447516
2013-06-26,2,114418.4855,113969.7904,114293.60888560911,114293.7293596521
2013-06-27,2,114689.7765,114418.4855,114724.63096056897,114724.71279466586
2013-06-28,2,114912.3527,114689.7765,114884.82196858949,114884.92410741054
2013-06-29,2,111634.426,114912.3527,115079.70920051777,115079.78143026767
2013-06-30,2,111634.4236,111634.426,111183.63841539202,111183.83873936751
2013-07-01,2,111634.6007,111634.4236,112188.7933179104,112188.99896862124
2013-07-02,2,111634.8378,111634.6007,112053.79757056572,112053.98171441379
2013-07-03,2,111858.5969,111634.8378,112070.18803536278,112070.30692020687
2013-07-04,2,112404.1349,111858.5969,112155.74528110083,112155.88364679237
2013-07-05,2,112535.6838,112404.1349,112485.08230086704,112485.29562925601
2013-07-06,2,112674.2793,112535.6838,112225.67386721243,112226.03269325374
2013-07-07,2,112705.0332,112674.2793,112888.90295784,112889.45439189966
2013-07-08,2,112707.3049,112705.0332,112892.48292138413,112893.0336797997
2013-07-09,2,113161.3481,112707.3049,112936.53124715567,112937.11285951435
2013-07-10,2,113237.8102,113161.3481,113547.02526374384,113547.60439041152
2013-07-11,2,113465.2194,113237.8102,113533.92463335271,113534.48083530916
2013-07-12,2,113660.7627,113465.2194,113653.90104244465,113654.4467291915
2013-07-13,2,113877.506,113660.7627,113899.59969295531,113899.73815570638
2013-07-14,2,113875.9067,113877.506,114107.40921574962,114107.53012618223
2013-07-15,2,113877.7631,113875.9067,114075.73860285657,114075.85341204819
2013-07-16,2,114032.0209,113877.7631,114157.28231124608,114157.3781989521
2013-07-17,2,114050.8257,114032.0209,114315.09108838554,114315.1674540852
2013-07-18,2,114227.3757,114050.8257,114291.97705008856,114292.1022548488
2013-07-19,2,114424.9926,114227.3757,114439.39881109171,114439.52405336198
2013-07-20,2,114354.0753,114424.9926,114625.70764926457,114625.82569014253
2013-07-21,2,114355.2502,114354.0753,114476.25306876103,114476.37668337865
2013-07-22,2,114356.854,114355.2502,114490.10326896029,114490.25078807652
2013-07-23,2,114356.1104,114356.854,114535.04226286919,114535.2434036456
2013-07-24,2,114351.6215,114356.1104,114559.34456766848,114559.54693757878
2013-07-25,2,114369.8542,114351.6215,114543.63577762715,114543.87870979798
2013-07-26,2,114422.8593,114369.8542,114508.72190081318,114509.00401877244
2013-07-27,2,119172.6554,114422.8593,114539.3514908841,114539.6741254125
2013-07-28,2,119173.8567,119172.6554,120221.77990037046,120222.00583024029
2013-07-29,2,119175.0497,119173.8567,119216.64333716052,119216.77023002948
2013-07-30,2,119118.5208,119175.0497,119077.93064844728,119078.20309227721
2013-07-31,2,119183.8333,119118.5208,119040.08146804104,119040.39464477911
2013-08-01,2,119276.6741,119183.8333,119248.79760859873,119249.0950171673
2013-08-02,2,119462.8967,119276.6741,119612.16740415832,119612.36411956114
2013-08-03,2,119868.1225,119462.8967,120316.95630167483,120316.9450168638
2013-08-04,2,119869.8083,119868.1225,119985.39828307962,119985.12042142784
2013-08-05,2,119862.3483,119869.8083,119877.99142215183,119877.73754861532
2013-08-06,2,119863.8375,119862.3483,119877.6385669184,119877.40406681586
2013-08-07,2,120075.5677,119863.8375,119932.31418790744,119932.0745601452
2013-08-08,2,119760.2629,120075.5677,120168.59921293266,120168.36852997344
2013-08-09,2,119958.4282,119760.2629,119743.35773419759,119743.1267064948
2013-08-10,2,120206.805,119958.4282,119950.67621998553,119950.97365177065
2013-08-11,2,120332.1893,120206.805,120149.70855322067,120149.9633798612
2013-08-12,2,120333.6898,120332.1893,120228.63924503811,120228.88785073867
2013-08-13,2,120505.0624,120333.6898,120220.10500556881,120220.32879290736
2013-08-14,2,120909.3875,120505.0624,120449.22596114069,120449.42525590668
2013-08-15,2,120998.469,120909.3875,120810.98833132052,120811.16422890886
2013-08-16,2,121135.1922,120998.469,120862.92040043989,120863.08716609718
2013-08-17,2,121318.3092,121135.1922,120988.66470099434,120988.8272730249
2013-08-18,2,121326.0702,121318.3092,121156.21815466679,121156.32255253705
2013-08-19,2,121327.9281,121326.0702,121110.32336833887,121110.37114924745
2013-08-20,2,121119.1062,121327.9281,121168.93881101237,121168.91766415804
2013-08-21,2,121235.0238,121119.1062,120969.66302287314,120969.58172531513
2013-08-22,2,120822.0069,121235.0238,121074.07721538743,121073.87122196572
2013-08-23,2,120888.9175,120822.0069,120535.13695048013,120534.8829988194
2013-08-24,2,120834.5923,120888.9175,120690.08087600747,120689.76365367213
2013-08-25,2,120834.6531,120834.5923,120598.56623646102,120598.15330602226
2013-08-26,2,120833.5098,120834.6531,120542.90158267548,120542.66179829801
2013-08-27,2,120860.3355,120833.5098,120532.73576937457,120532.5016117125
2013-08-28,2,120910.8067,120860.3355,120595.79147571721,120595.59052292776
2013-08-29,2,120841.6096,120910.8067,120556.23062184785,120556.03023543843
2013-08-30,2,120736.7581,120841.6096,120476.71096794374,120476.53251272146
2013-08-31,2,118956.4292,120736.7581,120347.75185850199,120347.57275931546
2013-09-01,2,118639.929,118956.4292,118288.07469256944,118287.94369380706
2013-09-02,2,118639.5273,118639.929,118573.7956513312,118573.59371383904
2013-09-03,2,118649.2928,118639.5273,118375.1141029456,118374.91209772584
2013-09-04,2,118530.5251,118649.2928,118391.77087282679,118391.5268514534
2013-09-05,2,118182.8162,118530.5251,118134.45743034937,118134.16525477085
2013-09-06,2,118367.1291,118182.8162,117582.24325353389,117582.00828393042
2013-09-07,2,116846.4903,118367.1291,117721.46495902931,117721.284743488
2013-09-08,2,116843.4708,116846.4903,116148.65826656754,116148.55136816678
2013-09-09,2,116838.5982,116843.4708,116450.26237547764,116450.18575830464
2013-09-10,2,116170.6498,116838.5982,116466.06808736833,116465.92751075378
2013-09-11,2,115497.6513,116170.6498,115664.69410921096,115664.52546377797
2013-09-12,2,115218.132,115497.6513,114909.97360258999,114909.82802151411
2013-09-13,2,114552.4889,115218.132,114649.02646664428,114648.90807968796
2013-09-14,2,114136.2865,114552.4889,113810.89373172841,113810.59165634328
2013-09-15,2,114020.7362,114136.2865,113668.17664122903,113667.90863245848
2013-09-16,2,114019.9845,114020.7362,113540.81095767127,113540.54449888528
2013-09-17,2,113314.2727,114019.9845,113476.2342025226,113475.98665759606
2013-09-18,2,112738.2538,113314.2727,112682.66887533813,112682.46084925612
2013-09-19,2,112509.3181,112738.2538,112132.67102559892,112132.49861744122
2013-09-20,2,112180.8824,112509.3181,111896.91866420506,111896.81836844615
2013-09-21,2,111759.2333,112180.8824,111644.11877886296,111643.86130126931
2013-09-22,2,111758.5802,111759.2333,111249.88721214891,111249.64531202486
2013-09-23,2,111759.2545,111758.5802,111279.38147626343,111279.16220185891
2013-09-24,2,111515.4211,111759.2545,111221.0363498082,111220.76363191628
2013-09-25,2,110577.5611,111515.4211,111016.09915706313,111015.8093636126
2013-09-26,2,106864.9901,110577.5611,109976.58694262693,109976.33022259868
2013-09-27,2,106550.9954,106864.9901,105741.84754905963,105741.5748574746
2013-09-28,2,106389.7064,106550.9954,106151.89941504823,106151.689940015
2013-09-29,2,106391.5417,106389.7064,106176.48822241015,106176.20642481696
2013-09-30,2,106392.0417,106391.5417,106060.61717760403,106060.29485808351
2013-10-01,2,105888.1025,106392.0417,105886.33072356615,105885.98931045498
2013-10-02,2,104901.1728,105888.1025,105064.84120906489,105064.58869464434
2013-10-03,2,104242.9781,104901.1728,103801.89685370566,103801.87161687163
2013-10-04,2,103500.5445,104242.9781,103758.30028318519,103758.4812372765
2013-10-05,2,103084.4799,103500.5445,103075.05885978424,103075.18556297451
2013-10-06,2,103084.4799,103084.4799,102758.32132204044,102758.4532636101
2013-10-07,2,103087.3345,103084.4799,102710.33426095023,102710.45217239362
2013-10-08,2,102620.6479,103087.3345,102626.90027117718,102627.02482943058
2013-10-09,2,102389.8406,102620.6479,102064.86181867732,102064.96979899995
2013-10-10,2,102029.697,102389.8406,101954.58153426685,101954.38313612228
2013-10-11,2,101656.598,102029.697,101546.9937986343,101546.83384561478
2013-10-12,2,101421.2519,101656.598,101275.40949872474,101275.28524428315
2013-10-13,2,101420.0276,101421.2519,101118.27984511074,101118.17138876482
2013-10-14,2,101419.4553,101420.0276,101433.22834398043,101433.03629438736
2013-10-15,2,101421.1342,101419.4553,101089.4188494698,101089.2862651416
2013-10-16,2,101084.4748,101421.1342,101183.94343357859,101183.75666207021
2013-10-17,2,100702.2987,101084.4748,100728.8498001272,100728.63878559902
2013-10-18,2,100694.5031,100702.2987,100321.16249072067,100320.9319155452
2013-10-19,2,100438.1599,100694.5031,100469.5259621959,100469.29670641443
2013-10-20,2,100439.9676,100438.1599,100232.11798945723,100231.90410602171
2013-10-21,2,100441.2788,100439.9676,100267.45740796268,100267.27198056836
2013-10-22,2,100050.6518,100441.2788,100305.22609920127,100305.01861740764
2013-10-23,2,99904.20685,100050.6518,99856.56779076453,99856.3836884134
2013-10-24,2,99885.51286,99904.20685,99782.37706207411,99782.24295897609
2013-10-25,2,99707.89774,99885.51286,99816.15541065903,99816.03031005056
2013-10-26,2,99511.15908,99707.89774,99459.93881853693,99459.73869083307
2013-10-27,2,99406.0677,99511.15908,99302.4074193539,99302.23122781097
2013-10-28,2,99407.08257,99406.0677,99188.75682602286,99188.60474032492
2013-10-29,2,99067.53916,99407.08257,99213.70051525236,99213.57746774533
2013-10-30,2,98884.08129,99067.53916,98917.24124883833,98917.11610832074
2013-10-31,2,98801.71046,98884.08129,98744.98813764696,98744.8565101765
2013-11-01,2,98710.58708,98801.71046,98595.50238629873,98595.39191877907
2013-11-02,2,98650.57844,98710.58708,98512.56888776785,98512.44019927431
2013-11-03,2,98647.27138,98650.57844,98461.37332663966,98461.25488461819
2013-11-04,2,98647.24779,98647.27138,98442.6359459015,98442.53403939765
2013-11-05,2,98565.63112,98647.24779,98442.75041429405,98442.62228171817
2013-11-06,2,98370.1941,98565.63112,98425.86649833401,98425.75271245065
2013-11-07,2,98345.54197,98370.1941,98181.5786789709,98181.48457589085
2013-11-08,2,98839.00972,98345.54197,98154.6536883306,98154.56103636982
2013-11-09,2,98571.37753,98839.00972,98767.2455029411,98767.11011061736
2013-11-10,2,98539.96138,98571.37753,98356.34313553946,98356.18850761621
2013-11-11,2,98539.56295,98539.96138,98334.02080426824,98333.89246748878
2013-11-12,2,98517.64641,98539.56295,98365.9503264264,98365.7882558525
2013-11-13,2,98433.78363,98517.64641,98391.74540099701,98391.56798511244
2013-11-14,2,98407.17162,98433.78363,98330.75182317816,98330.58405503006
2013-11-15,2,98371.64985,98407.17162,98302.77830718839,98302.59685494583
2013-11-16,2,98292.67046,98371.64985,98151.66622792071,98151.45331570605
2013-11-17,2,98292.40562,98292.67046,98129.13490874809,98128.94522222884
2013-11-18,2,98293.60991,98292.40562,98134.08135951948,98133.9010312726
2013-11-19,2,98714.59286,98293.60991,98164.79291109335,98164.60614985372
2013-11-20,2,97478.12536,98714.59286,98699.80147570127,98699.58452067302
2013-11-21,2,97233.56695,97478.12536,97098.4654920746,97098.25438327744
2013-11-22,2,97254.80604,97233.56695,96982.0502574406,96981.95147962122
2013-11-23,2,97335.98399,97254.80604,97106.34172072838,97106.1975014603
2013-11-24,2,97334.27416,97335.98399,97237.1151755843,97236.95008746721
2013-11-25,2,97340.6515,97334.27416,97189.84515747134,97189.68262569398
2013-11-26,2,97500.10138,97340.6515,97176.22442563629,97176.07737640676
2013-11-27,2,97385.42102,97500.10138,97211.63734859676,97211.51115318736
2013-11-28,2,97344.50042,97385.42102,97211.4057679757,97211.37044843766
2013-11-29,2,97398.04262,97344.50042,97187.03594098275,97187.02079080057
2013-11-30,2,97440.74363,97398.04262,97278.50506715877,97278.46689694271
2013-12-01,2,97431.74376,97440.74363,97321.97091847972,97321.92301241183
2013-12-02,2,97432.04505,97431.74376,97301.59518706775,97301.54651043334
2013-12-03,2,97134.47871,97432.04505,97327.68649575295,97327.67964188963
2013-12-04,2,97063.67879,97134.47871,96985.20692479941,96985.05260562677
2013-12-05,2,96941.64195,97063.67879,96957.73744010468,96957.57741662773
2013-12-06,2,96579.75039,96941.64195,96808.59436618246,96808.43574811806
2013-12-07,2,96084.15771,96579.75039,96401.68529153985,96401.52239522428
2013-12-08,2,96184.36946,96084.15771,95870.32232530047,95870.165904255
2013-12-09,2,96185.08714,96184.36946,96069.08155825708,96068.94187645378
2013-12-10,2,96863.56333,96185.08714,96052.97073559888,96052.84954240387
2013-12-11,2,96828.15009,96863.56333,96927.68155731887,96927.55176824596
2013-12-12,2,96760.35368,96828.15009,96684.59138647662,96684.47847059918
2013-12-13,2,96362.2409,96760.35368,96518.1957429412,96518.15967827705
2013-12-14,2,96486.26552,96362.2409,96102.24718717081,96102.28090025748
2013-12-15,2,96508.9108,96486.26552,96479.27419820779,96479.33570486716
2013-12-16,2,96508.88142,96508.9108,96512.49173063267,96512.52080586403
2013-12-17,2,96347.64653,96508.88142,96601.84334857867,96601.80943051194
2013-12-18,2,96261.03859,96347.64653,96295.75435125928,96295.68317050954
2013-12-19,2,95604.45299,96261.03859,96182.09135060829,96182.05240538997
2013-12-20,2,95559.07153,95604.45299,95315.9310042696,95315.86272191489
2013-12-21,2,95751.17714,95559.07153,95502.97929452902,95502.88367587212
2013-12-22,2,95651.87276,95751.17714,95740.69760044111,95740.58269377927
2013-12-23,2,95652.58953,95651.87276,95556.5341278978,95556.42212583362
2013-12-24,2,96116.71928,95652.58953,95547.05680249714,95547.04611765489
2013-12-25,2,95856.51351,96116.71928,96442.58892634699,96442.49615512589
2013-12-26,2,95856.51351,95856.51351,95968.40596084828,95968.34832042901
2013-12-27,2,95856.69533,95856.51351,95786.66518645079,95786.72484354806
2013-12-28,2,95838.55321,95856.69533,95827.64863074917,95827.71530908656
2013-12-29,2,95838.49111,95838.55321,95787.06480454284,95787.12213942732
2013-12-30,2,95838.49111,95838.49111,95827.59795088037,95827.66233605823
2013-12-31,2,95881.21867,95838.49111,95890.765163756,95890.79891726458
2014-01-01,2,95890.39774,95881.21867,96189.5245237232,96189.36758949599
2014-01-02,2,95885.39774,95890.39774,95892.89947586179,95892.78527068312
2014-01-03,2,95943.87526,95885.39774,95843.80084990553,95843.69644940761
2014-01-04,2,95957.94291,95943.87526,95916.43347188244,95916.35042368805
2014-01-05,2,95957.94291,95957.94291,95940.75156987394,95940.6550481205
2014-01-06,2,95958.26762,95957.94291,95936.1532056441,95936.05856959647
2014-01-07,2,96208.39229,95958.26762,95957.58829257867,95957.54201924142
2014-01-08,2,96301.80289,96208.39229,96282.57716058391,96282.48264062777
2014-01-09,2,96618.6283,96301.80289,96306.93964666467,96306.85017611338
2014-01-10,2,95408.08392,96618.6283,96624.52339199932,96624.44271838473
2014-01-11,2,95373.16595,95408.08392,95105.72210301193,95105.6661739051
2014-01-12,2,95574.07874,95373.16595,95313.5973655317,95313.57697932133
2014-01-13,2,95574.48783,95574.07874,95605.86114041871,95605.80884057391
2014-01-14,2,95520.60754,95574.48783,95629.87710576391,95629.79904896946
2014-01-15,2,95564.81258,95520.60754,95533.89546180774,95533.80772200332
2014-01-16,2,95463.87074,95564.81258,95507.21090381446,95507.14955583296
2014-01-17,2,95445.08601,95463.87074,95185.28465024268,95185.27765011942
2014-01-18,2,95545.94456,95445.08601,95438.41966862867,95438.48592010005
2014-01-19,2,95540.22912,95545.94456,95599.26691019886,95599.31243938167
2014-01-20,2,95539.33206,95540.22912,95519.46941451276,95519.4978405221
2014-01-21,2,95555.49521,95539.33206,95531.35434243549,95531.40698928134
2014-01-22,2,95573.36411,95555.49521,95583.79111886755,95583.84644736901
2014-01-23,2,95716.85393,95573.36411,95542.40555546175,95542.50454005106
2014-01-24,2,95908.37566,95716.85393,95716.4126893803,95716.37594796353
2014-01-25,2,95871.92739,95908.37566,95935.29862232307,95935.23908163869
2014-01-26,2,95940.9181,95871.92739,95833.32734307679,95833.28055015655
2014-01-27,2,95941.54153,95940.9181,95911.17985590675,95911.14008047365
2014-01-28,2,95977.74938,95941.54153,95933.28035378442,95933.22485118249
2014-01-29,2,96030.15181,95977.74938,96017.22525178314,96017.15993961733
2014-01-30,2,96021.85667,96030.15181,96063.56312918323,96063.47803096751
2014-01-31,2,96048.42097,96021.85667,95991.55284398799,95991.45553750181
2014-02-01,2,96129.94413,96048.42097,95995.56917456423,95995.47554055456
2014-02-02,2,96140.39801,96129.94413,96112.68215243332,96112.5844711359
2014-02-03,2,96140.79232,96140.39801,96089.37690569504,96089.27764738095
2014-02-04,2,95872.60991,96140.79232,96117.77267678075,96117.67268578729
2014-02-05,2,95603.40466,95872.60991,95823.82711413925,95823.72968276485
2014-02-06,2,95629.65127,95603.40466,95509.59300430941,95509.53492502612
2014-02-07,2,95784.66775,95629.65127,95568.5708298292,95568.54556064721
2014-02-08,2,95656.55543,95784.66775,95770.91213755672,95770.86817282856
2014-02-09,2,95673.67855,95656.55543,95556.4283382299,95556.37333002512
2014-02-10,2,95673.88506,95673.67855,95563.77149266895,95563.73087992315
2014-02-11,2,95515.70551,95673.88506,95550.20676071223,95550.18212118984
2014-02-12,2,95501.51469,95515.70551,95421.5188640896,95421.52182841084
2014-02-13,2,95955.58913,95501.51469,95462.41396843997,95462.43453596027
2014-02-14,2,95741.20335,95955.58913,95969.18626008937,95969.18830010922
2014-02-15,2,95443.55877,95741.20335,95586.37467064512,95586.36321747233
2014-02-16,2,95412.70857,95443.55877,95289.32677579735,95289.34134758009
2014-02-17,2,95412.66245,95412.70857,95615.48491310107,95615.4108127114
2014-02-18,2,95403.70747,95412.66245,95335.66257348242,95335.63223840068
2014-02-19,2,95411.58991,95403.70747,95407.62935625916,95407.55004660547
2014-02-20,2,95497.54226,95411.58991,95404.72593105288,95404.63694892038
2014-02-21,2,95447.36786,95497.54226,95336.3288424125,95336.24295620719
2014-02-22,2,95453.60266,95447.36786,95284.11655795047,95284.03532375293
2014-02-23,2,95453.42337,95453.60266,95362.53598263387,95362.47676964733
2014-02-24,2,95453.83467,95453.42337,95359.03346803608,95358.97463616866
2014-02-25,2,95783.73372,95453.83467,95389.50645300529,95389.42010566378
2014-02-26,2,95768.50299,95783.73372,95820.03365860527,95819.9270285262
2014-02-27,2,95070.00346,95768.50299,95698.58839377761,95698.53135046361
2014-02-28,2,95179.26427,95070.00346,94804.23749494323,94804.18330311195
2014-10-01,2,106155.7807,95179.26427,95415.77985467328,95416.23677789747
2014-10-02,2,105425.9639,106155.7807,108812.22180673225,108812.52776852273
2014-10-03,2,104993.6192,105425.9639,105562.88385500338,105562.97737865307
2014-10-04,2,104519.6614,104993.6192,104855.12344061123,104855.55859267454
2014-10-05,2,104519.8069,104519.6614,104298.60408760657,104299.15986182485
2014-10-06,2,104522.5879,104519.8069,104696.65342941064,104697.16640669396
2014-10-07,2,104390.0454,104522.5879,105587.4392944928,105587.69023201014
2014-10-08,2,104238.9785,104390.0454,106513.77655964391,106513.56096478015
2014-10-09,2,104023.1868,104238.9785,104112.7159032266,104111.87020585271
2014-10-10,2,103866.1399,104023.1868,103913.72631693118,103913.02310952214
2014-10-11,2,103759.1909,103866.1399,103812.41846273084,103811.84016120924
2014-10-12,2,103758.9491,103759.1909,103810.97373308621,103810.44800588909
2014-10-13,2,103758.6962,103758.9491,104144.94250296902,104144.25834774307
2014-10-14,2,103758.3644,103758.6962,103819.05095797018,103818.47941458937
2014-10-15,2,103605.7663,103758.3644,103616.03943912577,103616.75408202951
2014-10-16,2,103155.6173,103605.7663,103409.80482312368,103410.46045298442
2014-10-17,2,102944.2645,103155.6173,102884.6046214592,102885.23565626953
2014-10-18,2,102928.4548,102944.2645,102758.02827591257,102758.59337975658
2014-10-19,2,102928.5061,102928.4548,102812.64137117313,102813.15617132914
2014-10-20,2,102930.0362,102928.5061,102799.3731274838,102799.83074152976
2014-10-21,2,103040.3494,102930.0362,102799.12486207957,102799.50712265715
2014-10-22,2,102803.8048,103040.3494,102908.00051779905,102908.30684670397
2014-10-23,2,102670.8298,102803.8048,102546.68571521243,102546.93757602977
2014-10-24,2,102552.2124,102670.8298,102446.16246184865,102446.36656616666
2014-10-25,2,102773.1929,102552.2124,102376.67366282978,102376.77890146397
2014-10-26,2,102772.5195,102773.1929,102673.23998718662,102673.22491182268
2014-10-27,2,102771.7777,102772.5195,102612.28178127686,102612.14856014184
2014-10-28,2,105240.384,102771.7777,102616.07707637831,102615.82786172813
2014-10-29,2,105046.0797,105240.384,105467.9936943971,105467.49640995743
2014-10-30,2,104902.0643,105046.0797,104734.13481861535,104733.41242643257
2014-10-31,2,104905.5001,104902.0643,104440.72503346323,104440.36756670235
2014-11-01,2,102823.4104,104905.5001,104514.61730372079,104514.27399360153
2014-11-02,2,102823.5062,102823.4104,102100.61375513888,102100.30009868252
2014-11-03,2,102824.2097,102823.5062,102673.081747842,102672.75593304247
2014-11-04,2,102812.1739,102824.2097,102970.01427116733,102969.53923655777
2014-11-05,2,102653.6455,102812.1739,102526.80956032319,102526.15386538475
2014-11-06,2,102838.5512,102653.6455,102274.40198120488,102273.79348967048
2014-11-07,2,102722.8688,102838.5512,102396.56397335396,102396.02135026375
2014-11-08,2,104056.6379,102722.8688,102075.07745126939,102074.65368821225
2014-11-09,2,104060.6153,104056.6379,104034.03068716216,104033.69057808262
2014-11-10,2,104061.1947,104060.6153,103747.69802829265,103747.32391879172
2014-11-11,2,103943.9608,104061.1947,103678.58182831678,103678.52399662537
2014-11-12,2,104058.4046,103943.9608,103570.57900513007,103570.50891352631
2014-11-13,2,104059.2481,104058.4046,103785.47676156287,103785.38684068216
2014-11-14,2,103676.9385,104059.2481,103770.11584417647,103769.98426406053
2014-11-15,2,103705.5991,103676.9385,103529.13284300055,103528.71299441514
2014-11-16,2,103705.359,103705.5991,103407.27400834097,103406.77267514335
2014-11-17,2,103706.4482,103705.359,103398.23097009539,103397.72023436398
2014-11-18,2,103546.4856,103706.4482,103420.75833545112,103420.23682398126
2014-11-19,2,102616.4388,103546.4856,103281.02447296104,103280.48241589274
2014-11-20,2,102527.9648,102616.4388,102121.15576167549,102120.67651358528
2014-11-21,2,102535.1188,102527.9648,102134.39631630294,102133.94026076507
2014-11-22,2,102504.6372,102535.1188,102236.21041037107,102235.89095636173
2014-11-23,2,102460.4898,102504.6372,102196.34258399293,102195.99489527068
2014-11-24,2,102462.1742,102460.4898,102098.25524920663,102097.90955628704
2014-11-25,2,102474.9089,102462.1742,102065.85155784231,102065.50836454106
2014-11-26,2,102330.0985,102474.9089,102055.60812997355,102055.308284197
2014-11-27,2,101700.9192,102330.0985,101988.44548502995,101988.22533910479
2014-11-28,2,101667.0155,101700.9192,101243.20761244747,101242.9605373555
2014-11-29,2,101521.6334,101667.0155,101334.4718020683,101334.24471207082
2014-11-30,2,101511.8758,101521.6334,101202.35624434204,101202.12200782193
2014-12-01,2,101512.2602,101511.8758,101184.69484064977,101184.44683743661
2014-12-02,2,101075.4205,101512.2602,101186.22852083763,101185.95108669788
2014-12-03,2,100517.4727,101075.4205,100656.9713425735,100656.58676874239
2014-12-04,2,100120.1823,100517.4727,100006.8541425273,100006.50204151918
2014-12-05,2,99554.71523,100120.1823,99705.97794232404,99705.66646121172
2014-12-06,2,99536.4892,99554.71523,99114.80137366503,99114.46867153572
2014-12-07,2,99551.07571,99536.4892,99225.74694121751,99225.40767196607
2014-12-08,2,99551.79923,99551.07571,99192.22545511893,99191.89459482813
2014-12-09,2,99953.20257,99551.79923,99131.37534256087,99131.07890101313
2014-12-10,2,99991.89306,99953.20257,99634.82359264283,99634.56374554904
2014-12-11,2,99966.01331,99991.89306,99614.91110545787,99614.64445345255
2014-12-12,2,99990.7995,99966.01331,99548.46438442152,99548.2683008921
2014-12-13,2,99268.19811,99990.7995,99706.28805208468,99706.11748271817
2014-12-14,2,99268.60813,99268.19811,98856.32083368959,98856.15359372766
2014-12-15,2,99269.02312,99268.60813,99020.55346215784,99020.40269734904
2014-12-16,2,98848.93744,99269.02312,99117.67322562922,99117.43778023856
2014-12-17,2,98715.82578,98848.93744,98591.13920880122,98590.80743871449
2014-12-18,2,98572.14495,98715.82578,98462.13980880013,98461.79501624012
2014-12-19,2,98635.0418,98572.14495,98225.26502900019,98224.87001947925
2014-12-20,2,98507.85487,98635.0418,98277.99423580604,98277.62803092661
2014-12-21,2,98552.62299,98507.85487,98252.27156356539,98251.96027099917
2014-12-22,2,98552.6011,98552.62299,98294.98014395725,98294.69542128386
2014-12-23,2,98194.16097,98552.6011,98267.61261975451,98267.40132235411
2014-12-24,2,98239.76973,98194.16097,97933.28338867603,97933.11570455004
2014-12-25,2,98049.32145,98239.76973,98368.9259223289,98368.70402534149
2014-12-26,2,98049.33602,98049.32145,98128.77969965004,98128.5790440878
2014-12-27,2,98047.47358,98049.33602,97827.2537573301,97827.06323510077
2014-12-28,2,98057.04013,98047.47358,97863.57913045771,97863.40308761314
2014-12-29,2,98057.04914,98057.04013,97840.75040786555,97840.59294705982
2014-12-30,2,98116.68054,98057.04914,97850.53248675076,97850.35205238237
2014-12-31,2,98243.47862,98116.68054,98025.57947942887,98025.41597153342
2015-01-01,2,98343.49626,98243.47862,98418.76707047128,98418.43514191611
2015-01-02,2,98343.69374,98343.49626,98164.4332693404,98164.21661251732
2015-01-03,2,98684.73359,98343.69374,98140.99412305198,98140.7600387155
2015-01-04,2,98684.84818,98684.73359,98553.99295527994,98553.75001782722
2015-01-05,2,98685.22039,98684.84818,98482.42458814822,98482.17579403985
2015-01-06,2,98917.39578,98685.22039,98526.84374951835,98526.55502408528
2015-01-07,2,99548.91245,98917.39578,98843.09089093216,98842.78932132908
2015-01-08,2,99601.00088,99548.91245,99509.47274810038,99509.12701537351
2015-01-09,2,97724.39232,99601.00088,99399.84517063074,99399.49541866686
2015-01-10,2,97711.27485,97724.39232,97179.57753191314,97179.28716761673
2015-01-11,2,97752.80457,97711.27485,97504.85864252671,97504.6124798217
2015-01-12,2,97753.03643,97752.80457,97624.1138348346,97623.81301877584
2015-01-13,2,97890.22511,97753.03643,97700.7677137947,97700.43458045337
2015-01-14,2,97923.04165,97890.22511,97851.46670019557,97851.1209129813
2015-01-15,2,98087.29608,97923.04165,97614.35187067154,97614.03705228849
2015-01-16,2,97964.66565,98087.29608,97602.38180193928,97602.16259286639
2015-01-17,2,97987.57325,97964.66565,97780.19574057657,97780.1371034391
2015-01-18,2,97988.1686,97987.57325,97848.64897099628,97848.59082552268
2015-01-19,2,97988.33506,97988.1686,97842.3618910614,97842.29496922514
2015-01-20,2,98114.97025,97988.33506,97883.2540281125,97883.19843474598
2015-01-21,2,98169.86733,98114.97025,98033.75411866531,98033.74606750062
2015-01-22,2,98432.08249,98169.86733,98042.39538444497,98042.38360212378
2015-01-23,2,98610.09154,98432.08249,98288.99590502423,98288.7587563339
2015-01-24,2,98747.01518,98610.09154,98478.49910498118,98478.24933547084
2015-01-25,2,98748.58344,98747.01518,98601.54006090909,98601.28311878114
2015-01-26,2,98747.82416,98748.58344,98568.3949792064,98568.1356977257
2015-01-27,2,98712.27768,98747.82416,98609.69746858136,98609.44014916128
2015-01-28,2,99166.78843,98712.27768,98599.8577376606,98599.57551651547
2015-01-29,2,99198.63929,99166.78843,99149.70063152099,99149.41645998803
2015-01-30,2,99119.99639,99198.63929,99027.7025972146,99027.37011861484
2015-01-31,2,99192.06321,99119.99639,98901.76308762295,98901.4275118479
2015-02-01,2,99191.70421,99192.06321,98986.22004236277,98985.88743828342
2015-02-02,2,99192.21778,99191.70421,98974.3575019227,98974.02848988684
2015-02-03,2,99097.64021,99192.21778,99023.3096769841,99022.98669537423
2015-02-04,2,99085.61173,99097.64021,98993.88452187176,98993.55304030658
2015-02-05,2,99105.7538,99085.61173,98874.38243805051,98874.0706040709
2015-02-06,2,99070.06623,99105.7538,98848.49654936192,98848.22855160112
2015-02-07,2,98567.61368,99070.06623,98836.8143100992,98836.57777666133
2015-02-08,2,98496.31345,98567.61368,98225.36724917359,98225.13008718859
2015-02-09,2,98496.54472,98496.31345,98226.06360177427,98225.83889334285
2015-02-10,2,98403.18658,98496.54472,98269.64761295455,98269.39930952183
2015-02-11,2,98438.86853,98403.18658,98193.87710762823,98193.66715259495
2015-02-12,2,98435.60356,98438.86853,98204.22841374618,98204.02987892798
2015-02-13,2,98395.4201,98435.60356,98115.43954152189,98115.24184372237
2015-02-14,2,98439.24122,98395.4201,98035.55926994958,98035.3870564451
2015-02-15,2,98439.24217,98439.24122,98189.77880309161,98189.62743027059
2015-02-16,2,98439.27876,98439.24217,98500.5088219412,98500.25880962647
2015-02-17,2,98428.19801,98439.27876,98196.5533349227,98196.36851473314
2015-02-18,2,98434.83241,98428.19801,98229.2416945782,98229.03718407647
2015-02-19,2,98486.71661,98434.83241,98193.55155064104,98193.3445298556
2015-02-20,2,98462.27263,98486.71661,98208.88181809752,98208.66453248583
2015-02-21,2,98827.08134,98462.27263,98194.78724901455,98194.50668831277
2015-02-22,2,98797.14201,98827.08134,98627.52023572667,98627.20772184066
2015-02-23,2,98797.24298,98797.14201,98504.88991082022,98504.56691599473
2015-02-24,2,98886.42254,98797.24298,98528.04357640553,98527.70946014852
2015-02-25,2,98955.81617,98886.42254,98668.38416844097,98668.04056545805
2015-02-26,2,98994.75064,98955.81617,98697.75113654997,98697.38370189512
2015-02-27,2,99101.54533,98994.75064,98693.79898262392,98693.42293123543
2015-02-28,2,96511.58118,99101.54533,98861.06925062533,98860.68053308025
2015-03-01,2,96534.22777,96511.58118,95660.41035013009,95660.0113937251
2015-03-02,2,96534.25822,96534.22777,96199.20201925967,96198.88089893681
2015-03-03,2,96745.69433,96534.25822,96295.10433874949,96294.70962401226
2015-03-04,2,96809.20535,96745.69433,96562.59191887034,96562.15676704302
2015-03-05,2,96708.90687,96809.20535,96472.38732359133,96471.97463103788
2015-03-06,2,96700.69753,96708.90687,96143.556224373,96143.22337050851
2015-03-07,2,96649.48235,96700.69753,95932.54074336562,95932.36816005885
2015-03-08,2,96657.32922,96649.48235,96382.36643678584,96382.35166097074
2015-03-09,2,96658.37693,96657.32922,96405.34712096752,96405.3142669665
2015-03-10,2,96760.10175,96658.37693,96449.86414321046,96449.8145039464
2015-03-11,2,96763.03234,96760.10175,96554.28998601524,96554.21366116763
2015-03-12,2,96806.43794,96763.03234,96478.02379983224,96477.9472896173
2015-03-13,2,96750.28325,96806.43794,96495.84215297663,96495.78788373696
2015-03-14,2,96788.57556,96750.28325,96478.05332802987,96477.69319251084
2015-03-15,2,96785.54113,96788.57556,96558.5237105477,96558.16199563263
2015-03-16,2,96786.34905,96785.54113,96545.49661292168,96545.12922161462
2015-03-17,2,96801.788,96786.34905,96581.95634495551,96581.60286676153
2015-03-18,2,96811.44481,96801.788,96613.17581857188,96612.81510274555
2015-03-19,2,96704.09106,96811.44481,96595.36942111973,96595.00317398788
2015-03-20,2,96965.43026,96704.09106,96415.92166510143,96415.56793698776
2015-03-21,2,97276.61136,96965.43026,96779.35138558378,96778.99031412537
2015-03-22,2,97278.13087,97276.61136,97107.22993819152,97106.85332365503
2015-03-23,2,97278.97047,97278.13087,97035.39435678764,97035.03264020829
2015-03-24,2,97191.99032,97278.97047,97063.50124319732,97063.17230911147
2015-03-25,2,97166.86393,97191.99032,97002.78767017904,97002.47218801772
2015-03-26,2,96953.80007,97166.86393,96986.7806517842,96986.49221201222
2015-03-27,2,96934.14243,96953.80007,96783.19804923217,96782.92256944774
2015-03-28,2,96868.82893,96934.14243,96811.05356695627,96810.77277164583
2015-03-29,2,96868.65148,96868.82893,96713.34642486386,96713.06338096249
2015-03-30,2,96869.2975,96868.65148,96655.82856995768,96655.51805785023
2015-03-31,2,96892.08081,96869.2975,96674.34918899511,96674.0432007293
2015-04-01,2,96735.58232,96892.08081,96738.62553477407,96738.33288756917
2015-04-02,2,96979.18523,96735.58232,96508.83100963668,96508.56250420345
2015-04-03,2,96987.6524,96979.18523,97146.69530360005,97146.38983409523
2015-04-04,2,96987.51348,96987.6524,96797.90134215336,96797.71697048037
2015-04-05,2,97001.59252,96987.51348,96818.26517598116,96818.08948495613
2015-04-06,2,97001.32229,97001.59252,96830.02718648616,96829.85941872191
2015-04-07,2,97008.80195,97001.32229,96862.13969016983,96861.96051769725
2015-04-08,2,97123.95664,97008.80195,96903.5013983848,96903.31232393057
2015-04-09,2,97218.457,97123.95664,97076.88190201233,97076.67938245072
2015-04-10,2,97397.78736,97218.457,97083.91925731314,97083.70333114416
2015-04-11,2,97565.35971,97397.78736,97296.16690539493,97295.94074707577
2015-04-12,2,97597.72717,97565.35971,97484.08026537749,97483.85501356388
2015-04-13,2,97606.07346,97597.72717,97485.48689483071,97485.27291346816
2015-04-14,2,97702.86583,97606.07346,97529.78019752367,97529.57294054139
2015-04-15,2,98082.67924,97702.86583,97712.50858384513,97712.27605817137
2015-04-16,3,98214.75739,98082.67924,98217.05068005493,98218.90159600727
2015-04-17,3,98393.3919,98214.75739,98354.04346226815,98355.20016832679
2015-04-18,3,98594.31322,98393.3919,98512.86156201625,98513.69177217562
2015-04-19,3,98595.16832,98594.31322,98721.65577376957,98722.48346941061
2015-04-20,3,98596.03333,98595.16832,98787.08660452443,98788.55349905074
2015-04-21,3,99413.78008,98596.03333,98834.60104178732,98836.6837077723
2015-04-22,3,99713.80975,99413.78008,99578.72244265465,99580.51392743105
2015-04-23,3,99890.81944,99713.80975,99907.11762202086,99907.20343821273
2015-04-24,3,102281.7534,99890.81944,100081.50461366851,100083.30511629954
2015-04-25,3,102688.8193,102281.7534,102197.34543119765,102198.60317659254
2015-04-26,3,102689.7285,102688.8193,102797.94503319984,102796.21943419526
2015-04-27,3,102691.0395,102689.7285,102886.42699331557,102887.3371304236
2015-04-28,3,103183.5717,102691.0395,102932.0546265378,102933.30847637425
2015-04-29,3,103608.1392,103183.5717,103388.9841818666,103389.48149970884
2015-04-30,3,104569.9776,103608.1392,103836.91587093766,103835.17485134918
2015-05-01,3,104633.5833,104569.9776,104739.53434563293,104734.49528736403
2015-05-02,3,105143.2965,104633.5833,104832.2847495387,104822.06364615569
2015-05-03,3,105139.4914,105143.2965,105306.7949414665,105297.70015654707
2015-05-04,3,105139.7571,105139.4914,105405.07054746799,105396.5146381489
2015-05-05,3,105647.2214,105139.7571,105457.98667424513,105453.91245820936
2015-05-06,3,106566.1167,105647.2214,105924.00686511156,105918.91261210601
2015-05-07,3,107168.6487,106566.1167,106779.72413377177,106771.7166472953
2015-05-08,3,107992.4606,107168.6487,107336.70107981295,107336.98697122515
2015-05-09,3,108541.4889,107992.4606,108120.27106174831,108122.30914455713
2015-05-10,3,108542.1627,108541.4889,108690.95074548121,108691.82243780329
2015-05-11,3,108543.1213,108542.1627,108799.72821642317,108801.58681674753
2015-05-12,3,108837.0351,108543.1213,108857.5518930058,108861.47450466464
2015-05-13,3,109155.3764,108837.0351,109136.984329348,109139.1695256384
2015-05-14,3,109675.8537,109155.3764,109417.80255975861,109419.55594179069
2015-05-15,3,109796.2447,109675.8537,109890.32900994684,109889.30331409202
2015-05-16,3,110245.042,109796.2447,110015.69170479791,110013.64689819899
2015-05-17,3,110315.2484,110245.042,110419.50726974521,110415.79820410229
2015-05-18,3,110315.2484,110315.2484,110837.28290242415,110829.64805663504
2015-05-19,3,110316.4937,110315.2484,110584.39008875727,110579.96857136475
2015-05-20,3,111219.0206,110316.4937,110575.855715511,110572.38325638414
2015-05-21,3,111753.2714,111219.0206,111349.09985993354,111346.15203627603
2015-05-22,3,112080.5012,111753.2714,111852.66590698514,111848.65548797793
2015-05-23,3,112366.4763,112080.5012,112160.53181595902,112156.24094447462
2015-05-24,3,112366.6092,112366.4763,112478.4870277403,112479.57149099925
2015-05-25,3,112369.6212,112366.6092,112545.94461922425,112547.57432178565
2015-05-26,3,112774.1006,112369.6212,112586.07999395109,112587.81267046055
2015-05-27,3,112915.97,112774.1006,112957.1038710125,112956.59778678897
2015-05-28,3,113255.3114,112915.97,113087.87524144545,113085.72909957223
2015-05-29,3,113400.2061,113255.3114,113367.5954956858,113363.89424634364
2015-05-30,3,113429.0874,113400.2061,113518.68300587108,113517.86936798049
2015-05-31,3,113428.4579,113429.0874,113555.57762506159,113553.59589872193
2015-06-01,3,113428.1961,113428.4579,113660.61478845529,113661.02792869532
2015-06-02,3,113276.9735,113428.1961,113688.9845839944,113687.26030494247
2015-06-03,3,114035.3208,113276.9735,113540.02035485732,113539.50521489998
2015-06-04,3,114069.1204,114035.3208,114168.80509028689,114168.9034813578
2015-06-05,3,113852.3628,114069.1204,114242.08624641746,114242.92654252642
2015-06-06,3,113644.8042,113852.3628,114039.70441544228,114043.53936223415
2015-06-07,3,113644.5686,113644.8042,113861.48312386776,113868.25139547423
2015-06-08,3,113644.0318,113644.5686,113882.00491098568,113890.02270448272
2015-06-09,3,113534.8963,113644.0318,113907.29281473876,113915.69412281728
2015-06-10,3,113296.9882,113534.8963,113833.99143365862,113841.55559107664
2015-06-11,3,113151.741,113296.9882,113572.88134611567,113580.65856442894
2015-06-12,3,112985.7786,113151.741,113388.41782452613,113397.88371835029
2015-06-13,3,113081.0804,112985.7786,113221.4122852787,113232.80539071967
2015-06-14,3,113080.7141,113081.0804,113293.07233025586,113304.04899455894
2015-06-15,3,113081.2077,113080.7141,113318.76196692033,113329.67538413375
2015-06-16,3,112917.3976,113081.2077,113324.27620507672,113333.74022764285
2015-06-17,3,112664.9599,112917.3976,113157.69741458919,113170.43625919132
2015-06-18,3,112515.8657,112664.9599,112897.85724137054,112910.78886643
2015-06-19,3,113270.2224,112515.8657,112735.54896526336,112750.16632253106
2015-06-20,3,113071.5121,113270.2224,113371.16101267585,113384.51692298231
2015-06-21,3,113071.505,113071.5121,113270.29878538981,113282.7673137442
2015-06-22,3,113071.7703,113071.505,113261.32647161304,113274.9993678921
2015-06-23,3,112922.1778,113071.7703,113275.07278273109,113288.20470700548
2015-06-24,3,112694.5622,112922.1778,113154.27995888295,113166.72513735913
2015-06-25,3,112670.3641,112694.5622,112952.43227701879,112965.79329084637
2015-06-26,3,110331.4253,112670.3641,112908.45764095627,112920.9493007524
2015-06-27,3,110307.0666,110331.4253,110900.4813120566,110912.36383109921
2015-06-28,3,110304.6009,110307.0666,110703.44694727894,110721.010232736
2015-06-29,3,110306.1472,110304.6009,110724.55644188603,110740.33979143992
2015-06-30,3,110251.0899,110306.1472,110726.11614581964,110740.77080551915
2015-07-01,3,109969.6658,110251.0899,110929.0064862177,110941.10224134482
2015-07-02,3,109970.9386,109969.6658,110326.186766553,110342.97109759042
2015-07-03,3,110155.0182,109970.9386,110185.5817223839,110211.31135240148
2015-07-04,3,110466.685,110155.0182,110389.65559360303,110420.42810550156
2015-07-05,3,110466.7139,110466.685,110670.59388685111,110700.0321532991
2015-07-06,3,110467.7955,110466.7139,110710.17848289473,110739.03067280402
2015-07-07,3,110940.9713,110467.7955,110729.1420686334,110757.92814455966
2015-07-08,3,111003.7797,110940.9713,111148.13173059089,111175.65885176708
2015-07-09,3,111436.3786,111003.7797,111239.48390079188,111266.51884962428
2015-07-10,3,111553.8604,111436.3786,111632.38734809658,111647.3038907923
2015-07-11,3,111697.2638,111553.8604,111762.1687440607,111775.51544393734
2015-07-12,3,111844.5321,111697.2638,111907.29123639321,111920.23677440394
2015-07-13,3,111844.695,111844.5321,112090.8501896798,112103.87054827358
2015-07-14,3,111858.3112,111844.695,112150.02843262647,112162.46639996294
2015-07-15,3,111987.6508,111858.3112,112175.00754700012,112185.15308989133
2015-07-16,3,112109.0491,111987.6508,112289.3894536772,112299.36875358134
2015-07-17,3,112464.5303,112109.0491,112377.98287513734,112387.8156029955
2015-07-18,3,112625.3894,112464.5303,112688.76717849774,112699.76641767425
2015-07-19,3,112624.7608,112625.3894,112899.99028649137,112912.0337861235
2015-07-20,3,111073.8268,112624.7608,112949.16912970891,112962.20908119582
2015-07-21,3,111309.1301,111073.8268,111656.77127538282,111676.16744517055
2015-07-22,3,111709.0718,111309.1301,111762.68975319447,111785.83421640359
2015-07-23,3,111963.8008,111709.0718,112133.44527965822,112156.52411445715
2015-07-24,3,112484.5532,111963.8008,112370.226263013,112392.56776533024
2015-07-25,3,113134.8436,112484.5532,112814.43752244877,112837.35222018391
2015-07-26,3,113179.7096,113134.8436,113349.72447163014,113370.64066889176
2015-07-27,3,113180.7098,113179.7096,113432.32431616256,113454.62239939836
2015-07-28,3,113549.9819,113180.7098,113507.68040533872,113534.0694892936
2015-07-29,3,113812.1558,113549.9819,113835.1477141302,113859.8977386238
2015-07-30,3,113895.7263,113812.1558,114074.48395832772,114096.41330596597
2015-07-31,3,114178.9656,113895.7263,114132.36495219026,114153.09915995393
2015-08-01,3,114483.0317,114178.9656,114354.88054310268,114373.2180873125
2015-08-02,3,114482.7459,114483.0317,114632.56595171338,114648.34022092872
2015-08-03,3,114484.9983,114482.7459,114705.6309073211,114713.80055218712
2015-08-04,3,114485.8816,114484.9983,114728.86335951264,114737.27049262739
2015-08-05,3,114704.1805,114485.8816,114718.80992614917,114727.14146262368
2015-08-06,3,114894.1363,114704.1805,114889.01325333006,114898.38123706754
2015-08-07,3,114695.4895,114894.1363,115038.7787003694,115049.10834905937
2015-08-08,3,114642.9762,114695.4895,114857.70896381242,114870.67062689239
2015-08-09,3,114616.9302,114642.9762,114789.52002403454,114802.64839621885
2015-08-10,3,114617.0947,114616.9302,114784.84980471918,114797.82144500334
2015-08-11,3,114639.269,114617.0947,114802.81949285536,114817.13730300192
2015-08-12,3,114647.1244,114639.269,114808.77117259297,114822.77309238873
2015-08-13,3,114672.9448,114647.1244,114782.46216431366,114795.65370124172
2015-08-14,3,114529.7261,114672.9448,114752.31005041736,114766.41754540743
2015-08-15,3,114534.2774,114529.7261,114603.37000545228,114619.2574174504
2015-08-16,3,114534.6289,114534.2774,114596.12189073469,114612.09683406219
2015-08-17,3,114535.4079,114534.6289,114612.90499794224,114628.26744830923
2015-08-18,3,114913.68,114535.4079,114622.01840262568,114636.37334258319
2015-08-19,3,114914.8003,114913.68,114891.0180856493,114902.21391150705
2015-08-20,3,114548.0728,114914.8003,114881.11610913232,114891.18048622755
2015-08-21,3,114392.985,114548.0728,114515.51079955634,114524.93243831249
2015-08-22,3,114920.2968,114392.985,114317.6258726491,114326.82034747825
2015-08-23,3,114920.0058,114920.2968,114754.98691879414,114762.50515530881
2015-08-24,3,114921.9034,114920.0058,114820.12864745889,114826.54523337528
2015-08-25,3,114635.6302,114921.9034,114829.14224826307,114834.33381995895
2015-08-26,3,114593.7265,114635.6302,114552.25021926426,114556.04482916012
2015-08-27,3,114295.003,114593.7265,114454.91378969722,114459.85528688319
2015-08-28,3,114221.3533,114295.003,114173.909514314,114179.01638755164
2015-08-29,3,114314.8454,114221.3533,114068.51842055444,114072.8820255497
2015-08-30,3,114314.845,114314.8454,114119.7672548681,114122.30504562176
2015-08-31,3,114316.2236,114314.845,114134.33951686461,114136.3852758714
2015-09-01,3,114259.069,114316.2236,114187.34688459097,114192.8924901814
2015-09-02,3,114130.0298,114259.069,114126.30138482027,114132.27971548626
2015-09-03,3,113436.0024,114130.0298,113973.51527808864,113977.79257663799
2015-09-04,3,113086.3235,113436.0024,113351.41852951495,113355.60781490384
2015-09-05,3,112840.4562,113086.3235,112971.01231942889,112978.71448991998
2015-09-06,3,112840.3622,112840.4562,112716.22305689253,112722.58998975607
2015-09-07,3,112840.5669,112840.3622,112975.99254678881,112978.5949713764
2015-09-08,3,112840.8518,112840.5669,112686.3723298003,112689.42025452525
2015-09-09,3,112545.8764,112840.8518,112648.68604697628,112651.64365878902
2015-09-10,3,112258.4326,112545.8764,112329.14028200431,112331.50333213538
2015-09-11,3,112185.1934,112258.4326,112016.05938969586,112020.40768906081
2015-09-12,3,112038.696,112185.1934,111895.88333433404,111901.3638111068
2015-09-13,3,112038.6768,112038.696,111752.33814114236,111756.88904123318
2015-09-14,3,112039.1785,112038.6768,111738.50497759352,111742.15246058562
2015-09-15,3,111925.8124,112039.1785,111736.32701970884,111738.95761532741
2015-09-16,3,111532.9426,111925.8124,111606.42521571803,111607.9386055046
2015-09-17,3,110925.2363,111532.9426,111240.87408675572,111240.13425429228
2015-09-18,3,110395.3901,110925.2363,110662.19849171459,110660.76246251685
2015-09-19,3,110282.3144,110395.3901,110125.49002748464,110122.73562560907
2015-09-20,3,110282.5362,110282.3144,109974.08520737806,109970.97010160139
2015-09-21,3,110283.4774,110282.5362,109978.01151846541,109974.60529467204
2015-09-22,3,111249.8205,110283.4774,109967.23686740555,109963.67461028034
2015-09-23,3,111026.427,111249.8205,110767.63261120679,110761.8723482015
2015-09-24,3,110585.2406,111026.427,110607.41857347853,110600.6665944179
2015-09-25,3,110142.4866,110585.2406,110169.65810492239,110167.00353886574
2015-09-26,3,109755.8242,110142.4866,109736.74386455216,109735.62467541336
2015-09-27,3,109757.7744,109755.8242,109382.78917268828,109381.42714481067
2015-09-28,3,109758.4944,109757.7744,109387.6826338701,109385.36855831063
2015-09-29,3,109020.3123,109758.4944,109420.0233067643,109414.83316591456
2015-09-30,3,108437.5176,109020.3123,108750.37251232027,108741.06129249091
2015-10-01,3,106931.473,108437.5176,108154.22966353364,108142.537004016
2015-10-02,3,106019.5765,106931.473,106802.25936598904,106790.6461450846
2015-10-03,3,105166.0825,106019.5765,105869.25136958068,105859.99720127945
2015-10-04,3,105166.0825,105166.0825,105061.09541311381,105052.41170012273
2015-10-05,3,105166.62,105166.0825,104964.89685717794,104956.4484081072
2015-10-06,3,104752.2296,105166.62,104897.89669635179,104894.40516008226
2015-10-07,3,104277.076,104752.2296,104480.63268374765,104479.45745926244
2015-10-08,3,104083.2005,104277.076,103937.97589210591,103939.67810745501
2015-10-09,3,103440.835,104083.2005,103676.45814418836,103681.80803837514
2015-10-10,3,103087.4786,103440.835,103072.81898866777,103078.42864190202
2015-10-11,3,103072.0184,103087.4786,102722.64707524495,102730.5253610167
2015-10-12,3,103072.0165,103072.0184,102952.08184764405,102956.57495600043
2015-10-13,3,103071.9663,103072.0165,102657.06710096491,102660.49403204417
2015-10-14,3,102830.981,103071.9663,102638.81536490742,102640.97272165853
2015-10-15,3,102620.4489,102830.981,102411.86220961885,102408.55902226402
2015-10-16,3,101932.3052,102620.4489,102156.51942515965,102150.50223936653
2015-10-17,3,101610.3775,101932.3052,101537.62860446837,101528.65526046188
2015-10-18,3,101610.5732,101610.3775,101203.59780877324,101195.36000468968
2015-10-19,3,101613.3071,101610.5732,101191.2476258665,101182.41132692446
2015-10-20,3,101413.689,101613.3071,101208.66034220009,101197.24717320742
2015-10-21,3,100105.6195,101413.689,101025.79835841033,101012.56189887514
2015-10-22,3,99975.84653,100105.6195,99897.15989201154,99886.51043066896
2015-10-23,3,99808.34082,99975.84653,99650.5439927694,99641.82897357091
2015-10-24,3,99591.46465,99808.34082,99505.59293221352,99496.9422934998
2015-10-25,3,99590.85889,99591.46465,99319.09625152603,99311.20232048
2015-10-26,3,99591.75854,99590.85889,99309.77463202145,99303.0170649755
2015-10-27,3,99360.15304,99591.75854,99313.74591994601,99309.25924650833
2015-10-28,3,99002.68691,99360.15304,99088.94751475398,99085.98140380067
2015-10-29,3,98753.60113,99002.68691,98787.40366307044,98788.4094300909
2015-10-30,3,98672.8551,98753.60113,98533.93747171684,98533.2882633575
2015-10-31,3,98504.9651,98672.8551,98412.88510393583,98410.28490991938
2015-11-01,3,98505.59262,98504.9651,98267.12431446911,98265.07696846999
2015-11-02,3,98506.25108,98505.59262,98252.55040904817,98250.06418432832
2015-11-03,3,98312.98809,98506.25108,98265.5003424947,98262.81364883328
2015-11-04,3,98170.38906,98312.98809,98117.58527178071,98110.26895360147
2015-11-05,3,97943.28946,98170.38906,97964.55425337465,97958.62604932963
2015-11-06,3,97667.71281,97943.28946,97735.5206819305,97729.65404951976
2015-11-07,3,97642.14926,97667.71281,97471.54683129703,97465.4935587825
2015-11-08,3,97642.14843,97642.14926,97425.30318789945,97418.99718168346
2015-11-09,3,97642.8315,97642.14843,97439.1649386182,97432.57779902965
2015-11-10,3,97579.65985,97642.8315,97459.46637599483,97452.402081609
2015-11-11,3,97495.07467,97579.65985,97418.0073771789,97410.79918561426
2015-11-12,3,97400.92217,97495.07467,97329.39506062378,97322.83733386049
2015-11-13,3,97330.34937,97400.92217,97223.16246511285,97217.97974275304
2015-11-14,3,97330.95653,97330.34937,97161.14008784096,97156.77266466437
2015-11-15,3,97330.79077,97330.95653,97159.76603462784,97155.19257296821
2015-11-16,3,97331.26167,97330.79077,97185.93067332271,97181.4492409453
2015-11-17,3,97326.34382,97331.26167,97220.635997014,97215.96506051398
2015-11-18,3,96829.3166,97326.34382,97236.89129436835,97232.77837686776
2015-11-19,3,96746.19502,96829.3166,96816.07923237054,96812.04967718928
2015-11-20,3,96872.3442,96746.19502,96664.69873449294,96659.4861652703
2015-11-21,3,96868.38001,96872.3442,96759.31062009143,96753.92076527649
2015-11-22,3,96868.57654,96868.38001,96774.18568956475,96768.44150996408
2015-11-23,3,96868.71624,96868.57654,96792.80760702494,96787.33581827949
2015-11-24,3,96945.54257,96868.71624,96813.3472349652,96808.37004010259
2015-11-25,3,96896.04215,96945.54257,96877.79102667894,96873.49469994799
2015-11-26,3,96716.31967,96896.04215,96846.69331070465,96843.75573456014
2015-11-27,3,96752.60599,96716.31967,96669.43550925533,96666.87198942015
2015-11-28,3,96729.58316,96752.60599,96667.31772594678,96664.64951870345
2015-11-29,3,96728.68682,96729.58316,96663.47193899062,96660.80055309147
2015-11-30,3,96729.48952,96728.68682,96687.61614160903,96684.9278389403
2015-12-01,3,96114.8879,96729.48952,96522.74609703405,96514.50635556727
2015-12-02,3,95913.9429,96114.8879,96014.89182758583,96004.30454682099
2015-12-03,3,95695.21397,95913.9429,95780.29207278545,95771.2235979272
2015-12-04,3,95077.32002,95695.21397,95562.64163382928,95554.84732917184
2015-12-05,3,96050.35037,95077.32002,94998.84180512554,94990.84589610726
2015-12-06,3,96067.24025,96050.35037,95781.08986066167,95772.53646589472
2015-12-07,3,96068.2888,96067.24025,95886.6038809796,95876.09266943454
2015-12-08,3,96050.54202,96068.2888,95880.59229160057,95872.33048481135
2015-12-09,3,96124.99147,96050.54202,95879.43680906201,95873.8423356107
2015-12-10,3,96083.09669,96124.99147,95930.84949956453,95925.70899207058
2015-12-11,3,96071.05579,96083.09669,95884.6976801123,95880.56546997931
2015-12-12,3,95871.93171,96071.05579,95882.79054752077,95879.07289976429
2015-12-13,3,95871.97875,95871.93171,95692.4427995082,95686.18397389258
2015-12-14,3,95873.35542,95871.97875,95705.10796852197,95699.33793906207
2015-12-15,3,95898.03248,95873.35542,95744.38634527508,95735.5609469134
2015-12-16,3,95739.64942,95898.03248,95782.34402358817,95772.875735882
2015-12-17,3,95603.57495,95739.64942,95635.24262351853,95625.32645702989
2015-12-18,3,95131.95044,95603.57495,95476.66155900693,95464.38165676013
2015-12-19,3,94995.11782,95131.95044,95029.44500727887,95023.15711230059
2015-12-20,3,94995.01046,94995.11782,94892.38314632983,94887.90976248667
2015-12-21,3,94995.35424,94995.01046,94907.25622747645,94902.67200895738
2015-12-22,3,95876.58823,94995.35424,94927.53917702145,94922.79589742437
2015-12-23,3,95900.12163,95876.58823,95687.41026807067,95682.53333130246
2015-12-24,3,96320.39679,95900.12163,95766.9304003725,95761.89895931484
2015-12-25,3,95897.11616,96320.39679,96389.37304670925,96383.73652976452
2015-12-26,3,95897.17881,95897.11616,96061.12530647745,96056.52789699142
2015-12-27,3,95897.29889,95897.17881,95766.69942056765,95766.63346368875
2015-12-28,3,95897.57178,95897.29889,96094.2599786019,96090.61790281998
2015-12-29,3,96020.60345,95897.57178,95858.58269095923,95856.45301817339
2015-12-30,3,96079.77496,96020.60345,95958.85828746817,95953.16085004054
2015-12-31,3,96167.66409,96079.77496,96001.04073224893,95993.78075229231
2016-01-01,3,96497.40862,96167.66409,96317.56768024602,96304.68049254306
2016-01-02,3,96497.68799,96497.40862,96329.9572782448,96320.17558145754
2016-01-03,3,96553.97168,96497.68799,96350.15464270565,96338.87098970047
2016-01-04,3,96555.47278,96553.97168,96451.16434724857,96441.29770834623
2016-01-05,3,96546.82969,96555.47278,96481.03632078055,96475.60559805654
2016-01-06,3,97045.47765,96546.82969,96485.2364834403,96479.66144139729
2016-01-07,3,97012.55102,97045.47765,96908.3264232443,96904.07404386037
2016-01-08,3,97351.56996,97012.55102,96915.76243135425,96908.6885832426
2016-01-09,3,97337.60454,97351.56996,97196.24849863251,97189.8600397478
2016-01-10,3,97814.6756,97337.60454,97230.97846205188,97224.84868185162
2016-01-11,3,97816.88112,97814.6756,97675.83982858465,97669.71157237155
2016-01-12,3,97813.76223,97816.88112,97756.79130522216,97750.72752877945
2016-01-13,3,97906.5574,97813.76223,97775.44759893755,97769.92731893496
2016-01-14,3,97892.28739,97906.5574,97836.37416281311,97830.35446311782
2016-01-15,3,98012.85806,97892.28739,97813.34381280353,97808.7440606903
2016-01-16,3,98072.20728,98012.85806,97897.18049600851,97891.44406454654
2016-01-17,3,97920.01007,98072.20728,97960.28041373407,97953.32754802951
2016-01-18,3,97920.12757,97920.01007,97836.54860129609,97827.76760076486
2016-01-19,3,97988.90607,97920.12757,97843.43632684786,97834.29177085997
2016-01-20,3,98150.6365,97988.90607,97898.68086547042,97890.79491221765
2016-01-21,3,98157.02592,98150.6365,98042.6340143369,98036.57571570994
2016-01-22,3,98318.99824,98157.02592,98032.52664366817,98027.77070243427
2016-01-23,3,98763.74084,98318.99824,98163.37294907948,98158.70914628227
2016-01-24,3,98857.32212,98763.74084,98552.65564839897,98549.0054261427
2016-01-25,3,98857.54114,98857.32212,98701.93075194643,98697.63348143056
2016-01-26,3,98913.97185,98857.54114,98733.34830285414,98728.6570482723
2016-01-27,3,98943.874,98913.97185,98785.54664304724,98780.4584692897
2016-01-28,3,98932.26751,98943.874,98797.32685402494,98791.08835858338
2016-01-29,3,98899.10314,98932.26751,98765.51265761814,98758.93840863692
2016-01-30,3,98750.79293,98899.10314,98714.62035510149,98706.86664835106
2016-01-31,3,98743.98548,98750.79293,98581.62769775433,98572.34735999421
2016-02-01,3,98745.20926,98743.98548,98580.47280140294,98570.47320937566
2016-02-02,3,98784.25418,98745.20926,98600.38502499771,98589.84121823723
2016-02-03,3,98807.02539,98784.25418,98627.7375581906,98616.84308251581
2016-02-04,3,98641.88219,98807.02539,98620.38247853256,98608.55574149368
2016-02-05,3,98624.42219,98641.88219,98449.2489748202,98439.5636421941
2016-02-06,3,98561.47801,98624.42219,98385.59696316482,98377.98479611389
2016-02-07,3,98235.7732,98561.47801,98340.66787900409,98334.44099889498
2016-02-08,3,98235.78686,98235.7732,98073.92278493528,98067.33783857587
2016-02-09,3,97257.43336,98235.78686,98072.68303504636,98067.71540146178
2016-02-10,3,97166.70049,97257.43336,97236.5027910264,97231.07948548702
2016-02-11,3,97159.9417,97166.70049,97047.07396492733,97043.00980907235
2016-02-12,3,97117.30851,97159.9417,97003.4824467646,96998.78521679819
2016-02-13,3,97136.91192,97117.30851,96927.19964345559,96921.12146502062
2016-02-14,3,97135.44226,97136.91192,96914.18455298815,96908.4173068343
2016-02-15,3,97136.07063,97135.44226,97195.52616531328,97188.10664959943
2016-02-16,3,97157.78411,97136.07063,96875.90963906064,96871.82339523055
2016-02-17,3,97126.50383,97157.78411,96911.42411401666,96909.6282078818
2016-02-18,3,97088.29826,97126.50383,96861.84069376369,96858.79833918634
2016-02-19,3,97167.29834,97088.29826,96791.65113533959,96788.15411512126
2016-02-20,3,95678.81574,97167.29834,96832.63808458757,96828.17446039604
2016-02-21,3,95698.75306,95678.81574,95582.59095986524,95574.85087605326
2016-02-22,3,95698.03362,95698.75306,95506.15143639906,95501.46128785957
2016-02-23,3,95573.55384,95698.03362,95545.99328172702,95534.85386511926
2016-02-24,3,95553.10326,95573.55384,95432.77650456212,95420.36092878376
2016-02-25,3,95383.39299,95553.10326,95367.25982038665,95355.55654539156
2016-02-26,3,95455.69559,95383.39299,95161.37277648074,95150.66694392583
2016-02-27,3,95467.39158,95455.69559,95126.38535076812,95117.76748468788
2016-02-28,3,95579.62836,95467.39158,95198.02184792994,95194.72340108753
2016-02-29,3,95580.8474,95579.62836,95310.29955257416,95306.49013339831
2016-03-01,3,95539.64581,95580.8474,95402.72449255505,95400.80160329789
2016-03-02,3,95455.43156,95539.64581,95377.64338864746,95376.39246368183
2016-03-03,3,95441.82521,95455.43156,95287.010538488,95286.25065686046
2016-03-04,3,95580.44478,95441.82521,95254.77565709298,95255.31449631385
2016-03-05,3,95577.89065,95580.44478,95381.30196773371,95374.22049195171
2016-03-06,3,95565.85975,95577.89065,95407.22401697948,95400.12522714809
2016-03-07,3,95566.35838,95565.85975,95425.60516335451,95418.80550689888
2016-03-08,3,95488.17265,95566.35838,95451.81423815328,95444.58802525849
2016-03-09,3,95711.25934,95488.17265,95403.83092328001,95397.40530290519
2016-03-10,3,95306.90642,95711.25934,95566.70480926486,95558.49988744727
2016-03-11,3,95316.16276,95306.90642,95218.37944101142,95210.5495755103
2016-03-12,3,95368.87722,95316.16276,95176.37860879365,95169.38190700584
2016-03-13,3,95346.76834,95368.87722,95235.73260398938,95229.24002166145
2016-03-14,3,95346.76834,95346.76834,95253.09750269777,95246.77960042392
2016-03-15,3,95363.9202,95346.76834,95282.0798842775,95276.02451875054
2016-03-16,3,95389.79382,95363.9202,95315.57810701866,95309.81104401244
2016-03-17,3,95419.62736,95389.79382,95314.27488976784,95308.92804294155
2016-03-18,3,95402.75984,95419.62736,95339.91277340795,95337.07641199951
2016-03-19,3,95520.63712,95402.75984,95328.63577810058,95326.48476164359
2016-03-20,3,95549.76257,95520.63712,95452.83715734625,95451.01162995091
2016-03-21,3,95551.15481,95549.76257,95485.59703624797,95481.04303248858
2016-03-22,3,96284.67592,95551.15481,95520.00440838594,95515.09335697282
2016-03-23,3,96309.54121,96284.67592,96175.71739798863,96171.38055243416
2016-03-24,3,96225.70311,96309.54121,96257.5713137912,96250.25733735366
2016-03-25,3,96248.33089,96225.70311,96447.526092936,96438.5720832867
2016-03-26,3,96247.90203,96248.33089,96170.8121954792,96165.48780712827
2016-03-27,3,96240.80371,96247.90203,96190.11427140108,96184.28039011502
2016-03-28,3,96240.80371,96240.80371,96224.66989224986,96218.39869074457
2016-03-29,3,96437.087,96240.80371,96265.22577288018,96258.27129832648
2016-03-30,3,96588.21622,96437.087,96429.10033591847,96420.19728166443
2016-03-31,3,96732.69371,96588.21622,96567.9449865886,96559.27184792081
2016-04-01,3,96805.06062,96732.69371,96696.57208940932,96688.70263809411
2016-04-02,3,97248.22889,96805.06062,96761.11189737235,96753.99297832674
2016-04-03,3,97255.6476,97248.22889,97177.70965858838,97171.08296836034
2016-04-04,3,97255.21125,97255.6476,97263.93934623945,97257.12924603613
2016-04-05,3,97429.04759,97255.21125,97296.07428889947,97293.38597320119
2016-04-06,3,97506.47497,97429.04759,97465.67211215965,97462.70613928622
2016-04-07,3,97662.22762,97506.47497,97546.603738161,97542.67597737098
2016-04-08,3,97834.41823,97662.22762,97683.10783486904,97679.30416467543
2016-04-09,3,97920.75527,97834.41823,97838.59024989737,97833.73492907514
2016-04-10,3,97981.7413,97920.75527,97933.62378040291,97927.4882072295
2016-04-11,3,97981.85795,97981.7413,98031.4752189338,98025.58960779203
2016-04-12,3,98076.93504,97981.85795,98072.6232493456,98067.6002670111
2016-04-13,3,98201.55449,98076.93504,98168.73091690606,98163.86427112842
2016-04-14,3,98494.25826,98201.55449,98282.12045255557,98277.51741719412
2016-04-15,3,98781.9947,98494.25826,98528.6319669186,98523.28884777115
2016-04-16,3,99027.92237,98781.9947,98792.30459434351,98788.05429651358
2016-04-17,3,99027.92237,99027.92237,99046.60636420407,99041.68905951132
2016-04-18,3,99028.27882,99027.92237,99102.06295627728,99097.1798471824
2016-04-19,3,99538.97737,99028.27882,99138.64414024554,99134.74553279609
2016-04-20,3,99768.4947,99538.97737,99610.27650110707,99605.81024621004
2016-04-21,3,99946.20492,99768.4947,99864.57083710276,99860.89267911256
2016-04-22,3,100213.5694,99946.20492,100023.56235231156,100019.7998769427
2016-04-23,3,100338.2917,100213.5694,100282.11126248869,100278.87642795981
2016-04-24,3,100338.712,100338.2917,100407.43513661476,100401.98994676891
2016-04-25,3,100340.2092,100338.712,100458.8768751398,100453.13073715531
2016-04-26,3,100655.3418,100340.2092,100505.20146977162,100499.29975104601
2016-04-27,3,100648.8183,100655.3418,100791.51217161279,100784.10808562934
2016-04-28,3,100913.4342,100648.8183,100806.13744691973,100799.15835250061
2016-04-29,3,101228.5787,100913.4342,101024.11422815072,101018.52142098274
2016-04-30,3,101758.3746,101228.5787,101303.3897896986,101297.32845352724
2016-05-01,3,101757.8697,101758.3746,101816.81593174476,101810.18190803449
2016-05-02,3,101759.0162,101757.8697,101908.27328452443,101902.43998246797
2016-05-03,3,102401.2292,101759.0162,101947.56532505737,101944.8214734902
2016-05-04,3,103315.6878,102401.2292,102526.64643472372,102523.82004403183
2016-05-05,3,103807.5327,103315.6878,103399.06947918911,103395.41979170666
2016-05-06,3,104380.8011,103807.5327,103897.64327783445,103892.72614370564
2016-05-07,3,105189.3471,104380.8011,104446.0067305916,104440.97916716764
2016-05-08,3,105193.8947,105189.3471,105219.30500380219,105212.67704831707
2016-05-09,3,105195.8691,105193.8947,105350.9010227332,105343.85530423126
2016-05-10,3,105762.2759,105195.8691,105418.2356579733,105412.99368476307
2016-05-11,3,106755.6394,105762.2759,105945.3629256864,105936.70023327743
2016-05-12,3,106950.761,106755.6394,106858.46670489293,106845.96660932839
2016-05-13,3,107334.7142,106950.761,107114.52153257388,107100.78084808904
2016-05-14,3,108233.4998,107334.7142,107462.39155586965,107450.56179705635
2016-05-15,3,108233.7911,108233.4998,108301.27852212079,108288.10593290233
2016-05-16,3,108234.3911,108233.7911,108443.22428930878,108430.09432600363
2016-05-17,3,109114.1167,108234.3911,108500.67405497374,108490.94915801816
2016-05-18,3,109607.2861,109114.1167,109286.71292803329,109277.97688395092
2016-05-19,3,111262.3559,109607.2861,109796.91543972655,109787.96411458045
2016-05-20,3,112096.8964,111262.3559,111287.45579549478,111278.96815656598
2016-05-21,3,112554.5813,112096.8964,112169.52778181336,112161.26387713052
2016-05-22,3,112554.6772,112554.5813,112658.07710952708,112649.27113925836
2016-05-23,3,112554.6772,112554.6772,113046.61240735406,113036.52746727096
2016-05-24,3,112555.5181,112554.6772,112835.0274524768,112829.9983464371
2016-05-25,3,113296.3689,112555.5181,112857.95180613069,112853.63391979119
2016-05-26,3,114924.72,113296.3689,113518.0520581681,113509.94046452732
2016-05-27,3,115798.6421,114924.72,114965.49723291215,114949.76579760808
2016-05-28,3,116367.7479,115798.6421,115847.72939978138,115831.24627406022
2016-05-29,3,116367.8566,116367.7479,116432.21518828081,116415.53190656328
2016-05-30,3,116374.0308,116367.8566,116537.99509373173,116523.80274591883
2016-05-31,3,116871.5634,116374.0308,116587.33628813594,116577.04983172336
2016-06-01,3,117087.2154,116871.5634,117123.15882604063,117112.82558619368
2016-06-02,3,118270.3395,117087.2154,117352.01677268065,117344.75241140502
2016-06-03,3,119684.9841,118270.3395,118355.2985943328,118346.09734785746
2016-06-04,3,120209.561,119684.9841,119677.84813914052,119665.25959146609
2016-06-05,3,120720.1475,120209.561,120275.5674851672,120261.49366391718
2016-06-06,3,120721.5604,120720.1475,120828.15415585597,120816.96120944223
2016-06-07,3,121579.735,120721.5604,120929.27016310289,120916.86348578492
2016-06-08,3,122258.9724,121579.735,121688.65743325204,121675.34015893067
2016-06-09,3,123365.5096,122258.9724,122362.98091489811,122352.56195805609
2016-06-10,3,123814.4273,123365.5096,123374.56744030809,123363.60393310564
2016-06-11,3,124273.1473,123814.4273,123830.6296421936,123816.380068973
2016-06-12,3,124404.5942,124273.1473,124290.97643834581,124275.31305182414
2016-06-13,3,124404.4817,124404.5942,124495.04917402411,124479.57619701517
2016-06-14,3,124541.1274,124404.4817,124553.07714875528,124537.31714474718
2016-06-15,3,124764.8897,124541.1274,124670.7031862986,124650.00454693742
2016-06-16,3,125294.8448,124764.8897,124858.2622369944,124840.14339195892
2016-06-17,3,125955.7396,125294.8448,125281.12114975422,125265.02801851704
2016-06-18,3,126220.2659,125955.7396,125914.07305602267,125901.73185207468
2016-06-19,3,126220.2659,126220.2659,126199.07506335343,126188.24062315826
2016-06-20,3,126220.9582,126220.2659,126255.04948259887,126245.05180671973
2016-06-21,3,126348.6161,126220.9582,126270.38124398711,126263.08347656736
2016-06-22,3,126093.0936,126348.6161,126373.2260765217,126365.52003574277
2016-06-23,3,126362.3829,126093.0936,126121.71975166332,126114.86085768699
2016-06-24,3,126662.7502,126362.3829,126288.02897541551,126280.4590308107
2016-06-25,3,127023.6889,126662.7502,126531.80729845761,126525.0787477871
2016-06-26,3,127001.9888,127023.6889,126896.51220979911,126891.6472161537
2016-06-27,3,127002.4143,127001.9888,126927.70131521153,126922.4847171518
2016-06-28,3,127237.9892,127002.4143,126928.02329866459,126921.40660564372
2016-06-29,3,127171.0481,127237.9892,127106.94569138454,127097.70276845765
2016-06-30,3,127189.5655,127171.0481,127040.98774750165,127032.10404583029
2016-07-01,3,127572.9647,127189.5655,127274.41563891963,127262.17770125713
2016-07-02,3,127573.1167,127572.9647,127299.66658751399,127289.94308299555
2016-07-03,3,127574.1722,127573.1167,127336.58459229482,127327.19147504409
2016-07-04,3,127575.2789,127574.1722,127349.02710321904,127338.93687381932
2016-07-05,3,127570.4935,127575.2789,127365.03058642473,127354.62696811123
2016-07-06,3,127768.639,127570.4935,127346.65511965292,127331.96860236357
2016-07-07,3,127859.6619,127768.639,127493.948177173,127480.00745988151
2016-07-08,3,127219.2372,127859.6619,127561.99586983159,127548.7152942929
2016-07-09,3,126930.721,127219.2372,126995.53211656264,126986.24568433325
2016-07-10,3,126743.9551,126930.721,126701.11605050355,126693.82494389337
2016-07-11,3,126744.3904,126743.9551,126545.17962159726,126538.39576418466
2016-07-12,3,126398.8178,126744.3904,126542.83073378322,126535.8100107142
2016-07-13,3,126072.3262,126398.8178,126239.21522920542,126230.63953400965
2016-07-14,3,125654.7871,126072.3262,125881.5218034844,125873.37634788192
2016-07-15,3,125227.9698,125654.7871,125421.30973845955,125416.48452053277
2016-07-16,3,125312.831,125227.9698,125002.24813208726,125001.12148849605
2016-07-17,3,125312.8194,125312.831,125037.6772884783,125037.09494954802
2016-07-18,3,125314.3603,125312.8194,125048.44008474724,125047.2501449968
2016-07-19,3,125328.1108,125314.3603,125015.48779747513,125013.47031094383
2016-07-20,3,125058.7706,125328.1108,125012.27952252011,125013.52721130656
2016-07-21,3,124753.5254,125058.7706,124734.77497010847,124737.73047179858
2016-07-22,3,125126.2487,124753.5254,124405.5953490455,124406.0671644595
2016-07-23,3,124394.2917,125126.2487,124687.32324632147,124686.06442581966
2016-07-24,3,124372.2076,124394.2917,124092.3769001334,124089.02345025109
2016-07-25,3,124367.8588,124372.2076,124018.48958867889,124016.07170958108
2016-07-26,3,123978.8319,124367.8588,124020.84761297907,124015.78758400388
2016-07-27,3,123333.8788,123978.8319,123675.18666139473,123668.3953253591
2016-07-28,3,122687.5467,123333.8788,123073.70269637041,123066.40940091573
2016-07-29,3,121186.6347,122687.5467,122442.2056034878,122434.0651409672
2016-07-30,3,121060.6418,121186.6347,121062.83831805219,121055.77811564166
2016-07-31,3,121060.6172,121060.6418,120846.74430437082,120843.84245775394
2016-08-01,3,121060.6183,121060.6172,120829.86336361583,120825.63694410755
2016-08-02,3,121061.6789,121060.6183,120796.1132232472,120792.37935152251
2016-08-03,3,120696.6469,121061.6789,120742.08194440402,120739.6340666311
2016-08-04,3,120439.7688,120696.6469,120361.5558137464,120361.49557882416
2016-08-05,3,119895.4063,120439.7688,120029.84144984555,120036.38989006082
2016-08-06,3,119441.2497,119895.4063,119567.18227395744,119574.0469435319
2016-08-07,3,119441.3642,119441.2497,119126.18212442863,119132.99399424037
2016-08-08,3,119441.8293,119441.3642,119092.95852674954,119099.47835967901
2016-08-09,3,119029.5332,119441.8293,119095.08291501366,119098.93988676165
2016-08-10,3,118683.3721,119029.5332,118722.12738474879,118723.4312743009
2016-08-11,3,118179.5354,118683.3721,118350.97689437134,118351.35893339741
2016-08-12,3,118039.4769,118179.5354,117850.67560389545,117845.4089071523
2016-08-13,3,117910.6449,118039.4769,117652.18421309137,117648.00424707688
2016-08-14,3,117910.5893,117910.6449,117522.31884183851,117518.20543854062
2016-08-15,3,117911.7872,117910.5893,117510.05641377188,117506.10216341022
2016-08-16,3,117539.5717,117911.7872,117495.96340593036,117492.68023288116
2016-08-17,3,116943.3623,117539.5717,117170.55407516188,117167.58454480887
2016-08-18,3,116490.2484,116943.3623,116603.11757318507,116601.30363322866
2016-08-19,3,116277.2387,116490.2484,116149.22132925432,116146.9507783443
2016-08-20,3,115808.5816,116277.2387,115916.15679941687,115912.479904868
2016-08-21,3,115808.3425,115808.5816,115522.49163611008,115520.25982851034
2016-08-22,3,115809.5348,115808.3425,115469.27518665738,115467.02344682829
2016-08-23,3,115508.5536,115809.5348,115468.35168773975,115465.13147049781
2016-08-24,3,115257.1081,115508.5536,115197.00129610923,115194.61197748916
2016-08-25,3,115317.5801,115257.1081,114936.1798740814,114934.82452852993
2016-08-26,3,115141.7494,115317.5801,114924.53434029923,114924.13141183555
2016-08-27,3,114962.7147,115141.7494,114743.04934910561,114742.6237644548
2016-08-28,3,114963.5152,114962.7147,114549.33656390573,114548.40291680141
2016-08-29,3,114963.6878,114963.5152,114536.71233841105,114535.72887982594
2016-08-30,3,114778.4454,114963.6878,114542.24078310444,114539.60905511353
2016-08-31,3,114464.1108,114778.4454,114390.86742773696,114386.30937677926
2016-09-01,3,114547.3239,114464.1108,114165.33999687356,114161.79444398028
2016-09-02,3,113859.8087,114547.3239,114163.96500882285,114159.55202016838
2016-09-03,3,113871.4938,113859.8087,113576.74922446419,113570.62953464936
2016-09-04,3,113863.3141,113871.4938,113524.89195716122,113520.09519530818
2016-09-05,3,113863.2141,113863.3141,113808.0317672,113799.61136767597
2016-09-06,3,113863.8289,113863.2141,113533.47423287097,113526.61108793202
2016-09-07,3,113546.9853,113863.8289,113528.57750340157,113521.66420334953
2016-09-08,3,113546.7227,113546.9853,113224.34817969988,113218.5074126619
2016-09-09,3,113273.5471,113546.7227,113137.65840520896,113132.24172227908
2016-09-10,3,112807.6782,113273.5471,112898.54567022079,112893.21447786332
2016-09-11,3,112806.7085,112807.6782,112478.5670334658,112473.19003416318
2016-09-12,3,112807.3863,112806.7085,112456.16061150515,112451.36800625433
2016-09-13,3,112582.5273,112807.3863,112473.9637692279,112467.92461003145
2016-09-14,3,112483.9383,112582.5273,112274.58650148539,112267.36145793756
2016-09-15,3,112291.8162,112483.9383,112139.54195147507,112133.96791679987
2016-09-16,3,112132.36,112291.8162,111912.80014568481,111903.95896701736
2016-09-17,3,111657.9295,112132.36,111720.7810459203,111713.09247018231
2016-09-18,3,111657.8004,111657.9295,111313.94332025453,111307.29238095673
2016-09-19,3,111658.4932,111657.8004,111272.86907882619,111266.12366267311
2016-09-20,3,111718.2298,111658.4932,111275.46242951664,111268.14144512778
2016-09-21,3,111533.0152,111718.2298,111329.07737673596,111320.92208006541
2016-09-22,3,111158.8173,111533.0152,111116.34832143277,111107.35311397508
2016-09-23,3,111011.908,111158.8173,110731.78228310119,110722.3137768897
2016-09-24,3,110826.4427,111011.908,110548.98378475888,110538.8263550597
2016-09-25,3,110826.4307,110826.4427,110388.85707260185,110379.33139336479
2016-09-26,3,110826.3538,110826.4307,110386.90915944274,110377.10607347923
2016-09-27,3,110214.4434,110826.3538,110398.38065635263,110386.97777690228
2016-09-28,3,109539.865,110214.4434,109854.2287504838,109841.95419647434
2016-09-29,3,109439.9486,109539.865,109200.25881397713,109189.35432213885
2016-09-30,3,108988.4989,109439.9486,109020.15391609973,109009.8649245151
2016-10-01,3,108278.318,108988.4989,108620.57414196682,108608.68106398993
2016-10-02,3,108278.318,108278.318,107957.78874296366,107945.9927651468
2016-10-03,3,108280.4583,108278.318,107899.68522864596,107889.79314721926
2016-10-04,3,107763.1696,108280.4583,107874.5626064552,107865.1296727083
2016-10-05,3,106658.7359,107763.1696,107408.86576932232,107400.36917814036
2016-10-06,3,106031.3662,106658.7359,106403.8727597088,106396.72212805955
2016-10-07,3,105689.3363,106031.3662,105717.02933792581,105711.90177906865
2016-10-08,3,105374.8343,105689.3363,105338.0466498744,105333.73666894827
2016-10-09,3,105082.298,105374.8343,105043.24744717592,105040.16042418007
2016-10-10,3,105082.761,105082.298,105023.42517881536,105017.30154182871
2016-10-11,3,105084.2909,105082.761,104679.36714156944,104674.37821928544
2016-10-12,3,104860.0239,105084.2909,104633.01332570308,104627.45708218394
2016-10-13,3,104671.8633,104860.0239,104399.30993899127,104396.62102619115
2016-10-14,3,104595.9809,104671.8633,104180.67293599658,104178.3595084933
2016-10-15,3,104553.8386,104595.9809,104068.05355886849,104063.25820877907
2016-10-16,3,104553.8386,104553.8386,104024.43558419462,104020.67180302407
2016-10-17,3,104554.4204,104553.8386,104035.2455093334,104031.54183738746
2016-10-18,3,104248.9051,104554.4204,104053.5850448335,104047.16388475276
2016-10-19,3,103505.0485,104248.9051,103797.35833570134,103785.71701664398
2016-10-20,3,102792.881,103505.0485,103130.37420307694,103116.90929271765
2016-10-21,3,102712.8095,102792.881,102464.75325105374,102452.48252369616
2016-10-22,3,102509.7,102712.8095,102327.46755147199,102314.44061762418
2016-10-23,3,102500.613,102509.7,102158.41690001363,102143.57372279072
2016-10-24,3,102502.4942,102500.613,102144.73167162124,102130.89662064728
2016-10-25,3,102305.172,102502.4942,102142.65345306465,102130.55543920204
2016-10-26,3,102050.155,102305.172,101956.57288429703,101946.56227652435
2016-10-27,3,101619.2696,102050.155,101698.70688369192,101691.50389457376
2016-10-28,3,101491.322,101619.2696,101299.74015061012,101294.71042515938
2016-10-29,3,101428.1831,101491.322,101148.8118671105,101145.32982267134
2016-10-30,3,101411.7336,101428.1831,101096.51180056896,101093.43677410093
2016-10-31,3,101412.8853,101411.7336,101088.37901665104,101085.1071292332
2016-11-01,3,101173.0561,101412.8853,101108.21665119918,101104.55063211248
2016-11-02,3,100939.1178,101173.0561,100916.47693136503,100911.04369007116
2016-11-03,3,100557.459,100939.1178,100683.10891227628,100676.33713948847
2016-11-04,3,100134.9025,100557.459,100307.71092939936,100301.24957147846
2016-11-05,3,100059.8014,100134.9025,99896.6884960463,99889.44580040374
2016-11-06,3,100060.0089,100059.8014,99801.58154740749,99794.81794080583
2016-11-07,3,100060.0906,100060.0089,99806.56347236327,99799.41730175052
2016-11-08,3,99938.23344,100060.0906,99806.45188579892,99798.38883143982
2016-11-09,3,99733.99454,99938.23344,99696.18669049666,99688.36688825004
2016-11-10,3,99602.94539,99733.99454,99486.72759063936,99478.9603815336
2016-11-11,3,99571.87373,99602.94539,99329.01157979999,99322.83211418975
2016-11-12,3,99500.56385,99571.87373,99288.49830677672,99283.52288422403
2016-11-13,3,99500.56385,99500.56385,99237.61512056095,99232.90765356137
2016-11-14,3,99501.82168,99500.56385,99257.88694513115,99253.75625413354
2016-11-15,3,99474.78716,99501.82168,99286.59072075361,99282.09835041543
2016-11-16,3,99205.2716,99474.78716,99278.87370630082,99274.67774088233
2016-11-17,3,99181.19466,99205.2716,99040.81752012375,99035.73146589771
2016-11-18,3,98759.71062,99181.19466,98979.73692116386,98973.71212775541
2016-11-19,3,98590.43692,98759.71062,98597.86569918158,98590.76427791112
2016-11-20,3,98590.18093,98590.43692,98430.17383377478,98423.98032587592
2016-11-21,3,98590.8519,98590.18093,98439.92505246056,98433.76624628727
2016-11-22,3,98590.1228,98590.8519,98464.38924196512,98457.89864056658
2016-11-23,3,98513.02444,98590.1228,98466.16243187383,98459.7218851901
2016-11-24,3,98627.42262,98513.02444,98384.23974793371,98378.66090938354
2016-11-25,3,98551.26764,98627.42262,98433.16238856295,98428.49910506328
2016-11-26,3,98459.7594,98551.26764,98368.01207659405,98364.38823331383
2016-11-27,3,98458.52795,98459.7594,98297.29163565097,98294.52742473793
2016-11-28,3,98458.56136,98458.52795,98319.35563875613,98317.00821898619
2016-11-29,3,98337.71441,98458.56136,98352.31987252114,98350.08724851556
2016-11-30,3,98373.0832,98337.71441,98263.4734696038,98260.05062254044
2016-12-01,3,98087.62738,98373.0832,98086.66351180202,98078.52457153727
2016-12-02,3,97827.82202,98087.62738,97824.28513483498,97814.06174598054
2016-12-03,3,97848.15947,97827.82202,97562.51307786726,97552.08148519312
2016-12-04,3,97848.15947,97848.15947,97578.29906536726,97569.07271919768
2016-12-05,3,97848.15947,97848.15947,97593.5711365715,97583.29727673324
2016-12-06,3,97823.51807,97848.15947,97613.76507392357,97603.80244198198
2016-12-07,3,99672.62631,97823.51807,97599.71456109104,97590.31817330672
2016-12-08,3,100077.4478,99672.62631,99196.98378052599,99186.83246539133
2016-12-09,3,100114.3392,100077.4478,99700.80463157018,99688.22253143453
2016-12-10,3,100101.9907,100114.3392,99769.07489227824,99758.66600141131
2016-12-11,3,100102.1254,100101.9907,99783.19610199213,99774.49097897185
2016-12-12,3,100102.7022,100102.1254,99836.99894200187,99828.96528066427
2016-12-13,3,100228.0271,100102.7022,99903.7306566249,99894.19974434526
2016-12-14,3,100227.5916,100228.0271,100056.69055554128,100044.90346444091
2016-12-15,3,100061.6421,100227.5916,100018.63388433185,100000.03410704459
2016-12-16,3,100205.8276,100061.6421,99851.59743677774,99832.05596566861
2016-12-17,3,100063.8235,100205.8276,99957.28928042449,99939.12006599609
2016-12-18,3,100063.8759,100063.8235,99861.36314158012,99843.79161190092
2016-12-19,3,100064.7619,100063.8759,99881.04462798257,99864.29938454137
2016-12-20,3,99877.19998,100064.7619,99915.64298602052,99899.0216277523
2016-12-21,3,99829.79571,99877.19998,99745.62347520953,99738.81741917448
2016-12-22,3,99918.38838,99829.79571,99660.29469441265,99655.77558944837
2016-12-23,3,99828.85709,99918.38838,99717.9009953276,99714.23422860984
2016-12-24,3,101786.6737,99828.85709,99619.39943715611,99615.08628337747
2016-12-25,3,101786.8223,101786.6737,101629.86322039567,101621.7670634877
2016-12-26,3,101786.975,101786.8223,101827.96088961184,101816.83416227256
2016-12-27,3,101786.975,101786.975,101565.07758343611,101559.94076496443
2016-12-28,3,101787.2103,101786.975,101587.47667531308,101583.97975443148
2016-12-29,3,101830.207,101787.2103,101590.35296829054,101585.60893961391
2016-12-30,3,101920.8714,101830.207,101623.0568060256,101617.1939896814
2016-12-31,3,102454.0955,101920.8714,101703.35519553193,101693.2208561555
2017-01-01,3,102469.7427,102454.0955,102397.96525461561,102377.25047539324
2017-01-02,3,102469.7427,102469.7427,102479.93061433984,102457.86561261231
2017-01-03,3,102470.2595,102469.7427,102217.96259385126,102197.41416362673
2017-01-04,3,102392.8757,102470.2595,102219.17497879449,102197.49436162128
2017-01-05,3,102751.5232,102392.8757,102133.62229543203,102111.20754883678
2017-01-06,3,102936.0797,102751.5232,102448.43211142617,102429.98212015996
2017-01-07,3,103157.3118,102936.0797,102622.85201941953,102613.32945808096
2017-01-08,4,103152.7068,103157.3118,102938.53792101858,102938.4343540833
2017-01-09,4,103152.6218,103152.7068,102946.99461234297,102946.8922898571
2017-01-10,4,101878.5887,103152.6218,102966.4142176506,102966.30559824432
2017-01-11,4,101928.8154,101878.5887,101836.52134132117,101836.45119808767
2017-01-12,4,101930.6885,101928.8154,101793.13559585571,101793.07714953035
2017-01-13,4,101985.6409,101930.6885,101815.07355515417,101814.97597611128
2017-01-14,4,102005.0398,101985.6409,101857.73488293833,101857.6524120123
2017-01-15,4,102004.9843,102005.0398,101830.22295469017,101830.13982535116
2017-01-16,4,102004.9843,102004.9843,101804.61908377439,101804.55381443095
2017-01-17,4,102039.1801,102004.9843,101795.1999319808,101795.16840302186
2017-01-18,4,102036.8754,102039.1801,101867.9326745737,101867.93261481823
2017-01-19,4,102479.5087,102036.8754,101841.02156042117,101841.02806780883
2017-01-20,4,102480.9321,102479.5087,102241.8646572547,102241.84404334714
2017-01-21,4,102486.6168,102480.9321,102275.67111761928,102275.64309815747
2017-01-22,4,102495.2081,102486.6168,102258.20313029016,102258.175978794
2017-01-23,4,102495.5094,102495.2081,102203.10632929332,102203.07569826675
2017-01-24,4,102653.5599,102495.5094,102253.6580275146,102253.5386575651
2017-01-25,4,102619.8881,102653.5599,102389.28816192779,102389.15044961218
2017-01-26,4,103152.5951,102619.8881,102366.09868571325,102365.94976666852
2017-01-27,4,104138.8281,103152.5951,102824.22299849763,102824.02721286517
2017-01-28,4,104131.7393,104138.8281,103787.79271422142,103787.60164854761
2017-01-29,4,104131.3573,104131.7393,103809.92416657992,103809.7123160797
2017-01-30,4,104131.4031,104131.3573,103796.54226559043,103796.33515501473
2017-01-31,4,104048.0324,104131.4031,103828.12318305224,103827.91274578548
2017-02-01,4,104128.1058,104048.0324,103760.82368891385,103760.60105198165
2017-02-02,4,104104.6651,104128.1058,103841.0755326325,103840.86685344909
2017-02-03,4,103656.2303,104104.6651,103856.00478455542,103855.76946215724
2017-02-04,4,103119.4376,103656.2303,103424.0701776811,103423.81565668549
2017-02-05,4,103119.7471,103119.4376,102893.79698833881,102893.57757645978
2017-02-06,4,103119.6879,103119.7471,102858.83991399064,102858.6270674057
2017-02-07,4,103123.8799,103119.6879,102885.80042403174,102885.59183523056
2017-02-08,4,103089.3409,103123.8799,102879.11581590636,102878.90544339662
2017-02-09,4,103029.9423,103089.3409,102816.39989804033,102816.25174785535
2017-02-10,4,103042.6469,103029.9423,102736.30387860273,102736.24113892
2017-02-11,4,103048.6278,103042.6469,102754.20292938774,102754.1771774728
2017-02-12,4,103048.6278,103048.6278,102754.04438428729,102754.0388696506
2017-02-13,4,103049.1187,103048.6278,102749.40987875225,102749.39590385066
2017-02-14,4,103017.9397,103049.1187,102769.28700407778,102769.25371507334
2017-02-15,4,102919.97,103017.9397,102725.79686628183,102725.75733999252
2017-02-16,4,103001.8855,102919.97,102614.2231907325,102614.17716915585
2017-02-17,4,103319.1287,103001.8855,102704.36729201188,102704.28581758523
2017-02-18,4,102806.2508,103319.1287,102989.10242527975,102988.9654533761
2017-02-19,4,102803.7384,102806.2508,102518.92893810465,102518.79633904948
2017-02-20,4,102803.7384,102803.7384,102678.01271503461,102677.86819041402
2017-02-21,4,102805.1186,102803.7384,102496.64800444567,102496.51084290804
2017-02-22,4,102975.8793,102805.1186,102486.02803642793,102485.87134683428
2017-02-23,4,101890.26,102975.8793,102619.06904511555,102618.89186454052
2017-02-24,4,102058.8082,101890.26,101687.57695898283,101687.40548839136
2017-02-25,4,102103.0332,102058.8082,101727.63487423632,101727.46755854356
2017-02-26,4,102100.6657,102103.0332,101769.1650258824,101768.98833118037
2017-02-27,4,102100.6657,102100.6657,101769.77499565738,101769.5952849353
2017-02-28,4,102165.4667,102100.6657,101787.00311415897,101786.82163661928
2017-03-01,4,102122.2021,102165.4667,101828.27993683094,101828.10233324095
2017-03-02,4,102305.4123,102122.2021,101752.04019567446,101751.89984973439
2017-03-03,4,102430.3816,102305.4123,101979.25862725599,101979.17923411191
2017-03-04,4,102812.3696,102430.3816,102125.52105976215,102125.40389692191
2017-03-05,4,102811.049,102812.3696,102430.91587046048,102430.76073218539
2017-03-06,4,102811.1515,102811.049,102444.58556997859,102444.40639239768
2017-03-07,4,102534.6483,102811.1515,102471.85813664155,102471.6771561717
2017-03-08,4,102507.4487,102534.6483,102221.97180754488,102221.80757946451
2017-03-09,4,102569.0481,102507.4487,102202.1100989269,102201.8861820861
2017-03-10,4,102577.6201,102569.0481,102280.19338054732,102279.96564613302
2017-03-11,4,102606.5696,102577.6201,102311.95020318347,102311.71811035187
2017-03-12,4,102606.301,102606.5696,102302.20587638335,102301.96916054841
2017-03-13,4,102606.501,102606.301,102304.75908800165,102304.53182832949
2017-03-14,4,102594.3056,102606.501,102326.04222550876,102325.82639425155
2017-03-15,4,102593.5059,102594.3056,102326.2259202403,102326.01951137422
2017-03-16,4,102643.708,102593.5059,102315.53316385782,102315.3426668278
2017-03-17,4,102668.0374,102643.708,102380.97283921733,102380.79090326189
2017-03-18,4,102621.8169,102668.0374,102414.27167822525,102414.11798913631
2017-03-19,4,102621.8169,102621.8169,102357.77500473316,102357.6326666077
2017-03-20,4,102622.2169,102621.8169,102346.74730051143,102346.59406495138
2017-03-21,4,102625.2841,102622.2169,102382.56128488186,102382.38901141263
2017-03-22,4,102717.1745,102625.2841,102387.26304222507,102387.08631100356
2017-03-23,4,102680.8583,102717.1745,102459.06979978245,102458.89484473871
2017-03-24,4,102502.1376,102680.8583,102454.78007635829,102454.60867781051
2017-06-01,4,112953.6903,102502.1376,102736.6688932142,102736.65528344303
2017-06-02,4,114346.2674,112953.6903,112396.10801640828,112396.15292035115
2017-06-03,4,114758.5639,114346.2674,114326.0644990567,114325.82373285561
2017-06-04,4,114828.9665,114758.5639,114649.0013033916,114648.83012822947
2017-06-05,4,114829.4392,114828.9665,114720.0594156236,114719.93027231279
2017-06-06,4,115435.7781,114829.4392,114845.74549942945,114845.59984840243
2017-06-07,4,115624.1691,115435.7781,115647.13971174623,115646.93415200376
2017-06-08,4,115978.5896,115624.1691,116259.78500701103,116259.51456638753
2017-06-09,4,116175.8086,115978.5896,116241.39671121343,116240.69302725226
2017-06-10,4,116484.6882,116175.8086,116424.25843808037,116423.5297956174
2017-06-11,4,116496.1945,116484.6882,116704.9152659862,116704.21396364609
2017-06-12,4,116496.0197,116496.1945,116756.95675012705,116756.28085352671
2017-06-13,4,116731.9626,116496.0197,116819.31508664927,116818.65534372929
2017-06-14,4,116901.2709,116731.9626,117040.38000731418,117039.70509917127
2017-06-15,4,116955.7865,116901.2709,117023.80663640618,117023.75068705219
2017-06-16,4,116963.0237,116955.7865,117081.02572912794,117081.0436461675
2017-06-17,4,119140.17,116963.0237,117097.71625223845,117097.7567006505
2017-06-18,4,119140.17,119140.17,119112.47071052114,119112.54402939443
2017-06-19,4,119141.1444,119140.17,119262.58403341714,119262.59473483829
2017-06-20,4,118960.6436,119141.1444,119268.90463932972,119268.9551415443
2017-06-21,4,118792.1362,118960.6436,119101.83155658816,119101.88289184305
2017-06-22,4,119081.7663,118792.1362,118942.68204457736,118942.73951641703
2017-06-23,4,119029.1462,119081.7663,119247.08608695425,119247.10014640662
2017-06-24,4,118938.8675,119029.1462,119300.89245603161,119300.87844701795
2017-06-25,4,118939.4047,118938.8675,119114.8007290475,119114.69210547552
2017-06-26,4,118939.8203,118939.4047,119112.57664385269,119112.44419778971
2017-06-27,4,118848.2218,118939.8203,119136.50341414557,119136.3476470657
2017-06-28,4,119172.5467,118848.2218,119065.08202163482,119064.90161460653
2017-06-29,4,119265.2161,119172.5467,119367.01875070212,119366.79408592726
2017-06-30,4,119200.4323,119265.2161,119529.66326145221,119529.39701353859
2017-07-01,4,118888.255,119200.4323,119368.43741628082,119368.3157362123
2017-07-02,4,118888.255,118888.255,118824.3346363611,118824.26552699199
2017-07-03,4,118888.255,118888.255,118794.18531167827,118794.11856107356
2017-07-04,4,118894.1188,118888.255,118826.31837816797,118826.22157832669
2017-07-05,4,119231.3855,118894.1188,118842.73291627213,118842.609683795
2017-07-06,4,119380.4389,119231.3855,119084.06903002209,119083.9280633633
2017-07-07,4,119568.8349,119380.4389,119248.42450833596,119248.27360898026
2017-07-08,4,119873.2234,119568.8349,119426.42520836601,119426.28601747617
2017-07-09,4,119873.03,119873.2234,119706.3741703819,119706.25328369216
2017-07-10,4,119877.466,119873.03,119721.74808715173,119721.62000797217
2017-07-11,4,120033.0458,119877.466,119761.97611968029,119761.83552119652
2017-07-12,4,120136.1951,120033.0458,119915.81036205827,119915.68210263949
2017-07-13,4,120427.5537,120136.1951,120002.4729474142,120002.33142991575
2017-07-14,4,120550.2697,120427.5537,120308.98168319295,120308.833996261
2017-07-15,4,120804.2383,120550.2697,120461.22231649849,120461.04516036394
2017-07-16,4,120804.2383,120804.2383,120674.74494479348,120674.56299282625
2017-07-17,4,120805.2717,120804.2383,120633.65738775922,120633.47190299715
2017-07-18,4,120102.9039,120805.2717,120669.15022934575,120668.96631427413
2017-07-19,4,120473.2746,120102.9039,120044.97021376083,120044.8306669369
2017-07-20,4,120685.1491,120473.2746,120316.08804795507,120315.95108113979
2017-07-21,4,121031.5678,120685.1491,120549.17241434287,120549.01378253453
2017-07-22,4,120979.7835,121031.5678,120875.43622297802,120875.28319610003
2017-07-23,4,120984.9381,120979.7835,120812.69005046756,120812.54433372914
2017-07-24,4,120984.9688,120984.9381,120802.74283163372,120802.61622214672
2017-07-25,4,121226.5649,120984.9688,120811.74008475566,120811.62767558996
2017-07-26,4,121600.836,121226.5649,121077.58596268894,121077.50385031897
2017-07-27,4,121780.7226,121600.836,121425.87849969887,121425.80074209989
2017-07-28,4,121974.1542,121780.7226,121631.14595797408,121631.06171539097
2017-07-29,4,122155.0731,121974.1542,121811.25083040513,121811.1872572113
2017-07-30,4,122158.9275,122155.0731,121968.8639911743,121968.80957966755
2017-07-31,4,122158.9275,122158.9275,121987.19057685112,121987.1306129571
2017-08-01,4,122137.9745,122158.9275,122038.94841768744,122038.8353906027
2017-08-02,4,122515.1483,122137.9745,122019.93382587006,122019.82789227957
2017-08-03,4,122548.5912,122515.1483,122350.58201541008,122350.47773849907
2017-08-04,4,122365.1827,122548.5912,122407.88242257861,122407.77942687985
2017-08-05,4,122610.0554,122365.1827,122246.79433746272,122246.69681951302
2017-08-06,4,122611.1005,122610.0554,122412.43696058122,122412.3365440311
2017-08-07,4,122611.502,122611.1005,122420.3965616177,122420.28572443647
2017-08-08,4,122614.4707,122611.502,122439.67896086202,122439.57166640529
2017-08-09,4,122422.6263,122614.4707,122441.29041552344,122441.20173528454
2017-08-10,4,122275.8769,122422.6263,122237.83816208564,122237.75940339436
2017-08-11,4,122223.4877,122275.8769,122103.83212493712,122103.77561586347
2017-08-12,4,122195.034,122223.4877,122063.74584205056,122063.70334649985
2017-08-13,4,122195.034,122195.034,121997.94509281439,121997.89448304998
2017-08-14,4,122195.234,122195.034,121991.00184877,121990.94799900922
2017-08-15,4,122209.0951,122195.234,122006.09662410663,122006.03625284188
2017-08-16,4,122062.2937,122209.0951,121994.64092095799,121994.60822317109
2017-08-17,4,121915.098,122062.2937,121849.71847056723,121849.70795574173
2017-08-18,4,121492.3976,121915.098,121717.39344515759,121717.3826492264
2017-08-19,4,121263.7704,121492.3976,121323.98544809596,121324.00115691371
2017-08-20,4,121261.0693,121263.7704,121049.49844371805,121049.52296891413
2017-08-21,4,121261.5804,121261.0693,121018.65171378336,121018.65981038383
2017-08-22,4,122174.8991,121261.5804,121024.69740135889,121024.68234233314
2017-08-23,4,121855.8137,122174.8991,121801.81012382831,121801.73188575049
2017-08-24,4,121571.031,121855.8137,121545.32422337744,121545.24143285234
2017-08-25,4,121687.4615,121571.031,121258.58196633401,121258.53220852213
2017-08-26,4,119520.7763,121687.4615,121348.5833541408,121348.54346461142
2017-08-27,4,119505.8633,119520.7763,119452.5224910003,119452.51690569287
2017-08-28,4,119505.8633,119505.8633,119262.41630720664,119262.40433968793
2017-08-29,4,119636.7168,119505.8633,119280.65761438463,119280.56530729604
2017-08-30,4,119555.3705,119636.7168,119317.64423749704,119317.48752080426
2017-08-31,4,119784.1944,119555.3705,119200.80537738962,119200.6564050021
2017-09-01,4,119568.2906,119784.1944,119370.79563470904,119370.64237159662
2017-09-02,4,119352.6733,119568.2906,119139.0512977071,119138.96269864801
2017-09-03,4,119352.6066,119352.6733,118970.88474937335,118970.87896393913
2017-09-04,4,119352.6066,119352.6066,119141.30323788719,119141.25304549524
2017-09-05,4,119352.7733,119352.6066,118938.36619348849,118938.37303949725
2017-09-06,4,119595.6983,119352.7733,118919.76017121242,118919.72917650218
2017-09-07,4,119657.0751,119595.6983,119120.94364745611,119120.8844919675
2017-09-08,4,119457.5319,119657.0751,119172.47957584554,119172.4065059144
2017-09-09,4,119383.9639,119457.5319,119036.76771071635,119036.58474847136
2017-09-10,4,119426.258,119383.9639,118936.90457087063,118936.74188675251
2017-09-11,4,119426.8978,119426.258,118969.3142380692,118969.14621829502
2017-09-12,4,119257.8999,119426.8978,118999.01057924633,118998.8400345765
2017-09-13,4,119069.4469,119257.8999,118853.47870127879,118853.30468498248
2017-09-14,4,118974.6944,119069.4469,118646.84010760272,118646.68283693172
2017-09-15,4,118962.2511,118974.6944,118567.64052883636,118567.4846703825
2017-09-16,4,118875.5197,118962.2511,118573.46573061892,118573.31704552131
2017-09-17,4,118875.5197,118875.5197,118485.4732147836,118485.34713907061
2017-09-18,4,118875.7015,118875.5197,118471.51317170486,118471.39356969722
2017-09-19,4,118425.5949,118875.7015,118483.19016082118,118483.0727210271
2017-09-20,4,118373.0559,118425.5949,118080.72439323847,118080.64054692921
2017-09-21,4,118048.8639,118373.0559,117982.00160707827,117981.93502268469
2017-09-22,4,117867.2881,118048.8639,117723.90476285579,117723.83293092335
2017-09-23,4,117743.0462,117867.2881,117556.15347449368,117556.0966467093
2017-09-24,4,117647.1817,117743.0462,117424.26149965732,117424.2343104321
2017-09-25,4,117648.1231,117647.1817,117220.33690982992,117220.20066239583
2017-09-26,4,117457.435,117648.1231,117205.84981794981,117205.69818162324
2017-09-27,4,116969.0521,117457.435,117027.80761095586,117027.65673598202
2017-09-28,4,116570.6436,116969.0521,116553.89810000912,116553.76058589811
2017-09-29,4,115760.8774,116570.6436,116174.17485223507,116174.05130662333
2017-09-30,4,115601.5312,115760.8774,115438.20249384062,115438.0854129549
2017-10-01,4,115589.7968,115601.5312,115190.17477923419,115190.05633428112
2017-10-02,4,115592.609,115589.7968,115139.82014405502,115139.67901845498
2017-10-03,4,115000.7528,115592.609,115125.01738777195,115124.8311464362
2017-10-04,4,114040.8219,115000.7528,114562.72878843606,114562.56559535331
2017-10-05,4,112365.2008,114040.8219,113641.91086850523,113641.78142729182
2017-10-06,4,111196.6287,112365.2008,112104.83832857359,112104.7475989308
2017-10-07,4,109883.1573,111196.6287,110969.12236170463,110969.05690114918
2017-10-08,4,109693.501,109883.1573,109672.98780657236,109672.89280904773
2017-10-09,4,109693.5505,109693.501,109538.50451183159,109538.35202224922
2017-10-10,4,109694.8713,109693.5505,109250.7498309667,109250.5902307227
2017-10-11,4,109045.5067,109694.8713,109157.88787566962,109157.74217538377
2017-10-12,4,108663.047,109045.5067,108495.69441197309,108495.61920493106
2017-10-13,4,108294.1217,108663.047,108104.24820022995,108104.22583622318
2017-10-14,4,108021.7088,108294.1217,107737.23119580917,107737.25930114585
2017-10-15,4,108021.4958,108021.7088,107463.4260932881,107463.48709748169
2017-10-16,4,108023.875,108021.4958,107410.19108027004,107410.2283605051
2017-10-17,4,106480.7579,108023.875,107409.67785201222,107409.66398302991
2017-10-18,4,106191.668,106480.7579,106047.86339271125,106047.8369650131
2017-10-19,4,105763.4326,106191.668,105664.07850963625,105663.98651842219
2017-10-20,4,105267.6782,105763.4326,105305.61386807538,105305.46376901948
2017-10-21,4,105079.4746,105267.6782,104855.4906906688,104855.26785313556
2017-10-22,4,105079.4746,105079.4746,104615.65051746575,104615.4336066689
2017-10-23,4,105079.8746,105079.4746,104560.59118051667,104560.39130241564
2017-10-24,4,104588.9425,105079.8746,104532.33025934135,104532.18234600822
2017-10-25,4,104313.8276,104588.9425,104163.29193754247,104163.20915664897
2017-10-26,4,104147.3357,104313.8276,103878.92184984815,103878.87599752325
2017-10-27,4,103960.5709,104147.3357,103737.35169815324,103737.31685398988
2017-10-28,4,103759.3873,103960.5709,103597.62305199103,103597.60709417464
2017-10-29,4,103759.3873,103759.3873,103372.48632805736,103372.46943609667
2017-10-30,4,103760.403,103759.3873,103366.53330717685,103366.5488872101
2017-10-31,4,103671.8875,103760.403,103438.99166336186,103438.9692436068
2017-11-01,4,103155.8637,103671.8875,103419.57579402764,103419.6213556945
2017-11-02,4,103046.8412,103155.8637,102986.2051026568,102986.2785262214
2017-11-03,4,102927.9389,103046.8412,102882.7730862246,102882.83901398737
2017-11-04,4,102749.449,102927.9389,102742.39281558977,102742.4026127319
2017-11-05,4,102749.449,102749.449,102529.02879875322,102529.01290491538
2017-11-06,4,102749.649,102749.449,102452.56193140561,102452.4862433259
2017-11-07,4,102609.0501,102749.649,102474.62811609714,102474.52980152974
2017-11-08,4,102522.8069,102609.0501,102357.62421269275,102357.55402128657
2017-11-09,4,102434.8987,102522.8069,102294.65554273251,102294.63132267317
2017-11-10,4,102373.1665,102434.8987,102221.88718803436,102221.85130147389
2017-11-11,4,102325.3129,102373.1665,102177.41473441162,102177.38335248735
2017-11-12,4,102325.3129,102325.3129,102118.29105754588,102118.27643951868
2017-11-13,4,102326.2915,102325.3129,102121.0774661011,102121.07376193689
2017-11-14,4,102363.2936,102326.2915,102167.66488452093,102167.68331101487
2017-11-15,4,102340.5548,102363.2936,102238.9850680849,102239.01332989174
2017-11-16,4,102224.1991,102340.5548,102150.29327090656,102150.25410100522
2017-11-17,4,101830.5625,102224.1991,102068.88325079832,102068.84707951744
2017-11-18,4,101758.9466,101830.5625,101728.36751286291,101728.32900336199
2017-11-19,4,101758.9466,101758.9466,101602.05847784599,101602.01470830095
2017-11-20,4,101759.0666,101758.9466,101595.86601129414,101595.8127998041
2017-11-21,4,101730.2219,101759.0666,101629.78325449386,101629.7232566158
2017-11-22,4,101315.7503,101730.2219,101601.70899325066,101601.65691259578
2017-11-23,4,101152.4993,101315.7503,101200.51927691585,101200.46305972837
2017-11-24,4,101126.0762,101152.4993,101028.13529037438,101028.08994843524
2017-11-25,4,101271.5886,101126.0762,101013.5681566389,101013.53466750524
2017-11-26,4,101186.0281,101271.5886,101114.57699296226,101114.53843239548
2017-11-27,4,101186.0281,101186.0281,101035.92363649642,101035.87982079841
2017-11-28,4,101104.7104,101186.0281,101043.97571291267,101043.94519651517
2017-11-29,4,101068.9167,101104.7104,100957.11816567171,100957.10915008925
2017-11-30,4,100714.1896,101068.9167,100920.26875187003,100920.27697173212
2017-12-01,4,100466.9493,100714.1896,100618.5008501204,100618.4693317095
2017-12-02,4,100429.783,100466.9493,100385.95356152071,100385.92422262965
2017-12-03,4,100429.8385,100429.783,100296.17893546165,100296.1429119003
2017-12-04,4,100430.601,100429.8385,100278.56902529657,100278.51787919004
2017-12-05,4,100376.2459,100430.601,100289.29077423018,100289.23152267704
2017-12-06,4,100366.9383,100376.2459,100233.36997672201,100233.29582916964
2017-12-07,4,100211.7699,100366.9383,100176.79018404445,100176.70224298432
2017-12-08,4,102176.1222,100211.7699,100056.38464947524,100056.31140035483
2017-12-09,4,102187.7857,102176.1222,101787.36203015354,101787.20724962674
2017-12-10,4,102185.9523,102187.7857,101912.05219044191,101911.85127897933
2017-12-11,4,102186.1034,102185.9523,101897.54522859484,101897.37089501384
2017-12-12,4,102136.2377,102186.1034,101923.028859912,101922.85699899035
2017-12-13,4,102110.5352,102136.2377,101897.59134639724,101897.4205771759
2017-12-14,4,102055.2185,102110.5352,101907.59983213664,101907.40539447105
2017-12-15,4,102173.5723,102055.2185,101965.00541790634,101964.80697125893
2017-12-16,4,102225.1087,102173.5723,101995.74393467065,101995.46441397596
2017-12-17,4,102231.8024,102225.1087,102037.90527429686,102037.6457441275
2017-12-18,4,102232.0024,102231.8024,102051.4154071965,102051.1684043991
2017-12-19,4,102690.8634,102232.0024,102076.65048663112,102076.40512367236
2017-12-20,4,102692.8576,102690.8634,102506.832510945,102506.6046321293
2017-12-21,4,102633.6882,102692.8576,102530.55288892334,102530.31304990781
2017-12-22,4,102635.2737,102633.6882,102467.11886129333,102467.01491333872
2017-12-23,4,102408.9395,102635.2737,102472.67599305908,102472.58174280384
2017-12-24,4,102414.4644,102408.9395,102247.0193831782,102246.92657219524
2017-12-25,4,102414.2917,102414.4644,102444.0856926317,102443.96460494303
2017-12-26,4,102414.3592,102414.2917,102480.27749876541,102480.1366067704
2017-12-27,4,102414.893,102414.3592,102248.0724437092,102247.9337075837
2017-12-28,4,102362.3878,102414.893,102228.333528224,102228.19617400307
2017-12-29,4,102419.0861,102362.3878,102193.15697946321,102193.0359098963
2017-12-30,4,102692.2922,102419.0861,102241.69769504532,102241.5924622286
2017-12-31,4,102654.9329,102692.2922,102468.43586319892,102468.32342304425
2018-01-01,4,102654.9329,102654.9329,102649.63003310941,102649.47782288448
2018-01-02,4,102655.1123,102654.9329,102455.47818063543,102455.37174079634
2018-01-03,4,102934.9651,102655.1123,102443.7575027589,102443.63885783403
2018-01-04,4,100525.5273,102934.9651,102692.55491253817,102692.42937995076
2018-01-05,4,100599.7456,100525.5273,100580.7827122103,100580.7004555654
2018-01-06,4,101042.2611,100599.7456,100478.12084519221,100478.04137724952
2018-01-07,4,101045.2772,101042.2611,100829.42605569586,100829.26429791453
2018-01-08,4,101045.3224,101045.2772,100848.86198412681,100848.67333164546
2018-01-09,4,101720.4915,101045.3224,100836.62624477193,100836.43859064995
2018-01-10,4,101751.2709,101720.4915,101385.39463900062,101385.21074918835
2018-01-11,4,101673.5709,101751.2709,101365.44762618472,101365.29288960948
2018-01-12,4,101703.9248,101673.5709,101413.3634565708,101413.31293005336
2018-01-13,4,101689.6649,101703.9248,101445.08788101558,101445.04497998189
2018-01-14,4,101635.0134,101689.6649,101396.46645169928,101396.39820444507
2018-01-15,4,101635.9236,101635.0134,101356.43944474267,101356.36180444281
2018-01-16,4,101575.4134,101635.9236,101394.99104463679,101394.8973709551
2018-01-17,4,101577.6876,101575.4134,101295.29540781205,101295.18195875335
2018-01-18,4,101424.6728,101577.6876,101312.77174965882,101312.51070354079
2018-01-19,4,101393.9747,101424.6728,101194.84472571532,101194.59487091363
2018-01-20,4,100581.577,101393.9747,101156.06236019619,101155.8505325992
2018-01-21,4,100616.5224,100581.577,100401.85989373845,100401.6754654971
2018-01-22,4,100617.3898,100616.5224,100373.27712864187,100373.106676518
2018-01-23,4,100967.7353,100617.3898,100381.6973967819,100381.54613144658
2018-01-24,4,100903.0578,100967.7353,100678.16827620246,100678.00227354436
2018-01-25,4,100860.1092,100903.0578,100613.34212863604,100613.17640001715
2018-01-26,4,100754.7196,100860.1092,100572.08481437665,100571.9475947271
2018-01-27,4,100944.9399,100754.7196,100462.57534080338,100462.46775541847
2018-01-28,4,100900.9286,100944.9399,100641.56504722222,100641.4887417072
2018-01-29,4,100900.9784,100900.9286,100623.74098084278,100623.65831482298
2018-01-30,4,100796.6175,100900.9784,100660.9478512252,100660.8627144608
2018-01-31,4,100621.7856,100796.6175,100552.57821052942,100552.49176987933
2018-02-01,4,100403.9248,100621.7856,100386.41931855667,100386.34462314128
2018-02-02,4,100555.4806,100403.9248,100213.86833365947,100213.81116819511
2018-02-03,4,100671.232,100555.4806,100317.96711868628,100317.8074967816
2018-02-04,4,100671.232,100671.232,100393.80777828518,100393.63403810815
2018-02-05,4,100671.232,100671.232,100389.31091043355,100389.12906004701
2018-02-06,4,100558.0637,100671.232,100391.94364755413,100391.78002693494
2018-02-07,4,100288.8145,100558.0637,100274.24503557026,100274.08203569443
2018-02-08,4,100284.9902,100288.8145,100008.23133236995,100008.07186408696
2018-02-09,4,100178.018,100284.9902,100021.67376405036,100021.51719387234
2018-02-10,4,100165.4895,100178.018,99930.82810446112,99930.67405489781
2018-02-11,4,100165.4895,100165.4895,99884.44808849783,99884.29583641567
2018-02-12,4,100165.8837,100165.4895,99880.52443067184,99880.37648828444
2018-02-13,4,100147.7305,100165.8837,99908.14650610305,99908.00212582147
2018-02-14,4,100165.8944,100147.7305,99890.31863050077,99890.18063779536
2018-02-15,4,100124.1494,100165.8944,99903.04328926555,99902.90636716099
2018-02-16,4,100029.8095,100124.1494,99884.79769914501,99884.68000711889
2018-02-17,4,99711.27909,100029.8095,99806.44712403284,99806.34098966848
2018-02-18,4,99537.56464,99711.27909,99506.04414706072,99505.95526858144
2018-02-19,4,99537.56464,99537.56464,99510.29736600818,99510.16034466238
2018-02-20,4,99539.21796,99537.56464,99315.24774104271,99315.11468009674
2018-02-21,4,99785.99749,99539.21796,99304.8249068293,99304.66042010946
2018-02-22,4,100262.4849,99785.99749,99494.12355545424,99493.94437466146
2018-02-23,4,100299.2187,100262.4849,99947.23151501846,99947.03750640301
2018-02-24,4,100342.262,100299.2187,100012.6418211282,100012.45592815243
2018-02-25,4,100504.2278,100342.262,100038.92899756592,100038.77219418653
2018-02-26,4,100504.6028,100504.2278,100197.24729366323,100197.09051552511
2018-02-27,4,100418.4499,100504.6028,100246.40026859067,100246.23089684588
2018-02-28,4,100347.5093,100418.4499,100187.16879450661,100187.00046564582
2018-03-01,4,100326.7571,100347.5093,100111.1836891418,100111.00127091023
2018-03-02,4,100445.4413,100326.7571,100101.3731683961,100101.17000630235
2018-03-03,4,100171.6168,100445.4413,100228.97048998342,100228.74857949256
2018-03-04,4,99847.24385,100171.6168,99977.5493714312,99977.32345041356
2018-03-05,4,99847.64823,99847.24385,99662.47468261964,99662.26083808942
2018-03-06,4,99888.12689,99847.64823,99665.73810376525,99665.52719273201
2018-03-07,4,99769.4544,99888.12689,99699.49873148199,99699.30243239777
2018-03-08,4,99743.50063,99769.4544,99570.9593116278,99570.79267608335
2018-03-09,4,99804.80906,99743.50063,99555.89349509942,99555.74055681989
2018-03-10,4,99885.39652,99804.80906,99601.71626853498,99601.57854281034
2018-03-11,4,99885.29194,99885.39652,99658.00047794981,99657.89740809987
2018-03-12,4,99885.8144,99885.29194,99677.68073552143,99677.58967586515
2018-03-13,4,99850.98666,99885.8144,99702.10616243082,99702.00397602648
2018-03-14,4,99849.59904,99850.98666,99663.4664018228,99663.3588711779
2018-03-15,4,99895.767,99849.59904,99653.19487946207,99653.091137771
2018-03-16,4,99861.32033,99895.767,99717.88387738704,99717.78574132876
2018-03-17,4,99662.06934,99861.32033,99707.6872485244,99707.57456302654
2018-03-18,4,99662.06934,99662.06934,99509.65819126986,99509.53628898865
2018-03-19,4,99662.19434,99662.06934,99490.8571950851,99490.73335733614
2018-03-20,4,99754.27457,99662.19434,99514.90388853593,99514.77035638741
2018-03-21,4,99822.13327,99754.27457,99592.25864889912,99592.10493046418
2018-03-22,4,99871.66701,99822.13327,99641.57826055835,99641.41281621989
2018-03-23,4,99979.22868,99871.66701,99695.21200769611,99695.04619249332
2018-03-24,4,99656.3903,99979.22868,99796.73434903316,99796.57463121708
2018-03-25,4,99657.10919,99656.3903,99524.9438358898,99524.84070679871
2018-03-26,4,99657.53343,99657.10919,99510.52846717335,99510.43359488304
2018-03-27,4,99595.32335,99657.53343,99547.27270625297,99547.16405327733
2018-03-28,4,99440.46864,99595.32335,99496.78003310646,99496.66737099882
2018-03-29,4,99519.79936,99440.46864,99344.35828518322,99344.24971998954
2018-03-30,4,99643.84784,99519.79936,99626.5660706396,99626.43403254275
2018-03-31,4,99643.84784,99643.84784,99552.67998768079,99552.5733642072
2018-04-01,4,99629.76736,99643.84784,99560.3047591315,99560.22284206719
2018-04-02,4,99629.76736,99629.76736,99541.92685264665,99541.83979132352
2018-04-03,4,99637.00962,99629.76736,99556.22777899337,99556.1360299373
2018-04-04,4,99745.43544,99637.00962,99562.544527147,99562.45960472689
2018-04-05,4,100046.3746,99745.43544,99664.48187153599,99664.40441235751
2018-04-06,4,100117.0979,100046.3746,99963.20821803443,99963.12196917688
2018-04-07,4,100073.7561,100117.0979,100063.99743620485,100063.88879644095
2018-04-08,4,100126.6346,100073.7561,100010.83232929341,100010.73643534083
2018-04-09,4,100127.227,100126.6346,100062.9991933073,100062.90707152692
2018-04-10,4,100183.3276,100127.227,100105.94526595545,100105.84425982562
2018-04-11,4,100436.9014,100183.3276,100171.66477024693,100171.55226219239
2018-04-12,4,100664.6508,100436.9014,100408.05471384688,100407.94525569123
2018-04-13,4,100740.7606,100664.6508,100645.92872447516,100645.81416506642
2018-04-14,4,100890.1874,100740.7606,100741.81347583067,100741.70394739367
2018-04-15,4,100917.8637,100890.1874,100874.47712816563,100874.38489420607
2018-04-16,4,100918.0027,100917.8637,100919.64721556689,100919.55666224168
2018-04-17,4,101061.3157,100918.0027,100959.67771193155,100959.5828878784
2018-04-18,4,101526.8658,101061.3157,101103.4482177634,101103.35691736809
2018-04-19,4,101972.4873,101526.8658,101535.26717454697,101535.18828272082
2018-04-20,4,102131.7951,101972.4873,102000.61835264202,102000.53448788376
2018-04-21,4,103094.4839,102131.7951,102191.78408185972,102191.69851022573
2018-04-22,4,103413.7185,103094.4839,103080.06331693115,103080.00726882723
2018-04-23,4,103415.2473,103413.7185,103452.54846170571,103452.48052702015
2018-04-24,4,103740.696,103415.2473,103509.91418504521,103509.8413324275
2018-04-25,4,103646.8297,103740.696,103827.78969494632,103827.73143847122
2018-04-26,4,103875.2899,103646.8297,103763.1475190713,103763.07784243037
2018-04-27,4,104288.6102,103875.2899,103995.43211242105,103995.34863280144
2018-04-28,4,104536.8668,104288.6102,104444.72541302044,104444.64788319413
2018-04-29,4,104522.5439,104536.8668,104656.84271214902,104656.73023670487
2018-04-30,4,104522.7965,104522.5439,104656.92915778795,104656.8070181607
2018-05-01,4,104744.6284,104522.7965,104694.52472731606,104694.41219453784
2018-05-02,4,105072.5882,104744.6284,104881.74593958328,104881.6475128293
2018-05-03,4,106078.2428,105072.5882,105212.54299257303,105212.47533298476
2018-05-04,4,106768.7587,106078.2428,106205.63499076013,106205.57798338405
2018-05-05,4,108135.2672,106768.7587,106892.87258968492,106892.85064704261
2018-05-06,4,108135.2672,108135.2672,108178.36760742049,108178.3831833907
2018-05-07,4,108136.339,108135.2672,108271.648788467,108271.63830772854
2018-05-08,4,108771.1265,108136.339,108304.18168325974,108304.1934427945
2018-05-09,4,109591.5963,108771.1265,108934.96814020941,108934.97003507565
2018-05-10,4,110108.5348,109591.5963,109781.86467589934,109781.8498623819
2018-05-11,4,110727.9957,110108.5348,110333.35585834949,110333.3044753735
2018-05-12,4,111371.5539,110727.9957,110958.95833049632,110958.89338593427
2018-05-13,4,111371.5539,111371.5539,111531.18769774486,111531.0799054656
2018-05-14,4,111371.7539,111371.5539,111587.44541272304,111587.32388410243
2018-05-15,4,111680.8937,111371.7539,111650.36837572801,111650.24966183405
2018-05-16,4,111976.2393,111680.8937,111956.04139175722,111955.90917384376
2018-05-17,4,112335.4118,111976.2393,112227.22116288984,112227.10299896747
2018-05-18,4,112967.5283,112335.4118,112591.70503087346,112591.60137444377
2018-05-19,4,113964.3262,112967.5283,113178.28894206784,113178.24689073458
2018-05-20,4,113775.7379,113964.3262,114109.1734311277,114109.11915415223
2018-05-21,4,113777.0296,113775.7379,114183.47929819036,114183.3868412869
2018-05-22,4,113777.4225,113777.0296,113989.80820831719,113989.78757552091
2018-05-23,4,114801.1087,113777.4225,113989.56505265825,113989.57145375611
2018-05-24,4,115375.3649,114801.1087,114938.67971305826,114938.70029321422
2018-05-25,4,115587.8548,115375.3649,115584.18359022398,115584.19622937153
2018-05-26,4,116131.1854,115587.8548,115810.43938563167,115810.45467737244
2018-05-27,4,116176.6729,116131.1854,116256.31369183397,116256.31345875154
2018-05-28,4,116176.784,116176.6729,116349.35749808031,116349.34989721997
2018-05-29,4,117762.2232,116176.784,116401.39220142973,116401.38715413558
2018-05-30,4,118388.497,117762.2232,117934.88863979987,117934.90555809974
2018-05-31,4,118410.8821,118388.497,118589.88123154915,118589.82615351594
2018-06-01,4,118719.905,118410.8821,118636.24303585739,118636.12722104703
2018-06-02,4,118911.1854,118719.905,118898.5480271655,118898.48702080773
2018-06-03,4,118344.4402,118911.1854,119061.86296383078,119061.76398713094
2018-06-04,4,118345.7235,118344.4402,118574.41081307044,118574.32148680904
2018-06-05,4,119936.5855,118345.7235,118636.26480160936,118636.16457097957
2018-06-06,4,121151.7762,119936.5855,120045.01430600876,120044.87487627857
2018-06-07,4,121801.2446,121151.7762,121228.10805253944,121227.94419726334
2018-06-08,4,122040.6914,121801.2446,121893.61341649672,121893.44677470298
2018-06-09,4,122751.5986,122040.6914,122114.76066758102,122114.62390515275
2018-06-10,4,122751.5986,122751.5986,122741.43429699093,122741.32033668547
2018-06-11,4,122751.7373,122751.5986,122833.06092392227,122832.93726048968
2018-06-12,4,123209.3754,122751.7373,122911.31955520168,122911.2628658702
2018-06-13,4,123512.5456,123209.3754,123327.39900642686,123327.30741915228
2018-06-14,4,123863.6015,123512.5456,123609.74270871328,123609.58822559056
2018-06-15,4,123922.0104,123863.6015,123960.3709405666,123960.20501866176
2018-06-16,4,124355.9888,123922.0104,124047.11149961947,124046.93860467299
2018-06-17,4,124355.9888,124355.9888,124408.75010664282,124408.52678717903
2018-06-18,4,124356.3221,124355.9888,124423.80461679221,124423.56522517347
2018-06-19,4,124470.1885,124356.3221,124444.00315354955,124443.84738384391
2018-06-20,4,124612.1004,124470.1885,124527.33134357771,124527.22005289666
2018-06-21,4,124554.3067,124612.1004,124651.53918340655,124651.44279538344
2018-06-22,4,124557.6506,124554.3067,124590.62772126918,124590.52379165316
2018-06-23,4,124649.2226,124557.6506,124580.54311911775,124580.47746866356
2018-06-24,4,124649.2226,124649.2226,124624.19223840768,124624.10872720034
2018-06-25,4,124650.2034,124649.2226,124618.93617500731,124618.84135073112
2018-06-26,4,125138.9212,124650.2034,124642.31240646985,124642.22754923702
2018-06-27,4,124764.5517,125138.9212,125090.96456265873,125090.88300002427
2018-06-28,4,125066.2514,124764.5517,124716.65697027401,124716.59050824522
2018-06-29,4,125150.5212,125066.2514,124952.45876040208,124952.38696453453
2018-06-30,4,124656.1988,125150.5212,125055.97709253442,125055.91212795477
2018-07-01,4,124678.0761,124656.1988,124807.07725073874,124806.99942980985
2018-07-02,4,124678.0761,124678.0761,124600.73032077256,124600.67559549728
2018-07-03,4,124678.3261,124678.0761,124643.24080873639,124643.16436934238
2018-07-04,4,124605.9816,124678.3261,124622.14370040759,124622.04476472948
2018-07-05,4,124012.7297,124605.9816,124521.12104435812,124521.02190153231
2018-07-06,4,123769.7286,124012.7297,123960.47964898567,123960.39637516999
2018-07-07,4,123876.5723,123769.7286,123676.57744318781,123676.52645410823
2018-07-08,4,123876.5723,123876.5723,123743.71377754843,123743.66744930974
2018-07-09,4,123877.3995,123876.5723,123724.44342010794,123724.38270648345
2018-07-10,4,123596.0691,123877.3995,123727.24397188725,123727.20392382419
2018-07-11,4,123379.8866,123596.0691,123458.66609260472,123458.61654526755
2018-07-12,4,122593.4469,123379.8866,123186.05388188113,123186.04975216178
2018-07-13,4,122346.7612,122593.4469,122507.0118992997,122507.03739553154
2018-07-14,4,121860.591,122346.7612,122244.65704089002,122244.65324418893
2018-07-15,4,121860.591,121860.591,121758.87976355456,121758.86203886224
2018-07-16,4,121861.4093,121860.591,121687.38698658475,121687.3512891987
2018-07-17,4,121620.0663,121861.4093,121671.25033552742,121671.20081046523
2018-07-18,4,121316.3975,121620.0663,121420.52315515271,121420.4879083053
2018-07-19,4,121090.4044,121316.3975,121092.97760424392,121092.94118195804
2018-07-20,4,120529.8447,121090.4044,120888.53070366025,120888.51208948798
2018-07-21,4,120199.081,120529.8447,120373.05340446049,120373.06172367488
2018-07-22,4,120199.081,120199.081,120015.02071378038,120015.04543848436
2018-07-23,4,120199.962,120199.081,119961.19167497684,119961.19845539008
2018-07-24,4,119710.783,120199.962,119955.71223535901,119955.68767237452
2018-07-25,4,119265.2819,119710.783,119503.58512338292,119503.56646435996
2018-07-26,4,119204.7386,119265.2819,119053.66557902917,119053.63019258421
2018-07-27,4,118681.2356,119204.7386,118969.26402614653,118969.2417510961
2018-07-28,4,118338.5608,118681.2356,118528.25755557051,118528.2326800218
2018-07-29,4,118338.5608,118338.5608,118166.77348705045,118166.77633450579
2018-07-30,4,118339.4613,118338.5608,118091.59903545555,118091.57435841081
2018-07-31,4,117937.6452,118339.4613,118088.16786009954,118088.1348206023
2018-08-01,4,117647.613,117937.6452,117732.20862014705,117732.19746451534
2018-08-02,4,117204.0507,117647.613,117437.88690617407,117437.90440079705
2018-08-03,4,116793.9394,117204.0507,117041.19026026927,117041.2072118255
2018-08-04,4,116102.016,116793.9394,116640.39625482602,116640.39832338649
2018-08-05,4,116171.5661,116102.016,115985.92698341253,115985.95123850756
2018-08-06,4,116171.5661,116171.5661,115976.35067947187,115976.37889711288
2018-08-07,4,116171.107,116171.5661,115991.11028420764,115991.11306767873
2018-08-08,4,115827.798,116171.107,115983.49781105437,115983.51018558179
2018-08-09,4,115844.3076,115827.798,115643.86782013858,115643.9166784166
2018-08-10,4,115613.2656,115844.3076,115646.64089849615,115646.70461478493
2018-08-11,4,115291.4447,115613.2656,115422.72186471682,115422.76473790212
2018-08-12,4,115175.0843,115291.4447,115118.23682083786,115118.30794891721
2018-08-13,4,115176.1601,115175.0843,114960.76412221341,114960.81066371815
2018-08-14,4,115070.2956,115176.1601,114978.41615268239,114978.43917069018
2018-08-15,4,115093.0188,115070.2956,114878.39150528224,114878.4143547653
2018-08-16,4,114751.6393,115093.0188,114880.8435317014,114880.85596034923
2018-08-17,4,114676.0168,114751.6393,114592.81053415804,114592.81521545237
2018-08-18,4,114742.9767,114676.0168,114517.68621915633,114517.6830374919
2018-08-19,4,114742.9767,114742.9767,114532.42605887745,114532.42024062776
2018-08-20,4,114743.4689,114742.9767,114527.32568329753,114527.31214768195
2018-08-21,4,114645.2796,114743.4689,114553.60814224176,114553.60763295367
2018-08-22,4,113641.0159,114645.2796,114478.69750772082,114478.70132757309
2018-08-23,4,113606.7373,113641.0159,113566.1745164458,113566.1959644124
2018-08-24,4,113842.356,113606.7373,113477.65501117578,113477.67424812568
2018-08-25,4,113901.9847,113842.356,113712.66932199406,113712.65927225216
2018-08-26,4,113959.969,113901.9847,113730.84581120222,113730.80781907895
2018-08-27,4,113960.2745,113959.969,113759.47611796681,113759.4352784041
2018-08-28,4,114520.0245,113960.2745,113775.38391445595,113775.36454164599
2018-08-29,4,114802.9145,114520.0245,114251.37786747768,114251.37579734293
2018-08-30,4,115060.4727,114802.9145,114563.08580236702,114563.06262600125
2018-08-31,4,115127.8996,115060.4727,114834.9844698289,114834.93911196315
2018-09-01,4,114788.1319,115127.8996,114903.58333906157,114903.5218642952
2018-09-02,4,115455.5253,114788.1319,114580.90084973843,114580.85009009078
2018-09-03,4,115455.5253,115455.5253,115329.80193746123,115329.66052725565
2018-09-04,4,115534.3935,115455.5253,115233.69819681707,115233.5500527865
2018-09-05,4,115266.7973,115534.3935,115308.1481148596,115307.91970053136
2018-09-06,4,115068.0943,115266.7973,115066.6026606379,115066.38252510733
2018-09-07,4,115124.8366,115068.0943,114866.27010690433,114866.06045839176
2018-09-08,4,115148.8445,115124.8366,114916.95070536002,114916.75352202506
2018-09-09,4,115147.7547,115148.8445,114943.07838866551,114942.87982014897
2018-09-10,4,115147.8701,115147.7547,114915.89020462682,114915.66974637637
2018-09-11,4,115368.4879,115147.8701,114922.3582784773,114922.17309655873
2018-09-12,4,115060.0617,115368.4879,115085.96528543533,115085.79230924566
2018-09-13,4,114897.6011,115060.0617,114810.53169930127,114810.39931376923
2018-09-14,4,114718.3108,114897.6011,114665.16900504276,114665.06255419675
2018-09-15,4,114710.8089,114718.3108,114508.51791492652,114508.40059009865
2018-09-16,4,114711.019,114710.8089,114448.93044815779,114448.85294098122
2018-09-17,4,114711.4077,114711.019,114442.47799062438,114442.38987291088
2018-09-18,4,114507.3414,114711.4077,114455.01497503204,114454.91926653203
2018-09-19,4,114354.2645,114507.3414,114242.10255399958,114241.99652529885
2018-09-20,4,113955.6556,114354.2645,114073.62297761772,114073.52679026457
2018-09-21,4,113763.0943,113955.6556,113718.93700217707,113718.86533276942
2018-09-22,4,113645.3599,113763.0943,113518.44244772322,113518.37494836743
2018-09-23,4,113645.3599,113645.3599,113357.33127579084,113357.25053920873
2018-09-24,4,113647.0168,113645.3599,113324.2373508335,113324.13752984151
2018-09-25,4,113027.8239,113647.0168,113312.7094332485,113312.60397218933
2018-09-26,4,114561.6102,113027.8239,112749.23219233518,112749.11548823967
2018-09-27,4,114072.6327,114561.6102,114011.91886876643,114011.72818152639
2018-09-28,4,112920.2098,114072.6327,113701.93866578545,113701.72577777204
2018-09-29,4,111755.8381,112920.2098,112630.10672994945,112629.96324103394
2018-09-30,4,111755.8381,111755.8381,111501.96816007365,111501.86115102755
2018-10-01,4,111758.1326,111755.8381,111400.94474550989,111400.81523947678
2018-10-02,4,111017.9444,111758.1326,111408.5860423207,111408.37995221053
2018-10-03,4,110332.6884,111017.9444,110783.8108526531,110783.58515034727
2018-10-04,4,109194.9518,110332.6884,110003.00902026048,110002.75774227778
2018-10-05,4,108900.2962,109194.9518,108919.92824583984,108919.73616129885
2018-10-06,4,108689.1781,108900.2962,108565.45587791449,108565.32105851812
2018-10-07,4,108689.1781,108689.1781,108335.49798394354,108335.37625484007
2018-10-08,4,108689.1781,108689.1781,108462.26733174868,108462.09993026097
2018-10-09,4,108689.3046,108689.1781,108223.23962653131,108223.07230006049
2018-10-10,4,108279.6316,108689.3046,108145.81976239609,108145.79068596319
2018-10-11,4,108282.6073,108279.6316,107752.4035210101,107752.41030378232
2018-10-12,4,108183.7312,108282.6073,107757.51508538508,107757.48187666215
2018-10-13,4,107807.9005,108183.7312,107684.07714235033,107683.96836067119
2018-10-14,4,107807.9005,107807.9005,107312.33698774828,107312.22593822825
2018-10-15,4,107808.4772,107807.9005,107268.76823246713,107268.6528792854
2018-10-16,4,107638.7125,107808.4772,107293.18611480239,107293.01607582904
2018-10-17,4,107554.085,107638.7125,107134.770725462,107134.57580263026
2018-10-18,4,107460.8922,107554.085,107056.489854089,107056.24616441874
2018-10-19,4,107273.8367,107460.8922,106989.2133135504,106988.97294045035
2018-10-20,4,107391.162,107273.8367,106837.05500760493,106836.8397813195
2018-10-21,4,107391.162,107391.162,106925.51756848219,106925.3325246176
2018-10-22,4,107391.5056,107391.162,106941.30289789329,106941.12874711401
2018-10-23,4,107243.4868,107391.5056,106970.3621367565,106970.20562578618
2018-10-24,4,106912.6037,107243.4868,106857.89415793619,106857.74820059392
2018-10-25,4,107020.846,106912.6037,106570.13371960919,106570.03385560757
2018-10-26,4,107501.568,107020.846,106675.83535925194,106675.74921611068
2018-10-27,4,107342.9945,107501.568,107159.18974147667,107159.08135887215
2018-10-28,4,107342.9945,107342.9945,107003.87727353326,107003.74077797234
2018-10-29,4,107343.1122,107342.9945,106952.04657654413,106951.88262347765
2018-10-30,4,107452.0063,107343.1122,107000.14504006128,107000.00153109098
2018-10-31,4,107568.7185,107452.0063,107128.75836373486,107128.64444077917
2018-11-01,4,107915.2455,107568.7185,107246.14966264732,107246.02003711264
2018-11-02,4,107808.0204,107915.2455,107581.83056767347,107581.64841731738
2018-11-03,4,107800.6162,107808.0204,107451.82701480344,107451.5873616052
2018-11-04,4,107800.6162,107800.6162,107414.42338090819,107414.19663523744
2018-11-05,4,107801.0405,107800.6162,107416.00943508219,107415.77736032681
2018-11-06,4,107702.6708,107801.0405,107460.6670161365,107460.42479947754
2018-11-07,4,108946.7119,107702.6708,107386.89917179462,107386.6387679588
2018-11-08,4,109034.1241,108946.7119,108477.61963010814,108477.31483346676
2018-11-09,4,109023.0492,109034.1241,108641.60372072508,108641.2985208015
2018-11-10,4,108934.4304,109023.0492,108643.37856842004,108643.09061573618
2018-11-11,4,108934.4304,108934.4304,108545.31620822335,108545.05403502003
2018-11-12,4,108935.8304,108934.4304,108555.82037632602,108555.56702562732
2018-11-13,4,108914.7982,108935.8304,108603.58178735946,108603.32078639275
2018-11-14,4,108895.6975,108914.7982,108624.88101731194,108624.62179206539
2018-11-15,4,108604.5819,108895.6975,108538.02038685919,108537.73664510758
2018-11-16,4,108536.0765,108604.5819,108293.7710112251,108293.49437629312
2018-11-17,4,108529.0268,108536.0765,108219.58708645476,108219.328655316
2018-11-18,4,108529.0268,108529.0268,108191.01194344244,108190.76307690462
2018-11-19,4,108529.8479,108529.0268,108188.29863357855,108188.04653216587
2018-11-20,4,108468.7736,108529.8479,108208.5422480929,108208.27931432376
2018-11-21,4,108688.4493,108468.7736,108115.60600088473,108115.42006385558
2018-11-22,4,108669.4875,108688.4493,108276.25840168973,108276.07937999305
2018-11-23,4,108608.3365,108669.4875,108299.96496806813,108299.79277979242
2018-11-24,4,108475.073,108608.3365,108250.1623568257,108249.99253375779
2018-11-25,4,108475.073,108475.073,108091.80636942353,108091.64446856562
2018-11-26,4,108476.873,108475.073,108082.3341202991,108082.17020264895
2018-11-27,4,108351.8604,108476.873,108108.13405693276,108107.95260011234
2018-11-28,4,108281.924,108351.8604,107994.36675814475,107994.17498326952
2018-11-29,4,105847.3593,108281.924,107894.13999681479,107893.9219287965
2018-11-30,4,105215.8358,105847.3593,105757.46860879438,105757.27554259781
2018-12-01,4,104685.4449,105215.8358,105007.70382658628,105007.53477635777
2018-12-02,4,104685.4449,104685.4449,104460.80993117059,104460.60398896893
2018-12-03,4,104687.6832,104685.4449,104378.55598079706,104378.30740753046
2018-12-04,4,104231.4687,104687.6832,104339.69445333497,104339.41466458714
2018-12-05,4,103757.5251,104231.4687,103849.22858699808,103848.99105176861
2018-12-06,4,103285.056,103757.5251,103280.61811307399,103280.46841739667
2018-12-07,4,103676.895,103285.056,102877.39694106816,102877.33103318159
2018-12-08,4,102912.9089,103676.895,103189.10163722756,103189.02633189248
2018-12-09,4,102912.9089,102912.9089,102514.6144388982,102514.54981110543
2018-12-10,5,102913.5314,102912.9089,102574.75464150244,102574.74356678978
2018-12-11,5,102810.2863,102913.5314,102552.43209927142,102552.40269016812
2018-12-12,5,102607.7771,102810.2863,102441.33455115843,102441.3148647403
2018-12-13,5,102528.1368,102607.7771,102272.28915749244,102272.14474344546
2018-12-14,5,101665.6689,102528.1368,102189.40011629665,102189.23063551188
2018-12-15,5,101318.6242,101665.6689,101347.24058891933,101347.03242370678
2018-12-16,5,101318.6242,101318.6242,101018.8076946432,101018.64829005931
2018-12-17,5,101319.0809,101318.6242,101011.41489612531,101011.2423120553
2018-12-18,5,101270.857,101319.0809,101018.53011125595,101018.32068123319
2018-12-19,5,100823.7337,101270.857,100970.77777690964,100970.55351373789
2018-12-20,5,99816.39675,100823.7337,100543.88083266508,100543.67214423961
2018-12-21,5,99535.95965,99816.39675,99564.29268135305,99564.18118231709
2018-12-22,5,99473.81391,99535.95965,99306.03014583586,99305.95839391742
2018-12-23,5,99474.69626,99473.81391,99267.01149630499,99266.9625461579
2018-12-24,5,99474.81992,99474.69626,99282.78934458327,99282.75230536655
2018-12-25,5,99274.18868,99474.81992,99435.72046499889,99435.70203733079
2018-12-26,5,99274.75118,99274.18868,99254.58591573978,99254.6385828897
2018-12-27,5,99274.75118,99274.75118,99116.20999963774,99116.38683131586
2018-12-28,5,98719.77606,99274.75118,99183.81976339177,99184.05547560302
2018-12-29,5,98609.9344,98719.77606,98586.67056254296,98586.72490815115
2018-12-30,5,98633.33489,98609.9344,98452.06255759929,98452.0985212992
2018-12-31,5,98633.33489,98633.33489,98464.20627832029,98464.2041858932
2019-01-01,5,99178.60851,98633.33489,98616.85689430554,98616.84290241956
2019-01-02,5,99620.16357,99178.60851,99019.15867504792,99019.14775605462
2019-01-03,5,100064.2386,99620.16357,99444.23233793117,99444.11269279262
2019-01-04,5,101005.5512,100064.2386,99830.09209816826,99829.9261857886
2019-01-05,5,100998.8489,101005.5512,100756.8471050106,100756.67450610608
2019-01-06,5,100998.8489,100998.8489,100828.21813397891,100828.07032322705
2019-01-07,5,100998.9322,100998.8489,100837.85726022064,100837.6876506928
2019-01-08,5,100476.6307,100998.9322,100905.27978801326,100905.12562472506
2019-01-09,5,100562.3416,100476.6307,100445.12769717442,100444.99081046101
2019-01-10,5,100747.9252,100562.3416,100526.55360171053,100526.41712071915
2019-01-11,5,100784.5501,100747.9252,100725.19016977564,100724.98983366524
2019-01-12,5,100806.6366,100784.5501,100748.04150193236,100747.82679695531
2019-01-13,5,100806.6366,100806.6366,100751.20281277991,100750.96142225731
2019-01-14,5,100806.853,100806.6366,100757.67035015306,100757.44057176566
2019-01-15,5,101025.0485,100806.853,100763.81957634808,100763.66011487338
2019-01-16,5,101155.6032,101025.0485,100997.6676259896,100997.56402778397
2019-01-17,5,101831.7815,101155.6032,101117.05153839635,101116.96649046337
2019-01-18,5,101908.9029,101831.7815,101742.07403618188,101742.06371577557
2019-01-19,5,101897.6408,101908.9029,101822.09495503594,101822.07999331364
2019-01-20,5,101898.2469,101897.6408,101810.95967704401,101810.96334550032
2019-01-21,5,101898.2469,101898.2469,101831.92985977505,101831.94342777136
2019-01-22,5,101841.2994,101898.2469,101867.30057524612,101867.27875981732
2019-01-23,5,102393.0582,101841.2994,101819.06909893425,101819.03045876329
2019-01-24,5,104759.9772,102393.0582,102348.82268509078,102348.78805215121
2019-01-25,5,104864.5858,104759.9772,104628.51529538134,104628.48751253884
2019-01-26,5,104893.5124,104864.5858,104779.34402518932,104779.24213022999
2019-01-27,5,104893.5124,104893.5124,104787.24713709229,104787.17473179984
2019-01-28,5,104912.2324,104893.5124,104803.09614685013,104803.03155410262
2019-01-29,5,104946.1502,104912.2324,104855.68625495682,104855.61605535379
2019-01-30,5,104950.9923,104946.1502,104944.13541083793,104944.03267335061
2019-01-31,5,104973.3794,104950.9923,104962.26935319595,104962.15983179944
2019-02-01,5,104987.7955,104973.3794,104868.26828969359,104868.05563138392
2019-02-02,5,104802.772,104987.7955,104865.56059817142,104865.3569488944
2019-02-03,5,104802.772,104802.772,104700.21590366213,104700.04203646662
2019-02-04,5,104803.1905,104802.772,104712.80426877402,104712.64651894661
2019-02-05,5,104798.9277,104803.1905,104728.01239980453,104727.84913642473
2019-02-06,5,104594.6982,104798.9277,104710.31517135215,104710.17572765461
2019-02-07,5,104287.2551,104594.6982,104448.86620858533,104448.85839419787
2019-02-08,5,103527.0607,104287.2551,104126.15901499339,104126.16679981093
2019-02-09,5,103503.7998,103527.0607,103378.08713269577,103378.12741388392
2019-02-10,5,103503.7998,103503.7998,103342.29483908824,103342.34898323112
2019-02-11,5,103503.7998,103503.7998,103355.78751211608,103355.81759869905
2019-02-12,5,103417.6202,103503.7998,103356.1450813331,103356.15740368
2019-02-13,5,103380.7932,103417.6202,103252.6160393031,103252.62171903781
2019-02-14,5,103268.4249,103380.7932,103180.1893208887,103180.20940608584
2019-02-15,5,103231.0882,103268.4249,103044.68588999005,103044.73082374537
2019-02-16,5,103120.6787,103231.0882,103009.6717966409,103009.73596075381
2019-02-17,5,103090.1377,103120.6787,102904.81165845788,102904.86172538136
2019-02-18,5,103090.1377,103090.1377,103014.69342391871,103014.70165342912
2019-02-19,5,103090.1377,103090.1377,102876.79517872496,102876.79711264685
2019-02-20,5,103085.1442,103090.1377,102869.54977044876,102869.50857103115
2019-02-21,5,103064.1905,103085.1442,102844.58974579239,102844.4985679882
2019-02-22,5,103179.9137,103064.1905,102805.86199865151,102805.71459879432
2019-02-23,5,103214.3464,103179.9137,102911.71661080836,102911.57551701562
2019-02-24,5,103255.787,103214.3464,102963.09354629173,102962.95863255877
2019-02-25,5,103255.787,103255.787,103024.79793154978,103024.66858269826
2019-02-26,5,103111.9419,103255.787,103043.66561355472,103043.53305051457
2019-02-27,5,103624.1668,103111.9419,102911.33488762971,102911.20585375081
2019-02-28,5,103729.1281,103624.1668,103386.35262129811,103386.19386551455
2019-03-01,5,103911.3286,103729.1281,103503.14391236704,103502.9682453968
2019-03-02,5,103958.9552,103911.3286,103682.34850281509,103682.17365122761
2019-03-03,5,103958.9552,103958.9552,103755.68634062064,103755.5316271786
2019-03-04,5,103959.1552,103958.9552,103778.54025038861,103778.39368509805
2019-03-05,5,104117.7204,103959.1552,103812.59896235188,103812.47016641767
2019-03-06,5,104116.5628,104117.7204,104000.6068423277,104000.48491639514
2019-03-07,5,104428.799,104116.5628,103994.48033014643,103994.34211382596
2019-03-08,5,104255.1658,104428.799,104275.55311436205,104275.39930366863
2019-03-09,5,104279.7467,104255.1658,104115.14649889091,104114.99537529906
2019-03-10,5,104279.7467,104279.7467,104138.98412000503,104138.85965407286
2019-03-11,5,104279.7467,104279.7467,104165.36171039093,104165.24437922527
2019-03-12,5,104347.8515,104279.7467,104191.03168941279,104190.90549508041
2019-03-13,5,104459.1176,104347.8515,104245.4875052891,104245.37450230999
2019-03-14,5,104537.8862,104459.1176,104344.93743660727,104344.81797451177
2019-03-15,5,104695.386,104537.8862,104393.79006056643,104393.67210821435
2019-03-16,5,104772.298,104695.386,104552.36434089745,104552.26802828442
2019-03-17,5,104772.2987,104772.298,104643.0604943858,104642.9709158222
2019-03-18,5,104772.8654,104772.2987,104665.38844172473,104665.30223217365
2019-03-19,5,104875.0239,104772.8654,104682.08224145009,104682.00179805075
2019-03-20,5,104923.9816,104875.0239,104787.42138566388,104787.33052839701
2019-03-21,5,104988.1795,104923.9816,104823.69506153016,104823.60366864823
2019-03-22,5,105141.7345,104988.1795,104881.13876800779,104881.02907711928
2019-03-23,5,105432.7904,105141.7345,105027.79030399647,105027.67978428162
2019-03-24,5,105432.7904,105432.7904,105326.61649632329,105326.51417324827
2019-03-25,5,105433.7104,105432.7904,105358.03832348941,105357.9295281899
2019-03-26,5,105192.1372,105433.7104,105376.2861861009,105376.17906275284
2019-03-27,5,104972.9499,105192.1372,105149.51360212453,105149.41056436417
2019-03-28,5,105212.0734,104972.9499,104925.84612578097,104925.7465521752
2019-03-29,5,105165.755,105212.0734,105128.72851112735,105128.62450551057
2019-03-30,5,105158.1301,105165.755,105092.50897395665,105092.39160549226
2019-03-31,5,105157.9005,105158.1301,105080.36110265586,105080.24726756461
2019-04-01,5,105158.9416,105157.9005,105096.32580317372,105096.22427206252
2019-04-02,5,105236.8176,105158.9416,105106.04059362886,105105.9524876148
2019-04-03,5,105030.3592,105236.8176,105188.15799307579,105188.07230493476
2019-04-04,5,105080.7747,105030.3592,104995.86417979212,104995.7891038626
2019-04-05,5,105164.3151,105080.7747,105013.46483071733,105013.3885825267
2019-04-06,5,105191.1865,105164.3151,105091.81135152446,105091.75309506136
2019-04-07,5,105191.1865,105191.1865,105132.05804844206,105132.00141556194
2019-04-08,5,105191.397,105191.1865,105154.20549232487,105154.15254047398
2019-04-09,5,105384.4704,105191.397,105174.76334096676,105174.69371174395
2019-04-10,5,105421.9075,105384.4704,105356.98658540234,105356.88338090583
2019-04-11,5,105516.237,105421.9075,105395.53841440979,105395.43930526367
2019-04-12,5,105512.0382,105516.237,105477.66998906546,105477.5657483733
2019-04-13,5,105498.9636,105512.0382,105473.93672880204,105473.83153236682
2019-04-14,5,105465.0374,105498.9636,105475.00979435179,105474.91570353111
2019-04-15,5,105465.5374,105465.0374,105468.51585636995,105468.42926320671
2019-04-16,5,105307.6797,105465.5374,105491.69939717598,105491.61397521722
2019-04-17,5,105016.5466,105307.6797,105346.08541923582,105345.97551734501
2019-04-18,5,105200.4108,105016.5466,105054.2074800357,105054.10240357902
2019-04-19,5,104973.8192,105200.4108,105340.68799383948,105340.55641948506
2019-04-20,5,104973.8192,104973.8192,104994.73976886246,104994.63693918627
2019-04-21,5,104916.3338,104973.8192,105004.37394943196,105004.28746729482
2019-04-22,5,104916.3338,104916.3338,104976.8890116668,104976.81417985864
2019-04-23,5,105382.0985,104916.3338,104982.49786659771,104982.44577459541
2019-04-24,5,105249.5738,105382.0985,105427.46944561623,105427.40499571113
2019-04-25,5,105272.2694,105249.5738,105316.30385839519,105316.24539665182
2019-04-26,5,105142.5957,105272.2694,105304.91101892764,105304.85675317673
2019-04-27,5,104581.2214,105142.5957,105198.29680073306,105198.26566540802
2019-04-28,5,104578.8708,104581.2214,104688.30876574956,104688.29949843124
2019-04-29,5,104578.8708,104578.8708,104692.65938671015,104692.6578518502
2019-04-30,5,104549.6458,104578.8708,104719.48492578327,104719.44709789549
2019-05-01,5,104534.1971,104549.6458,104676.01770068721,104675.93318896259
2019-05-02,5,104367.9365,104534.1971,104645.38852965116,104645.31759130143
2019-05-03,5,104221.2534,104367.9365,104472.17980191486,104472.10736027976
2019-05-04,5,103596.5079,104221.2534,104323.1762937702,104323.13530028968
2019-05-05,5,103596.5079,103596.5079,103777.71901367843,103777.70403582821
2019-05-06,5,103600.2258,103596.5079,103764.90922686708,103764.89675149869
2019-05-07,5,103817.179,103600.2258,103766.77269462263,103766.76393162113
2019-05-08,5,103866.4662,103817.179,103969.07627867017,103969.0377147934
2019-05-09,5,104041.5843,103866.4662,104004.21580810955,104004.17264827507
2019-05-10,5,104308.8967,104041.5843,104156.21318013566,104156.17856101702
2019-05-11,5,104399.374,104308.8967,104420.32340178102,104420.27096428833
2019-05-12,5,104580.1422,104399.374,104560.09786208013,104560.07636172288
2019-05-13,5,104580.3422,104580.1422,104763.07585108446,104763.05622872518
2019-05-14,5,104832.3662,104580.3422,104799.33607237552,104799.31337817757
2019-05-15,5,104954.7437,104832.3662,105046.20788650641,105046.165647636
2019-05-16,5,105389.1143,104954.7437,105175.42433084584,105175.34981948577
2019-05-17,5,105731.1376,105389.1143,105584.98903550388,105584.87601658322
2019-05-18,5,105867.1571,105731.1376,105949.29915988527,105949.15143231387
2019-05-19,5,105987.8047,105867.1571,106115.10049839366,106114.96428328128
2019-05-20,5,105987.8047,105987.8047,106395.60107271203,106395.45593152438
2019-05-21,5,105987.8047,105987.8047,106290.24205947148,106290.13731054813
2019-05-22,5,106289.3999,105987.8047,106299.4088930534,106299.29801931775
2019-05-23,5,106417.7699,106289.3999,106613.0693323882,106612.97707373879
2019-05-24,5,106497.298,106417.7699,106736.09838477659,106736.0080602434
2019-05-25,5,107339.3584,106497.298,106813.20324852437,106813.12738617211
2019-05-26,5,107339.3584,107339.3584,107651.05754182511,107651.03609976625
2019-05-27,5,107341.1529,107339.3584,107689.67980650558,107689.64313391897
2019-05-28,5,108062.9737,107341.1529,107703.12469113508,107703.12091264388
2019-05-29,5,108230.6258,108062.9737,108428.12132283181,108428.14924730986
2019-05-30,5,108734.5226,108230.6258,108598.5842245071,108598.6024624706
2019-05-31,5,109338.1993,108734.5226,109083.64395119894,109083.69645850758
2019-06-01,5,109241.5338,109338.1993,109701.13885285439,109701.20425371954
2019-06-02,5,109241.5338,109241.5338,109608.2329252332,109608.27288711656
2019-06-03,5,109241.904,109241.5338,109622.22902190816,109622.28391760429
2019-06-04,5,109591.0467,109241.904,109665.72256882762,109665.76770998155
2019-06-05,5,110014.0409,109591.0467,109998.6937331385,109998.71003331352
2019-06-06,5,110634.7041,110014.0409,110427.35352102703,110427.35663288242
2019-06-07,5,111823.8911,110634.7041,111025.14214022199,111025.12486427477
2019-06-08,5,112226.4654,111823.8911,112152.40176632989,112152.43356500355
2019-06-09,5,112226.4654,112226.4654,112588.0723823648,112588.0991340242
2019-06-10,5,112226.8629,112226.4654,112614.60717851952,112614.63932515509
2019-06-11,5,112620.1845,112226.8629,112629.90681172594,112629.9815821599
2019-06-12,5,113113.9208,112620.1845,113033.2820108151,113033.34365270696
2019-06-13,5,113541.1124,113113.9208,113527.91695934885,113527.96923207254
2019-06-14,5,113725.4313,113541.1124,113947.26668865407,113947.30814502614
2019-06-15,5,114406.2389,113725.4313,114091.61667961211,114091.605773304
2019-06-16,5,114406.8851,114406.2389,114751.81248149044,114751.82141319592
2019-06-17,5,114449.3214,114406.8851,114796.96472454237,114796.95937716858
2019-06-18,5,114684.1069,114449.3214,114859.64613719333,114859.66172902855
2019-06-19,5,114897.444,114684.1069,115090.85033704515,115090.86354925815
2019-06-20,5,115334.3655,114897.444,115285.21299829007,115285.2204667841
2019-06-21,5,115644.8474,115334.3655,115675.01130819757,115675.0690241195
2019-06-22,5,115739.8084,115644.8474,115986.99249708327,115987.05533778957
2019-06-23,5,115642.0703,115739.8084,116073.21061290162,116073.24399646747
2019-06-24,5,115642.2703,115642.0703,115989.27861129813,115989.33180804923
2019-06-25,5,116120.1056,115642.2703,116003.41985154687,116003.48457379334
2019-06-26,5,116818.1425,116120.1056,116467.00857103479,116467.0719614056
2019-06-27,5,117879.7616,116818.1425,117133.63909985278,117133.70793861998
2019-06-28,5,118132.649,117879.7616,118155.84128285511,118155.89608539076
2019-06-29,5,118319.5334,118132.649,118388.83513539453,118388.90095861173
2019-06-30,5,118335.8056,118319.5334,118564.43078370135,118564.51764285276
2019-07-01,5,118335.8056,118335.8056,118752.66015430626,118752.72325832827
2019-07-02,5,118335.9577,118335.8056,118656.76008098794,118656.83415364612
2019-07-03,5,117178.7424,118335.9577,118675.37148050225,118675.400493036
2019-07-04,5,117456.6427,117178.7424,117570.57214359233,117570.62138752002
2019-07-05,5,117511.1271,117456.6427,117733.55445933425,117733.57750885346
2019-07-06,5,118420.2325,117511.1271,117777.42994956729,117777.41865971984
2019-07-07,5,118420.2325,118420.2325,118612.43818734458,118612.38877258802
2019-07-08,5,118433.7956,118420.2325,118638.03231637462,118637.96893703507
2019-07-09,5,118911.523,118433.7956,118629.35415303727,118629.337009496
2019-07-10,5,119087.2279,118911.523,119055.50917384462,119055.556298061
2019-07-11,5,119159.0006,119087.2279,119252.31681537304,119252.44265845676
2019-07-12,5,119209.8735,119159.0006,119295.71920934423,119295.83689768151
2019-07-13,5,119234.953,119209.8735,119349.52469590656,119349.64537869218
2019-07-14,5,119315.7048,119234.953,119350.05575311871,119350.14102037619
2019-07-15,5,119318.2048,119315.7048,119440.61832842807,119440.71104818826
2019-07-16,5,119254.9241,119318.2048,119471.61573312225,119471.68927076785
2019-07-17,5,119267.3966,119254.9241,119416.27983766356,119416.25351811919
2019-07-18,5,119425.3119,119267.3966,119394.54234747024,119394.51254503851
2019-07-19,5,119570.8606,119425.3119,119522.45662426957,119522.41676629048
2019-07-20,5,119496.2554,119570.8606,119633.62906871052,119633.64075136608
2019-07-21,5,119465.9919,119496.2554,119566.59276741942,119566.6091435779
2019-07-22,5,119466.3077,119465.9919,119546.78623985495,119546.80347690696
2019-07-23,5,119541.3899,119466.3077,119545.65868787785,119545.69066415193
2019-07-24,5,119235.5191,119541.3899,119613.32341943587,119613.34166906145
2019-07-25,5,119104.9883,119235.5191,119306.1062176182,119306.12784346726
2019-07-26,5,118976.7698,119104.9883,119136.59176292304,119136.6238982167
2019-07-27,5,118808.1779,118976.7698,118998.71874034188,118998.76361776324
2019-07-28,5,118808.1779,118808.1779,118842.61620528261,118842.6805651435
2019-07-29,5,118808.9567,118808.1779,118850.75722522865,118850.82609794321
2019-07-30,5,118886.2882,118808.9567,118855.27471829818,118855.33458236944
2019-07-31,5,118719.1264,118886.2882,118905.41878019326,118905.47506329515
2019-08-01,5,118570.2834,118719.1264,118728.4233913505,118728.50213021833
2019-08-02,5,118474.656,118570.2834,118533.08198836228,118533.17256255147
2019-08-03,5,118475.3303,118474.656,118420.8680268428,118420.96395245746
2019-08-04,5,118475.3303,118475.3303,118422.9799709343,118423.07159072066
2019-08-05,5,118424.8682,118475.3303,118414.63735816492,118414.73392002296
2019-08-06,5,118425.0787,118424.8682,118363.93483162271,118364.0222264388
2019-08-07,5,118092.5614,118425.0787,118345.02636706519,118345.0816902231
2019-08-08,5,117757.2708,118092.5614,118022.63324894036,118022.6814442449
2019-08-09,5,117476.853,117757.2708,117679.73140733533,117679.77738590553
2019-08-10,5,117443.1064,117476.853,117395.76185829032,117395.79758819261
2019-08-11,5,117443.1064,117443.1064,117346.44671843691,117346.47393952479
2019-08-12,5,117443.6529,117443.1064,117343.60729463451,117343.62251884241
2019-08-13,5,117227.1035,117443.6529,117335.57173803626,117335.58600475793
2019-08-14,5,116999.4409,117227.1035,117111.80246382882,117111.81582399855
2019-08-15,5,116811.0552,116999.4409,116869.22766832219,116869.25434348945
2019-08-16,5,116186.9396,116811.0552,116663.5044230008,116663.53860688624
2019-08-17,5,115988.861,116186.9396,116074.8765342695,116074.92377273788
2019-08-18,5,115988.861,115988.861,115865.13519497942,115865.1907301947
2019-08-19,5,116005.425,115988.861,115856.35216744745,115856.39165286106
2019-08-20,5,116041.4204,116005.425,115861.12354547075,115861.15643098559
2019-08-21,5,116111.5317,116041.4204,115882.71725097511,115882.7387986776
2019-08-22,5,116054.269,116111.5317,115923.17595114824,115923.19610785096
2019-08-23,5,115911.821,116054.269,115830.11512536058,115830.12505323272
2019-08-24,5,115864.6044,115911.821,115695.39257793761,115695.42833411836
2019-08-25,5,115727.3407,115864.6044,115651.43721973158,115651.47552244388
2019-08-26,5,115728.1953,115727.3407,115532.03035895113,115532.05970935195
2019-08-27,5,115639.7698,115728.1953,115538.52708035114,115538.53711609024
2019-08-28,5,115341.2976,115639.7698,115457.45343329998,115457.43969061685
2019-08-29,5,115417.9123,115341.2976,115164.07924589595,115164.0596682357
2019-08-30,5,115392.5024,115417.9123,115209.30221820297,115209.24353576193
2019-08-31,5,114626.0208,115392.5024,115181.13586931895,115181.06462501567
2019-09-01,5,114626.0208,114626.0208,114475.8615040795,114475.81599964746
2019-09-02,5,114626.0208,114626.0208,114601.6711856836,114601.63457152496
2019-09-03,5,114626.0208,114626.0208,114472.02493332153,114472.00929803448
2019-09-04,5,114598.7356,114626.0208,114463.27908200062,114463.2708433811
2019-09-05,5,114529.72,114598.7356,114431.69365214516,114431.70259087991
2019-09-06,5,114359.3787,114529.72,114326.0053713829,114326.00036691257
2019-09-07,5,114675.4393,114359.3787,114135.21330982141,114135.22399223247
2019-09-08,5,114638.3088,114675.4393,114451.82690083429,114451.83560173892
2019-09-09,5,114639.3777,114638.3088,114445.81294052805,114445.8195028999
2019-09-10,5,114456.8792,114639.3777,114460.09957639873,114460.11398177341
2019-09-11,5,114380.2972,114456.8792,114295.44945103808,114295.46342758846
2019-09-12,5,113821.7188,114380.2972,114193.42685091255,114193.44225353701
2019-09-13,5,113508.5293,113821.7188,113659.18320348022,113659.19591431791
2019-09-14,5,113268.8118,113508.5293,113361.90526088783,113361.88014542138
2019-09-15,5,113225.8316,113268.8118,113090.78585442418,113090.69519065443
2019-09-16,5,113231.138,113225.8316,113041.85921900091,113041.75876440149
2019-09-17,5,113164.0118,113231.138,113037.64617505734,113037.54026178695
2019-09-18,5,112766.832,113164.0118,112958.54008967886,112958.44155644857
2019-09-19,5,112885.6832,112766.832,112556.32996320428,112556.2571450257
2019-09-20,5,112563.8156,112885.6832,112641.92560038294,112641.87897563897
2019-09-21,5,112186.0202,112563.8156,112334.35346673237,112334.34136101934
2019-09-22,5,112186.0202,112186.0202,111977.35714836928,111977.35731649092
2019-09-23,5,112190.078,112186.0202,111969.24012519994,111969.24224715204
2019-09-24,5,111216.1266,112190.078,111969.49617613736,111969.46797811482
2019-09-25,5,110622.1773,111216.1266,111058.45521005736,111058.44253786764
2019-09-26,5,110202.9583,110622.1773,110470.3000586161,110470.27759646864
2019-09-27,5,109884.1875,110202.9583,110008.2294421857,110008.16368851518
2019-09-28,5,109634.5453,109884.1875,109678.87724914195,109678.80919328638
2019-09-29,5,109634.5453,109634.5453,109429.1241845679,109429.06647510041
2019-09-30,5,109450.1625,109634.5453,109359.54813780493,109359.42533273879
2019-10-01,5,109174.3601,109450.1625,109152.68128477545,109152.57841957411
2019-10-02,5,108356.9831,109174.3601,108887.62570728405,108887.55392355412
2019-10-03,5,106524.0207,108356.9831,108094.0536402954,108094.02365836543
2019-10-04,5,105820.1672,106524.0207,106341.00241639472,106340.99119365704
2019-10-05,5,105712.4254,105820.1672,105595.18935598222,105595.17421255432
2019-10-06,5,105712.4254,105712.4254,105449.37093740488,105449.31489863862
2019-10-07,5,105725.4134,105712.4254,105419.844601394,105419.75554275006
2019-10-08,5,105715.8997,105725.4134,105409.38827247481,105409.25468819556
2019-10-09,5,105010.7058,105715.8997,105353.39276723862,105353.28663843438
2019-10-10,5,104660.1577,105010.7058,104658.81040488154,104658.78477771583
2019-10-11,5,104488.8208,104660.1577,104332.03163759816,104332.09257381933
2019-10-12,5,104331.2908,104488.8208,104144.20209826883,104144.21679274981
2019-10-13,5,104356.3048,104331.2908,103976.56098192089,103976.53985875071
2019-10-14,5,104349.151,104356.3048,104124.31464627979,104124.23344247034
2019-10-15,5,104349.3924,104349.151,103978.45815996382,103978.3875307065
2019-10-16,5,104265.8663,104349.3924,103972.1172122549,103972.0354195135
2019-10-17,5,103704.0477,104265.8663,103932.66309402931,103932.52998372754
2019-10-18,5,103534.7349,103704.0477,103412.19264333675,103412.04345699688
2019-10-19,5,103441.2141,103534.7349,103249.29364160114,103249.19052459436
2019-10-20,5,103432.466,103441.2141,103176.78332477277,103176.68700351537
2019-10-21,5,103433.3676,103432.466,103180.28257036486,103180.18361674859
2019-10-22,5,103146.7485,103433.3676,103211.77027000152,103211.71125759628
2019-10-23,5,103005.1384,103146.7485,102979.31796702834,102979.28208655331
2019-10-24,5,102639.3153,103005.1384,102798.01509073215,102797.94626128193
2019-10-25,5,102686.6418,102639.3153,102456.36879178416,102456.3088708239
2019-10-26,5,102883.8489,102686.6418,102493.7479611862,102493.69351705226
2019-10-27,5,102906.9646,102883.8489,102702.60798906165,102702.56319998167
2019-10-28,5,103005.4054,102906.9646,102758.9485614297,102758.92868660117
2019-10-29,5,103162.8955,103005.4054,102887.09698333713,102887.14038117962
2019-10-30,5,105484.2778,103162.8955,103072.66394790288,103072.75101158014
2019-10-31,5,105478.1299,105484.2778,105287.38768580102,105287.34187444922
2019-11-01,5,105433.0487,105478.1299,105373.7992205354,105373.67761706628
2019-11-02,5,105306.8426,105433.0487,105259.26725539258,105259.05248477217
2019-11-03,5,105306.8426,105306.8426,105131.06191911787,105130.82704251914
2019-11-04,5,105306.8426,105306.8426,105182.5216215894,105182.30232680457
2019-11-05,5,105147.4114,105306.8426,105259.98101011563,105259.74085436165
2019-11-06,5,105043.8413,105147.4114,105189.35309789724,105189.10782119022
2019-11-07,5,105097.8385,105043.8413,105012.1870134836,105011.84561514098
2019-11-08,5,106806.4989,105097.8385,105038.7051386348,105038.37430692995
2019-11-09,5,106914.5312,106806.4989,106687.44817759955,106687.1698121771
2019-11-10,5,106914.5312,106914.5312,106857.81811521781,106857.51672945337
2019-11-11,5,106914.899,106914.5312,106860.05920936343,106859.80277536986
2019-11-12,5,106761.0501,106914.899,106867.52257990306,106867.30122263865
2019-11-13,5,106657.3729,106761.0501,106702.78767368427,106702.71990665708
2019-11-14,5,106605.2455,106657.3729,106627.17969089253,106627.1167407214
2019-11-15,5,106626.1932,106605.2455,106612.51141245115,106612.44214807442
2019-11-16,5,106565.3358,106626.1932,106561.77022133456,106561.62324454887
2019-11-17,5,106586.6483,106565.3358,106508.53678748924,106508.40087718448
2019-11-18,5,106310.1298,106586.6483,106539.70064884868,106539.57733592748
2019-11-19,5,106419.5094,106310.1298,106288.88634456076,106288.76974171483
2019-11-20,5,106351.5275,106419.5094,106383.481426597,106383.36271830312
2019-11-21,5,106213.9554,106351.5275,106306.62511820297,106306.4965619896
2019-11-22,5,106241.5279,106213.9554,106124.00902464529,106123.97638836277
2019-11-23,5,106272.0464,106241.5279,106126.61810062226,106126.5848592384
2019-11-24,5,106239.5044,106272.0464,106163.63461911677,106163.59619223796
2019-11-25,5,106232.2672,106239.5044,106141.187403559,106141.14856563645
2019-11-26,5,105705.6823,106232.2672,106157.63487970394,106157.580978841
2019-11-27,5,105930.5124,105705.6823,105648.22988388308,105648.16214093017
2019-11-28,5,105681.317,105930.5124,105827.66690954541,105827.58300445456
2019-11-29,5,105328.6262,105681.317,105552.44748447769,105552.39649316565
2019-11-30,5,105099.3496,105328.6262,105192.04017181596,105191.99818834267
2019-12-01,5,105131.2673,105099.3496,104953.80635504142,104953.77571857355
2019-12-02,5,105131.4673,105131.2673,104982.56411526281,104982.51202034134
2019-12-03,5,104847.3004,105131.4673,104974.73630965581,104974.67970152853
2019-12-04,5,103837.1797,104847.3004,104713.14928817829,104713.09237594377
2019-12-05,5,103817.7506,103837.1797,103719.34627779602,103719.2744380853
2019-12-06,5,103843.9824,103817.7506,103618.33735342177,103618.27219228451
2019-12-07,5,103245.261,103843.9824,103627.62647443012,103627.53230352773
2019-12-08,5,103245.261,103245.261,103090.5750882172,103090.48098455406
2019-12-09,5,103255.6653,103245.261,103056.65055576935,103056.56833261647
2019-12-10,5,103222.6763,103255.6653,103056.87828763154,103056.77059392346
2019-12-11,5,103062.6556,103222.6763,102998.52274657511,102998.4589267467
2019-12-12,5,102904.2104,103062.6556,102853.30732721846,102853.25169573036
2019-12-13,5,102866.9666,102904.2104,102669.1896366754,102669.10905652278
2019-12-14,5,102704.561,102866.9666,102600.94116361668,102600.8631313399
2019-12-15,5,102699.0255,102704.561,102473.51163070755,102473.46392239076
2019-12-16,5,102695.9755,102699.0255,102469.9413942962,102469.89277049633
2019-12-17,5,102690.1989,102695.9755,102476.91169122895,102476.8452776692
2019-12-18,5,102464.979,102690.1989,102470.13102458038,102469.9935357407
2019-12-19,5,101908.4133,102464.979,102248.05844128026,102247.93463392871
2019-12-20,5,101853.8669,101908.4133,101705.50382751231,101705.40157536461
2019-12-21,5,101761.8584,101853.8669,101631.07077380407,101630.94944733568
2019-12-22,5,101763.2273,101761.8584,101562.30528362546,101562.19602750022
2019-12-23,5,101763.2273,101763.2273,101578.01009727443,101577.91546539291
2019-12-24,5,101424.7004,101763.2273,101587.5318993575,101587.45119225298
2019-12-25,5,101457.4831,101424.7004,101409.39674847781,101409.32124388075
2019-12-26,5,101457.4831,101457.4831,101401.31456525765,101401.24886391893
2019-12-27,5,101457.4831,101457.4831,101280.49491533538,101280.48719365842
2019-12-28,5,101127.9189,101457.4831,101273.80816233222,101273.79848373753
2019-12-29,5,101129.5489,101127.9189,100972.76391654323,100972.76081768854
2019-12-30,5,101135.6156,101129.5489,100972.68049695715,100972.69321838679
2019-12-31,5,101173.0074,101135.6156,100996.20379417216,100996.23817703372
2020-01-01,5,101441.0989,101173.0074,101200.78786317237,101200.81435495774
2020-01-02,5,101441.6283,101441.0989,101315.08289645477,101315.080422069
2020-01-03,5,102065.793,101441.6283,101266.73761798296,101266.65263393006
2020-01-04,5,102098.5953,102065.793,101855.13963129319,101855.04391917905
2020-01-05,5,102126.6394,102098.5953,101942.35263635768,101942.27956379038
2020-01-06,5,102066.7612,102126.6394,101966.46888926167,101966.36647944212
2020-01-07,5,101924.6544,102066.7612,101943.77199616857,101943.66520013641
2020-01-08,5,101854.9346,101924.6544,101823.62544501123,101823.53260165405
2020-01-09,5,101851.1411,101854.9346,101748.95841319887,101748.86062663881
2020-01-10,5,101904.01,101851.1411,101748.70639876474,101748.59970451321
2020-01-11,5,101894.5498,101904.01,101777.69455289726,101777.54172829867
2020-01-12,5,101894.5498,101894.5498,101784.85935026355,101784.72746599416
2020-01-13,5,101811.4992,101894.5498,101796.70247672053,101796.58290467982
2020-01-14,5,101781.2276,101811.4992,101735.62788120387,101735.5372592293
2020-01-15,5,101860.1896,101781.2276,101710.5015836975,101710.4465245895
2020-01-16,5,101997.3167,101860.1896,101782.97447758769,101782.92762561249
2020-01-17,5,102141.9539,101997.3167,101889.5294498461,101889.49927580201
2020-01-18,5,102234.7577,102141.9539,102005.49471177728,102005.43587948132
2020-01-19,5,102234.7577,102234.7577,102108.00799191848,102107.96566080216
2020-01-20,5,102231.8922,102234.7577,102125.43666007622,102125.40052845518
2020-01-21,5,102410.4412,102231.8922,102141.71934236007,102141.68172588857
2020-01-22,5,103250.5283,102410.4412,102322.55710020762,102322.51713259662
2020-01-23,5,103366.0384,103250.5283,103133.14978023752,103133.11074944603
2020-01-24,5,103362.1834,103366.0384,103261.03901397655,103260.96238321692
2020-01-25,5,103423.4369,103362.1834,103243.3460817845,103243.27209773744
2020-01-26,5,103472.698,103423.4369,103308.10698103523,103308.04394656424
2020-01-27,5,103472.785,103472.698,103380.93897168647,103380.87007203084
2020-01-28,5,103400.6892,103472.785,103414.35172485397,103414.2660884448
2020-01-29,5,103648.1647,103400.6892,103361.74471674694,103361.64303062593
2020-01-30,5,103662.3267,103648.1647,103551.18961056697,103551.0498781319
2020-01-31,5,103716.9313,103662.3267,103544.69393885181,103544.5499609991
2020-02-01,5,103609.0238,103716.9313,103591.39844637098,103591.26725928701
2020-02-02,5,103609.0238,103609.0238,103495.3147395278,103495.20306901606
2020-02-03,5,103500.9088,103609.0238,103508.60727454512,103508.50627967654
2020-02-04,5,103485.1563,103500.9088,103419.40916445378,103419.32214064141
2020-02-05,5,103534.5486,103485.1563,103392.41259289999,103392.36950580373
2020-02-06,5,102761.5709,103534.5486,103409.74167399567,103409.6819735564
2020-02-07,5,102342.7577,102761.5709,102656.96885837351,102656.92685789002
2020-02-08,5,102453.5129,102342.7577,102212.47956966163,102212.47339755132
2020-02-09,5,102453.5129,102453.5129,102314.31607976601,102314.31107308931
2020-02-10,5,102467.6956,102453.5129,102330.02023947849,102329.99936208321
2020-02-11,5,102436.5769,102467.6956,102348.89883974704,102348.86960303073
2020-02-12,5,102437.7356,102436.5769,102293.31435038956,102293.2976185373
2020-02-13,5,102639.551,102437.7356,102250.88160247685,102250.88164942377
2020-02-14,5,102676.7218,102639.551,102439.06374964098,102439.0883251437
2020-02-15,5,102535.5606,102676.7218,102488.48966788364,102488.50841555998
2020-02-16,5,102540.0291,102535.5606,102351.8211226782,102351.8380049733
2020-02-17,5,102540.0291,102540.0291,102500.11479194868,102500.0995148045
2020-02-18,5,102540.4291,102540.0291,102371.55213829014,102371.53823835512
2020-02-19,5,102546.2196,102540.4291,102368.11147340141,102368.07543176693
2020-02-20,5,102450.7976,102546.2196,102370.48203035799,102370.37734123917
2020-02-21,5,102460.6192,102450.7976,102270.26625635997,102270.12445069956
2020-02-22,5,102303.2545,102460.6192,102265.70131385454,102265.57273530062
2020-02-23,5,102303.9403,102303.2545,102132.79906911451,102132.68462797806
2020-02-24,5,102304.0653,102303.9403,102145.20149431641,102145.09364669866
2020-02-25,5,102237.405,102304.0653,102159.59008642362,102159.4762300673
2020-02-26,5,102274.6794,102237.405,102096.04632894506,102095.92887257905
2020-02-27,5,102215.3975,102274.6794,102111.50417476504,102111.39613833392
2020-02-28,5,102340.5227,102215.3975,102049.68059412074,102049.58446682488
2020-02-29,5,102427.5404,102340.5227,102167.25662556075,102167.16781916589
2020-03-01,5,102428.2501,102427.5404,102279.79710776042,102279.72590316972
2020-03-02,5,102428.2846,102428.2501,102304.4990118741,102304.43457429516
2020-03-03,5,102306.6666,102428.2846,102326.19510204908,102326.14560021897
2020-03-04,5,102265.9072,102306.6666,102220.84431877469,102220.80441449222
2020-03-05,5,102048.7639,102265.9072,102178.18723557032,102178.15150091282
2020-03-06,5,102022.5502,102048.7639,101982.528864157,101982.51154474974
2020-03-07,5,102101.4431,102022.5502,101919.36554389531,101919.27764250242
2020-03-08,5,102101.4431,102101.4431,101992.54588192469,101992.44708257439
2020-03-09,5,102102.5369,102101.4431,102012.19516390622,102012.09741005008
2020-03-10,5,102203.6821,102102.5369,102022.05338703837,102021.95538234709
2020-03-11,5,102287.364,102203.6821,102117.11481696823,102117.0170806349
2020-03-12,5,102206.4152,102287.364,102184.9254646963,102184.81622557518
2020-03-13,5,102302.9779,102206.4152,102104.39994313841,102104.30748262597
2020-03-14,5,102006.7054,102302.9779,102195.60639937,102195.52414872697
2020-03-15,5,101926.6546,102006.7054,101932.75801740005,101932.69022150023
2020-03-16,5,101910.3959,101926.6546,101864.9807971738,101864.91405798885
2020-03-17,5,101759.8648,101910.3959,101868.68916267327,101868.6069856221
2020-03-18,5,101767.3745,101759.8648,101728.35409917016,101728.25539217074
2020-03-19,5,101704.1313,101767.3745,101715.84916845184,101715.73134140809
2020-03-20,5,101775.2615,101704.1313,101646.08423325211,101645.96870047774
2020-03-21,5,101868.5308,101775.2615,101692.67848198267,101692.57121486345
2020-03-22,5,101868.5308,101868.5308,101806.55602871202,101806.46864214978
2020-03-23,5,101868.5308,101868.5308,101828.94286181516,101828.8613592661
2020-03-24,5,101190.8448,101868.5308,101838.7070558739,101838.63535667433
2020-03-25,5,100482.6114,101190.8448,101211.53444234112,101211.4751500721
2020-03-26,5,100002.3308,100482.6114,100510.1544785555,100510.09178320327
2020-03-27,5,98978.50841,100002.3308,100018.11943651155,100018.05000458054
2020-03-28,5,99097.97812,98978.50841,99037.56228119295,99037.45268206224
2020-03-29,5,99097.97812,99097.97812,99096.51744556149,99096.38963966318
2020-03-30,5,99192.06602,99097.97812,99091.40535405578,99091.25441582
2020-03-31,5,99338.72412,99192.06602,99153.30801539468,99153.1646208106
2020-04-01,5,99206.63067,99338.72412,99281.35023030016,99281.25336289211
2020-04-02,5,98711.68575,99206.63067,99136.70547220991,99136.64543491791
2020-04-03,5,98769.62351,98711.68575,98641.91847675227,98641.92111714173
2020-04-04,5,99045.81635,98769.62351,98705.47554260929,98705.5233743785
2020-04-05,5,99045.81635,99045.81635,98974.11631104062,98974.12576437247
2020-04-06,5,99045.81635,99045.81635,99001.7414135249,99001.73130560748
2020-04-07,5,98992.83454,99045.81635,99017.77471177849,99017.71799824951
2020-04-08,5,99103.15189,98992.83454,98964.90709991116,98964.80871421062
2020-04-09,5,99112.06602,99103.15189,99065.68673566273,99065.56879692759
2020-04-10,5,99152.60081,99112.06602,99253.75204265089,99253.57417728173
2020-04-11,5,99152.60081,99152.60081,99164.27298565248,99164.13283418724
2020-04-12,5,99071.48762,99152.60081,99179.41358318029,99179.28263484198
2020-04-13,5,99071.48762,99071.48762,99117.72782389061,99117.60038970897
2020-04-14,5,99071.48762,99071.48762,99135.90670828595,99135.7975519811
2020-04-15,5,98838.7004,99071.48762,99157.95233153256,99157.84550168682
2020-04-16,5,98895.93749,98838.7004,98939.68960991439,98939.56374250706
2020-04-17,5,98733.6666,98895.93749,98985.98417684581,98985.88594259621
2020-04-18,5,98848.9916,98733.6666,98842.03318202018,98841.97980928418
2020-04-19,5,98848.9916,98848.9916,98975.59585223964,98975.5822972772
2020-04-20,5,98848.9916,98848.9916,99027.13615648984,99027.16279622361
2020-04-21,5,98843.11342,98848.9916,99067.71419707753,99067.78234899252
2020-04-22,5,98916.23104,98843.11342,99089.98069613315,99090.104724521
2020-04-23,5,99295.51817,98916.23104,99159.2701224713,99159.37797633643
2020-04-24,5,99774.61128,99295.51817,99493.82453626202,99493.87911019509
2020-04-25,5,100063.1491,99774.61128,99957.96097317035,99957.96605134272
2020-04-26,5,100103.4062,100063.1491,100248.02492655271,100248.01383678509
2020-04-27,5,100103.5527,100103.4062,100313.68815157568,100313.6855439154
2020-04-28,5,100145.3911,100103.5527,100334.97249570854,100334.97553490502
2020-04-29,5,100274.44,100145.3911,100398.76138856236,100398.74839848698
2020-04-30,5,100479.5173,100274.44,100539.26125915369,100539.24445578338
2020-05-01,5,100850.2709,100479.5173,100740.45894557437,100740.41725269935
2020-05-02,5,100910.9323,100850.2709,101088.09715773787,101088.05000201496
2020-05-03,5,100910.9323,100910.9323,101159.93200727188,101159.87489264134
2020-05-04,5,100912.3121,100910.9323,101183.11954854122,101183.07798110446
2020-05-05,5,101158.6067,100912.3121,101207.5682909603,101207.5329835351
2020-05-06,5,101630.191,101158.6067,101460.92065584754,101460.89378506612
2020-05-07,5,102172.2149,101630.191,101921.8150946095,101921.80416271198
2020-05-08,5,103072.6473,102172.2149,102448.35770269684,102448.36701452435
2020-05-09,5,103250.5018,103072.6473,103320.68382370466,103320.71789328469
2020-05-10,5,103459.6683,103250.5018,103529.70306962187,103529.73379282723
2020-05-11,5,103460.7483,103459.6683,103762.1472861346,103762.20248342078
2020-05-12,5,103735.6432,103460.7483,103803.20707179485,103803.26029280259
2020-05-13,5,104088.6799,103735.6432,104092.71104819867,104092.76180339212
2020-05-14,5,105081.6029,104088.6799,104449.11771630017,104449.14807052501
2020-05-15,5,105624.5453,105081.6029,105415.37827247281,105415.41693890138
2020-05-16,5,105878.7954,105624.5453,105944.61218023952,105944.60393937746
2020-05-17,5,105878.7954,105878.7954,106213.02989364187,106213.02412408227
2020-05-18,5,105878.7954,105878.7954,106371.78793466219,106371.76031040195
2020-05-19,5,105879.7193,105878.7954,106267.2453785254,106267.25272052859
2020-05-20,5,107409.3968,105879.7193,106283.80840967003,106283.81219203601
2020-05-21,5,108206.5057,107409.3968,107786.06906716243,107786.11470980081
2020-05-22,5,108863.9052,108206.5057,108559.87547046172,108559.88273001635
2020-05-23,5,110017.1553,108863.9052,109183.57745111227,109183.5885156061
2020-05-24,5,110388.193,110017.1553,110310.09833776238,110310.16028188866
2020-05-25,5,110389.7901,110388.193,110729.43991208228,110729.49341041493
2020-05-26,5,110335.469,110389.7901,110774.16128762416,110774.2220599961
2020-05-27,5,110464.6318,110335.469,110778.05433294275,110778.1177561083
2020-05-28,5,111009.4318,110464.6318,110860.08677347157,110860.11432701978
2020-05-29,5,111503.2692,111009.4318,111386.95844893687,111386.9805156474
2020-05-30,5,112856.2934,111503.2692,111891.56552856755,111891.56421377615
2020-05-31,5,112966.512,112856.2934,113194.99109514232,113194.97371472664
2020-06-01,5,113154.3962,112966.512,113342.37621290307,113342.31433842421
2020-06-02,5,113927.2383,113154.3962,113537.29738391169,113537.2511501753
2020-06-03,5,115288.2774,113927.2383,114289.93587265644,114289.98602606959
2020-06-04,5,117347.0183,115288.2774,115640.42481986083,115640.50541522435
2020-06-05,5,118344.1549,117347.0183,117663.17310694506,117663.2630821852
2020-06-06,5,119272.9034,118344.1549,118668.6710304034,118668.76205172099
2020-06-07,5,119872.9487,119272.9034,119534.89608156733,119534.98127854955
2020-06-08,5,119872.9487,119872.9487,120178.49206442032,120178.57149629318
2020-06-09,5,120332.0833,119872.9487,120252.518888427,120252.55274154796
2020-06-10,5,121338.1209,120332.0833,120747.70626385373,120747.69177200834
2020-06-11,5,122270.5866,121338.1209,121750.99090329577,121750.92402999483
2020-06-12,5,122598.8017,122270.5866,122632.39410731828,122632.23971203712
2020-06-13,5,122629.6987,122598.8017,122923.53672951399,122923.41027356521
2020-06-14,5,122629.6987,122629.6987,122941.69300593737,122941.54848548395
2020-06-15,5,122630.3098,122629.6987,122949.07025529126,122948.91978583693
2020-06-16,5,123286.6151,122630.3098,122987.95078484193,122987.82253525747
2020-06-17,5,124526.417,123286.6151,123636.83887044652,123636.75272680768
2020-06-18,5,126140.9153,124526.417,124812.39192789116,124812.35088110158
2020-06-19,5,126758.6577,126140.9153,126327.28835821859,126327.2741732482
2020-06-20,5,126820.8693,126758.6577,126917.96706096154,126917.97614479327
2020-06-21,5,126820.8693,126820.8693,126973.55479465675,126973.60773291756
2020-06-22,5,126821.3193,126820.8693,126985.8192062811,126985.89016641947
2020-06-23,5,127756.1187,126821.3193,127038.019893625,127038.08989452929
2020-06-24,5,128253.9058,127756.1187,127978.3264763575,127978.40544680707
2020-06-25,5,131057.1014,128253.9058,128478.47477678618,128478.48721101746
2020-06-26,5,132036.8656,131057.1014,131151.61583939657,131151.60376070696
2020-06-27,5,132095.2926,132036.8656,132149.68533190622,132149.5727218715
2020-06-28,5,132282.1166,132095.2926,132216.9468908101,132216.8240257646
2020-06-29,5,132565.5283,132282.1166,132402.91473830567,132402.81581476453
2020-06-30,5,133183.6995,132565.5283,132741.4983328491,132741.39463862765
2020-07-01,5,133594.3511,133183.6995,133503.50416866128,133503.35810846827
2020-07-02,5,133598.2702,133594.3511,133807.55928479266,133807.44497319325
2020-07-03,5,135002.3896,133598.2702,133703.01231356186,133702.80963140202
2020-07-04,5,135127.9755,135002.3896,134992.6939725459,134992.5223739602
2020-07-05,5,135697.4648,135127.9755,135157.53712978392,135157.32805628292
2020-07-06,5,135780.4265,135697.4648,135718.16312858163,135717.97169097568
2020-07-07,5,135577.9718,135780.4265,135810.4091571941,135810.2370239842
2020-07-08,5,134957.0356,135577.9718,135612.00564298712,135611.8276959167
2020-07-09,5,134197.87,134957.0356,134966.49919662502,134966.4858270002
2020-07-10,5,133249.0301,134197.87,134226.9148641414,134226.986573927
2020-07-11,5,133212.5438,133249.0301,133256.8663719331,133256.93107862867
2020-07-12,5,133212.5438,133212.5438,133197.2977711392,133197.35117013723
2020-07-13,5,133212.284,133212.5438,133185.43353064312,133185.44767146278
2020-07-14,5,132777.8289,133212.284,133159.4591634183,133159.49025203643
2020-07-15,5,132482.7499,132777.8289,132713.3341142284,132713.41615008347
2020-07-16,5,132356.4455,132482.7499,132377.6092590883,132377.74680394138
2020-07-17,5,132323.6829,132356.4455,132181.5841824211,132181.8443615718
2020-07-18,5,131672.4137,132323.6829,132125.92247799115,132126.21139170052
2020-07-19,5,131365.8459,131672.4137,131485.12986022886,131485.45509983614
2020-07-20,5,131365.8159,131365.8459,131163.7785318873,131164.10155473452
2020-07-21,5,131368.6838,131365.8159,131141.81036362328,131142.08150096796
2020-07-22,5,130924.417,131368.6838,131143.96422147696,131144.15352732502
2020-07-23,5,130360.912,130924.417,130691.20231889158,130691.33904649751
2020-07-24,5,129478.2525,130360.912,130103.18712694143,130103.27078980509
2020-07-25,5,129452.5371,129478.2525,129197.21125128484,129197.33733976666
2020-07-26,5,129452.5371,129452.5371,129138.35429642547,129138.47374695826
2020-07-27,5,129494.2481,129452.5371,129124.77463451533,129124.84063297341
2020-07-28,5,128790.7861,129494.2481,129137.37606149662,129137.36986787022
2020-07-29,5,127688.0832,128790.7861,128444.8932500081,128444.86959223417
2020-07-30,5,127212.8915,127688.0832,127359.52082815152,127359.53224585434
2020-07-31,5,126972.0302,127212.8915,126834.10305839618,126834.13507697286
2020-08-01,5,126460.1257,126972.0302,126593.47553864306,126593.45369401753
2020-08-02,5,126460.1257,126460.1257,126114.04725783531,126113.99439935552
2020-08-03,5,126460.1257,126460.1257,126075.20904697807,126075.17007643192
2020-08-04,5,126460.1972,126460.1257,126049.52040499798,126049.5187090187
2020-08-05,5,125774.0659,126460.1972,126046.1402929347,126046.19614007801
2020-08-06,5,124947.714,125774.0659,125427.2366266135,125427.33693045251
2020-08-07,5,124476.5147,124947.714,124616.40911723537,124616.47982165258
2020-08-08,5,123544.5478,124476.5147,124101.74663911125,124101.79129769214
2020-08-09,5,123432.7974,123544.5478,123193.68426172684,123193.66669610699
2020-08-10,5,123157.3988,123432.7974,123044.693169824,123044.67535463528
2020-08-11,5,122855.8065,123157.3988,122784.0222407312,122783.96132853154
2020-08-12,5,122688.9143,122855.8065,122473.49140333336,122473.40828536666
2020-08-13,5,122628.8045,122688.9143,122260.6278287074,122260.5455109256
2020-08-14,5,122508.7249,122628.8045,122164.91560664657,122164.85607509341
2020-08-15,5,122024.2728,122508.7249,122037.63192288847,122037.59696856063
2020-08-16,5,122022.0808,122024.2728,121617.22204500159,121617.26340649661
2020-08-17,5,122022.0808,122022.0808,121572.37242426262,121572.39587999966
2020-08-18,5,121759.0647,122022.0808,121571.45202327006,121571.4711826696
2020-08-19,5,121738.7276,121759.0647,121352.09993399405,121352.11440161962
2020-08-20,5,121695.6258,121738.7276,121335.28396970159,121335.29181932856
2020-08-21,5,121444.0999,121695.6258,121275.98124644108,121275.96499139369
2020-08-22,5,121946.1923,121444.0999,121038.83403218215,121038.7779087503
2020-08-23,5,121946.1923,121946.1923,121497.57827723087,121497.47252557041
2020-08-24,5,121946.4256,121946.1923,121552.04738237459,121551.95033222546
2020-08-25,5,121741.143,121946.4256,121583.84487571561,121583.7857639311
2020-08-26,5,121086.6316,121741.143,121428.99744424329,121428.99960816363
2020-08-27,5,118444.7436,121086.6316,120797.37466835097,120797.3824519474
2020-08-28,5,117736.9939,118444.7436,118307.07189316704,118307.05918671333
2020-08-29,5,117248.8005,117736.9939,117555.78699804559,117555.76415579602
2020-08-30,5,117172.7614,117248.8005,117061.0781442128,117060.99457767935
2020-08-31,5,117165.0869,117172.7614,116936.16644582937,116936.03117523927
2020-09-01,5,116737.0168,117165.0869,116896.5676711693,116896.44350907528
2020-09-02,5,116047.5641,116737.0168,116446.86471344397,116446.83900380884
