Date,actual,naive_lag_1,linear_regression,ridge,lasso,decision_tree,knn,svr,random_forest,bagging,gradient_boosting,voting
2018-08-05,116171.5661,116102.016,115994.86830347,116028.21357760878,115994.52314564267,116281.0842,117235.7772857143,105467.32251007081,115968.34936933334,116020.03467000001,116090.96411516555,116029.17568736924
2018-08-06,116171.5661,116171.5661,116030.9424069177,116074.64694768023,116030.70346619489,116367.8566,117408.85845714285,105984.74044209793,116035.54237466668,116106.27838599999,116174.16217671553,116094.78383302082
2018-08-07,116171.107,116171.5661,116049.85934262641,116077.76580217502,116049.36558557904,116715.6085,117146.83701428572,106033.01416974854,116123.28488333347,116122.02659799998,116130.56873053596,116110.53980534815
2018-08-08,115827.798,116171.107,116047.19602746864,116089.0586771422,116046.60154716978,116715.6085,117925.65498571431,106091.90925357337,116171.56100266676,116216.09510199999,116110.37297224446,116123.66421735114
2018-08-09,115844.3076,115827.798,115686.73876846625,115754.93541574325,115686.23202206538,115647.4083,117526.57400000001,105930.11167435194,115811.58456399995,115887.49265199999,115652.56985769843,115739.69661248055
2018-08-10,115613.2656,115844.3076,115677.2616287878,115759.07572233885,115676.77806033098,115601.5312,116342.29591428571,106020.46924689643,115684.6302926667,115678.17702799998,115681.14985306328,115708.28528935627
2018-08-11,115291.4447,115613.2656,115432.75111622954,115488.37389905809,115432.60330970332,115072.466,115641.0185,105854.66084088267,115524.22908400006,115492.42922,115213.42970531154,115408.67756278989
2018-08-12,115175.0843,115291.4447,115133.41228708177,115206.28206554198,115133.36127884069,115229.66475,115879.35297142855,105847.32273559064,115055.19449866662,115064.28942400003,114880.7663025426,115047.41428891708
2018-08-13,115176.1601,115175.0843,115002.12011145822,115054.96270330486,115002.32326095366,114692.21150833333,116235.80027142857,105982.30437040428,114895.56179666663,114938.10469200002,114875.67094923764,114942.06514973637
2018-08-14,115070.2956,115176.1601,115030.0864777259,115070.86402620876,115030.01318747335,114692.21150833333,116193.78755714286,105930.88941920122,114858.47897333332,114851.98371399999,114861.44076627734,114930.26125527313
2018-08-15,115093.0188,115070.2956,114931.22567252429,114976.20742932457,114930.935890606,114692.21150833333,116149.8477,105928.20858843332,114779.51327866664,114817.69201800002,114841.24500798584,114865.65523865902
2018-08-16,114751.6393,115093.0188,114934.18185638747,114974.67459989511,114933.9846637882,114692.21150833333,115320.00065714287,105870.99996293125,114836.39625466662,114846.95191599999,114888.47741931441,114899.84942462538
2018-08-17,114676.0168,114751.6393,114606.79171768342,114634.91349305658,114606.37816405084,114692.21150833333,116175.54371428571,105730.52434401253,114577.51205533333,114584.05785,114482.96133430966,114565.12896089985
2018-08-18,114742.9767,114676.0168,114525.63623385473,114546.16309909642,114525.09383339006,114692.21150833333,114604.48958571427,105748.0505423961,114478.8410993334,114474.54309199998,114495.63417193631,114506.87945678871
2018-08-19,114742.9767,114742.9767,114562.86224248953,114576.73585981743,114562.75549219298,114692.21150833333,113936.28717142856,105720.17238256174,114537.02929466662,114531.072462,114540.00645183647,114551.25720210683
2018-08-20,114743.4689,114742.9767,114573.61596703298,114581.03715546287,114573.591941166,114692.21150833333,113982.10158571428,105755.04821557921,114552.44976466658,114566.386412,114540.00645183647,114557.83112398865
2018-08-21,114645.2796,114743.4689,114605.72274692032,114629.4309677699,114605.4268035089,114692.21150833333,115304.8976,105718.26098465692,114548.14576599993,114545.11352399999,114515.82993022782,114564.46888799923
2018-08-22,113641.0159,114645.2796,114533.51913880784,114568.06622981589,114532.93889673096,114692.21150833333,115390.65215714286,105743.54173657014,114420.99850066667,114454.35023800003,114495.63417193631,114494.89963413961
2018-08-23,113606.7373,113641.0159,113575.8900054524,113613.79215009393,113575.02727596337,112931.6215,115842.15935714285,104779.13188208848,113408.90124466672,113435.24009599996,113345.82834972198,113456.17391482754
2018-08-24,113842.356,113606.7373,113498.67132097407,113540.82801086361,113498.12926401067,113040.59909999999,115379.52045714285,105774.23091652646,113445.07549933337,113453.45723999999,113492.89754648159,113492.93368555953
2018-08-25,113901.9847,113842.356,113733.63604333157,113749.5611929862,113732.9569706728,113040.59909999999,115897.36075714287,105564.97524377296,113665.21359599997,113641.478,113778.89672762997,113731.22383887204
2018-08-26,113959.969,113901.9847,113760.57084064008,113745.15575649153,113760.18054005549,113040.59909999999,113869.69277142857,105602.74024085295,113695.95852066664,113687.74213800002,113813.32266888177,113751.4789820133
2018-08-27,113960.2745,113959.969,113809.9621240967,113791.9961677382,113809.67270911922,113040.59909999999,114729.26851428571,105601.83661838008,113690.29818999999,113670.484186,113813.32266888177,113765.20567553998
2018-08-28,114520.0245,113960.2745,113830.9619084332,113835.93414549237,113830.38507350256,113040.59909999999,115163.20098571428,105548.43689456163,113690.38322333331,113689.079036,113789.14614727312,113771.82117203293
2018-08-29,114802.9145,114520.0245,114344.48576288576,114371.92997255584,114343.87665414021,114400.6424,119135.54650000001,105171.19447483316,114376.63692133332,114423.87132399996,114595.3358443217,114447.96757940362
2018-08-30,115060.4727,114802.9145,114648.19543525172,114661.09930117936,114647.77041659238,114894.05231999999,118312.14064285715,105505.99465420135,114710.4736726666,114695.19779999998,114585.94843487488,114652.5071362403
2018-08-31,115127.8996,115060.4727,114903.78261985154,114897.97537551139,114903.36146422292,114894.05231999999,116331.78151428571,105583.80894686328,114861.32358666661,114910.72960199999,114880.52548024477,114879.9414808076
2018-09-01,114788.1319,115127.8996,114958.7440252873,114934.3116917878,114958.4529875367,114692.21150833333,116948.34418571429,105583.78646855593,114829.71031199992,114808.48498799997,114792.93831656512,114852.32010678429
2018-09-02,115455.5253,114788.1319,114631.7325298466,114610.35520085943,114631.53898336079,114692.21150833333,119900.07744285713,105342.31458279128,114567.9287153333,114499.78413199997,114500.19472211723,114559.49287943664
2018-09-03,115455.5253,115455.5253,115391.70378666364,115305.5736356161,115391.42088686246,115218.132,119238.86467142859,105078.1448833342,115301.33331733334,115273.75024600001,115248.10308938514,115285.00334744486
2018-09-04,115534.3935,115455.5253,115332.34995809663,115237.73596229161,115332.11214394677,115218.132,118245.42827142858,105497.87986040421,115173.00555066676,115209.31006199998,115188.04527116063,115199.59559470632
2018-09-05,115266.7973,115534.3935,115419.36861051865,115269.48122085509,115418.68331675541,115218.132,117232.75401428572,105481.0580302919,115295.24852066676,115300.36209399998,115188.04527116063,115250.9250042275
2018-09-06,115068.0943,115266.7973,115158.57771734355,115018.517856044,115157.7752519453,115229.66475,120388.35772857143,105325.38449502995,114988.47539199998,115017.28103799999,114843.0747960842,114950.02268137607
2018-09-07,115124.8366,115068.0943,114938.07202794636,114806.52325927244,114937.47176709688,114692.21150833333,120609.35227142856,105380.18050990898,114805.20403533334,114841.41444000001,114865.30441455134,114825.6772363857
2018-09-08,115148.8445,115124.8366,114985.75577199826,114863.75711353164,114985.10581330581,114692.21150833333,119211.28127142857,105389.1179296835,114832.23420400004,114824.52122199997,114875.2507531997,114857.08069024379
2018-09-09,115147.7547,115148.8445,115023.64405525725,114896.80177506983,115023.12173505066,114692.21150833333,119800.04375714285,105337.70461690638,114799.85180266663,114813.28353399999,114884.91548526133,114860.52302099927
2018-09-10,115147.8701,115147.7547,115013.0543325869,114866.51633824997,115012.47662065849,114692.21150833333,120717.00808571427,105333.86021923715,114782.00735866664,114811.76532800001,114870.88965097269,114839.80444929644
2018-09-11,115368.4879,115147.8701,115026.4419077043,114912.6811517302,115025.89917370271,114692.21150833333,120118.06941428571,105325.18997998316,114775.68264066667,114769.02838399999,114904.1377310101,114864.16717446898
2018-09-12,115060.0617,115368.4879,115211.19051381694,115114.54042309304,115210.78145154731,115218.132,119974.5885857143,105282.39561690754,115151.32769600011,115179.557702,115295.21374069467,115187.02728659594
2018-09-13,114897.6011,115060.0617,114908.10376043359,114844.67610419542,114907.85438284877,114692.21150833333,119225.39504285716,105171.22895483178,114738.05158799996,114769.61500800002,114943.91498374294,114842.21422531277
2018-09-14,114718.3108,114897.6011,114743.05299737828,114703.4809086802,114742.83770752429,114692.21150833333,120103.06714285715,105279.98699491264,114628.08195266657,114582.67383799999,114586.13133137477,114639.23139757384
2018-09-15,114710.8089,114718.3108,114566.98291751285,114512.68040901345,114566.73345536324,114692.21150833333,119286.4403285714,105236.62611844167,114459.19483066663,114421.90922799999,114579.91285664255,114517.26269877421
2018-09-16,114711.019,114710.8089,114528.38611071063,114501.6074064267,114528.42546135029,114692.21150833333,120436.1381,105306.81294308265,114506.68273333333,114496.91704400002,114521.43388460053,114509.90800812018
2018-09-17,114711.4077,114711.019,114541.85983486619,114508.71274736665,114541.81617025257,114692.21150833333,120184.69389999998,105326.69708042346,114497.34686933334,114498.851418,114531.38022324888,114512.47994664963
2018-09-18,114507.3414,114711.4077,114563.65113494593,114529.73917752146,114563.49139743745,114692.21150833333,120134.15590000001,105307.2135030615,114448.69228800003,114424.35857799997,114554.68196463793,114511.03781005315
2018-09-19,114354.2645,114507.3414,114349.99061060794,114312.3894108542,114349.73656343283,114228.16346249999,115443.99384285715,105173.61224980731,114173.40473266663,114147.771936,114522.05809531196,114335.9507462776
2018-09-20,113955.6556,114354.2645,114177.14000497981,114150.72466317896,114177.00827225683,114228.16346249999,116793.2723,105151.36327359118,113947.99954466656,113972.05613600003,114095.00253378105,114064.5755805422
2018-09-21,113763.0943,113955.6556,113771.61654322079,113749.45419575843,113771.80908350594,113040.59909999999,115592.4574142857,105054.33298398305,113133.44459599987,113127.46168800002,113582.37930780742,113488.42603318857
2018-09-22,113645.3599,113763.0943,113564.18726889801,113540.42119252947,113564.47450000407,113040.59909999999,114383.13234285715,105113.68563201439,113055.93850933324,113001.91200000001,113610.36502597142,113402.2415759447
2018-09-23,113645.3599,113645.3599,113424.92380067596,113388.28724663435,113425.28717149462,113040.59909999999,114439.98922857143,105130.46506305388,113017.67215533326,113003.86982800001,113348.36057984234,113251.43999393664
2018-09-24,113647.0168,113645.3599,113416.69528096344,113363.89339497034,113417.0553278123,113040.59909999999,114646.33587142857,105119.51310333048,113018.8562166666,112998.48440999999,113337.582782932,113240.11079818965
2018-09-25,113027.8239,113647.0168,113416.910932901,113361.63880016828,113417.2513665895,113040.59909999999,113685.01064285715,105068.89453569353,113039.26025133327,112998.97528399999,113217.72318700093,113206.20741283416
2018-09-26,114561.6102,113027.8239,112833.49338619443,112764.46652897832,112833.49454105317,113040.59909999999,114043.03977142856,104837.27173747751,112823.09028133331,112820.74462200001,112405.31362529981,112664.29014520382
2018-09-27,114072.6327,114561.6102,114205.55211397189,114093.76745228506,114205.84268873122,114400.6424,114658.69377142857,104173.04682374265,114272.05849533342,114310.90203600003,114492.02750080306,114285.95114947384
2018-09-28,112920.2098,114072.6327,113803.00657078077,113664.91476411952,113803.08095430562,113500.05785,115179.4982,104866.77429346475,113045.71365799986,113095.28199800002,113412.17815647637,113374.2688595319
2018-09-29,111755.8381,112920.2098,112682.79548698483,112602.33768024108,112682.8665913839,113040.59909999999,114285.03407142857,104408.11325981341,112693.18895466668,112689.56774600002,112324.52575046837,112540.01746179204
2018-09-30,111755.8381,111755.8381,111556.18353791526,111498.1622086109,111555.92050596033,109883.1573,111768.35497142859,104460.3674438817,111301.13864799993,111323.49417600002,111165.9275884578,111321.74281502287
2018-10-01,111758.1326,111755.8381,111510.46593191886,111439.5164028502,111510.58455405326,111702.11362,115259.41432857142,104964.0847121209,111410.81552466669,111420.885976,111832.02338521737,111560.78510424476
2018-10-02,111017.9444,111758.1326,111540.2601432114,111422.41443536764,111540.22888506303,111371.7539,116122.56592857142,104957.96445963075,111428.22019266666,111423.18580800001,111289.49900008914,111380.04454270781
2018-10-03,110332.6884,111017.9444,110885.54501282742,110748.21966408953,110885.21531222135,109369.1345,110849.08714285713,104742.60384353658,110101.47975733333,109983.275266,110182.9026793694,110344.20070026407
2018-10-04,109194.9518,110332.6884,110103.87751611405,109943.10299650842,110103.31570664671,109539.865,110849.08714285714,104702.15399025302,109989.60324333336,109803.29715000004,109828.95713267964,109920.55445750714
2018-10-05,108900.2962,109194.9518,108966.42220970098,108840.70337289228,108965.74764778638,108610.649,109299.94975714285,104405.65867774395,108799.02804733333,108881.95887200003,108782.88144550505,108807.53762191022
2018-10-06,108689.1781,108900.2962,108620.61880446512,108540.81619042394,108620.42943827673,108610.649,107086.16468571428,104533.240779402,108539.99817933336,108454.72122000004,108520.80565685491,108533.87334220407
2018-10-07,108689.1781,108689.1781,108404.47166818085,108332.69273458794,108404.70351953997,106621.8172,108660.31281428572,104472.08129008133,108070.07223199992,108031.66055599999,108572.99978903832,108325.25491854206
2018-10-08,108689.1781,108689.1781,108506.8408701449,108405.2203740953,108506.87217361822,106621.8172,107398.77742857144,104350.38558212768,108125.01586733326,108078.982334,108577.85077438172,108369.36233860343
2018-10-09,108689.3046,108689.1781,108334.92201865802,108232.77316836623,108335.37357903151,106621.8172,107856.44981428572,104194.34772206588,107955.13422133325,108060.34379000004,108534.25732820215,108240.72157263388
2018-10-10,108279.6316,108689.3046,108267.07148644177,108277.292862992,108268.26660908727,106621.8172,106756.56378571429,104026.60619671107,107963.17195066658,107933.30691200001,108540.91628205599,108260.46036523819
2018-10-11,108282.6073,108279.6316,107851.62560465826,107890.07292908298,107852.6480721606,107880.1208,106417.13673285712,103875.92468138019,107641.83145799991,107703.40033600002,107855.46991631559,107795.79143446615
2018-10-12,108183.7312,108282.6073,107848.65546695974,107860.02078588211,107849.86594541524,107880.1208,107460.76385714285,103564.7205717243,107859.09743333327,107815.90628000001,107914.44213717653,107877.85345213063
2018-10-13,107807.9005,108183.7312,107760.35535895232,107707.76102674955,107761.4226640035,107880.1208,105980.77402857142,103474.8049893121,107907.81823399996,107821.10021400005,107887.1402613154,107834.2398406883
2018-10-14,107807.9005,107807.9005,107391.58122849886,107329.0373460132,107392.72740745252,106962.5826,106194.18278571428,103606.54824562761,107305.5516346666,107166.96945799999,107460.7120639091,107365.1003481963
2018-10-15,107808.4772,107807.9005,107380.45381360808,107318.39139172356,107381.66179100012,108021.4958,105759.70681428572,103451.00563060502,107524.02896333327,107480.75863599997,107469.0861757775,107437.16884361143
2018-10-16,107638.7125,107808.4772,107414.1041462,107315.1413289879,107414.98014972649,108023.875,104995.9763,103420.15249952425,107483.89307599995,107414.17747599997,107444.90965416885,107414.6480197189
2018-10-17,107554.085,107638.7125,107252.59277935044,107136.99698220297,107253.16229448037,106480.7579,102701.98621571428,103218.97314226776,107171.2164799999,107131.71542799997,107392.65404742003,107233.62250320763
2018-10-18,107460.8922,107554.085,107171.78853645895,107022.04779696686,107172.21241474473,106480.7579,104188.63217142856,103083.81951179137,107169.32593799988,107163.73966399998,107419.6907004571,107203.68814514128
2018-10-19,107273.8367,107460.8922,107077.60801115834,106927.47860564913,107077.8695854224,106480.7579,103909.60395714287,102971.17824385593,107324.92078466655,107302.75669999994,107392.65404742003,107215.01781257858
2018-10-20,107391.162,107273.8367,106899.60822216864,106759.08891056944,106899.71685960471,106480.7579,102654.14781428571,102928.18103472545,107423.60655466659,107359.50435599996,107389.25687059836,107190.65077861147
2018-10-21,107391.162,107391.162,107010.10695887516,106890.81787065192,107010.29698896006,106480.7579,102717.6052157143,102909.22743961903,107397.72625933326,107345.56095199997,107449.27590957764,107245.9400131876
2018-10-22,107391.5056,107391.162,107036.90696271423,106925.97618783444,107036.93381466881,106480.7579,102643.26487714286,102811.11953392753,107360.6277699999,107338.54856999996,107449.27590957764,107245.29328913735
2018-10-23,107243.4868,107391.5056,107072.70558699411,106982.6560895452,107072.44703251343,106480.7579,102861.52690000001,102809.57645930669,107254.85459266654,107229.04475999996,107425.09938796899,107220.87002339358
2018-10-24,106912.6037,107243.4868,106957.60166775093,106883.5356658148,106957.03928760135,106480.7579,102648.09552285714,102723.56483292463,107193.02195666653,107161.70386599997,107404.90362967749,107160.48708405293
2018-10-25,107020.846,106912.6037,106643.69691360414,106598.37355146091,106642.97165688427,106093.53455,101809.54403285714,102827.83082273505,106214.10396000011,106213.10916399998,106333.69010410357,106382.05587185487
2018-10-26,107501.568,107020.846,106765.51891342565,106758.07279098876,106764.27786103854,106480.7579,102667.81446857144,102730.68646253539,107320.0789866666,107282.47367799995,106990.84637790816,107022.99938518782
2018-10-27,107342.9945,107501.568,107255.9292351565,107227.4700951883,107254.52897273302,106480.7579,106102.28627428571,103320.62145423378,107577.85528266663,107503.92285799993,107423.41166494302,107409.57901426598
2018-10-28,107342.9945,107342.9945,107097.78337257048,107035.58877683722,107096.78459630696,106480.7579,101152.99729428571,102497.27468775978,107477.34789466659,107502.86256399992,107445.5480456615,107319.49490572179
2018-10-29,107343.1122,107342.9945,107076.36305266053,106991.12067507087,107075.8768461909,106480.7579,101194.71267428572,102370.68001206474,107489.53077399993,107526.72314599995,107455.49438430986,107312.04861112688
2018-10-30,107452.0063,107343.1122,107129.67186719459,107068.52849747671,107128.72053571232,106480.7579,101377.40333000002,102409.83440281966,107447.06205333325,107462.24289799995,107431.31786270121,107315.63613783706
2018-10-31,107568.7185,107452.0063,107267.79341095457,107238.08174234458,107266.51062865894,106480.7579,101082.17810857143,102504.65463516548,107455.89950866658,107446.80827199995,107431.31786270121,107375.09970457079
2018-11-01,107915.2455,107568.7185,107382.94117919897,107339.23942484462,107381.88150457769,106480.7579,102013.04684285713,102401.10009309942,107476.3299613333,107445.43318999995,107458.35451573828,107424.64130063873
2018-11-02,107808.0204,107915.2455,107712.90354433151,107623.47630681087,107711.97502260492,106480.7579,107927.45897571427,102780.63546080558,107864.40743000005,107796.34953599997,107427.06885963677,107638.31753214925
2018-11-03,107800.6162,107808.0204,107565.27566763712,107418.27145566157,107564.94630692099,106480.7579,99638.44590285714,102153.71853029732,107706.79445133334,107702.88008799995,107411.1221044097,107512.06267046819
2018-11-04,107800.6162,107800.6162,107546.61466516275,107407.9557682656,107546.47631083726,106480.7579,102137.57021571428,102112.28379055127,107648.38454599999,107632.48788599994,107445.5480456615,107500.62945330904
2018-11-05,107801.0405,107800.6162,107565.88181118187,107424.21230918914,107565.72533649181,106480.7579,102466.45535571428,102062.74838016967,107664.71283133332,107654.96513999994,107455.49438430986,107514.80650827744
2018-11-06,107702.6708,107801.0405,107615.51215596616,107471.82671688161,107615.03674021436,106480.7579,100875.39397857143,102062.11743337392,107643.0723613333,107618.56364999995,107431.31786270121,107515.40564697202
2018-11-07,108946.7119,107702.6708,107542.08398122396,107389.60204262653,107541.3564846158,106480.7579,101838.5200457143,101932.80120238973,107473.88546599993,107422.15071799996,107454.61936481764,107439.3689578147
2018-11-08,109034.1241,108946.7119,108695.55854010064,108517.60674560344,108695.10527681508,109732.3901,106123.43603571427,104142.22628505957,109221.02332133344,109169.19628999999,108715.57880678131,108818.06962457274
2018-11-09,109023.0492,109034.1241,108797.02182732814,108607.65731011165,108796.73107824817,108954.7966,103434.41678571429,102698.4265808824,109113.7784066667,109116.239594,108644.28438195116,108788.57336624316
2018-11-10,108934.4304,109023.0492,108785.11995029681,108612.92990492762,108784.89534249505,108954.7966,102691.70619857141,102781.43972500048,109096.2662366667,109111.36868600002,108634.3380433028,108781.17806163238
2018-11-11,108934.4304,108934.4304,108695.9861821396,108544.84387796579,108695.85932835852,108954.7966,103434.41678571429,102720.10692784897,109061.25244933338,109066.418836,108624.11326900186,108743.403198767
2018-11-12,108935.8304,108934.4304,108718.53052518946,108574.22776596229,108718.41231548859,108954.7966,103434.41678571429,102677.07406135362,109099.90099866674,109088.489044,108634.05960765021,108769.39612409308
2018-11-13,108914.7982,108935.8304,108769.8574890549,108625.92504665353,108769.56054900333,109400.187,105005.70417142857,102569.9540749918,109162.65181800007,109162.09918399999,108657.36134903926,108815.31273789762
2018-11-14,108895.6975,108914.7982,108787.6114078473,108647.40921031096,108787.13716172872,109373.0604,102962.97790000001,102222.90112180576,109087.85544400006,109095.94458999998,108637.16559074775,108790.81008168624
2018-11-15,108604.5819,108895.6975,108700.56578751409,108540.0920031908,108700.24512716154,109373.0604,102393.05781428571,102117.40067600147,109097.83096866673,109112.601952,108629.77630253302,108755.8997581302
2018-11-16,108536.0765,108604.5819,108419.45062592442,108264.31085313462,108419.11036775807,108633.8275,101847.919,102207.60062304082,108617.4448426667,108694.27042200003,108310.95615876469,108397.57061818866
2018-11-17,108529.0268,108536.0765,108337.24505148338,108194.47973879866,108336.96690949866,109114.1167,102889.60554285713,102075.84768647279,108622.18489600002,108720.91863000001,108321.06621282651,108379.24361587506
2018-11-18,108529.0268,108529.0268,108321.77152940982,108181.38091625542,108321.60655241042,108638.8474,102515.57042857143,102055.68814509513,108573.4559893334,108643.65315200003,108290.82329206045,108348.55339921643
2018-11-19,108529.8479,108529.0268,108337.8821793865,108197.11555592775,108337.613568754,108638.8474,102784.97544285715,102041.86795228971,108596.59909000006,108707.35653000003,108300.7696307088,108364.8280922122
2018-11-20,108468.7736,108529.8479,108365.38155138023,108220.85249297853,108364.9364664596,109114.1167,102634.38055714287,102074.32559218133,108609.9551753334,108753.98421200001,108344.08951856296,108391.63239562495
2018-11-21,108688.4493,108468.7736,108277.41532899134,108196.238753111,108277.34707407675,108633.8275,102594.02709999999,102063.55702790889,108381.81163600007,108521.94137800002,108019.21505957014,108199.08848289373
2018-11-22,108669.4875,108688.4493,108444.99512249582,108368.78412988885,108445.13004487737,109373.0604,101707.14781714286,102339.11151252699,108966.4832233334,109041.02324800001,108649.97206082453,108661.74647134892
2018-11-23,108608.3365,108669.4875,108431.4746965869,108352.15657635005,108431.68899832798,108633.8275,102925.20820000001,101991.92164779906,108771.194754,108741.51654200001,108294.45938433959,108472.6035715632
2018-11-24,108475.073,108608.3365,108367.95296127029,108286.90143977934,108368.13793605639,109114.1167,102704.1527857143,102012.53108747734,108574.49966133335,108655.97038000001,108294.45938433959,108385.2868284841
2018-11-25,108475.073,108475.073,108226.83238279147,108157.19218248484,108227.09388846451,108638.8474,102676.97684285713,101991.04349955861,108400.18137733337,108478.66824400001,107979.55590933732,108178.9764897185
2018-11-26,108476.873,108475.073,108235.2945808996,108161.38462756145,108235.51185198117,108638.8474,102609.85964285713,101956.85190826181,108467.03464400001,108585.43064,107989.50224798567,108205.97383984904
2018-11-27,108351.8604,108476.873,108267.59452283203,108181.73963252173,108267.61465564612,109114.1167,102454.05694285713,101987.1871840934,108476.3538033334,108641.71720800002,108012.80398937472,108223.6324750766
2018-11-28,108281.924,108351.8604,108153.84408937128,108061.28880229988,108153.807184857,108633.8275,102483.45714285715,101917.1652058758,108378.28386133339,108534.39510200004,107986.389756351,108141.98747332809
2018-11-29,105847.3593,108281.924,108053.42909417246,107942.32814867898,108053.39070518043,108638.8474,102145.35892857143,101861.94037275607,108264.54536000006,108453.19374200005,107979.00046813626,108061.95799227177
2018-11-30,105215.8358,105847.3593,105786.40416846974,105678.21186445681,105785.59645057117,105267.6782,106255.30330999999,104009.54052307487,105451.98448666673,105414.37201400001,105317.89707583921,105482.69780898758
2018-12-01,104685.4449,105215.8358,105085.73887099106,105008.81145175429,105085.1387938795,104982.85497500001,105433.22754285714,103608.99108718109,105054.87644600001,105140.30158800002,104811.49638029428,104958.39475934952
2018-12-02,104685.4449,104685.4449,104551.14280808515,104436.48116240086,104550.78294396086,102823.4104,105883.24392857144,103753.15055624771,104251.77523599991,104213.60858600003,104246.45273365987,104311.56971068688
2018-12-03,104687.6832,104685.4449,104508.02302346166,104361.06750530383,104508.0491359602,102823.4104,107264.49628571428,103561.6542319548,104338.17068599991,104316.16224800004,104432.21632655346,104377.1515059524
2018-12-04,104231.4687,104687.6832,104481.11634710344,104310.45458640004,104481.34358592758,102823.4104,107256.85185714286,103422.14115403713,104325.21940133323,104317.087276,104278.21131606364,104304.62843459897
2018-12-05,103757.5251,104231.4687,103979.78447135855,103837.26891257023,103980.16463940335,103288.1536,105385.61092857142,103379.87205853552,103596.86522533323,103614.11000799997,103680.81126840007,103704.98180210117
2018-12-06,103285.056,103757.5251,103399.436551324,103317.68204919487,103399.98424209641,102792.881,103006.72950714284,102763.53598929096,103456.05187200001,103522.29399800001,103331.23126765597,103368.32172961696
2018-12-07,103676.895,103285.056,102979.75614349276,102981.41897150416,102980.35227425076,102619.1649,99788.58531571428,102469.385274432,102989.73642524431,102955.68462000001,103031.10635464228,103000.75391713025
2018-12-08,102912.9089,103676.895,103320.73218354807,103317.08422126327,103321.67076049019,103087.4786,99884.05929714287,102521.40426295735,103572.10906533334,103546.71941399998,103424.09503643979,103437.76277434547
2018-12-09,102912.9089,102912.9089,102610.59830457068,102603.36563845522,102611.59569610238,102774.34008333336,102327.58669,103233.80796889233,102675.75449666653,102683.90322200004,102628.8922291728,102636.00412143151
2018-12-10,102913.5314,102912.9089,102554.01892352833,102550.3728044528,102555.36284055673,102774.34008333336,100337.34983142857,101954.64429199322,102685.4556999999,102730.34615400003,102704.24425775613,102646.69092073629
2018-12-11,102810.2863,102913.5314,102546.53759921312,102532.49105288385,102547.90634467475,102774.34008333336,100016.06264,101842.22465986929,102585.41507866669,102651.73280200004,102660.65081157656,102592.8523143757
2018-12-12,102607.7771,102810.2863,102433.39153165901,102433.69902449401,102434.8916631133,102774.34008333336,100182.34441428572,101681.4061360265,102613.91379266666,102609.25719200003,102640.45505328506,102562.68929014857
2018-12-13,102528.1368,102607.7771,102258.25525859819,102166.12716186473,102259.2000541663,102399.78659999999,99540.46649,101607.0385798815,102333.62671066674,102352.05207000002,102595.84965329917,102365.20117527689
2018-12-14,101665.6689,102528.1368,102185.34558616689,102075.56196356642,102186.24243167984,102399.78659999999,100600.48159714286,101442.54529243144,102366.3900260001,102364.08429199998,102615.3458260181,102352.43260519486
2018-12-15,101318.6242,101665.6689,101349.8342992538,101200.05811383673,101350.29016151222,101697.5919611111,101349.75732857143,103246.41932573741,101607.60005466668,101517.89590000002,101676.06819663793,101494.57545504712
2018-12-16,101318.6242,101318.6242,101004.6404214068,100889.154429674,101005.26728338037,101362.72615,100445.14930714284,102041.32352330557,101115.47175599998,101151.14432000002,101268.73271284207,101091.11963283869
2018-12-17,101319.0809,101318.6242,100997.15905205577,100872.75652580125,100997.88825798727,101362.72615,100218.25555714285,101797.6079124009,101214.08930999997,101188.52446200004,101271.02091462063,101119.28891680727
2018-12-18,101270.857,101319.0809,101021.46651143077,100870.69002736855,101022.00145781966,101362.72615,100730.29279857142,101806.108216161,101209.36599199996,101197.44657800002,101206.97309830037,101095.67637255629
2018-12-19,100823.7337,101270.857,100971.96920265719,100814.33022300765,100972.39612591905,101074.54055,100193.30064285714,101675.73255934435,100889.74299266665,100935.687066,101186.77734000886,100963.6168518944
2018-12-20,99816.39675,100823.7337,100538.13014486697,100390.63306711843,100538.26264854269,100616.0131,100233.60019428571,102169.8646127589,100733.09269800005,100790.39466199999,100659.82522367097,100594.51699626316
2018-12-21,99535.95965,99816.39675,99569.41852208305,99485.37208803519,99569.05328709823,99453.78835,102382.08316714286,103571.667615958,99663.50006153324,99644.54220820003,99801.54262430467,99650.1382579577
2018-12-22,99473.81391,99535.95965,99311.69960855052,99252.27747089237,99311.15967028646,97724.39232,99139.86337428573,102055.08480628139,99119.27328540002,99233.13260700002,99440.68981606874,99270.74685745372
2018-12-23,99474.69626,99473.81391,99255.12313047222,99209.16337599557,99254.67152565323,97724.39232,99856.68506714285,101916.23722165161,99050.04427859999,99102.904736,99321.67940400912,99193.6290195349
2018-12-24,99474.81992,99474.69626,99269.04587862657,99228.78783882383,99268.55017737747,97724.39232,100145.53914428572,101868.64455848419,99069.07081973329,99125.83766520002,99331.62574265747,99209.82813373819
2018-12-25,99274.18868,99474.81992,99443.67738839104,99412.78579761124,99442.38531512358,97724.39232,100016.95465428571,101802.41101233271,99054.24258053329,99124.05089120001,99304.5861130561,99257.20483040022
2018-12-26,99274.75118,99274.18868,99256.77897898495,99274.73774745184,99255.08553180328,98848.93744,99564.00159571428,101572.38159992853,98877.2417572,98945.06604440002,99175.31021732748,99109.09657399311
2018-12-27,99274.75118,99274.75118,99093.80539779313,99203.58058654728,99092.50573389234,99002.96114,98691.3519942857,101022.56843301978,98989.4668432,99069.59153240002,99251.58652166478,99148.21131713735
2018-12-28,98719.77606,99274.75118,99166.13396276676,99310.2624891992,99164.34800799054,99175.59052,99019.52787571428,100801.40384036761,98979.90845939999,98978.6014672,99231.78938173184,99173.986776777
2018-12-29,98609.9344,98719.77606,98582.8272645829,98609.6805693473,98582.18269022634,98672.8551,98737.42504571429,101811.50324633725,98564.90643993337,98506.10336079996,98596.36581078637,98590.31760668902
2018-12-30,98633.33489,98609.9344,98431.8787282676,98448.71636387607,98431.7066027404,98527.65995666666,98604.08360999999,100640.0962042012,98528.22257686667,98545.78453579999,98649.26163190676,98542.06685754983
2018-12-31,98633.33489,98633.33489,98444.60294318022,98437.1970060215,98444.74475993766,98527.65995666666,98880.2783,100576.83529209314,98524.60129766665,98543.58098059999,98659.20797055512,98540.33542474774
2019-01-01,99178.60851,98633.33489,98621.69817541419,98603.75765997282,98621.14085756942,98527.65995666666,97963.43763714285,100735.33070138391,98517.8201086667,98529.85740179999,98652.52038169374,98591.36605011109
2019-01-02,99620.16357,99178.60851,99009.61849656886,98998.68247849129,99009.39291279699,99130.02242,100347.64684142858,102099.45010104105,99047.99097773337,99096.3895314,99024.49144925138,99023.72163515868
2019-01-03,100064.2386,99620.16357,99427.02724664766,99342.96582493561,99426.8503699816,97724.39232,99176.25525571428,101799.18830874182,99473.85363099983,99515.85046260004,99648.85608183431,99488.55851258991
2019-01-04,101005.5512,100064.2386,99823.53936249748,99711.63444000967,99823.63721547763,99938.23344,99322.91645714287,101938.31554739478,100795.89477159992,100676.69878540002,100056.23005364939,100187.91975508632
2019-01-05,100998.8489,101005.5512,100746.87930081198,100628.27812793161,100747.22374553548,100650.1039,102157.03231,103823.17323775822,101151.66230466665,101173.43246599998,100883.91349100471,100887.95130786765
2019-01-06,100998.8489,100998.8489,100799.10143360759,100690.98295106848,100799.19444264626,100650.1039,101848.8049142857,102120.51448834284,101115.85647066668,101092.38026599996,100891.18284481108,100899.3407555154
2019-01-07,100998.9322,100998.8489,100809.17218348874,100688.16694316112,100809.53998440714,100650.1039,102135.73984285715,101987.31816370501,101120.01475800002,101092.44149199995,100886.65918739549,100898.28029618553
2019-01-08,100476.6307,100998.9322,100891.98869901458,100776.72325428446,100891.81959673153,100650.1039,102317.87478571429,101626.61086096532,101161.88212933335,101143.62414199997,100891.04207468878,100943.21581943553
2019-01-09,100562.3416,100476.6307,100435.62905301464,100329.83592005925,100434.96080469157,100421.55046249999,96228.88311571428,101758.95712158828,100534.52775939996,100488.404396,100299.29914530572,100387.88760825497
2019-01-10,100747.9252,100562.3416,100508.79481068166,100405.49848972897,100507.94295620137,100576.61123333334,101527.63085142859,100576.77869751706,100552.08326753331,100532.11566799998,100419.32925632471,100458.97033786234
2019-01-11,100784.5501,100747.9252,100717.03974315934,100562.1507785983,100715.81052666594,100765.15046,99192.90445857143,100547.71517644172,100782.43054340003,100800.663324,100685.38366661569,100676.65499620467
2019-01-12,100806.6366,100784.5501,100741.27803975274,100567.25292539621,100739.77229254635,100765.15046,99961.51496714285,100269.71853189202,100826.01864800001,100839.48319,100712.02241015762,100701.76466118461
2019-01-13,100806.6366,100806.6366,100727.30460661127,100538.24716528157,100726.37847575269,100765.15046,101411.98290000002,100154.10072663038,100881.83295666668,100849.59106800001,100822.74098078888,100747.60703424572
2019-01-14,100806.853,100806.6366,100731.99226494874,100551.8855197164,100731.19932047251,100765.15046,100807.61821285714,100097.94667161492,100890.12081133333,100852.38895600001,100841.32895702875,100761.11176269282
2019-01-15,101025.0485,100806.853,100752.8730041201,100626.00073325852,100752.05030563481,100765.15046,101148.53542000001,100246.11691208783,100916.46074133329,100896.087898,100864.6306984178,100802.36405766987
2019-01-16,101155.6032,101025.0485,100983.91422301192,100906.39466434039,100983.24578346944,101394.2978,98863.90583285714,100759.25897940519,101097.51180133338,101031.31918599998,100993.33452773944,100999.08033113774
2019-01-17,101831.7815,101155.6032,101096.64733115936,101040.80913920121,101096.1837559353,101394.2978,99102.78435714287,100610.29419300913,101225.40064933337,101155.70013599997,100985.9452395247,101084.05167601975
2019-01-18,101908.9029,101831.7815,101730.29756043479,101726.85771863749,101730.06867952317,102151.75668,99283.48367428572,102853.46770731956,101951.80427799997,101977.17454800004,102015.1828497649,101897.94828213412
2019-01-19,101897.6408,101908.9029,101817.10314379146,101803.17887951568,101817.11904905188,102151.75668,100498.02902714287,101173.1056771349,102113.69138,102120.34735200004,102028.53273114497,101981.80099688687
2019-01-20,101898.2469,101897.6408,101789.33164379853,101786.28894954898,101789.5572351687,102151.75668,101398.62030571428,101042.95278954053,102103.99265000006,102134.88620800001,101988.34347173055,101959.54169042653
2019-01-21,101898.2469,101898.2469,101808.86224775047,101810.88813851647,101809.06524275489,102151.75668,100464.22399142857,100995.36832088575,102108.31771200003,102142.71941000002,101998.2898103789,101972.49855363181
2019-01-22,101841.2994,101898.2469,101861.31727814506,101836.19548981577,101861.18143467052,102151.75668,100045.69848285713,100901.44812585435,102135.18381333331,102158.884236,102041.60969823306,102004.32966712739
2019-01-23,102393.0582,101841.2994,101813.8955466435,101781.32384896216,101813.7013521756,102151.75668,100803.4846642857,100674.0494838169,102013.94576,102032.14870600002,101972.18276194563,101922.48412363594
2019-01-24,104759.9772,102393.0582,102333.82771077596,102303.8337820907,102333.60509031489,102655.08571904765,100314.00162142856,102374.39611852731,102598.92369200001,102574.93953000002,102564.71679540191,102489.15808983089
2019-01-25,104864.5858,104759.9772,104617.77554287735,104575.31727797246,104617.09996938548,102823.4104,105017.64552857142,104008.79768333983,104320.17792199993,104378.762774,104461.16850709672,104452.2212356897
2019-01-26,104893.5124,104864.5858,104777.88268169425,104680.79711148352,104777.40844331364,102823.4104,101469.7117,103406.50088969353,104250.67891533325,104253.89682200005,104419.89634796491,104450.45745826054
2019-01-27,104893.5124,104893.5124,104769.58068255922,104694.9572983509,104769.59450799527,102823.4104,103018.0993,103590.2194118337,104328.86501999991,104392.87174000003,104389.65342719885,104471.15858184989
2019-01-28,104912.2324,104893.5124,104784.65323848257,104715.28954886491,104784.7303582431,102823.4104,102761.47678571429,103566.92049124843,104353.07137533324,104384.02171400003,104389.65342719885,104486.004783799
2019-01-29,104946.1502,104912.2324,104854.18411083052,104781.50809464607,104854.10576081595,102823.4104,104133.38915714285,103364.42846484494,104271.90228399994,104254.10519400006,104447.44331111695,104500.28456325432
2019-01-30,104950.9923,104946.1502,104941.63920102458,104845.9270922041,104941.31184687176,102823.4104,102804.68642857143,102713.91026016287,104276.84404266655,104324.06914600005,104461.53272395495,104528.1012862752
2019-01-31,104973.3794,104950.9923,104947.47393850792,104850.6684980316,104947.08994050736,102823.4104,102604.20167285715,101627.33608907145,104340.38414799991,104314.33992600004,104456.50581530621,104549.18615377923
2019-02-01,104987.7955,104973.3794,104868.32338192359,104699.69867395615,104867.9001857755,102823.4104,100638.22706714286,101138.22660994456,104390.10974599993,104473.52269800003,104448.45575686685,104512.75472560764
2019-02-02,104802.772,104987.7955,104866.26904126334,104706.1691019248,104866.02427446833,102823.4104,101073.57661142857,101255.44099909259,104367.73793866657,104354.02316800004,104448.45575686685,104507.4542658194
2019-02-03,104802.772,104802.772,104681.64499672741,104546.0712256521,104681.48001848723,102823.4104,100290.00679142858,101268.34053778321,104337.19067133324,104342.77676600002,104404.86932063077,104429.37707253871
2019-02-04,104803.1905,104802.772,104692.42014299147,104567.08576444643,104692.24233863328,102823.4104,101665.3503357143,101227.59619272032,104340.15008866657,104337.26322800003,104418.21283610079,104441.81622973793
2019-02-05,104798.9277,104803.1905,104724.94474301543,104596.73869891297,104724.62578796914,102823.4104,100799.16440571428,101305.12441582781,104295.4686599999,104233.28869800003,104457.8755292612,104450.02762939135
2019-02-06,104594.6982,104798.9277,104707.66363331147,104605.08076610208,104707.5357456306,102823.4104,101431.44825285715,101295.88762323333,104330.55311066656,104289.70959400001,104435.11849093123,104456.91745589995
2019-02-07,104287.2551,104594.6982,104443.40552728312,104448.83736868348,104444.19374411674,102823.4104,99994.29638571427,101404.22514148519,104277.13010866659,104322.61311800001,104383.55875652649,104369.84207795886
2019-02-08,103527.0607,104287.2551,104133.49320090593,104150.23886321578,104134.30023746271,103656.2303,99809.18937142858,101521.75295666367,103945.67636266668,103961.49441599999,103922.85438822146,104006.25653803465
2019-02-09,103503.7998,103527.0607,103395.18817101185,103431.89233075775,103396.00889085175,103119.4376,99385.82673428571,102918.57937212511,102980.51235861098,102924.68609999999,103179.71735285404,103197.37401407426
2019-02-10,103503.7998,103503.7998,103340.30492166497,103382.98038272948,103341.2293955756,103714.77906153846,101601.62435142859,101484.37829969464,103073.28234127774,103007.619298,103198.1296484113,103218.13079080619
2019-02-11,103503.7998,103503.7998,103352.63081031182,103371.5467986346,103353.43001795327,103714.77906153846,102452.18130000001,101462.27304795208,103084.12144694441,102994.60355600002,103208.07598705965,103221.2480775462
2019-02-12,103417.6202,103503.7998,103368.61620972928,103371.26068036076,103369.20920409927,103714.77906153846,102350.9702,101414.54604572064,103093.8326784444,103004.586106,103231.97895034289,103232.35743638268
2019-02-13,103380.7932,103417.6202,103262.9852580099,103261.65469142314,103263.50567837377,103714.77906153846,102625.45964285715,101187.19318110101,103018.18214333334,102938.44416800003,103211.78319205139,103163.87334226929
2019-02-14,103268.4249,103380.7932,103179.54053578699,103192.6382703649,103180.18098387452,103714.77906153846,102187.51359999999,100981.13076300525,103102.02578911105,103019.76194200001,103206.75628340265,103167.14011429285
2019-02-15,103231.0882,103268.4249,103048.92852258193,103076.07402537335,103049.53237481657,103714.77906153846,101064.2401842857,100765.79943273538,103157.60411011106,103133.91099400002,103194.59452904125,103142.75755484188
2019-02-16,103120.6787,103231.0882,103013.32714203559,103056.16311692979,103014.14185084814,103714.77906153846,100734.41540000001,100820.09245254683,103170.59444811105,103232.61145000001,103198.45662921843,103141.73806475308
2019-02-17,103090.1377,103120.6787,102890.60923462622,102916.220574578,102891.43318317787,103008.68641481483,101326.78958285715,100719.83389745951,103140.64254499992,103127.16935800003,102936.41909839716,102997.76073932504
2019-02-18,103090.1377,103090.1377,103007.39458021519,102995.78522631153,103007.6532926256,103008.68641481483,100310.16382714287,100746.65903141971,103066.4301786666,103051.25508000002,102936.41909839716,102999.54483445843
2019-02-19,103090.1377,103090.1377,102877.41394739856,102859.79268842048,102877.97862367178,103008.68641481483,101709.13139428571,100650.9669818355,103001.36535799998,103060.96922600003,102935.71750156529,102932.2918493286
2019-02-20,103085.1442,103090.1377,102869.91070612648,102822.92009872112,102870.39599683703,102774.34008333336,101688.36142714285,100564.88290060122,102927.68516200001,102998.74536400002,102846.65058982522,102865.75195018212
2019-02-21,103064.1905,103085.1442,102837.7111610887,102755.34458229272,102838.17079207773,102774.34008333336,100915.13997999998,100522.67143929718,102945.9814573333,103047.86396400003,102856.05276460925,102852.45960141176
2019-02-22,103179.9137,103064.1905,102808.05720101297,102686.08917834518,102808.4574502723,102774.34008333336,100557.15623285715,100466.76288183239,103039.27474399997,103084.10858200003,102832.67330626593,102852.67907620368
2019-02-23,103214.3464,103179.9137,102905.63739005329,102797.55560706346,102905.91546956668,102806.2508,100709.84870857142,100823.16068010121,103098.17386533332,103065.68828399999,103094.4324014346,102996.72062461048
2019-02-24,103255.787,103214.3464,102937.17256765053,102829.31946471163,102937.50980156707,102619.1649,101769.1027057143,100694.44168666631,103124.94265466662,103120.23321399999,103128.8583426864,103027.70682068821
2019-02-25,103255.787,103255.787,102996.39926516176,102889.1848902009,102996.66770594147,102619.1649,101403.11827142858,100703.38826321306,103092.05005999998,103099.47027800001,103128.8583426864,103036.69776429578
2019-02-26,103111.9419,103255.787,103032.03858922831,102922.11785218689,103032.11552623846,102806.2508,101048.9072942857,100751.68385196377,103024.3229093333,103050.80984199999,103104.68182107776,103017.04086086598
2019-02-27,103624.1668,103111.9419,102901.05769365169,102798.52084216109,102901.08431583802,103024.1970875,101024.20744857143,100734.39177614018,102949.43574333329,102986.67370733332,102832.67330626593,102860.2099639201
2019-02-28,103729.1281,103624.1668,103365.97803907887,103249.54700811293,103366.13015560959,102619.1649,101130.52935857142,102169.8708422824,103573.33080799994,103570.89465599999,103523.90097732485,103448.92626447925
2019-03-01,103911.3286,103729.1281,103492.97794511227,103362.22646721183,103493.03316367265,102619.1649,101736.80094285714,100955.92798243792,103619.14106333333,103637.41647999996,103423.36035767633,103468.24262940716
2019-03-02,103958.9552,103911.3286,103671.26920756209,103535.81918380313,103671.24709279349,103505.0485,101542.41302857142,101299.88938602566,103896.08743066668,103869.08420400003,103688.2768505469,103706.72782167223
2019-03-03,103958.9552,103958.9552,103725.24905188859,103598.09632273731,103725.17782910606,103980.0843,101675.79738571428,101067.54706529448,103931.95189866671,103896.38790799999,103722.7027917987,103750.91700440091
2019-03-04,103959.1552,103958.9552,103746.87104934594,103622.95238830832,103746.76556311564,103980.0843,101299.5873,100971.16311209243,103946.52621666671,103931.34956399999,103722.7027917987,103764.06046559125
2019-03-05,104117.7204,103959.1552,103797.05535101272,103684.4906098224,103796.67815879334,103505.0485,101600.65403714286,101007.99879768351,103891.85929800007,103894.89552999998,103698.52627019005,103758.2920593375
2019-03-06,104116.5628,104117.7204,103982.25879589343,103877.67271477403,103981.72751699247,104104.6651,101618.39712428571,101140.52248204181,103898.02770066669,103884.58978999998,103899.29334284071,103891.66458609382
2019-03-07,104428.799,104116.5628,103970.51152497291,103856.77239880041,103969.87679474366,104147.3357,101534.10672857144,100837.54504653002,103890.82391999997,103914.79142199998,103871.70829633447,103873.10153837828
2019-03-08,104255.1658,104428.799,104259.91630435809,104138.49295303256,104259.44794976542,104521.47932,100709.05295857142,101512.18278428192,104087.80724733324,104059.03682200005,104271.5712511467,104165.95715050417
2019-03-09,104279.7467,104255.1658,104103.11528392536,103978.64822803136,104102.68723406902,103505.0485,100679.29368142858,100973.3517113017,103931.76212066662,103871.150108,103910.21971397354,103940.2100208905
2019-03-10,104279.7467,104279.7467,104109.96628426855,103998.2439557943,104109.77350253945,104147.3357,101896.65284857144,100874.50194412714,103984.22360866665,103910.72602399999,103909.94127832094,103964.1362809273
2019-03-11,104279.7467,104279.7467,104134.70756729387,104025.25739254047,104134.45832085652,104147.3357,101411.51269,100820.60286799575,103967.92760399997,103909.21134800003,103909.94127832094,103967.70875828713
2019-03-12,104347.8515,104279.7467,104177.21443948551,104061.492332507,104176.76612354512,103505.0485,101856.35997285714,100867.80530691842,103890.18039066663,103834.75647,103933.24301970999,103961.63858096121
2019-03-13,104459.1176,104347.8515,104231.74184689896,104134.08560534334,104231.46852723682,104238.9785,101436.14129571429,100919.93763149246,103924.61849333321,103912.68465200001,104284.6482182348,104114.45077230378
2019-03-14,104537.8862,104459.1176,104324.51782597513,104228.69235413156,104324.40493388161,104521.47932,101378.69311571428,101014.52162799635,104077.87173666652,104007.39954800006,104277.25893002006,104194.60767360606
2019-03-15,104695.386,104537.8862,104383.16453309644,104288.70168861758,104383.10820498058,104521.47932,101932.75567285714,100950.63425753418,104159.45329999988,104098.10515200006,104271.5712511467,104239.90874658804
2019-03-16,104772.298,104695.386,104541.68510267865,104457.93077898436,104541.68120609746,104521.47932,101058.59702,101267.6863253368,104235.12417866656,104094.42593200004,104419.4925538249,104370.84917049193
2019-03-17,104772.2987,104772.298,104613.79068957688,104530.0878820921,104613.85895262145,104521.47932,101953.54952,101127.19547357578,104297.88697666654,104172.70265000006,104409.26777952394,104412.41421276086
2019-03-18,104772.8654,104772.2987,104635.11139639586,104550.72542753273,104635.16066511853,104521.47932,101827.99618999999,101033.82908591768,104319.5728059999,104125.24695000006,104422.89948654675,104431.06590669313
2019-03-19,104875.0239,104772.8654,104668.70984219853,104589.47600575534,104668.66397992842,104238.9785,101787.31834428571,101090.69079246954,104248.3305433332,104013.98547600005,104465.39482413213,104434.40045774022
2019-03-20,104923.9816,104875.0239,104773.71041865867,104691.04518322172,104773.61329508387,104238.9785,101771.81761000001,101179.29464763273,104251.59299199989,104132.31300800006,104465.39482413213,104469.34433311793
2019-03-21,104988.1795,104923.9816,104803.52106239535,104726.17865291545,104803.56295266625,104521.47932,101452.72567285715,101113.32260742082,104292.36768866656,104136.63539200005,104464.3247428573,104494.29036147978
2019-03-22,105141.7345,104988.1795,104870.37246919458,104777.57224153602,104870.3117133133,104521.47932,101932.75567285715,101066.50150765853,104386.02798199993,104279.41045600007,104456.27468441793,104539.9583026513
2019-03-23,105432.7904,105141.7345,105017.08818778841,104916.99520641139,105016.97325888707,104982.85497500001,100838.56927714286,101342.31837834272,105062.19132599999,105078.37372200003,105062.61969706477,105013.93540982537
2019-03-24,105432.7904,105432.7904,105296.05603907396,105194.96599645326,105295.91204870993,104982.85497500001,101105.70726142857,101767.21777796093,105182.91385066668,105307.07501799999,105032.37677629871,105136.75220780622
2019-03-25,105433.7104,105432.7904,105326.67728889752,105217.45580592453,105326.45985171106,104982.85497500001,101261.68774714286,101230.0445995785,105167.35083600001,105288.06376599999,105032.37677629871,105139.06113940776
2019-03-26,105192.1372,105433.7104,105361.64233654084,105254.3941561477,105361.28516449068,104982.85497500001,101193.44045285715,101292.44663231519,105113.32778000004,105120.06480199998,105075.69666415287,105147.80620010018
2019-03-27,104972.9499,105192.1372,105137.36747848723,105037.16113167394,105136.95784318657,104982.85497500001,100167.08320857144,101291.79664473889,104974.59463266662,105024.88082400002,105008.96808010536,105006.90794814866
2019-03-28,105212.0734,104972.9499,104909.92788064931,104816.05071251791,104909.58025188654,104521.47932,100562.78013571429,101161.41009193109,104359.9979519999,104160.77406200004,104362.40847602465,104512.81904684748
2019-03-29,105165.755,105212.0734,105120.59042420505,105030.07559011398,105120.4369449536,104982.85497500001,100413.56311857142,101441.65833655003,105086.004258,105216.26898400001,105026.13719915188,105047.40568242194
2019-03-30,105158.1301,105165.755,105086.61724006722,104981.52578846605,105086.44086578101,104982.85497500001,101392.97663142857,101096.64390370704,105017.00491199993,105041.089292,105013.62958046506,105004.05342697701
2019-03-31,105157.9005,105158.1301,105055.50211603889,104949.82461606413,105055.4155526218,104982.85497500001,101749.46774142857,101050.43059915693,105033.94374599993,105140.227952,105003.40480616411,104995.7243894094
2019-04-01,105158.9416,105157.9005,105068.89514744346,104968.9168341475,105068.7554609391,104982.85497500001,101332.00837571429,101021.27207650577,105046.07646799994,105073.467152,105014.96272485398,105009.98534233379
2019-04-02,105236.8176,105158.9416,105094.06115581172,105003.88720820393,105093.79833590133,104982.85497500001,101359.55394857144,101085.28474937251,104968.62792266664,104892.36667200003,105042.87136093373,105005.12883060142
2019-04-03,105030.3592,105236.8176,105175.39871011283,105093.19604075543,105175.19114121798,104982.85497500001,101082.49203285715,101162.3145360471,105032.72669200003,105035.30032600001,105056.33365721794,105060.75212999113
2019-04-04,105080.7747,105030.3592,104978.37664830792,104910.34313069702,104978.27671159548,104902.0643,100220.12692571428,101177.68871345703,104719.5581526666,104690.21423000004,104824.19729862304,104818.03286066222
2019-04-05,105164.3151,105080.7747,105004.89650192288,104936.24365264064,105004.83178508251,104860.0239,101412.07502428572,101078.38431335567,104797.20196199995,104859.79561600005,104885.23820379718,104872.89460614593
2019-04-06,105191.1865,105164.3151,105082.25346959673,105025.24117385845,105082.28154177786,104982.85497500001,100790.46637428572,101244.9002405604,105058.35174133327,105066.84404000001,105043.25669012984,105042.28320177384
2019-04-07,105191.1865,105191.1865,105104.31318513094,105042.94270824734,105104.43596902401,104982.85497500001,101324.22007857144,101136.44254182189,105107.25844333327,105222.636254,105033.03191582889,105061.0776891365
2019-04-08,105191.397,105191.1865,105124.7772424425,105062.37656299201,105124.82423410754,104982.85497500001,100912.06789857145,101097.84549935722,105094.83755799994,105206.237982,105033.03191582889,105063.41534560693
2019-04-09,105384.4704,105191.397,105162.42228653548,105086.87011695234,105162.23367833754,104982.85497500001,101013.98002999999,101154.8593238091,105035.63987466661,105065.94536800002,105097.53449215325,105073.3481612574
2019-04-10,105421.9075,105384.4704,105344.01875706392,105249.59855970403,105343.80630301555,104982.85497500001,100845.50639571427,101451.47732766517,105267.05487533333,105301.97853799998,105115.63794974754,105210.76379492831
2019-04-11,105516.237,105421.9075,105376.05611109955,105291.4770449269,105376.0195410724,104982.85497500001,100662.23494285715,101268.1598042825,105300.60194799994,105379.15419199999,105108.24866153281,105233.44255148654
2019-04-12,105512.0382,105516.237,105467.51611700807,105378.85542616734,105467.45173150854,104982.85497500001,100590.79821142857,101339.24995063606,105333.23769533327,105383.862096,105102.56098265944,105271.55136805336
2019-04-13,105498.9636,105512.0382,105464.86110732456,105371.38259574289,105464.7973033866,104982.85497500001,100769.36947428572,101326.20696245451,105283.12966533325,105343.74025600002,106418.78417673739,105691.09881260451
2019-04-14,105465.0374,105498.9636,105447.09648420075,105358.56787903229,105447.12133195219,104982.85497500001,100613.55489285714,101291.77257821534,105280.70993333327,105377.686698,106408.55940243644,105682.612404934
2019-04-15,105465.5374,105465.0374,105439.28424811167,105353.29672324185,105439.23532552381,104982.85497500001,100613.6120357143,101241.85193574405,105266.6818486666,105377.61390000001,106408.55940243644,105676.17932478162
2019-04-16,105307.6797,105465.5374,105479.18328768674,105393.99092165714,105478.96428378514,104982.85497500001,100705.77943,101288.93686232885,105246.49253533332,105263.40735400001,106437.85065509994,105692.77803736347
2019-04-17,105016.5466,105307.6797,105336.62651067124,105237.77595124606,105336.29687770242,104982.85497500001,100072.11570714286,101266.77143001281,105159.8182753333,105166.04526,106417.65489680844,105605.08304112927
2019-04-18,105200.4108,105016.5466,105042.43158030449,104954.75967418229,105042.23804623657,104902.0643,99794.62297142857,101527.86582866781,104787.91358066659,104798.78756400004,106199.49582177283,105314.0563588739
2019-04-19,104973.8192,105200.4108,105345.07261813406,105239.06768782105,105344.47615663918,104982.85497500001,99628.17292285713,101629.69211387343,105160.85810733329,105245.85311000001,106069.39907242054,105489.7749558583
2019-04-20,104973.8192,104973.8192,104994.26074459689,104905.80913110249,104994.14361214732,104521.47932,100185.84684000001,101507.78172682728,104447.73369866658,104259.75771000003,105531.69076430146,104961.74453135685
2019-04-21,104916.3338,104973.8192,104982.9879407781,104902.93717233422,104982.93084479023,104671.8633,99784.27640428572,101427.63378064558,104507.50145666658,104325.84630200005,105597.9341639007,105002.79093096715
2019-04-22,104916.3338,104916.3338,104952.44492017782,104878.34071913961,104952.24288767544,104671.8633,99666.59501285714,101421.99684726723,104439.68670599986,104247.07859000005,105569.39984901248,104962.47575805064
2019-04-23,105382.0985,104916.3338,104973.81731986348,104917.98148910326,104973.55425089622,104248.9051,99827.53437428572,101485.33598802851,104384.40795733323,104189.63143600004,105602.64792904988,104968.34579182877
2019-04-24,105249.5738,105382.0985,105414.7283239034,105358.47792046229,105414.60460959324,104982.85497500001,100623.9916942857,102553.99727696735,105345.07362133336,105331.78853199999,106347.09542684903,105683.54898954823
2019-04-25,105272.2694,105249.5738,105300.29347564768,105253.12157531682,105300.32562763513,104982.85497500001,99883.99615571428,101605.9612212628,105231.76611333333,105281.99661000002,106206.21434616257,105563.7006782709
2019-04-26,105142.5957,105272.2694,105298.90067948311,105255.1526943432,105299.02488206756,104982.85497500001,100249.25769142856,101608.44308522485,105283.67463933333,105368.21604400002,106220.72242558071,105586.51658641908
2019-04-27,104581.2214,105142.5957,105192.34070583247,105161.55850995272,105192.40472980037,104982.85497500001,100271.77183285715,101695.38119960343,105178.97603799989,105207.73344000003,106192.18811069248,105510.9075528817
2019-04-28,104578.8708,104581.2214,104668.58633383975,104646.15267063882,104668.5100929612,104671.8633,101385.04432571428,102470.93620830297,104281.72891999995,104255.59876800004,105467.29716368983,104798.39291810954
2019-04-29,104578.8708,104578.8708,104672.37519198515,104655.71121366057,104672.33843358536,104671.8633,99814.97015714286,101621.14053216939,104378.49619933328,104314.21458200004,105617.39520054054,104883.86753784481
2019-04-30,104549.6458,104578.8708,104718.87326571722,104677.18726970539,104718.67391187341,104248.9051,99749.13801571428,101711.79263029734,104360.78440999989,104256.37976600004,104706.5223858224,104581.49802184256
2019-05-01,104534.1971,104549.6458,104677.04839719292,104606.54515009306,104676.77161846214,104248.9051,99690.01327285715,101663.14091070228,104496.56561599993,104373.02301200002,104640.75697619877,104581.28924743058
2019-05-02,104367.9365,104534.1971,104638.83931320866,104586.34482590725,104638.7647247507,105072.5882,99646.41868142856,101682.19096590058,104775.53721399992,104542.31992000002,104633.36768798404,104665.0832426304
2019-05-03,104221.2534,104367.9365,104474.74588639026,104418.27959937992,104474.60035972534,105072.5882,99901.37493714284,101705.52564750538,104632.87347333328,104466.32705800002,104595.90289970436,104549.01865747252
2019-05-04,103596.5079,104221.2534,104323.56447301246,104285.36807538544,104323.41238782393,103505.0485,100885.58044714284,101757.63332366885,104049.95404333333,104029.79854000002,104306.60490098986,104213.9756732362
2019-05-05,103596.5079,103596.5079,103763.1542925097,103737.20708704354,103762.8362939941,102792.881,99259.08903,102854.47094512891,103338.45463333331,103420.90820600004,103779.19396365967,103618.28522801217
2019-05-06,103600.2258,103596.5079,103749.85242402283,103728.34237973549,103749.6827873193,102792.881,100751.55325142856,101958.75814977092,103371.2516726667,103409.24746800002,103851.14881542133,103650.24762260784
2019-05-07,103817.179,103600.2258,103770.16357832577,103756.51328547389,103770.11532337288,103087.4786,99990.47158,102053.56079182867,103321.06232,103321.41082200002,103826.97229381268,103634.84929976218
2019-05-08,103866.4662,103817.179,103970.40039710524,103942.52377309321,103970.43821120856,103505.0485,98959.28758,102298.37478404473,103820.08088333333,103812.06298800003,104199.65317694444,103987.41927779031
2019-05-09,104041.5843,103866.4662,103996.13383307047,103972.01162377252,103996.29379473049,103889.0868,99206.83088,102119.26687792403,104001.70132200001,104008.77188999999,104226.68982998151,104066.80092525133
2019-05-10,104308.8967,104041.5843,104153.66873538539,104136.6762916712,104153.87488051417,103505.0485,99534.41762142857,102294.91081979599,103972.05146133338,103926.593608,104209.10474086282,104105.94416462246
2019-05-11,104399.374,104308.8967,104414.59745389927,104380.11095657216,104414.71555555232,103505.0485,101596.21171857142,102671.78475040592,104480.16961133343,104220.03848000002,104382.05978965647,104414.11345252069
2019-05-12,104580.1422,104399.374,104534.18836517869,104518.2505385142,104534.40552580304,105072.5882,101220.54656857144,102567.95611746634,104709.00844133335,104506.85585200002,104767.89092943308,104665.04996976019
2019-05-13,104580.3422,104580.1422,104735.01833094882,104717.83808584342,104735.1661624121,105072.5882,101187.96709285714,102757.14363948669,104827.53427066664,104660.90199400001,104767.89092943308,104771.08776198106
2019-05-14,104832.3662,104580.3422,104789.14596744525,104769.4229395572,104789.07370756881,105028.3778,102825.02063857144,102575.36366722017,104864.02883933332,104559.35849400003,104743.71440782443,104792.38872890499
2019-05-15,104954.7437,104832.3662,105035.32010460223,105007.58880622961,105035.21372456853,105072.5882,98838.71543285713,102941.51591627294,104972.07839533327,104733.787018,104891.63571050263,104957.10097068851
2019-05-16,105389.1143,104954.7437,105158.96076142648,105113.10097817022,105158.89670103035,105072.5882,104706.31331,102768.29569552663,104975.21071199994,104669.45732800002,104918.67236353969,105002.32801790327
2019-05-17,105731.1376,105389.1143,105577.88846080822,105504.63052044046,105577.87791257461,107421.8398,101442.75348857143,103425.92420047887,106008.33874600004,106029.28804399999,105493.73172008502,105668.90032884183
2019-05-18,105867.1571,105731.1376,105942.32730413313,105834.49734334233,105941.94965957847,107421.8398,101300.49034714287,103474.9180272483,106185.91996533332,106235.73146800004,106050.70203807131,106023.70644891565
2019-05-19,105987.8047,105867.1571,106090.24769322894,105984.82203720839,106089.92719997493,105331.9624,104513.68446571428,103349.688090166,106151.37138533332,106254.25500600002,106034.47684719165,106056.89008991112
2019-05-20,105987.8047,105987.8047,106378.29432840538,106262.86160508402,106377.40482989655,105331.9624,106296.78662857143,103399.66755329934,106173.04651199999,106212.83260200004,106053.06482343152,106162.99098017183
2019-05-21,105987.8047,105987.8047,106282.45732309266,106199.92933562408,106281.9661504429,107421.8398,107424.2428842857,103261.99658533004,106214.18118399996,106256.59139800003,106091.72826544997,106168.61292835801
2019-05-22,106289.3999,105987.8047,106293.00542909485,106213.03273959071,106292.49165974019,107421.8398,112620.10704285714,103156.89008604152,106245.7505106666,106268.90057600003,106091.72826544997,106183.5038385691
2019-05-23,106417.7699,106289.3999,106595.41411791898,106533.73922019445,106594.76355838212,106093.53455,111203.43883,103579.47278778802,106391.31591466667,106380.73426999997,106512.63135849377,106479.22883111831
2019-05-24,106497.298,106417.7699,106729.38347464774,106668.57456482884,106728.72673157742,106093.53455,112900.20878571428,103395.98179518183,106412.37762066667,106428.98172199997,106506.94367962041,106529.29862170531
2019-05-25,107339.3584,106497.298,106807.84782295067,106754.88526713695,106807.19660142314,106093.53455,112697.22621428572,103426.85799365133,106465.91936000003,106474.98596599998,106556.88873881091,106592.56445531595
2019-05-26,107339.3584,107339.3584,107623.80074258966,107601.39764631698,107623.13230802261,107783.22856666666,105754.16254857143,104469.12662145913,107780.82614133345,107759.15693000001,108227.53559714193,107869.91979493079
2019-05-27,107341.1529,107339.3584,107667.25351478579,107632.18602632263,107666.73614397926,107783.22856666666,112417.24672857144,103946.14887702429,107744.91715000007,107754.91472400002,108183.40218522846,107853.50178718373
2019-05-28,108062.9737,107341.1529,107698.42724156602,107693.2859908098,107697.95893437866,107783.22856666666,111910.03081428572,104027.75034152796,107781.32897000005,107785.163492,108226.72207308262,107900.44567796415
2019-05-29,108230.6258,108062.9737,108418.90042780906,108438.67069416602,108418.3259325702,108134.7655,108144.79417142856,104736.76726389304,108142.881424,108075.21258200001,109855.5039557891,108812.35202465171
2019-05-30,108734.5226,108230.6258,108585.49764347628,108606.54583619574,108585.1430526289,108768.9876,113249.62284285715,104644.08115686112,108440.70538266667,108417.236266,110135.62792491255,109060.95971459166
2019-05-31,109338.1993,108734.5226,109078.80217218764,109124.89095293611,109078.48812734502,109328.7808,111377.39962857144,104968.15414380554,109369.04194400014,109428.54581600003,110808.01652275359,109767.31647322995
2019-06-01,109241.5338,109338.1993,109696.26502965162,109744.20867622334,109695.90189046903,109621.2189,109084.77184285715,105042.32266600622,109666.29821600016,109564.437606,111245.48306369028,110218.66331863792
2019-06-02,109241.5338,109241.5338,109590.24019155237,109617.93335561537,109590.03567977578,109621.2189,112536.11772857144,104785.23932827644,109570.35095600011,109469.81591399999,111210.45925580835,110132.91452247462
2019-06-03,109241.904,109241.5338,109606.1910769231,109643.30502542427,109606.14766269852,109621.2189,110965.9266,104840.26626952554,109546.38220466682,109445.894588,111220.40559445671,110136.6976081826
2019-06-04,109591.0467,109241.904,109666.53026262832,109696.30745664054,109666.2397398549,109400.187,112010.19335714287,104703.50613806491,109588.76652016684,109567.24942200001,111263.72548231087,110182.93315303943
2019-06-05,110014.0409,109591.0467,109997.99444475144,110009.8305083514,109997.61398494677,109439.9486,114017.32321428573,104971.83191781428,109945.85764483346,109925.28987999998,110153.31047429238,110036.33287582574
2019-06-06,110634.7041,110014.0409,110418.18769602444,110423.33220771878,110417.77532778794,111036.86,114192.3996142857,105045.73801647736,110455.35101466668,110399.205818,110548.84251238608,110475.84191159053
2019-06-07,111823.8911,110634.7041,111025.08581055018,111010.20592631205,111024.49556493098,111085.09983333333,112113.82447142857,105159.611065194,111024.2971286666,111034.28440199999,111123.56276089505,111052.68860529123
2019-06-08,112226.4654,111823.8911,112150.80318448743,112164.1447184128,112150.30108993496,112079.68563333333,117085.21055714287,104658.3846055782,112048.58049333324,112045.36803400004,112104.35179427193,112105.69233533934
2019-06-09,112226.4654,112226.4654,112569.87861826997,112578.60403160534,112569.58346574487,112276.1148,114849.61845714285,105541.459434091,112312.55966799997,112323.93341399997,112345.15070171072,112412.10480043868
2019-06-10,112226.8629,112226.4654,112597.16093837985,112612.4259518152,112596.97937586304,112272.7693,113448.34534285715,105474.64617370722,112290.57826399997,112240.30028999998,112339.15028513201,112414.05150031572
2019-06-11,112620.1845,112226.8629,112629.78338319129,112683.6973194466,112629.75020477065,112846.06640000001,116477.44874285716,105535.25998943976,112481.08004066658,112455.57885000002,112416.20003458257,112526.99246489858
2019-06-12,113113.9208,112620.1845,113031.3915826268,113076.85738349953,113031.16176386013,113296.3689,117387.20805714287,105686.52041986519,112778.92798933342,112791.206176,112845.79900151122,112900.5281247814
2019-06-13,113541.1124,113113.9208,113517.81227398085,113559.3506972377,113517.56263276652,113484.724,116601.68538571427,105637.89730850817,113434.96717399987,113451.08127399998,113376.132760136,113456.81687712453
2019-06-14,113725.4313,113541.1124,113945.92152013836,113976.15494028667,113945.57446667805,113684.51035,117544.01162857143,105731.97690009176,113749.141438,113773.18833599996,113723.87056161821,113816.38897996831
2019-06-15,114406.2389,113725.4313,114094.49793418995,114086.46404351159,114094.17609630998,113958.41856363638,115103.33131428574,105818.01442792521,113988.67599933341,113969.15354399997,114113.6712300463,114062.93709096377
2019-06-16,114406.8851,114406.2389,114733.74050551845,114735.81394083504,114733.4655584081,114498.3641,117707.5537142857,105530.24056033183,114982.64790133342,115162.60399400002,114977.34193545346,114898.60125920731
2019-06-17,114449.3214,114406.8851,114780.32242858171,114772.4464016584,114780.07248739447,114498.3641,117339.31151428571,105888.33981966032,114968.77766800008,115063.43698999999,114933.20852353999,114891.47753106616
2019-06-18,114684.1069,114449.3214,114859.77223581338,114870.9204616406,114859.48972234197,114997.3811,118295.62687142858,105919.20682455608,115013.39948866682,115037.25042400001,115004.89507156966,114963.07167395903
2019-06-19,114897.444,114684.1069,115090.44430020367,115103.21880408327,115090.10111950792,115471.748875,121871.40037142856,105982.72928080286,115197.15026200018,115156.38231,115004.89507156966,115101.75471255103
2019-06-20,115334.3655,114897.444,115278.37502893785,115290.3312814433,115278.09768034208,115030.3605,122219.09641428571,105963.28253198345,115417.26557200008,115429.69378600002,114999.86816292092,115235.82167212143
2019-06-21,115644.8474,115334.3655,115676.51835361791,115726.66166062289,115676.45489002301,115030.3605,118943.10692857143,105922.40867491878,115705.35354466662,115736.86958600003,115360.78489432257,115597.60003320403
2019-06-22,115739.8084,115644.8474,115988.86470717318,116035.78533182434,115988.76088946626,115650.94655,117731.03448571429,105998.5272332864,116131.14956933327,116139.11315599996,115739.64201269622,115968.85897128463
2019-06-23,115642.0703,115739.8084,116058.1200142134,116077.27192059839,116057.99113447634,115650.94655,121423.81425714285,106073.6322817261,116069.05375466654,116069.21382799999,116167.02983531923,116104.4518368614
2019-06-24,115642.2703,115642.0703,115973.90155393984,116013.41606132823,115973.93051916262,115792.90643333334,119983.65592857143,105981.76289028906,116079.35150599992,116059.485496,115699.4527532818,115930.74010687
2019-06-25,116120.1056,115642.2703,116004.51228078149,116051.8456344552,116004.40006701885,115792.90643333334,121136.77327142858,106016.31144721588,116174.0310266666,116073.20544800001,115738.82231567275,115988.23299226485
2019-06-26,116818.1425,116120.1056,116465.03974537532,116510.76678898289,116464.79542671872,115814.9535,118982.37381428572,105857.23982675509,116411.73331200011,116368.43998200001,116144.74418487791,116355.74809528697
2019-06-27,117879.7616,116818.1425,117124.0245842062,117179.30775837289,117123.87937911783,116957.80615,118358.46492857144,105579.65556938709,117262.42611733332,117117.97700200006,117453.42590550236,117298.38659373618
2019-06-28,118132.649,117879.7616,118154.32182004744,118189.9268742805,118153.92241076051,118639.0751,120024.37301428571,104978.9088644936,118507.34181133327,118556.95582600002,118185.41250613518,118294.22706391632
2019-06-29,118319.5334,118132.649,118390.94370122316,118436.53384873173,118390.87454706358,118639.0751,118669.71911428573,106176.60402191532,118839.58170333321,118754.405192,118754.31789167532,118676.81114791344
2019-06-30,118335.8056,118319.5334,118547.9187293573,118611.04462585182,118548.07964260194,119186.11854444444,119860.08285714286,106162.09193413887,119006.6689713332,119011.451494,118729.43855877208,118782.3840519857
2019-07-01,118335.8056,118335.8056,118743.73782437925,118784.38301616473,118743.34488163076,119186.11854444444,119753.94928571429,106080.47788142954,119013.23257066657,119002.94433600002,118729.43855877208,118842.35138186779
2019-07-02,118335.9577,118335.8056,118655.71895296621,118702.22386284577,118655.517963444,119141.1444,121594.069,106266.02614332322,118999.2030299999,119029.07120200002,118845.73321699828,118849.05336994799
2019-07-03,117178.7424,118335.9577,118674.11143099456,118686.57780671612,118673.62497434962,119141.1444,121108.01205714287,106327.16215174632,119029.92206933325,119097.31012800001,118845.73321699828,118854.07769768254
2019-07-04,117456.6427,117178.7424,117574.65568641396,117600.98976268248,117573.94160808889,118147.0845,120940.92322857142,104469.30410907464,117607.65746133338,117652.820134,117311.8993763216,117506.84886677914
2019-07-05,117511.1271,117456.6427,117746.52725019418,117757.79753577527,117745.90318125828,118147.0845,121104.93045714285,106071.12873100209,117746.94354200008,117669.73314,117391.26121054993,117632.00076277509
2019-07-06,118420.2325,117511.1271,117793.0119036569,117776.50783696184,117792.397381609,118147.0845,123313.33872857143,106101.98386533347,117670.01678533338,117586.501768,117341.62781782438,117596.0508133732
2019-07-07,118420.2325,118420.2325,118601.91495248071,118566.6267346243,118601.75295478315,119186.11854444444,120695.22268571427,105081.89480727466,119026.26805733326,119061.590806,118645.35479344713,118746.0831951349
2019-07-08,118433.7956,118420.2325,118626.84640518932,118579.70638499211,118626.69092253935,119049.56646666669,120095.50025714285,106406.30723079012,118957.63107666661,118968.51824999998,118529.37763821345,118688.90503329074
2019-07-09,118911.523,118433.7956,118632.60781713494,118619.97167815387,118632.46977306188,119186.11854444444,117162.42872857142,106396.5345674942,118979.12381533322,119002.89119399997,118593.68068419186,118730.92539255966
2019-07-10,119087.2279,118911.523,119053.96474145088,119089.15968511296,119053.8878134674,119186.11854444444,116859.8323857143,106090.25495445417,119102.87561066664,119068.977182,119042.74934159171,119078.26154579043
2019-07-11,119159.0006,119087.2279,119242.08136769861,119343.68551656744,119242.41583736778,119186.11854444444,115655.00104285715,106453.9129590263,119210.82694133336,119163.934014,119167.02101540334,119240.51115776804
2019-07-12,119209.8735,119159.0006,119296.03321184548,119394.06302965454,119296.42529403238,119395.454225,116297.28502857142,106520.28699838369,119220.39572399996,119225.991188,119158.97095696398,119257.80990353948
2019-07-13,119234.953,119209.8735,119349.12176467635,119445.27470741201,119349.4944082875,119395.454225,119659.77961428571,106399.86945383795,119203.12498399995,119201.09242799999,119158.97095696398,119269.12354945864
2019-07-14,119315.7048,119234.953,119332.49947415447,119396.65254210957,119332.82894638093,119395.454225,118762.09004285715,106417.2166909879,119273.4404293333,119301.95922000002,119128.72803619792,119266.2736692136
2019-07-15,119318.2048,119315.7048,119420.69013151259,119491.79363237608,119421.0556731151,119370.03777272726,120037.1809,106455.48734903056,119424.45133399992,119428.25793000005,119431.0994350367,119449.1148004709
2019-07-16,119254.9241,119318.2048,119467.60011412224,119520.89444970389,119467.65784269234,119370.03777272726,120439.46825714286,106303.5152554413,119415.80886733325,119391.21513400001,119474.41932289086,119470.37421330933
2019-07-17,119267.3966,119254.9241,119414.16926467168,119392.80666106753,119413.74307965243,119204.7386,120792.04069999998,106196.89041461494,119213.53897733336,119239.457628,119398.20938622908,119334.85167487664
2019-07-18,119425.3119,119267.3966,119385.83274583332,119368.46359876613,119385.55640867821,119204.7386,118372.57331428572,106174.6962915646,119310.12879800002,119329.74499600001,119393.93703960215,119357.50981212278
2019-07-19,119570.8606,119425.3119,119522.40558467146,119496.07998992394,119522.08547483756,119370.03777272726,118475.00285714286,106201.27897032366,119483.64295999991,119476.94503000005,119441.90115953307,119473.8747031523
2019-07-20,119496.2554,119570.8606,119633.68207945517,119644.4808489108,119633.64841447942,119869.69085714286,118767.15975714286,106198.31442324264,119731.62075133329,119755.16713799996,119832.13308461121,119736.07822828511
2019-07-21,119465.9919,119496.2554,119548.47308016357,119558.63358887655,119548.50699323522,119869.69085714286,118755.94575714286,106192.97274301607,119678.84929999994,119713.90582199994,119772.5026289271,119669.9951726012
2019-07-22,119466.3077,119465.9919,119526.0652774123,119530.70499478496,119525.92734760474,119869.69085714286,117810.96234285715,106228.60471997185,119637.12155266662,119654.98488599999,119772.5026289271,119646.77639212622
2019-07-23,119541.3899,119466.3077,119541.43224239368,119554.9691483865,119541.21311872438,119869.69085714286,120086.72097142859,106194.31630697283,119681.998932,119693.79144999999,119825.76885542962,119687.57897860538
2019-07-24,119235.5191,119541.3899,119608.48637539655,119613.71754792826,119608.18594568555,120058.1862,120418.32178571432,106163.66440528037,119745.11366733335,119758.42714199996,119845.21005169931,119734.6804223203
2019-07-25,119104.9883,119235.5191,119297.8952992749,119310.90873197565,119297.6344952274,118888.14600000001,122207.31781428572,105871.38935972408,119134.38351600012,119164.04267200001,119080.37603619405,119175.22276138993
2019-07-26,118976.7698,119104.9883,119139.32861236007,119165.04878931734,119139.18716675781,118888.14600000001,121047.72885714287,106108.38032181373,119052.50297533335,119054.71945399999,119086.07507624888,119101.20894696652
2019-07-27,118808.1779,118976.7698,119000.5577284778,119035.04578965419,119000.28669318254,118888.14600000001,121575.64838571429,106050.45622545668,118890.49115066674,118835.22247200001,118981.22147141516,118968.91947057871
2019-07-28,118808.1779,118808.1779,118826.13594228143,118870.4955788583,118825.88008297986,119049.56646666669,121742.51665714287,106053.74974648241,118888.76090533339,118843.79352000004,118862.7404745117,118873.99898623447
2019-07-29,118808.9567,118808.1779,118831.25169835507,118875.91823767536,118830.90498008116,119049.56646666669,121813.04127142856,106142.85159639985,118891.30092133339,118847.49917600003,118872.68681316005,118879.96865738959
2019-07-30,118886.2882,118808.9567,118851.81648425192,118889.51531145525,118851.31278069981,119049.56646666669,121525.5074142857,106103.42752213613,118866.64037266672,118848.33717400003,118895.9885545491,118884.04807955702
2019-07-31,118719.1264,118886.2882,118899.38777126788,118939.33993189264,118898.9134687731,119395.454225,121591.11631428574,106039.00688344402,118959.61240200009,118970.893066,118895.9885545491,118931.64696281393
2019-08-01,118570.2834,118719.1264,118715.70441228678,118777.44537978039,118715.39253897165,119049.56646666669,121397.71905714287,105940.40210364092,118870.85087866666,118903.80290200002,118566.8704186606,118738.38889236923
2019-08-02,118474.656,118570.2834,118535.11936298263,118601.89450141923,118535.17081910674,119049.56646666669,121487.028,105928.80081757976,118850.35372466661,118898.77997000002,118571.43215943039,118674.56012850541
2019-08-03,118475.3303,118474.656,118423.4707093309,118489.77066536456,118423.53953454366,119049.56646666669,121127.10349999998,105870.38461911707,118786.35127399996,118797.350116,118334.0207163331,118536.71421856589
2019-08-04,118475.3303,118475.3303,118406.4444144554,118462.60801624406,118406.52826427955,119049.56646666669,120676.54115714286,105863.13476121696,118840.548302,118777.32985400001,118278.824516544,118527.32694492936
2019-08-05,118424.8682,118475.3303,118396.17215007907,118461.67219144921,118396.4586704235,119049.56646666669,120709.50452857141,105913.01287702649,118868.53552666666,118778.91736200001,118324.63407919728,118551.61393243773
2019-08-06,118425.0787,118424.8682,118362.2911819149,118421.19074800417,118362.48553092596,119049.56646666669,120671.04035714285,105872.16898220073,118851.1994453333,118721.90285200001,118327.74006229482,118533.37675187743
2019-08-07,118092.5614,118425.0787,118342.14444248458,118381.66917977032,118342.29173621885,119049.56646666669,121177.2881,105829.45391224319,118804.86366133332,118731.07806800002,118277.79908941174,118488.11064350512
2019-08-08,117757.2708,118092.5614,118012.77082597144,118050.90779374707,118012.72913593863,117743.0462,121878.4138,105631.38902141043,118064.67322200003,117897.445548,117893.6792849728,118003.08676690662
2019-08-09,117476.853,117757.2708,117680.88895567016,117717.29803467721,117680.73468246935,117743.0462,120802.95592857142,105707.52905930766,117725.0250613333,117607.070344,117508.83155674508,117650.38488425186
2019-08-10,117443.1064,117476.853,117399.82401877902,117424.89616889638,117399.62060815566,116089.25636666668,120176.50432857142,105727.12758805227,117002.29674200008,116993.323156,116952.80030987445,117126.66440692364
2019-08-11,117443.1064,117443.1064,117332.1640159683,117349.3858770109,117332.15368697964,116633.1634,120371.67485714285,105831.29393101372,116919.24782000008,116912.81985000001,116999.8990887529,117089.51092858797
2019-08-12,117443.6529,117443.1064,117327.28408039668,117334.11662309393,117327.3241888248,116633.1634,119694.98881428572,105845.03250346174,116929.40503266675,116899.89000599997,117009.84542740126,117091.12236105399
2019-08-13,117227.1035,117443.6529,117334.12721905742,117342.23942028904,117334.1368676695,116089.25636666668,119274.34121428571,105813.35325039014,116894.34406666673,116827.28939199998,116985.66890579261,117074.08413091612
2019-08-14,116999.4409,117227.1035,117108.6496789481,117119.0797029991,117108.56962653951,116957.80615,117774.39967142857,105703.69954857099,116877.90165466674,116881.02252999997,116949.08820909275,116982.02318891953
2019-08-15,116811.0552,116999.4409,116857.90533662586,116882.46847319251,116857.9004381951,116957.80615,115800.91085714285,105636.33106709334,117134.05273466674,117027.62033399999,116976.12486212981,116997.54868999636
2019-08-16,116186.9396,116811.0552,116661.65889967604,116692.09547420818,116661.67885654706,116957.80615,116752.52701428572,105666.27225093638,116605.36259866672,116633.16395999996,116815.58540801531,116704.3478269634
2019-08-17,115988.861,116186.9396,116077.52189291677,116110.68345042696,116077.31335329302,115601.5312,117788.98164285712,105269.81046911342,115863.27953066662,115887.08823400004,116133.95572035115,116035.97290048159
2019-08-18,115988.861,115988.861,115849.42942202171,115887.21935637388,115849.34928834254,115809.5348,116739.00009999999,105689.84415992667,115750.41889066668,115725.97796599999,115723.05163627482,115786.89662777178
2019-08-19,116005.425,115988.861,115839.13524353091,115864.36459941296,115839.15389921328,115809.5348,116085.56102857145,105713.42920350956,115772.50123600001,115714.830856,115732.99797492317,115789.95460344538
2019-08-20,116041.4204,116005.425,115858.84799579039,115880.41133240328,115858.83396696922,115498.1422,115044.89965714286,105675.80683492731,115735.58373666667,115701.00983199998,115689.4045287436,115768.46653260452
2019-08-21,116111.5317,116041.4204,115877.2928686343,115895.52074627104,115877.28867916319,115498.1422,112893.54974285714,105649.51256918714,115744.40412133334,115741.97167599999,115721.35122522687,115787.09203094376
2019-08-22,116054.269,116111.5317,115907.11218524529,115929.1609181309,115907.16039040207,115498.1422,115337.69008571429,105509.93630608899,115821.96152266666,115860.44841199995,116216.84270743867,115989.32171607875
2019-08-23,115911.821,116054.269,115819.91968960677,115835.38333776349,115820.13046129205,115601.5312,116835.7732857143,105381.97620478162,115720.28121866666,115705.23823599998,115707.37394166758,115754.34616603256
2019-08-24,115864.6044,115911.821,115684.30443533992,115715.11184641378,115684.64166194512,115601.5312,114775.6348142857,105322.3665580761,115677.43560466665,115633.829874,115707.37394166758,115699.97379758267
2019-08-25,115727.3407,115864.6044,115621.08222504139,115650.48645160293,115621.5943407985,115809.5348,116912.09678571428,105360.7939652773,115708.17950866667,115694.57568,115741.79988291938,115700.155281063
2019-08-26,115728.1953,115727.3407,115501.35059355597,115520.0495562467,115501.81350922908,115809.5348,114561.13969999999,105378.19330927797,115672.72781133332,115653.078748,115735.58140818716,115642.78625858905
2019-08-27,115639.7698,115728.1953,115524.48877779287,115528.93235364459,115524.7702072705,115508.5536,114093.77044285715,105379.13026779653,115690.53442266668,115636.048322,115721.35122522687,115646.93933384605
2019-08-28,115341.2976,115639.7698,115443.47383561365,115433.65618950399,115443.63334720737,115257.1081,114221.9682857143,105413.90283656928,115638.95468466669,115585.78645200001,115243.52472354629,115438.71186590566
2019-08-29,115417.9123,115341.2976,115143.92350412058,115131.35332407938,115143.91318419437,115229.66475,113503.70541428572,105341.54501277769,115155.44193199993,115176.68926400004,114869.31890322264,115052.03805310064
2019-08-30,115392.5024,115417.9123,115196.74295630037,115155.57259489638,115196.7057494802,115257.1081,114690.9256,105391.9160564804,115275.15273333334,115269.28694800002,115253.47106219464,115228.06546347479
2019-08-31,114626.0208,115392.5024,115168.57083663833,115113.55850143619,115168.57220563645,115257.1081,115201.704,105347.04379208307,115225.34560266668,115197.36524200003,115243.52472354629,115194.14294254972
2019-09-01,114626.0208,114626.0208,114449.41527283828,114401.69916229123,114449.10482593384,114692.21150833333,115776.11348571428,104928.34564609951,114498.19346066663,114517.261228,114366.66588433793,114422.1861690986
2019-09-02,114626.0208,114626.0208,114579.56243689296,114536.4055610862,114578.82722130304,114692.21150833333,113075.76865714286,105366.80736406428,114418.43121400001,114426.73064800001,114479.38603645872,114478.07427051496
2019-09-03,114626.0208,114626.0208,114457.55439676926,114430.3575500954,114457.16103207061,114692.21150833333,112920.00897142857,105414.76306882144,114352.02646733336,114332.318272,114455.20951485007,114412.53117742628
2019-09-04,114598.7356,114626.0208,114447.01369002118,114430.3311228878,114446.66987472527,114692.21150833333,112456.37608571428,105411.25441804939,114326.65860133334,114299.794538,114455.20951485007,114404.06641302374
2019-09-05,114529.72,114598.7356,114406.91986049514,114406.49364903124,114406.60864660869,114228.16346249999,113619.7196,105371.41920862827,114242.25191000002,114194.39169400003,114462.05040959563,114370.26532287562
2019-09-06,114359.3787,114529.72,114309.35775244176,114299.13633448086,114309.1501455574,114228.16346249999,114517.68198571431,105300.14165999099,114168.20842333337,114130.43377200002,114435.01375655856,114300.78617145761
2019-09-07,114675.4393,114359.3787,114115.29522140477,114111.00005219804,114115.16159532772,114228.16346249999,112419.18225714285,105087.79386748833,114065.88676768886,114018.88818000002,113998.96254483402,114058.61645490698
2019-09-08,114638.3088,114675.4393,114408.6410808811,114401.83135718871,114408.81095941021,114894.05231999999,118780.8645714286,105056.56370213536,114364.31318000006,114356.589336,114485.60451119093,114417.24968279323
2019-09-09,114639.3777,114638.3088,114400.92852818817,114386.70091045533,114400.9686377888,114692.21150833333,117972.86801428572,105138.84733845308,114388.74501866668,114337.20740400003,114482.32495736769,114419.25696216324
2019-09-10,114456.8792,114639.3777,114430.55784335997,114420.18896476473,114430.36359692247,114692.21150833333,116768.5065,105125.10245395923,114372.65814666665,114334.29677800002,114468.0947744074,114420.31396194625
2019-09-11,114380.2972,114456.8792,114266.4004527503,114257.5767404777,114266.023420651,114228.16346249999,116022.93152857143,105096.69426692161,114216.92445599998,114164.655078,114447.89901611589,114307.46673753118
2019-09-12,113821.7188,114380.2972,114158.20733824682,114157.50602133383,114158.04073531479,114228.16346249999,116885.62905714287,105071.25961977756,114169.46672199997,114108.28003800001,114143.41625181306,114156.79633171561
2019-09-13,113508.5293,113821.7188,113638.26965096852,113631.42377551431,113637.87797719172,113865.46272499999,112611.73198571429,104922.90195830762,113617.26029333333,113687.74342599997,113501.06596390977,113583.25001091913
2019-09-14,113268.8118,113508.5293,113344.84775646678,113303.98499823824,113344.22790769623,113040.59909999999,113342.57297142856,105023.67929829653,113142.32433133348,113164.24530599998,113154.08307950175,113200.1308030245
2019-09-15,113225.8316,113268.8118,113059.72398751836,112973.33408167533,113059.55188881005,113040.59909999999,112660.85654285715,105030.42182220271,112980.65950266669,112942.09674799995,113193.74743977282,113049.24700803828
2019-09-16,113231.138,113225.8316,113009.62236687125,112914.67667930387,113009.56317076934,113040.59909999999,113704.86927142856,105035.87282292433,112951.86580066664,112909.17285399996,112979.53769311313,112948.69339102787
2019-09-17,113164.0118,113231.138,113020.3616749232,112922.51648582495,113020.25249757286,113040.59909999999,111980.29867142858,104992.64764851354,112908.68109400007,112904.854576,112945.89058558192,112925.69605513565
2019-09-18,112766.832,113164.0118,112938.8937920921,112851.66249498609,112938.83261691537,113198.6603,111964.82524285713,104946.38417597726,112893.66210000002,112856.204018,112673.15185165571,112806.15881554729
2019-09-19,112885.6832,112766.832,112527.6175420538,112460.08850596538,112527.4423571795,112509.3181,113042.84634285713,104792.60424698278,112581.33398266668,112567.93150000006,112503.55218360224,112514.99155741143
2019-09-20,112563.8156,112885.6832,112617.53910590793,112570.74702090023,112617.4559966481,112582.5273,112239.54772857143,104742.32914157564,112646.63065066666,112641.88843400004,112576.0069132925,112597.79486161981
2019-09-21,112186.0202,112563.8156,112311.6858407525,112285.01120293433,112311.66346060637,112387.1811,111854.7813,104701.97760769866,112333.07750733341,112330.102494,112166.34534238132,112261.47801754969
2019-09-22,112186.0202,112186.0202,111937.82938100214,111915.09043937793,111937.84073616902,111708.5814,111850.90202857144,104715.59483706072,111777.41380333343,111818.40316200003,111815.5743849051,111836.02620920549
2019-09-23,112190.078,112186.0202,111927.37773791632,111905.25190747877,111927.47005122705,111708.5814,112121.01975714286,104730.62713009764,111794.18956333344,111827.247332,111833.86528453391,111844.43558511538
2019-09-24,111216.1266,112190.078,111943.98900323008,111901.34109901257,111944.03486110248,111708.5814,111980.29867142857,104689.98512260047,111780.51115333343,111819.66003800002,111809.68876292526,111830.51367175709
2019-09-25,110622.1773,111216.1266,111038.95529964346,111004.1084195021,111038.47343708953,110577.5611,111082.57802857143,104507.97098329526,110742.22988333325,110777.06674600001,110836.61333836315,110860.9838803995
2019-09-26,110202.9583,110622.1773,110446.64655095484,110409.96483050373,110446.09502262561,109539.865,111275.218,104754.45402749072,110287.72270800003,110339.58384800002,110252.9237192615,110316.8704192551
2019-09-27,109884.1875,110202.9583,109998.71594808377,109933.43604894532,109998.27169299033,109539.865,112088.67784285713,104760.33391059781,109852.17114866673,109701.17840000002,109772.98864643353,109852.86528134852
2019-09-28,109634.5453,109884.1875,109671.84242993384,109602.50945913601,109671.41692011527,108988.4989,110335.17867142857,104665.35660884078,109479.68668133346,109423.28199600002,109485.87166222403,109522.68926756449
2019-09-29,109634.5453,109634.5453,109404.6125614884,109340.73576704873,109404.36568808957,108988.4989,111199.79504285715,104587.89214618683,109348.97664000005,109365.09966999998,109416.49185118644,109368.73475274508
2019-09-30,109450.1625,109634.5453,109333.68487290143,109231.85017084674,109334.18866584837,108988.4989,111094.7437857143,104436.23410704033,109372.8077433334,109391.283356,109403.98729931706,109336.21507116575
2019-10-01,109174.3601,109450.1625,109137.43961906133,109048.94470629902,109137.84937108506,108988.4989,109078.87127142856,104296.28595146356,109011.68527000003,109021.573846,109192.90268040472,109084.51088556793
2019-10-02,108356.9831,109174.3601,108868.6045542211,108807.56997874271,108869.01736855411,108437.5176,110597.25001428572,104131.3666411381,108661.83614799993,108725.795794,108948.69701405938,108806.03438026733
2019-10-03,106524.0207,108356.9831,108071.48207542096,108043.37519154353,108071.80645102667,107880.1208,109776.81568571429,104305.22185410115,107535.14470866654,107692.47443600003,107687.0213344248,107755.18041154496
2019-10-04,105820.1672,106524.0207,106343.48577325216,106320.37546828673,106343.08861194484,105923.78725,110266.67898571429,104113.50405915473,105972.25815600004,105995.81009000001,105561.22884763875,105951.28749064183
2019-10-05,105712.4254,105820.1672,105605.22861287108,105582.1815951008,105604.98377675381,105374.8343,104707.41919999999,104391.439748929,105272.60028933329,105192.68198399995,105150.84151450786,105335.20779964731
2019-10-06,105712.4254,105712.4254,105444.90338767396,105396.40758092477,105445.1915499163,105374.8343,106017.47022857143,104317.74001770887,105321.81887733331,105242.35323999997,105472.88481666001,105397.03709163936
2019-10-07,105725.4134,105712.4254,105411.80063968185,105342.9681181109,105412.31650478524,105374.8343,106051.51727142857,104280.17822984079,105352.20189533333,105321.33732400001,105372.3172615974,105355.82909168054
2019-10-08,105715.8997,105725.4134,105412.70344126894,105311.76395981458,105413.09631834464,105374.8343,106044.58278571429,104160.56078216247,105358.10872399998,105326.178388,105308.37177467783,105326.08148616413
2019-10-09,105010.7058,105715.8997,105345.70657222524,105268.40086882158,105346.14384501208,105267.6782,103345.76797142858,103849.57419437486,105325.4795733334,105324.18151200002,105288.17601638632,105294.01881951377
2019-10-10,104660.1577,105010.7058,104634.59965714355,104613.15858488715,104634.850362126,104260.02705,103957.89814285713,103896.93425340885,104538.98477133327,104518.04617799998,104147.58054394288,104433.24130005443
2019-10-11,104488.8208,104660.1577,104313.16149752279,104357.25191040279,104313.54880887545,104012.6724,103039.30991428571,103433.04602952409,104455.16170999996,104448.17513799999,104291.17487635552,104367.86283225275
2019-10-12,104331.2908,104488.8208,104129.14385240247,104144.24609764935,104130.02026414551,103974.989,102728.02071428574,103300.59700628377,104292.15746066664,104285.31636200003,104159.83489769176,104198.7461520026
2019-10-13,104356.3048,104331.2908,103945.76990650246,103935.23657071666,103946.99147315804,104083.2005,102857.50434285714,103276.25144723598,104064.27392266666,104002.0269,103621.75366925832,103873.75472088055
2019-10-14,104349.151,104356.3048,104100.3627187988,104045.83335660568,104101.27909495929,104012.6724,102433.15144285714,103226.08113919079,104282.73340866665,104260.25390600001,104180.33127017586,104169.63267848274
2019-10-15,104349.3924,104349.151,103960.69446216436,103914.42419143197,103961.94052743452,104260.02705,101918.6480857143,103122.9922746329,104200.07737666661,104189.120778,104078.68522719509,104064.39559843123
2019-10-16,104265.8663,104349.3924,103948.81985841808,103894.80944521537,103949.80315212034,104497.2603,102689.02580000002,102895.05877518022,104183.25986266661,104216.598072,104098.8809854866,104058.98343112286
2019-10-17,103704.0477,104265.8663,103899.47378215134,103805.75725328492,103899.99377318451,104083.2005,102597.0732,102729.38028939893,103969.63157866662,103878.41217599995,103430.69493365461,103735.36125520205
2019-10-18,103534.7349,103704.0477,103392.49086158932,103280.3458311445,103392.6318254029,102792.881,102143.91240000002,103210.97622536897,103569.21673644436,103507.9859893333,103329.22172892235,103392.92809883707
2019-10-19,103441.2141,103534.7349,103229.18395950936,103144.58292288732,103229.1421621923,103087.4786,102510.47294285714,102732.9629084409,103048.03470257767,102959.28777633334,103097.9755248532,103096.8643834394
2019-10-20,103432.466,103441.2141,103138.91839395672,103055.41454602432,103138.9921617477,102792.881,102404.4831,102687.33920966758,103079.95741307773,103023.06423183331,103132.401466105,103089.25780840236
2019-10-21,103433.3676,103432.466,103141.23887651408,103053.97721317002,103141.36374088566,102792.881,102478.08508571428,102636.58500744327,103074.8262642444,103012.16636183333,103132.401466105,103087.06831450648
2019-10-22,103146.7485,103433.3676,103187.13934945343,103124.83460002464,103186.90179902357,103087.4786,102140.13918571427,102626.70115168027,103060.09880599995,102971.31956,103097.8192424047,103094.25088280976
2019-10-23,103005.1384,103146.7485,102952.9736453254,102901.24975419808,102952.05593711593,103024.1970875,100672.91643428573,102654.52269172849,102859.97258911116,102857.50694199999,102796.92156191707,102852.71463507543
2019-10-24,102639.3153,103005.1384,102764.93366961337,102699.42030456738,102764.41125124735,102530.58221666666,100995.79844142857,102279.69605406703,102787.76666533324,102871.36565,102807.75215549684,102764.97970846582
2019-10-25,102686.6418,102639.3153,102435.0606387472,102375.79636590517,102434.54822635208,101932.3052,100122.24225,102485.16599605365,102401.3229173333,102482.04348000005,102597.09825256476,102458.0725119344
2019-10-26,102883.8489,102686.6418,102471.75567037606,102414.12170033446,102471.37011948242,101932.3052,101583.80151285713,102239.81810080107,102546.97874799995,102564.42179600004,102645.10243086632,102535.40095973358
2019-10-27,102906.9646,102883.8489,102659.33270790189,102603.74148122939,102659.03889535832,102530.58221666666,99940.4826142857,102307.76677433257,102681.00714933324,102750.79724400003,102723.10178703902,102669.28347253388
2019-10-28,103005.4054,102906.9646,102712.1565752538,102668.3541043685,102711.70353945516,102530.58221666666,101103.67487571428,102027.86387992169,102693.38781133322,102747.64206400003,102723.10178703902,102694.94790091358
2019-10-29,103162.8955,103005.4054,102851.79593869804,102847.86273188799,102850.89562567105,102774.34008333336,100937.83448714286,102081.94389111277,102861.285004,102920.53685399998,102825.59392313745,102844.9138863418
2019-10-30,105484.2778,103162.8955,103033.5453975455,103062.31896150882,103032.44354038533,102619.1649,99662.62416142857,102165.06755193694,103017.7399966667,103012.63086999994,103124.49208727761,103068.18368181773
2019-10-31,105478.1299,105484.2778,105230.98964073033,105177.7760312126,105230.22798181555,104982.85497500001,105017.64552857142,104009.08038653411,105240.20303266673,105173.65175199999,105039.13274062748,105152.37060150229
2019-11-01,105433.0487,105478.1299,105334.89588436336,105223.99235831777,105334.1534836519,104982.85497500001,102349.9614,103585.73609784404,105125.1833146667,105159.11975400001,104901.42304002083,105083.53290433511
2019-11-02,105306.8426,105433.0487,105227.26703548427,105062.64130358864,105227.60869871345,104982.85497500001,102063.04571428572,103586.4022058668,105183.1680673334,105194.75358799999,104901.42304002083,105049.0774703143
2019-11-03,105306.8426,105306.8426,105083.27296463595,104905.76897866772,105084.00742563591,104982.85497500001,102458.26544285715,103429.73675354304,105201.79132333338,105313.21554400002,104935.84898127263,105014.46976109124
2019-11-04,105306.8426,105306.8426,105132.46797762044,104961.25404635495,105132.9863100121,104982.85497500001,102915.56197142857,103258.99880375694,105228.30713800006,105299.89794000001,104945.41473669505,105044.99197368335
2019-11-05,105147.4114,105306.8426,105226.13620243545,105033.88238287723,105226.07509497467,104982.85497500001,103148.92714285714,102830.80473888674,105241.61452066674,105236.670086,104979.20547155828,105084.90079170075
2019-11-06,105043.8413,105147.4114,105151.6804498751,104949.84601419079,105150.99406783242,104982.85497500001,100333.38450428571,102031.9555271884,105157.52453933333,105143.08412599997,104998.36088986669,105035.24381446361
2019-11-07,105097.8385,105043.8413,104972.3646052667,104701.23697760428,104971.35038832373,104902.0643,100767.92185285714,101877.79844462768,104997.90189533329,104930.608836,104866.90279218857,104855.3472217087
2019-11-08,106806.4989,105097.8385,105009.80885868164,104747.73001910307,105009.0348183811,104860.0239,100742.69169857143,101889.04280096402,104946.92796933332,104982.52902799999,104881.41087160671,104858.68962001438
2019-11-09,106914.5312,106806.4989,106651.72077840027,106415.08519340742,106650.89274679021,106093.53455,104415.69035714284,104106.81136631979,106579.53734933335,106538.59609400001,106563.24310544811,106519.28854939628
2019-11-10,106914.5312,106914.5312,106808.91185081353,106551.75276057783,106808.25319477567,106093.53455,103166.94518571428,103207.61531848386,106373.96891800006,106335.706466,106511.93278002042,106479.2181528661
2019-11-11,106914.899,106914.5312,106810.38564232102,106588.36667752912,106809.92888583402,106093.53455,102959.5224,103328.07634849587,106331.82412733338,106284.948124,106511.93278002042,106477.37452829431
2019-11-12,106761.0501,106914.899,106834.71951716623,106643.9558840673,106834.29018241439,106093.53455,103527.35064285714,103461.2959096458,106326.35037800005,106316.24938000002,106555.25266787458,106508.51964331396
2019-11-13,106657.3729,106761.0501,106670.47087551723,106607.25314207532,106670.74262368059,106093.53455,102935.9507,103347.33741337719,106187.20808200004,106145.85056600001,106535.05690958307,106443.17271121948
2019-11-14,106605.2455,106657.3729,106588.62873573971,106534.29017933876,106588.87471936108,106093.53455,104392.62479999999,103072.95488513038,106051.27199333342,106018.16918000001,105924.9909866057,106170.18438642596
2019-11-15,106626.1932,106605.2455,106581.07108582003,106516.73968896717,106581.02027549643,106093.53455,102960.80247142857,102549.49099951565,106063.93579800003,105968.56758000002,105920.97187307727,106167.2157866815
2019-11-16,106565.3358,106626.1932,106537.28188457437,106409.49704419279,106537.20977789238,106093.53455,104081.08645714285,102455.73390875345,106141.42445733336,106108.47376200002,105930.91821172563,106160.6132377506
2019-11-17,106586.6483,106565.3358,106466.56638393599,106342.16199376009,106466.5950855395,106093.53455,102630.86178571428,102379.37790428996,106082.53193866671,106028.72631200001,105890.72895231121,106105.14096157934
2019-11-18,106310.1298,106586.6483,106495.58560193793,106377.27147994375,106495.59119988207,106093.53455,102724.5684142857,102406.08366482148,106134.80387200005,106044.40536200002,105900.67529095957,106137.58354763447
2019-11-19,106419.5094,106310.1298,106264.06452129626,106149.55047394468,106263.84372301062,106093.53455,101397.93436142856,102472.79143247017,105975.87523933336,105951.66477200002,105913.37444250037,106012.93338525947
2019-11-20,106351.5275,106419.5094,106357.06227076236,106247.35453247803,106356.86730666012,106093.53455,102855.16308571429,102479.011233614,106171.546634,106104.33054200005,105943.99517881373,106120.96544843058
2019-11-21,106213.9554,106351.5275,106275.69703527847,106162.63714327467,106275.65030295563,106093.53455,102676.9212,102337.81595961144,106025.49385800003,105949.195476,105918.77251187348,106035.63450438273
2019-11-22,106241.5279,106213.9554,106103.81609656457,106064.31709754182,106104.26605376675,106093.53455,102441.98708571428,102342.79012805033,105996.32710666671,105931.07675400002,105920.97187307727,105993.87202576193
2019-11-23,106272.0464,106241.5279,106107.55000669202,106059.89946267598,106108.06574679584,106093.53455,102609.8371,102372.50292662275,106078.717858,106054.06039000003,105930.91821172563,106023.17851080054
2019-11-24,106239.5044,106272.0464,106124.60384305583,106064.57187235962,106125.07151892675,106093.53455,102724.48251428572,102276.64472830443,106086.11773200001,106043.898876,105900.67529095957,106017.12163177307
2019-11-25,106232.2672,106239.5044,106099.29602428529,106032.5771758548,106099.60819492243,106093.53455,102481.6107857143,102154.2191884672,106011.43135066674,105948.29401800002,105896.94742704343,105980.31865118833
2019-11-26,105705.6823,106232.2672,106131.93466392528,106049.45428386588,106131.92556403868,106093.53455,102525.30404285713,102161.04146860124,106076.28338599998,106080.70599400005,105930.01789525444,106018.58518837344
2019-11-27,105930.5124,105705.6823,105629.26239121679,105536.72180940765,105629.03890359828,104982.85497500001,99048.81382142856,102663.83640471606,105537.51406333338,105398.62604399999,105428.63185085269,105500.95590786457
2019-11-28,105681.317,105930.5124,105798.6324951337,105697.006497883,105798.40000692791,105689.3363,101515.29478857144,102303.41101526484,105840.49239933334,105762.794882,105475.48820612131,105670.99570111255
2019-11-29,105328.6262,105681.317,105536.9783748448,105479.5618593057,105537.08722767158,104982.85497500001,101534.52995714286,101953.44003900036,105511.19326533336,105468.946968,105417.68428608046,105469.47980357318
2019-11-30,105099.3496,105328.6262,105181.96318092199,105127.4077338676,105182.09633699237,104982.85497500001,100140.17737142857,102153.7947354749,105326.69139866666,105213.25505600002,104987.31311677188,105147.13741643539
2019-12-01,105131.2673,105099.3496,104928.08177939893,104878.8055160429,104928.37135053682,104860.0239,101302.2426757143,101907.07707691485,104872.04444999997,104814.712146,104833.72592869794,104861.52529824694
2019-12-02,105131.4673,105131.2673,104955.16823046107,104886.72439724096,104955.42659203011,104982.85497500001,101822.98264285713,101759.74961633647,104972.45858733331,105032.07999600003,104817.42615423663,104892.2030462703
2019-12-03,104847.3004,105131.4673,104962.87482599865,104891.66690465453,104963.07122004582,104982.85497500001,101660.53478571426,101710.47334657465,104977.411248,104882.86984200001,104840.72789562568,104903.26868276007
2019-12-04,103837.1797,104847.3004,104703.79549574845,104637.11551162676,104703.96399226198,102823.4104,99861.92764714287,101824.9916026021,104152.74200466658,104028.862374,104236.60587352392,104342.15446327243
2019-12-05,103817.7506,103837.1797,103711.88872361138,103632.1367615646,103711.69694292573,103976.0058,102039.82266142858,103595.98255396172,103771.65482133336,103774.876924,103543.18280186101,103648.99146158632
2019-12-06,103843.9824,103817.7506,103620.64444625237,103552.95590131579,103620.83867654298,103960.5709,101792.58754714286,101656.40946600768,103709.37292533336,103653.76402999999,103673.0647740833,103645.13120024414
2019-12-07,103245.261,103843.9824,103630.77369932161,103541.09391982027,103631.19023977306,103960.5709,101971.12901428572,101761.86313363105,103690.05511600003,103658.97466400001,103683.01111273165,103638.05338285064
2019-12-08,103245.261,103245.261,103073.06691312538,102982.28477625547,103072.99203137141,102619.1649,98645.74351999999,102756.71481230365,102977.85172591095,102970.80716799998,103048.24057628782,103002.79235948475
2019-12-09,103255.6653,103245.261,103035.63322447038,102956.02178648606,103035.72476404486,102619.1649,100949.03030571427,101772.37438150728,103003.66936191094,102944.440932,103123.59260487116,103027.76125108938
2019-12-10,103222.6763,103255.6653,103050.01028963999,102952.35195255533,103049.94840622194,102806.2508,99626.3291085714,101588.84259996738,102888.90360044433,102752.84570600001,103079.99915869159,102973.75157056376
2019-12-11,103062.6556,103222.6763,102986.60335136211,102928.06962159871,102986.73245444387,102619.1649,100921.76954857142,101278.81885182607,102773.5868537777,102711.05756800002,103059.80340040008,102920.48662525883
2019-12-12,102904.2104,103062.6556,102834.78480839648,102790.95071721557,102835.1542738122,103024.1970875,99949.15466571426,101237.59143612089,102764.26463999994,102759.35261000003,102853.49148457078,102802.90228059543
2019-12-13,102866.9666,102904.2104,102661.03994731618,102599.75273927236,102661.40656615152,102774.34008333336,99777.99384571429,101125.61182082136,102652.50487577775,102690.88075199998,102658.91924093901,102637.05895199638
2019-12-14,102704.561,102866.9666,102592.00166004548,102528.90381767752,102592.40918383423,102774.34008333336,99270.24085428573,100995.0970936151,102683.91076533332,102696.43232399998,102658.91924093901,102623.91127464996
2019-12-15,102699.0255,102704.561,102446.43727664836,102401.68429169193,102446.93152091165,102774.34008333336,100070.11613142859,100984.58198957847,102624.81256000006,102571.87050200003,102649.77176726991,102558.75620632064
2019-12-16,102695.9755,102699.0255,102441.70072359133,102395.04561693643,102442.232214239,102774.34008333336,99920.58433,100908.98686556358,102642.6191860001,102606.11205400003,102649.77176726991,102562.47885673547
2019-12-17,102690.1989,102695.9755,102465.43818634601,102405.98248148066,102465.76523360716,102774.34008333336,99920.17152428572,100956.69917488082,102627.61845200007,102575.94567600005,102615.3458260181,102549.64891983294
2019-12-18,102464.979,102690.1989,102459.65750802179,102352.64507673502,102459.86354649649,102399.78659999999,99561.8883442857,100834.48984951357,102601.0931153334,102599.00757000003,102615.3458260181,102523.02800602885
2019-12-19,101908.4133,102464.979,102231.48969900399,102138.78550268296,102231.6456264654,102399.78659999999,99242.69330571427,100930.3178065341,102267.00968200012,102304.08231199994,102308.59895968837,102238.13138145715
2019-12-20,101853.8669,101908.4133,101703.82710214396,101624.2094152799,101703.76054439698,101697.5919611111,99258.30061857142,101837.24359111389,101749.03199933333,101756.49071200001,101762.13674456379,101711.79271972568
2019-12-21,101761.8584,101853.8669,101631.21274712103,101534.4891330953,101631.11165384276,101697.5919611111,99463.40953142858,100769.64080645562,101746.06059799994,101749.75266000001,101813.98449556211,101698.17807555245
2019-12-22,101763.2273,101761.8584,101544.62799809045,101452.01429452228,101544.5452079351,101697.5919611111,99556.19963857144,100771.46781333562,101673.23678933326,101646.28919599998,101792.71528183937,101639.3221218983
2019-12-23,101763.2273,101763.2273,101558.2167464381,101473.17222218409,101558.05681689102,101697.5919611111,99782.0784,100743.68336064072,101676.82343199993,101647.11617600001,101802.66162048772,101650.8857582239
2019-12-24,101424.7004,101763.2273,101583.32582001455,101508.16739559652,101582.99080456016,101697.5919611111,100120.91361142858,100753.21275016745,101674.00566999991,101646.95444399999,101778.48509887907,101653.55272149184
2019-12-25,101457.4831,101424.7004,101413.13824723131,101340.34843041265,101411.99191722179,101075.4205,98357.53469285715,101176.51449187935,101204.21955733326,101225.11253399999,101301.51760602696,101282.02853125763
2019-12-26,101457.4831,101457.4831,101396.2985881025,101338.5492218264,101395.4718278902,101417.04271428571,97923.56839714284,100658.33041552243,101356.5578126666,101361.43237399997,101427.68992345026,101374.26565264775
2019-12-27,101457.4831,101457.4831,101274.3650204166,101260.16056402237,101273.94831692189,101417.04271428571,99422.2720742857,100425.85687969933,101384.66231599996,101379.41819999999,101390.40385077005,101345.07557693079
2019-12-28,101127.9189,101457.4831,101268.71974156956,101249.50117612402,101268.34652694427,101417.04271428571,99448.41656571429,100446.37004045025,101362.30045799993,101378.37161599999,101390.40385077005,101334.06849496467
2019-12-29,101129.5489,101127.9189,100951.71508429473,100932.11450098487,100951.377714098,101156.371475,97995.44852,100771.81937023894,101010.55600066663,100995.58007999997,100906.71191978666,100949.7941404794
2019-12-30,101135.6156,101129.5489,100949.5268850929,100940.23712270064,100949.24161891647,101156.371475,99082.29718571428,100286.18523420043,101060.73907333329,101014.38989599995,100909.00012156522,100969.99210586639
2019-12-31,101173.0074,101135.6156,100988.26781604509,100993.35244938082,100987.73316389963,101156.371475,98826.55519285715,100347.004036325,101031.24207599992,100977.987042,100884.82359995657,100969.80604177911
2020-01-01,101441.0989,101173.0074,101199.70124626411,101200.78439018084,101198.5177925969,101074.54055,98964.30985571428,100516.94431492127,101002.37289266658,100960.57292599998,100884.82359995657,101029.32696093466
2020-01-02,101441.6283,101441.0989,101296.96861113532,101282.75611573673,101296.27175016125,101635.9236,100616.65848,100920.4900458281,101533.02065200004,101629.83109,101419.9655054977,101411.91409107816
2020-01-03,102065.793,101441.6283,101261.77711185519,101197.12589710965,101261.69914932457,101635.9236,101321.30308571427,100261.79959896457,101351.35190666666,101353.70057200003,101382.67943281749,101310.38574553128
2020-01-04,102098.5953,102065.793,101845.53888943722,101770.46035826474,101845.53236707303,101697.5919611111,100449.57569714285,102578.63048015552,102044.7486826667,102084.38082400002,101978.42124751282,101931.21009614808
2020-01-05,102126.6394,102098.5953,101914.2260035989,101848.66155741246,101914.1660567931,101697.5919611111,99870.349,100895.95673944746,102055.61538066668,102074.36744,101995.2563567416,101966.51109827358
2020-01-06,102066.7612,102126.6394,101938.70078511671,101854.69151251277,101938.93595059462,102250.88285714286,99870.12759142857,100870.72515591478,102144.88420666668,102137.42001199997,102230.06034999517,102076.54535639154
2020-01-07,101924.6544,102066.7612,101933.21015245754,101843.36859582533,101933.07713045798,101697.5919611111,101006.93331,100807.22201979203,102048.87379866665,102077.49534600003,101950.88407684144,101947.70882377781
2020-01-08,101854.9346,101924.6544,101814.34744230946,101737.89428391399,101814.05628403065,101697.5919611111,101630.95158571427,100593.47435364322,101876.91656399998,101932.33785800003,101865.57204811307,101826.79429867568
2020-01-09,101851.1411,101854.9346,101733.91417207441,101657.51077178528,101733.56605749417,101697.5919611111,102103.26802857143,100423.38874047998,101853.86861466663,101883.33339400004,101843.37752315421,101784.9189698687
2020-01-10,101904.01,101851.1411,101743.08391680109,101659.04596007054,101742.67206366976,101697.5919611111,101149.38801428571,100292.24038632934,101864.37366266664,101884.72006800004,101810.12239538493,101777.84733937403
2020-01-11,101894.5498,101904.01,101773.91975075092,101650.78393010159,101773.3981225552,101697.5919611111,100837.34758285714,100384.81225891254,101978.53224466661,102000.50883200005,101869.29991202921,101832.87202893248
2020-01-12,101894.5498,101894.5498,101761.6853252177,101648.0570713677,101761.16404214872,101697.5919611111,101444.93384285715,100275.2958521091,101980.4789153333,102033.65323600004,101893.77951463265,101840.7718337779
2020-01-13,101811.4992,101894.5498,101771.22018769404,101663.9988920844,101770.68644463476,101697.5919611111,101803.89977142858,100235.21399477425,101996.85654933332,102070.90259000001,101905.96332542346,101855.60625561373
2020-01-14,101781.2276,101811.4992,101726.41767527295,101639.57317039678,101725.68240790609,101697.5919611111,101153.35637142857,100314.13644289956,101906.15091599994,101931.37079000002,101905.40778185721,101817.04395608464
2020-01-15,101860.1896,101781.2276,101700.81421840786,101645.92157586798,101700.1203268438,102151.75668,101708.31965714287,100315.32745655072,101860.48542533327,101864.43138800004,101853.57472705985,101786.66057608703
2020-01-16,101997.3167,101860.1896,101765.57489086434,101721.68709187354,101764.91709129534,102151.75668,100371.03864714285,100450.17375607928,101962.74886266665,101997.91278400004,101936.80222817385,101873.74606090468
2020-01-17,102141.9539,101997.3167,101880.83759324938,101853.2671640368,101880.48386100467,102151.75668,100958.28631857142,100601.55778509572,102075.85519933328,102127.27001200002,101980.34572729642,101969.82269688883
2020-01-18,102234.7577,102141.9539,101999.06865271932,101950.17346790808,101999.0352228154,102457.7658958333,99930.99419285714,100752.63472669765,102294.42033399995,102312.03999999996,102315.82344990777,102186.80575060526
2020-01-19,102234.7577,102234.7577,102082.54907584556,102040.45588096994,102082.58449113066,102457.7658958333,101017.27168857143,100671.54714945049,102409.99414266666,102407.75211199999,102305.59867560682,102252.01623308113
2020-01-20,102231.8922,102234.7577,102098.89271013463,102058.2246003405,102098.89111636442,102457.7658958333,101251.41205857146,100563.72768018024,102422.40069400003,102407.43456999997,102305.59867560682,102262.07465664913
2020-01-21,102410.4412,102231.8922,102132.01470605502,102090.95462692359,102131.84357958472,102457.7658958333,101148.53541999999,100645.40478028917,102370.608294,102364.18378799995,102308.70465870436,102256.75585987598
2020-01-22,103250.5283,102410.4412,102312.03724654081,102273.21532929828,102311.79364312459,102457.7658958333,100843.75124714286,100938.8974585747,102541.5109586667,102490.21416000002,102473.6638538632,102429.46338060939
2020-01-23,103366.0384,103250.5283,103114.35978221381,103074.4502581771,103114.11308631765,103807.5327,99906.91657857143,103457.4521577033,103484.21859133325,103503.09698599996,103279.7015682635,103279.45680592461
2020-01-24,103362.1834,103366.0384,103252.76351543567,103185.23438837515,103252.54076432617,103500.47316000001,101245.16405142857,101669.0683301206,103325.09328866661,103380.05968599994,103210.75934242182,103240.3623398212
2020-01-25,103423.4369,103362.1834,103236.39804729316,103169.12552766426,103236.27543952939,103714.77906153846,101732.32150285714,101675.90362834395,103220.73817199995,103366.23017999994,103200.81300377347,103196.89223447924
2020-01-26,103472.698,103423.4369,103281.98862773796,103219.42664104117,103281.96774004589,103714.77906153846,101922.66794857143,101734.88449610402,103320.9317566666,103389.02124399993,103200.53456812087,103246.96432194288
2020-01-27,103472.785,103472.698,103354.51002611629,103283.15537017454,103354.46549515046,103714.77906153846,102041.10813571428,101624.99807927242,103297.4225006666,103382.84064199995,103213.3417248749,103264.63986523869
2020-01-28,103400.6892,103472.785,103404.6181428963,103320.14139733635,103404.3374437826,103714.77906153846,101370.23749285714,101434.90722549387,103248.7973819999,103354.51462799996,103256.66161272906,103275.20013068843
2020-01-29,103648.1647,103400.6892,103351.03983707167,103256.9673312181,103350.59870272316,103714.77906153846,101830.7344857143,101095.8977002707,103194.22574999997,103220.45462999996,103236.46585443756,103229.21964521853
2020-01-30,103662.3267,103648.1647,103534.13867278612,103416.89770332554,103533.7353646928,103500.47316000001,100285.16003714285,101513.23432640839,103453.00377933332,103568.14754799998,103580.56266032204,103483.48804766031
2020-01-31,103716.9313,103662.3267,103538.33996439658,103421.91255094358,103538.07410793533,103714.77906153846,100942.31392,101075.59642712887,103451.5119133333,103554.35763599997,103572.51260188268,103481.97902205319
2020-02-01,103609.0238,103716.9313,103585.05799725086,103473.76398841261,103584.83003694421,103714.77906153846,100985.80057714284,101226.35072744229,103636.93152733333,103688.17322799996,103572.51260188268,103561.06937254289
2020-02-02,103609.0238,103609.0238,103469.96624797332,103373.45486191248,103469.83688645568,103714.77906153846,100490.80756857143,101113.48601302342,103390.32292399996,103508.81577799996,103532.32334246827,103432.03370946024
2020-02-03,103500.9088,103609.0238,103481.14040049157,103390.09265553798,103480.96009050502,103714.77906153846,101839.0131,101093.97694049522,103403.405122,103490.99646199995,103542.26968111662,103445.25581955153
2020-02-04,103485.1563,103500.9088,103409.7625561614,103330.10842862137,103409.47074647754,103714.77906153846,100951.99651428571,101146.37235661206,103136.74188933328,103137.93259199997,103236.46585443756,103234.43872413074
2020-02-05,103534.5486,103485.1563,103383.0540479365,103344.30136321868,103383.03649929124,103714.77906153846,101367.85484285714,101135.71484758574,103057.71098583331,103080.28997400001,103232.80865974381,103211.60700293194
2020-02-06,102761.5709,103534.5486,103394.86365048678,103350.08769946508,103395.00927382887,103714.77906153846,101363.30841285715,101157.0377325177,103116.82565161107,103095.61505599998,103245.4162293481,103237.44319347474
2020-02-07,102342.7577,102761.5709,102662.36530370476,102629.29053715979,102662.47283397293,102806.19203,99690.15014571429,102812.18993252744,102873.14070599998,102758.36265600001,102741.5112206944,102747.98082128471
2020-02-08,102453.5129,102342.7577,102223.55474863254,102214.41174824181,102223.75055656745,103152.5951,99913.33987714285,101824.43187375067,102380.4120526667,102269.15046399998,102321.12933564952,102305.31771218602
2020-02-09,102453.5129,102453.5129,102305.23666020526,102293.48696521985,102305.55081168185,103152.5951,101093.48375142858,101345.8108164796,102621.6055213334,102535.70308599998,102444.14363774193,102453.07870809839
2020-02-10,102467.6956,102453.5129,102319.43125622337,102291.26446702813,102319.66806520626,103152.5951,101571.68168000001,101188.70584941626,102623.29844533338,102552.29773599998,102444.14363774193,102452.90218336781
2020-02-11,102436.5769,102467.6956,102353.70684618418,102318.60321471634,102353.79763013822,103152.5951,100521.67597142856,101177.51588097496,102617.62425333336,102549.85473599998,102467.44537913098,102467.89094906021
2020-02-12,102437.7356,102436.5769,102296.44232162606,102275.27140921925,102296.65267249865,103152.5951,100880.53611999999,101005.38763911765,102594.71647400003,102550.40003799998,102447.24962083947,102439.07916801958
2020-02-13,102639.551,102437.7356,102241.40340817558,102234.89235613322,102241.69737621637,103152.5951,100434.65303857144,100817.70005037321,102606.48621466669,102550.04042799998,102466.27456564846,102435.88437881612
2020-02-14,102676.7218,102639.551,102434.41771852248,102447.01016388233,102434.86241540754,103152.5951,100684.41011142857,101079.99162295774,102747.78443866671,102735.864042,102751.69968056308,102648.83142770403
2020-02-15,102535.5606,102676.7218,102483.85390147852,102487.90452177891,102484.33275289029,103152.5951,100561.00778428571,100903.44761041716,102773.09458800004,102706.35228000002,102736.33797993367,102665.77902990421
2020-02-16,102540.0291,102535.5606,102329.54020250255,102327.63490809259,102330.09406282607,103152.5951,99947.89709857143,100806.32558144652,102632.00668666667,102576.21540599996,102697.5788907445,102552.40682850125
2020-02-17,102540.0291,102540.0291,102484.16025188862,102454.74421460903,102484.17992492142,103152.5951,99900.29665428572,100853.6887662398,102648.40345333335,102592.82239999999,102707.52522939285,102603.55763244508
2020-02-18,102540.4291,102540.0291,102364.282170974,102336.39096327136,102364.63362076563,103152.5951,101065.31463714284,100775.38716772228,102635.52537533331,102599.44837399996,102685.25731944977,102552.39121935148
2020-02-19,102546.2196,102540.4291,102361.34261607539,102322.36882688093,102361.71789921443,101932.3052,100612.69454285715,100725.67640794831,102595.15905533331,102540.01661799997,102641.76005904183,102519.76264708536
2020-02-20,102450.7976,102546.2196,102357.53077921442,102272.48165344479,102357.78926442434,101932.3052,100281.51171428572,100686.36647074035,102620.164666,102615.770802,102668.7967120789,102520.4810105079
2020-02-21,102460.6192,102450.7976,102264.84894109366,102153.4353744769,102264.78423264864,102250.88285714286,100246.97445,100608.14943822027,102466.24735333333,102423.46444799997,102334.31360713953,102317.99877831659
2020-02-22,102303.2545,102460.6192,102259.1201426293,102153.93135987704,102259.09838816723,101932.3052,100011.94722142858,100716.76094823165,102490.34525399997,102446.60063399999,102344.25994578788,102329.51218655496
2020-02-23,102303.9403,102303.2545,102108.7071914505,102008.94962590397,102108.74435500163,101906.18828571428,100028.79746142856,100722.58473851481,102210.72059,102157.54898400001,102217.75763679178,102145.80928423192
2020-02-24,102304.0653,102303.9403,102118.92854475623,102021.59159748239,102118.925327143,102250.88285714286,100140.64637714285,100638.27651463046,102381.20973466667,102333.967414,102227.70397544013,102210.16843586306
2020-02-25,102237.405,102304.0653,102150.02669540762,102048.90313026265,102149.86803510027,102250.88285714286,99986.32781142856,100717.0343287317,102383.82236399998,102338.775096,102203.52745383148,102212.08431603138
2020-02-26,102274.6794,102237.405,102087.0616891156,101988.32667070437,102086.8747923918,102250.88285714286,100106.8497742857,100661.97315844876,102335.53032933333,102265.530138,102183.33169553998,102169.0628985259
2020-02-27,102215.3975,102274.6794,102094.56084049026,102008.82445957458,102094.55635644122,102250.88285714286,100039.52969285715,100747.17113747259,102396.45768333333,102330.744892,102230.56410686855,102211.94874992548
2020-02-28,102340.5227,102215.3975,102040.97636354464,101964.28680869332,102040.91342244322,102250.88285714286,99956.10666,100672.54693223705,102274.03003466665,102264.482334,102185.89297557845,102141.40327297947
2020-02-29,102427.5404,102340.5227,102156.48977107383,102079.64681076838,102156.3674184788,102250.88285714286,99366.94564714286,100925.94864614872,102402.72969666665,102324.56934799999,102199.49650892055,102227.29100545186
2020-03-01,102428.2501,102427.5404,102248.39133124171,102178.74419325552,102248.27681573785,102250.88285714286,100055.78899857144,100869.40735489977,102538.18088666663,102487.22009599999,102378.68588703968,102365.20365565394
2020-03-02,102428.2846,102428.2501,102271.31324256746,102202.89377623884,102271.13771842327,102538.2484,99999.66528142858,100766.8673386572,102575.66439400002,102495.83324199996,102378.68588703968,102385.74801909285
2020-03-03,102306.6666,102428.2846,102309.19379555882,102250.59114233236,102308.79866509403,102538.2484,99988.83888857144,100854.54017505058,102607.347964,102536.94927999997,102354.50936543103,102404.1494905878
2020-03-04,102265.9072,102306.6666,102205.02224043779,102157.89328518616,102204.59547397602,103152.5951,100080.72259142858,100829.10891941216,102410.39250666666,102287.31064,102189.5501702722,102252.611987375
2020-03-05,102048.7639,102265.9072,102155.52696930422,102114.94087127727,102155.06982572969,103152.5951,99917.69752571428,100795.21260710293,102530.4114093333,102471.86571199998,102225.6581424654,102290.336807692
2020-03-06,102022.5502,102048.7639,101970.80284246744,101939.71404252012,101970.1066277657,112953.6903,99245.83179714286,100895.42746780759,104931.62717333341,106020.40553199995,102923.20825594311,103264.8498239322
2020-03-07,102101.4431,102022.5502,101911.10648153743,101830.85703058672,101910.82599882266,112953.6903,99914.30359142857,100780.93660768992,104963.56152200008,106070.25207199999,103226.02199633227,103340.1468496397
2020-03-08,102101.4431,102101.4431,101966.567346753,101873.73282419369,101966.49423082845,112953.6903,99964.27010714285,100780.27384433849,105012.07829066674,106125.72288199997,103311.05558940805,103398.9555680895
2020-03-09,102102.5369,102101.4431,101983.62785341608,101888.41177439065,101983.48120100633,112953.6903,99809.0110257143,100675.47406806184,105010.80927733339,106138.94918799998,103311.05558940805,103403.42554704403
2020-03-10,102203.6821,102102.5369,102009.23065595637,101914.0758300442,102008.94555373881,112953.6903,99836.49934428571,100736.34554575002,105010.09000466675,106138.33943999998,103336.91861083556,103420.36148184883
2020-03-11,102287.364,102203.6821,102102.71548012481,102014.35375626368,102102.49961275108,112953.6903,99809.07862714285,100828.09218262388,105093.88485333337,106177.55972799996,103554.6556632242,103554.29809094041
2020-03-12,102206.4152,102287.364,102163.1641878995,102072.37733743388,102163.07282616959,112953.6903,99877.64288285712,100845.88501021017,105214.96254133339,106210.35070599997,103567.99051056815,103618.4434631118
2020-03-13,102302.9779,102206.4152,102092.3510060107,102014.01709947793,102092.31047880111,112953.6903,99952.64180142856,100725.7535438591,105094.17599066673,106169.12728999999,103506.7868417143,103538.32664395298
2020-03-14,102006.7054,102302.9779,102181.92577455494,102108.058680463,102181.89145623357,112953.6903,99837.12425857144,100953.74172825721,105220.23770200007,106227.106166,103562.30283169479,103630.19973805262
2020-03-15,101926.6546,102006.7054,101902.83506172709,101833.36566899919,101902.7784108682,112953.6903,99765.20354428572,101093.30568537445,104879.77181266673,105982.89197399997,103229.67383363334,103314.27043843309
2020-03-16,101910.3959,101926.6546,101834.19186341914,101763.79366591762,101834.1445260726,112953.6903,99828.76203714286,100728.03075172694,104921.9730806667,106038.61797399998,103218.3585020698,103301.3750828847
2020-03-17,101759.8648,101910.3959,101855.7003772821,101774.51004327174,101855.47369394542,112953.6903,99735.46193571428,100801.09404982408,104921.32343066673,106037.80765599998,103183.27989244509,103293.0377887945
2020-03-18,101767.3745,101759.8648,101717.57800608297,101628.93168892733,101717.26746632454,112953.6903,99129.15795000001,100840.3023557253,104346.99673600002,104943.04632199997,102243.99598948256,102739.9748048033
2020-03-19,101704.1313,101767.3745,101698.31561465104,101601.76128223298,101698.0775614361,112953.6903,99763.74916714287,100786.35266842168,104334.40329000005,104902.55107399994,102256.80245955933,102730.98901059746
2020-03-20,101775.2615,101704.1313,101638.12548964524,101543.0051312776,101637.8780131504,112953.6903,99900.12535,100716.50977196719,104028.53175533336,104842.21389999997,102245.12526941151,102605.5540520075
2020-03-21,101868.5308,101775.2615,101682.87006600585,101590.57180686748,101682.74027265546,112953.6903,99837.12425857144,100844.65692576337,104773.50480000005,105690.01347199995,102255.07160805986,102873.0494049758
2020-03-22,101868.5308,101868.5308,101775.5380120422,101693.3709977348,101775.50794577561,112953.6903,99825.04058,100858.11600481872,104885.07011666673,105985.33131599997,102290.64878103104,102956.36329847753
2020-03-23,101868.5308,101868.5308,101795.97731556749,101714.25362766431,101795.93965391048,112953.6903,99797.42460285717,100760.8196116389,104884.6097913334,105998.46010799997,102290.64878103104,102963.17073334292
2020-03-24,101190.8448,101868.5308,101822.0793221551,101748.64974962785,101821.95329213611,112953.6903,99750.68027857144,100849.92032342548,104894.05244066671,106014.12180199998,102313.95052242008,102985.5509042382
2020-03-25,100482.6114,101190.8448,101201.4094846835,101139.51606211366,101201.06831309151,100916.33945,99523.56102714287,102382.90409177076,100992.5549706666,101017.62460599998,101105.87133810492,101079.31412362838
2020-03-26,100002.3308,100482.6114,100501.12567147045,100442.18560691435,100500.7006964893,100576.61123333334,98861.20598142857,102601.67024175578,100447.04684299997,100443.37418739998,100288.12103058324,100392.45116016585
2020-03-27,98978.50841,100002.3308,100025.28627570225,99965.792922252,100024.91389858509,99206.62834,98958.96559857142,102099.22357237102,99667.78854879994,99714.90616740003,99812.41999694427,99815.3338226654
2020-03-28,99097.97812,98978.50841,99056.66649971313,98961.28305773347,99055.97263285001,99009.76501166668,103921.64136999998,103732.9120847847,98873.0397598,98823.49523760001,98897.66123113537,98910.66134955628
2020-03-29,99097.97812,99097.97812,99096.17283677692,98993.21004760411,99095.91719069559,99258.40065,97797.66884142857,102325.51961893603,98936.34929886667,98925.93178759995,98960.50339090411,98963.35424579163
2020-03-30,99192.06602,99097.97812,99088.82275519098,98969.91349275746,99088.7191967697,99258.40065,97824.17913285714,102109.87435858641,98929.72193866661,98899.81433299997,98960.50339090411,98953.37960744272
2020-03-31,99338.72412,99192.06602,99161.03291510126,99049.67378421703,99160.95371908494,99019.258695,96744.07539428571,101658.66710516832,99099.8366516666,99061.16828639999,98965.92406401786,99038.47816663382
2020-04-01,99206.63067,99338.72412,99280.55440769288,99210.7498733337,99280.71619460371,99019.258695,98951.35737285715,101143.69704019565,99202.91972153327,99173.26088460001,99233.74604649143,99215.80521378614
2020-04-02,98711.68575,99206.63067,99124.82308855472,99090.22531243997,99125.33793353113,99002.96114,99035.44625285713,100733.22114274032,99114.50548099997,99054.55090139994,98998.49392787159,99067.74157377052
2020-04-03,98769.62351,98711.68575,98638.69096651627,98649.1947844731,98639.24940849307,98527.65995666666,99015.9282342857,101530.88832687687,98602.19762306672,98520.0600788,98614.50720531768,98621.96653761917
2020-04-04,99045.81635,98769.62351,98701.56828264765,98745.73056991956,98702.4860982688,98527.65995666666,99823.14415857142,100665.60512987924,98686.92672833339,98733.22193359998,98659.6900857087,98697.44912798722
2020-04-05,99045.81635,99045.81635,98950.35425612019,98963.68016177784,98951.43401021318,99098.99166,99193.50540285713,101129.35353146252,99042.17794806663,99023.68548820003,98980.62464104216,98995.49425029555
2020-04-06,99045.81635,99045.81635,98977.22816146199,98973.67337909706,98978.26465071717,99098.99166,99759.42465428573,100572.44274125609,99007.30209933328,98990.91283800002,98980.62464104216,98987.20003982417
2020-04-07,98992.83454,99045.81635,99010.6066297253,98972.15276445335,99011.34751417089,99098.99166,99743.83226857141,100622.73389369277,99006.77228339993,98980.01012300003,98976.49833221926,98985.14112669084
2020-04-08,99103.15189,98992.83454,98958.10267537524,98893.09082929458,98958.6767262002,99098.99166,99696.15676,100547.03953451106,98984.54700066653,98954.98973980002,98947.71018636404,98941.78267210838
2020-04-09,99112.06602,99103.15189,99049.82365106678,98976.17419886123,99050.39297037243,99258.40065,99331.87395428572,100723.76717417658,98808.70864259997,98870.11773439996,99036.75795747494,98940.54693297872
2020-04-10,99152.60081,99112.06602,99255.14913409832,99133.18545398301,99254.90109530506,99036.118965,99149.75911,100670.9576494803,99098.54578639999,99044.0506682,99029.06907951712,99086.93343996671
2020-04-11,99152.60081,99152.60081,99157.13985144004,99057.7218310737,99157.33819962002,99036.118965,99966.68571285714,100637.08681305901,99117.35309666664,99072.0088042,99029.06907951712,99068.04800241913
2020-04-12,99071.48762,99152.60081,99153.3452616876,99054.91640509557,99153.48554419844,99002.96114,99795.8485957143,100533.90998729842,99122.38785506664,99091.8388542,99046.00608802165,99074.43678272795
2020-04-13,99071.48762,99071.48762,99091.67712426644,98995.37896355714,99091.92084485268,99258.40065,99697.23475000002,100464.5589272131,99004.8557101999,99008.62598320002,99023.95148739817,99008.06205371841
2020-04-14,99071.48762,99071.48762,99126.82491507387,99045.17373833164,99126.96097077736,99258.40065,99743.83226857144,100545.55815756612,99031.73804259991,99032.79015240002,99027.21023718515,99034.70733937224
2020-04-15,98838.7004,99071.48762,99149.08677069095,99073.2261290412,99149.10578730932,99258.40065,99775.93518428571,100500.20497486451,99033.93259313326,99042.69637540002,99023.25340981125,99043.4707106619
2020-04-16,98895.93749,98838.7004,98928.58532368082,98841.80113969688,98928.49568965129,99098.99166,99322.36511857143,100639.21016255431,98749.99998953337,98779.42586000002,98668.10610674984,98753.30241199337
2020-04-17,98733.6666,98895.93749,98983.97994143657,98917.5445597117,98983.84849893034,99098.99166,99722.55075714285,100430.45416788638,98870.96588660002,98888.69199620002,99019.03509769334,98935.84851466835
2020-04-18,98848.9916,98733.6666,98842.00615763712,98802.10345546156,98841.83376809774,98527.65995666666,97980.76065857142,100565.27710883899,98683.59338046671,98699.60690880002,98753.34540995712,98746.34741529514
2020-04-19,98848.9916,98848.9916,98954.21747492164,98937.62382473549,98953.98528921018,99098.99166,99885.2985742857,100572.57769105498,98794.68879280005,98820.13897920003,98868.92185434794,98867.07815729448
2020-04-20,98848.9916,98848.9916,99002.69515362932,99009.01120875342,99002.19235580954,99098.99166,99793.91216857142,100405.61633079451,98833.5324168667,98828.75951720001,98868.92185434794,98903.82182665601
2020-04-21,98843.11342,98848.9916,99058.60166888133,99091.29819359552,99057.70990068733,99098.99166,99827.53437428572,100482.90083032717,98844.71696973337,98827.59844639999,98868.45274021878,98934.82263451589
2020-04-22,98916.23104,98843.11342,99078.97254130241,99153.14423752161,99077.83811364928,99098.99166,99827.53437428572,100467.44770477443,98850.14240700002,98825.73433500002,98836.00739966982,98946.43134806382
2020-04-23,99295.51817,98916.23104,99141.64624042452,99212.12827294698,99140.81082734237,99098.99166,99240.19840285715,100560.39244819732,99032.49905053328,99005.57827500004,99129.48184331831,99124.70305559953
2020-04-24,99774.61128,99295.51817,99486.51395831036,99524.56037197325,99486.05252440572,99660.79883,98761.49904714285,101451.66246797013,99410.19415926667,99367.04530719998,99531.98720111098,99488.91391078364
2020-04-25,100063.1491,99774.61128,99951.50289823044,99955.75954747273,99951.39412675463,99268.19811,98873.73579000002,102132.05183428616,100135.87629506658,100134.28051499996,100154.50507051252,100082.04697101728
2020-04-26,100103.4062,100063.1491,100227.39461939193,100212.36936679934,100227.57185032223,100115.69750624998,98080.15816142857,101658.46576731668,100275.91152439998,100254.84861899997,100277.76723340504,100255.3493748681
2020-04-27,100103.5527,100103.4062,100293.06366475897,100284.43536413214,100293.24376956346,100115.69750624998,99381.04375142857,101227.04869867793,100299.21539526663,100279.48260299997,100277.76723340504,100287.1393309346
2020-04-28,100145.3911,100103.5527,100332.08578818075,100330.58538180997,100332.18053463343,100181.2449,99516.46590285715,101268.20935069835,100318.57847739999,100296.94026319997,100391.97979644204,100347.04788521734
2020-04-29,100274.44,100145.3911,100396.19493101118,100389.14669138876,100396.18928825468,100181.2449,99675.94653571428,101169.61438968778,100387.29638139998,100353.03303919999,100391.97979644204,100389.4742897436
2020-04-30,100479.5173,100274.44,100528.96864006603,100524.23672789148,100528.92659360962,100338.2917,98795.05438428572,101150.27596653179,100607.29462866667,100620.13846399999,100630.24872339943,100587.26002665253
2020-05-01,100850.2709,100479.5173,100740.05289669023,100713.63391436136,100739.8410872978,100576.61123333334,99027.66993,101159.2134150152,100790.15372066671,100838.97401399996,100728.20530867504,100743.99764790102
2020-05-02,100910.9323,100850.2709,101090.85010142995,101052.94838980336,101090.69640019066,100765.15046,99964.40173000001,101839.40920918484,101078.97523866665,101143.58602400006,101117.91227158744,101083.27863335249
2020-05-03,100910.9323,100910.9323,101145.7909477152,101097.78999839224,101145.72462109599,101040.66975,99643.95011714286,101045.76752997436,101131.68427000001,101155.64594000002,101209.59264018442,101146.35563619221
2020-05-04,100912.3121,100910.9323,101167.93817320203,101132.26737103208,101167.82518394859,101040.66975,99532.97251571428,100970.69950748397,101081.54747666664,101098.44483400002,101223.34035818384,101145.71840196085
2020-05-05,101158.6067,100912.3121,101210.0047126242,101181.67913983346,101209.78726581909,101040.66975,99525.26181714285,101031.02699422234,101125.38626133329,101118.43212200001,101279.46740279203,101195.51093465292
2020-05-06,101630.191,101158.6067,101462.84613844857,101445.80656681237,101462.59368772808,101526.8658,99985.81964142856,101525.89792872316,101382.89222666682,101321.330182,101392.79081599523,101407.16320315814
2020-05-07,102172.2149,101630.191,101916.19048221126,101914.45037214411,101916.02766357097,101656.7628,100836.9760942857,102461.58008340262,101853.71552133326,101835.88377800003,101957.69138029298,101908.6190912568
2020-05-08,103072.6473,102172.2149,102451.97564296999,102464.58126090089,102451.84062091415,103155.6164,103674.5779142857,102962.87249967645,102783.88941066657,102742.32012799999,102739.5945617438,102662.68841110375
2020-05-09,103250.5018,103072.6473,103323.8295673252,103347.88755281785,103323.707632625,104056.6379,103731.13836285715,104103.86336483012,103484.66297599999,103472.50736600002,103467.02863513085,103433.19305464956
2020-05-10,103459.6683,103250.5018,103516.83160629697,103537.93756628677,103516.90968520739,103500.47316000001,104814.8426,103159.26427401765,103529.60576866678,103563.96034800001,103615.90565006969,103561.14966167441
2020-05-11,103460.7483,103459.6683,103747.93287569605,103787.48218217972,103748.06052838644,103500.47316000001,104823.88,103419.50926519049,103615.1923300001,103616.05297399993,103615.90565006969,103672.86005408317
2020-05-12,103735.6432,103460.7483,103807.55431456458,103849.4140941106,103807.61839174278,103714.77906153846,104262.36681857143,103081.13650613806,103711.66260000008,103672.84023999996,103687.78494682579,103749.62054697883
2020-05-13,104088.6799,103735.6432,104096.56084596636,104141.65191780898,104096.5420754598,103500.47316000001,104814.89852857143,103303.09706607842,103971.33203666664,103850.24149799997,104073.12468425753,104062.03621291106
2020-05-14,105081.6029,104088.6799,104445.83302533836,104478.94479175383,104445.75358552058,104241.8489,104749.80686285716,103326.04993783392,104268.38163600002,104193.39509999997,104366.38793541053,104371.23812105479
2020-05-15,105624.5453,105081.6029,105419.94738611695,105451.55414589237,105419.71852383627,105776.64815,106088.0224285714,104377.52033931523,105662.80734199999,105788.03070800005,105495.74658059969,105536.70268949734
2020-05-16,105878.7954,105624.5453,105952.9100579116,105944.51086962024,105952.60189297055,106091.7351,106235.14554285714,104241.508790555,106206.291928,106163.84562600002,105594.46202638512,105915.08827466845
2020-05-17,105878.7954,105878.7954,106204.62349577814,106195.62875570399,106204.50145767763,105139.7571,105761.5805857143,104085.32552930037,106293.43053599994,106303.43399400004,105962.91003006662,106150.65644059017
2020-05-18,105878.7954,105878.7954,106372.36640093177,106348.99544742913,106371.84229623099,105139.7571,104635.20673142858,103828.01618751191,106270.74964533327,106275.59632000006,105962.91003006662,106194.21837427634
2020-05-19,105879.7193,105878.7954,106276.78051225201,106283.29583589698,106276.66833412371,106127.0794,106767.43907142858,103717.99440393176,106370.30876999996,106378.22027000002,106034.78932682272,106229.46464423988
2020-05-20,107409.3968,105879.7193,106294.34087145832,106304.95682730731,106294.24890636968,106466.5668,107628.29064285713,103403.67599383235,106356.41266066654,106351.88230000004,106054.04919235517,106238.47289344302
2020-05-21,108206.5057,107409.3968,107781.68474750088,107813.44421709287,107781.24529690525,108233.4998,112158.68112857142,104281.77495610024,107812.45353533344,107802.24310800005,108269.91007753673,107965.26927665435
2020-05-22,108863.9052,108206.5057,108569.23680577427,108569.65112956868,108568.81423391674,108233.7911,108224.75492857142,104788.27848728462,108426.71305933331,108435.90451199995,108541.5335705678,108512.63258648994
2020-05-23,110017.1553,108863.9052,109194.99900052171,109198.18099461168,109194.74826075172,109328.7808,108984.05702857142,104926.50982676695,109339.00349933337,109376.36553600006,109127.16847291106,109221.45098895203
2020-05-24,110388.193,110017.1553,110300.53690771674,110339.56051004941,110300.50820045546,110300.01198,109482.17794285716,104579.10978405719,110577.87029533336,110573.37741599994,110474.36788451848,110463.93289663375
2020-05-25,110389.7901,110388.193,110720.41840808222,110756.03516482074,110720.51489723279,111036.86,109414.88332857142,105011.15191489483,110775.6698893333,110789.424538,110588.53028939573,110706.74511451658
2020-05-26,110335.469,110389.7901,110784.29798666955,110832.28719940383,110784.43864520773,111036.86,110234.71805714288,104907.80441639038,110755.2144873333,110764.13170800003,110640.31975673512,110742.60714782408
2020-05-27,110464.6318,110335.469,110788.24913015816,110844.4961426911,110788.32026523765,111036.86,109664.3711142857,104901.55864473431,110678.87852199998,110626.990084,110620.12399844361,110714.49955437823
2020-05-28,111009.4318,110464.6318,110864.68318859999,110901.273444487,110864.8644252294,111036.86,111259.49188571428,104987.14155258998,110798.18774533324,110784.43996000002,110649.38226092438,110782.94781691488
2020-05-29,111503.2692,111009.4318,111398.96049813731,111426.56995884221,111398.94427549663,111520.4881,112538.14122857142,105145.39750940363,111199.82010333329,111128.33067999998,111099.62488622636,111242.00498280063
2020-05-30,112856.2934,111503.2692,111903.07701581028,111904.5603193586,111902.84993416208,112079.68563333333,110732.25684285712,105084.23377578954,111822.0802746667,111783.51625599997,111775.8891033064,111834.17656577723
2020-05-31,112966.512,112856.2934,113185.50716419246,113163.53313545903,113185.07389063574,112709.81896923078,118219.28944285713,104538.33321830476,113120.34332199993,113180.75312600001,113232.44880409926,113172.10842051939
2020-06-01,113154.3962,112966.512,113337.35948303678,113282.51975370388,113336.94987591275,113358.2514,113058.90561428572,105386.98829120633,113666.2354126666,113806.92980600001,113303.04080002938,113417.26532213327
2020-06-02,113927.2383,113154.3962,113549.29861026589,113508.19774555734,113548.80777946346,113358.2514,114137.57734285714,105450.04738037538,113730.37412399998,113798.10225000004,113360.83068394748,113533.1341845016
2020-06-03,115288.2774,113927.2383,114298.15654767405,114330.85133904613,114297.87104275078,114360.6527,116723.15124285713,105243.68705575952,114338.73932066665,114496.49161,114323.59188610411,114331.06084860563
2020-06-04,117347.0183,115288.2774,115637.2562652149,115688.10469871969,115636.8591784292,115471.748875,117693.76701428571,104490.95723357015,115756.73152466674,115766.80155399996,115586.61472507704,115677.15031615448
2020-06-05,118344.1549,117347.0183,117665.53137207372,117711.77078242185,117664.86934897522,118270.3395,115063.94532857141,104077.29053649156,118412.09667133333,118468.55452399999,117678.85335749702,117934.2402704174
2020-06-06,119272.9034,118344.1549,118675.36936791759,118722.46728506268,118675.02575967534,119684.9841,122431.61808571429,104503.27360997723,119082.83382799978,119059.57340000002,118883.85734868377,118896.38615391542
2020-06-07,119872.9487,119272.9034,119523.97929447773,119572.95652841752,119524.04918520487,119370.03777272726,122270.72745714286,104407.11994107439,119491.89542,119414.55359000005,119809.1463253211,119624.6660912462
2020-06-08,119872.9487,119872.9487,120166.5833221499,120210.70239932198,120166.63800542915,120209.561,121139.14772857144,104488.19123427712,120216.05643266688,120218.65417399998,120394.41526252023,120273.7246981697
2020-06-09,120332.0833,119872.9487,120260.55584610516,120276.59759413401,120260.4511864309,120209.561,122267.60438571428,104717.80164635963,120236.69967266689,120242.90562599999,120441.09322079916,120318.13016253336
2020-06-10,121338.1209,120332.0833,120753.65694360828,120732.59286044817,120753.12374839303,120721.5604,119447.02837142858,105180.25900306967,120970.9148520001,120981.40098800002,120801.88564845057,120835.13112029961
2020-06-11,122270.5866,121338.1209,121745.80257537696,121680.17944672637,121744.83641382563,122258.9724,121248.88175714287,104856.83904406296,122078.91622799994,122080.55761000003,122405.70832985388,122054.9346681934
2020-06-12,122598.8017,122270.5866,122638.67513232643,122502.76294360276,122637.41310114249,123365.5096,119195.95764285713,105040.45806766849,122949.51523600012,122928.76821000008,123225.88975427157,122892.72264462481
2020-06-13,122629.6987,122598.8017,122933.50597543796,122828.70899085671,122932.83637658034,123365.5096,120479.99945714287,105756.82876332843,122980.46751466679,122892.0672940001,123217.81560351732,123008.99736968028
2020-06-14,122629.6987,122629.6987,122936.38832982167,122823.88625011421,122936.0035801576,123365.5096,118458.90555714285,105796.06996710805,122999.7005000001,122951.01243600008,123106.65386680207,122976.74687230546
2020-06-15,122630.3098,122629.6987,122943.03529003178,122827.5379574714,122942.6872694188,123209.3754,120729.17871428572,105874.02398589795,123005.22632000007,122966.28996800008,123106.65386680207,122979.80604809117
2020-06-16,123286.6151,122630.3098,122998.24788537598,122899.0409591501,122997.79128728215,123209.3754,122611.70404285715,105968.77914690538,123003.20802066672,122971.41074800007,123178.53316355817,123026.92738112499
2020-06-17,124526.417,123286.6151,123641.82050660424,123568.89937476779,123641.18950084047,124462.0697,123736.50538571428,105613.26010728761,123857.25913533347,123960.77914599999,124266.69731535867,123897.61860848665
2020-06-18,126140.9153,124526.417,124807.37802535253,124759.99771580388,124806.74157738163,126135.9542,119284.55465714284,104652.61328504916,125222.31140599986,125248.26103199998,125625.96169092171,125202.75693757513
2020-06-19,126758.6577,126140.9153,126331.3346419837,126308.4519619013,126330.96879260882,126220.61205,120593.74947142857,104281.23754741678,126367.52753866682,126473.407126,127017.61013719763,126564.52987925526
2020-06-20,126820.8693,126758.6577,126925.66712225728,126923.77483357507,126925.7566827242,126220.61205,122593.37165714288,105197.2278058265,126689.25726800004,126882.35284399998,127526.61144033352,127046.54784730288
2020-06-21,126820.8693,126820.8693,126964.21237579233,127001.88407996162,126964.85046942547,126398.8178,123298.70944285716,105260.46351382848,126696.37938199997,126891.44666999999,127483.09000930165,127060.45115708775
2020-06-22,126821.3193,126820.8693,126975.66067215291,127038.36176815811,126976.60311773019,126398.8178,121720.99321428571,105364.69693797466,126728.53493266662,126909.50831000002,127430.4283783711,127065.77502639861
2020-06-23,127756.1187,126821.3193,127044.05297791096,127107.65628102075,127044.80701765421,126398.8178,123019.78902857142,105731.06095016703,126905.90434533323,127019.95466799999,127488.2182622892,127167.25962954773
2020-06-24,128253.9058,127756.1187,127977.38751646991,128036.64843531398,127977.64515593469,127171.0481,121419.47682857144,105078.48023621447,127645.06020133331,127591.24418799994,128314.7435192793,127998.81738530887
2020-06-25,131057.1014,128253.9058,128470.88031712537,128473.49862326332,128470.83285067813,128437.1911,126051.3208,105902.69517619628,128456.65663933329,128311.47896799997,128687.275751389,128539.14367132854
2020-06-26,132036.8656,131057.1014,131145.9725726526,131100.95227969554,131145.0389430317,128724.379,114030.9102,104001.64029353853,129275.81232666674,129144.79343800002,129416.34451875865,129931.0363750403
2020-06-27,132095.2926,132036.8656,132150.0404216519,132020.44798567277,132148.94267103536,128724.379,123888.33484285713,104532.3670014029,129284.86445800007,129155.17862200004,129270.65538880974,130191.9892774942
2020-06-28,132282.1166,132095.2926,132201.65921290676,132065.9594120657,132200.83662013625,128724.379,122947.12578571428,104734.36273237101,129278.5732813334,129142.78492800005,129205.42665462055,130183.31978267322
2020-06-29,132565.5283,132282.1166,132385.22824713212,132277.07879528584,132384.66090728066,128724.379,124094.33305714284,104800.49833368811,129243.60190666674,129126.08400800005,129162.68210667527,130227.78760287595
2020-06-30,133183.6995,132565.5283,132738.383190358,132619.43717640973,132737.41998646708,128724.379,124800.20791428573,105089.88385400633,129374.49532000005,129253.93391799992,129386.79854310756,130460.24367983911
2020-07-01,133594.3511,133183.6995,133505.61029200154,133347.0249335282,133503.78606562925,128724.379,123522.66119999999,105171.74859167583,129341.72669533339,129193.49282599991,129610.89448646648,130766.54870510935
2020-07-02,133598.2702,133594.3511,133787.98585621995,133650.38780838437,133786.50821119855,128724.379,125661.6363,105866.09505301355,129195.7401006667,129049.22291800001,129422.20881494429,130756.1122413318
2020-07-03,135002.3896,133598.2702,133700.19830995056,133507.98373448887,133698.87409050146,128724.379,128093.46105714286,106385.81592146674,129147.08053400008,129015.30480400003,129247.62448855453,130634.22958568117
2020-07-04,135127.9755,135002.3896,134985.07496335232,134819.49108786,134983.89862770482,128724.379,120357.20538571427,104409.78323640068,129104.35356066674,128986.75082800003,129453.02767490162,131125.62410780948
2020-07-05,135697.4648,135127.9755,135136.1823036773,134948.22105491007,135135.29984099482,128724.379,125598.56534285715,106136.69655638757,129101.0880073334,128981.32338600005,129232.76611773841,131094.02505999396
2020-07-06,135780.4265,135697.4648,135691.75278499775,135518.04525067704,135690.8995526039,128724.379,126047.68539999999,105658.20221508047,129109.17386000007,129002.83519800002,129299.18486084706,131308.8013238414
2020-07-07,135577.9718,135780.4265,135802.54020641814,135651.30228779436,135801.88397975432,128724.379,125069.03074285714,106093.36790570548,129249.58876733335,129112.42486799993,129323.84427749249,131408.2451108734
2020-07-08,134957.0356,135577.9718,135606.8770580628,135454.45122765668,135606.16055890985,128724.379,127849.59721428572,106022.2242550178,129207.67841400002,129081.76218399992,129307.38767207292,131323.17243790987
2020-07-09,134197.87,134957.0356,134957.62001276453,134937.45440003928,134957.61018421428,128724.379,126255.81397142856,105333.75668479544,129080.20061733338,128941.59520800001,128554.13326894323,130857.26276210531
2020-07-10,133249.0301,134197.87,134233.04077856394,134280.92072114983,134233.22028294744,128724.379,126759.02975714287,105145.28554510034,129027.34001133338,128911.784052,128396.24910031412,130568.16994426578
2020-07-11,133212.5438,133249.0301,133278.82963786562,133323.40291882536,133279.04769815048,128724.379,124737.9857,104756.33520843483,128782.67403333336,128585.49911800002,128377.89887635825,130161.32527617231
2020-07-12,133212.5438,133212.5438,133202.98588243034,133235.62774018725,133203.28702345208,128724.379,124365.58529999999,105922.56991843501,128858.59732933338,128608.27634800004,128368.11445660025,130154.11317537364
2020-07-13,133212.284,133212.5438,133189.78175880312,133182.62065210677,133189.8385186331,128724.379,124336.36554285714,105955.16255969439,128896.8201466667,128744.28641800005,128372.30440045094,130150.5817330748
2020-07-14,132777.8289,133212.284,133175.6064227447,133171.85188814602,133175.42707921847,128724.379,125192.06811428572,106175.49467131759,129001.23972133333,128855.68658199995,128409.73493324764,130194.27551424231
2020-07-15,132482.7499,132777.8289,132725.3083959548,132750.51872666483,132724.89161523155,128724.379,126340.59514285714,106002.33194800674,128931.25474933335,128780.95458999995,128338.77282857404,130006.84876819076
2020-07-16,132356.4455,132482.7499,132376.51020155224,132441.75159597388,132376.0833257165,128724.379,125682.26014285714,106428.08453876409,128897.01270266672,128719.51323000004,128188.48081491613,129842.41503785225
2020-07-17,132323.6829,132356.4455,132184.07132848588,132346.09405597893,132184.1913935581,128724.379,124350.62395714283,106823.2883120117,128863.72075133336,128706.47310600003,128017.85604996778,129742.55695242668
2020-07-18,131672.4137,132323.6829,132127.31607323204,132317.28357084468,132127.82589995035,128724.379,124349.76957142857,106887.96593993637,128889.77179199998,128757.88149000001,128035.96996475293,129747.6751091992
2020-07-19,131365.8459,131672.4137,131473.52142563084,131685.42675922927,131474.22577779109,128724.379,123714.87767142858,105842.25632218723,128826.60010933335,128686.92262000006,127751.24496978187,129421.09061278151
2020-07-20,131365.8159,131365.8459,131151.6836826919,131352.483698284,131152.2274927711,128724.379,125058.62932857142,106656.64302204309,128835.26758600002,128663.62157800006,127899.56356043286,129362.4382815723
2020-07-21,131368.6838,131365.8159,131143.83321186225,131297.0114170759,131143.9795188236,128724.379,124416.36889999999,106872.57718738694,128990.32159133336,128862.43089599993,127944.15144685617,129410.4948184218
2020-07-22,130924.417,131368.6838,131143.82458118425,131229.58875436516,131143.55593262758,128724.379,124793.19428571429,106950.49832668171,128924.38141666666,128740.19446999991,127985.96659011372,129379.97892038185
2020-07-23,130360.912,130924.417,130687.00385881324,130737.61485051272,130686.65402057544,128724.379,123206.38512857143,106423.24407932456,128759.27403933331,128575.92712600002,127781.11406346028,129092.6676511021
2020-07-24,129478.2525,130360.912,130112.77729676024,130120.30068371788,130112.20487061166,128724.379,122892.05468571429,106150.33685844534,128729.90342933334,128543.81215800002,127485.85572047795,128778.6866111764
2020-07-25,129452.5371,129478.2525,129208.60985054675,129261.31838377214,129208.16649759255,128724.379,120698.91738571429,105275.68386663648,128695.51770933335,128526.24694200001,127463.2875893082,128473.37456080457
2020-07-26,129452.5371,129452.5371,129126.5032119482,129179.69302354121,129126.29035253332,128724.379,122119.67148571428,106571.23661630941,128495.91151133331,128279.83759199997,127493.88517212047,128389.82990233165
2020-07-27,129494.2481,129452.5371,129112.72781728972,129128.27256881293,129112.7416522909,128724.379,121595.21264285714,106564.10063190597,128540.01977866664,128375.090494,127503.83151076882,128390.70795274945
2020-07-28,128790.7861,129494.2481,129140.37164391993,129105.95450502538,129140.34064703985,128724.379,120453.35264285713,106546.02638953757,128888.80722199999,128714.42758399993,127732.39378350387,128575.71850350975
2020-07-29,127688.0832,128790.7861,128447.50797991425,128401.19048459745,128447.1816141539,127854.4568,119981.87654285714,105693.56226837181,128195.07540933324,128005.41596000001,126970.12043548712,127855.46210980594
2020-07-30,127212.8915,127688.0832,127355.89151166013,127338.82772651932,127355.26716430004,125184.7838,119072.77929999998,104828.28687295914,126918.01167800011,126830.31526799998,126608.49844318352,126955.11261590097
2020-07-31,126972.0302,127212.8915,126839.64133743373,126845.1845323674,126839.19396436217,125184.7838,118800.41609999999,106040.18685283433,126688.63870800003,126751.96452199995,126547.39133339327,126693.73819125356
2020-08-01,126460.1257,126972.0302,126603.08627261265,126569.32345224544,126602.7671428635,125184.7838,117238.67415714287,106128.41456902637,126196.03487533331,126394.00754600004,126177.81406583052,126314.3907978031
2020-08-02,126460.1257,126460.1257,126103.26687912691,126047.24444393926,126102.6275377672,125184.7838,117034.78057142856,105707.79596655862,125905.59880466654,126013.39644200003,125699.97788551578,125884.27371137385
2020-08-03,126460.1257,126460.1257,126059.27820926832,126015.0837002091,126058.8177553672,125184.7838,120011.22271428572,106039.97527007005,125907.56937266655,126034.29412800002,125863.05974164211,125928.57093817258
2020-08-04,126460.1972,126460.1257,126040.70372028915,126025.89078318319,126040.0931946949,125184.7838,118295.86177142856,106215.92736934239,125990.90259266662,126122.09689000003,125792.45530086869,125936.41622557283
2020-08-05,125774.0659,126460.1972,126027.19559207786,126056.27277187083,126026.47636868189,125184.7838,118661.19747142859,106380.98311863313,126017.47682333323,126134.954046,125799.11425472253,125957.62128330888
2020-08-06,124947.714,125774.0659,125400.4519926838,125459.33772129222,125399.3996498866,123978.8319,118403.22204285713,105619.82243206634,125080.70919399997,125219.25142600003,124551.82985675502,125030.6255906824
2020-08-07,124476.5147,124947.714,124604.8671432948,124641.28891601563,124603.64507413437,123978.8319,117897.33778571429,105357.88679013438,124516.28583999997,124611.54875399999,124089.69005932547,124415.75493844703
2020-08-08,123544.5478,124476.5147,124096.01905245314,124118.81479211988,124095.2946527628,123978.8319,117815.86562857141,105970.76457839683,124279.75876733333,124332.097274,124124.16511823336,124174.24622589552
2020-08-09,123432.7974,123544.5478,123181.03090679512,123162.79048240007,123180.79222175245,122760.7044,119113.99492857142,105030.45143602541,123054.54892400012,123113.94892599998,122962.6139002839,123059.98443556136
2020-08-10,123157.3988,123432.7974,123031.37361512828,123016.375445511,123031.36980012119,122687.5467,118849.03915714286,105912.51153365108,122847.09228866677,122961.16646399997,122991.66663434474,122951.71145617416
2020-08-11,122855.8065,123157.3988,122788.02114316453,122739.27668380941,122787.67374487183,122272.7326,118306.31501428572,105825.43898180408,122816.08036266675,122874.44629399998,122969.30494299793,122841.55399649136
2020-08-12,122688.9143,122855.8065,122473.23328409524,122407.91330544141,122472.5351950909,122272.7326,116693.65019999999,105926.07846799862,122371.28583066675,122351.60780199998,122132.59172782856,122303.9302879789
2020-08-13,122628.8045,122688.9143,122248.81967996364,122193.57573029754,122248.49800491845,121186.6347,117334.55451428572,106106.4685828047,121685.72856733351,121630.25860800002,121960.50856135426,121946.60428632844
2020-08-14,122508.7249,122628.8045,122157.54659497223,122122.19838760013,122157.50748861075,121186.6347,117755.18452857144,106222.02464496772,121711.28504866679,121626.17929,121962.39502971228,121931.95948865973
2020-08-15,122024.2728,122508.7249,122024.66236112136,121999.7287600464,122024.54942183793,122614.4707,116831.97142857143,106146.26281881628,121826.24455200012,121860.637404,121958.1107258108,121928.0280126191
2020-08-16,122022.0808,122024.2728,121585.0749113706,121606.77158943459,121584.8143446343,121915.098,117599.8554857143,105854.26470999363,121702.97383133337,121717.41462600003,122015.8496545276,121775.19835843185
2020-08-17,122022.0808,122022.0808,121538.12020619179,121552.51986817856,121538.34583242855,121915.098,116722.15902857143,106183.02144357856,121780.34549333337,121749.47536400006,122036.7239874204,121789.86311631078
2020-08-18,121759.0647,122022.0808,121552.67265704341,121566.95610893158,121552.97366093463,121915.098,116200.76732857143,106151.01058191978,121794.24385200009,121801.29675800003,121433.23140049762,121598.1437871431
2020-08-19,121738.7276,121759.0647,121332.82466492322,121341.9662061003,121332.69924426629,121286.2663090909,115887.29064285713,106117.2196978041,121406.09342200006,121355.38037800003,121520.67148397004,121422.91037069012
2020-08-20,121695.6258,121738.7276,121306.74597158389,121311.38154889186,121306.3605938782,121286.2663090909,115887.34155714283,106166.43718097347,121221.84112933335,121185.88623200002,121112.78509070499,121215.33592297672
2020-08-21,121444.0999,121695.6258,121255.63757920013,121241.64208683095,121255.24373322308,120822.0069,114939.14482857144,106202.89882142509,121120.86623244452,121048.79844200004,121106.10047840793,121156.20293256112
2020-08-22,121946.1923,121444.0999,121018.73765767567,120967.61852551019,121018.15417325511,122174.8991,115266.84710000001,106039.52778287885,121196.8840324445,121135.21566200005,121089.14333687979,121084.5486316115
2020-08-23,121946.1923,121946.1923,121454.78601583722,121372.03042662497,121454.83260216468,121915.098,118947.8384714286,105507.03690491235,121638.235682,121734.87717400004,122084.18023813394,121698.14878225297
2020-08-24,121946.4256,121946.1923,121506.3070701565,121419.41147757474,121505.96884071268,121915.098,114610.87078571432,106183.33202811645,121605.40039000002,121702.99478400004,122093.36046791403,121706.05744516292
2020-08-25,121741.143,121946.4256,121551.83032369633,121486.69269807823,121551.02323275873,121915.098,115928.7292857143,106158.02943352496,121551.00960133337,121713.76630400002,122069.18394630538,121702.29541523899
2020-08-26,121086.6316,121741.143,121395.59955007,121373.43649090367,121394.42084281368,119520.7763,115670.40402857143,106147.9212666517,120953.20964400003,120997.98299400002,121116.48660180268,121147.71091223547
2020-08-27,118444.7436,121086.6316,120763.46135507585,120749.54761081698,120762.3297147274,120736.7581,118858.28752857144,105549.72194762016,120668.10555016669,120608.05827600004,120734.21947701946,120717.29087933438
2020-08-28,117736.9939,118444.7436,118309.73760306204,118269.86937589957,118307.76958978757,117873.8199,106698.31409571428,104022.34751995042,118088.19727733324,118123.99501000004,118058.95661182403,118139.00775501895
2020-08-29,117248.8005,117736.9939,117568.00373238383,117526.59548333586,117566.2408840626,117071.1531,115384.33752857141,104989.97834403595,117417.35308866657,117391.94335399999,117350.19873291763,117431.38243497333
2020-08-30,117172.7614,117248.8005,117062.87668206966,116975.98358161865,117061.24365502867,116856.10373,112437.0681,104878.16103315634,116788.1482966666,116767.94584199997,117188.30560990107,116984.14582939545
2020-08-31,117165.0869,117172.7614,116939.60740208076,116823.04648770677,116938.51194258296,116856.10373,113001.55357142857,104896.76623767223,116875.40407133331,116873.09703399998,117182.9024528821,116960.45100397406
2020-09-01,116737.0168,117165.0869,116910.77448609266,116802.73178484896,116909.62891177606,116856.10373,114394.96015714286,105063.7594361033,116821.64836400002,116793.80005199996,117041.47242337973,116888.61752407624
2020-09-02,116047.5641,116737.0168,116450.02462014159,116412.44365197516,116448.72817899362,116272.373,114717.17221428572,105364.03843068234,116451.67832933339,116458.12638199996,116600.62434779534,116488.24877636797
