Date,fold,actual,naive_lag_1,linear_regression,selected_model
2011-03-28,1,93829.87101,93827.458,94073.90770429467,94074.10669900624
2011-03-29,1,94370.8536,93829.87101,94180.30372014438,94180.46347089019
2011-03-30,1,94448.05637,94370.8536,94702.3271475147,94702.4244646651
2011-03-31,1,94653.60378,94448.05637,94660.42060319669,94660.46368098911
2011-04-01,1,94748.70053,94653.60378,94790.79453954606,94790.8483853792
2011-04-02,1,94650.25923,94748.70053,94834.34350594405,94834.44482331513
2011-04-03,1,94647.05961,94650.25923,94792.75132857029,94792.89138910423
2011-04-04,1,94644.21383,94647.05961,94897.34934359502,94897.53282210643
2011-04-05,1,94527.56458,94644.21383,94997.64589420187,94997.87511891898
2011-04-06,1,94608.88811,94527.56458,94864.93605703108,94865.16921259697
2011-04-07,1,94605.41406,94608.88811,94939.35760718308,94939.66396468478
2011-04-08,1,94709.64649,94605.41406,94880.90573499432,94881.21273102936
2011-04-09,1,94822.52668,94709.64649,94977.76182997583,94978.05484358458
2011-04-10,1,94826.39937,94822.52668,95133.67524591042,95133.94821033273
2011-04-11,1,94831.50097,94826.39937,95185.97037955625,95186.27586611024
2011-04-12,1,94956.80254,94831.50097,95233.54519697255,95233.96994666055
2011-04-13,1,94960.29664,94956.80254,95393.04709812331,95393.49192197507
2011-04-14,1,95020.92896,94960.29664,95348.54798649297,95349.03657277065
2011-04-15,1,95381.18898,95020.92896,95396.1515273182,95396.6264949752
2011-04-16,1,95365.0207,95381.18898,95784.36351916767,95784.59303326097
2011-04-17,1,95368.30625,95365.0207,95757.28403250375,95757.49487134533
2011-04-18,1,95368.6527,95368.30625,95834.40866152491,95834.68397778754
2011-04-19,1,95246.49381,95368.6527,95904.92766749713,95905.18621665279
2011-04-20,1,95418.57928,95246.49381,95802.83307686784,95803.08639068577
2011-04-21,1,95500.45016,95418.57928,95982.21708939454,95982.62631628574
2011-04-22,1,95620.22583,95500.45016,96504.9559662523,96505.1738392483
2011-04-23,1,95623.12664,95620.22583,96130.26020914207,96130.64587406667
2011-04-24,1,95621.72339,95623.12664,96164.98488022662,96165.40007335946
2011-04-25,1,95622.78149,95621.72339,96241.21123538564,96241.56973729841
2011-04-26,1,95776.68109,95622.78149,96304.00301665739,96304.38589193071
2011-04-27,1,95111.03163,95776.68109,96516.19723820737,96516.53911494915
2011-04-28,1,95152.69532,95111.03163,95791.92877785568,95792.45849714876
2011-04-29,1,95297.22483,95152.69532,95894.370761889,95895.02633609899
2011-04-30,1,95004.45704,95297.22483,96039.47328545991,96040.15605008321
2011-05-01,1,95121.7966,95004.45704,95764.85955581673,95765.55075206558
2011-05-02,1,95124.0956,95121.7966,95997.23644738799,95997.91773817095
2011-05-03,1,95240.8939,95124.0956,96038.37179080582,96039.03677692977
2011-05-04,1,95294.80199,95240.8939,96144.35460543985,96145.04718064933
2011-05-05,1,95453.05242,95294.80199,96210.7908492128,96211.51700218953
2011-05-06,1,95685.73433,95453.05242,96322.9231970002,96323.69851491081
2011-05-07,1,96025.34451,95685.73433,96508.16825914558,96508.946104449
2011-05-08,1,96031.71383,96025.34451,96904.54027095808,96905.30802790594
2011-05-09,1,96034.65076,96031.71383,96924.25300463336,96925.05737332236
2011-05-10,1,96304.7459,96034.65076,96991.40357097719,96992.26656535803
2011-05-11,1,96689.37582,96304.7459,97308.4386713085,97309.16857529781
2011-05-12,1,96912.34888,96689.37582,97670.86817032027,97671.5695512071
2011-05-13,1,97294.16271,96912.34888,97828.52929904028,97829.20854857888
2011-05-14,1,97534.78111,97294.16271,98200.04753141376,98200.6394264701
2011-05-15,1,97554.97737,97534.78111,98408.47642128356,98409.18937470355
2011-05-16,1,97558.96237,97554.97737,98476.17034546235,98476.94965467513
2011-05-17,1,97955.51429,97558.96237,98570.49099372332,98571.3449425437
2011-05-18,1,98173.73868,97955.51429,99032.25879019883,99033.05736060881
2011-05-19,1,98390.97251,98173.73868,99185.35020851993,99186.0991754961
2011-05-20,1,99147.07421,98390.97251,99359.5540544325,99360.38335906756
2011-05-21,1,99536.54374,99147.07421,100104.07618429078,100104.87398712432
2011-05-22,1,99563.87224,99536.54374,100422.95522629315,100423.78461914232
2011-05-23,1,99563.03712,99563.87224,100926.7445635052,100927.51642351918
2011-05-24,1,99565.64933,99563.03712,100543.01893548087,100544.10952735165
2011-05-25,1,100056.8446,99565.64933,100566.06202380023,100567.26533562235
2011-05-26,1,100802.8466,100056.8446,101104.61267745875,101105.81307135367
2011-05-27,1,101189.9369,100802.8466,101855.72451706819,101856.56817927603
2011-05-28,1,101616.0258,101189.9369,102100.89731351168,102101.69912991984
2011-05-29,1,101656.7628,101616.0258,102488.38017336965,102489.2193627274
2011-05-30,1,101664.5908,101656.7628,102538.52335684717,102539.34269159233
2011-05-31,1,102049.6989,101664.5908,102618.55110239281,102619.51730242211
2011-06-01,1,102764.4457,102049.6989,103103.26369489003,103104.12904669138
2011-06-02,1,103334.8563,102764.4457,103816.88909071565,103817.56611623293
2011-06-03,1,104596.2871,103334.8563,104245.57129095653,104246.19101235116
2011-06-04,1,105267.1479,104596.2871,105457.07765448795,105457.54727913335
2011-06-05,1,105331.45,105267.1479,105959.78635854393,105960.22580980301
2011-06-06,1,105331.9624,105331.45,105975.56242119006,105976.20404947708
2011-06-07,1,107421.8398,105331.9624,106071.70903170532,106072.40573171776
2011-06-08,1,107794.6956,107421.8398,108358.49539132194,108358.74144564735
2011-06-09,1,108042.8163,107794.6956,108418.38021096679,108418.61768248686
2011-06-10,1,108365.8096,108042.8163,108601.04633767909,108601.41344138942
2011-06-11,1,108928.4985,108365.8096,108839.7303628464,108840.13587965217
2011-06-12,1,108954.7966,108928.4985,109416.27536186876,109416.67729134274
2011-06-13,1,108953.2407,108954.7966,109508.22281422051,109508.66131366721
2011-06-14,1,109400.187,108953.2407,109734.51327370177,109734.8518460229
2011-06-15,1,109844.6431,109400.187,110108.57392324365,110108.78131148845
2011-06-16,1,110254.4111,109844.6431,110480.28374552904,110480.55794077548
2011-06-17,1,111036.86,110254.4111,110811.61852501435,110812.00824046067
2011-06-18,1,111520.4881,111036.86,111564.82262025581,111565.14679087767
2011-06-19,1,111525.8501,111520.4881,111937.50443864435,111937.9372685533
2011-06-20,1,111533.2855,111525.8501,111931.73810697229,111932.31637805954
2011-06-21,1,111867.5832,111533.2855,112018.77110267541,112019.62679739614
2011-06-22,1,113134.4758,111867.5832,112417.50566830604,112418.2081845083
2011-06-23,1,113424.4606,113134.4758,113714.64243387582,113714.91023225492
2011-06-24,1,113559.2247,113424.4606,113809.82419569942,113810.0309570316
2011-06-25,1,114360.6527,113559.2247,113837.6198330919,113838.01679346763
2011-06-26,1,114497.0793,114360.6527,114669.07688325598,114669.33371518359
2011-06-27,1,114498.3641,114497.0793,114782.98690072261,114783.23431111709
2011-06-28,1,115530.8409,114498.3641,114881.68767291281,114881.86949717146
2011-06-29,1,116759.7585,115530.8409,116066.72323281123,116066.47472895935
2011-06-30,1,120039.8024,116759.7585,117103.25876822553,117102.66841499179
2011-07-01,1,120940.1126,120039.8024,120701.00885449683,120699.76634410926
2011-07-02,1,120962.2971,120940.1126,120619.36196186405,120618.27831383693
2011-07-03,1,121563.2712,120962.2971,120393.26778002184,120392.70895220248
2011-07-04,1,121564.1054,121563.2712,121100.49283144841,121100.08199268846
2011-07-05,1,123131.8622,121564.1054,121240.40868042971,121239.8985959222
2011-07-06,1,124462.0697,123131.8622,123067.79408677103,123066.74840749237
2011-07-07,1,126135.9542,124462.0697,124332.63478564205,124331.58041505356
2011-07-08,1,127064.6259,126135.9542,125610.04369943155,125608.68334565671
2011-07-09,1,127892.9967,127064.6259,126195.66648608231,126194.43792158127
2011-07-10,1,127910.5407,127892.9967,126950.9358358107,126949.80631932136
2011-07-11,1,127915.577,127910.5407,126902.6209214651,126901.74389542172
2011-07-12,1,128437.1911,127915.577,127123.22946037614,127122.43687191117
2011-07-13,1,128914.697,128437.1911,127757.22763480843,127756.23776495739
2011-07-14,1,128904.7008,128914.697,128204.56461049974,128203.78507635713
2011-07-15,1,129007.9128,128904.7008,128050.21706941442,128049.51253770392
2011-07-16,1,129553.4505,129007.9128,128134.39026671203,128133.67687634505
2011-07-17,1,129550.3504,129553.4505,128664.25997939015,128663.65284632705
2011-07-18,1,129541.9663,129550.3504,128647.69345240222,128647.14187754263
2011-07-19,1,129888.2299,129541.9663,128712.09312045899,128711.62823461609
2011-07-20,1,129757.3521,129888.2299,129066.41251150504,129065.84731503537
2011-07-21,1,129634.3424,129757.3521,128814.72191634288,128814.25546078474
2011-07-22,1,129363.388,129634.3424,128671.48238398407,128671.30478716994
2011-07-23,1,128724.379,129363.388,128447.8707378093,128447.58395174022
2011-07-24,1,128601.8437,128724.379,127866.47106622459,127865.9277628913
2011-07-25,1,128589.0717,128601.8437,127895.40010944167,127894.78653312915
2011-07-26,1,127854.4568,128589.0717,127960.30638710913,127959.395578112
2011-07-27,1,127055.7749,127854.4568,127219.65000795244,127218.36817585613
2011-07-28,1,126137.6298,127055.7749,126482.5709083647,126481.22538580696
2011-07-29,1,125184.7838,126137.6298,125624.78144792032,125623.43204433862
2011-07-30,1,123738.7722,125184.7838,124733.63474137295,124733.07421159983
2011-07-31,1,123723.2451,123738.7722,123442.48620396592,123442.02221163342
2011-08-01,1,123721.1389,123723.2451,123615.46268539029,123614.69635679742
2011-08-02,1,123720.4352,123721.1389,123570.56786792647,123569.61207851328
2011-08-03,1,122760.7044,123720.4352,123515.64919302994,123514.30994285506
2011-08-04,1,121690.8823,122760.7044,122427.45635060454,122426.34747555741
2011-08-05,1,120757.3289,121690.8823,121331.20376212777,121330.42379623241
2011-08-06,1,120142.891,120757.3289,120405.58506852748,120405.26456830249
2011-08-07,1,120020.0878,120142.891,119902.59355840847,119902.57263493628
2011-08-08,1,119999.3146,120020.0878,119791.32894387495,119791.47406586507
2011-08-09,1,119219.8881,119999.3146,119715.34297173371,119715.26797315247
2011-08-10,1,118509.0077,119219.8881,118805.74422157534,118805.50132721914
2011-08-11,1,117985.6101,118509.0077,118068.97390412158,118068.85680457007
2011-08-12,1,117071.1531,117985.6101,117536.59672288902,117536.5745834253
2011-08-13,1,116838.4246,117071.1531,116648.0298608951,116647.8723409872
2011-08-14,1,116813.7901,116838.4246,116518.33805769177,116518.24262323036
2011-08-15,1,116809.2508,116813.7901,116495.04485400634,116495.07972827436
2011-08-16,1,116437.5716,116809.2508,116453.21616110508,116453.21244845501
2011-08-17,1,115843.7032,116437.5716,116064.01817353211,116063.93514368232
2011-08-18,1,115498.6331,115843.7032,115462.45173551099,115462.46268206919
2011-08-19,1,115072.466,115498.6331,115139.85085191674,115139.8406810338
2011-08-20,1,114591.8322,115072.466,114785.60589663978,114785.6199592921
2011-08-21,1,114573.8331,114591.8322,114382.9289043169,114383.00234440701
2011-08-22,1,114573.905,114573.8331,114427.21550049966,114427.3161427356
2011-08-23,1,114144.1737,114573.905,114457.6455223467,114457.66940428055
2011-08-24,1,113614.8658,114144.1737,114050.79189505185,114050.83301952654
2011-08-25,1,112931.6215,113614.8658,113521.37580981136,113521.49723952926
2011-08-26,1,113003.0399,112931.6215,112826.94046811425,112827.07201085532
2011-08-27,1,112502.4485,113003.0399,112940.25580866676,112940.41613064117
2011-08-28,1,112496.9876,112502.4485,112429.65338430471,112429.82563592521
2011-08-29,1,112494.9057,112496.9876,112417.55852417607,112417.71841314103
2011-08-30,1,112226.8534,112494.9057,112435.68491839942,112435.8153773314
2011-08-31,1,111961.3313,112226.8534,112183.85976009721,112183.99736407555
2011-09-01,1,109690.6311,111961.3313,111934.06984405429,111934.2812069227
2011-09-02,1,108910.3541,109690.6311,109580.46116755168,109580.91006646967
2011-09-03,1,108810.147,108910.3541,108958.44889733414,108959.06866912013
2011-09-04,1,108806.2489,108810.147,108936.85763255453,108937.48546012043
2011-09-05,1,108807.1774,108806.2489,109381.51109561759,109381.897710716
2011-09-06,1,108796.7489,108807.1774,108887.91114072906,108888.40875892722
2011-09-07,1,106621.8172,108796.7489,108819.36039694608,108819.8308049058
2011-09-08,1,105924.5817,106621.8172,106463.31728701528,106463.84160987966
2011-09-09,1,105672.7065,105924.5817,106002.50427838176,106003.42380825138
2011-09-10,1,105183.1947,105672.7065,105804.97078489805,105805.85453560398
2011-09-11,1,105166.7843,105183.1947,105259.60490099262,105260.42478149114
2011-09-12,1,105168.2154,105166.7843,105268.39765436295,105269.19222194214
2011-09-13,1,105208.4939,105168.2154,105221.36584810576,105222.09483108741
2011-09-14,1,104959.6943,105208.4939,105183.07383491377,105183.71321593075
2011-09-15,1,104497.2603,104959.6943,104972.34306465558,104972.78731976793
2011-09-16,1,104012.6724,104497.2603,104457.8028737418,104458.19988101174
2011-09-17,1,103887.8534,104012.6724,103966.42222833617,103966.8635627644
2011-09-18,1,103889.0868,103887.8534,103916.2395202349,103916.70747814825
2011-09-19,1,103892.8034,103889.0868,103933.53648404415,103933.96373435303
2011-09-20,1,103769.1824,103892.8034,103952.27110999836,103952.69992012568
2011-09-21,1,102767.5074,103769.1824,103819.01375551734,103819.16820736544
2011-09-22,1,102220.0244,102767.5074,102742.64569355744,102742.82597844383
2011-09-23,1,101924.0082,102220.0244,102238.42449116142,102238.74100617434
2011-09-24,1,101501.8606,101924.0082,101983.40451700549,101983.68456536898
2011-09-25,1,101501.0821,101501.8606,101631.16959161399,101631.51409161682
2011-09-26,1,101502.3233,101501.0821,101688.31427070843,101688.67398881826
2011-09-27,1,101411.1605,101502.3233,101707.56006487648,101707.9537626158
2011-09-28,1,100893.5611,101411.1605,101608.02673775793,101608.43969293873
2011-09-29,1,100616.0131,100893.5611,101110.52774828393,101111.02805281851
2011-09-30,1,100422.459,100616.0131,100888.66710553218,100889.23784686186
2011-10-01,1,100391.339,100422.459,100550.70734448936,100551.20045081085
2011-10-02,1,100086.2183,100391.339,100542.96978501881,100543.45455870657
2011-10-03,1,100088.1928,100086.2183,100277.76199257407,100278.2597967952
2011-10-04,1,99678.3372,100088.1928,100348.40271601063,100348.93545105557
2011-10-05,1,99220.9043,99678.3372,99940.31683778255,99940.77703399256
2011-10-06,1,98669.29095,99220.9043,99531.89143515241,99532.43102446204
2011-10-07,1,98501.77849,98669.29095,98827.07054395767,98827.57305903193
2011-10-08,1,98092.41532,98501.77849,98653.47366972726,98653.92768596523
2011-10-09,1,98074.78982,98092.41532,98241.63013916358,98242.07534087893
2011-10-10,1,98075.72633,98074.78982,98743.60507694243,98743.87143599249
2011-10-11,1,98078.59929,98075.72633,98277.70964976498,98278.12102869898
2011-10-12,1,97923.43627,98078.59929,98270.34090345178,98270.71427559725
2011-10-13,1,97698.25472,97923.43627,98078.47283211393,98078.871071759
2011-10-14,1,97523.69422,97698.25472,97831.03416983472,97831.46725705074
2011-10-15,1,97385.00439,97523.69422,97633.67094302479,97634.11012644783
2011-10-16,1,97392.8947,97385.00439,97537.55114805157,97537.95663679327
2011-10-17,1,97392.44205,97392.8947,97606.03906943639,97606.44020490597
2011-10-18,1,97174.9272,97392.44205,97642.96736343745,97643.32568290771
2011-10-19,1,96864.47661,97174.9272,97419.02222048966,97419.3658745459
2011-10-20,1,96740.52411,96864.47661,97096.6618331651,97097.01406641267
2011-10-21,1,96349.06732,96740.52411,96904.18812569576,96904.53643390424
2011-10-22,1,96155.57064,96349.06732,96477.17572793404,96477.47886462232
2011-10-23,1,96161.09982,96155.57064,96342.83831899766,96343.16283109496
2011-10-24,1,96161.57871,96161.09982,96381.17163162795,96381.47664338097
2011-10-25,1,96035.38344,96161.57871,96400.18261004827,96400.49245642617
2011-10-26,1,95990.62257,96035.38344,96267.91440238472,96268.25009170575
2011-10-27,1,95853.24186,95990.62257,96204.23416563684,96204.59788209586
2011-10-28,1,95743.06329,95853.24186,95988.54286294905,95988.88043104348
2011-10-29,1,95714.54642,95743.06329,95886.64987149864,95886.99536517654
2011-10-30,1,95717.41318,95714.54642,95906.3121072672,95906.66113320137
2011-10-31,1,95716.97579,95717.41318,95968.87716456022,95969.22663180219
2011-11-01,1,95610.93975,95716.97579,95969.56552949765,95969.87809724122
2011-11-02,1,95406.60328,95610.93975,95872.99649706371,95873.31649127825
2011-11-03,1,95165.11266,95406.60328,95610.76012390859,95611.10135166382
2011-11-04,1,95073.97071,95165.11266,95322.61496162903,95322.93748643881
2011-11-05,1,95026.39282,95073.97071,95214.19083583477,95214.47983124867
2011-11-06,1,95024.68225,95026.39282,95195.78612062836,95196.05575999191
2011-11-07,1,95038.86775,95024.68225,95211.67405545166,95211.91348250836
2011-11-08,1,94749.35717,95038.86775,95247.9940267213,95248.21775227526
2011-11-09,1,94692.1818,94749.35717,94938.22806180325,94938.48872764423
2011-11-10,1,94684.8118,94692.1818,94877.93736728751,94878.24550880016
2011-11-11,1,94638.60997,94684.8118,94835.095286248,94835.40537443254
2011-11-12,1,94671.98526,94638.60997,94764.22882559193,94764.51876588681
2011-11-13,1,94676.57373,94671.98526,94823.25654377652,94823.52699292035
2011-11-14,1,94724.13745,94676.57373,94862.83208310536,94863.0857542398
2011-11-15,1,94491.88769,94724.13745,94943.8646455119,94944.11219500253
2011-11-16,1,94418.48636,94491.88769,94718.54670952338,94718.83074328744
2011-11-17,1,94150.78238,94418.48636,94622.11977918628,94622.4157414161
2011-11-18,1,94054.96801,94150.78238,94289.21828666034,94289.51757026017
2011-11-19,1,94046.85523,94054.96801,94208.90495469906,94209.21021651736
2011-11-20,1,94047.91911,94046.85523,94209.02929840448,94209.29604938212
2011-11-21,1,94046.91328,94047.91911,94239.8483190738,94240.09075344546
2011-11-22,1,93973.07583,94046.91328,94258.80069634359,94259.00351908016
2011-11-23,1,93923.1818,93973.07583,94182.20107586036,94182.43693798818
2011-11-24,1,93588.46468,93923.1818,94082.14645985179,94082.40123591553
2011-11-25,1,93672.86933,93588.46468,93704.96094941474,93705.26342927782
2011-11-26,1,93360.12812,93672.86933,93812.81699592857,93813.13242167853
2011-11-27,1,93360.12812,93360.12812,93501.5953064168,93501.89274336507
2011-11-28,1,93363.68306,93360.12812,93584.00422359875,93584.32302247819
2011-11-29,1,93283.09831,93363.68306,93616.57753510943,93616.86798932609
2011-11-30,1,93122.69898,93283.09831,93521.6831861156,93521.99312539473
2011-12-01,1,93356.90546,93122.69898,93292.74213720355,93293.03561644648
2011-12-02,1,93098.82484,93356.90546,93505.78825235012,93506.09092364236
2011-12-03,1,92998.93022,93098.82484,93164.77625535266,93165.03053940894
2011-12-04,1,93000.7642,92998.93022,93136.47607113488,93136.75992788037
2011-12-05,1,93001.82211,93000.7642,93196.18572362326,93196.4580362683
2011-12-06,1,92543.78301,93001.82211,93226.06473323036,93226.33078127772
2011-12-07,1,92217.92149,92543.78301,92744.62318283108,92744.94822713455
2011-12-08,1,92208.59448,92217.92149,92405.27003037337,92405.62603364504
2011-12-09,1,92141.80298,92208.59448,92350.87087132706,92351.23089010369
2011-12-10,1,92097.03201,92141.80298,92281.03726125095,92281.3451192319
2011-12-11,1,92099.3776,92097.03201,92270.22587372012,92270.50547362656
2011-12-12,1,92100.97817,92099.3776,92311.67011728787,92311.95259948607
2011-12-13,1,92049.85339,92100.97817,92332.15875490791,92332.42895728408
2011-12-14,1,92048.26278,92049.85339,92298.93463252873,92299.25094603498
2011-12-15,1,91716.60798,92048.26278,92258.10747471887,92258.49559150547
2011-12-16,1,91681.82509,91716.60798,91858.77748724743,91859.15755414456
2011-12-17,1,91574.99086,91681.82509,91830.45864203967,91830.83461021213
2011-12-18,1,91578.65992,91574.99086,91749.1127966201,91749.46950604141
2011-12-19,1,91577.61665,91578.65992,91813.0423419576,91813.39393925706
2011-12-20,1,91352.10042,91577.61665,91843.43068847923,91843.72423481179
2011-12-21,1,91375.13479,91352.10042,91602.59952116583,91602.88659111311
2011-12-22,1,91406.26258,91375.13479,91593.69603794234,91594.01597565676
2011-12-23,1,91314.10448,91406.26258,91595.24206306104,91595.57641703411
2011-12-24,1,91052.70215,91314.10448,91466.0260174693,91466.30508727864
2011-12-25,1,91054.42995,91052.70215,91707.66869218685,91707.81951472498
2011-12-26,1,91054.30459,91054.42995,91765.27879262384,91765.4311308534
2011-12-27,1,91054.54493,91054.30459,91329.35417807661,91329.68293487956
2011-12-28,1,91055.93463,91054.54493,91336.19694467682,91336.56589937018
2011-12-29,1,91052.88969,91055.93463,91290.53534394962,91290.85178917566
2011-12-30,1,91019.30103,91052.88969,91236.00621107004,91236.26712701711
2011-12-31,1,91256.38626,91019.30103,91192.0816644852,91192.4025679129
2012-01-01,1,91259.34019,91256.38626,92108.0863669932,92108.35828262105
2012-01-02,1,91260.84293,91259.34019,92127.6076510966,92127.86754877228
2012-01-03,1,91259.96716,91260.84293,91706.09220010994,91706.53155042791
2012-01-04,1,91364.42334,91259.96716,91706.88715735114,91707.37080599437
2012-01-05,1,91577.62226,91364.42334,91739.6553163336,91740.15141888094
2012-01-06,1,91689.258,91577.62226,91868.30012049293,91868.77893398973
2012-01-07,1,91869.74454,91689.258,91950.95590155799,91951.38197524003
2012-01-08,1,91870.79161,91869.74454,92113.10131476585,92113.52664180662
2012-01-09,1,91873.15794,91870.79161,92138.842913283,92139.28180857224
2012-01-10,1,91806.94409,91873.15794,92185.32351714345,92185.79938343285
2012-01-11,1,91778.48234,91806.94409,92135.98593102933,92136.48555598668
2012-01-12,1,91918.63839,91778.48234,92090.06236974333,92090.5636349783
2012-01-13,1,91873.21388,91918.63839,92187.49418053385,92187.9870492273
2012-01-14,1,91892.01316,91873.21388,92107.14823279025,92107.57905282821
2012-01-15,1,91893.77339,91892.01316,92145.88562570777,92146.30577403906
2012-01-16,1,91893.41509,91893.77339,92196.54704489134,92196.9481764965
2012-01-17,1,91890.5461,91893.41509,92224.91398699676,92225.34955729533
2012-01-18,1,92051.57577,91890.5461,92216.33177471271,92216.82404572958
2012-01-19,1,92048.36856,92051.57577,92348.22830400098,92348.67239561184
2012-01-20,1,92320.12243,92048.36856,92250.81240549764,92251.28004523418
2012-01-21,1,92422.49077,92320.12243,92518.40576763803,92518.86504396456
2012-01-22,1,92404.86306,92422.49077,92609.2294072529,92609.62958422094
2012-01-23,1,92408.15144,92404.86306,92626.07521569189,92626.39742794522
2012-01-24,1,92316.49025,92408.15144,92667.23918087244,92667.56134885701
2012-01-25,1,92277.71715,92316.49025,92582.32295643206,92582.63080293643
2012-01-26,1,92209.1276,92277.71715,92507.52416417463,92507.83132767619
2012-01-27,1,92263.39816,92209.1276,92418.82125300806,92419.07428398376
2012-01-28,1,92157.95877,92263.39816,92449.23317161584,92449.42647268293
2012-01-29,1,92165.44005,92157.95877,92357.42115553234,92357.54404745219
2012-01-30,1,92165.4786,92165.44005,92424.97762830062,92425.14825447826
2012-01-31,1,92075.20161,92165.4786,92453.63434205951,92453.78419629068
2012-02-01,1,91779.06165,92075.20161,92337.14667781141,92337.30865617066
2012-02-02,1,91579.23217,91779.06165,91996.23345515701,91996.40487528198
2012-02-03,1,91396.2191,91579.23217,91778.20947220258,91778.45416875831
2012-02-04,1,91335.70957,91396.2191,91584.71475860468,91585.01133687468
2012-02-05,1,91343.5422,91335.70957,91573.75387518805,91574.05599565689
2012-02-06,1,91344.26134,91343.5422,91622.5774592275,91622.90490963652
2012-02-07,1,91232.49395,91344.26134,91636.92529979744,91637.22415607586
2012-02-08,1,91200.6347,91232.49395,91498.18525770752,91498.48565193026
2012-02-09,1,91561.7795,91200.6347,91438.94212834071,91439.23526813589
2012-02-10,1,91564.13095,91561.7795,91750.74249057427,91751.02938142639
2012-02-11,1,91599.83413,91564.13095,91685.78444247112,91686.06409867555
2012-02-12,1,91600.25112,91599.83413,91743.05362694574,91743.30273970988
2012-02-13,1,91601.50609,91600.25112,91780.13701788528,91780.37347893351
2012-02-14,1,91542.47339,91601.50609,91811.13092468407,91811.35283818284
2012-02-15,1,91495.50006,91542.47339,91765.08717034195,91765.2625574207
2012-02-16,1,91382.46338,91495.50006,91712.35846228612,91712.46733598376
2012-02-17,1,91346.86652,91382.46338,91520.5583488339,91520.66720453561
2012-02-18,1,91133.67392,91346.86652,91484.4828219338,91484.56988329983
2012-02-19,1,91142.81249,91133.67392,91289.6714752998,91289.84307364088
2012-02-20,1,91142.93864,91142.81249,91840.65804233582,91840.69942533283
2012-02-21,1,91133.97017,91142.93864,91410.34377498699,91410.55417813803
2012-02-22,1,91152.90652,91133.97017,91395.76556685689,91396.00289293333
2012-02-23,1,91176.05019,91152.90652,91360.59104046736,91360.90249857187
2012-02-24,1,91115.94366,91176.05019,91338.40023726498,91338.7255078998
2012-02-25,1,91060.02579,91115.94366,91267.25780415445,91267.55906089024
2012-02-26,1,91057.19928,91060.02579,91271.8842369761,91272.21837679845
2012-02-27,1,91059.37728,91057.19928,91330.11834983763,91330.44732445646
2012-02-28,1,90876.88377,91059.37728,91377.37661863136,91377.71522169703
2012-02-29,1,90850.27962,90876.88377,91190.7506569537,91191.12444427107
2012-03-01,1,90848.62386,90850.27962,91124.62436360362,91125.00880514017
2012-03-02,1,90845.3493,90848.62386,91058.35390273805,91058.72219266587
2012-03-03,1,90856.7054,90845.3493,91036.36726651661,91036.6790160067
2012-03-04,1,90809.92313,90856.7054,91089.35122613606,91089.58476049475
2012-03-05,1,90820.74468,90809.92313,91092.9918231021,91093.19313129758
2012-03-06,1,90719.8663,90820.74468,91143.56584350893,91143.77115614947
2012-03-07,1,90832.95179,90719.8663,91042.99690567108,91043.24289534651
2012-03-08,1,90855.20446,90832.95179,91129.64100395005,91129.87115643237
2012-03-09,1,90857.26815,90855.20446,91091.43905914197,91091.63447796181
2012-03-10,1,90811.7588,90857.26815,91070.01555013632,91070.31239859774
2012-03-11,1,90820.3989,90811.7588,91060.72191885824,91061.01048980161
2012-03-12,1,90838.01342,90820.3989,91141.372910261,91141.68251926535
2012-03-13,1,90951.78472,90838.01342,91205.1833918249,91205.48549597956
2012-03-14,1,91074.02691,90951.78472,91333.93924402211,91334.27117919583
2012-03-15,1,91227.33521,91074.02691,91387.07907118984,91387.43601884441
2012-03-16,1,91281.14407,91227.33521,91471.14901603988,91471.53649520907
2012-03-17,1,91317.88447,91281.14407,91485.34605910307,91485.74611684991
2012-03-18,1,91321.83547,91317.88447,91559.9790801262,91560.38576298505
2012-03-19,1,91324.89472,91321.83547,91635.38158942855,91635.73288236115
2012-03-20,1,91806.54232,91324.89472,91701.5205426391,91701.8708176157
2012-03-21,1,91887.38296,91806.54232,92217.9847760662,92218.27571681631
2012-03-22,1,92039.81477,91887.38296,92189.1972684115,92189.49575690509
2012-03-23,1,92051.83789,92039.81477,92279.08308832318,92279.41044894248
2012-03-24,1,92135.43485,92051.83789,92259.4164329758,92259.78034086371
2012-03-25,1,92138.0961,92135.43485,92396.11360595192,92396.46855620226
2012-03-26,1,92140.64845,92138.0961,92476.08543119428,92476.43574652322
2012-03-27,1,92151.49038,92140.64845,92571.3421787292,92571.70094968306
2012-03-28,1,92139.22156,92151.49038,92560.42377273338,92560.80997434334
2012-03-29,1,92330.18982,92139.22156,92524.82957693284,92525.20723483311
2012-03-30,1,92403.53496,92330.18982,92685.58941346321,92685.94734138151
2012-03-31,1,92616.39754,92403.53496,92737.0827806615,92737.43507788461
2012-04-01,1,92867.64222,92616.39754,92969.71381332663,92970.02548045003
2012-04-02,1,92869.18951,92867.64222,93266.35484760138,93266.64664929779
2012-04-03,1,92846.21313,92869.18951,93271.03615776743,93271.42853134725
2012-04-04,1,93309.57898,92846.21313,93255.83735468706,93256.29827171088
2012-04-05,1,93222.54169,93309.57898,93743.42782325024,93743.80312355817
2012-04-06,1,93535.21372,93222.54169,94019.65406780283,94019.8627748124
2012-04-07,1,93542.09756,93535.21372,93905.52751875544,93905.88756206138
2012-04-08,1,93570.55105,93542.09756,93912.89076813482,93913.21575242313
2012-04-09,1,93570.75138,93570.55105,93997.2181104198,93997.52348784095
2012-04-10,1,93718.11823,93570.75138,94064.328071283,94064.64373938454
2012-04-11,1,93896.51238,93718.11823,94274.42311555197,94274.68618274725
2012-04-12,1,93532.99497,93896.51238,94381.93108123053,94382.19530988303
2012-04-13,1,93607.07328,93532.99497,93996.94807842362,93997.2353770201
2012-04-14,1,93669.53519,93607.07328,94102.20779791789,94102.56477911392
2012-04-15,1,93672.65796,93669.53519,94213.52332107253,94213.89626325681
2012-04-16,1,93690.96861,93672.65796,94288.43460158599,94288.79160895431
2012-04-17,1,93801.45674,93690.96861,94372.29834008498,94372.6423873648
2012-04-18,1,93981.39212,93801.45674,94474.21506622907,94474.62124964729
2012-04-19,1,94299.1047,93981.39212,94581.19936610246,94581.73650791004
2012-04-20,1,94562.32975,94299.1047,94890.27875237996,94890.8491478187
2012-04-21,1,94696.53788,94562.32975,95117.0879035545,95117.64569337617
2012-04-22,1,94805.10755,94696.53788,95261.19346049702,95261.73672986358
2012-04-23,1,94807.59683,94805.10755,95433.3584040049,95433.9215804597
2012-04-24,1,94886.2322,94807.59683,95494.23592460978,95494.82951209047
2012-04-25,1,95199.62993,94886.2322,95615.06058285706,95615.65286412496
2012-04-26,1,95804.19174,95199.62993,95944.84323357965,95945.27720762449
2012-04-27,1,96456.37829,95804.19174,96506.10870931235,96506.38307892483
2012-04-28,1,96801.63924,96456.37829,97080.44115528716,97080.64436047712
2012-04-29,1,97119.78097,96801.63924,97369.14578216265,97369.33876293301
2012-04-30,1,97126.53054,97119.78097,97701.99279891473,97702.26333591939
2012-05-01,1,97469.90487,97126.53054,97711.71928617689,97712.14547471465
2012-05-02,1,97891.8336,97469.90487,98138.5277396308,98138.93359860778
2012-05-03,1,99032.39566,97891.8336,98563.58223088308,98563.88603798856
2012-05-04,1,99771.16528,99032.39566,99669.02493728179,99669.25351806618
2012-05-05,1,100388.3051,99771.16528,100234.25780166437,100234.35006594968
2012-05-06,1,100697.6772,100388.3051,100773.6815510872,100773.88269489212
2012-05-07,1,100706.7059,100697.6772,101047.49672808725,101047.77727483955
2012-05-08,1,101472.8165,100706.7059,101109.20064533033,101109.6194264868
2012-05-09,1,102327.2395,101472.8165,101997.26223346019,101997.58679452988
2012-05-10,1,103160.8008,102327.2395,102842.69357214958,102842.90899944461
2012-05-11,1,103652.391,103160.8008,103520.69071317557,103520.87209235957
2012-05-12,1,104232.2962,103652.391,103887.50383768824,103887.57264219772
2012-05-13,1,104236.4815,104232.2962,104434.41493723835,104434.51556385316
2012-05-14,1,104241.8489,104236.4815,104432.00469069064,104432.20271632356
2012-05-15,1,104655.6845,104241.8489,104592.35275751489,104592.61515833742
2012-05-16,1,105076.9805,104655.6845,105103.82105682038,105103.95808354205
2012-05-17,1,105910.761,105076.9805,105487.65058034637,105487.77236565862
2012-05-18,1,106127.0794,105910.761,106253.95724368206,106253.99585889462
2012-05-19,1,106198.0588,106127.0794,106335.48063625854,106335.63383481228
2012-05-20,1,106201.9456,106198.0588,106370.38965639143,106370.68350145807
2012-05-21,1,106203.3505,106201.9456,106926.42932859091,106926.59849088933
2012-05-22,1,106208.1,106203.3505,106584.33992068132,106584.75715114638
2012-05-23,1,106715.2052,106208.1,106651.0241859781,106651.41367143755
2012-05-24,1,106988.9151,106715.2052,107218.2247253992,107218.4339796888
2012-05-25,1,107410.6429,106988.9151,107356.47070965712,107356.60742121763
2012-05-26,1,107747.0155,107410.6429,107735.69655923203,107735.90371147261
2012-05-27,1,107748.7789,107747.0155,108061.84637019069,108062.08472558002
2012-05-28,1,107744.345,107748.7789,108089.03085968683,108089.2871108216
2012-05-29,1,107925.0808,107744.345,108165.33006197812,108165.635037433
2012-05-30,1,108134.7655,107925.0808,108443.42541203943,108443.55407557836
2012-05-31,1,108226.0339,108134.7655,108630.33282277446,108630.38942534094
2012-06-01,1,108768.9876,108226.0339,108686.78809779993,108686.7205167082
2012-06-02,1,109429.0217,108768.9876,109238.54312919526,109238.5043322126
2012-06-03,1,109428.1121,109429.0217,109873.35807433125,109873.24182757686
2012-06-04,1,109432.6708,109428.1121,109837.2327699708,109837.21050528514
2012-06-05,1,109938.664,109432.6708,109912.32115840731,109912.32148538544
2012-06-06,1,110587.1302,109938.664,110486.8742792569,110486.69233662053
2012-06-07,1,111179.6912,110587.1302,111091.93801078448,111091.71572393003
2012-06-08,1,111582.3232,111179.6912,111621.00536064699,111620.82998556849
2012-06-09,1,112061.6593,111582.3232,111930.11243451523,111930.05506867894
2012-06-10,1,112064.1066,112061.6593,112361.48791940433,112361.4464051055
2012-06-11,1,112068.7449,112064.1066,112372.31648437736,112372.45976272423
2012-06-12,1,112499.9127,112068.7449,112498.62765144942,112498.7583457958
2012-06-13,1,112907.5413,112499.9127,113017.0565418674,113016.99608046324
2012-06-14,1,113484.724,112907.5413,113372.13144827599,113371.991102011
2012-06-15,1,113718.8785,113484.724,113866.22549677256,113866.09692996301
2012-06-16,1,113899.6147,113718.8785,113989.6578814109,113989.81836136212
2012-06-17,1,113904.3556,113899.6147,114145.37501165034,114145.59666656455
2012-06-18,1,113908.4938,113904.3556,114208.97115588108,114209.24122346501
2012-06-19,1,114441.4827,113908.4938,114318.10681580647,114318.4177727405
2012-06-20,1,114997.3811,114441.4827,114917.30180966924,114917.49367889835
2012-06-21,1,116137.8875,114997.3811,115406.45873536354,115406.50806735917
2012-06-22,1,116576.3313,116137.8875,116426.00325697637,116425.98383878218
2012-06-23,1,117036.7954,116576.3313,116663.97583333346,116664.01350292675
2012-06-24,1,117110.1549,117036.7954,117079.16027160837,117079.28367123698
2012-06-25,1,117111.2977,117110.1549,117160.50626017677,117160.74750780246
2012-06-26,1,117517.5525,117111.2977,117270.27158394274,117270.53337440135
2012-06-27,1,118639.0751,117517.5525,117769.8899807905,117769.97110550277
2012-06-28,1,119467.2051,118639.0751,118919.89004332433,118919.66149703393
2012-06-29,1,120366.5511,119467.2051,119519.89569142491,119519.45529879993
2012-06-30,1,121513.3857,120366.5511,120288.39944502784,120287.79002160228
2012-07-01,1,121627.5111,121513.3857,121772.3872460733,121771.51785875791
2012-07-02,1,121628.2132,121627.5111,121293.28585728651,121292.82234640024
2012-07-03,1,121628.6322,121628.2132,121378.46687314146,121378.0921358105
2012-07-04,1,122095.0492,121628.6322,121485.47609600463,121485.03215456272
2012-07-05,1,122920.7985,122095.0492,121980.7783066807,121980.32323196063
2012-07-06,1,123686.1348,122920.7985,122788.48925008895,122787.88701700795
2012-07-07,1,124025.8567,123686.1348,123443.51314293506,123442.84837708804
2012-07-08,1,124029.9217,124025.8567,123610.3022622689,123609.68653528934
2012-07-09,1,124030.3217,124029.9217,123584.99242730538,123584.60064697263
2012-07-10,1,124305.1548,124030.3217,123647.28924503575,123646.97595119389
2012-07-11,1,124445.8137,124305.1548,124012.65995053032,124012.33372474051
2012-07-12,1,124482.7257,124445.8137,124142.02374475772,124141.71327351675
2012-07-13,1,124404.5071,124482.7257,124120.8525518385,124120.59621074406
2012-07-14,1,124168.7877,124404.5071,123985.21968750344,123985.16991243043
2012-07-15,1,124161.9207,124168.7877,123786.38451220482,123786.31287142412
2012-07-16,1,124156.2079,124161.9207,123885.10676800257,123884.96993332925
2012-07-17,1,124268.3268,124156.2079,123948.5007775109,123948.19157561638
2012-07-18,1,124112.2326,124268.3268,124043.4852457169,124043.04676531645
2012-07-19,1,123950.1574,124112.2326,123810.24787268473,123809.88775080498
2012-07-20,1,123812.3409,123950.1574,123606.94655058713,123606.66889673453
2012-07-21,1,123563.8689,123812.3409,123462.77805258584,123462.70662797707
2012-07-22,1,123489.9045,123563.8689,123279.86947542347,123279.74698254168
2012-07-23,1,123487.4608,123489.9045,123293.20449712455,123293.01922300187
2012-07-24,1,122985.6385,123487.4608,123339.94618405917,123339.59168680198
2012-07-25,1,122272.7326,122985.6385,122826.28907100542,122825.72506695468
2012-07-26,1,121586.9298,122272.7326,122135.75354488727,122135.14628831044
2012-07-27,1,120860.1657,121586.9298,121485.56219763702,121485.12349223575
2012-07-28,1,120227.5016,120860.1657,120815.58047622952,120815.20787675581
2012-07-29,1,120221.9788,120227.5016,120273.5081321763,120273.29209993032
2012-07-30,1,120221.291,120221.9788,120327.99696592474,120328.01458169598
2012-07-31,1,119383.7058,120221.291,120280.29133874417,120280.21481830915
2012-08-01,1,118540.422,119383.7058,119352.65256321465,119352.50819982223
2012-08-02,1,117873.8199,118540.422,118502.26674740587,118502.1639450292
2012-08-03,1,117449.5685,117873.8199,117813.9780877447,117814.043486383
2012-08-04,1,117085.9542,117449.5685,117386.90730763462,117387.20413003452
2012-08-05,1,116983.7842,117085.9542,117043.38185367774,117043.89579130488
2012-08-06,1,116979.795,116983.7842,116941.85003782048,116942.42071597755
2012-08-07,1,116975.0566,116979.795,116893.31996993325,116893.75258909051
2012-08-08,1,116272.373,116975.0566,116849.81049666127,116850.13046008507
2012-08-09,1,115647.4083,116272.373,116073.94251709734,116074.31291481381
2012-08-10,1,115329.8751,115647.4083,115460.17335177033,115460.60728211436
2012-08-11,1,114841.342,115329.8751,115184.81211521839,115185.21729080711
2012-08-12,1,114824.5737,114841.342,114739.91533759718,114740.33705617842
2012-08-13,1,114823.7922,114824.5737,114793.09256473545,114793.47188815022
2012-08-14,1,114593.9145,114823.7922,114788.74991000928,114788.98044615904
2012-08-15,1,114479.9537,114593.9145,114505.0159444075,114505.13200913485
2012-08-16,1,114181.0712,114479.9537,114380.94137043493,114381.07574419209
2012-08-17,1,113990.5007,114181.0712,114052.7950059826,114052.93273788146
2012-08-18,1,113796.2915,113990.5007,113879.16336687541,113879.29619143847
2012-08-19,1,113793.955,113796.2915,113759.53834791831,113759.70553951677
2012-08-20,1,113797.8915,113793.955,113818.30733157822,113818.4915933144
2012-08-21,1,113742.1424,113797.8915,113855.71641053262,113855.93410021019
2012-08-22,1,113375.5522,113742.1424,113824.6710077145,113824.86816068871
2012-08-23,1,113235.8786,113375.5522,113407.81404460686,113407.99810938838
2012-08-24,1,113065.3194,113235.8786,113248.9452453863,113249.15771761627
2012-08-25,1,113247.0522,113065.3194,113062.77095343418,113062.93580823639
2012-08-26,1,113226.2844,113247.0522,113271.23968888658,113271.38964493724
2012-08-27,1,113225.6187,113226.2844,113240.34603875296,113240.46703287032
2012-08-28,1,113116.9217,113225.6187,113285.13518129308,113285.27055964345
2012-08-29,1,112879.6303,113116.9217,113189.89651472974,113190.07990715739
2012-08-30,1,112647.0273,112879.6303,112899.46647951056,112899.66946117365
2012-08-31,1,112387.1811,112647.0273,112605.22168289562,112605.42963065395
2012-09-01,1,112159.9696,112387.1811,112316.5007261997,112316.67919616232
2012-09-02,1,112085.4516,112159.9696,112105.54863155387,112105.71930883784
2012-09-03,1,112082.4689,112085.4516,112541.84879135984,112541.8416602407
2012-09-04,1,112083.2866,112082.4689,112098.19506694542,112098.36701037583
2012-09-05,1,111866.7595,112083.2866,112087.57498080998,112087.7247429391
2012-09-06,1,111460.0165,111866.7595,111833.36545770422,111833.54767239754
2012-09-07,1,111021.2923,111460.0165,111352.5107773572,111352.70635101976
2012-09-08,1,109921.3297,111021.2923,110890.565345704,110890.83158588414
2012-09-09,1,109885.493,109921.3297,109816.6006585039,109816.97906662204
2012-09-10,1,109885.0302,109885.493,109901.30043998118,109901.72696661954
2012-09-11,1,109277.4152,109885.0302,109899.17591145344,109899.55045437484
2012-09-12,1,108637.8744,109277.4152,109221.09773547915,109221.47059879688
2012-09-13,1,108258.6342,108637.8744,108529.97698873891,108530.41658943689
2012-09-14,1,107685.3463,108258.6342,108123.4809340653,108123.95738027449
2012-09-15,1,107456.3605,107685.3463,107505.98029505112,107506.45731627726
2012-09-16,1,107447.9146,107456.3605,107373.7133578284,107374.23622014097
2012-09-17,1,107447.1441,107447.9146,107366.71478513487,107367.18095071554
2012-09-18,1,106979.4091,107447.1441,107326.2720096959,107326.68711408207
2012-09-19,1,106931.1542,106979.4091,106817.35996088985,106817.78453213739
2012-09-20,1,105888.9744,106931.1542,106762.38553798333,106762.8102233866
2012-09-21,1,105380.2051,105888.9744,105597.9580306363,105598.37954616465
2012-09-22,1,105110.5057,105380.2051,105180.93086203541,105181.30322764286
2012-09-23,1,105106.4163,105110.5057,104978.03408999684,104978.3404428841
2012-09-24,1,105106.7241,105106.4163,105005.40040053193,105005.7267735358
2012-09-25,1,104296.1329,105106.7241,104987.02633333586,104987.23222991209
2012-09-26,1,103288.1536,104296.1329,104139.07864539261,104139.27160157399
2012-09-27,1,102446.0819,103288.1536,103100.69622133092,103100.98507551625
2012-09-28,1,101762.8341,102446.0819,102321.5778981382,102321.9850406176
2012-09-29,1,100365.691,101762.8341,101691.05884038395,101691.52898692872
2012-09-30,1,100365.5097,100365.691,100329.26553809203,100329.84591270627
2012-10-01,1,100364.2185,100365.5097,100449.89072870309,100450.52339169588
2012-10-02,1,99933.80994,100364.2185,100395.9827351751,100396.4969350751
2012-10-03,1,99206.62834,99933.80994,99920.12238124493,99920.69288878934
2012-10-04,1,98321.81571,99206.62834,99193.90998903319,99194.48134488077
2012-10-05,1,97926.32843,98321.81571,98315.1017654194,98315.7637788185
2012-10-06,1,97624.02236,97926.32843,97966.81144065561,97967.53696592405
2012-10-07,1,97615.64244,97624.02236,97774.21418076092,97775.01744005125
2012-10-08,1,97611.30725,97615.64244,98187.07742361323,98187.63454930873
2012-10-09,1,97611.64358,97611.30725,97701.19866944979,97701.79566385079
2012-10-10,1,97313.83013,97611.64358,97684.13820602155,97684.62611397941
2012-10-11,1,97067.83691,97313.83013,97316.57057122086,97316.97691534307
2012-10-12,1,96884.70816,97067.83691,97052.5058518973,97052.89065656664
2012-10-13,1,96702.45309,96884.70816,96882.54941909255,96882.7650992301
2012-10-14,1,96703.86939,96702.45309,96724.66886851825,96724.88730558382
2012-10-15,1,96702.49565,96703.86939,96782.92562247,96783.14644293756
2012-10-16,1,96450.04824,96702.49565,96822.37327540007,96822.56169932337
2012-10-17,1,96267.35597,96450.04824,96572.31599379487,96572.47051580998
2012-10-18,1,96008.17421,96267.35597,96380.85122357204,96380.9764094075
2012-10-19,1,94962.85659,96008.17421,96135.30938240852,96135.48235604934
2012-10-20,1,94595.94147,94962.85659,95037.11011257154,95037.34888141013
2012-10-21,1,94597.66818,94595.94147,94819.4059446496,94819.77262347938
2012-10-22,1,94598.21053,94597.66818,94921.53529641285,94921.93540986248
2012-10-23,1,94429.26902,94598.21053,94974.22241634964,94974.66733156802
2012-10-24,1,94226.39034,94429.26902,94836.40786644733,94836.91168725537
2012-10-25,1,94220.92986,94226.39034,94577.98220852728,94578.51798619388
2012-10-26,1,94003.69777,94220.92986,94514.64602205684,94515.16235870025
2012-10-27,1,93815.5644,94003.69777,94318.5852237206,94319.14234049653
2012-10-28,1,93780.02821,93815.5644,94184.4086720599,94185.00031160346
2012-10-29,1,93778.59076,93780.02821,94124.54928435376,94125.09529327645
2012-10-30,1,93762.59136,93778.59076,94166.82981759791,94167.36253504368
2012-10-31,1,93627.81039,93762.59136,94164.8781746434,94165.43904321507
2012-11-01,1,93140.14765,93627.81039,93964.62285590227,93965.17964145872
2012-11-02,1,93075.81106,93140.14765,93390.34518382153,93390.78606663403
2012-11-03,1,92937.56542,93075.81106,93319.14563332596,93319.5505900511
2012-11-04,1,92935.49914,92937.56542,93197.76857046282,93198.15503848022
2012-11-05,1,92935.81075,92935.49914,93236.8129684763,93237.18354663864
2012-11-06,1,92948.66424,92935.81075,93261.96314503429,93262.31578508933
2012-11-07,1,92857.15632,92948.66424,93256.20308433067,93256.55318626587
2012-11-08,1,92650.92788,92857.15632,93123.15229357823,93123.53281965594
2012-11-09,1,92559.03101,92650.92788,92893.15613476966,92893.56812863803
2012-11-10,1,92442.9957,92559.03101,92801.99937287965,92802.40103962361
2012-11-11,1,92442.4741,92442.9957,92731.73220609417,92732.135743669
2012-11-12,1,92442.53887,92442.4741,92793.0918532325,92793.49823882781
2012-11-13,1,92422.94706,92442.53887,92836.59714983593,92837.02583085236
2012-11-14,1,92217.44294,92422.94706,92817.17469810043,92817.6255605404
2012-11-15,1,92199.63509,92217.44294,92567.89909782064,92568.32559693976
2012-11-16,1,92177.66785,92199.63509,92545.29045040067,92545.75774236079
2012-11-17,1,91967.82163,92177.66785,92519.51483897358,92519.96075834059
2012-11-18,1,91966.54868,91967.82163,92277.47498785866,92277.8798883568
2012-11-19,1,91966.74842,91966.54868,92325.00886157839,92325.40762213073
2012-11-20,1,91862.07056,91966.74842,92356.36157793339,92356.77128778788
2012-11-21,1,91851.75428,91862.07056,92238.82574698396,92239.25310534674
2012-11-22,1,92420.58746,91851.75428,92198.92404053135,92199.36219347967
2012-11-23,1,92344.15729,92420.58746,92692.19916801993,92692.64143649024
2012-11-24,1,92195.08579,92344.15729,92516.29458300071,92516.7003747803
2012-11-25,1,92195.26232,92195.08579,92408.37288248113,92408.80241708668
2012-11-26,1,92196.16093,92195.26232,92473.90395313661,92474.34108405029
2012-11-27,1,92147.19158,92196.16093,92521.1502507876,92521.59481963424
2012-11-28,1,92097.45783,92147.19158,92503.20927576849,92503.63802160876
2012-11-29,1,92058.96088,92097.45783,92455.73789681421,92456.15603964268
2012-11-30,1,91762.94405,92058.96088,92327.65084971712,92328.03346074847
2012-12-01,1,91652.05629,91762.94405,91969.2628558238,91969.60583487846
2012-12-02,1,91652.5185,91652.05629,91930.95387155961,91931.32449224372
2012-12-03,1,91652.87025,91652.5185,91987.89261359822,91988.25115106345
2012-12-04,1,91399.54119,91652.87025,92019.28000371,92019.62903224619
2012-12-05,1,91129.72312,91399.54119,91746.56866852051,91746.9565741503
2012-12-06,1,91157.16253,91129.72312,91440.29540229101,91440.83697972793
2012-12-07,1,91118.72783,91157.16253,91437.47750157294,91438.02951943343
2012-12-08,1,91158.15753,91118.72783,91380.10817887021,91380.62890567575
2012-12-09,1,91159.49473,91158.15753,91446.91522746051,91447.4153858466
2012-12-10,1,91163.08024,91159.49473,91471.5936786999,91472.07032012522
2012-12-11,1,91159.70777,91163.08024,91494.42060964627,91494.88925118255
2012-12-12,1,91115.79126,91159.70777,91491.84476834288,91492.33597617556
2012-12-13,1,91082.44888,91115.79126,91416.86115825165,91417.38087805067
2012-12-14,1,90905.48097,91082.44888,91340.65803252466,91341.06511351975
2012-12-15,1,90627.25097,90905.48097,91148.01384291853,91148.39526363922
2012-12-16,1,90625.87116,90627.25097,90903.80064723917,90904.18439413687
2012-12-17,1,90627.92897,90625.87116,90987.8288449049,90988.14474315467
2012-12-18,1,90532.83023,90627.92897,91016.31389991689,91016.58221103912
2012-12-19,1,90101.85254,90532.83023,90897.16313235788,90897.4034722358
2012-12-20,2,89592.8644,90101.85254,90110.19886105463,90110.36484700079
2012-12-21,2,89635.92021,89592.8644,89511.44343863883,89511.63123704103
2012-12-22,2,89563.66034,89635.92021,89690.71477390891,89690.9354517376
2012-12-23,2,89580.26324,89563.66034,89667.69409941012,89667.92203983906
2012-12-24,2,89580.2941,89580.26324,89666.90091697066,89667.14075581175
2012-12-25,2,89290.03315,89580.2941,89965.45081519759,89965.62199547066
2012-12-26,2,89289.6606,89290.03315,89602.08277968815,89602.28299199503
2012-12-27,2,89288.70312,89289.6606,89351.70538607806,89352.05838805795
2012-12-28,2,89250.62489,89288.70312,89424.01012374731,89424.38170229149
2012-12-29,2,89200.74098,89250.62489,89379.35958255909,89379.69765500436
2012-12-30,2,89201.30812,89200.74098,89331.96062701111,89332.30187595764
2012-12-31,2,89200.72547,89201.30812,89311.4403273601,89311.79375641665
2013-01-01,2,89166.07331,89200.72547,89638.622122655,89638.8229725945
2013-01-02,2,89166.36452,89166.07331,89375.54421810617,89375.80330873764
2013-01-03,2,89239.48236,89166.36452,89346.77656389595,89346.98786051235
2013-01-04,2,89816.72754,89239.48236,89378.35946408799,89378.58125221072
2013-01-05,2,90003.15642,89816.72754,90071.13674930742,90071.33786594972
2013-01-06,2,90001.14525,90003.15642,90194.78982413224,90194.98135452127
2013-01-07,2,90025.20393,90001.14525,90129.72100700866,90129.93344384762
2013-01-08,2,90238.59581,90025.20393,90191.6294238447,90191.82266512637
2013-01-09,2,90255.18456,90238.59581,90512.55855668157,90512.74556640701
2013-01-10,2,90137.15301,90255.18456,90514.2608876268,90514.43976193326
2013-01-11,2,90135.84259,90137.15301,90384.2917598442,90384.457826553
2013-01-12,2,90238.95481,90135.84259,90324.16101559291,90324.28835057285
2013-01-13,2,90238.89144,90238.95481,90432.71103671247,90432.82825508069
2013-01-14,2,90239.30691,90238.89144,90414.13365340131,90414.25426610015
2013-01-15,2,90243.68778,90239.30691,90458.0526559027,90458.17171292826
2013-01-16,2,90255.44118,90243.68778,90449.29700647235,90449.41311144579
2013-01-17,2,90454.13257,90255.44118,90418.12208037436,90418.26785483316
2013-01-18,2,90824.07658,90454.13257,90634.34606254323,90634.5718868291
2013-01-19,2,90822.4838,90824.07658,91074.05750026391,91074.29122425771
2013-01-20,2,90821.79167,90822.4838,90975.55879278941,90975.7858958694
2013-01-21,2,90821.03481,90821.79167,90955.54572284957,90955.79497252351
2013-01-22,2,91081.99787,90821.03481,90984.31546794233,90984.58910486165
2013-01-23,2,91071.51982,91081.99787,91366.6468604871,91366.90769736862
2013-01-24,2,91168.01302,91071.51982,91311.65505813895,91311.88482789796
2013-01-25,2,91284.37453,91168.01302,91379.55976483099,91379.7721570192
2013-01-26,2,91266.08415,91284.37453,91435.21608985284,91435.40833368705
2013-01-27,2,91266.38434,91266.08415,91404.39504981636,91404.58180888763
2013-01-28,2,91268.01435,91266.38434,91412.80251581545,91412.98632074772
2013-01-29,2,91210.03812,91268.01435,91469.941266026,91470.10410806652
2013-01-30,2,91126.15091,91210.03812,91384.053056802,91384.18403271273
2013-01-31,2,91101.13557,91126.15091,91276.66908749429,91276.81608122795
2013-02-01,2,90925.8804,91101.13557,91205.9827358437,91206.16194990285
2013-02-02,2,90820.84887,90925.8804,90984.28207622324,90984.44281287155
2013-02-03,2,90820.98882,90820.84887,90897.85430256484,90898.03628038376
2013-02-04,2,90820.66053,90820.98882,90906.23496268693,90906.42249384226
2013-02-05,2,90584.80122,90820.66053,90917.36854754301,90917.57458733293
2013-02-06,2,90277.86378,90584.80122,90657.1409471728,90657.34770315286
2013-02-07,2,89797.28018,90277.86378,90293.03964812786,90293.28649294648
2013-02-08,2,89667.96699,89797.28018,89710.90280520434,89711.17314023258
2013-02-09,2,89601.78435,89667.96699,89689.17039022509,89689.44182160433
2013-02-10,2,89595.8385,89601.78435,89664.50366159898,89664.75905722157
2013-02-11,2,89594.05116,89595.8385,89634.17013528793,89634.42231684146
2013-02-12,2,89407.72584,89594.05116,89603.69170889274,89603.94249668406
2013-02-13,2,89152.44127,89407.72584,89394.45574680231,89394.71833474172
2013-02-14,2,88774.11563,89152.44127,89095.03691264332,89095.33518951699
2013-02-15,2,88576.08922,88774.11563,88724.8908080353,88725.19777370799
2013-02-16,2,88583.59573,88576.08922,88585.53764002898,88585.82628714612
2013-02-17,2,88583.27665,88583.59573,88649.19674411899,88649.47502006013
2013-02-18,2,88581.4833,88583.27665,88938.7019607701,88938.88697910958
2013-02-19,2,88579.50251,88581.4833,88597.24926818807,88597.50090135062
2013-02-20,2,88281.97772,88579.50251,88614.56306912897,88614.80220865319
2013-02-21,2,88118.42162,88281.97772,88233.67616682625,88233.89738244205
2013-02-22,2,88009.71581,88118.42162,88111.72736827779,88111.97423453731
2013-02-23,2,87578.70532,88009.71581,88068.03603991328,88068.27582993217
2013-02-24,2,87524.49679,87578.70532,87572.58702382268,87572.81076553275
2013-02-25,2,87516.1749,87524.49679,87574.29207473627,87574.52713051482
2013-02-26,2,86351.58934,87516.1749,87592.63834192214,87592.84935777934
2013-02-27,2,85052.86076,86351.58934,86170.17504459235,86170.34911587808
2013-02-28,2,82045.44012,85052.86076,84807.90569427681,84808.0885546752
2013-03-01,2,97249.90691,82045.44012,81351.8906901638,81352.05496539814
2013-03-02,2,93655.12717,97249.90691,100649.61195877375,100649.5698302797
2013-03-03,2,93647.78627,93655.12717,93286.67103365742,93286.3323056337
2013-03-04,2,93646.9643,93647.78627,93457.34917401182,93457.52028141417
2013-03-05,2,93188.04102,93646.9643,93326.59773028821,93326.93081800493
2013-03-06,2,93152.28205,93188.04102,93258.95184340686,93259.33641389309
2013-03-07,2,95505.66134,93152.28205,94176.75837847994,94177.03042902052
2013-03-08,2,95109.3684,95505.66134,99120.00913600068,99119.9396329279
2013-03-09,2,94848.83347,95109.3684,94490.40196945469,94489.3147526246
2013-03-10,2,94843.60374,94848.83347,94895.74716113276,94895.02358342713
2013-03-11,2,94840.56772,94843.60374,94929.22230903851,94928.57867302698
2013-03-12,2,94613.59299,94840.56772,95021.56228798865,95020.8223025567
2013-03-13,2,95580.13241,94613.59299,95043.05534734779,95042.18536024522
2013-03-14,2,95670.83384,95580.13241,96491.10305220302,96489.83908386098
2013-03-15,2,96507.21383,95670.83384,95546.30847707878,95546.59110580635
2013-03-16,2,96484.42688,96507.21383,96628.74847108053,96628.69733823709
2013-03-17,2,96482.71406,96484.42688,96481.8981177265,96481.875862672
2013-03-18,2,96480.66135,96482.71406,96471.4508029369,96471.46678679285
2013-03-19,2,97163.84998,96480.66135,96554.41586881455,96554.37674120831
2013-03-20,2,97130.21231,97163.84998,97578.21487717358,97578.11335190413
2013-03-21,2,97059.58527,97130.21231,97187.26459087967,97187.32331722381
2013-03-22,2,97038.24092,97059.58527,97124.1513688972,97124.14490441348
2013-03-23,2,96767.22848,97038.24092,96967.25275371717,96967.15282010594
2013-03-24,2,96768.32436,96767.22848,96690.16528897043,96690.04070229463
2013-03-25,2,96769.28332,96768.32436,96786.89278014339,96786.72200003563
2013-03-26,2,96898.31284,96769.28332,96890.25120009517,96889.96874339892
2013-03-27,2,96781.43801,96898.31284,96917.72933967563,96917.44515506693
2013-03-28,2,96760.34274,96781.43801,96716.72331778945,96716.38549950845
2013-03-29,2,100255.8849,96760.34274,96983.12617726641,96982.70693341536
2013-03-30,2,100254.4046,100255.8849,100973.44709968248,100972.88237246448
2013-03-31,2,100258.0402,100254.4046,100200.24855073303,100200.05858621383
2013-04-01,2,100257.5504,100258.0402,100118.79276302908,100118.69948393058
2013-04-02,2,100214.2818,100257.5504,100138.97879140827,100138.9795040043
2013-04-03,2,100412.566,100214.2818,100198.28231831397,100198.23469020345
2013-04-04,2,100352.882,100412.566,100677.66069890562,100677.5112679914
2013-04-05,2,100352.4503,100352.882,100911.52790281676,100911.21320620336
2013-04-06,2,100504.1961,100352.4503,100240.87771947595,100240.38735452692
2013-04-07,2,100506.8193,100504.1961,100445.73765683567,100445.25819263996
2013-04-08,2,100509.8993,100506.8193,100419.80958312949,100419.33633727994
2013-04-09,2,100695.3277,100509.8993,100456.02845442582,100455.56781022376
2013-04-10,2,100885.1496,100695.3277,100746.81971858811,100746.32917680108
2013-04-11,2,101020.0238,100885.1496,100878.72470438588,100878.20768762774
2013-04-12,2,101394.2978,101020.0238,100906.22197425795,100906.13102420827
2013-04-13,2,101550.245,101394.2978,101363.96786546787,101363.86139700712
2013-04-14,2,101550.5672,101550.245,101458.11370909573,101458.02528306637
2013-04-15,2,101552.3243,101550.5672,101431.85073625771,101431.76787206474
2013-04-16,2,101756.1704,101552.3243,101499.7171270193,101499.61621581734
2013-04-17,2,102054.9531,101756.1704,101790.95248815254,101790.83240182638
2013-04-18,2,102176.7361,102054.9531,102094.89151778711,102094.74393946849
2013-04-19,2,102712.2854,102176.7361,102164.25493836691,102164.08124481753
2013-04-20,2,102953.6109,102712.2854,102748.20742593262,102748.00898881807
2013-04-21,2,102951.6329,102953.6109,102924.45964105194,102924.23126531333
2013-04-22,2,102952.8126,102951.6329,102879.3781847437,102879.14324296333
2013-04-23,2,103054.2508,102952.8126,102950.50196029157,102950.25930593896
2013-04-24,2,103428.6488,103054.2508,103130.3898187385,103130.10696433952
2013-04-25,2,103266.6243,103428.6488,103545.06190324893,103544.72603073555
2013-04-26,2,103679.1199,103266.6243,103283.16251836979,103282.80732611439
2013-04-27,2,103995.6013,103679.1199,103748.6810488289,103748.26393740842
2013-04-28,2,103995.9474,103995.6013,103997.04876253063,103996.74815269971
2013-04-29,2,103996.8953,103995.9474,103937.80359188671,103937.51894458465
2013-04-30,2,104266.346,103996.8953,103991.44727878107,103991.19423597182
2013-05-01,2,104725.6893,104266.346,104378.48896564721,104378.255365462
2013-05-02,2,105346.0119,104725.6893,104812.30160274828,104812.05289054234
2013-05-03,2,105791.0204,105346.0119,105509.85317114479,105509.65358004904
2013-05-04,2,106091.7351,105791.0204,105876.70328432176,105876.48931013081
2013-05-05,2,106093.0563,106091.7351,106100.5283727566,106100.30478428441
2013-05-06,2,106094.0128,106093.0563,106056.75256125894,106056.5495833723
2013-05-07,2,106515.5168,106094.0128,106161.65938536788,106161.4556998926
2013-05-08,2,107054.2273,106515.5168,106763.87809981944,106763.65225106891
2013-05-09,2,107623.4404,107054.2273,107329.373340372,107329.06099940866
2013-05-10,2,107739.4556,107623.4404,107804.07254220924,107803.75272679295
2013-05-11,2,108150.3724,107739.4556,107768.73496366008,107768.4267594512
2013-05-12,2,108155.1707,108150.3724,108203.6259456836,108203.33208461251
2013-05-13,2,108157.4551,108155.1707,108165.69308056106,108165.40842678757
2013-05-14,2,108344.5798,108157.4551,108284.61188255125,108284.33925476133
2013-05-15,2,108564.0815,108344.5798,108566.64345175498,108566.35839352534
2013-05-16,2,109068.1292,108564.0815,108742.8281292434,108742.56208701915
2013-05-17,2,109328.7808,109068.1292,109198.4410698011,109198.19181988297
2013-05-18,2,109621.2189,109328.7808,109436.66220395545,109436.42254232729
2013-05-19,2,109621.2162,109621.2189,109671.94726742066,109671.71874747128
2013-05-20,2,109620.7296,109621.2162,109942.85834885064,109942.5676801403
2013-05-21,2,109621.0217,109620.7296,109692.02482654338,109691.8656243674
2013-05-22,2,110230.5746,109621.0217,109756.24056701033,109756.10663700849
2013-05-23,2,110289.9708,110230.5746,110505.20040953069,110505.082031634
2013-05-24,2,110772.7745,110289.9708,110370.11638454297,110369.96814072772
2013-05-25,2,111071.8286,110772.7745,110922.59012549467,110922.45705504484
2013-05-26,2,111071.8286,111071.8286,111148.2456711162,111148.10045576244
2013-05-27,2,111078.353,111071.8286,111089.55977063139,111089.43417358886
2013-05-28,2,111047.9326,111078.353,111165.73063159328,111165.613464965
2013-05-29,2,111075.2143,111047.9326,111248.92805538238,111248.79078014451
2013-05-30,2,111168.969,111075.2143,111196.82114532191,111196.69357750277
2013-05-31,2,111262.3993,111168.969,111327.53154296808,111327.41498520058
2013-06-01,2,111570.3341,111262.3993,111377.66380506742,111377.55856902011
2013-06-02,2,111570.3341,111570.3341,111692.11338449203,111691.99875268596
2013-06-03,2,111587.1502,111570.3341,111623.68708741062,111623.58565161968
2013-06-04,2,112270.4672,111587.1502,111673.68095385302,111673.57912717541
2013-06-05,2,112692.1853,112270.4672,112544.31081641144,112544.24091235203
2013-06-06,2,112711.0014,112692.1853,112901.36792931576,112901.28297530688
2013-06-07,2,112729.8608,112711.0014,112778.10785982819,112778.09229807106
2013-06-08,2,112655.9287,112729.8608,112806.20586914386,112806.24235096836
2013-06-09,2,112655.0205,112655.9287,112706.1469026049,112706.1704776031
2013-06-10,2,112656.4224,112655.0205,112778.53287074226,112778.56338041964
2013-06-11,2,112585.9937,112656.4224,112917.92895681162,112917.91172658009
2013-06-12,2,112467.3844,112585.9937,112804.93545862683,112804.85932707175
2013-06-13,2,112508.8946,112467.3844,112582.91242436889,112582.84131328807
2013-06-14,2,112873.3875,112508.8946,112614.94664125374,112614.89894099209
2013-06-15,2,112709.0125,112873.3875,113038.8993987273,113038.88979577045
2013-06-16,2,112709.0415,112709.0125,112797.38492683346,112797.38921902339
2013-06-17,2,112713.6538,112709.0415,112810.37985876121,112810.42148476306
2013-06-18,2,112792.1429,112713.6538,112830.32436555775,112830.44173472126
2013-06-19,2,112990.7184,112792.1429,112964.30004132456,112964.45317169496
2013-06-20,2,113229.7676,112990.7184,113200.98653680657,113201.12846919333
2013-06-21,2,113413.7342,113229.7676,113420.52474825726,113420.67410820194
2013-06-22,2,113547.2781,113413.7342,113528.12662878615,113528.24761548014
2013-06-23,2,113557.5216,113547.2781,113684.90099681304,113685.05121791415
2013-06-24,2,113557.9915,113557.5216,113670.85988672386,113671.03181718357
2013-06-25,2,113969.7904,113557.9915,113728.21135655847,113728.37122793123
2013-06-26,2,114418.4855,113969.7904,114293.60888560911,114293.72275241034
2013-06-27,2,114689.7765,114418.4855,114724.63096056897,114724.70830662645
2013-06-28,2,114912.3527,114689.7765,114884.82196858949,114884.91850608996
2013-06-29,2,111634.426,114912.3527,115079.70920051777,115079.77746899705
2013-06-30,2,111634.4236,111634.426,111183.63841539202,111183.82775322149
2013-07-01,2,111634.6007,111634.4236,112188.7933179104,112188.98768918824
2013-07-02,2,111634.8378,111634.6007,112053.79757056572,112053.97161443699
2013-07-03,2,111858.5969,111634.8378,112070.18803536278,112070.30039901928
2013-07-04,2,112404.1349,111858.5969,112155.74528110083,112155.87605699565
2013-07-05,2,112535.6838,112404.1349,112485.08230086704,112485.28392859623
2013-07-06,2,112674.2793,112535.6838,112225.67386721243,112226.01301417594
2013-07-07,2,112705.0332,112674.2793,112888.90295784,112889.42415160584
2013-07-08,2,112707.3049,112705.0332,112892.48292138413,112893.00347667823
2013-07-09,2,113161.3481,112707.3049,112936.53124715567,112937.0809645919
2013-07-10,2,113237.8102,113161.3481,113547.02526374384,113547.57263199745
2013-07-11,2,113465.2194,113237.8102,113533.92463335271,113534.45033434713
2013-07-12,2,113660.7627,113465.2194,113653.90104244465,113654.41680486115
2013-07-13,2,113877.506,113660.7627,113899.59969295531,113899.73056188336
2013-07-14,2,113875.9067,113877.506,114107.40921574962,114107.52349462095
2013-07-15,2,113877.7631,113875.9067,114075.73860285657,114075.8471152127
2013-07-16,2,114032.0209,113877.7631,114157.28231124608,114157.37293976231
2013-07-17,2,114050.8257,114032.0209,114315.09108838554,114315.16326533476
2013-07-18,2,114227.3757,114050.8257,114291.97705008856,114292.09538801531
2013-07-19,2,114424.9926,114227.3757,114439.39881109171,114439.5171843124
2013-07-20,2,114354.0753,114424.9926,114625.70764926457,114625.81921579335
2013-07-21,2,114355.2502,114354.0753,114476.25306876103,114476.36990314229
2013-07-22,2,114356.854,114355.2502,114490.10326896029,114490.24269675458
2013-07-23,2,114356.1104,114356.854,114535.04226286919,114535.23237184122
2013-07-24,2,114351.6215,114356.1104,114559.34456766848,114559.53583825633
2013-07-25,2,114369.8542,114351.6215,114543.63577762715,114543.86538586013
2013-07-26,2,114422.8593,114369.8542,114508.72190081318,114508.98854556795
2013-07-27,2,119172.6554,114422.8593,114539.3514908841,114539.65643000786
2013-07-28,2,119173.8567,119172.6554,120221.77990037046,120221.99343834777
2013-07-29,2,119175.0497,119173.8567,119216.64333716052,119216.76327208348
2013-07-30,2,119118.5208,119175.0497,119077.93064844728,119078.1881519943
2013-07-31,2,119183.8333,119118.5208,119040.08146804104,119040.37747045368
2013-08-01,2,119276.6741,119183.8333,119248.79760859873,119249.078707521
2013-08-02,2,119462.8967,119276.6741,119612.16740415832,119612.3533319551
2013-08-03,2,119868.1225,119462.8967,120316.95630167483,120316.94563618081
2013-08-04,2,119869.8083,119868.1225,119985.39828307962,119985.13565767586
2013-08-05,2,119862.3483,119869.8083,119877.99142215183,119877.75146921191
2013-08-06,2,119863.8375,119862.3483,119877.6385669184,119877.41692481327
2013-08-07,2,120075.5677,119863.8375,119932.31418790744,119932.0876992724
2013-08-08,2,119760.2629,120075.5677,120168.59921293266,120168.38117829937
2013-08-09,2,119958.4282,119760.2629,119743.35773419759,119743.13937378809
2013-08-10,2,120206.805,119958.4282,119950.67621998553,119950.95734033445
2013-08-11,2,120332.1893,120206.805,120149.70855322067,120149.94940466086
2013-08-12,2,120333.6898,120332.1893,120228.63924503811,120228.87421665569
2013-08-13,2,120505.0624,120333.6898,120220.10500556881,120220.31651987726
2013-08-14,2,120909.3875,120505.0624,120449.22596114069,120449.41432616825
2013-08-15,2,120998.469,120909.3875,120810.98833132052,120811.15458237585
2013-08-16,2,121135.1922,120998.469,120862.92040043989,120863.07802082915
2013-08-17,2,121318.3092,121135.1922,120988.66470099434,120988.81835789683
2013-08-18,2,121326.0702,121318.3092,121156.21815466679,121156.31682765232
2013-08-19,2,121327.9281,121326.0702,121110.32336833887,121110.36852944506
2013-08-20,2,121119.1062,121327.9281,121168.93881101237,121168.91882455922
2013-08-21,2,121235.0238,121119.1062,120969.66302287314,120969.58618469954
2013-08-22,2,120822.0069,121235.0238,121074.07721538743,121073.88251964124
2013-08-23,2,120888.9175,120822.0069,120535.13695048013,120534.89692701458
2013-08-24,2,120834.5923,120888.9175,120690.08087600747,120689.78105197214
2013-08-25,2,120834.6531,120834.5923,120598.56623646102,120598.17595342842
2013-08-26,2,120833.5098,120834.6531,120542.90158267548,120542.6749474861
2013-08-27,2,120860.3355,120833.5098,120532.73576937457,120532.51445248556
2013-08-28,2,120910.8067,120860.3355,120595.79147571721,120595.60154308037
2013-08-29,2,120841.6096,120910.8067,120556.23062184785,120556.04122475673
2013-08-30,2,120736.7581,120841.6096,120476.71096794374,120476.54229967175
2013-08-31,2,118956.4292,120736.7581,120347.75185850199,120347.58258164878
2013-09-01,2,118639.929,118956.4292,118288.07469256944,118287.95087803574
2013-09-02,2,118639.5273,118639.929,118573.7956513312,118573.60478759954
2013-09-03,2,118649.2928,118639.5273,118375.1141029456,118374.92317501732
2013-09-04,2,118530.5251,118649.2928,118391.77087282679,118391.54023304628
2013-09-05,2,118182.8162,118530.5251,118134.45743034937,118134.18127716456
2013-09-06,2,118367.1291,118182.8162,117582.24325353389,117582.02116938199
2013-09-07,2,116846.4903,118367.1291,117721.46495902931,117721.29462683006
2013-09-08,2,116843.4708,116846.4903,116148.65826656754,116148.55723148694
2013-09-09,2,116838.5982,116843.4708,116450.26237547764,116450.18996058509
2013-09-10,2,116170.6498,116838.5982,116466.06808736833,116465.93522055956
2013-09-11,2,115497.6513,116170.6498,115664.69410921096,115664.53471302343
2013-09-12,2,115218.132,115497.6513,114909.97360258999,114909.83600581683
2013-09-13,2,114552.4889,115218.132,114649.02646664428,114648.91457247705
2013-09-14,2,114136.2865,114552.4889,113810.89373172841,113810.60822179323
2013-09-15,2,114020.7362,114136.2865,113668.17664122903,113667.92332992468
2013-09-16,2,114019.9845,114020.7362,113540.81095767127,113540.5591112407
2013-09-17,2,113314.2727,114019.9845,113476.2342025226,113476.00023288178
2013-09-18,2,112738.2538,113314.2727,112682.66887533813,112682.47225772646
2013-09-19,2,112509.3181,112738.2538,112132.67102559892,112132.50807277556
2013-09-20,2,112180.8824,112509.3181,111896.91866420506,111896.82386927781
2013-09-21,2,111759.2333,112180.8824,111644.11877886296,111643.87542162489
2013-09-22,2,111758.5802,111759.2333,111249.88721214891,111249.65857820297
2013-09-23,2,111759.2545,111758.5802,111279.38147626343,111279.17422730845
2013-09-24,2,111515.4211,111759.2545,111221.0363498082,111220.77858804728
2013-09-25,2,110577.5611,111515.4211,111016.09915706313,111015.8252562583
2013-09-26,2,106864.9901,110577.5611,109976.58694262693,109976.34430158458
2013-09-27,2,106550.9954,106864.9901,105741.84754905963,105741.589811512
2013-09-28,2,106389.7064,106550.9954,106151.89941504823,106151.70142593718
2013-09-29,2,106391.5417,106389.7064,106176.48822241015,106176.2218768675
2013-09-30,2,106392.0417,106391.5417,106060.61717760403,106060.31253280297
2013-10-01,2,105888.1025,106392.0417,105886.33072356615,105886.0080322675
2013-10-02,2,104901.1728,105888.1025,105064.84120906489,105064.60254160022
2013-10-03,2,104242.9781,104901.1728,103801.89685370566,103801.87300084562
2013-10-04,2,103500.5445,104242.9781,103758.30028318519,103758.47131492017
2013-10-05,2,103084.4799,103500.5445,103075.05885978424,103075.17861555978
2013-10-06,2,103084.4799,103084.4799,102758.32132204044,102758.4460286106
2013-10-07,2,103087.3345,103084.4799,102710.33426095023,102710.44570708982
2013-10-08,2,102620.6479,103087.3345,102626.90027117718,102627.01799967684
2013-10-09,2,102389.8406,102620.6479,102064.86181867732,102064.96387836525
2013-10-10,2,102029.697,102389.8406,101954.58153426685,101954.39401612165
2013-10-11,2,101656.598,102029.697,101546.9937986343,101546.84261764488
2013-10-12,2,101421.2519,101656.598,101275.40949872474,101275.29205879661
2013-10-13,2,101420.0276,101421.2519,101118.27984511074,101118.17733708736
2013-10-14,2,101419.4553,101420.0276,101433.22834398043,101433.04682700094
2013-10-15,2,101421.1342,101419.4553,101089.4188494698,101089.29353649354
2013-10-16,2,101084.4748,101421.1342,101183.94343357859,101183.76690477754
2013-10-17,2,100702.2987,101084.4748,100728.8498001272,100728.65035778152
2013-10-18,2,100694.5031,100702.2987,100321.16249072067,100320.94456025993
2013-10-19,2,100438.1599,100694.5031,100469.5259621959,100469.30927860207
2013-10-20,2,100439.9676,100438.1599,100232.11798945723,100231.91583524522
2013-10-21,2,100441.2788,100439.9676,100267.45740796268,100267.28214919842
2013-10-22,2,100050.6518,100441.2788,100305.22609920127,100305.02999517736
2013-10-23,2,99904.20685,100050.6518,99856.56779076453,99856.39378386106
2013-10-24,2,99885.51286,99904.20685,99782.37706207411,99782.25031234096
2013-10-25,2,99707.89774,99885.51286,99816.15541065903,99816.03716982137
2013-10-26,2,99511.15908,99707.89774,99459.93881853693,99459.74966575213
2013-10-27,2,99406.0677,99511.15908,99302.4074193539,99302.24089014727
2013-10-28,2,99407.08257,99406.0677,99188.75682602286,99188.61308065367
2013-10-29,2,99067.53916,99407.08257,99213.70051525236,99213.58421557171
2013-10-30,2,98884.08129,99067.53916,98917.24124883833,98917.12297085856
2013-10-31,2,98801.71046,98884.08129,98744.98813764696,98744.86372832618
2013-11-01,2,98710.58708,98801.71046,98595.50238629873,98595.39797668293
2013-11-02,2,98650.57844,98710.58708,98512.56888776785,98512.4472564696
2013-11-03,2,98647.27138,98650.57844,98461.37332663966,98461.2613801112
2013-11-04,2,98647.24779,98647.27138,98442.6359459015,98442.5396282294
2013-11-05,2,98565.63112,98647.24779,98442.75041429405,98442.62930862604
2013-11-06,2,98370.1941,98565.63112,98425.86649833401,98425.75895265274
2013-11-07,2,98345.54197,98370.1941,98181.5786789709,98181.48973684461
2013-11-08,2,98839.00972,98345.54197,98154.6536883306,98154.56611770384
2013-11-09,2,98571.37753,98839.00972,98767.2455029411,98767.1175358194
2013-11-10,2,98539.96138,98571.37753,98356.34313553946,98356.19698784698
2013-11-11,2,98539.56295,98539.96138,98334.02080426824,98333.89950588185
2013-11-12,2,98517.64641,98539.56295,98365.9503264264,98365.79714398694
2013-11-13,2,98433.78363,98517.64641,98391.74540099701,98391.57771466959
2013-11-14,2,98407.17162,98433.78363,98330.75182317816,98330.59325553963
2013-11-15,2,98371.64985,98407.17162,98302.77830718839,98302.60680590224
2013-11-16,2,98292.67046,98371.64985,98151.66622792071,98151.46499172735
2013-11-17,2,98292.40562,98292.67046,98129.13490874809,98128.95562462763
2013-11-18,2,98293.60991,98292.40562,98134.08135951948,98133.91092049547
2013-11-19,2,98714.59286,98293.60991,98164.79291109335,98164.61639177584
2013-11-20,2,97478.12536,98714.59286,98699.80147570127,98699.59641825914
2013-11-21,2,97233.56695,97478.12536,97098.4654920746,97098.26596036818
2013-11-22,2,97254.80604,97233.56695,96982.0502574406,96981.95689635359
2013-11-23,2,97335.98399,97254.80604,97106.34172072838,97106.2054099579
2013-11-24,2,97334.27416,97335.98399,97237.1151755843,97236.95914045558
2013-11-25,2,97340.6515,97334.27416,97189.84515747134,97189.69153857973
2013-11-26,2,97500.10138,97340.6515,97176.22442563629,97176.08544026187
2013-11-27,2,97385.42102,97500.10138,97211.63734859676,97211.51807341387
2013-11-28,2,97344.50042,97385.42102,97211.4057679757,97211.37238577065
2013-11-29,2,97398.04262,97344.50042,97187.03594098275,97187.02162219059
2013-11-30,2,97440.74363,97398.04262,97278.50506715877,97278.4689907168
2013-12-01,2,97431.74376,97440.74363,97321.97091847972,97321.92564009488
2013-12-02,2,97432.04505,97431.74376,97301.59518706775,97301.54918043128
2013-12-03,2,97134.47871,97432.04505,97327.68649575295,97327.68001849635
2013-12-04,2,97063.67879,97134.47871,96985.20692479941,96985.06106848156
2013-12-05,2,96941.64195,97063.67879,96957.73744010468,96957.5861922167
2013-12-06,2,96579.75039,96941.64195,96808.59436618246,96808.4444467763
2013-12-07,2,96084.15771,96579.75039,96401.68529153985,96401.53132843273
2013-12-08,2,96184.36946,96084.15771,95870.32232530047,95870.1744818192
2013-12-09,2,96185.08714,96184.36946,96069.08155825708,96068.94953603666
2013-12-10,2,96863.56333,96185.08714,96052.97073559888,96052.85618821514
2013-12-11,2,96828.15009,96863.56333,96927.68155731887,96927.55888558249
2013-12-12,2,96760.35368,96828.15009,96684.59138647662,96684.48466288012
2013-12-13,2,96362.2409,96760.35368,96518.1957429412,96518.161656223
2013-12-14,2,96486.26552,96362.2409,96102.24718717081,96102.27905174896
2013-12-15,2,96508.9108,96486.26552,96479.27419820779,96479.33233230618
2013-12-16,2,96508.88142,96508.9108,96512.49173063267,96512.51921187145
2013-12-17,2,96347.64653,96508.88142,96601.84334857867,96601.81129089449
2013-12-18,2,96261.03859,96347.64653,96295.75435125928,96295.68707395252
2013-12-19,2,95604.45299,96261.03859,96182.09135060829,96182.05454068996
2013-12-20,2,95559.07153,95604.45299,95315.9310042696,95315.86646613413
2013-12-21,2,95751.17714,95559.07153,95502.97929452902,95502.88891908113
2013-12-22,2,95651.87276,95751.17714,95740.69760044111,95740.58899471397
2013-12-23,2,95652.58953,95651.87276,95556.5341278978,95556.42826750186
2013-12-24,2,96116.71928,95652.58953,95547.05680249714,95547.04670342685
2013-12-25,2,95856.51351,96116.71928,96442.58892634699,96442.50124262033
2013-12-26,2,95856.51351,95856.51351,95968.40596084828,95968.35148145263
2013-12-27,2,95856.69533,95856.51351,95786.66518645079,95786.72157211395
2013-12-28,2,95838.55321,95856.69533,95827.64863074917,95827.71165269392
2013-12-29,2,95838.49111,95838.55321,95787.06480454284,95787.11899527661
2013-12-30,2,95838.49111,95838.49111,95827.59795088037,95827.65880527686
2013-12-31,2,95881.21867,95838.49111,95890.765163756,95890.79706620403
2014-01-01,2,95890.39774,95881.21867,96189.5245237232,96189.3761957428
2014-01-02,2,95885.39774,95890.39774,95892.89947586179,95892.79153355677
2014-01-03,2,95943.87526,95885.39774,95843.80084990553,95843.70217459522
2014-01-04,2,95957.94291,95943.87526,95916.43347188244,95916.35497797867
2014-01-05,2,95957.94291,95957.94291,95940.75156987394,95940.66034144335
2014-01-06,2,95958.26762,95957.94291,95936.1532056441,95936.06375983839
2014-01-07,2,96208.39229,95958.26762,95957.58829257867,95957.54455740936
2014-01-08,2,96301.80289,96208.39229,96282.57716058391,96282.48782442133
2014-01-09,2,96618.6283,96301.80289,96306.93964666467,96306.8550825862
2014-01-10,2,95408.08392,96618.6283,96624.52339199932,96624.44714240602
2014-01-11,2,95373.16595,95408.08392,95105.72210301193,95105.66924082962
2014-01-12,2,95574.07874,95373.16595,95313.5973655317,95313.57809685741
2014-01-13,2,95574.48783,95574.07874,95605.86114041871,95605.81170814837
2014-01-14,2,95520.60754,95574.48783,95629.87710576391,95629.80332906089
2014-01-15,2,95564.81258,95520.60754,95533.89546180774,95533.81253295646
2014-01-16,2,95463.87074,95564.81258,95507.21090381446,95507.15291957038
2014-01-17,2,95445.08601,95463.87074,95185.28465024268,95185.27803359982
2014-01-18,2,95545.94456,95445.08601,95438.41966862867,95438.48228746583
2014-01-19,2,95540.22912,95545.94456,95599.26691019886,95599.30994322766
2014-01-20,2,95539.33206,95540.22912,95519.46941451276,95519.49628214404
2014-01-21,2,95555.49521,95539.33206,95531.35434243549,95531.4041028154
2014-01-22,2,95573.36411,95555.49521,95583.79111886755,95583.84341389906
2014-01-23,2,95716.85393,95573.36411,95542.40555546175,95542.4991123517
2014-01-24,2,95908.37566,95716.85393,95716.4126893803,95716.37796313764
2014-01-25,2,95871.92739,95908.37566,95935.29862232307,95935.2423471093
2014-01-26,2,95940.9181,95871.92739,95833.32734307679,95833.28311660461
2014-01-27,2,95941.54153,95940.9181,95911.17985590675,95911.14226208
2014-01-28,2,95977.74938,95941.54153,95933.28035378442,95933.22789522132
2014-01-29,2,96030.15181,95977.74938,96017.22525178314,96017.16352158683
2014-01-30,2,96021.85667,96030.15181,96063.56312918323,96063.48269795501
2014-01-31,2,96048.42097,96021.85667,95991.55284398799,95991.46087394493
2014-02-01,2,96129.94413,96048.42097,95995.56917456423,95995.48067549075
2014-02-02,2,96140.39801,96129.94413,96112.68215243332,96112.5898279711
2014-02-03,2,96140.79232,96140.39801,96089.37690569504,96089.28309065303
2014-02-04,2,95872.60991,96140.79232,96117.77267678075,96117.67816919571
2014-02-05,2,95603.40466,95872.60991,95823.82711413925,95823.73502571491
2014-02-06,2,95629.65127,95603.40466,95509.59300430941,95509.53810966127
2014-02-07,2,95784.66775,95629.65127,95568.5708298292,95568.5469459374
2014-02-08,2,95656.55543,95784.66775,95770.91213755672,95770.8705831134
2014-02-09,2,95673.67855,95656.55543,95556.4283382299,95556.37634655018
2014-02-10,2,95673.88506,95673.67855,95563.77149266895,95563.73310705805
2014-02-11,2,95515.70551,95673.88506,95550.20676071223,95550.18347230938
2014-02-12,2,95501.51469,95515.70551,95421.5188640896,95421.52166589494
2014-02-13,2,95955.58913,95501.51469,95462.41396843997,95462.43340825292
2014-02-14,2,95741.20335,95955.58913,95969.18626008937,95969.18818846664
2014-02-15,2,95443.55877,95741.20335,95586.37467064512,95586.3638459522
2014-02-16,2,95412.70857,95443.55877,95289.32677579735,95289.34054886906
2014-02-17,2,95412.66245,95412.70857,95615.48491310107,95615.4148766646
2014-02-18,2,95403.70747,95412.66245,95335.66257348242,95335.6339021305
2014-02-19,2,95411.58991,95403.70747,95407.62935625916,95407.5543960419
2014-02-20,2,95497.54226,95411.58991,95404.72593105288,95404.64182885874
2014-02-21,2,95447.36786,95497.54226,95336.3288424125,95336.24766634179
2014-02-22,2,95453.60266,95447.36786,95284.11655795047,95284.03977881395
2014-02-23,2,95453.42337,95453.60266,95362.53598263387,95362.48001709525
2014-02-24,2,95453.83467,95453.42337,95359.03346803608,95358.97786277653
2014-02-25,2,95783.73372,95453.83467,95389.50645300529,95389.42484108012
2014-02-26,2,95768.50299,95783.73372,95820.03365860527,95819.9328761959
2014-02-27,2,95070.00346,95768.50299,95698.58839377761,95698.53447909969
2014-02-28,2,95179.26427,95070.00346,94804.23749494323,94804.18627520073
2014-10-01,2,106155.7807,95179.26427,95415.77985467328,95416.21172023316
2014-10-02,2,105425.9639,106155.7807,108812.22180673225,108812.51099148802
2014-10-03,2,104993.6192,105425.9639,105562.88385500338,105562.97225334529
2014-10-04,2,104519.6614,104993.6192,104855.12344061123,104855.53473134112
2014-10-05,2,104519.8069,104519.6614,104298.60408760657,104299.12938460671
2014-10-06,2,104522.5879,104519.8069,104696.65342941064,104697.13827608147
2014-10-07,2,104390.0454,104522.5879,105587.4392944928,105587.67647195757
2014-10-08,2,104238.9785,104390.0454,106513.77655964391,106513.57279006581
2014-10-09,2,104023.1868,104238.9785,104112.7159032266,104111.91658016945
2014-10-10,2,103866.1399,104023.1868,103913.72631693118,103913.06166987785
2014-10-11,2,103759.1909,103866.1399,103812.41846273084,103811.87187179878
2014-10-12,2,103758.9491,103759.1909,103810.97373308621,103810.47683326263
2014-10-13,2,103758.6962,103758.9491,104144.94250296902,104144.29586292633
2014-10-14,2,103758.3644,103758.6962,103819.05095797018,103818.51075414648
2014-10-15,2,103605.7663,103758.3644,103616.03943912577,103616.71489219388
2014-10-16,2,103155.6173,103605.7663,103409.80482312368,103410.42449935143
2014-10-17,2,102944.2645,103155.6173,102884.6046214592,102885.20105153784
2014-10-18,2,102928.4548,102944.2645,102758.02827591257,102758.5623905117
2014-10-19,2,102928.5061,102928.4548,102812.64137117313,102813.12794089466
2014-10-20,2,102930.0362,102928.5061,102799.3731274838,102799.8056474574
2014-10-21,2,103040.3494,102930.0362,102799.12486207957,102799.48616121388
2014-10-22,2,102803.8048,103040.3494,102908.00051779905,102908.29004961507
2014-10-23,2,102670.8298,102803.8048,102546.68571521243,102546.92376651336
2014-10-24,2,102552.2124,102670.8298,102446.16246184865,102446.35537616376
2014-10-25,2,102773.1929,102552.2124,102376.67366282978,102376.77313372096
2014-10-26,2,102772.5195,102773.1929,102673.23998718662,102673.22574261179
2014-10-27,2,102771.7777,102772.5195,102612.28178127686,102612.15587049778
2014-10-28,2,105240.384,102771.7777,102616.07707637831,102615.8415337856
2014-10-29,2,105046.0797,105240.384,105467.9936943971,105467.52368666836
2014-10-30,2,104902.0643,105046.0797,104734.13481861535,104733.45204923455
2014-10-31,2,104905.5001,104902.0643,104440.72503346323,104440.3871699216
2014-11-01,2,102823.4104,104905.5001,104514.61730372079,104514.29282045063
2014-11-02,2,102823.5062,102823.4104,102100.61375513888,102100.31729925278
2014-11-03,2,102824.2097,102823.5062,102673.081747842,102672.77380002351
2014-11-04,2,102812.1739,102824.2097,102970.01427116733,102969.56528666988
2014-11-05,2,102653.6455,102812.1739,102526.80956032319,102526.1898216428
2014-11-06,2,102838.5512,102653.6455,102274.40198120488,102273.82685749402
2014-11-07,2,102722.8688,102838.5512,102396.56397335396,102396.0511061188
2014-11-08,2,104056.6379,102722.8688,102075.07745126939,102074.6769265056
2014-11-09,2,104060.6153,104056.6379,104034.03068716216,104033.70922957434
2014-11-10,2,104061.1947,104060.6153,103747.69802829265,103747.34443517744
2014-11-11,2,103943.9608,104061.1947,103678.58182831678,103678.52716941199
2014-11-12,2,104058.4046,103943.9608,103570.57900513007,103570.51275845089
2014-11-13,2,104059.2481,104058.4046,103785.47676156287,103785.39177299033
2014-11-14,2,103676.9385,104059.2481,103770.11584417647,103769.99148100002
2014-11-15,2,103705.5991,103676.9385,103529.13284300055,103528.73601941156
2014-11-16,2,103705.359,103705.5991,103407.27400834097,103406.80016812353
2014-11-17,2,103706.4482,103705.359,103398.23097009539,103397.74824300234
2014-11-18,2,103546.4856,103706.4482,103420.75833545112,103420.26542354726
2014-11-19,2,102616.4388,103546.4856,103281.02447296104,103280.51214212482
2014-11-20,2,102527.9648,102616.4388,102121.15576167549,102120.70279522311
2014-11-21,2,102535.1188,102527.9648,102134.39631630294,102133.96527042391
2014-11-22,2,102504.6372,102535.1188,102236.21041037107,102235.90847571057
2014-11-23,2,102460.4898,102504.6372,102196.34258399293,102196.01396316818
2014-11-24,2,102462.1742,102460.4898,102098.25524920663,102097.92851473391
2014-11-25,2,102474.9089,102462.1742,102065.85155784231,102065.5271860124
2014-11-26,2,102330.0985,102474.9089,102055.60812997355,102055.32472888101
2014-11-27,2,101700.9192,102330.0985,101988.44548502995,101988.23741191781
2014-11-28,2,101667.0155,101700.9192,101243.20761244747,101242.97408673879
2014-11-29,2,101521.6334,101667.0155,101334.4718020683,101334.25716526277
2014-11-30,2,101511.8758,101521.6334,101202.35624434204,101202.13485286885
2014-12-01,2,101512.2602,101511.8758,101184.69484064977,101184.46043842458
2014-12-02,2,101075.4205,101512.2602,101186.22852083763,101185.96630165368
2014-12-03,2,100517.4727,101075.4205,100656.9713425735,100656.60785885865
2014-12-04,2,100120.1823,100517.4727,100006.8541425273,100006.52135083995
2014-12-05,2,99554.71523,100120.1823,99705.97794232404,99705.68354321252
2014-12-06,2,99536.4892,99554.71523,99114.80137366503,99114.48691704808
2014-12-07,2,99551.07571,99536.4892,99225.74694121751,99225.4262776179
2014-12-08,2,99551.79923,99551.07571,99192.22545511893,99191.91273855566
2014-12-09,2,99953.20257,99551.79923,99131.37534256087,99131.09515734392
2014-12-10,2,99991.89306,99953.20257,99634.82359264283,99634.57799532251
2014-12-11,2,99966.01331,99991.89306,99614.91110545787,99614.65907667254
2014-12-12,2,99990.7995,99966.01331,99548.46438442152,99548.27905430613
2014-12-13,2,99268.19811,99990.7995,99706.28805208468,99706.12683708845
2014-12-14,2,99268.60813,99268.19811,98856.32083368959,98856.16276553033
2014-12-15,2,99269.02312,99268.60813,99020.55346215784,99020.41096537851
2014-12-16,2,98848.93744,99269.02312,99117.67322562922,99117.45069184377
2014-12-17,2,98715.82578,98848.93744,98591.13920880122,98590.82563220662
2014-12-18,2,98572.14495,98715.82578,98462.13980880013,98461.8139235839
2014-12-19,2,98635.0418,98572.14495,98225.26502900019,98224.8916806712
2014-12-20,2,98507.85487,98635.0418,98277.99423580604,98277.64811252197
2014-12-21,2,98552.62299,98507.85487,98252.27156356539,98251.97734155208
2014-12-22,2,98552.6011,98552.62299,98294.98014395725,98294.71103474055
2014-12-23,2,98194.16097,98552.6011,98267.61261975451,98267.41290943688
2014-12-24,2,98239.76973,98194.16097,97933.28338867603,97933.12490002571
2014-12-25,2,98049.32145,98239.76973,98368.9259223289,98368.71619378842
2014-12-26,2,98049.33602,98049.32145,98128.77969965004,98128.5900477557
2014-12-27,2,98047.47358,98049.33602,97827.2537573301,97827.0736827199
2014-12-28,2,98057.04013,98047.47358,97863.57913045771,97863.41274121773
2014-12-29,2,98057.04914,98057.04013,97840.75040786555,97840.60158164572
2014-12-30,2,98116.68054,98057.04914,97850.53248675076,97850.36194664973
2014-12-31,2,98243.47862,98116.68054,98025.57947942887,98025.42493760571
2015-01-01,2,98343.49626,98243.47862,98418.76707047128,98418.45334446836
2015-01-02,2,98343.69374,98343.49626,98164.4332693404,98164.2284938323
2015-01-03,2,98684.73359,98343.69374,98140.99412305198,98140.77287575256
2015-01-04,2,98684.84818,98684.73359,98553.99295527994,98553.76334062635
2015-01-05,2,98685.22039,98684.84818,98482.42458814822,98482.18943807612
2015-01-06,2,98917.39578,98685.22039,98526.84374951835,98526.57085771314
2015-01-07,2,99548.91245,98917.39578,98843.09089093216,98842.80585924255
2015-01-08,2,99601.00088,99548.91245,99509.47274810038,99509.14597471009
2015-01-09,2,97724.39232,99601.00088,99399.84517063074,99399.51459840266
2015-01-10,2,97711.27485,97724.39232,97179.57753191314,97179.3030903328
2015-01-11,2,97752.80457,97711.27485,97504.85864252671,97504.62597770002
2015-01-12,2,97753.03643,97752.80457,97624.1138348346,97623.82951407947
2015-01-13,2,97890.22511,97753.03643,97700.7677137947,97700.45284799702
2015-01-14,2,97923.04165,97890.22511,97851.46670019557,97851.13987437543
2015-01-15,2,98087.29608,97923.04165,97614.35187067154,97614.05431558307
2015-01-16,2,97964.66565,98087.29608,97602.38180193928,97602.17461340751
2015-01-17,2,97987.57325,97964.66565,97780.19574057657,97780.14031941397
2015-01-18,2,97988.1686,97987.57325,97848.64897099628,97848.59401445725
2015-01-19,2,97988.33506,97988.1686,97842.3618910614,97842.29863953526
2015-01-20,2,98114.97025,97988.33506,97883.2540281125,97883.20148387055
2015-01-21,2,98169.86733,98114.97025,98033.75411866531,98033.74650960704
2015-01-22,2,98432.08249,98169.86733,98042.39538444497,98042.38424914204
2015-01-23,2,98610.09154,98432.08249,98288.99590502423,98288.77176143884
2015-01-24,2,98747.01518,98610.09154,98478.49910498118,98478.26303289311
2015-01-25,2,98748.58344,98747.01518,98601.54006090909,98601.29720955103
2015-01-26,2,98747.82416,98748.58344,98568.3949792064,98568.14991680512
2015-01-27,2,98712.27768,98747.82416,98609.69746858136,98609.45426067003
2015-01-28,2,99166.78843,98712.27768,98599.8577376606,98599.5909935594
2015-01-29,2,99198.63929,99166.78843,99149.70063152099,99149.43204404665
2015-01-30,2,99119.99639,99198.63929,99027.7025972146,99027.38835166497
2015-01-31,2,99192.06321,99119.99639,98901.76308762295,98901.44591455297
2015-02-01,2,99191.70421,99192.06321,98986.22004236277,98985.90567784761
2015-02-02,2,99192.21778,99191.70421,98974.3575019227,98974.04653221565
2015-02-03,2,99097.64021,99192.21778,99023.3096769841,99023.00440697254
2015-02-04,2,99085.61173,99097.64021,98993.88452187176,98993.57121804905
2015-02-05,2,99105.7538,99085.61173,98874.38243805051,98874.08770402908
2015-02-06,2,99070.06623,99105.7538,98848.49654936192,98848.24324719289
2015-02-07,2,98567.61368,99070.06623,98836.8143100992,98836.59074671687
2015-02-08,2,98496.31345,98567.61368,98225.36724917359,98225.14309258154
2015-02-09,2,98496.54472,98496.31345,98226.06360177427,98225.85121567921
2015-02-10,2,98403.18658,98496.54472,98269.64761295455,98269.41292576819
2015-02-11,2,98438.86853,98403.18658,98193.87710762823,98193.6786661077
2015-02-12,2,98435.60356,98438.86853,98204.22841374618,98204.0407661697
2015-02-13,2,98395.4201,98435.60356,98115.43954152189,98115.2526851521
2015-02-14,2,98439.24122,98395.4201,98035.55926994958,98035.39650041376
2015-02-15,2,98439.24217,98439.24122,98189.77880309161,98189.63573171223
2015-02-16,2,98439.27876,98439.24217,98500.5088219412,98500.27252057515
2015-02-17,2,98428.19801,98439.27876,98196.5533349227,98196.37865055147
2015-02-18,2,98434.83241,98428.19801,98229.2416945782,98229.04839979118
2015-02-19,2,98486.71661,98434.83241,98193.55155064104,98193.35588323466
2015-02-20,2,98462.27263,98486.71661,98208.88181809752,98208.67644882963
2015-02-21,2,98827.08134,98462.27263,98194.78724901455,98194.52207430513
2015-02-22,2,98797.14201,98827.08134,98627.52023572667,98627.22485993108
2015-02-23,2,98797.24298,98797.14201,98504.88991082022,98504.58462887205
2015-02-24,2,98886.42254,98797.24298,98528.04357640553,98527.72778284179
2015-02-25,2,98955.81617,98886.42254,98668.38416844097,98668.05940838878
2015-02-26,2,98994.75064,98955.81617,98697.75113654997,98697.40385174257
2015-02-27,2,99101.54533,98994.75064,98693.79898262392,98693.44355331962
2015-02-28,2,96511.58118,99101.54533,98861.06925062533,98860.70184976819
2015-03-01,2,96534.22777,96511.58118,95660.41035013009,95660.03327129986
2015-03-02,2,96534.25822,96534.22777,96199.20201925967,96198.89850708493
2015-03-03,2,96745.69433,96534.25822,96295.10433874949,96294.73126798263
2015-03-04,2,96809.20535,96745.69433,96562.59191887034,96562.18062855641
2015-03-05,2,96708.90687,96809.20535,96472.38732359133,96471.99726110451
2015-03-06,2,96700.69753,96708.90687,96143.556224373,96143.24162246379
2015-03-07,2,96649.48235,96700.69753,95932.54074336562,95932.37762338466
2015-03-08,2,96657.32922,96649.48235,96382.36643678584,96382.35247141468
2015-03-09,2,96658.37693,96657.32922,96405.34712096752,96405.31606916116
2015-03-10,2,96760.10175,96658.37693,96449.86414321046,96449.81722675954
2015-03-11,2,96763.03234,96760.10175,96554.28998601524,96554.2178473482
2015-03-12,2,96806.43794,96763.03234,96478.02379983224,96477.95148610196
2015-03-13,2,96750.28325,96806.43794,96495.84215297663,96495.7908606576
2015-03-14,2,96788.57556,96750.28325,96478.05332802987,96477.71294189889
2015-03-15,2,96785.54113,96788.57556,96558.5237105477,96558.18183168255
2015-03-16,2,96786.34905,96785.54113,96545.49661292168,96545.1493689489
2015-03-17,2,96801.788,96786.34905,96581.95634495551,96581.62225118723
2015-03-18,2,96811.44481,96801.788,96613.17581857188,96612.83488402468
2015-03-19,2,96704.09106,96811.44481,96595.36942111973,96595.02325857914
2015-03-20,2,96965.43026,96704.09106,96415.92166510143,96415.58733501629
2015-03-21,2,97276.61136,96965.43026,96779.35138558378,96779.01011475333
2015-03-22,2,97278.13087,97276.61136,97107.22993819152,97106.87397664606
2015-03-23,2,97278.97047,97278.13087,97035.39435678764,97035.05247597091
2015-03-24,2,97191.99032,97278.97047,97063.50124319732,97063.1903470579
2015-03-25,2,97166.86393,97191.99032,97002.78767017904,97002.48948815187
2015-03-26,2,96953.80007,97166.86393,96986.7806517842,96986.50802903678
2015-03-27,2,96934.14243,96953.80007,96783.19804923217,96782.93767569576
2015-03-28,2,96868.82893,96934.14243,96811.05356695627,96810.78816910784
2015-03-29,2,96868.65148,96868.82893,96713.34642486386,96713.07890143128
2015-03-30,2,96869.2975,96868.65148,96655.82856995768,96655.53508563031
2015-03-31,2,96892.08081,96869.2975,96674.34918899511,96674.05998043442
2015-04-01,2,96735.58232,96892.08081,96738.62553477407,96738.34893569376
2015-04-02,2,96979.18523,96735.58232,96508.83100963668,96508.57722831421
2015-04-03,2,96987.6524,96979.18523,97146.69530360005,97146.40658552114
2015-04-04,2,96987.51348,96987.6524,96797.90134215336,96797.72708117825
2015-04-05,2,97001.59252,96987.51348,96818.26517598116,96818.09911964112
2015-04-06,2,97001.32229,97001.59252,96830.02718648616,96829.86861894945
2015-04-07,2,97008.80195,97001.32229,96862.13969016983,96861.97034330857
2015-04-08,2,97123.95664,97008.80195,96903.5013983848,96903.32269252208
2015-04-09,2,97218.457,97123.95664,97076.88190201233,97076.69048836068
2015-04-10,2,97397.78736,97218.457,97083.91925731314,97083.71517218545
2015-04-11,2,97565.35971,97397.78736,97296.16690539493,97295.95314920596
2015-04-12,2,97597.72717,97565.35971,97484.08026537749,97483.867366084
2015-04-13,2,97606.07346,97597.72717,97485.48689483071,97485.28464792264
2015-04-14,2,97702.86583,97606.07346,97529.78019752367,97529.58430620663
2015-04-15,2,98082.67924,97702.86583,97712.50858384513,97712.28880949407
2015-04-16,3,98214.75739,98082.67924,98217.05068005493,98217.07351582957
2015-04-17,3,98393.3919,98214.75739,98354.04346226815,98354.0577450208
2015-04-18,3,98594.31322,98393.3919,98512.86156201625,98512.87177282013
2015-04-19,3,98595.16832,98594.31322,98721.65577376957,98721.66598160921
2015-04-20,3,98596.03333,98595.16832,98787.08660452443,98787.10474588732
2015-04-21,3,99413.78008,98596.03333,98834.60104178732,98834.62675798566
2015-04-22,3,99713.80975,99413.78008,99578.72244265465,99578.74458912712
2015-04-23,3,99890.81944,99713.80975,99907.11762202086,99907.11874608125
2015-04-24,3,102281.7534,99890.81944,100081.50461366851,100081.52682654036
2015-04-25,3,102688.8193,102281.7534,102197.34543119765,102197.3608996438
2015-04-26,3,102689.7285,102688.8193,102797.94503319984,102797.92373901639
2015-04-27,3,102691.0395,102689.7285,102886.42699331557,102886.43806755253
2015-04-28,3,103183.5717,102691.0395,102932.0546265378,102932.06987608303
2015-04-29,3,103608.1392,103183.5717,103388.9841818666,103388.99010049128
2015-04-30,3,104569.9776,103608.1392,103836.91587093766,103836.8942391639
2015-05-01,3,104633.5833,104569.9776,104739.53434563293,104739.47214042055
2015-05-02,3,105143.2965,104633.5833,104832.2847495387,104832.1586029233
2015-05-03,3,105139.4914,105143.2965,105306.7949414665,105306.68260809114
2015-05-04,3,105139.7571,105139.4914,105405.07054746799,105404.96482823034
2015-05-05,3,105647.2214,105139.7571,105457.98667424513,105457.93619176069
2015-05-06,3,106566.1167,105647.2214,105924.00686511156,105923.94384490924
2015-05-07,3,107168.6487,106566.1167,106779.72413377177,106779.62529049744
2015-05-08,3,107992.4606,107168.6487,107336.70107981295,107336.70456036268
2015-05-09,3,108541.4889,107992.4606,108120.27106174831,108120.29613074135
2015-05-10,3,108542.1627,108541.4889,108690.95074548121,108690.96140829565
2015-05-11,3,108543.1213,108542.1627,108799.72821642317,108799.75099380885
2015-05-12,3,108837.0351,108543.1213,108857.5518930058,108857.6001187433
2015-05-13,3,109155.3764,108837.0351,109136.984329348,109137.0112143117
2015-05-14,3,109675.8537,109155.3764,109417.80255975861,109417.8242322003
2015-05-15,3,109796.2447,109675.8537,109890.32900994684,109890.31644078987
2015-05-16,3,110245.042,109796.2447,110015.69170479791,110015.66660815125
2015-05-17,3,110315.2484,110245.042,110419.50726974521,110419.46167116829
2015-05-18,3,110315.2484,110315.2484,110837.28290242415,110837.18908318298
2015-05-19,3,110316.4937,110315.2484,110584.39008875727,110584.33583847992
2015-05-20,3,111219.0206,110316.4937,110575.855715511,110575.81329327675
2015-05-21,3,111753.2714,111219.0206,111349.09985993354,111349.06392912491
2015-05-22,3,112080.5012,111753.2714,111852.66590698514,111852.61701490042
2015-05-23,3,112366.4763,112080.5012,112160.53181595902,112160.4795647563
2015-05-24,3,112366.6092,112366.4763,112478.4870277403,112478.50060072244
2015-05-25,3,112369.6212,112366.6092,112545.94461922425,112545.96486654563
2015-05-26,3,112774.1006,112369.6212,112586.07999395109,112586.10156708639
2015-05-27,3,112915.97,112774.1006,112957.1038710125,112957.09798701499
2015-05-28,3,113255.3114,112915.97,113087.87524144545,113087.84918211953
2015-05-29,3,113400.2061,113255.3114,113367.5954956858,113367.55026971606
2015-05-30,3,113429.0874,113400.2061,113518.68300587108,113518.67323592425
2015-05-31,3,113428.4579,113429.0874,113555.57762506159,113555.55348909044
2015-06-01,3,113428.1961,113428.4579,113660.61478845529,113660.62000392881
2015-06-02,3,113276.9735,113428.1961,113688.9845839944,113688.96353609319
2015-06-03,3,114035.3208,113276.9735,113540.02035485732,113540.01431839436
2015-06-04,3,114069.1204,114035.3208,114168.80509028689,114168.80667602818
2015-06-05,3,113852.3628,114069.1204,114242.08624641746,114242.09690922905
2015-06-06,3,113644.8042,113852.3628,114039.70441544228,114039.75187809768
2015-06-07,3,113644.5686,113644.8042,113861.48312386776,113861.56656503024
2015-06-08,3,113644.0318,113644.5686,113882.00491098568,113882.1036747315
2015-06-09,3,113534.8963,113644.0318,113907.29281473876,113907.39637172215
2015-06-10,3,113296.9882,113534.8963,113833.99143365862,113834.08471639406
2015-06-11,3,113151.741,113296.9882,113572.88134611567,113572.97722899847
2015-06-12,3,112985.7786,113151.741,113388.41782452613,113388.53447405729
2015-06-13,3,113081.0804,112985.7786,113221.4122852787,113221.55257735786
2015-06-14,3,113080.7141,113081.0804,113293.07233025586,113293.20751605391
2015-06-15,3,113081.2077,113080.7141,113318.76196692033,113318.89636732289
2015-06-16,3,112917.3976,113081.2077,113324.27620507672,113324.39279181596
2015-06-17,3,112664.9599,112917.3976,113157.69741458919,113157.85443921953
2015-06-18,3,112515.8657,112664.9599,112897.85724137054,112898.01665888386
2015-06-19,3,113270.2224,112515.8657,112735.54896526336,112735.72897494158
2015-06-20,3,113071.5121,113270.2224,113371.16101267585,113371.32545836252
2015-06-21,3,113071.505,113071.5121,113270.29878538981,113270.45228555435
2015-06-22,3,113071.7703,113071.505,113261.32647161304,113261.49477425331
2015-06-23,3,112922.1778,113071.7703,113275.07278273109,113275.23443009373
2015-06-24,3,112694.5622,112922.1778,113154.27995888295,113154.43310992778
2015-06-25,3,112670.3641,112694.5622,112952.43227701879,112952.59667562768
2015-06-26,3,110331.4253,112670.3641,112908.45764095627,112908.61130686854
2015-06-27,3,110307.0666,110331.4253,110900.4813120566,110900.62778666032
2015-06-28,3,110304.6009,110307.0666,110703.44694727894,110703.66310137844
2015-06-29,3,110306.1472,110304.6009,110724.55644188603,110724.75058017706
2015-06-30,3,110251.0899,110306.1472,110726.11614581964,110726.29630745975
2015-07-01,3,109969.6658,110251.0899,110929.0064862177,110929.15518794133
2015-07-02,3,109970.9386,109969.6658,110326.186766553,110326.39312214463
2015-07-03,3,110155.0182,109970.9386,110185.5817223839,110185.89851497879
2015-07-04,3,110466.685,110155.0182,110389.65559360303,110390.03448449464
2015-07-05,3,110466.7139,110466.685,110670.59388685111,110670.95633953298
2015-07-06,3,110467.7955,110466.7139,110710.17848289473,110710.53371077872
2015-07-07,3,110940.9713,110467.7955,110729.1420686334,110729.49647224232
2015-07-08,3,111003.7797,110940.9713,111148.13173059089,111148.47065039704
2015-07-09,3,111436.3786,111003.7797,111239.48390079188,111239.81678404851
2015-07-10,3,111553.8604,111436.3786,111632.38734809658,111632.570789072
2015-07-11,3,111697.2638,111553.8604,111762.1687440607,111762.33285682883
2015-07-12,3,111844.5321,111697.2638,111907.29123639321,111907.4504117938
2015-07-13,3,111844.695,111844.5321,112090.8501896798,112091.01036900327
2015-07-14,3,111858.3112,111844.695,112150.02843262647,112150.18148866238
2015-07-15,3,111987.6508,111858.3112,112175.00754700012,112175.13236602618
2015-07-16,3,112109.0491,111987.6508,112289.3894536772,112289.5122471087
2015-07-17,3,112464.5303,112109.0491,112377.98287513734,112378.10386376016
2015-07-18,3,112625.3894,112464.5303,112688.76717849774,112688.90256118665
2015-07-19,3,112624.7608,112625.3894,112899.99028649137,112900.13870521459
2015-07-20,3,111073.8268,112624.7608,112949.16912970891,112949.32983967262
2015-07-21,3,111309.1301,111073.8268,111656.77127538282,111657.0101381749
2015-07-22,3,111709.0718,111309.1301,111762.68975319447,111762.97472750852
2015-07-23,3,111963.8008,111709.0718,112133.44527965822,112133.72954239612
2015-07-24,3,112484.5532,111963.8008,112370.226263013,112370.50149088172
2015-07-25,3,113134.8436,112484.5532,112814.43752244877,112814.7198953888
2015-07-26,3,113179.7096,113134.8436,113349.72447163014,113349.98190405252
2015-07-27,3,113180.7098,113179.7096,113432.32431616256,113432.59880927237
2015-07-28,3,113549.9819,113180.7098,113507.68040533872,113508.00530667623
2015-07-29,3,113812.1558,113549.9819,113835.1477141302,113835.45245895327
2015-07-30,3,113895.7263,113812.1558,114074.48395832772,114074.75399207264
2015-07-31,3,114178.9656,113895.7263,114132.36495219026,114132.62026146967
2015-08-01,3,114483.0317,114178.9656,114354.88054310268,114355.10635994762
2015-08-02,3,114482.7459,114483.0317,114632.56595171338,114632.76018541631
2015-08-03,3,114484.9983,114482.7459,114705.6309073211,114705.73131952206
2015-08-04,3,114485.8816,114484.9983,114728.86335951264,114728.96673447352
2015-08-05,3,114704.1805,114485.8816,114718.80992614917,114718.91240809982
2015-08-06,3,114894.1363,114704.1805,114889.01325333006,114889.12845651926
2015-08-07,3,114695.4895,114894.1363,115038.7787003694,115038.90580529168
2015-08-08,3,114642.9762,114695.4895,114857.70896381242,114857.86857834223
2015-08-09,3,114616.9302,114642.9762,114789.52002403454,114789.68170169267
2015-08-10,3,114617.0947,114616.9302,114784.84980471918,114785.00960173024
2015-08-11,3,114639.269,114617.0947,114802.81949285536,114802.99594573914
2015-08-12,3,114647.1244,114639.269,114808.77117259297,114808.9437645357
2015-08-13,3,114672.9448,114647.1244,114782.46216431366,114782.62479526887
2015-08-14,3,114529.7261,114672.9448,114752.31005041736,114752.48403535035
2015-08-15,3,114534.2774,114529.7261,114603.37000545228,114603.56594821795
2015-08-16,3,114534.6289,114534.2774,114596.12189073469,114596.31898873477
2015-08-17,3,114535.4079,114534.6289,114612.90499794224,114613.09461847931
2015-08-18,3,114913.68,114535.4079,114622.01840262568,114622.19563782247
2015-08-19,3,114914.8003,114913.68,114891.0180856493,114891.15617921727
2015-08-20,3,114548.0728,114914.8003,114881.11610913232,114881.24032839295
2015-08-21,3,114392.985,114548.0728,114515.51079955634,114515.62704180257
2015-08-22,3,114920.2968,114392.985,114317.6258726491,114317.73928068613
2015-08-23,3,114920.0058,114920.2968,114754.98691879414,114755.07969965662
2015-08-24,3,114921.9034,114920.0058,114820.12864745889,114820.20784606534
2015-08-25,3,114635.6302,114921.9034,114829.14224826307,114829.2064002066
2015-08-26,3,114593.7265,114635.6302,114552.25021926426,114552.29717240552
2015-08-27,3,114295.003,114593.7265,114454.91378969722,114454.97483270215
2015-08-28,3,114221.3533,114295.003,114173.909514314,114173.9725184352
2015-08-29,3,114314.8454,114221.3533,114068.51842055444,114068.57222566991
2015-08-30,3,114314.845,114314.8454,114119.7672548681,114119.7985453002
2015-08-31,3,114316.2236,114314.845,114134.33951686461,114134.36483732692
2015-09-01,3,114259.069,114316.2236,114187.34688459097,114187.41527006058
2015-09-02,3,114130.0298,114259.069,114126.30138482027,114126.37510481488
2015-09-03,3,113436.0024,114130.0298,113973.51527808864,113973.56804314496
2015-09-04,3,113086.3235,113436.0024,113351.41852951495,113351.4703306988
2015-09-05,3,112840.4562,113086.3235,112971.01231942889,112971.1074166119
2015-09-06,3,112840.3622,112840.4562,112716.22305689253,112716.30164401197
2015-09-07,3,112840.5669,112840.3622,112975.99254678881,112976.02482671238
2015-09-08,3,112840.8518,112840.5669,112686.3723298003,112686.40995314036
2015-09-09,3,112545.8764,112840.8518,112648.68604697628,112648.72255417494
2015-09-10,3,112258.4326,112545.8764,112329.14028200431,112329.16953724748
2015-09-11,3,112185.1934,112258.4326,112016.05938969586,112016.11311935275
2015-09-12,3,112038.696,112185.1934,111895.88333433404,111895.95097430832
2015-09-13,3,112038.6768,112038.696,111752.33814114236,111752.39430487997
2015-09-14,3,112039.1785,112038.6768,111738.50497759352,111738.5500034967
2015-09-15,3,111925.8124,112039.1785,111736.32701970884,111736.35951744697
2015-09-16,3,111532.9426,111925.8124,111606.42521571803,111606.44397214416
2015-09-17,3,110925.2363,111532.9426,111240.87408675572,111240.86517618329
2015-09-18,3,110395.3901,110925.2363,110662.19849171459,110662.18104505206
2015-09-19,3,110282.3144,110395.3901,110125.49002748464,110125.45625963683
2015-09-20,3,110282.5362,110282.3144,109974.08520737806,109974.04689905496
2015-09-21,3,110283.4774,110282.5362,109978.01151846541,109977.96969779987
2015-09-22,3,111249.8205,110283.4774,109967.23686740555,109967.1931429209
2015-09-23,3,111026.427,111249.8205,110767.63261120679,110767.56196119968
2015-09-24,3,110585.2406,111026.427,110607.41857347853,110607.33572909635
2015-09-25,3,110142.4866,110585.2406,110169.65810492239,110169.62567451327
2015-09-26,3,109755.8242,110142.4866,109736.74386455216,109736.73024427153
2015-09-27,3,109757.7744,109755.8242,109382.78917268828,109382.7726021088
2015-09-28,3,109758.4944,109757.7744,109387.6826338701,109387.65433881548
2015-09-29,3,109020.3123,109758.4944,109420.0233067643,109419.95959250984
2015-09-30,3,108437.5176,109020.3123,108750.37251232027,108750.2581963319
2015-10-01,3,106931.473,108437.5176,108154.22966353364,108154.08606151058
2015-10-02,3,106019.5765,106931.473,106802.25936598904,106802.11690482471
2015-10-03,3,105166.0825,106019.5765,105869.25136958068,105869.13779755899
2015-10-04,3,105166.0825,105166.0825,105061.09541311381,105060.98877825635
2015-10-05,3,105166.62,105166.0825,104964.89685717794,104964.79292360008
2015-10-06,3,104752.2296,105166.62,104897.89669635179,104897.85386733565
2015-10-07,3,104277.076,104752.2296,104480.63268374765,104480.61845710978
2015-10-08,3,104083.2005,104277.076,103937.97589210591,103937.99718292663
2015-10-09,3,103440.835,104083.2005,103676.45814418836,103676.52427850307
2015-10-10,3,103087.4786,103440.835,103072.81898866777,103072.88831065349
2015-10-11,3,103072.0184,103087.4786,102722.64707524495,102722.74428654673
2015-10-12,3,103072.0165,103072.0184,102952.08184764405,102952.13738995983
2015-10-13,3,103071.9663,103072.0165,102657.06710096491,102657.10933967966
2015-10-14,3,102830.981,103071.9663,102638.81536490742,102638.84192959523
2015-10-15,3,102620.4489,102830.981,102411.86220961885,102411.82145457373
2015-10-16,3,101932.3052,102620.4489,102156.51942515965,102156.44516387199
2015-10-17,3,101610.3775,101932.3052,101537.62860446837,101537.51786931916
2015-10-18,3,101610.5732,101610.3775,101203.59780877324,101203.49602833066
2015-10-19,3,101613.3071,101610.5732,101191.2476258665,101191.1384228641
2015-10-20,3,101413.689,101613.3071,101208.66034220009,101208.5193750868
2015-10-21,3,100105.6195,101413.689,101025.79835841033,101025.63496665638
2015-10-22,3,99975.84653,100105.6195,99897.15989201154,99897.02882381227
2015-10-23,3,99808.34082,99975.84653,99650.5439927694,99650.43663942331
2015-10-24,3,99591.46465,99808.34082,99505.59293221352,99505.48632840849
2015-10-25,3,99590.85889,99591.46465,99319.09625152603,99318.9989853465
2015-10-26,3,99591.75854,99590.85889,99309.77463202145,99309.6913792088
2015-10-27,3,99360.15304,99591.75854,99313.74591994601,99313.69076697367
2015-10-28,3,99002.68691,99360.15304,99088.94751475398,99088.91130830284
2015-10-29,3,98753.60113,99002.68691,98787.40366307044,98787.41643277279
2015-10-30,3,98672.8551,98753.60113,98533.93747171684,98533.92983378116
2015-10-31,3,98504.9651,98672.8551,98412.88510393583,98412.85322972332
2015-11-01,3,98505.59262,98504.9651,98267.12431446911,98267.09917431789
2015-11-02,3,98506.25108,98505.59262,98252.55040904817,98252.51976284132
2015-11-03,3,98312.98809,98506.25108,98265.5003424947,98265.46726489492
2015-11-04,3,98170.38906,98312.98809,98117.58527178071,98117.49516488072
2015-11-05,3,97943.28946,98170.38906,97964.55425337465,97964.48123696532
2015-11-06,3,97667.71281,97943.28946,97735.5206819305,97735.44840178717
2015-11-07,3,97642.14926,97667.71281,97471.54683129703,97471.47225699722
2015-11-08,3,97642.14843,97642.14926,97425.30318789945,97425.22540302099
2015-11-09,3,97642.8315,97642.14843,97439.1649386182,97439.08367275484
2015-11-10,3,97579.65985,97642.8315,97459.46637599483,97459.37925875776
2015-11-11,3,97495.07467,97579.65985,97418.0073771789,97417.91851881894
2015-11-12,3,97400.92217,97495.07467,97329.39506062378,97329.31427354286
2015-11-13,3,97330.34937,97400.92217,97223.16246511285,97223.09864515951
2015-11-14,3,97330.95653,97330.34937,97161.14008784096,97161.08631253878
2015-11-15,3,97330.79077,97330.95653,97159.76603462784,97159.70965881781
2015-11-16,3,97331.26167,97330.79077,97185.93067332271,97185.87544631204
2015-11-17,3,97326.34382,97331.26167,97220.635997014,97220.57848493701
2015-11-18,3,96829.3166,97326.34382,97236.89129436835,97236.84071013296
2015-11-19,3,96746.19502,96829.3166,96816.07923237054,96816.02979674852
2015-11-20,3,96872.3442,96746.19502,96664.69873449294,96664.63450790037
2015-11-21,3,96868.38001,96872.3442,96759.31062009143,96759.24419247833
2015-11-22,3,96868.57654,96868.38001,96774.18568956475,96774.11489811655
2015-11-23,3,96868.71624,96868.57654,96792.80760702494,96792.7401809804
2015-11-24,3,96945.54257,96868.71624,96813.3472349652,96813.28593797993
2015-11-25,3,96896.04215,96945.54257,96877.79102667894,96877.73816793782
2015-11-26,3,96716.31967,96896.04215,96846.69331070465,96846.65717729344
2015-11-27,3,96752.60599,96716.31967,96669.43550925533,96669.40391920345
2015-11-28,3,96729.58316,96752.60599,96667.31772594678,96667.28479354888
2015-11-29,3,96728.68682,96729.58316,96663.47193899062,96663.43896546417
2015-11-30,3,96729.48952,96728.68682,96687.61614160903,96687.58296503565
2015-12-01,3,96114.8879,96729.48952,96522.74609703405,96522.6448973401
2015-12-02,3,95913.9429,96114.8879,96014.89182758583,96014.76179883989
2015-12-03,3,95695.21397,95913.9429,95780.29207278545,95780.18069973541
2015-12-04,3,95077.32002,95695.21397,95562.64163382928,95562.54594259449
2015-12-05,3,96050.35037,95077.32002,94998.84180512554,94998.74364156171
2015-12-06,3,96067.24025,96050.35037,95781.08986066167,95780.98486326233
2015-12-07,3,96068.2888,96067.24025,95886.6038809796,95886.47486223943
2015-12-08,3,96050.54202,96068.2888,95880.59229160057,95880.49102205677
2015-12-09,3,96124.99147,96050.54202,95879.43680906201,95879.36839175987
2015-12-10,3,96083.09669,96124.99147,95930.84949956453,95930.78665835492
2015-12-11,3,96071.05579,96083.09669,95884.6976801123,95884.64724391878
2015-12-12,3,95871.93171,96071.05579,95882.79054752077,95882.74523593512
2015-12-13,3,95871.97875,95871.93171,95692.4427995082,95692.36612939526
2015-12-14,3,95873.35542,95871.97875,95705.10796852197,95705.0373223114
2015-12-15,3,95898.03248,95873.35542,95744.38634527508,95744.27802435229
2015-12-16,3,95739.64942,95898.03248,95782.34402358817,95782.22776913868
2015-12-17,3,95603.57495,95739.64942,95635.24262351853,95635.12081824573
2015-12-18,3,95131.95044,95603.57495,95476.66155900693,95476.51046530915
2015-12-19,3,94995.11782,95131.95044,95029.44500727887,95029.36765191738
2015-12-20,3,94995.01046,94995.11782,94892.38314632983,94892.32810446613
2015-12-21,3,94995.35424,94995.01046,94907.25622747645,94907.19980391237
2015-12-22,3,95876.58823,94995.35424,94927.53917702145,94927.48078808007
2015-12-23,3,95900.12163,95876.58823,95687.41026807067,95687.35034845708
2015-12-24,3,96320.39679,95900.12163,95766.9304003725,95766.86865783618
2015-12-25,3,95897.11616,96320.39679,96389.37304670925,96389.30399197788
2015-12-26,3,95897.17881,95897.11616,96061.12530647745,96061.06898174336
2015-12-27,3,95897.29889,95897.17881,95766.69942056765,95766.69880079445
2015-12-28,3,95897.57178,95897.29889,96094.2599786019,96094.2154609503
2015-12-29,3,96020.60345,95897.57178,95858.58269095923,95858.55675157315
2015-12-30,3,96079.77496,96020.60345,95958.85828746817,95958.78840662148
2015-12-31,3,96167.66409,96079.77496,96001.04073224893,96000.95151123215
2016-01-01,3,96497.40862,96167.66409,96317.56768024602,96317.40918971953
2016-01-02,3,96497.68799,96497.40862,96329.9572782448,96329.83687818384
2016-01-03,3,96553.97168,96497.68799,96350.15464270565,96350.01563075943
2016-01-04,3,96555.47278,96553.97168,96451.16434724857,96451.04299420724
2016-01-05,3,96546.82969,96555.47278,96481.03632078055,96480.9696849445
2016-01-06,3,97045.47765,96546.82969,96485.2364834403,96485.16805698747
2016-01-07,3,97012.55102,97045.47765,96908.3264232443,96908.27433588206
2016-01-08,3,97351.56996,97012.55102,96915.76243135425,96915.67556741604
2016-01-09,3,97337.60454,97351.56996,97196.24849863251,97196.1700356086
2016-01-10,3,97814.6756,97337.60454,97230.97846205188,97230.90317069672
2016-01-11,3,97816.88112,97814.6756,97675.83982858465,97675.76453503722
2016-01-12,3,97813.76223,97816.88112,97756.79130522216,97756.71681722894
2016-01-13,3,97906.5574,97813.76223,97775.44759893755,97775.37978468477
2016-01-14,3,97892.28739,97906.5574,97836.37416281311,97836.30018361438
2016-01-15,3,98012.85806,97892.28739,97813.34381280353,97813.2873047259
2016-01-16,3,98072.20728,98012.85806,97897.18049600851,97897.10993444393
2016-01-17,3,97920.01007,98072.20728,97960.28041373407,97960.19479838954
2016-01-18,3,97920.12757,97920.01007,97836.54860129609,97836.44044942551
2016-01-19,3,97988.90607,97920.12757,97843.43632684786,97843.32370891672
2016-01-20,3,98150.6365,97988.90607,97898.68086547042,97898.58381114295
2016-01-21,3,98157.02592,98150.6365,98042.6340143369,98042.55932551615
2016-01-22,3,98318.99824,98157.02592,98032.52664366817,98032.4680199117
2016-01-23,3,98763.74084,98318.99824,98163.37294907948,98163.31552689055
2016-01-24,3,98857.32212,98763.74084,98552.65564839897,98552.61068905007
2016-01-25,3,98857.54114,98857.32212,98701.93075194643,98701.87786515962
2016-01-26,3,98913.97185,98857.54114,98733.34830285414,98733.29057409549
2016-01-27,3,98943.874,98913.97185,98785.54664304724,98785.48403623985
2016-01-28,3,98932.26751,98943.874,98797.32685402494,98797.25006646011
2016-01-29,3,98899.10314,98932.26751,98765.51265761814,98765.43174699285
2016-01-30,3,98750.79293,98899.10314,98714.62035510149,98714.52491687184
2016-01-31,3,98743.98548,98750.79293,98581.62769775433,98581.51337267323
2016-02-01,3,98745.20926,98743.98548,98580.47280140294,98580.34963891297
2016-02-02,3,98784.25418,98745.20926,98600.38502499771,98600.2551827988
2016-02-03,3,98807.02539,98784.25418,98627.7375581906,98627.60343122375
2016-02-04,3,98641.88219,98807.02539,98620.38247853256,98620.23690225086
2016-02-05,3,98624.42219,98641.88219,98449.2489748202,98449.12971473887
2016-02-06,3,98561.47801,98624.42219,98385.59696316482,98385.5032645281
2016-02-07,3,98235.7732,98561.47801,98340.66787900409,98340.59120654632
2016-02-08,3,98235.78686,98235.7732,98073.92278493528,98073.8416809976
2016-02-09,3,97257.43336,98235.78686,98072.68303504636,98072.62176437538
2016-02-10,3,97166.70049,97257.43336,97236.5027910264,97236.43592983064
2016-02-11,3,97159.9417,97166.70049,97047.07396492733,97047.02375336326
2016-02-12,3,97117.30851,97159.9417,97003.4824467646,97003.42440729501
2016-02-13,3,97136.91192,97117.30851,96927.19964345559,96927.12455281413
2016-02-14,3,97135.44226,97136.91192,96914.18455298815,96914.11331362052
2016-02-15,3,97136.07063,97135.44226,97195.52616531328,97195.43471978646
2016-02-16,3,97157.78411,97136.07063,96875.90963906064,96875.85917365224
2016-02-17,3,97126.50383,97157.78411,96911.42411401666,96911.40185407973
2016-02-18,3,97088.29826,97126.50383,96861.84069376369,96861.803059577
2016-02-19,3,97167.29834,97088.29826,96791.65113533959,96791.60790861057
2016-02-20,3,95678.81574,97167.29834,96832.63808458757,96832.58292377215
2016-02-21,3,95698.75306,95678.81574,95582.59095986524,95582.49565884614
2016-02-22,3,95698.03362,95698.75306,95506.15143639906,95506.0936222663
2016-02-23,3,95573.55384,95698.03362,95545.99328172702,95545.85592098132
2016-02-24,3,95553.10326,95573.55384,95432.77650456212,95432.62339855387
2016-02-25,3,95383.39299,95553.10326,95367.25982038665,95367.11547711256
2016-02-26,3,95455.69559,95383.39299,95161.37277648074,95161.24075994392
2016-02-27,3,95467.39158,95455.69559,95126.38535076812,95126.27910759847
2016-02-28,3,95579.62836,95467.39158,95198.02184792994,95197.9811312799
2016-02-29,3,95580.8474,95579.62836,95310.29955257416,95310.25255944417
2016-03-01,3,95539.64581,95580.8474,95402.72449255505,95402.70065666914
2016-03-02,3,95455.43156,95539.64581,95377.64338864746,95377.62783129967
2016-03-03,3,95441.82521,95455.43156,95287.010538488,95287.00103693324
2016-03-04,3,95580.44478,95441.82521,95254.77565709298,95254.78217654998
2016-03-05,3,95577.89065,95580.44478,95381.30196773371,95381.21450828815
2016-03-06,3,95565.85975,95577.89065,95407.22401697948,95407.13639113423
2016-03-07,3,95566.35838,95565.85975,95425.60516335451,95425.5212777218
2016-03-08,3,95488.17265,95566.35838,95451.81423815328,95451.72509249304
2016-03-09,3,95711.25934,95488.17265,95403.83092328001,95403.75166800275
2016-03-10,3,95306.90642,95711.25934,95566.70480926486,95566.60351910819
2016-03-11,3,95316.16276,95306.90642,95218.37944101142,95218.28275556426
2016-03-12,3,95368.87722,95316.16276,95176.37860879365,95176.29215246432
2016-03-13,3,95346.76834,95368.87722,95235.73260398938,95235.65238414702
2016-03-14,3,95346.76834,95346.76834,95253.09750269777,95253.01948251034
2016-03-15,3,95363.9202,95346.76834,95282.0798842775,95282.00513099477
2016-03-16,3,95389.79382,95363.9202,95315.57810701866,95315.50692753789
2016-03-17,3,95419.62736,95389.79382,95314.27488976784,95314.20894869657
2016-03-18,3,95402.75984,95419.62736,95339.91277340795,95339.8778087037
2016-03-19,3,95520.63712,95402.75984,95328.63577810058,95328.60928690522
2016-03-20,3,95549.76257,95520.63712,95452.83715734625,95452.81476875987
2016-03-21,3,95551.15481,95549.76257,95485.59703624797,95485.54093373525
2016-03-22,3,96284.67592,95551.15481,95520.00440838594,95519.94392305377
2016-03-23,3,96309.54121,96284.67592,96175.71739798863,96175.66401024412
2016-03-24,3,96225.70311,96309.54121,96257.5713137912,96257.48121035472
2016-03-25,3,96248.33089,96225.70311,96447.526092936,96447.41586101166
2016-03-26,3,96247.90203,96248.33089,96170.8121954792,96170.74650481972
2016-03-27,3,96240.80371,96247.90203,96190.11427140108,96190.04231199407
2016-03-28,3,96240.80371,96240.80371,96224.66989224986,96224.59256986994
2016-03-29,3,96437.087,96240.80371,96265.22577288018,96265.14009257243
2016-03-30,3,96588.21622,96437.087,96429.10033591847,96428.99064685243
2016-03-31,3,96732.69371,96588.21622,96567.9449865886,96567.8381258662
2016-04-01,3,96805.06062,96732.69371,96696.57208940932,96696.47510174598
2016-04-02,3,97248.22889,96805.06062,96761.11189737235,96761.02413794986
2016-04-03,3,97255.6476,97248.22889,97177.70965858838,97177.62799515328
2016-04-04,3,97255.21125,97255.6476,97263.93934623945,97263.8554411411
2016-04-05,3,97429.04759,97255.21125,97296.07428889947,97296.04120181741
2016-04-06,3,97506.47497,97429.04759,97465.67211215965,97465.6355952513
2016-04-07,3,97662.22762,97506.47497,97546.603738161,97546.55534880151
2016-04-08,3,97834.41823,97662.22762,97683.10783486904,97683.06100950528
2016-04-09,3,97920.75527,97834.41823,97838.59024989737,97838.53038441946
2016-04-10,3,97981.7413,97920.75527,97933.62378040291,97933.54813578461
2016-04-11,3,97981.85795,97981.7413,98031.4752189338,98031.40266757311
2016-04-12,3,98076.93504,97981.85795,98072.6232493456,98072.56134135819
2016-04-13,3,98201.55449,98076.93504,98168.73091690606,98168.67094272407
2016-04-14,3,98494.25826,98201.55449,98282.12045255557,98282.06374508927
2016-04-15,3,98781.9947,98494.25826,98528.6319669186,98528.56615615501
2016-04-16,3,99027.92237,98781.9947,98792.30459434351,98792.25228084894
2016-04-17,3,99027.92237,99027.92237,99046.60636420407,99046.54584538964
2016-04-18,3,99028.27882,99027.92237,99102.06295627728,99102.00285717113
2016-04-19,3,99538.97737,99028.27882,99138.64414024554,99138.59618256059
2016-04-20,3,99768.4947,99538.97737,99610.27650110707,99610.22158507773
2016-04-21,3,99946.20492,99768.4947,99864.57083710276,99864.52555131078
2016-04-22,3,100213.5694,99946.20492,100023.56235231156,100023.51603341456
2016-04-23,3,100338.2917,100213.5694,100282.11126248869,100282.07140969715
2016-04-24,3,100338.712,100338.2917,100407.43513661476,100407.36805907366
2016-04-25,3,100340.2092,100338.712,100458.8768751398,100458.80610403174
2016-04-26,3,100655.3418,100340.2092,100505.20146977162,100505.1288051889
2016-04-27,3,100648.8183,100655.3418,100791.51217161279,100791.4210244776
2016-04-28,3,100913.4342,100648.8183,100806.13744691973,100806.05153289554
2016-04-29,3,101228.5787,100913.4342,101024.11422815072,101024.0453895561
2016-04-30,3,101758.3746,101228.5787,101303.3897896986,101303.31517413152
2016-05-01,3,101757.8697,101758.3746,101816.81593174476,101816.73427097009
2016-05-02,3,101759.0162,101757.8697,101908.27328452443,101908.20142413961
2016-05-03,3,102401.2292,101759.0162,101947.56532505737,101947.53154949563
2016-05-04,3,103315.6878,102401.2292,102526.64643472372,102526.61167518169
2016-05-05,3,103807.5327,103315.6878,103399.06947918911,103399.02460906454
2016-05-06,3,104380.8011,103807.5327,103897.64327783445,103897.58281356072
2016-05-07,3,105189.3471,104380.8011,104446.0067305916,104445.94486000772
2016-05-08,3,105193.8947,105189.3471,105219.30500380219,105219.22337935976
2016-05-09,3,105195.8691,105193.8947,105350.9010227332,105350.81422903098
2016-05-10,3,105762.2759,105195.8691,105418.2356579733,105418.17107217127
2016-05-11,3,106755.6394,105762.2759,105945.3629256864,105945.25621637305
2016-05-12,3,106950.761,106755.6394,106858.46670489293,106858.31276985983
2016-05-13,3,107334.7142,106950.761,107114.52153257388,107114.35231620507
2016-05-14,3,108233.4998,107334.7142,107462.39155586965,107462.24582156481
2016-05-15,3,108233.7911,108233.4998,108301.27852212079,108301.1161872645
2016-05-16,3,108234.3911,108233.7911,108443.22428930878,108443.06243346629
2016-05-17,3,109114.1167,108234.3911,108500.67405497374,108500.55416974338
2016-05-18,3,109607.2861,109114.1167,109286.71292803329,109286.605327031
2016-05-19,3,111262.3559,109607.2861,109796.91543972655,109796.80514599505
2016-05-20,3,112096.8964,111262.3559,111287.45579549478,111287.35125224182
2016-05-21,3,112554.5813,112096.8964,112169.52778181336,112169.42603575987
2016-05-22,3,112554.6772,112554.5813,112658.07710952708,112657.96858495068
2016-05-23,3,112554.6772,112554.6772,113046.61240735406,113046.4881753304
2016-05-24,3,112555.5181,112554.6772,112835.0274524768,112834.96541345841
2016-05-25,3,113296.3689,112555.5181,112857.95180613069,112857.89859580787
2016-05-26,3,114924.72,113296.3689,113518.0520581681,113517.95217663531
2016-05-27,3,115798.6421,114924.72,114965.49723291215,114965.30360552837
2016-05-28,3,116367.7479,115798.6421,115847.72939978138,115847.5265766751
2016-05-29,3,116367.8566,116367.7479,116432.21518828081,116432.00984185137
2016-05-30,3,116374.0308,116367.8566,116537.99509373173,116537.82032503403
2016-05-31,3,116871.5634,116374.0308,116587.33628813594,116587.20969798078
2016-06-01,3,117087.2154,116871.5634,117123.15882604063,117123.03166890668
2016-06-02,3,118270.3395,117087.2154,117352.01677268065,117351.9275457614
2016-06-03,3,119684.9841,118270.3395,118355.2985943328,118355.18549083707
2016-06-04,3,120209.561,119684.9841,119677.84813914052,119677.69333434074
2016-06-05,3,120720.1475,120209.561,120275.5674851672,120275.39431503651
2016-06-06,3,120721.5604,120720.1475,120828.15415585597,120828.01634108566
2016-06-07,3,121579.735,120721.5604,120929.27016310289,120929.11740825398
2016-06-08,3,122258.9724,121579.735,121688.65743325204,121688.49358095047
2016-06-09,3,123365.5096,122258.9724,122362.98091489811,122362.85291492191
2016-06-10,3,123814.4273,123365.5096,123374.56744030809,123374.43270944794
2016-06-11,3,124273.1473,123814.4273,123830.6296421936,123830.45446652526
2016-06-12,3,124404.5942,124273.1473,124290.97643834581,124290.78380231111
2016-06-13,3,124404.4817,124404.5942,124495.04917402411,124494.85875349426
2016-06-14,3,124541.1274,124404.4817,124553.07714875528,124552.88328279734
2016-06-15,3,124764.8897,124541.1274,124670.7031862986,124670.4485718179
2016-06-16,3,125294.8448,124764.8897,124858.2622369944,124858.0394395217
2016-06-17,3,125955.7396,125294.8448,125281.12114975422,125280.92341901813
2016-06-18,3,126220.2659,125955.7396,125914.07305602267,125913.92134745448
2016-06-19,3,126220.2659,126220.2659,126199.07506335343,126198.94184702322
2016-06-20,3,126220.9582,126220.2659,126255.04948259887,126254.92652615721
2016-06-21,3,126348.6161,126220.9582,126270.38124398711,126270.29165708431
2016-06-22,3,126093.0936,126348.6161,126373.2260765217,126373.13158998033
2016-06-23,3,126362.3829,126093.0936,126121.71975166332,126121.635881785
2016-06-24,3,126662.7502,126362.3829,126288.02897541551,126287.93637711575
2016-06-25,3,127023.6889,126662.7502,126531.80729845761,126531.72490322005
2016-06-26,3,127001.9888,127023.6889,126896.51220979911,126896.45270543445
2016-06-27,3,127002.4143,127001.9888,126927.70131521153,126927.63746453334
2016-06-28,3,127237.9892,127002.4143,126928.02329866459,126927.94228941266
2016-06-29,3,127171.0481,127237.9892,127106.94569138454,127106.83245478483
2016-06-30,3,127189.5655,127171.0481,127040.98774750165,127040.87901739277
2016-07-01,3,127572.9647,127189.5655,127274.41563891963,127274.26584468379
2016-07-02,3,127573.1167,127572.9647,127299.66658751399,127299.54760975085
2016-07-03,3,127574.1722,127573.1167,127336.58459229482,127336.46954156752
2016-07-04,3,127575.2789,127574.1722,127349.02710321904,127348.90347139917
2016-07-05,3,127570.4935,127575.2789,127365.03058642473,127364.90310519983
2016-07-06,3,127768.639,127570.4935,127346.65511965292,127346.47494654855
2016-07-07,3,127859.6619,127768.639,127493.948177173,127493.7771752133
2016-07-08,3,127219.2372,127859.6619,127561.99586983159,127561.8330028727
2016-07-09,3,126930.721,127219.2372,126995.53211656264,126995.41824540487
2016-07-10,3,126743.9551,126930.721,126701.11605050355,126701.02662795375
2016-07-11,3,126744.3904,126743.9551,126545.17962159726,126545.09636748514
2016-07-12,3,126398.8178,126744.3904,126542.83073378322,126542.74458337673
2016-07-13,3,126072.3262,126398.8178,126239.21522920542,126239.10990324023
2016-07-14,3,125654.7871,126072.3262,125881.5218034844,125881.42173043624
2016-07-15,3,125227.9698,125654.7871,125421.30973845955,125421.25051719378
2016-07-16,3,125312.831,125227.9698,125002.24813208726,125002.2342908833
2016-07-17,3,125312.8194,125312.831,125037.6772884783,125037.67024851507
2016-07-18,3,125314.3603,125312.8194,125048.44008474724,125048.42561874527
2016-07-19,3,125328.1108,125314.3603,125015.48779747513,125015.46314750359
2016-07-20,3,125058.7706,125328.1108,125012.27952252011,125012.2951053922
2016-07-21,3,124753.5254,125058.7706,124734.77497010847,124734.81164495058
2016-07-22,3,125126.2487,124753.5254,124405.5953490455,124405.6013447595
2016-07-23,3,124394.2917,125126.2487,124687.32324632147,124687.30793320441
2016-07-24,3,124372.2076,124394.2917,124092.3769001334,124092.33583071885
2016-07-25,3,124367.8588,124372.2076,124018.48958867889,124018.46003644394
2016-07-26,3,123978.8319,124367.8588,124020.84761297907,124020.78545939107
2016-07-27,3,123333.8788,123978.8319,123675.18666139473,123675.1032121857
2016-07-28,3,122687.5467,123333.8788,123073.70269637041,123073.61313741196
2016-07-29,3,121186.6347,122687.5467,122442.2056034878,122442.1055752352
2016-07-30,3,121060.6418,121186.6347,121062.83831805219,121062.75174778436
2016-07-31,3,121060.6172,121060.6418,120846.74430437082,120846.70881033578
2016-08-01,3,121060.6183,121060.6172,120829.86336361583,120829.81148264563
2016-08-02,3,121061.6789,121060.6183,120796.1132232472,120796.06739440099
2016-08-03,3,120696.6469,121061.6789,120742.08194440402,120742.05194760466
2016-08-04,3,120439.7688,120696.6469,120361.5558137464,120361.55532396185
2016-08-05,3,119895.4063,120439.7688,120029.84144984555,120029.92251150291
2016-08-06,3,119441.2497,119895.4063,119567.18227395744,119567.26725233375
2016-08-07,3,119441.3642,119441.2497,119126.18212442863,119126.2663649033
2016-08-08,3,119441.8293,119441.3642,119092.95852674954,119093.03907270204
2016-08-09,3,119029.5332,119441.8293,119095.08291501366,119095.13059685245
2016-08-10,3,118683.3721,119029.5332,118722.12738474879,118722.14367161188
2016-08-11,3,118179.5354,118683.3721,118350.97689437134,118350.98177700138
2016-08-12,3,118039.4769,118179.5354,117850.67560389545,117850.6108163565
2016-08-13,3,117910.6449,118039.4769,117652.18421309137,117652.13269321375
2016-08-14,3,117910.5893,117910.6449,117522.31884183851,117522.26806673552
2016-08-15,3,117911.7872,117910.5893,117510.05641377188,117510.00762419506
2016-08-16,3,117539.5717,117911.7872,117495.96340593036,117495.92292952213
2016-08-17,3,116943.3623,117539.5717,117170.55407516188,117170.51756103378
2016-08-18,3,116490.2484,116943.3623,116603.11757318507,116603.09541442108
2016-08-19,3,116277.2387,116490.2484,116149.22132925432,116149.19351673145
2016-08-20,3,115808.5816,116277.2387,115916.15679941687,115916.11158031443
2016-08-21,3,115808.3425,115808.5816,115522.49163611008,115522.46438964788
2016-08-22,3,115809.5348,115808.3425,115469.27518665738,115469.24760706184
2016-08-23,3,115508.5536,115809.5348,115468.35168773975,115468.31222659176
2016-08-24,3,115257.1081,115508.5536,115197.00129610923,115196.97220961154
2016-08-25,3,115317.5801,115257.1081,114936.1798740814,114936.16355258068
2016-08-26,3,115141.7494,115317.5801,114924.53434029923,114924.52970519195
2016-08-27,3,114962.7147,115141.7494,114743.04934910561,114743.04440365493
2016-08-28,3,114963.5152,114962.7147,114549.33656390573,114549.32517965113
2016-08-29,3,114963.6878,114963.5152,114536.71233841105,114536.70034947465
2016-08-30,3,114778.4454,114963.6878,114542.24078310444,114542.20851594722
2016-08-31,3,114464.1108,114778.4454,114390.86742773696,114390.81147203827
2016-09-01,3,114547.3239,114464.1108,114165.33999687356,114165.29646680944
2016-09-02,3,113859.8087,114547.3239,114163.96500882285,114163.9107577482
2016-09-03,3,113871.4938,113859.8087,113576.74922446419,113576.67402382413
2016-09-04,3,113863.3141,113871.4938,113524.89195716122,113524.83294620682
2016-09-05,3,113863.2141,113863.3141,113808.0317672,113807.92820952873
2016-09-06,3,113863.8289,113863.2141,113533.47423287097,113533.38978471606
2016-09-07,3,113546.9853,113863.8289,113528.57750340157,113528.49248287236
2016-09-08,3,113546.7227,113546.9853,113224.34817969988,113224.27644642782
2016-09-09,3,113273.5471,113546.7227,113137.65840520896,113137.59187284969
2016-09-10,3,112807.6782,113273.5471,112898.54567022079,112898.48017669968
2016-09-11,3,112806.7085,112807.6782,112478.5670334658,112478.5010553749
2016-09-12,3,112807.3863,112806.7085,112456.16061150515,112456.1018203779
2016-09-13,3,112582.5273,112807.3863,112473.9637692279,112473.88965971327
2016-09-14,3,112483.9383,112582.5273,112274.58650148539,112274.49787034192
2016-09-15,3,112291.8162,112483.9383,112139.54195147507,112139.47367134126
2016-09-16,3,112132.36,112291.8162,111912.80014568481,111912.69156037073
2016-09-17,3,111657.9295,112132.36,111720.7810459203,111720.68662965817
2016-09-18,3,111657.8004,111657.9295,111313.94332025453,111313.8617479357
2016-09-19,3,111658.4932,111657.8004,111272.86907882619,111272.786250162
2016-09-20,3,111718.2298,111658.4932,111275.46242951664,111275.37253157333
2016-09-21,3,111533.0152,111718.2298,111329.07737673596,111328.97720507265
2016-09-22,3,111158.8173,111533.0152,111116.34832143277,111116.23781289753
2016-09-23,3,111011.908,111158.8173,110731.78228310119,110731.6659663397
2016-09-24,3,110826.4427,111011.908,110548.98378475888,110548.85895689939
2016-09-25,3,110826.4307,110826.4427,110388.85707260185,110388.74002903124
2016-09-26,3,110826.3538,110826.4307,110386.90915944274,110386.78868049647
2016-09-27,3,110214.4434,110826.3538,110398.38065635263,110398.24048177285
2016-09-28,3,109539.865,110214.4434,109854.2287504838,109854.07798954772
2016-09-29,3,109439.9486,109539.865,109200.25881397713,109200.1249802038
2016-09-30,3,108988.4989,109439.9486,109020.15391609973,109020.02754263012
2016-10-01,3,108278.318,108988.4989,108620.57414196682,108620.42803630092
2016-10-02,3,108278.318,108278.318,107957.78874296366,107957.64379775489
2016-10-03,3,108280.4583,108278.318,107899.68522864596,107899.56366534138
2016-10-04,3,107763.1696,108280.4583,107874.5626064552,107874.44671758327
2016-10-05,3,106658.7359,107763.1696,107408.86576932232,107408.76152027966
2016-10-06,3,106031.3662,106658.7359,106403.8727597088,106403.78522236043
2016-10-07,3,105689.3363,106031.3662,105717.02933792581,105716.9666375063
2016-10-08,3,105374.8343,105689.3363,105338.0466498744,105337.99394772117
2016-10-09,3,105082.298,105374.8343,105043.24744717592,105043.20973784705
2016-10-10,3,105082.761,105082.298,105023.42517881536,105023.35010694165
2016-10-11,3,105084.2909,105082.761,104679.36714156944,104679.30586976369
2016-10-12,3,104860.0239,105084.2909,104633.01332570308,104632.94504338989
2016-10-13,3,104671.8633,104860.0239,104399.30993899127,104399.27700027562
2016-10-14,3,104595.9809,104671.8633,104180.67293599658,104180.6445943283
2016-10-15,3,104553.8386,104595.9809,104068.05355886849,104067.9945476308
2016-10-16,3,104553.8386,104553.8386,104024.43558419462,104024.38926243804
2016-10-17,3,104554.4204,104553.8386,104035.2455093334,104035.19987115818
2016-10-18,3,104248.9051,104554.4204,104053.5850448335,104053.50591828648
2016-10-19,3,103505.0485,104248.9051,103797.35833570134,103797.21491858191
2016-10-20,3,102792.881,103505.0485,103130.37420307694,103130.20843662106
2016-10-21,3,102712.8095,102792.881,102464.75325105374,102464.60222208624
2016-10-22,3,102509.7,102712.8095,102327.46755147199,102327.30706248972
2016-10-23,3,102500.613,102509.7,102158.41690001363,102158.23404272097
2016-10-24,3,102502.4942,102500.613,102144.73167162124,102144.5612489709
2016-10-25,3,102305.172,102502.4942,102142.65345306465,102142.50451708214
2016-10-26,3,102050.155,102305.172,101956.57288429703,101956.44980403122
2016-10-27,3,101619.2696,102050.155,101698.70688369192,101698.61842219166
2016-10-28,3,101491.322,101619.2696,101299.74015061012,101299.67846273757
2016-10-29,3,101428.1831,101491.322,101148.8118671105,101148.76924461228
2016-10-30,3,101411.7336,101428.1831,101096.51180056896,101096.47417326563
2016-10-31,3,101412.8853,101411.7336,101088.37901665104,101088.33892180462
2016-11-01,3,101173.0561,101412.8853,101108.21665119918,101108.17175415352
2016-11-02,3,100939.1178,101173.0561,100916.47693136503,100916.41034755029
2016-11-03,3,100557.459,100939.1178,100683.10891227628,100683.02582374979
2016-11-04,3,100134.9025,100557.459,100307.71092939936,100307.63157976406
2016-11-05,3,100059.8014,100134.9025,99896.6884960463,99896.59944723523
2016-11-06,3,100060.0089,100059.8014,99801.58154740749,99801.49831498954
2016-11-07,3,100060.0906,100060.0089,99806.56347236327,99806.47548880096
2016-11-08,3,99938.23344,100060.0906,99806.45188579892,99806.35256896162
2016-11-09,3,99733.99454,99938.23344,99696.18669049666,99696.09039925913
2016-11-10,3,99602.94539,99733.99454,99486.72759063936,99486.6319865964
2016-11-11,3,99571.87373,99602.94539,99329.01157979999,99328.93552169552
2016-11-12,3,99500.56385,99571.87373,99288.49830677672,99288.43703677472
2016-11-13,3,99500.56385,99500.56385,99237.61512056095,99237.55716934899
2016-11-14,3,99501.82168,99500.56385,99257.88694513115,99257.8361388256
2016-11-15,3,99474.78716,99501.82168,99286.59072075361,99286.53550032592
2016-11-16,3,99205.2716,99474.78716,99278.87370630082,99278.82218614544
2016-11-17,3,99181.19466,99205.2716,99040.81752012375,99040.75507612296
2016-11-18,3,98759.71062,99181.19466,98979.73692116386,98979.66278265553
2016-11-19,3,98590.43692,98759.71062,98597.86569918158,98597.77826259522
2016-11-20,3,98590.18093,98590.43692,98430.17383377478,98430.09756990551
2016-11-21,3,98590.8519,98590.18093,98439.92505246056,98439.84919238607
2016-11-22,3,98590.1228,98590.8519,98464.38924196512,98464.30930840515
2016-11-23,3,98513.02444,98590.1228,98466.16243187383,98466.08312841482
2016-11-24,3,98627.42262,98513.02444,98384.23974793371,98384.17107133711
2016-11-25,3,98551.26764,98627.42262,98433.16238856295,98433.1050030069
2016-11-26,3,98459.7594,98551.26764,98368.01207659405,98367.96742965363
2016-11-27,3,98458.52795,98459.7594,98297.29163565097,98297.25757329275
2016-11-28,3,98458.56136,98458.52795,98319.35563875613,98319.32673152594
2016-11-29,3,98337.71441,98458.56136,98352.31987252114,98352.29240682953
2016-11-30,3,98373.0832,98337.71441,98263.4734696038,98263.43137374762
2016-12-01,3,98087.62738,98373.0832,98086.66351180202,98086.56364330229
2016-12-02,3,97827.82202,98087.62738,97824.28513483498,97824.15959258794
2016-12-03,3,97848.15947,97827.82202,97562.51307786726,97562.38492413505
2016-12-04,3,97848.15947,97848.15947,97578.29906536726,97578.18566532456
2016-12-05,3,97848.15947,97848.15947,97593.5711365715,97593.444841225
2016-12-06,3,97823.51807,97848.15947,97613.76507392357,97613.64262761819
2016-12-07,3,99672.62631,97823.51807,97599.71456109104,97599.59908794248
2016-12-08,3,100077.4478,99672.62631,99196.98378052599,99196.85915047163
2016-12-09,3,100114.3392,100077.4478,99700.80463157018,99700.65013057005
2016-12-10,3,100101.9907,100114.3392,99769.07489227824,99768.9471135527
2016-12-11,3,100102.1254,100101.9907,99783.19610199213,99783.08928693825
2016-12-12,3,100102.7022,100102.1254,99836.99894200187,99836.90039911518
2016-12-13,3,100228.0271,100102.7022,99903.7306566249,99903.61368178758
2016-12-14,3,100227.5916,100228.0271,100056.69055554128,100056.5458768408
2016-12-15,3,100061.6421,100227.5916,100018.63388433185,100018.40524992008
2016-12-16,3,100205.8276,100061.6421,99851.59743677774,99851.35708751096
2016-12-17,3,100063.8235,100205.8276,99957.28928042449,99957.06579785366
2016-12-18,3,100063.8759,100063.8235,99861.36314158012,99861.14691811019
2016-12-19,3,100064.7619,100063.8759,99881.04462798257,99880.83854554739
2016-12-20,3,99877.19998,100064.7619,99915.64298602052,99915.43842155972
2016-12-21,3,99829.79571,99877.19998,99745.62347520953,99745.53991499076
2016-12-22,3,99918.38838,99829.79571,99660.29469441265,99660.23930780543
2016-12-23,3,99828.85709,99918.38838,99717.9009953276,99717.8560872814
2016-12-24,3,101786.6737,99828.85709,99619.39943715611,99619.34656428575
2016-12-25,3,101786.8223,101786.6737,101629.86322039567,101629.76391282864
2016-12-26,3,101786.975,101786.8223,101827.96088961184,101827.82430585963
2016-12-27,3,101786.975,101786.975,101565.07758343611,101565.01464038517
2016-12-28,3,101787.2103,101786.975,101587.47667531308,101587.4338942765
2016-12-29,3,101830.207,101787.2103,101590.35296829054,101590.29477376488
2016-12-30,3,101920.8714,101830.207,101623.0568060256,101622.98484999272
2016-12-31,3,102454.0955,101920.8714,101703.35519553193,101703.2306416389
2017-01-01,3,102469.7427,102454.0955,102397.96525461561,102397.71044262989
2017-01-02,3,102469.7427,102469.7427,102479.93061433984,102479.65922406901
2017-01-03,3,102470.2595,102469.7427,102217.96259385126,102217.70977937742
2017-01-04,3,102392.8757,102470.2595,102219.17497879449,102218.90823214354
2017-01-05,3,102751.5232,102392.8757,102133.62229543203,102133.34654076399
2017-01-06,3,102936.0797,102751.5232,102448.43211142617,102448.2048842609
2017-01-07,3,103157.3118,102936.0797,102622.85201941953,102622.73493574804
2017-01-08,4,103152.7068,103157.3118,102938.53792101858,102938.43461904919
2017-01-09,4,103152.6218,103152.7068,102946.99461234297,102946.8925516288
2017-01-10,4,101878.5887,103152.6218,102966.4142176506,102966.30587611126
2017-01-11,4,101928.8154,101878.5887,101836.52134132117,101836.45137753134
2017-01-12,4,101930.6885,101928.8154,101793.13559585571,101793.07729901526
2017-01-13,4,101985.6409,101930.6885,101815.07355515417,101814.97622573533
2017-01-14,4,102005.0398,101985.6409,101857.73488293833,101857.65262300028
2017-01-15,4,102004.9843,102005.0398,101830.22295469017,101830.14003804013
2017-01-16,4,102004.9843,102004.9843,101804.61908377439,101804.55398144957
2017-01-17,4,102039.1801,102004.9843,101795.1999319808,101795.16848374384
2017-01-18,4,102036.8754,102039.1801,101867.9326745737,101867.93261502354
2017-01-19,4,102479.5087,102036.8754,101841.02156042117,101841.02805123209
2017-01-20,4,102480.9321,102479.5087,102241.8646572547,102241.84409617004
2017-01-21,4,102486.6168,102480.9321,102275.67111761928,102275.64316996453
2017-01-22,4,102495.2081,102486.6168,102258.20313029016,102258.17604842459
2017-01-23,4,102495.5094,102495.2081,102203.10632929332,102203.07577666237
2017-01-24,4,102653.5599,102495.5094,102253.6580275146,102253.53896302906
2017-01-25,4,102619.8881,102653.5599,102389.28816192779,102389.15080199682
2017-01-26,4,103152.5951,102619.8881,102366.09868571325,102365.95014773852
2017-01-27,4,104138.8281,103152.5951,102824.22299849763,102824.02771382504
2017-01-28,4,104131.7393,104138.8281,103787.79271422142,103787.60213747792
2017-01-29,4,104131.3573,104131.7393,103809.92416657992,103809.71285817913
2017-01-30,4,104131.4031,104131.3573,103796.54226559043,103796.33568493772
2017-01-31,4,104048.0324,104131.4031,103828.12318305224,103827.91328419876
2017-02-01,4,104128.1058,104048.0324,103760.82368891385,103760.60162159856
2017-02-02,4,104104.6651,104128.1058,103841.0755326325,103840.86738734687
2017-02-03,4,103656.2303,104104.6651,103856.00478455542,103855.7700642565
2017-02-04,4,103119.4376,103656.2303,103424.0701776811,103423.81630790148
2017-02-05,4,103119.7471,103119.4376,102893.79698833881,102893.57813783386
2017-02-06,4,103119.6879,103119.7471,102858.83991399064,102858.62761195403
2017-02-07,4,103123.8799,103119.6879,102885.80042403174,102885.59236887227
2017-02-08,4,103089.3409,103123.8799,102879.11581590636,102878.90598159026
2017-02-09,4,103029.9423,103089.3409,102816.39989804033,102816.25212690623
2017-02-10,4,103042.6469,103029.9423,102736.30387860273,102736.24129944152
2017-02-11,4,103048.6278,103042.6469,102754.20292938774,102754.17724338247
2017-02-12,4,103048.6278,103048.6278,102754.04438428729,102754.03888378975
2017-02-13,4,103049.1187,103048.6278,102749.40987875225,102749.39593964451
2017-02-14,4,103017.9397,103049.1187,102769.28700407778,102769.25380028908
2017-02-15,4,102919.97,103017.9397,102725.79686628183,102725.75744116773
2017-02-16,4,103001.8855,102919.97,102614.2231907325,102614.17728695454
2017-02-17,4,103319.1287,103001.8855,102704.36729201188,102704.2860261156
2017-02-18,4,102806.2508,103319.1287,102989.10242527975,102988.96580388081
2017-02-19,4,102803.7384,102806.2508,102518.92893810465,102518.79667839807
2017-02-20,4,102803.7384,102803.7384,102678.01271503461,102677.86856027177
2017-02-21,4,102805.1186,102803.7384,102496.64800444567,102496.51119392617
2017-02-22,4,102975.8793,102805.1186,102486.02803642793,102485.87174781456
2017-02-23,4,101890.26,102975.8793,102619.06904511555,102618.89231793473
2017-02-24,4,102058.8082,101890.26,101687.57695898283,101687.40592722606
2017-02-25,4,102103.0332,102058.8082,101727.63487423632,101727.46798670654
2017-02-26,4,102100.6657,102103.0332,101769.1650258824,101768.98878328921
2017-02-27,4,102100.6657,102100.6657,101769.77499565738,101769.59574476084
2017-02-28,4,102165.4667,102100.6657,101787.00311415897,101786.82210095966
2017-03-01,4,102122.2021,102165.4667,101828.27993683094,101828.10278766272
2017-03-02,4,102305.4123,102122.2021,101752.04019567446,101751.90020884619
2017-03-03,4,102430.3816,102305.4123,101979.25862725599,101979.17943725717
2017-03-04,4,102812.3696,102430.3816,102125.52105976215,102125.4041967268
2017-03-05,4,102811.049,102812.3696,102430.91587046048,102430.76112912672
2017-03-06,4,102811.1515,102811.049,102444.58556997859,102444.40685084419
2017-03-07,4,102534.6483,102811.1515,102471.85813664155,102471.6776192221
2017-03-08,4,102507.4487,102534.6483,102221.97180754488,102221.80799964949
2017-03-09,4,102569.0481,102507.4487,102202.1100989269,102201.88675500664
2017-03-10,4,102577.6201,102569.0481,102280.19338054732,102279.96622882987
2017-03-11,4,102606.5696,102577.6201,102311.95020318347,102311.71870421825
2017-03-12,4,102606.301,102606.5696,102302.20587638335,102301.96976625184
2017-03-13,4,102606.501,102606.301,102304.75908800165,102304.53240983911
2017-03-14,4,102594.3056,102606.501,102326.04222550876,102325.8269465144
2017-03-15,4,102593.5059,102594.3056,102326.2259202403,102326.02003951752
2017-03-16,4,102643.708,102593.5059,102315.53316385782,102315.34315425348
2017-03-17,4,102668.0374,102643.708,102380.97283921733,102380.79136878988
2017-03-18,4,102621.8169,102668.0374,102414.27167822525,102414.11838238986
2017-03-19,4,102621.8169,102621.8169,102357.77500473316,102357.63303080953
2017-03-20,4,102622.2169,102621.8169,102346.74730051143,102346.59445702833
2017-03-21,4,102625.2841,102622.2169,102382.56128488186,102382.3894521965
2017-03-22,4,102717.1745,102625.2841,102387.26304222507,102387.08676318145
2017-03-23,4,102680.8583,102717.1745,102459.06979978245,102458.89529236034
2017-03-24,4,102502.1376,102680.8583,102454.78007635829,102454.60911632894
2017-06-01,4,112953.6903,102502.1376,102736.6688932142,102736.65531822978
2017-06-02,4,114346.2674,112953.6903,112396.10801640828,112396.15280557619
2017-06-03,4,114758.5639,114346.2674,114326.0644990567,114325.82434895083
2017-06-04,4,114828.9665,114758.5639,114649.0013033916,114648.83056607768
2017-06-05,4,114829.4392,114828.9665,114720.0594156236,114719.93060246647
2017-06-06,4,115435.7781,114829.4392,114845.74549942945,114845.60022070035
2017-06-07,4,115624.1691,115435.7781,115647.13971174623,115646.93467762037
2017-06-08,4,115978.5896,115624.1691,116259.78500701103,116259.51525822289
2017-06-09,4,116175.8086,115978.5896,116241.39671121343,116240.69482761134
2017-06-10,4,116484.6882,116175.8086,116424.25843808037,116423.53165976785
2017-06-11,4,116496.1945,116484.6882,116704.9152659862,116704.21575779917
2017-06-12,4,116496.0197,116496.1945,116756.95675012705,116756.28258261879
2017-06-13,4,116731.9626,116496.0197,116819.31508664927,116818.65703146026
2017-06-14,4,116901.2709,116731.9626,117040.38000731418,117039.70682568467
2017-06-15,4,116955.7865,116901.2709,117023.80663640618,117023.75082969926
2017-06-16,4,116963.0237,116955.7865,117081.02572912794,117081.04359979222
2017-06-17,4,119140.17,116963.0237,117097.71625223845,117097.75659662556
2017-06-18,4,119140.17,119140.17,119112.47071052114,119112.54384138202
2017-06-19,4,119141.1444,119140.17,119262.58403341714,119262.59470704953
2017-06-20,4,118960.6436,119141.1444,119268.90463932972,119268.95501190124
2017-06-21,4,118792.1362,118960.6436,119101.83155658816,119101.88276008569
2017-06-22,4,119081.7663,118792.1362,118942.68204457736,118942.73936899687
2017-06-23,4,119029.1462,119081.7663,119247.08608695425,119247.10011012299
2017-06-24,4,118938.8675,119029.1462,119300.89245603161,119300.87848268682
2017-06-25,4,118939.4047,118938.8675,119114.8007290475,119114.69238332965
2017-06-26,4,118939.8203,118939.4047,119112.57664385269,119112.44453669724
2017-06-27,4,118848.2218,118939.8203,119136.50341414557,119136.34804575615
2017-06-28,4,119172.5467,118848.2218,119065.08202163482,119064.90207647433
2017-06-29,4,119265.2161,119172.5467,119367.01875070212,119366.79466120136
2017-06-30,4,119200.4323,119265.2161,119529.66326145221,119529.39769546464
2017-07-01,4,118888.255,119200.4323,119368.43741628082,119368.31604757594
2017-07-02,4,118888.255,118888.255,118824.3346363611,118824.26570377791
2017-07-03,4,118888.255,118888.255,118794.18531167827,118794.11873180699
2017-07-04,4,118894.1188,118888.255,118826.31837816797,118826.22182595904
2017-07-05,4,119231.3855,118894.1188,118842.73291627213,118842.60999908012
2017-07-06,4,119380.4389,119231.3855,119084.06903002209,119083.92842397791
2017-07-07,4,119568.8349,119380.4389,119248.42450833596,119248.27399503095
2017-07-08,4,119873.2234,119568.8349,119426.42520836601,119426.2863735803
2017-07-09,4,119873.03,119873.2234,119706.3741703819,119706.2535929869
2017-07-10,4,119877.466,119873.03,119721.74808715173,119721.62033565997
2017-07-11,4,120033.0458,119877.466,119761.97611968029,119761.8358809271
2017-07-12,4,120136.1951,120033.0458,119915.81036205827,119915.68243082095
2017-07-13,4,120427.5537,120136.1951,120002.4729474142,120002.33179202823
2017-07-14,4,120550.2697,120427.5537,120308.98168319295,120308.83437419336
2017-07-15,4,120804.2383,120550.2697,120461.22231649849,120461.04561374027
2017-07-16,4,120804.2383,120804.2383,120674.74494479348,120674.56345851591
2017-07-17,4,120805.2717,120804.2383,120633.65738775922,120633.47237756086
2017-07-18,4,120102.9039,120805.2717,120669.15022934575,120668.96678480378
2017-07-19,4,120473.2746,120102.9039,120044.97021376083,120044.83102394894
2017-07-20,4,120685.1491,120473.2746,120316.08804795507,120315.95143153089
2017-07-21,4,121031.5678,120685.1491,120549.17241434287,120549.01418836782
2017-07-22,4,120979.7835,121031.5678,120875.43622297802,120875.28358758919
2017-07-23,4,120984.9381,120979.7835,120812.69005046756,120812.54470652247
2017-07-24,4,120984.9688,120984.9381,120802.74283163372,120802.6165460466
2017-07-25,4,121226.5649,120984.9688,120811.74008475566,120811.62796314115
2017-07-26,4,121600.836,121226.5649,121077.58596268894,121077.50406035663
2017-07-27,4,121780.7226,121600.836,121425.87849969887,121425.80094101885
2017-07-28,4,121974.1542,121780.7226,121631.14595797408,121631.06193089901
2017-07-29,4,122155.0731,121974.1542,121811.25083040513,121811.18741983824
2017-07-30,4,122158.9275,122155.0731,121968.8639911743,121968.8097188659
2017-07-31,4,122158.9275,122158.9275,121987.19057685112,121987.13076637604
2017-08-01,4,122137.9745,122158.9275,122038.94841768744,122038.8356798027
2017-08-02,4,122515.1483,122137.9745,122019.93382587006,122019.82816332932
2017-08-03,4,122548.5912,122515.1483,122350.58201541008,122350.47800533404
2017-08-04,4,122365.1827,122548.5912,122407.88242257861,122407.77969042066
2017-08-05,4,122610.0554,122365.1827,122246.79433746272,122246.69706905016
2017-08-06,4,122611.1005,122610.0554,122412.43696058122,122412.33680097303
2017-08-07,4,122611.502,122611.1005,122420.3965616177,122420.28600801944
2017-08-08,4,122614.4707,122611.502,122439.67896086202,122439.57194091576
2017-08-09,4,122422.6263,122614.4707,122441.29041552344,122441.20196216197
2017-08-10,4,122275.8769,122422.6263,122237.83816208564,122237.7596048779
2017-08-11,4,122223.4877,122275.8769,122103.83212493712,122103.77576042066
2017-08-12,4,122195.034,122223.4877,122063.74584205056,122063.70345520195
2017-08-13,4,122195.034,122195.034,121997.94509281439,121997.8946125227
2017-08-14,4,122195.234,122195.034,121991.00184877,121990.9481367656
2017-08-15,4,122209.0951,122195.234,122006.09662410663,122006.03640728445
2017-08-16,4,122062.2937,122209.0951,121994.64092095799,121994.60830680146
2017-08-17,4,121915.098,122062.2937,121849.71847056723,121849.70798266082
2017-08-18,4,121492.3976,121915.098,121717.39344515759,121717.38267686081
2017-08-19,4,121263.7704,121492.3976,121323.98544809596,121324.00111673817
2017-08-20,4,121261.0693,121263.7704,121049.49844371805,121049.52290616531
2017-08-21,4,121261.5804,121261.0693,121018.65171378336,121018.65978967656
2017-08-22,4,122174.8991,121261.5804,121024.69740135889,121024.68238087618
2017-08-23,4,121855.8137,122174.8991,121801.81012382831,121801.73208592349
2017-08-24,4,121571.031,121855.8137,121545.32422337744,121545.24164468536
2017-08-25,4,121687.4615,121571.031,121258.58196633401,121258.53233583103
2017-08-26,4,119520.7763,121687.4615,121348.5833541408,121348.54356666676
2017-08-27,4,119505.8633,119520.7763,119452.5224910003,119452.51692003399
2017-08-28,4,119505.8633,119505.8633,119262.41630720664,119262.4043702772
2017-08-29,4,119636.7168,119505.8633,119280.65761438463,119280.56554341607
2017-08-30,4,119555.3705,119636.7168,119317.64423749704,119317.48792171109
2017-08-31,4,119784.1944,119555.3705,119200.80537738962,119200.65678609301
2017-09-01,4,119568.2906,119784.1944,119370.79563470904,119370.64276365312
2017-09-02,4,119352.6733,119568.2906,119139.0512977071,119138.96292531256
2017-09-03,4,119352.6066,119352.6733,118970.88474937335,118970.87897872302
2017-09-04,4,119352.6066,119352.6066,119141.30323788719,119141.25317387651
2017-09-05,4,119352.7733,119352.6066,118938.36619348849,118938.3730219148
2017-09-06,4,119595.6983,119352.7733,118919.76017121242,118919.72925573387
2017-09-07,4,119657.0751,119595.6983,119120.94364745611,119120.88464324511
2017-09-08,4,119457.5319,119657.0751,119172.47957584554,119172.40669279321
2017-09-09,4,119383.9639,119457.5319,119036.76771071635,119036.58521656725
2017-09-10,4,119426.258,119383.9639,118936.90457087063,118936.74230296846
2017-09-11,4,119426.8978,119426.258,118969.3142380692,118969.14664816367
2017-09-12,4,119257.8999,119426.8978,118999.01057924633,118998.84047090064
2017-09-13,4,119069.4469,119257.8999,118853.47870127879,118853.30513019077
2017-09-14,4,118974.6944,119069.4469,118646.84010760272,118646.68323929555
2017-09-15,4,118962.2511,118974.6944,118567.64052883636,118567.48506915329
2017-09-16,4,118875.5197,118962.2511,118573.46573061892,118573.31742596327
2017-09-17,4,118875.5197,118875.5197,118485.4732147836,118485.34746170408
2017-09-18,4,118875.7015,118875.5197,118471.51317170486,118471.39387578236
2017-09-19,4,118425.5949,118875.7015,118483.19016082118,118483.07302157869
2017-09-20,4,118373.0559,118425.5949,118080.72439323847,118080.6407615379
2017-09-21,4,118048.8639,118373.0559,117982.00160707827,117981.93519306325
2017-09-22,4,117867.2881,118048.8639,117723.90476285579,117723.83311474745
2017-09-23,4,117743.0462,117867.2881,117556.15347449368,117556.09679216675
2017-09-24,4,117647.1817,117743.0462,117424.26149965732,117424.2343800693
2017-09-25,4,117648.1231,117647.1817,117220.33690982992,117220.20101100372
2017-09-26,4,117457.435,117648.1231,117205.84981794981,117205.69856959983
2017-09-27,4,116969.0521,117457.435,117027.80761095586,117027.65712200756
2017-09-28,4,116570.6436,116969.0521,116553.89810000912,116553.76093774072
2017-09-29,4,115760.8774,116570.6436,116174.17485223507,116174.05162273001
2017-09-30,4,115601.5312,115760.8774,115438.20249384062,115438.08571252646
2017-10-01,4,115589.7968,115601.5312,115190.17477923419,115190.05663731847
2017-10-02,4,115592.609,115589.7968,115139.82014405502,115139.67937951867
2017-10-03,4,115000.7528,115592.609,115125.01738777195,115124.83162292818
2017-10-04,4,114040.8219,115000.7528,114562.72878843606,114562.56601289115
2017-10-05,4,112365.2008,114040.8219,113641.91086850523,113641.78175848971
2017-10-06,4,111196.6287,112365.2008,112104.83832857359,112104.74783109127
2017-10-07,4,109883.1573,111196.6287,110969.12236170463,110969.05706862717
2017-10-08,4,109693.501,109883.1573,109672.98780657236,109672.89305207701
2017-10-09,4,109693.5505,109693.501,109538.50451183159,109538.35241231626
2017-10-10,4,109694.8713,109693.5505,109250.7498309667,109250.59063895258
2017-10-11,4,109045.5067,109694.8713,109157.88787566962,109157.74254804257
2017-10-12,4,108663.047,109045.5067,108495.69441197309,108495.6193972585
2017-10-13,4,108294.1217,108663.047,108104.24820022995,108104.22589335423
2017-10-14,4,108021.7088,108294.1217,107737.23119580917,107737.25922915293
2017-10-15,4,108021.4958,108021.7088,107463.4260932881,107463.48694130167
2017-10-16,4,108023.875,108021.4958,107410.19108027004,107410.22826500227
2017-10-17,4,106480.7579,108023.875,107409.67785201222,107409.66401839706
2017-10-18,4,106191.668,106480.7579,106047.86339271125,106047.83703259112
2017-10-19,4,105763.4326,106191.668,105664.07850963625,105663.98675371638
2017-10-20,4,105267.6782,105763.4326,105305.61386807538,105305.46415301389
2017-10-21,4,105079.4746,105267.6782,104855.4906906688,104855.26842326073
2017-10-22,4,105079.4746,105079.4746,104615.65051746575,104615.43416162374
2017-10-23,4,105079.8746,105079.4746,104560.59118051667,104560.39181378567
2017-10-24,4,104588.9425,105079.8746,104532.33025934135,104532.18272443589
2017-10-25,4,104313.8276,104588.9425,104163.29193754247,104163.2093684581
2017-10-26,4,104147.3357,104313.8276,103878.92184984815,103878.8761148554
2017-10-27,4,103960.5709,104147.3357,103737.35169815324,103737.31694315831
2017-10-28,4,103759.3873,103960.5709,103597.62305199103,103597.6071350317
2017-10-29,4,103759.3873,103759.3873,103372.48632805736,103372.46947932927
2017-10-30,4,103760.403,103759.3873,103366.53330717685,103366.54884736477
2017-10-31,4,103671.8875,103760.403,103438.99166336186,103438.96930103577
2017-11-01,4,103155.8637,103671.8875,103419.57579402764,103419.62123921483
2017-11-02,4,103046.8412,103155.8637,102986.2051026568,102986.27833848479
2017-11-03,4,102927.9389,103046.8412,102882.7730862246,102882.83884542371
2017-11-04,4,102749.449,102927.9389,102742.39281558977,102742.40258774627
2017-11-05,4,102749.449,102749.449,102529.02879875322,102529.01294563485
2017-11-06,4,102749.649,102749.449,102452.56193140561,102452.4864369767
2017-11-07,4,102609.0501,102749.649,102474.62811609714,102474.53005307553
2017-11-08,4,102522.8069,102609.0501,102357.62421269275,102357.55420089538
2017-11-09,4,102434.8987,102522.8069,102294.65554273251,102294.6313846702
2017-11-10,4,102373.1665,102434.8987,102221.88718803436,102221.85139331485
2017-11-11,4,102325.3129,102373.1665,102177.41473441162,102177.38343281233
2017-11-12,4,102325.3129,102325.3129,102118.29105754588,102118.27647695347
2017-11-13,4,102326.2915,102325.3129,102121.0774661011,102121.07377144742
2017-11-14,4,102363.2936,102326.2915,102167.66488452093,102167.68326391483
2017-11-15,4,102340.5548,102363.2936,102238.9850680849,102239.01325764741
2017-11-16,4,102224.1991,102340.5548,102150.29327090656,102150.25420123742
2017-11-17,4,101830.5625,102224.1991,102068.88325079832,102068.84717208683
2017-11-18,4,101758.9466,101830.5625,101728.36751286291,101728.32910192895
2017-11-19,4,101758.9466,101758.9466,101602.05847784599,101602.01482030812
2017-11-20,4,101759.0666,101758.9466,101595.86601129414,101595.81293596217
2017-11-21,4,101730.2219,101759.0666,101629.78325449386,101629.7234101382
2017-11-22,4,101315.7503,101730.2219,101601.70899325066,101601.6570458632
2017-11-23,4,101152.4993,101315.7503,101200.51927691585,101200.46320358156
2017-11-24,4,101126.0762,101152.4993,101028.13529037438,101028.09006445864
2017-11-25,4,101271.5886,101126.0762,101013.5681566389,101013.53475320095
2017-11-26,4,101186.0281,101271.5886,101114.57699296226,101114.53853106372
2017-11-27,4,101186.0281,101186.0281,101035.92363649642,101035.8799329101
2017-11-28,4,101104.7104,101186.0281,101043.97571291267,101043.94527459457
2017-11-29,4,101068.9167,101104.7104,100957.11816567171,100957.10917315962
2017-11-30,4,100714.1896,101068.9167,100920.26875187003,100920.2769506992
2017-12-01,4,100466.9493,100714.1896,100618.5008501204,100618.46941235261
2017-12-02,4,100429.783,100466.9493,100385.95356152071,100385.92429770218
2017-12-03,4,100429.8385,100429.783,100296.17893546165,100296.14300407143
2017-12-04,4,100430.601,100429.8385,100278.56902529657,100278.5180100412
2017-12-05,4,100376.2459,100430.601,100289.29077423018,100289.2316742603
2017-12-06,4,100366.9383,100376.2459,100233.36997672201,100233.2960188671
2017-12-07,4,100211.7699,100366.9383,100176.79018404445,100176.7024679704
2017-12-08,4,102176.1222,100211.7699,100056.38464947524,100056.3115877597
2017-12-09,4,102187.7857,102176.1222,101787.36203015354,101787.20764553615
2017-12-10,4,102185.9523,102187.7857,101912.05219044191,101911.85179293783
2017-12-11,4,102186.1034,102185.9523,101897.54522859484,101897.3713409562
2017-12-12,4,102136.2377,102186.1034,101923.028859912,101922.85743859275
2017-12-13,4,102110.5352,102136.2377,101897.59134639724,101897.42101397851
2017-12-14,4,102055.2185,102110.5352,101907.59983213664,101907.40589184349
2017-12-15,4,102173.5723,102055.2185,101965.00541790634,101964.80747895049
2017-12-16,4,102225.1087,102173.5723,101995.74393467065,101995.46512911159
2017-12-17,4,102231.8024,102225.1087,102037.90527429686,102037.64640813746
2017-12-18,4,102232.0024,102231.8024,102051.4154071965,102051.16903635261
2017-12-19,4,102690.8634,102232.0024,102076.65048663112,102076.40575141499
2017-12-20,4,102692.8576,102690.8634,102506.832510945,102506.60521513986
2017-12-21,4,102633.6882,102692.8576,102530.55288892334,102530.31366350978
2017-12-22,4,102635.2737,102633.6882,102467.11886129333,102467.01517923358
2017-12-23,4,102408.9395,102635.2737,102472.67599305908,102472.58198389731
2017-12-24,4,102414.4644,102408.9395,102247.0193831782,102246.92680961969
2017-12-25,4,102414.2917,102414.4644,102444.0856926317,102443.96491470461
2017-12-26,4,102414.3592,102414.2917,102480.27749876541,102480.13696720389
2017-12-27,4,102414.893,102414.3592,102248.0724437092,102247.93406249255
2017-12-28,4,102362.3878,102414.893,102228.333528224,102228.1965253761
2017-12-29,4,102419.0861,102362.3878,102193.15697946321,102193.03621961114
2017-12-30,4,102692.2922,102419.0861,102241.69769504532,102241.59273145592
2017-12-31,4,102654.9329,102692.2922,102468.43586319892,102468.32371072345
2018-01-01,4,102654.9329,102654.9329,102649.63003310941,102649.47821233602
2018-01-02,4,102655.1123,102654.9329,102455.47818063543,102455.37201313644
2018-01-03,4,102934.9651,102655.1123,102443.7575027589,102443.63916140805
2018-01-04,4,100525.5273,102934.9651,102692.55491253817,102692.42970117956
2018-01-05,4,100599.7456,100525.5273,100580.7827122103,100580.70066611905
2018-01-06,4,101042.2611,100599.7456,100478.12084519221,100478.04158065327
2018-01-07,4,101045.2772,101042.2611,100829.42605569586,100829.26471177413
2018-01-08,4,101045.3224,101045.2772,100848.86198412681,100848.67381432379
2018-01-09,4,101720.4915,101045.3224,100836.62624477193,100836.43907076704
2018-01-10,4,101751.2709,101720.4915,101385.39463900062,101385.21121965055
2018-01-11,4,101673.5709,101751.2709,101365.44762618472,101365.29328550614
2018-01-12,4,101703.9248,101673.5709,101413.3634565708,101413.31305931491
2018-01-13,4,101689.6649,101703.9248,101445.08788101558,101445.0450897497
2018-01-14,4,101635.0134,101689.6649,101396.46645169928,101396.398379074
2018-01-15,4,101635.9236,101635.0134,101356.43944474267,101356.36200311156
2018-01-16,4,101575.4134,101635.9236,101394.99104463679,101394.89761065658
2018-01-17,4,101577.6876,101575.4134,101295.29540781205,101295.18224904234
2018-01-18,4,101424.6728,101577.6876,101312.77174965882,101312.51137148293
2018-01-19,4,101393.9747,101424.6728,101194.84472571532,101194.59551022686
2018-01-20,4,100581.577,101393.9747,101156.06236019619,101155.85107461986
2018-01-21,4,100616.5224,100581.577,100401.85989373845,100401.67593742028
2018-01-22,4,100617.3898,100616.5224,100373.27712864187,100373.10711267126
2018-01-23,4,100967.7353,100617.3898,100381.6973967819,100381.54651848703
2018-01-24,4,100903.0578,100967.7353,100678.16827620246,100678.00269827344
2018-01-25,4,100860.1092,100903.0578,100613.34212863604,100613.17682405244
2018-01-26,4,100754.7196,100860.1092,100572.08481437665,100571.94794582548
2018-01-27,4,100944.9399,100754.7196,100462.57534080338,100462.46803071628
2018-01-28,4,100900.9286,100944.9399,100641.56504722222,100641.48893696748
2018-01-29,4,100900.9784,100900.9286,100623.74098084278,100623.65852635117
2018-01-30,4,100796.6175,100900.9784,100660.9478512252,100660.86293231479
2018-01-31,4,100621.7856,100796.6175,100552.57821052942,100552.49199106821
2018-02-01,4,100403.9248,100621.7856,100386.41931855667,100386.34481428118
2018-02-02,4,100555.4806,100403.9248,100213.86833365947,100213.81131448178
2018-02-03,4,100671.232,100555.4806,100317.96711868628,100317.80790525005
2018-02-04,4,100671.232,100671.232,100393.80777828518,100393.63448271026
2018-02-05,4,100671.232,100671.232,100389.31091043355,100389.12952538265
2018-02-06,4,100558.0637,100671.232,100391.94364755413,100391.78044561615
2018-02-07,4,100288.8145,100558.0637,100274.24503557026,100274.08245278127
2018-02-08,4,100284.9902,100288.8145,100008.23133236995,100008.07227209971
2018-02-09,4,100178.018,100284.9902,100021.67376405036,100021.51759446922
2018-02-10,4,100165.4895,100178.018,99930.82810446112,99930.67444905802
2018-02-11,4,100165.4895,100165.4895,99884.44808849783,99884.29622598256
2018-02-12,4,100165.8837,100165.4895,99880.52443067184,99880.3768668256
2018-02-13,4,100147.7305,100165.8837,99908.14650610305,99908.00249524423
2018-02-14,4,100165.8944,100147.7305,99890.31863050077,99890.18099087403
2018-02-15,4,100124.1494,100165.8944,99903.04328926555,99902.90671749708
2018-02-16,4,100029.8095,100124.1494,99884.79769914501,99884.68030826248
2018-02-17,4,99711.27909,100029.8095,99806.44712403284,99806.34126124745
2018-02-18,4,99537.56464,99711.27909,99506.04414706072,99505.9554960269
2018-02-19,4,99537.56464,99537.56464,99510.29736600818,99510.1606952836
2018-02-20,4,99539.21796,99537.56464,99315.24774104271,99315.11502056872
2018-02-21,4,99785.99749,99539.21796,99304.8249068293,99304.66084097805
2018-02-22,4,100262.4849,99785.99749,99494.12355545424,99493.94483309636
2018-02-23,4,100299.2187,100262.4849,99947.23151501846,99947.03800277202
2018-02-24,4,100342.262,100299.2187,100012.6418211282,100012.45640377051
2018-02-25,4,100504.2278,100342.262,100038.92899756592,100038.77259538132
2018-02-26,4,100504.6028,100504.2278,100197.24729366323,100197.09091663724
2018-02-27,4,100418.4499,100504.6028,100246.40026859067,100246.23133017693
2018-02-28,4,100347.5093,100418.4499,100187.16879450661,100187.00089631113
2018-03-01,4,100326.7571,100347.5093,100111.1836891418,100111.00173763033
2018-03-02,4,100445.4413,100326.7571,100101.3731683961,100101.17052610402
2018-03-03,4,100171.6168,100445.4413,100228.97048998342,100228.74914728868
2018-03-04,4,99847.24385,100171.6168,99977.5493714312,99977.32402847997
2018-03-05,4,99847.64823,99847.24385,99662.47468261964,99662.26138524742
2018-03-06,4,99888.12689,99847.64823,99665.73810376525,99665.52773236945
2018-03-07,4,99769.4544,99888.12689,99699.49873148199,99699.30293463344
2018-03-08,4,99743.50063,99769.4544,99570.9593116278,99570.79310240562
2018-03-09,4,99804.80906,99743.50063,99555.89349509942,99555.74094810872
2018-03-10,4,99885.39652,99804.80906,99601.71626853498,99601.57889519057
2018-03-11,4,99885.29194,99885.39652,99658.00047794981,99657.89767182145
2018-03-12,4,99885.8144,99885.29194,99677.68073552143,99677.58990885662
2018-03-13,4,99850.98666,99885.8144,99702.10616243082,99702.00423748017
2018-03-14,4,99849.59904,99850.98666,99663.4664018228,99663.35914629643
2018-03-15,4,99895.767,99849.59904,99653.19487946207,99653.0914031901
2018-03-16,4,99861.32033,99895.767,99717.88387738704,99717.78599240759
2018-03-17,4,99662.06934,99861.32033,99707.6872485244,99707.57485135243
2018-03-18,4,99662.06934,99662.06934,99509.65819126986,99509.53660091513
2018-03-19,4,99662.19434,99662.06934,99490.8571950851,99490.73367422761
2018-03-20,4,99754.27457,99662.19434,99514.90388853593,99514.7706980861
2018-03-21,4,99822.13327,99754.27457,99592.25864889912,99592.10532380485
2018-03-22,4,99871.66701,99822.13327,99641.57826055835,99641.41323956157
2018-03-23,4,99979.22868,99871.66701,99695.21200769611,99695.04661677357
2018-03-24,4,99656.3903,99979.22868,99796.73434903316,99796.57503987513
2018-03-25,4,99657.10919,99656.3903,99524.9438358898,99524.84097068319
2018-03-26,4,99657.53343,99657.10919,99510.52846717335,99510.43383763343
2018-03-27,4,99595.32335,99657.53343,99547.27270625297,99547.16433127236
2018-03-28,4,99440.46864,99595.32335,99496.78003310646,99496.6676592465
2018-03-29,4,99519.79936,99440.46864,99344.35828518322,99344.24999775559
2018-03-30,4,99643.84784,99519.79936,99626.5660706396,99626.43437037352
2018-03-31,4,99643.84784,99643.84784,99552.67998768079,99552.57363703263
2018-04-01,4,99629.76736,99643.84784,99560.3047591315,99560.22305168155
2018-04-02,4,99629.76736,99629.76736,99541.92685264665,99541.840014091
2018-04-03,4,99637.00962,99629.76736,99556.22777899337,99556.13626468818
2018-04-04,4,99745.43544,99637.00962,99562.544527147,99562.45982199734
2018-04-05,4,100046.3746,99745.43544,99664.48187153599,99664.40461052081
2018-04-06,4,100117.0979,100046.3746,99963.20821803443,99963.12218983074
2018-04-07,4,100073.7561,100117.0979,100063.99743620485,100063.88907440368
2018-04-08,4,100126.6346,100073.7561,100010.83232929341,100010.7366806925
2018-04-09,4,100127.227,100126.6346,100062.9991933073,100062.90730721632
2018-04-10,4,100183.3276,100127.227,100105.94526595545,100105.84451823904
2018-04-11,4,100436.9014,100183.3276,100171.66477024693,100171.5525500313
2018-04-12,4,100664.6508,100436.9014,100408.05471384688,100407.94553573684
2018-04-13,4,100740.7606,100664.6508,100645.92872447516,100645.81445817191
2018-04-14,4,100890.1874,100740.7606,100741.81347583067,100741.70422762695
2018-04-15,4,100917.8637,100890.1874,100874.47712816563,100874.38513019384
2018-04-16,4,100918.0027,100917.8637,100919.64721556689,100919.5568939316
2018-04-17,4,101061.3157,100918.0027,100959.67771193155,100959.58313048193
2018-04-18,4,101526.8658,101061.3157,101103.4482177634,101103.35715095092
2018-04-19,4,101972.4873,101526.8658,101535.26717454697,101535.18848455873
2018-04-20,4,102131.7951,101972.4873,102000.61835264202,102000.53470245405
2018-04-21,4,103094.4839,102131.7951,102191.78408185972,102191.69872916013
2018-04-22,4,103413.7185,103094.4839,103080.06331693115,103080.00741224138
2018-04-23,4,103415.2473,103413.7185,103452.54846170571,103452.48070085261
2018-04-24,4,103740.696,103415.2473,103509.91418504521,103509.84151880752
2018-04-25,4,103646.8297,103740.696,103827.78969494632,103827.73158749184
2018-04-26,4,103875.2899,103646.8297,103763.1475190713,103763.07802066271
2018-04-27,4,104288.6102,103875.2899,103995.43211242105,103995.34884636002
2018-04-28,4,104536.8668,104288.6102,104444.72541302044,104444.64808156296
2018-04-29,4,104522.5439,104536.8668,104656.84271214902,104656.7305244879
2018-04-30,4,104522.7965,104522.5439,104656.92915778795,104656.80733065483
2018-05-01,4,104744.6284,104522.7965,104694.52472731606,104694.4124824312
2018-05-02,4,105072.5882,104744.6284,104881.74593958328,104881.64776461793
2018-05-03,4,106078.2428,105072.5882,105212.54299257303,105212.47550605958
2018-05-04,4,106768.7587,106078.2428,106205.63499076013,106205.57812924661
2018-05-05,4,108135.2672,106768.7587,106892.87258968492,106892.85070317806
2018-05-06,4,108135.2672,108135.2672,108178.36760742049,108178.38314356384
2018-05-07,4,108136.339,108135.2672,108271.648788467,108271.63833454055
2018-05-08,4,108771.1265,108136.339,108304.18168325974,108304.19341265658
2018-05-09,4,109591.5963,108771.1265,108934.96814020941,108934.97003020084
2018-05-10,4,110108.5348,109591.5963,109781.86467589934,109781.84990030406
2018-05-11,4,110727.9957,110108.5348,110333.35585834949,110333.30460687248
2018-05-12,4,111371.5539,110727.9957,110958.95833049632,110958.89355214636
2018-05-13,4,111371.5539,111371.5539,111531.18769774486,111531.08018132189
2018-05-14,4,111371.7539,111371.5539,111587.44541272304,111587.32419507128
2018-05-15,4,111680.8937,111371.7539,111650.36837572801,111650.24996558558
2018-05-16,4,111976.2393,111680.8937,111956.04139175722,111955.90951216622
2018-05-17,4,112335.4118,111976.2393,112227.22116288984,112227.10330133564
2018-05-18,4,112967.5283,112335.4118,112591.70503087346,112591.60163968548
2018-05-19,4,113964.3262,112967.5283,113178.28894206784,113178.24699834405
2018-05-20,4,113775.7379,113964.3262,114109.1734311277,114109.11929308447
2018-05-21,4,113777.0296,113775.7379,114183.47929819036,114183.38707782264
2018-05-22,4,113777.4225,113777.0296,113989.80820831719,113989.78762822952
2018-05-23,4,114801.1087,113777.4225,113989.56505265825,113989.57143727955
2018-05-24,4,115375.3649,114801.1087,114938.67971305826,114938.70024047953
2018-05-25,4,115587.8548,115375.3649,115584.18359022398,115584.19619701366
2018-05-26,4,116131.1854,115587.8548,115810.43938563167,115810.45463823492
2018-05-27,4,116176.6729,116131.1854,116256.31369183397,116256.31345934152
2018-05-28,4,116176.784,116176.6729,116349.35749808031,116349.34991665263
2018-05-29,4,117762.2232,116176.784,116401.39220142973,116401.38716704657
2018-05-30,4,118388.497,117762.2232,117934.88863979987,117934.9055149302
2018-05-31,4,118410.8821,118388.497,118589.88123154915,118589.82629460453
2018-06-01,4,118719.905,118410.8821,118636.24303585739,118636.12751752268
2018-06-02,4,118911.1854,118719.905,118898.5480271655,118898.48717699925
2018-06-03,4,118344.4402,118911.1854,119061.86296383078,119061.76424046331
2018-06-04,4,118345.7235,118344.4402,118574.41081307044,118574.32171538696
2018-06-05,4,119936.5855,118345.7235,118636.26480160936,118636.16482750376
2018-06-06,4,121151.7762,119936.5855,120045.01430600876,120044.8752331396
2018-06-07,4,121801.2446,121151.7762,121228.10805253944,121227.94461663856
2018-06-08,4,122040.6914,121801.2446,121893.61341649672,121893.44720116774
2018-06-09,4,122751.5986,122040.6914,122114.76066758102,122114.62425511974
2018-06-10,4,122751.5986,122751.5986,122741.43429699093,122741.32062828602
2018-06-11,4,122751.7373,122751.5986,122833.06092392227,122832.93757686416
2018-06-12,4,123209.3754,122751.7373,122911.31955520168,122911.26301088493
2018-06-13,4,123512.5456,123209.3754,123327.39900642686,123327.307653504
2018-06-14,4,123863.6015,123512.5456,123609.74270871328,123609.58862088292
2018-06-15,4,123922.0104,123863.6015,123960.3709405666,123960.20544323407
2018-06-16,4,124355.9888,123922.0104,124047.11149961947,124046.93904708739
2018-06-17,4,124355.9888,124355.9888,124408.75010664282,124408.52735860855
2018-06-18,4,124356.3221,124355.9888,124423.80461679221,124423.56583765792
2018-06-19,4,124470.1885,124356.3221,124444.00315354955,124443.84778236617
2018-06-20,4,124612.1004,124470.1885,124527.33134357771,124527.22033762155
2018-06-21,4,124554.3067,124612.1004,124651.53918340655,124651.44304201193
2018-06-22,4,124557.6506,124554.3067,124590.62772126918,124590.52405753187
2018-06-23,4,124649.2226,124557.6506,124580.54311911775,124580.47763658655
2018-06-24,4,124649.2226,124649.2226,124624.19223840768,124624.10894084473
2018-06-25,4,124650.2034,124649.2226,124618.93617500731,124618.8415933107
2018-06-26,4,125138.9212,124650.2034,124642.31240646985,124642.22776633714
2018-06-27,4,124764.5517,125138.9212,125090.96456265873,125090.88320875358
2018-06-28,4,125066.2514,124764.5517,124716.65697027401,124716.59067825295
2018-06-29,4,125150.5212,125066.2514,124952.45876040208,124952.3871481526
2018-06-30,4,124656.1988,125150.5212,125055.97709253442,125055.91229412972
2018-07-01,4,124678.0761,124656.1988,124807.07725073874,124806.9996289262
2018-07-02,4,124678.0761,124678.0761,124600.73032077256,124600.67573554626
2018-07-03,4,124678.3261,124678.0761,124643.24080873639,124643.16456502234
2018-07-04,4,124605.9816,124678.3261,124622.14370040759,124622.04501803155
2018-07-05,4,124012.7297,124605.9816,124521.12104435812,124521.02215530172
2018-07-06,4,123769.7286,124012.7297,123960.47964898567,123960.39658830172
2018-07-07,4,123876.5723,123769.7286,123676.57744318781,123676.52658462027
2018-07-08,4,123876.5723,123876.5723,123743.71377754843,123743.66756790498
2018-07-09,4,123877.3995,123876.5723,123724.44342010794,123724.38286185393
2018-07-10,4,123596.0691,123877.3995,123727.24397188725,123727.20402632568
2018-07-11,4,123379.8866,123596.0691,123458.66609260472,123458.61667210024
2018-07-12,4,122593.4469,123379.8866,123186.05388188113,123186.04976276089
2018-07-13,4,122346.7612,122593.4469,122507.0118992997,122507.03733033736
2018-07-14,4,121860.591,122346.7612,122244.65704089002,122244.65325392724
2018-07-15,4,121860.591,121860.591,121758.87976355456,121758.86208424284
2018-07-16,4,121861.4093,121860.591,121687.38698658475,121687.35138051823
2018-07-17,4,121620.0663,121861.4093,121671.25033552742,121671.20093715141
2018-07-18,4,121316.3975,121620.0663,121420.52315515271,121420.48799845894
2018-07-19,4,121090.4044,121316.3975,121092.97760424392,121092.94127512895
2018-07-20,4,120529.8447,121090.4044,120888.53070366025,120888.51213708974
2018-07-21,4,120199.081,120529.8447,120373.05340446049,120373.06170238544
2018-07-22,4,120199.081,120199.081,120015.02071378038,120015.04537521175
2018-07-23,4,120199.962,120199.081,119961.19167497684,119961.19843800564
2018-07-24,4,119710.783,120199.962,119955.71223535901,119955.68773517795
2018-07-25,4,119265.2819,119710.783,119503.58512338292,119503.56651207029
2018-07-26,4,119204.7386,119265.2819,119053.66557902917,119053.63028307757
2018-07-27,4,118681.2356,119204.7386,118969.26402614653,118969.2418080625
2018-07-28,4,118338.5608,118681.2356,118528.25755557051,118528.23274365671
2018-07-29,4,118338.5608,118338.5608,118166.77348705045,118166.77632720576
2018-07-30,4,118339.4613,118338.5608,118091.59903545555,118091.57442149974
2018-07-31,4,117937.6452,118339.4613,118088.16786009954,118088.13490508594
2018-08-01,4,117647.613,117937.6452,117732.20862014705,117732.19749302234
2018-08-02,4,117204.0507,117647.613,117437.88690617407,117437.9043560015
2018-08-03,4,116793.9394,117204.0507,117041.19026026927,117041.20716844797
2018-08-04,4,116102.016,116793.9394,116640.39625482602,116640.39831807735
2018-08-05,4,116171.5661,116102.016,115985.92698341253,115985.95117645005
2018-08-06,4,116171.5661,116171.5661,115976.35067947187,115976.37882488835
2018-08-07,4,116171.107,116171.5661,115991.11028420764,115991.11306053642
2018-08-08,4,115827.798,116171.107,115983.49781105437,115983.5101539033
2018-08-09,4,115844.3076,115827.798,115643.86782013858,115643.91655339928
2018-08-10,4,115613.2656,115844.3076,115646.64089849615,115646.70445175885
2018-08-11,4,115291.4447,115613.2656,115422.72186471682,115422.76462820274
2018-08-12,4,115175.0843,115291.4447,115118.23682083786,115118.3077669264
2018-08-13,4,115176.1601,115175.0843,114960.76412221341,114960.81054460933
2018-08-14,4,115070.2956,115176.1601,114978.41615268239,114978.43911176866
2018-08-15,4,115093.0188,115070.2956,114878.39150528224,114878.41429628342
2018-08-16,4,114751.6393,115093.0188,114880.8435317014,114880.85592852462
2018-08-17,4,114676.0168,114751.6393,114592.81053415804,114592.81520347633
2018-08-18,4,114742.9767,114676.0168,114517.68621915633,114517.68304565089
2018-08-19,4,114742.9767,114742.9767,114532.42605887745,114532.42025551418
2018-08-20,4,114743.4689,114742.9767,114527.32568329753,114527.31218230548
2018-08-21,4,114645.2796,114743.4689,114553.60814224176,114553.60763425034
2018-08-22,4,113641.0159,114645.2796,114478.69750772082,114478.70131780271
2018-08-23,4,113606.7373,113641.0159,113566.1745164458,113566.19590956002
2018-08-24,4,113842.356,113606.7373,113477.65501117578,113477.67419889776
2018-08-25,4,113901.9847,113842.356,113712.66932199406,113712.65929797143
2018-08-26,4,113959.969,113901.9847,113730.84581120222,113730.8079162894
2018-08-27,4,113960.2745,113959.969,113759.47611796681,113759.4353828924
2018-08-28,4,114520.0245,113960.2745,113775.38391445595,113775.36459121777
2018-08-29,4,114802.9145,114520.0245,114251.37786747768,114251.37580262846
2018-08-30,4,115060.4727,114802.9145,114563.08580236702,114563.06268527267
2018-08-31,4,115127.8996,115060.4727,114834.9844698289,114834.93922798563
2018-09-01,4,114788.1319,115127.8996,114903.58333906157,114903.52202155403
2018-09-02,4,115455.5253,114788.1319,114580.90084973843,114580.85021994554
2018-09-03,4,115455.5253,115455.5253,115329.80193746123,115329.66088900239
2018-09-04,4,115534.3935,115455.5253,115233.69819681707,115233.55043177633
2018-09-05,4,115266.7973,115534.3935,115308.1481148596,115307.92028491113
2018-09-06,4,115068.0943,115266.7973,115066.6026606379,115066.38308831536
2018-09-07,4,115124.8366,115068.0943,114866.27010690433,114866.06099475748
2018-09-08,4,115148.8445,115124.8366,114916.95070536002,114916.75402650269
2018-09-09,4,115147.7547,115148.8445,114943.07838866551,114942.88032817238
2018-09-10,4,115147.8701,115147.7547,114915.89020462682,114915.67031041949
2018-09-11,4,115368.4879,115147.8701,114922.3582784773,114922.17357033126
2018-09-12,4,115060.0617,115368.4879,115085.96528543533,115085.79275176457
2018-09-13,4,114897.6011,115060.0617,114810.53169930127,114810.39965243655
2018-09-14,4,114718.3108,114897.6011,114665.16900504276,114665.06282650481
2018-09-15,4,114710.8089,114718.3108,114508.51791492652,114508.40089026248
2018-09-16,4,114711.019,114710.8089,114448.93044815779,114448.85313926364
2018-09-17,4,114711.4077,114711.019,114442.47799062438,114442.39009833826
2018-09-18,4,114507.3414,114711.4077,114455.01497503204,114454.91951137342
2018-09-19,4,114354.2645,114507.3414,114242.10255399958,114241.99679655094
2018-09-20,4,113955.6556,114354.2645,114073.62297761772,114073.52703633887
2018-09-21,4,113763.0943,113955.6556,113718.93700217707,113718.86551617146
2018-09-22,4,113645.3599,113763.0943,113518.44244772322,113518.37512111382
2018-09-23,4,113645.3599,113645.3599,113357.33127579084,113357.25074582371
2018-09-24,4,113647.0168,113645.3599,113324.2373508335,113324.13778528738
2018-09-25,4,113027.8239,113647.0168,113312.7094332485,113312.60424206083
2018-09-26,4,114561.6102,113027.8239,112749.23219233518,112749.11578690514
2018-09-27,4,114072.6327,114561.6102,114011.91886876643,114011.72866940041
2018-09-28,4,112920.2098,114072.6327,113701.93866578545,113701.72632247949
2018-09-29,4,111755.8381,112920.2098,112630.10672994945,112629.96360818051
2018-09-30,4,111755.8381,111755.8381,111501.96816007365,111501.86142484823
2018-10-01,4,111758.1326,111755.8381,111400.94474550989,111400.81557083086
2018-10-02,4,111017.9444,111758.1326,111408.5860423207,111408.38047945716
2018-10-03,4,110332.6884,111017.9444,110783.8108526531,110783.58572778454
2018-10-04,4,109194.9518,110332.6884,110003.00902026048,110002.75838516974
2018-10-05,4,108900.2962,109194.9518,108919.92824583984,108919.73665276634
2018-10-06,4,108689.1781,108900.2962,108565.45587791449,108565.32140345025
2018-10-07,4,108689.1781,108689.1781,108335.49798394354,108335.37656625664
2018-10-08,4,108689.1781,108689.1781,108462.26733174868,108462.10035851494
2018-10-09,4,108689.3046,108689.1781,108223.23962653131,108223.07272812707
2018-10-10,4,108279.6316,108689.3046,108145.81976239609,108145.79076026732
2018-10-11,4,108282.6073,108279.6316,107752.4035210101,107752.41028635783
2018-10-12,4,108183.7312,108282.6073,107757.51508538508,107757.48196154986
2018-10-13,4,107807.9005,108183.7312,107684.07714235033,107683.9686389412
2018-10-14,4,107807.9005,107807.9005,107312.33698774828,107312.22622230783
2018-10-15,4,107808.4772,107807.9005,107268.76823246713,107268.65317436343
2018-10-16,4,107638.7125,107808.4772,107293.18611480239,107293.01651083163
2018-10-17,4,107554.085,107638.7125,107134.770725462,107134.57630131683
2018-10-18,4,107460.8922,107554.085,107056.489854089,107056.24678789134
2018-10-19,4,107273.8367,107460.8922,106989.2133135504,106988.9735554652
2018-10-20,4,107391.162,107273.8367,106837.05500760493,106836.84033204503
2018-10-21,4,107391.162,107391.162,106925.51756848219,106925.33299813236
2018-10-22,4,107391.5056,107391.162,106941.30289789329,106941.1291927731
2018-10-23,4,107243.4868,107391.5056,106970.3621367565,106970.2060263144
2018-10-24,4,106912.6037,107243.4868,106857.89415793619,106857.74857412963
2018-10-25,4,107020.846,106912.6037,106570.13371960919,106570.03411126182
2018-10-26,4,107501.568,107020.846,106675.83535925194,106675.74943657983
2018-10-27,4,107342.9945,107501.568,107159.18974147667,107159.08163625505
2018-10-28,4,107342.9945,107342.9945,107003.87727353326,107003.74112727978
2018-10-29,4,107343.1122,107342.9945,106952.04657654413,106951.88304299842
2018-10-30,4,107452.0063,107343.1122,107000.14504006128,107000.00189831504
2018-10-31,4,107568.7185,107452.0063,107128.75836373486,107128.64473231252
2018-11-01,4,107915.2455,107568.7185,107246.14966264732,107246.02036881252
2018-11-02,4,107808.0204,107915.2455,107581.83056767347,107581.64888339852
2018-11-03,4,107800.6162,107808.0204,107451.82701480344,107451.58797479077
2018-11-04,4,107800.6162,107800.6162,107414.42338090819,107414.19721539259
2018-11-05,4,107801.0405,107800.6162,107416.00943508219,107415.7779541116
2018-11-06,4,107702.6708,107801.0405,107460.6670161365,107460.42541921431
2018-11-07,4,108946.7119,107702.6708,107386.89917179462,107386.6394342369
2018-11-08,4,109034.1241,108946.7119,108477.61963010814,108477.31561327855
2018-11-09,4,109023.0492,109034.1241,108641.60372072508,108641.29930166739
2018-11-10,4,108934.4304,109023.0492,108643.37856842004,108643.09135246249
2018-11-11,4,108934.4304,108934.4304,108545.31620822335,108545.05470578648
2018-11-12,4,108935.8304,108934.4304,108555.82037632602,108555.5676738306
2018-11-13,4,108914.7982,108935.8304,108603.58178735946,108603.32145415983
2018-11-14,4,108895.6975,108914.7982,108624.88101731194,108624.62245530155
2018-11-15,4,108604.5819,108895.6975,108538.02038685919,108537.73737106743
2018-11-16,4,108536.0765,108604.5819,108293.7710112251,108293.49508407923
2018-11-17,4,108529.0268,108536.0765,108219.58708645476,108219.3293165334
2018-11-18,4,108529.0268,108529.0268,108191.01194344244,108190.7637136646
2018-11-19,4,108529.8479,108529.0268,108188.29863357855,108188.04717719815
2018-11-20,4,108468.7736,108529.8479,108208.5422480929,108208.27998706864
2018-11-21,4,108688.4493,108468.7736,108115.60600088473,108115.42053957
2018-11-22,4,108669.4875,108688.4493,108276.25840168973,108276.07983801381
2018-11-23,4,108608.3365,108669.4875,108299.96496806813,108299.79322035969
2018-11-24,4,108475.073,108608.3365,108250.1623568257,108249.99296828861
2018-11-25,4,108475.073,108475.073,108091.80636942353,108091.64488281013
2018-11-26,4,108476.873,108475.073,108082.3341202991,108082.17062206691
2018-11-27,4,108351.8604,108476.873,108108.13405693276,108107.95306440968
2018-11-28,4,108281.924,108351.8604,107994.36675814475,107994.17547397091
2018-11-29,4,105847.3593,108281.924,107894.13999681479,107893.92248677473
2018-11-30,4,105215.8358,105847.3593,105757.46860879438,105757.27603665223
2018-12-01,4,104685.4449,105215.8358,105007.70382658628,105007.53520889877
2018-12-02,4,104685.4449,104685.4449,104460.80993117059,104460.60451589175
2018-12-03,4,104687.6832,104685.4449,104378.55598079706,104378.30804349636
2018-12-04,4,104231.4687,104687.6832,104339.69445333497,104339.41538040548
2018-12-05,4,103757.5251,104231.4687,103849.22858699808,103848.9916594864
2018-12-06,4,103285.056,103757.5251,103280.61811307399,103280.46880040955
2018-12-07,4,103676.895,103285.056,102877.39694106816,102877.33120173885
2018-12-08,4,102912.9089,103676.895,103189.10163722756,103189.02652447038
2018-12-09,4,102912.9089,102912.9089,102514.6144388982,102514.5499763856
2018-12-10,5,102913.5314,102912.9089,102574.75464150244,102574.74351216486
2018-12-11,5,102810.2863,102913.5314,102552.43209927142,102552.40254489328
2018-12-12,5,102607.7771,102810.2863,102441.33455115843,102441.31476755581
2018-12-13,5,102528.1368,102607.7771,102272.28915749244,102272.14402948026
2018-12-14,5,101665.6689,102528.1368,102189.40011629665,102189.22979760345
2018-12-15,5,101318.6242,101665.6689,101347.24058891933,101347.03139444128
2018-12-16,5,101318.6242,101318.6242,101018.8076946432,101018.64750190223
2018-12-17,5,101319.0809,101318.6242,101011.41489612531,101011.24145874154
2018-12-18,5,101270.857,101319.0809,101018.53011125595,101018.31964572551
2018-12-19,5,100823.7337,101270.857,100970.77777690964,100970.55240488406
2018-12-20,5,99816.39675,100823.7337,100543.88083266508,100543.6711123586
2018-12-21,5,99535.95965,99816.39675,99564.29268135305,99564.18063096423
2018-12-22,5,99473.81391,99535.95965,99306.03014583586,99305.95803909648
2018-12-23,5,99474.69626,99473.81391,99267.01149630499,99266.96230407828
2018-12-24,5,99474.81992,99474.69626,99282.78934458327,99282.75212217335
2018-12-25,5,99274.18868,99474.81992,99435.72046499889,99435.70194614485
2018-12-26,5,99274.75118,99274.18868,99254.58591573978,99254.63884320146
2018-12-27,5,99274.75118,99274.75118,99116.20999963774,99116.38770556205
2018-12-28,5,98719.77606,99274.75118,99183.81976339177,99184.05664094994
2018-12-29,5,98609.9344,98719.77606,98586.67056254296,98586.7251767977
2018-12-30,5,98633.33489,98609.9344,98452.06255759929,98452.09869908814
2018-12-31,5,98633.33489,98633.33489,98464.20627832029,98464.20417553636
2019-01-01,5,99178.60851,98633.33489,98616.85689430554,98616.8428332171
2019-01-02,5,99620.16357,99178.60851,99019.15867504792,99019.14770206076
2019-01-03,5,100064.2386,99620.16357,99444.23233793117,99444.11210120664
2019-01-04,5,101005.5512,100064.2386,99830.09209816826,99829.92536547205
2019-01-05,5,100998.8489,101005.5512,100756.8471050106,100756.6736527469
2019-01-06,5,100998.8489,100998.8489,100828.21813397891,100828.06959242022
2019-01-07,5,100998.9322,100998.8489,100837.85726022064,100837.68681213041
2019-01-08,5,100476.6307,100998.9322,100905.27978801326,100905.12486250862
2019-01-09,5,100562.3416,100476.6307,100445.12769717442,100444.99013362532
2019-01-10,5,100747.9252,100562.3416,100526.55360171053,100526.41644588998
2019-01-11,5,100784.5501,100747.9252,100725.19016977564,100724.9888430705
2019-01-12,5,100806.6366,100784.5501,100748.04150193236,100747.82573527891
2019-01-13,5,100806.6366,100806.6366,100751.20281277991,100750.96022867163
2019-01-14,5,100806.853,100806.6366,100757.67035015306,100757.43943561388
2019-01-15,5,101025.0485,100806.853,100763.81957634808,100763.65932643427
2019-01-16,5,101155.6032,101025.0485,100997.6676259896,100997.56351561549
2019-01-17,5,101831.7815,101155.6032,101117.05153839635,101116.96607005854
2019-01-18,5,101908.9029,101831.7815,101742.07403618188,101742.0636648582
2019-01-19,5,101897.6408,101908.9029,101822.09495503594,101822.07991938661
2019-01-20,5,101898.2469,101897.6408,101810.95967704401,101810.96336368033
2019-01-21,5,101898.2469,101898.2469,101831.92985977505,101831.94349489754
2019-01-22,5,101841.2994,101898.2469,101867.30057524612,101867.27865197457
2019-01-23,5,102393.0582,101841.2994,101819.06909893425,101819.03026773538
2019-01-24,5,104759.9772,102393.0582,102348.82268509078,102348.78788090363
2019-01-25,5,104864.5858,104759.9772,104628.51529538134,104628.48737504927
2019-01-26,5,104893.5124,104864.5858,104779.34402518932,104779.24162629034
2019-01-27,5,104893.5124,104893.5124,104787.24713709229,104787.17437368477
2019-01-28,5,104912.2324,104893.5124,104803.09614685013,104803.03123462462
2019-01-29,5,104946.1502,104912.2324,104855.68625495682,104855.61570815675
2019-01-30,5,104950.9923,104946.1502,104944.13541083793,104944.03216523987
2019-01-31,5,104973.3794,104950.9923,104962.26935319595,104962.1592901451
2019-02-01,5,104987.7955,104973.3794,104868.26828969359,104868.05457978399
2019-02-02,5,104802.772,104987.7955,104865.56059817142,104865.3559418841
2019-02-03,5,104802.772,104802.772,104700.21590366213,104700.04117677781
2019-02-04,5,104803.1905,104802.772,104712.80426877402,104712.64573895716
2019-02-05,5,104798.9277,104803.1905,104728.01239980453,104727.84832918178
2019-02-06,5,104594.6982,104798.9277,104710.31517135215,104710.17503822478
2019-02-07,5,104287.2551,104594.6982,104448.86620858533,104448.85835566913
2019-02-08,5,103527.0607,104287.2551,104126.15901499339,104126.16683841577
2019-02-09,5,103503.7998,103527.0607,103378.08713269577,103378.1276131589
2019-02-10,5,103503.7998,103503.7998,103342.29483908824,103342.3492510407
2019-02-11,5,103503.7998,103503.7998,103355.78751211608,103355.81774751528
2019-02-12,5,103417.6202,103503.7998,103356.1450813331,103356.15746462744
2019-02-13,5,103380.7932,103417.6202,103252.6160393031,103252.62174711055
2019-02-14,5,103268.4249,103380.7932,103180.1893208887,103180.20950538557
2019-02-15,5,103231.0882,103268.4249,103044.68588999005,103044.73104587982
2019-02-16,5,103120.6787,103231.0882,103009.6717966409,103009.7362780142
2019-02-17,5,103090.1377,103120.6787,102904.81165845788,102904.861972896
2019-02-18,5,103090.1377,103090.1377,103014.69342391871,103014.70169403491
2019-02-19,5,103090.1377,103090.1377,102876.79517872496,102876.79712209875
2019-02-20,5,103085.1442,103090.1377,102869.54977044876,102869.50836718421
2019-02-21,5,103064.1905,103085.1442,102844.58974579239,102844.49811698712
2019-02-22,5,103179.9137,103064.1905,102805.86199865151,102805.71386981124
2019-02-23,5,103214.3464,103179.9137,102911.71661080836,102911.57481936445
2019-02-24,5,103255.787,103214.3464,102963.09354629173,102962.95796545573
2019-02-25,5,103255.787,103255.787,103024.79793154978,103024.66794310338
2019-02-26,5,103111.9419,103255.787,103043.66561355472,103043.53239502582
2019-02-27,5,103624.1668,103111.9419,102911.33488762971,102911.2052157214
2019-02-28,5,103729.1281,103624.1668,103386.35262129811,103386.19308056391
2019-03-01,5,103911.3286,103729.1281,103503.14391236704,103502.96737682157
2019-03-02,5,103958.9552,103911.3286,103682.34850281509,103682.17278667794
2019-03-03,5,103958.9552,103958.9552,103755.68634062064,103755.53086218306
2019-03-04,5,103959.1552,103958.9552,103778.54025038861,103778.39296038865
2019-03-05,5,104117.7204,103959.1552,103812.59896235188,103812.4695295671
2019-03-06,5,104116.5628,104117.7204,104000.6068423277,104000.4843135186
2019-03-07,5,104428.799,104116.5628,103994.48033014643,103994.34143039826
2019-03-08,5,104255.1658,104428.799,104275.55311436205,104275.39854317205
2019-03-09,5,104279.7467,104255.1658,104115.14649889091,104114.99462807032
2019-03-10,5,104279.7467,104279.7467,104138.98412000503,104138.85903860745
2019-03-11,5,104279.7467,104279.7467,104165.36171039093,104165.24379903189
2019-03-12,5,104347.8515,104279.7467,104191.03168941279,104190.9048710646
2019-03-13,5,104459.1176,104347.8515,104245.4875052891,104245.37394355766
2019-03-14,5,104537.8862,104459.1176,104344.93743660727,104344.81738384173
2019-03-15,5,104695.386,104537.8862,104393.79006056643,104393.67152501587
2019-03-16,5,104772.298,104695.386,104552.36434089745,104552.26755207061
2019-03-17,5,104772.2987,104772.298,104643.0604943858,104642.97047288665
2019-03-18,5,104772.8654,104772.2987,104665.38844172473,104665.30180588401
2019-03-19,5,104875.0239,104772.8654,104682.08224145009,104682.00140027868
2019-03-20,5,104923.9816,104875.0239,104787.42138566388,104787.33007913589
2019-03-21,5,104988.1795,104923.9816,104823.69506153016,104823.60321675292
2019-03-22,5,105141.7345,104988.1795,104881.13876800779,104881.02853473565
2019-03-23,5,105432.7904,105141.7345,105027.79030399647,105027.67923777283
2019-03-24,5,105432.7904,105432.7904,105326.61649632329,105326.51366723796
2019-03-25,5,105433.7104,105432.7904,105358.03832348941,105357.92899016486
2019-03-26,5,105192.1372,105433.7104,105376.2861861009,105376.17853300138
2019-03-27,5,104972.9499,105192.1372,105149.51360212453,105149.41005481295
2019-03-28,5,105212.0734,104972.9499,104925.84612578097,104925.74605974581
2019-03-29,5,105165.755,105212.0734,105128.72851112735,105128.6239912297
2019-03-30,5,105158.1301,105165.755,105092.50897395665,105092.3910251225
2019-03-31,5,105157.9005,105158.1301,105080.36110265586,105080.24670466133
2019-04-01,5,105158.9416,105157.9005,105096.32580317372,105096.22376998689
2019-04-02,5,105236.8176,105158.9416,105106.04059362886,105105.95205191971
2019-04-03,5,105030.3592,105236.8176,105188.15799307579,105188.0718812135
2019-04-04,5,105080.7747,105030.3592,104995.86417979212,104995.78873263307
2019-04-05,5,105164.3151,105080.7747,105013.46483071733,105013.38820550744
2019-04-06,5,105191.1865,105164.3151,105091.81135152446,105091.75280702331
2019-04-07,5,105191.1865,105191.1865,105132.05804844206,105132.00113552122
2019-04-08,5,105191.397,105191.1865,105154.20549232487,105154.15227861934
2019-04-09,5,105384.4704,105191.397,105174.76334096676,105174.693367416
2019-04-10,5,105421.9075,105384.4704,105356.98658540234,105356.8828705745
2019-04-11,5,105516.237,105421.9075,105395.53841440979,105395.43881520518
2019-04-12,5,105512.0382,105516.237,105477.66998906546,105477.56523294412
2019-04-13,5,105498.9636,105512.0382,105473.93672880204,105473.83101220289
2019-04-14,5,105465.0374,105498.9636,105475.00979435179,105474.91523827543
2019-04-15,5,105465.5374,105465.0374,105468.51585636995,105468.42883501497
2019-04-16,5,105307.6797,105465.5374,105491.69939717598,105491.61355281361
2019-04-17,5,105016.5466,105307.6797,105346.08541923582,105345.97497389604
2019-04-18,5,105200.4108,105016.5466,105054.2074800357,105054.10188401623
2019-04-19,5,104973.8192,105200.4108,105340.68799383948,105340.55576892002
2019-04-20,5,104973.8192,104973.8192,104994.73976886246,104994.6364307388
2019-04-21,5,104916.3338,104973.8192,105004.37394943196,105004.28703967652
2019-04-22,5,104916.3338,104916.3338,104976.8890116668,104976.81380984836
2019-04-23,5,105382.0985,104916.3338,104982.49786659771,104982.4455170343
2019-04-24,5,105249.5738,105382.0985,105427.46944561623,105427.40467708567
2019-04-25,5,105272.2694,105249.5738,105316.30385839519,105316.24510762971
2019-04-26,5,105142.5957,105272.2694,105304.91101892764,105304.85648490107
2019-04-27,5,104581.2214,105142.5957,105198.29680073306,105198.26551150199
2019-04-28,5,104578.8708,104581.2214,104688.30876574956,104688.29945261021
2019-04-29,5,104578.8708,104578.8708,104692.65938671015,104692.65784427461
2019-04-30,5,104549.6458,104578.8708,104719.48492578327,104719.44691086783
2019-05-01,5,104534.1971,104549.6458,104676.01770068721,104675.93277110414
2019-05-02,5,104367.9365,104534.1971,104645.38852965116,104645.31724058815
2019-05-03,5,104221.2534,104367.9365,104472.17980191486,104472.10700210674
2019-05-04,5,103596.5079,104221.2534,104323.1762937702,104323.13509760163
2019-05-05,5,103596.5079,103596.5079,103777.71901367843,103777.70396174869
2019-05-06,5,103600.2258,103596.5079,103764.90922686708,103764.89668981952
2019-05-07,5,103817.179,103600.2258,103766.77269462263,103766.7638883259
2019-05-08,5,103866.4662,103817.179,103969.07627867017,103969.03752416697
2019-05-09,5,104041.5843,103866.4662,104004.21580810955,104004.17243494822
2019-05-10,5,104308.8967,104041.5843,104156.21318013566,104156.17838993159
2019-05-11,5,104399.374,104308.8967,104420.32340178102,104420.27070509102
2019-05-12,5,104580.1422,104399.374,104560.09786208013,104560.07625548796
2019-05-13,5,104580.3422,104580.1422,104763.07585108446,104763.0561317714
2019-05-14,5,104832.3662,104580.3422,104799.33607237552,104799.31326602961
2019-05-15,5,104954.7437,104832.3662,105046.20788650641,105046.16543886882
2019-05-16,5,105389.1143,104954.7437,105175.42433084584,105175.34945115182
2019-05-17,5,105731.1376,105389.1143,105584.98903550388,105584.87545784924
2019-05-18,5,105867.1571,105731.1376,105949.29915988527,105949.15070191887
2019-05-19,5,105987.8047,105867.1571,106115.10049839366,106114.96360977956
2019-05-20,5,105987.8047,105987.8047,106395.60107271203,106395.45521387883
2019-05-21,5,105987.8047,105987.8047,106290.24205947148,106290.13679264339
2019-05-22,5,106289.3999,105987.8047,106299.4088930534,106299.29747115016
2019-05-23,5,106417.7699,106289.3999,106613.0693323882,106612.9766176412
2019-05-24,5,106497.298,106417.7699,106736.09838477659,106736.00761370626
2019-05-25,5,107339.3584,106497.298,106813.20324852437,106813.12701114894
2019-05-26,5,107339.3584,107339.3584,107651.05754182511,107651.03599378486
2019-05-27,5,107341.1529,107339.3584,107689.67980650558,107689.64295260792
2019-05-28,5,108062.9737,107341.1529,107703.12469113508,107703.12089402438
2019-05-29,5,108230.6258,108062.9737,108428.12132283181,108428.14938544255
2019-05-30,5,108734.5226,108230.6258,108598.5842245071,108598.60255273677
2019-05-31,5,109338.1993,108734.5226,109083.64395119894,109083.69671822811
2019-06-01,5,109241.5338,109338.1993,109701.13885285439,109701.20457715512
2019-06-02,5,109241.5338,109241.5338,109608.2329252332,109608.27308475877
2019-06-03,5,109241.904,109241.5338,109622.22902190816,109622.28418906739
2019-06-04,5,109591.0467,109241.904,109665.72256882762,109665.76793320474
2019-06-05,5,110014.0409,109591.0467,109998.6937331385,109998.71011392432
2019-06-06,5,110634.7041,110014.0409,110427.35352102703,110427.35664827721
2019-06-07,5,111823.8911,110634.7041,111025.14214022199,111025.12477882476
2019-06-08,5,112226.4654,111823.8911,112152.40176632989,112152.4337221796
2019-06-09,5,112226.4654,112226.4654,112588.0723823648,112588.09926625462
2019-06-10,5,112226.8629,112226.4654,112614.60717851952,112614.6394840909
2019-06-11,5,112620.1845,112226.8629,112629.90681172594,112629.98195190929
2019-06-12,5,113113.9208,112620.1845,113033.2820108151,113033.34395751904
2019-06-13,5,113541.1124,113113.9208,113527.91695934885,113527.96949055008
2019-06-14,5,113725.4313,113541.1124,113947.26668865407,113947.30834999643
2019-06-15,5,114406.2389,113725.4313,114091.61667961211,114091.60571938062
2019-06-16,5,114406.8851,114406.2389,114751.81248149044,114751.82145735524
2019-06-17,5,114449.3214,114406.8851,114796.96472454237,114796.9593507355
2019-06-18,5,114684.1069,114449.3214,114859.64613719333,114859.66180615785
2019-06-19,5,114897.444,114684.1069,115090.85033704515,115090.86361461444
2019-06-20,5,115334.3655,114897.444,115285.21299829007,115285.22050373176
2019-06-21,5,115644.8474,115334.3655,115675.01130819757,115675.0693095389
2019-06-22,5,115739.8084,115644.8474,115986.99249708327,115987.05564851686
2019-06-23,5,115642.0703,115739.8084,116073.21061290162,116073.24416150578
2019-06-24,5,115642.2703,115642.0703,115989.27861129813,115989.33207111886
2019-06-25,5,116120.1056,115642.2703,116003.41985154687,116003.48489384301
2019-06-26,5,116818.1425,116120.1056,116467.00857103479,116467.07227483606
2019-06-27,5,117879.7616,116818.1425,117133.63909985278,117133.70827900953
2019-06-28,5,118132.649,117879.7616,118155.84128285511,118155.89635631321
2019-06-29,5,118319.5334,118132.649,118388.83513539453,118388.90128406452
2019-06-30,5,118335.8056,118319.5334,118564.43078370135,118564.51807236024
2019-07-01,5,118335.8056,118335.8056,118752.66015430626,118752.7235703498
2019-07-02,5,118335.9577,118335.8056,118656.76008098794,118656.83451987637
2019-07-03,5,117178.7424,118335.9577,118675.37148050225,118675.40063641666
2019-07-04,5,117456.6427,117178.7424,117570.57214359233,117570.62163088744
2019-07-05,5,117511.1271,117456.6427,117733.55445933425,117733.57762273932
2019-07-06,5,118420.2325,117511.1271,117777.42994956729,117777.41860381298
2019-07-07,5,118420.2325,118420.2325,118612.43818734458,118612.38852827228
2019-07-08,5,118433.7956,118420.2325,118638.03231637462,118637.96862366766
2019-07-09,5,118911.523,118433.7956,118629.35415303727,118629.33692475027
2019-07-10,5,119087.2279,118911.523,119055.50917384462,119055.55653107454
2019-07-11,5,119159.0006,119087.2279,119252.31681537304,119252.44328074777
2019-07-12,5,119209.8735,119159.0006,119295.71920934423,119295.83747967237
2019-07-13,5,119234.953,119209.8735,119349.52469590656,119349.64597548298
2019-07-14,5,119315.7048,119234.953,119350.05575311871,119350.14144201836
2019-07-15,5,119318.2048,119315.7048,119440.61832842807,119440.71150671176
2019-07-16,5,119254.9241,119318.2048,119471.61573312225,119471.6896344103
2019-07-17,5,119267.3966,119254.9241,119416.27983766356,119416.25338795729
2019-07-18,5,119425.3119,119267.3966,119394.54234747024,119394.51239767516
2019-07-19,5,119570.8606,119425.3119,119522.45662426957,119522.41656919943
2019-07-20,5,119496.2554,119570.8606,119633.62906871052,119633.64080914664
2019-07-21,5,119465.9919,119496.2554,119566.59276741942,119566.6092245535
2019-07-22,5,119466.3077,119465.9919,119546.78623985495,119546.80356210866
2019-07-23,5,119541.3899,119466.3077,119545.65868787785,119545.69082221485
2019-07-24,5,119235.5191,119541.3899,119613.32341943587,119613.34175923368
2019-07-25,5,119104.9883,119235.5191,119306.1062176182,119306.12795034531
2019-07-26,5,118976.7698,119104.9883,119136.59176292304,119136.62405711031
2019-07-27,5,118808.1779,118976.7698,118998.71874034188,118998.76383970483
2019-07-28,5,118808.1779,118808.1779,118842.61620528261,118842.68088340928
2019-07-29,5,118808.9567,118808.1779,118850.75722522865,118850.82643852083
2019-07-30,5,118886.2882,118808.9567,118855.27471829818,118855.3348783986
2019-07-31,5,118719.1264,118886.2882,118905.41878019326,118905.47534162406
2019-08-01,5,118570.2834,118719.1264,118728.4233913505,118728.50251959132
2019-08-02,5,118474.656,118570.2834,118533.08198836228,118533.1730103824
2019-08-03,5,118475.3303,118474.656,118420.8680268428,118420.96442673945
2019-08-04,5,118475.3303,118475.3303,118422.9799709343,118423.07204367482
2019-08-05,5,118424.8682,118475.3303,118414.63735816492,118414.73439748028
2019-08-06,5,118425.0787,118424.8682,118363.93483162271,118364.02265856539
2019-08-07,5,118092.5614,118425.0787,118345.02636706519,118345.0819637662
2019-08-08,5,117757.2708,118092.5614,118022.63324894036,118022.68168255736
2019-08-09,5,117476.853,117757.2708,117679.73140733533,117679.77761326704
2019-08-10,5,117443.1064,117476.853,117395.76185829032,117395.79776487316
2019-08-11,5,117443.1064,117443.1064,117346.44671843691,117346.47407413593
2019-08-12,5,117443.6529,117443.1064,117343.60729463451,117343.6225941319
2019-08-13,5,117227.1035,117443.6529,117335.57173803626,117335.58607532724
2019-08-14,5,116999.4409,117227.1035,117111.80246382882,117111.81589007801
2019-08-15,5,116811.0552,116999.4409,116869.22766832219,116869.25447541031
2019-08-16,5,116186.9396,116811.0552,116663.5044230008,116663.53877594238
2019-08-17,5,115988.861,116186.9396,116074.8765342695,116074.92400632352
2019-08-18,5,115988.861,115988.861,115865.13519497942,115865.1910048177
2019-08-19,5,116005.425,115988.861,115856.35216744745,115856.39184812714
2019-08-20,5,116041.4204,116005.425,115861.12354547075,115861.15659362313
2019-08-21,5,116111.5317,116041.4204,115882.71725097511,115882.73890526257
2019-08-22,5,116054.269,116111.5317,115923.17595114824,115923.19620756798
2019-08-23,5,115911.821,116054.269,115830.11512536058,115830.12510237662
2019-08-24,5,115864.6044,115911.821,115695.39257793761,115695.42851097223
2019-08-25,5,115727.3407,115864.6044,115651.43721973158,115651.47571188459
2019-08-26,5,115728.1953,115727.3407,115532.03035895113,115532.05985450927
2019-08-27,5,115639.7698,115728.1953,115538.52708035114,115538.53716574592
2019-08-28,5,115341.2976,115639.7698,115457.45343329998,115457.43962269816
2019-08-29,5,115417.9123,115341.2976,115164.07924589595,115164.05957145875
2019-08-30,5,115392.5024,115417.9123,115209.30221820297,115209.24324563454
2019-08-31,5,114626.0208,115392.5024,115181.13586931895,115181.0642727644
2019-09-01,5,114626.0208,114626.0208,114475.8615040795,114475.81577460923
2019-09-02,5,114626.0208,114626.0208,114601.6711856836,114601.63439046168
2019-09-03,5,114626.0208,114626.0208,114472.02493332153,114472.00922070752
2019-09-04,5,114598.7356,114626.0208,114463.27908200062,114463.27080264356
2019-09-05,5,114529.72,114598.7356,114431.69365214516,114431.70263508587
2019-09-06,5,114359.3787,114529.72,114326.0053713829,114326.00034218164
2019-09-07,5,114675.4393,114359.3787,114135.21330982141,114135.22404504892
2019-09-08,5,114638.3088,114675.4393,114451.82690083429,114451.83564477436
2019-09-09,5,114639.3777,114638.3088,114445.81294052805,114445.81953533627
2019-09-10,5,114456.8792,114639.3777,114460.09957639873,114460.11405298565
2019-09-11,5,114380.2972,114456.8792,114295.44945103808,114295.46349667426
2019-09-12,5,113821.7188,114380.2972,114193.42685091255,114193.4423297028
2019-09-13,5,113508.5293,113821.7188,113659.18320348022,113659.19597715374
2019-09-14,5,113268.8118,113508.5293,113361.90526088783,113361.88002120075
2019-09-15,5,113225.8316,113268.8118,113090.78585442418,113090.69474234557
2019-09-16,5,113231.138,113225.8316,113041.85921900091,113041.75826767975
2019-09-17,5,113164.0118,113231.138,113037.64617505734,113037.53973808196
2019-09-18,5,112766.832,113164.0118,112958.54008967886,112958.44106924746
2019-09-19,5,112885.6832,112766.832,112556.32996320428,112556.25678495942
2019-09-20,5,112563.8156,112885.6832,112641.92560038294,112641.87874511405
2019-09-21,5,112186.0202,112563.8156,112334.35346673237,112334.34130116452
2019-09-22,5,112186.0202,112186.0202,111977.35714836928,111977.35731730916
2019-09-23,5,112190.078,112186.0202,111969.24012519994,111969.24225764142
2019-09-24,5,111216.1266,112190.078,111969.49617613736,111969.46783869296
2019-09-25,5,110622.1773,111216.1266,111058.45521005736,111058.44247516626
2019-09-26,5,110202.9583,110622.1773,110470.3000586161,110470.2774853803
2019-09-27,5,109884.1875,110202.9583,110008.2294421857,110008.16336338346
2019-09-28,5,109634.5453,109884.1875,109678.87724914195,109678.80885677377
2019-09-29,5,109634.5453,109634.5453,109429.1241845679,109429.06618974365
2019-09-30,5,109450.1625,109634.5453,109359.54813780493,109359.42472556746
2019-10-01,5,109174.3601,109450.1625,109152.68128477545,109152.57791098153
2019-10-02,5,108356.9831,109174.3601,108887.62570728405,108887.55356865146
2019-10-03,5,106524.0207,108356.9831,108094.0536402954,108094.02351014676
2019-10-04,5,105820.1672,106524.0207,106341.00241639472,106340.99113813693
2019-10-05,5,105712.4254,105820.1672,105595.18935598222,105595.17413768717
2019-10-06,5,105712.4254,105712.4254,105449.37093740488,105449.31462159104
2019-10-07,5,105725.4134,105712.4254,105419.844601394,105419.75510246842
2019-10-08,5,105715.8997,105725.4134,105409.38827247481,105409.25402774196
2019-10-09,5,105010.7058,105715.8997,105353.39276723862,105353.28611372941
2019-10-10,5,104660.1577,105010.7058,104658.81040488154,104658.78465100616
2019-10-11,5,104488.8208,104660.1577,104332.03163759816,104332.09287516047
2019-10-12,5,104331.2908,104488.8208,104144.20209826883,104144.21686548712
2019-10-13,5,104356.3048,104331.2908,103976.56098192089,103976.53975439406
2019-10-14,5,104349.151,104356.3048,104124.31464627979,104124.23304104821
2019-10-15,5,104349.3924,104349.151,103978.45815996382,103978.38718156809
2019-10-16,5,104265.8663,104349.3924,103972.1172122549,103972.03501515291
2019-10-17,5,103704.0477,104265.8663,103932.66309402931,103932.52932558116
2019-10-18,5,103534.7349,103704.0477,103412.19264333675,103412.0427193174
2019-10-19,5,103441.2141,103534.7349,103249.29364160114,103249.19001470534
2019-10-20,5,103432.466,103441.2141,103176.78332477277,103176.68652722349
2019-10-21,5,103433.3676,103432.466,103180.28257036486,103180.18312744403
2019-10-22,5,103146.7485,103433.3676,103211.77027000152,103211.71096576945
2019-10-23,5,103005.1384,103146.7485,102979.31796702834,102979.2819090493
2019-10-24,5,102639.3153,103005.1384,102798.01509073215,102797.94592089974
2019-10-25,5,102686.6418,102639.3153,102456.36879178416,102456.30857449837
2019-10-26,5,102883.8489,102686.6418,102493.7479611862,102493.6932478203
2019-10-27,5,102906.9646,102883.8489,102702.60798906165,102702.56297847984
2019-10-28,5,103005.4054,102906.9646,102758.9485614297,102758.92858826682
2019-10-29,5,103162.8955,103005.4054,102887.09698333713,102887.14059567827
2019-10-30,5,105484.2778,103162.8955,103072.66394790288,103072.75144198934
2019-10-31,5,105478.1299,105484.2778,105287.38768580102,105287.34164797729
2019-11-01,5,105433.0487,105478.1299,105373.7992205354,105373.67701581906
2019-11-02,5,105306.8426,105433.0487,105259.26725539258,105259.05142295505
2019-11-03,5,105306.8426,105306.8426,105131.06191911787,105130.8258813117
2019-11-04,5,105306.8426,105306.8426,105182.5216215894,105182.30124262837
2019-11-05,5,105147.4114,105306.8426,105259.98101011563,105259.73966700114
2019-11-06,5,105043.8413,105147.4114,105189.35309789724,105189.10660844197
2019-11-07,5,105097.8385,105043.8413,105012.1870134836,105011.84392709286
2019-11-08,5,106806.4989,105097.8385,105038.7051386348,105038.37267113528
2019-11-09,5,106914.5312,106806.4989,106687.44817759955,106687.16843574688
2019-11-10,5,106914.5312,106914.5312,106857.81811521781,106857.51523917916
2019-11-11,5,106914.899,106914.5312,106860.05920936343,106859.80150739805
2019-11-12,5,106761.0501,106914.899,106867.52257990306,106867.3001281566
2019-11-13,5,106657.3729,106761.0501,106702.78767368427,106702.71957171417
2019-11-14,5,106605.2455,106657.3729,106627.17969089253,106627.11642961104
2019-11-15,5,106626.1932,106605.2455,106612.51141245115,106612.44180570426
2019-11-16,5,106565.3358,106626.1932,106561.77022133456,106561.62251787257
2019-11-17,5,106586.6483,106565.3358,106508.53678748924,106508.40020520534
2019-11-18,5,106310.1298,106586.6483,106539.70064884868,106539.57672622599
2019-11-19,5,106419.5094,106310.1298,106288.88634456076,106288.76916517915
2019-11-20,5,106351.5275,106419.5094,106383.481426597,106383.362131377
2019-11-21,5,106213.9554,106351.5275,106306.62511820297,106306.49592635735
2019-11-22,5,106241.5279,106213.9554,106124.00902464529,106123.97622704269
2019-11-23,5,106272.0464,106241.5279,106126.61810062226,106126.58469487645
2019-11-24,5,106239.5044,106272.0464,106163.63461911677,106163.59600218534
2019-11-25,5,106232.2672,106239.5044,106141.187403559,106141.14837351459
2019-11-26,5,105705.6823,106232.2672,106157.63487970394,106157.58071219864
2019-11-27,5,105930.5124,105705.6823,105648.22988388308,105648.16180580572
2019-11-28,5,105681.317,105930.5124,105827.66690954541,105827.58258940885
2019-11-29,5,105328.6262,105681.317,105552.44748447769,105552.39624104605
2019-11-30,5,105099.3496,105328.6262,105192.04017181596,105191.997980748
2019-12-01,5,105131.2673,105099.3496,104953.80635504142,104953.77556706987
2019-12-02,5,105131.4673,105131.2673,104982.56411526281,104982.51176271008
2019-12-03,5,104847.3004,105131.4673,104974.73630965581,104974.67942157543
2019-12-04,5,103837.1797,104847.3004,104713.14928817829,104713.09209448486
2019-12-05,5,103817.7506,103837.1797,103719.34627779602,103719.27408275852
2019-12-06,5,103843.9824,103817.7506,103618.33735342177,103618.27187002369
2019-12-07,5,103245.261,103843.9824,103627.62647443012,103627.53183782818
2019-12-08,5,103245.261,103245.261,103090.5750882172,103090.48051923575
2019-12-09,5,103255.6653,103245.261,103056.65055576935,103056.5679260701
2019-12-10,5,103222.6763,103255.6653,103056.87828763154,103056.77006142742
2019-12-11,5,103062.6556,103222.6763,102998.52274657511,102998.45861120702
2019-12-12,5,102904.2104,103062.6556,102853.30732721846,102853.25142070735
2019-12-13,5,102866.9666,102904.2104,102669.1896366754,102669.10865813901
2019-12-14,5,102704.561,102866.9666,102600.94116361668,102600.86274553934
2019-12-15,5,102699.0255,102704.561,102473.51163070755,102473.46368651732
2019-12-16,5,102695.9755,102699.0255,102469.9413942962,102469.89253009485
2019-12-17,5,102690.1989,102695.9755,102476.91169122895,102476.84494930124
2019-12-18,5,102464.979,102690.1989,102470.13102458038,102469.99285592383
2019-12-19,5,101908.4133,102464.979,102248.05844128026,102247.9340217671
2019-12-20,5,101853.8669,101908.4133,101705.50382751231,101705.40106976888
2019-12-21,5,101761.8584,101853.8669,101631.07077380407,101630.9488474187
2019-12-22,5,101763.2273,101761.8584,101562.30528362546,101562.19548724896
2019-12-23,5,101763.2273,101763.2273,101578.01009727443,101577.91499744436
2019-12-24,5,101424.7004,101763.2273,101587.5318993575,101587.45079315471
2019-12-25,5,101457.4831,101424.7004,101409.39674847781,101409.32087047707
2019-12-26,5,101457.4831,101457.4831,101401.31456525765,101401.24853900874
2019-12-27,5,101457.4831,101457.4831,101280.49491533538,101280.48715545444
2019-12-28,5,101127.9189,101457.4831,101273.80816233222,101273.79843584987
2019-12-29,5,101129.5489,101127.9189,100972.76391654323,100972.76080231079
2019-12-30,5,101135.6156,101129.5489,100972.68049695715,100972.6932812375
2019-12-31,5,101173.0074,101135.6156,100996.20379417216,100996.23834698531
2020-01-01,5,101441.0989,101173.0074,101200.78786317237,101200.81448589008
2020-01-02,5,101441.6283,101441.0989,101315.08289645477,101315.0804097881
2020-01-03,5,102065.793,101441.6283,101266.73761798296,101266.65221372619
2020-01-04,5,102098.5953,102065.793,101855.13963129319,101855.04344594739
2020-01-05,5,102126.6394,102098.5953,101942.35263635768,101942.27920247432
2020-01-06,5,102066.7612,102126.6394,101966.46888926167,101966.36597309093
2020-01-07,5,101924.6544,102066.7612,101943.77199616857,101943.66467207983
2020-01-08,5,101854.9346,101924.6544,101823.62544501123,101823.53214258523
2020-01-09,5,101851.1411,101854.9346,101748.95841319887,101748.86014312954
2020-01-10,5,101904.01,101851.1411,101748.70639876474,101748.59917695535
2020-01-11,5,101894.5498,101904.01,101777.69455289726,101777.54097262447
2020-01-12,5,101894.5498,101894.5498,101784.85935026355,101784.72681383982
2020-01-13,5,101811.4992,101894.5498,101796.70247672053,101796.58231339921
2020-01-14,5,101781.2276,101811.4992,101735.62788120387,101735.53681109264
2020-01-15,5,101860.1896,101781.2276,101710.5015836975,101710.44625231979
2020-01-16,5,101997.3167,101860.1896,101782.97447758769,101782.92739393911
2020-01-17,5,102141.9539,101997.3167,101889.5294498461,101889.49912663273
2020-01-18,5,102234.7577,102141.9539,102005.49471177728,102005.43558861563
2020-01-19,5,102234.7577,102234.7577,102108.00799191848,102107.96545150688
2020-01-20,5,102231.8922,102234.7577,102125.43666007622,102125.40034980216
2020-01-21,5,102410.4412,102231.8922,102141.71934236007,102141.68153989858
2020-01-22,5,103250.5283,102410.4412,102322.55710020762,102322.51693498368
2020-01-23,5,103366.0384,103250.5283,103133.14978023752,103133.11055641923
2020-01-24,5,103362.1834,103366.0384,103261.03901397655,103260.96200427866
2020-01-25,5,103423.4369,103362.1834,103243.3460817845,103243.2717318962
2020-01-26,5,103472.698,103423.4369,103308.10698103523,103308.04363485874
2020-01-27,5,103472.785,103472.698,103380.93897168647,103380.86973129341
2020-01-28,5,103400.6892,103472.785,103414.35172485397,103414.26566494157
2020-01-29,5,103648.1647,103400.6892,103361.74471674694,103361.64252774714
2020-01-30,5,103662.3267,103648.1647,103551.18961056697,103551.04918713424
2020-01-31,5,103716.9313,103662.3267,103544.69393885181,103544.54924904481
2020-02-01,5,103609.0238,103716.9313,103591.39844637098,103591.26661057034
2020-02-02,5,103609.0238,103609.0238,103495.3147395278,103495.2025168351
2020-02-03,5,103500.9088,103609.0238,103508.60727454512,103508.5057802816
2020-02-04,5,103485.1563,103500.9088,103419.40916445378,103419.32171033719
2020-02-05,5,103534.5486,103485.1563,103392.41259289999,103392.36929278764
2020-02-06,5,102761.5709,103534.5486,103409.74167399567,103409.68167840563
2020-02-07,5,102342.7577,102761.5709,102656.96885837351,102656.92665024215
2020-02-08,5,102453.5129,102342.7577,102212.47956966163,102212.47336706253
2020-02-09,5,102453.5129,102453.5129,102314.31607976601,102314.31104835703
2020-02-10,5,102467.6956,102453.5129,102330.02023947849,102329.99925884875
2020-02-11,5,102436.5769,102467.6956,102348.89883974704,102348.86945845194
2020-02-12,5,102437.7356,102436.5769,102293.31435038956,102293.2975357903
2020-02-13,5,102639.551,102437.7356,102250.88160247685,102250.88164962496
2020-02-14,5,102676.7218,102639.551,102439.06374964098,102439.0884466443
2020-02-15,5,102535.5606,102676.7218,102488.48966788364,102488.50850823369
2020-02-16,5,102540.0291,102535.5606,102351.8211226782,102351.8380884029
2020-02-17,5,102540.0291,102540.0291,102500.11479194868,102500.09943920531
2020-02-18,5,102540.4291,102540.0291,102371.55213829014,102371.53816955944
2020-02-19,5,102546.2196,102540.4291,102368.11147340141,102368.07525349446
2020-02-20,5,102450.7976,102546.2196,102370.48203035799,102370.3768235311
2020-02-21,5,102460.6192,102450.7976,102270.26625635997,102270.12374949553
2020-02-22,5,102303.2545,102460.6192,102265.70131385454,102265.57209950092
2020-02-23,5,102303.9403,102303.2545,102132.79906911451,102132.68406206318
2020-02-24,5,102304.0653,102303.9403,102145.20149431641,102145.09311338501
2020-02-25,5,102237.405,102304.0653,102159.59008642362,102159.4756670485
2020-02-26,5,102274.6794,102237.405,102096.04632894506,102095.92829176954
2020-02-27,5,102215.3975,102274.6794,102111.50417476504,102111.3956041212
2020-02-28,5,102340.5227,102215.3975,102049.68059412074,102049.58399151506
2020-02-29,5,102427.5404,102340.5227,102167.25662556075,102167.16738004246
2020-03-01,5,102428.2501,102427.5404,102279.79710776042,102279.725551065
2020-03-02,5,102428.2846,102428.2501,102304.4990118741,102304.43425563988
2020-03-03,5,102306.6666,102428.2846,102326.19510204908,102326.14535541298
2020-03-04,5,102265.9072,102306.6666,102220.84431877469,102220.80421714913
2020-03-05,5,102048.7639,102265.9072,102178.18723557032,102178.15132419119
2020-03-06,5,102022.5502,102048.7639,101982.528864157,101982.51145906818
2020-03-07,5,102101.4431,102022.5502,101919.36554389531,101919.27720784795
2020-03-08,5,102101.4431,102101.4431,101992.54588192469,101992.44659400446
2020-03-09,5,102102.5369,102101.4431,102012.19516390622,102012.09692664233
2020-03-10,5,102203.6821,102102.5369,102022.05338703837,102021.95489769976
2020-03-11,5,102287.364,102203.6821,102117.11481696823,102117.01659733723
2020-03-12,5,102206.4152,102287.364,102184.9254646963,102184.81568541689
2020-03-13,5,102302.9779,102206.4152,102104.39994313841,102104.30702543797
2020-03-14,5,102006.7054,102302.9779,102195.60639937,102195.52374203266
2020-03-15,5,101926.6546,102006.7054,101932.75801740005,101932.68988625052
2020-03-16,5,101910.3959,101926.6546,101864.9807971738,101864.91372796474
2020-03-17,5,101759.8648,101910.3959,101868.68916267327,101868.60657926675
2020-03-18,5,101767.3745,101759.8648,101728.35409917016,101728.25490408686
2020-03-19,5,101704.1313,101767.3745,101715.84916845184,101715.73075879956
2020-03-20,5,101775.2615,101704.1313,101646.08423325211,101645.96812921624
2020-03-21,5,101868.5308,101775.2615,101692.67848198267,101692.5706844692
2020-03-22,5,101868.5308,101868.5308,101806.55602871202,101806.4682100448
2020-03-23,5,101868.5308,101868.5308,101828.94286181516,101828.86095623714
2020-03-24,5,101190.8448,101868.5308,101838.7070558739,101838.63500212714
2020-03-25,5,100482.6114,101190.8448,101211.53444234112,101211.47485686284
2020-03-26,5,100002.3308,100482.6114,100510.1544785555,100510.09147317731
2020-03-27,5,98978.50841,100002.3308,100018.11943651155,100018.04966127746
2020-03-28,5,99097.97812,98978.50841,99037.56228119295,99037.45214011335
2020-03-29,5,99097.97812,99097.97812,99096.51744556149,99096.3890077437
2020-03-30,5,99192.06602,99097.97812,99091.40535405578,99091.25366952865
2020-03-31,5,99338.72412,99192.06602,99153.30801539468,99153.16391182395
2020-04-01,5,99206.63067,99338.72412,99281.35023030016,99281.25288398728
2020-04-02,5,98711.68575,99206.63067,99136.70547220991,99136.64513814723
2020-04-03,5,98769.62351,98711.68575,98641.91847675227,98641.9211302785
2020-04-04,5,99045.81635,98769.62351,98705.47554260929,98705.52361098913
2020-04-05,5,99045.81635,99045.81635,98974.11631104062,98974.12581120775
2020-04-06,5,99045.81635,99045.81635,99001.7414135249,99001.73125570964
2020-04-07,5,98992.83454,99045.81635,99017.77471177849,99017.71771789232
2020-04-08,5,99103.15189,98992.83454,98964.90709991116,98964.80822779523
2020-04-09,5,99112.06602,99103.15189,99065.68673566273,99065.5682138477
2020-04-10,5,99152.60081,99112.06602,99253.75204265089,99253.57329786592
2020-04-11,5,99152.60081,99152.60081,99164.27298565248,99164.1321412329
2020-04-12,5,99071.48762,99152.60081,99179.41358318029,99179.28198737424
2020-04-13,5,99071.48762,99071.48762,99117.72782389061,99117.59975962313
2020-04-14,5,99071.48762,99071.48762,99135.90670828595,99135.7970122836
2020-04-15,5,98838.7004,99071.48762,99157.95233153256,99157.84497349907
2020-04-16,5,98895.93749,98838.7004,98939.68960991439,98939.56312017591
2020-04-17,5,98733.6666,98895.93749,98985.98417684581,98985.88545691161
2020-04-18,5,98848.9916,98733.6666,98842.03318202018,98841.9795454026
2020-04-19,5,98848.9916,98848.9916,98975.59585223964,98975.5822302646
2020-04-20,5,98848.9916,98848.9916,99027.13615648984,99027.16292793599
2020-04-21,5,98843.11342,98848.9916,99067.71419707753,99067.7826859481
2020-04-22,5,98916.23104,98843.11342,99089.98069613315,99090.10533775392
2020-04-23,5,99295.51817,98916.23104,99159.2701224713,99159.37850962582
2020-04-24,5,99774.61128,99295.51817,99493.82453626202,99493.8793800845
2020-04-25,5,100063.1491,99774.61128,99957.96097317035,99957.96607653394
2020-04-26,5,100103.4062,100063.1491,100248.02492655271,100248.01378196561
2020-04-27,5,100103.5527,100103.4062,100313.68815157568,100313.68553104985
2020-04-28,5,100145.3911,100103.5527,100334.97249570854,100334.97554998116
2020-04-29,5,100274.44,100145.3911,100398.76138856236,100398.74833432301
2020-04-30,5,100479.5173,100274.44,100539.26125915369,100539.24437277665
2020-05-01,5,100850.2709,100479.5173,100740.45894557437,100740.41704659526
2020-05-02,5,100910.9323,100850.2709,101088.09715773787,101088.04976884807
2020-05-03,5,100910.9323,100910.9323,101159.93200727188,101159.87461022542
2020-05-04,5,100912.3121,100910.9323,101183.11954854122,101183.0777755878
2020-05-05,5,101158.6067,100912.3121,101207.5682909603,101207.53280899
2020-05-06,5,101630.191,101158.6067,101460.92065584754,101460.89365224574
2020-05-07,5,102172.2149,101630.191,101921.8150946095,101921.80410870125
2020-05-08,5,103072.6473,102172.2149,102448.35770269684,102448.36706061482
2020-05-09,5,103250.5018,103072.6473,103320.68382370466,103320.71806176797
2020-05-10,5,103459.6683,103250.5018,103529.70306962187,103529.73394477532
2020-05-11,5,103460.7483,103459.6683,103762.1472861346,103762.20275640159
2020-05-12,5,103735.6432,103460.7483,103803.20707179485,103803.26055603405
2020-05-13,5,104088.6799,103735.6432,104092.71104819867,104092.762054438
2020-05-14,5,105081.6029,104088.6799,104449.11771630017,104449.14822068655
2020-05-15,5,105624.5453,105081.6029,105415.37827247281,105415.41713010478
2020-05-16,5,105878.7954,105624.5453,105944.61218023952,105944.6038986185
2020-05-17,5,105878.7954,105878.7954,106213.02989364187,106213.02409553573
2020-05-18,5,105878.7954,105878.7954,106371.78793466219,106371.76017382088
2020-05-19,5,105879.7193,105878.7954,106267.2453785254,106267.25275686628
2020-05-20,5,107409.3968,105879.7193,106283.80840967003,106283.81221078907
2020-05-21,5,108206.5057,107409.3968,107786.06906716243,107786.11493544347
2020-05-22,5,108863.9052,108206.5057,108559.87547046172,108559.8827658423
2020-05-23,5,110017.1553,108863.9052,109183.57745111227,109183.58857027054
2020-05-24,5,110388.193,110017.1553,110310.09833776238,110310.16058814882
2020-05-25,5,110389.7901,110388.193,110729.43991208228,110729.49367495051
2020-05-26,5,110335.469,110389.7901,110774.16128762416,110774.22236054749
2020-05-27,5,110464.6318,110335.469,110778.05433294275,110778.11806977872
2020-05-28,5,111009.4318,110464.6318,110860.08677347157,110860.11446334547
2020-05-29,5,111503.2692,111009.4318,111386.95844893687,111386.98062480753
2020-05-30,5,112856.2934,111503.2692,111891.56552856755,111891.56420727627
2020-05-31,5,112966.512,112856.2934,113194.99109514232,113194.9736287281
2020-06-01,5,113154.3962,112966.512,113342.37621290307,113342.31403241999
2020-06-02,5,113927.2383,113154.3962,113537.29738391169,113537.25092152323
2020-06-03,5,115288.2774,113927.2383,114289.93587265644,114289.98627401436
2020-06-04,5,117347.0183,115288.2774,115640.42481986083,115640.50581363923
2020-06-05,5,118344.1549,117347.0183,117663.17310694506,117663.26352690769
2020-06-06,5,119272.9034,118344.1549,118668.6710304034,118668.7625016384
2020-06-07,5,119872.9487,119272.9034,119534.89608156733,119534.98169974396
2020-06-08,5,119872.9487,119872.9487,120178.49206442032,120178.57188899125
2020-06-09,5,120332.0833,119872.9487,120252.518888427,120252.55290890894
2020-06-10,5,121338.1209,120332.0833,120747.70626385373,120747.69170027379
2020-06-11,5,122270.5866,121338.1209,121750.99090329577,121750.9236991766
2020-06-12,5,122598.8017,122270.5866,122632.39410731828,122632.2389484093
2020-06-13,5,122629.6987,122598.8017,122923.53672951399,122923.40964819666
2020-06-14,5,122629.6987,122629.6987,122941.69300593737,122941.54777085174
2020-06-15,5,122630.3098,122629.6987,122949.07025529126,122948.91904181495
2020-06-16,5,123286.6151,122630.3098,122987.95078484193,122987.82190109938
2020-06-17,5,124526.417,123286.6151,123636.83887044652,123636.75230078324
2020-06-18,5,126140.9153,124526.417,124812.39192789116,124812.35067798012
2020-06-19,5,126758.6577,126140.9153,126327.28835821859,126327.27410300849
2020-06-20,5,126820.8693,126758.6577,126917.96706096154,126917.97618966662
2020-06-21,5,126820.8693,126820.8693,126973.55479465675,126973.60799471375
2020-06-22,5,126821.3193,126820.8693,126985.8192062811,126985.89051744045
2020-06-23,5,127756.1187,126821.3193,127038.019893625,127038.09024081808
2020-06-24,5,128253.9058,127756.1187,127978.3264763575,127978.40583733437
2020-06-25,5,131057.1014,128253.9058,128478.47477678618,128478.4872724467
2020-06-26,5,132036.8656,131057.1014,131151.61583939657,131151.60370072443
2020-06-27,5,132095.2926,132036.8656,132149.68533190622,132149.57216473698
2020-06-28,5,132282.1166,132095.2926,132216.9468908101,132216.8234179506
2020-06-29,5,132565.5283,132282.1166,132402.91473830567,132402.81532543644
2020-06-30,5,133183.6995,132565.5283,132741.4983328491,132741.39412565174
2020-07-01,5,133594.3511,133183.6995,133503.50416866128,133503.35738591693
2020-07-02,5,133598.2702,133594.3511,133807.55928479266,133807.44440757876
2020-07-03,5,135002.3896,133598.2702,133703.01231356186,133702.80862890274
2020-07-04,5,135127.9755,135002.3896,134992.6939725459,134992.52152524173
2020-07-05,5,135697.4648,135127.9755,135157.53712978392,135157.3270223207
2020-07-06,5,135780.4265,135697.4648,135718.16312858163,135717.9707442575
2020-07-07,5,135577.9718,135780.4265,135810.4091571941,135810.23617278325
2020-07-08,5,134957.0356,135577.9718,135612.00564298712,135611.8268159547
2020-07-09,5,134197.87,134957.0356,134966.49919662502,134966.4857608741
2020-07-10,5,133249.0301,134197.87,134226.9148641414,134226.98692853897
2020-07-11,5,133212.5438,133249.0301,133256.8663719331,133256.93139864685
2020-07-12,5,133212.5438,133212.5438,133197.2977711392,133197.35143423438
2020-07-13,5,133212.284,133212.5438,133185.43353064312,133185.44774136294
2020-07-14,5,132777.8289,133212.284,133159.4591634183,133159.49040565937
2020-07-15,5,132482.7499,132777.8289,132713.3341142284,132713.41655551613
2020-07-16,5,132356.4455,132482.7499,132377.6092590883,132377.74748380933
2020-07-17,5,132323.6829,132356.4455,132181.5841824211,132181.8456478857
2020-07-18,5,131672.4137,132323.6829,132125.92247799115,132126.21282018255
2020-07-19,5,131365.8459,131672.4137,131485.12986022886,131485.45670790994
2020-07-20,5,131365.8159,131365.8459,131163.7785318873,131164.10315177662
2020-07-21,5,131368.6838,131365.8159,131141.81036362328,131142.08284136766
2020-07-22,5,130924.417,131368.6838,131143.96422147696,131144.15446299722
2020-07-23,5,130360.912,130924.417,130691.20231889158,130691.33972217824
2020-07-24,5,129478.2525,130360.912,130103.18712694143,130103.27120305509
2020-07-25,5,129452.5371,129478.2525,129197.21125128484,129197.33796296243
2020-07-26,5,129452.5371,129452.5371,129138.35429642547,129138.47433740435
2020-07-27,5,129494.2481,129452.5371,129124.77463451533,129124.84095912379
2020-07-28,5,128790.7861,129494.2481,129137.37606149662,129137.369837064
2020-07-29,5,127688.0832,128790.7861,128444.8932500081,128444.86947504559
2020-07-30,5,127212.8915,127688.0832,127359.52082815152,127359.53230211226
2020-07-31,5,126972.0302,127212.8915,126834.10305839618,126834.1352351575
2020-08-01,5,126460.1257,126972.0302,126593.47553864306,126593.45358587727
2020-08-02,5,126460.1257,126460.1257,126114.04725783531,126113.99413791543
2020-08-03,5,126460.1257,126460.1257,126075.20904697807,126075.16988368653
2020-08-04,5,126460.1972,126460.1257,126049.52040499798,126049.518700611
2020-08-05,5,125774.0659,126460.1972,126046.1402929347,126046.19641619126
2020-08-06,5,124947.714,125774.0659,125427.2366266135,125427.33742634779
2020-08-07,5,124476.5147,124947.714,124616.40911723537,124616.48017118445
2020-08-08,5,123544.5478,124476.5147,124101.74663911125,124101.7915184868
2020-08-09,5,123432.7974,123544.5478,123193.68426172684,123193.66660925449
2020-08-10,5,123157.3988,123432.7974,123044.693169824,123044.67526658402
2020-08-11,5,122855.8065,123157.3988,122784.0222407312,122783.96102735921
2020-08-12,5,122688.9143,122855.8065,122473.49140333336,122473.40787436292
2020-08-13,5,122628.8045,122688.9143,122260.6278287074,122260.54510391047
2020-08-14,5,122508.7249,122628.8045,122164.91560664657,122164.85578077022
2020-08-15,5,122024.2728,122508.7249,122037.63192288847,122037.59679572997
2020-08-16,5,122022.0808,122024.2728,121617.22204500159,121617.26361097727
2020-08-17,5,122022.0808,122022.0808,121572.37242426262,121572.39599598997
2020-08-18,5,121759.0647,122022.0808,121571.45202327006,121571.47127743672
2020-08-19,5,121738.7276,121759.0647,121352.09993399405,121352.11447315736
2020-08-20,5,121695.6258,121738.7276,121335.28396970159,121335.29185813053
2020-08-21,5,121444.0999,121695.6258,121275.98124644108,121275.96491100767
2020-08-22,5,121946.1923,121444.0999,121038.83403218215,121038.77763119487
2020-08-23,5,121946.1923,121946.1923,121497.57827723087,121497.4720026737
2020-08-24,5,121946.4256,121946.1923,121552.04738237459,121551.94985230285
2020-08-25,5,121741.143,121946.4256,121583.84487571561,121583.78547157416
2020-08-26,5,121086.6316,121741.143,121428.99744424329,121428.99961877405
2020-08-27,5,118444.7436,121086.6316,120797.37466835097,120797.38249035373
2020-08-28,5,117736.9939,118444.7436,118307.07189316704,118307.0591237331
2020-08-29,5,117248.8005,117736.9939,117555.78699804559,117555.76404277244
2020-08-30,5,117172.7614,117248.8005,117061.0781442128,117060.99416440322
2020-08-31,5,117165.0869,117172.7614,116936.16644582937,116936.03050636072
2020-09-01,5,116737.0168,117165.0869,116896.5676711693,116896.4428951238
2020-09-02,5,116047.5641,116737.0168,116446.86471344397,116446.83887663242
