timestamp,actual,naive_lag_1,naive_lag_24,naive_lag_168,ridge_yj_robust,random_forest_baseline
2019-09-06 16:00:00,2752,2586.0,2230.0,2709.0,2576.3194353397084,2530.886109283898
2019-09-06 17:00:00,2985,2752.0,2372.0,2939.0,2810.36662965168,2812.6395727038635
2019-09-06 18:00:00,2981,2985.0,2734.0,3049.0,3058.121652014557,3019.6864293316203
2019-09-06 19:00:00,2794,2981.0,2823.0,3118.0,2988.6724938209973,3009.165988086639
2019-09-06 20:00:00,2584,2794.0,2771.0,3211.0,2841.163406588624,2674.796268119651
2019-09-06 21:00:00,2052,2584.0,2342.0,2614.0,2463.2421632210935,2280.9036860550295
2019-09-06 22:00:00,1815,2052.0,2176.0,2135.0,2037.7055025301272,1941.8835049663335
2019-09-06 23:00:00,1710,1815.0,1984.0,1761.0,1831.9770421025137,1847.6796194986441
2019-09-07 00:00:00,1723,1710.0,1429.0,1232.0,1257.0949090331658,1403.963101190091
2019-09-07 01:00:00,1318,1723.0,656.0,1405.0,1146.338343930355,1193.478369056483
2019-09-07 02:00:00,625,1318.0,848.0,1339.0,1017.5882836619292,850.7630993589742
2019-09-07 03:00:00,1038,625.0,1074.0,868.0,708.4441792362834,857.0336438535815
2019-09-07 04:00:00,962,1038.0,1040.0,781.0,1034.5095561516068,991.0016880952384
2019-09-07 05:00:00,701,962.0,820.0,947.0,921.87431658212,858.9057456760675
2019-09-07 06:00:00,650,701.0,1956.0,1170.0,1279.8045046127345,950.0251578684471
2019-09-07 07:00:00,1469,650.0,3280.0,1646.0,1646.0870770732083,1477.254836731844
2019-09-07 08:00:00,2637,1469.0,3356.0,3198.0,2680.0737415979565,2665.705060690943
2019-09-07 09:00:00,3367,2637.0,3295.0,4042.0,3511.4383410466144,3520.22594297248
2019-09-07 10:00:00,3441,3367.0,3032.0,4075.0,3650.243806753935,3712.200088624339
2019-09-07 11:00:00,3269,3441.0,2815.0,3767.0,3339.136449801665,3292.9835168579616
2019-09-07 12:00:00,3110,3269.0,2767.0,3492.0,3022.9275760405767,3104.058228243049
2019-09-07 13:00:00,2919,3110.0,2686.0,3342.0,2956.6848575449385,2948.797450522352
2019-09-07 14:00:00,2799,2919.0,2748.0,3141.0,2856.685134920715,2779.1367618245063
2019-09-07 15:00:00,2543,2799.0,2586.0,2978.0,2723.392397985238,2659.6672172113667
2019-09-07 16:00:00,2478,2543.0,2752.0,3029.0,2639.120831242227,2513.7975802928054
2019-09-07 17:00:00,2475,2478.0,2985.0,3127.0,2676.7740016652733,2582.1824942953904
2019-09-07 18:00:00,2524,2475.0,2981.0,3451.0,2811.956220937417,2649.370621962415
2019-09-07 19:00:00,2570,2524.0,2794.0,3221.0,2615.4864538331167,2558.02314791253
2019-09-07 20:00:00,2398,2570.0,2584.0,2983.0,2524.638766721904,2420.004649023331
2019-09-07 21:00:00,1769,2398.0,2052.0,2469.0,2144.6887988044055,2098.7335027568442
2019-09-07 22:00:00,1834,1769.0,1815.0,1790.0,1633.4811584550687,1747.485011728578
2019-09-07 23:00:00,2137,1834.0,1710.0,1754.0,1705.706074096081,1705.4381369297366
2019-09-08 00:00:00,1358,2137.0,1723.0,1625.0,1610.7471939144912,1502.4683380249337
2019-09-08 01:00:00,930,1358.0,1318.0,1764.0,1094.573444966458,1200.924400793651
2019-09-08 02:00:00,1168,930.0,625.0,1145.0,722.3913474066599,951.2585364323418
2019-09-08 03:00:00,934,1168.0,1038.0,545.0,862.9792704349718,923.9026936050059
2019-09-08 04:00:00,673,934.0,962.0,976.0,796.0847569960597,801.7406710840602
2019-09-08 05:00:00,611,673.0,701.0,792.0,697.2232042897824,567.8234670470988
2019-09-08 06:00:00,548,611.0,650.0,873.0,947.8597976345825,645.5817140739817
2019-09-08 07:00:00,1341,548.0,1469.0,998.0,1099.3003494645764,1037.9458789174028
2019-09-08 08:00:00,2057,1341.0,2637.0,1988.0,2225.7063438966616,2104.5656399703666
2019-09-08 09:00:00,2997,2057.0,3367.0,3173.0,2951.3411367223366,3172.2782835573344
2019-09-08 10:00:00,3418,2997.0,3441.0,3635.0,3527.2848369520893,3371.417960285503
2019-09-08 11:00:00,3602,3418.0,3269.0,3480.0,3449.4111972114824,3466.095755832131
2019-09-08 12:00:00,3310,3602.0,3110.0,3523.0,3339.69433704723,3478.7868283325543
2019-09-08 13:00:00,3119,3310.0,2919.0,3244.0,2965.5083936043116,3109.0339588930306
2019-09-08 14:00:00,2864,3119.0,2799.0,2806.0,2794.938431711152,2825.3294764188304
2019-09-08 15:00:00,2416,2864.0,2543.0,2353.0,2512.0318201636655,2568.517787441113
2019-09-08 16:00:00,2209,2416.0,2478.0,1873.0,2162.24535532913,2247.2023653230362
2019-09-08 17:00:00,2568,2209.0,2475.0,2111.0,2140.1155185399048,2267.3717186665467
2019-09-08 18:00:00,2851,2568.0,2524.0,2287.0,2527.7219315601587,2628.0764893671358
2019-09-08 19:00:00,2925,2851.0,2570.0,2809.0,2795.7469576231692,2899.6986840779205
2019-09-08 20:00:00,2780,2925.0,2398.0,2877.0,2657.7443209030534,2700.8553185346145
2019-09-08 21:00:00,2095,2780.0,1769.0,2626.0,2280.29129159873,2212.0282380952376
2019-09-08 22:00:00,1851,2095.0,1834.0,2190.0,1867.6620909651933,1890.9481941138883
2019-09-08 23:00:00,1544,1851.0,2137.0,1746.0,1740.5653276138637,1825.6124349389522
2019-09-09 00:00:00,1418,1544.0,1358.0,1527.0,1256.0225195131961,1253.59788144868
2019-09-09 01:00:00,1034,1418.0,930.0,1034.0,993.7311092654236,1017.5782842485781
2019-09-09 02:00:00,399,1034.0,1168.0,402.0,771.0841011526863,583.2508659287278
2019-09-09 03:00:00,725,399.0,934.0,1020.0,687.2454325561623,817.5279095338816
2019-09-09 04:00:00,823,725.0,673.0,834.0,911.5077694203037,785.2684878515616
2019-09-09 05:00:00,1166,823.0,611.0,1085.0,968.6581857461531,1047.087006176871
2019-09-09 06:00:00,2104,1166.0,548.0,2205.0,1697.5067475291066,2052.892996363816
2019-09-09 07:00:00,3310,2104.0,1341.0,3466.0,2799.5158117242977,3265.525003508542
2019-09-09 08:00:00,3353,3310.0,2057.0,3545.0,3504.1871232549174,3505.6611591354845
2019-09-09 09:00:00,3187,3353.0,2997.0,3355.0,3286.7627615198244,3302.578423352006
2019-09-09 10:00:00,3029,3187.0,3418.0,3140.0,3100.4986625153697,2990.2623758699087
2019-09-09 11:00:00,2606,3029.0,3602.0,2937.0,3054.884355712251,2893.436268817675
2019-09-09 12:00:00,2565,2606.0,3310.0,2727.0,2724.6691880016524,2680.835436623762
2019-09-09 13:00:00,2556,2565.0,3119.0,2659.0,2711.299258669364,2638.7343913207656
2019-09-09 14:00:00,2467,2556.0,2864.0,2566.0,2573.5587812873696,2544.094031629671
2019-09-09 15:00:00,2335,2467.0,2416.0,2373.0,2401.5117257446914,2395.458858872925
2019-09-09 16:00:00,2483,2335.0,2209.0,2356.0,2327.3320215086037,2309.009011111685
2019-09-09 17:00:00,2734,2483.0,2568.0,2607.0,2566.1856491642707,2617.481762890001
2019-09-09 18:00:00,2897,2734.0,2851.0,2845.0,2869.582183642592,2876.623644493815
2019-09-09 19:00:00,2988,2897.0,2925.0,3006.0,2953.109846988581,2989.569281266218
2019-09-09 20:00:00,2883,2988.0,2780.0,3093.0,2863.8754938502248,2854.1782395631085
2019-09-09 21:00:00,2227,2883.0,2095.0,2635.0,2423.275207826459,2342.279280766125
2019-09-09 22:00:00,1870,2227.0,1851.0,2147.0,1938.095925325693,1982.6659726958333
2019-09-09 23:00:00,1673,1870.0,1544.0,1839.0,1667.770880061243,1666.335048893136
2019-09-10 00:00:00,1484,1673.0,1418.0,1738.0,1318.997164488124,1440.9796192701172
2019-09-10 01:00:00,1199,1484.0,1034.0,1237.0,1056.0671656263341,1066.6216413457914
2019-09-10 02:00:00,609,1199.0,399.0,530.0,664.3116476351181,718.6116126014508
2019-09-10 03:00:00,901,609.0,725.0,964.0,658.3601803261397,700.6294607403804
2019-09-10 04:00:00,1041,901.0,823.0,1161.0,1015.0549907811237,979.6741886506567
2019-09-10 05:00:00,1212,1041.0,1166.0,1234.0,1129.4251296264063,1166.062208496879
2019-09-10 06:00:00,1962,1212.0,2104.0,2132.0,1812.879112637242,2101.507428846423
2019-09-10 07:00:00,3277,1962.0,3310.0,3501.0,2942.641369362072,3125.9020010222275
2019-09-10 08:00:00,3397,3277.0,3353.0,3444.0,3679.145928987831,3363.735302691451
2019-09-10 09:00:00,3434,3397.0,3187.0,3457.0,3345.7819097828237,3298.632708586904
2019-09-10 10:00:00,3193,3434.0,3029.0,3252.0,3152.106165122826,3163.6976878370856
2019-09-10 11:00:00,2728,3193.0,2606.0,3111.0,2955.270634932471,2992.251502304922
2019-09-10 12:00:00,2739,2728.0,2565.0,2885.0,2723.0063575296217,2705.510481197876
2019-09-10 13:00:00,2824,2739.0,2556.0,2843.0,2798.7501767067947,2688.6866416116322
2019-09-10 14:00:00,2747,2824.0,2467.0,2460.0,2698.790903775094,2669.84350561793
2019-09-10 15:00:00,2616,2747.0,2335.0,2340.0,2555.1345716144465,2582.108832158201
2019-09-10 16:00:00,2468,2616.0,2483.0,2241.0,2510.14093291964,2474.6200831101473
2019-09-10 17:00:00,2734,2468.0,2734.0,2415.0,2521.6270369776576,2573.725295424732
2019-09-10 18:00:00,2981,2734.0,2897.0,2867.0,2920.7246052898226,2927.773165978032
2019-09-10 19:00:00,3382,2981.0,2988.0,3042.0,3096.42991918676,3119.3764863961273
2019-09-10 20:00:00,3179,3382.0,2883.0,3011.0,3226.172445884323,3006.21975420281
2019-09-10 21:00:00,2235,3179.0,2227.0,2478.0,2602.102774901684,2489.174023809523
2019-09-10 22:00:00,1914,2235.0,1870.0,2079.0,1949.1742053086834,1975.9360265643106
2019-09-10 23:00:00,1501,1914.0,1673.0,1840.0,1786.713342799754,1717.0843550091565
2019-09-11 00:00:00,1273,1501.0,1484.0,1767.0,1345.0289238426433,1411.1132546564068
2019-09-11 01:00:00,1264,1273.0,1199.0,1103.0,1072.93079822815,1095.6701139629663
2019-09-11 02:00:00,977,1264.0,609.0,550.0,874.6960411481055,906.9409096459095
2019-09-11 03:00:00,431,977.0,901.0,1108.0,952.1624986786553,795.6218653748693
2019-09-11 04:00:00,815,431.0,1041.0,928.0,749.6358425550382,886.3390431945135
2019-09-11 05:00:00,1413,815.0,1212.0,1104.0,1172.966562145634,1322.2593359447571
2019-09-11 06:00:00,2282,1413.0,1962.0,2083.0,2103.3327652340085,2096.4333858104796
2019-09-11 07:00:00,3329,2282.0,3277.0,3456.0,3112.4959287256697,3302.683732436584
2019-09-11 08:00:00,3285,3329.0,3397.0,3427.0,3634.4855711579607,3474.07945400633
2019-09-11 09:00:00,3021,3285.0,3434.0,3163.0,3222.44610095564,3189.342006305384
2019-09-11 10:00:00,3042,3021.0,3193.0,2931.0,2958.1770481898616,2904.1569240977847
2019-09-11 11:00:00,2881,3042.0,2728.0,2826.0,2959.3656318832413,2854.361559194029
2019-09-11 12:00:00,2701,2881.0,2739.0,2681.0,2803.627285571025,2794.5017874688388
2019-09-11 13:00:00,2611,2701.0,2824.0,2609.0,2762.6452056794733,2682.4372988394684
2019-09-11 14:00:00,2614,2611.0,2747.0,2652.0,2723.3111394784514,2615.6146463717423
2019-09-11 15:00:00,2580,2614.0,2616.0,2615.0,2655.9334211283867,2532.2886694736385
2019-09-11 16:00:00,2571,2580.0,2468.0,2654.0,2529.5870007477583,2507.6744114222383
2019-09-11 17:00:00,2728,2571.0,2734.0,2870.0,2607.2360827504685,2678.6265388287957
2019-09-11 18:00:00,2876,2728.0,2981.0,3032.0,2887.190402599745,2883.3508936521566
2019-09-11 19:00:00,2948,2876.0,3382.0,3108.0,2984.9165846587744,3051.1059958506607
2019-09-11 20:00:00,2765,2948.0,3179.0,2864.0,2836.556539870946,2869.2432240485277
2019-09-11 21:00:00,2176,2765.0,2235.0,2377.0,2351.591871608956,2325.796570431907
2019-09-11 22:00:00,1784,2176.0,1914.0,2089.0,1954.4978631503282,1954.3583262611794
2019-09-11 23:00:00,1583,1784.0,1501.0,1819.0,1674.3767819540783,1591.1413824599065
2019-09-12 00:00:00,1287,1583.0,1273.0,1593.0,1272.4721527997424,1340.1012664056689
2019-09-12 01:00:00,1294,1287.0,1264.0,1415.0,1105.101477715725,1142.4223195132927
2019-09-12 02:00:00,952,1294.0,977.0,769.0,939.4154005672528,990.0459495785503
2019-09-12 03:00:00,391,952.0,431.0,958.0,761.4288482572626,632.6764626863385
2019-09-12 04:00:00,932,391.0,815.0,1256.0,749.5595300222237,808.4708919619028
2019-09-12 05:00:00,1246,932.0,1413.0,1448.0,1365.062246499517,1441.2352580670424
2019-09-12 06:00:00,2341,1246.0,2282.0,2122.0,2000.0000096199512,2095.7499740124267
2019-09-12 07:00:00,3219,2341.0,3329.0,3346.0,3219.081632826226,3290.0129749430275
2019-09-12 08:00:00,3153,3219.0,3285.0,3295.0,3520.8014628307365,3380.874516091501
2019-09-12 09:00:00,3038,3153.0,3021.0,3314.0,3062.109802554326,3093.2572104813125
2019-09-12 10:00:00,3048,3038.0,3042.0,3194.0,2929.676560354386,2915.3714403623685
2019-09-12 11:00:00,2592,3048.0,2881.0,2881.0,2875.212006712419,2890.2732367425215
2019-09-12 12:00:00,2524,2592.0,2701.0,2721.0,2578.572615091136,2656.1270022606463
2019-09-12 13:00:00,2579,2524.0,2611.0,2662.0,2588.9503163261825,2558.541245672519
2019-09-12 14:00:00,2537,2579.0,2614.0,2374.0,2502.0555339434086,2487.306029125355
2019-09-12 15:00:00,2405,2537.0,2580.0,2246.0,2412.582569141124,2472.1387519790687
2019-09-12 16:00:00,2532,2405.0,2571.0,2230.0,2366.596499279853,2380.7586476799015
2019-09-12 17:00:00,2711,2532.0,2728.0,2372.0,2525.2081087109577,2611.7968948009307
2019-09-12 18:00:00,2853,2711.0,2876.0,2734.0,2832.3577219214403,2865.1635807366965
2019-09-12 19:00:00,3065,2853.0,2948.0,2823.0,2789.976526444031,2972.531041530826
2019-09-12 20:00:00,2949,3065.0,2765.0,2771.0,2837.017522355669,2894.1979946088873
2019-09-12 21:00:00,2410,2949.0,2176.0,2342.0,2403.278135203944,2386.4350105991575
2019-09-12 22:00:00,2051,2410.0,1784.0,2176.0,2011.607640411797,1993.7975436395263
2019-09-12 23:00:00,1529,2051.0,1583.0,1984.0,1792.952815609333,1750.2308588012797
2019-09-13 00:00:00,1401,1529.0,1287.0,1429.0,1173.0790037077004,1239.838746358412
2019-09-13 01:00:00,1241,1401.0,1294.0,656.0,973.2487262783573,1072.4252291783603
2019-09-13 02:00:00,1039,1241.0,952.0,848.0,896.0996858978576,903.4731273426655
2019-09-13 03:00:00,392,1039.0,391.0,1074.0,850.5802821875452,633.3777267612741
2019-09-13 04:00:00,954,392.0,932.0,1040.0,743.255919723825,891.9819856763118
2019-09-13 05:00:00,1221,954.0,1246.0,820.0,1220.8141103284627,1229.4911309523811
2019-09-13 06:00:00,2076,1221.0,2341.0,1956.0,1961.9361258417307,2060.9304164682203
2019-09-13 07:00:00,3169,2076.0,3219.0,3280.0,3013.2626358473904,3222.7238515988206
2019-09-13 08:00:00,3350,3169.0,3153.0,3356.0,3584.394043478963,3340.5821978031313
2019-09-13 09:00:00,3298,3350.0,3038.0,3295.0,3246.0689580372887,3263.6051402990684
2019-09-13 10:00:00,3202,3298.0,3048.0,3032.0,3022.626739634913,3091.1870997198776
2019-09-13 11:00:00,3192,3202.0,2592.0,2815.0,2844.7897600685546,2911.970941688467
2019-09-13 12:00:00,3032,3192.0,2524.0,2767.0,2814.901484148871,2925.7995646722916
2019-09-13 13:00:00,2850,3032.0,2579.0,2686.0,2759.0649711376145,2845.3253853081337
2019-09-13 14:00:00,2526,2850.0,2537.0,2748.0,2705.5914503775607,2749.1276346379523
2019-09-13 15:00:00,2607,2526.0,2405.0,2586.0,2496.449783142293,2470.757243834446
2019-09-13 16:00:00,2659,2607.0,2532.0,2752.0,2656.1701870204042,2562.005217073754
2019-09-13 17:00:00,2665,2659.0,2711.0,2985.0,2702.057610955866,2727.354282655015
2019-09-13 18:00:00,2821,2665.0,2853.0,2981.0,2733.364340592359,2821.855650489409
2019-09-13 19:00:00,2775,2821.0,3065.0,2794.0,2863.6167609178738,2901.2173526542383
2019-09-13 20:00:00,2662,2775.0,2949.0,2584.0,2622.3824669791366,2653.2794454486907
2019-09-13 21:00:00,2049,2662.0,2410.0,2052.0,2268.1187420087067,2212.570063294893
2019-09-13 22:00:00,1832,2049.0,2051.0,1815.0,1856.0854950444573,1908.5654653277709
2019-09-13 23:00:00,1759,1832.0,1529.0,1710.0,1677.8926955605682,1631.784926661053
2019-09-14 00:00:00,1670,1759.0,1401.0,1723.0,1304.0860904309818,1398.2782188540898
2019-09-14 01:00:00,1497,1670.0,1241.0,1318.0,1098.3502144783936,1257.0357227853847
2019-09-14 02:00:00,551,1497.0,1039.0,625.0,841.0479683290607,963.6082761403455
2019-09-14 03:00:00,871,551.0,392.0,1038.0,513.913645451689,702.7549567283
2019-09-14 04:00:00,733,871.0,954.0,962.0,929.7867456415029,994.3480431639329
2019-09-14 05:00:00,706,733.0,1221.0,701.0,765.5009227693606,698.5572181239621
2019-09-14 06:00:00,668,706.0,2076.0,650.0,1117.4377268059366,746.9469361988408
2019-09-14 07:00:00,1427,668.0,3169.0,1469.0,1520.4319201903395,1476.763537296729
2019-09-14 08:00:00,2868,1427.0,3350.0,2637.0,2516.825380298785,2582.935295083634
2019-09-14 09:00:00,3786,2868.0,3298.0,3367.0,3547.751875221011,3637.8126563810674
2019-09-14 10:00:00,3840,3786.0,3202.0,3441.0,3793.8478717008857,3832.3480083877485
2019-09-14 11:00:00,3569,3840.0,3192.0,3269.0,3496.042644761142,3556.312403123929
2019-09-14 12:00:00,3353,3569.0,3032.0,3110.0,3146.583857781924,3321.957156140904
2019-09-14 13:00:00,3134,3353.0,2850.0,2919.0,3034.858015877381,3150.082360680915
2019-09-14 14:00:00,2834,3134.0,2526.0,2799.0,2860.729265626447,2897.8807480134706
2019-09-14 15:00:00,2739,2834.0,2607.0,2543.0,2679.968887932499,2644.192956633833
2019-09-14 16:00:00,2611,2739.0,2659.0,2478.0,2643.8022033568313,2594.839240054903
2019-09-14 17:00:00,2556,2611.0,2665.0,2475.0,2551.903287282014,2621.9174134903533
2019-09-14 18:00:00,2898,2556.0,2821.0,2524.0,2611.710072782691,2684.314737473903
2019-09-14 19:00:00,2782,2898.0,2775.0,2570.0,2892.1998140194833,2793.4424600752695
2019-09-14 20:00:00,2519,2782.0,2662.0,2398.0,2548.7194833625526,2486.2398835074027
2019-09-14 21:00:00,2097,2519.0,2049.0,1769.0,2081.318764684038,2063.689350612112
2019-09-14 22:00:00,1447,2097.0,1832.0,1834.0,1848.219738203622,1838.3047855394425
2019-09-14 23:00:00,1986,1447.0,1759.0,2137.0,1639.4185195177822,1727.6055179147077
2019-09-15 00:00:00,1653,1986.0,1670.0,1358.0,1647.6537500792588,1441.26886953334
2019-09-15 01:00:00,860,1653.0,1497.0,930.0,1128.4346605590129,998.831442501675
2019-09-15 02:00:00,955,860.0,551.0,1168.0,724.3431673234606,917.027921063392
2019-09-15 03:00:00,1002,955.0,871.0,934.0,904.4919803062833,918.1995845588181
2019-09-15 04:00:00,822,1002.0,733.0,673.0,790.6927659721189,815.4356945441677
2019-09-15 05:00:00,459,822.0,706.0,611.0,709.9411940026428,586.7720954282713
2019-09-15 06:00:00,300,459.0,668.0,548.0,829.1386205570348,508.09167117604613
2019-09-15 07:00:00,1510,300.0,1427.0,1341.0,1161.0012819141182,1248.0915894385896
2019-09-15 08:00:00,2343,1510.0,2868.0,2057.0,2424.1321268183215,2373.804429277674
2019-09-15 09:00:00,3403,2343.0,3786.0,2997.0,3138.6358070220776,3332.795154057759
2019-09-15 10:00:00,3685,3403.0,3840.0,3418.0,3773.3126091655213,3701.8577822459656
2019-09-15 11:00:00,3709,3685.0,3569.0,3602.0,3657.674427890158,3604.5255358749073
2019-09-15 12:00:00,3328,3709.0,3353.0,3310.0,3382.519396766847,3477.9445302955824
2019-09-15 13:00:00,3091,3328.0,3134.0,3119.0,3069.962183443563,3159.2567180564656
2019-09-15 14:00:00,2775,3091.0,2834.0,2864.0,2891.278239917357,2820.190176342069
2019-09-15 15:00:00,2421,2775.0,2739.0,2416.0,2611.2477048104092,2545.370227876617
2019-09-15 16:00:00,2217,2421.0,2611.0,2209.0,2379.8492817673973,2295.16492257899
2019-09-15 17:00:00,2517,2217.0,2556.0,2568.0,2388.3192654706436,2397.531812209783
2019-09-15 18:00:00,2988,2517.0,2898.0,2851.0,2809.49265282121,2730.031448498135
2019-09-15 19:00:00,3201,2988.0,2782.0,2925.0,3080.704120382513,3080.946899769872
2019-09-15 20:00:00,3129,3201.0,2519.0,2780.0,2922.197528051692,2862.988708157072
2019-09-15 21:00:00,2175,3129.0,2097.0,2095.0,2412.277432309102,2422.6462135087127
2019-09-15 22:00:00,1966,2175.0,1447.0,1851.0,1746.7422497026137,1784.6562780609938
2019-09-15 23:00:00,1331,1966.0,1986.0,1544.0,1751.5525930549386,1705.0054936421213
2019-09-16 00:00:00,1310,1331.0,1653.0,1418.0,1232.944147543246,1308.4811645612954
2019-09-16 01:00:00,1107,1310.0,860.0,1034.0,1074.9965980097256,953.8269639248588
2019-09-16 02:00:00,794,1107.0,955.0,399.0,820.9881533253231,640.4161564969726
2019-09-16 03:00:00,380,794.0,1002.0,725.0,813.130886698744,614.4318773433977
2019-09-16 04:00:00,634,380.0,822.0,823.0,726.4281757708093,683.3871363730015
2019-09-16 05:00:00,1211,634.0,459.0,1166.0,996.2991801978324,953.2651600737834
2019-09-16 06:00:00,2166,1211.0,300.0,2104.0,1812.653782412488,2069.903328659114
2019-09-16 07:00:00,3172,2166.0,1510.0,3310.0,2878.817980257503,3316.0437164728382
2019-09-16 08:00:00,3044,3172.0,2343.0,3353.0,3394.6314759458055,3402.5158374242596
2019-09-16 09:00:00,2840,3044.0,3403.0,3187.0,3110.6760272983593,3177.9411031491886
2019-09-16 10:00:00,2729,2840.0,3685.0,3029.0,2967.9902818722167,2829.8550404707285
2019-09-16 11:00:00,2489,2729.0,3709.0,2606.0,2860.6515630605522,2702.75967540191
2019-09-16 12:00:00,2540,2489.0,3328.0,2565.0,2626.11747942866,2598.055648290264
2019-09-16 13:00:00,2487,2540.0,3091.0,2556.0,2653.3228386675896,2597.3452535265224
2019-09-16 14:00:00,2401,2487.0,2775.0,2467.0,2425.6678077538895,2477.46863488965
2019-09-16 15:00:00,2362,2401.0,2421.0,2335.0,2291.976510376841,2382.4316853382816
2019-09-16 16:00:00,2495,2362.0,2217.0,2483.0,2280.4112664417894,2370.901779206445
2019-09-16 17:00:00,2439,2495.0,2517.0,2734.0,2451.3833956792932,2619.691364340657
2019-09-16 18:00:00,2623,2439.0,2988.0,2897.0,2564.3457701312354,2691.2530499787417
2019-09-16 19:00:00,2803,2623.0,3201.0,2988.0,2710.0774497450707,2741.1636994567366
2019-09-16 20:00:00,2744,2803.0,3129.0,2883.0,2762.9714406395237,2668.8604596322866
2019-09-16 21:00:00,2162,2744.0,2175.0,2227.0,2205.7682254341917,2303.9291093055385
2019-09-16 22:00:00,2118,2162.0,1966.0,1870.0,1817.9158262626074,1922.0071945997493
2019-09-16 23:00:00,1953,2118.0,1331.0,1673.0,1679.2131916175063,1723.7443138530716
2019-09-17 00:00:00,1076,1953.0,1310.0,1484.0,1251.2106664865976,1461.8622665403561
2019-09-17 01:00:00,715,1076.0,1107.0,1199.0,812.3613084263991,967.0349171127983
2019-09-17 02:00:00,1006,715.0,794.0,609.0,555.4435302113045,716.6657985753184
2019-09-17 03:00:00,865,1006.0,380.0,901.0,816.4551849207198,901.4992443937768
2019-09-17 04:00:00,753,865.0,634.0,1041.0,757.5758466112998,712.9814674476388
2019-09-17 05:00:00,638,753.0,1211.0,1212.0,894.0395364241908,1048.0299754344696
2019-09-17 06:00:00,1770,638.0,2166.0,1962.0,1465.5955666638397,1929.0414426214008
2019-09-17 07:00:00,3190,1770.0,3172.0,3277.0,2884.7256930536932,2984.2774928948124
2019-09-17 08:00:00,3206,3190.0,3044.0,3397.0,3628.1901332444636,3290.725739927018
2019-09-17 09:00:00,3157,3206.0,2840.0,3434.0,3184.758616827782,3197.1885246408174
2019-09-17 10:00:00,3138,3157.0,2729.0,3193.0,2883.1316336290815,2991.6858744443184
2019-09-17 11:00:00,2926,3138.0,2489.0,2728.0,2829.0455247639325,2882.962366220866
2019-09-17 12:00:00,2817,2926.0,2540.0,2739.0,2723.0857167313725,2769.907139144856
2019-09-17 13:00:00,2838,2817.0,2487.0,2824.0,2727.7930411283214,2735.2858560512564
2019-09-17 14:00:00,2551,2838.0,2401.0,2747.0,2714.723582949851,2716.3707821130415
2019-09-17 15:00:00,2231,2551.0,2362.0,2616.0,2548.749537211689,2466.4646335248162
2019-09-17 16:00:00,2312,2231.0,2495.0,2468.0,2401.5525871167165,2374.3713041155897
2019-09-17 17:00:00,2563,2312.0,2439.0,2734.0,2503.5324426435914,2453.0553539389575
2019-09-17 18:00:00,2755,2563.0,2623.0,2981.0,2826.265976617254,2722.546738522868
2019-09-17 19:00:00,2962,2755.0,2803.0,3382.0,2976.408379211624,2928.5362640721737
2019-09-17 20:00:00,2892,2962.0,2744.0,3179.0,2915.2745535527547,2808.484568401629
2019-09-17 21:00:00,2352,2892.0,2162.0,2235.0,2385.701861205106,2340.729611611959
2019-09-17 22:00:00,2068,2352.0,2118.0,1914.0,2000.5699690907568,2020.406730688378
2019-09-17 23:00:00,1744,2068.0,1953.0,1501.0,1774.8653060071156,1780.7250039015253
2019-09-18 00:00:00,1551,1744.0,1076.0,1273.0,1208.1635022364865,1301.0107306107027
2019-09-18 01:00:00,689,1551.0,715.0,1264.0,1074.942703669367,1080.7259710676146
2019-09-18 02:00:00,746,689.0,1006.0,977.0,718.6221656374853,806.0029271119887
2019-09-18 03:00:00,919,746.0,865.0,431.0,735.85596646865,818.4439227994229
2019-09-18 04:00:00,1011,919.0,753.0,815.0,895.2220155712077,902.2260715148673
2019-09-18 05:00:00,1513,1011.0,638.0,1413.0,1060.752287403679,1133.7398479628287
2019-09-18 06:00:00,1882,1513.0,1770.0,2282.0,2034.439981098145,2039.7917300609715
2019-09-18 07:00:00,3209,1882.0,3190.0,3329.0,2719.183686778094,3050.410535764184
2019-09-18 08:00:00,3203,3209.0,3206.0,3285.0,3564.38725281257,3334.948123148859
2019-09-18 09:00:00,3173,3203.0,3157.0,3021.0,3112.434007006379,3107.3295243123016
2019-09-18 10:00:00,3009,3173.0,3138.0,3042.0,2968.5131517498894,2956.69276456294
2019-09-18 11:00:00,2742,3009.0,2926.0,2881.0,2920.483676985671,2847.0828916543355
2019-09-18 12:00:00,2690,2742.0,2817.0,2701.0,2743.755318548363,2716.399556730128
2019-09-18 13:00:00,2567,2690.0,2838.0,2611.0,2747.884704052379,2661.0738926020344
2019-09-18 14:00:00,2421,2567.0,2551.0,2614.0,2608.4948584355498,2526.6133631573725
2019-09-18 15:00:00,2275,2421.0,2231.0,2580.0,2479.8170325234178,2376.287543861231
2019-09-18 16:00:00,2370,2275.0,2312.0,2571.0,2420.751423363637,2354.86207119113
2019-09-18 17:00:00,2678,2370.0,2563.0,2728.0,2565.592313527446,2495.5382709918763
2019-09-18 18:00:00,2906,2678.0,2755.0,2876.0,2890.292517530953,2810.0664263310773
2019-09-18 19:00:00,2983,2906.0,2962.0,2948.0,3000.228918531307,3011.5976276158053
2019-09-18 20:00:00,2975,2983.0,2892.0,2765.0,2831.991603533872,2861.540246856987
2019-09-18 21:00:00,2346,2975.0,2352.0,2176.0,2422.403537155989,2421.5446100949835
2019-09-18 22:00:00,2003,2346.0,2068.0,1784.0,1960.26261466069,2038.9652750573734
2019-09-18 23:00:00,1889,2003.0,1744.0,1583.0,1720.5007115498643,1746.2294707524093
2019-09-19 00:00:00,1618,1889.0,1551.0,1287.0,1342.4740286170627,1406.3465248487137
2019-09-19 01:00:00,1301,1618.0,689.0,1294.0,1076.9962937703292,1028.2060925912467
2019-09-19 02:00:00,640,1301.0,746.0,952.0,880.453349917603,778.839155978519
2019-09-19 03:00:00,768,640.0,919.0,391.0,535.913733461573,694.6919887932172
2019-09-19 04:00:00,695,768.0,1011.0,932.0,882.0575744467719,953.3924485460105
2019-09-19 05:00:00,975,695.0,1513.0,1246.0,968.1204321182311,1111.952379514599
2019-09-19 06:00:00,1836,975.0,1882.0,2341.0,1784.0283168775075,1951.9192974822354
2019-09-19 07:00:00,3266,1836.0,3209.0,3219.0,2847.8195692892255,3077.6692763434467
2019-09-19 08:00:00,3192,3266.0,3203.0,3153.0,3579.642958088517,3343.3722982743184
2019-09-19 09:00:00,3187,3192.0,3173.0,3038.0,3044.5506961903498,3167.568361189992
2019-09-19 10:00:00,3197,3187.0,3009.0,3048.0,2932.256605426061,3004.4765040171515
2019-09-19 11:00:00,2943,3197.0,2742.0,2592.0,2760.592045552182,2905.80383762906
2019-09-19 12:00:00,2869,2943.0,2690.0,2524.0,2703.376618549317,2798.7665302589317
2019-09-19 13:00:00,2735,2869.0,2567.0,2579.0,2719.1946192563787,2723.470831061404
2019-09-19 14:00:00,2679,2735.0,2421.0,2537.0,2628.628735917368,2639.204707331012
2019-09-19 15:00:00,2643,2679.0,2275.0,2405.0,2558.839376705143,2513.093983549388
2019-09-19 16:00:00,2606,2643.0,2370.0,2532.0,2558.0097549843067,2544.4305894922018
2019-09-19 17:00:00,2705,2606.0,2678.0,2711.0,2621.674167446492,2707.908971113546
2019-09-19 18:00:00,2928,2705.0,2906.0,2853.0,2856.1427263701485,2862.2246324571397
2019-09-19 19:00:00,3083,2928.0,2983.0,3065.0,3041.40914611057,3049.132274433712
2019-09-19 20:00:00,3023,3083.0,2975.0,2949.0,2963.4050802922966,2936.3561055541877
2019-09-19 21:00:00,2465,3023.0,2346.0,2410.0,2508.970761505483,2444.8107342878247
2019-09-19 22:00:00,2009,2465.0,2003.0,2051.0,2075.0748710125717,2066.091269067984
2019-09-19 23:00:00,1612,2009.0,1889.0,1529.0,1733.8716384302406,1876.253054531043
2019-09-20 00:00:00,1524,1612.0,1618.0,1401.0,1297.8519657079476,1471.175761326921
2019-09-20 01:00:00,1266,1524.0,1301.0,1241.0,1218.2367572438402,1207.0419489669634
2019-09-20 02:00:00,825,1266.0,640.0,1039.0,950.8972202659859,800.4907756659252
2019-09-20 03:00:00,218,825.0,768.0,392.0,678.3718366913356,541.3418879256112
2019-09-20 04:00:00,556,218.0,695.0,954.0,619.8559501989075,742.7959391265306
2019-09-20 05:00:00,964,556.0,975.0,1221.0,1031.3880745405,1039.8954935431552
2019-09-20 06:00:00,2075,964.0,1836.0,2076.0,1840.4892659618179,1813.139720093675
2019-09-20 07:00:00,3168,2075.0,3266.0,3169.0,3079.4737671334055,3281.0660472443637
2019-09-20 08:00:00,3430,3168.0,3192.0,3350.0,3520.165678678806,3321.329305572938
2019-09-20 09:00:00,3543,3430.0,3187.0,3298.0,3354.6850360419785,3394.69644295323
2019-09-20 10:00:00,3428,3543.0,3197.0,3202.0,3304.1254234400967,3362.9633854703256
2019-09-20 11:00:00,3356,3428.0,2943.0,3192.0,3150.770755604045,3232.76346117905
2019-09-20 12:00:00,3325,3356.0,2869.0,3032.0,3098.2428070436026,3150.1495220424463
2019-09-20 13:00:00,3225,3325.0,2735.0,2850.0,3031.09675591037,3080.5240869882655
2019-09-20 14:00:00,2990,3225.0,2679.0,2526.0,2902.3638796888436,2909.4520335354878
2019-09-20 15:00:00,2745,2990.0,2643.0,2607.0,2830.6864828249454,2815.4868394189925
2019-09-20 16:00:00,2812,2745.0,2606.0,2659.0,2735.38084682401,2685.43772440967
2019-09-20 17:00:00,2923,2812.0,2705.0,2665.0,2806.976140205781,2888.5554213816
2019-09-20 18:00:00,2979,2923.0,2928.0,2821.0,2970.8546701552787,2963.8429589225693
2019-09-20 19:00:00,2964,2979.0,3083.0,2775.0,2976.6688264508407,2971.756439048658
2019-09-20 20:00:00,2926,2964.0,3023.0,2662.0,2769.1210761070056,2865.930126209369
2019-09-20 21:00:00,1968,2926.0,2465.0,2049.0,2411.3910651290257,2427.511568707863
2019-09-20 22:00:00,1755,1968.0,2009.0,1832.0,1840.9706429139187,1885.70197405101
2019-09-20 23:00:00,1563,1755.0,1612.0,1759.0,1731.8052024017727,1683.4795905835954
2019-09-21 00:00:00,1643,1563.0,1524.0,1670.0,1308.442037506253,1485.9125646241387
2019-09-21 01:00:00,1369,1643.0,1266.0,1497.0,1265.3248216498848,1304.4949251217843
2019-09-21 02:00:00,547,1369.0,825.0,551.0,820.048374806403,810.0901786525229
2019-09-21 03:00:00,82,547.0,218.0,871.0,538.1000729558984,730.714175664386
2019-09-21 04:00:00,533,82.0,556.0,733.0,490.33807553986526,730.705271825397
2019-09-21 05:00:00,687,533.0,964.0,706.0,910.4346177116679,806.1847380952381
2019-09-21 06:00:00,792,687.0,2075.0,668.0,1310.6689282854466,773.8855673454351
2019-09-21 07:00:00,1310,792.0,3168.0,1427.0,1700.30183039824,1553.7430006226693
2019-09-21 08:00:00,2851,1310.0,3430.0,2868.0,2442.8533050385413,2698.5988030091785
2019-09-21 09:00:00,3959,2851.0,3543.0,3786.0,3729.083793149297,3781.4894625068414
2019-09-21 10:00:00,4077,3959.0,3428.0,3840.0,4092.2571906682815,4085.994251145913
2019-09-21 11:00:00,3771,4077.0,3356.0,3569.0,3753.4831786037184,3757.7768857685155
2019-09-21 12:00:00,3481,3771.0,3325.0,3353.0,3375.4966354572025,3524.5414849206845
2019-09-21 13:00:00,3297,3481.0,3225.0,3134.0,3224.3041838001036,3283.7007565217255
2019-09-21 14:00:00,3129,3297.0,2990.0,2834.0,3044.8798383052685,3044.4544966145822
2019-09-21 15:00:00,2839,3129.0,2745.0,2739.0,2900.1229677042,2889.021374922718
2019-09-21 16:00:00,2702,2839.0,2812.0,2611.0,2746.7782104637754,2721.2054034397547
2019-09-21 17:00:00,2760,2702.0,2923.0,2556.0,2693.729416092893,2745.973482671148
2019-09-21 18:00:00,3012,2760.0,2979.0,2898.0,2862.777983408424,2916.186207176509
2019-09-21 19:00:00,2919,3012.0,2964.0,2782.0,3016.2321141668626,2961.590049359139
2019-09-21 20:00:00,2481,2919.0,2926.0,2519.0,2691.0655117763085,2727.4514906212507
2019-09-21 21:00:00,1959,2481.0,1968.0,2097.0,2128.091366730209,1968.091540941163
2019-09-21 22:00:00,1489,1959.0,1755.0,1447.0,1674.1988083992828,1666.0810688715521
2019-09-21 23:00:00,1920,1489.0,1563.0,1986.0,1596.1087049884527,1666.9628901551375
2019-09-22 00:00:00,1693,1920.0,1643.0,1653.0,1640.6497901004036,1464.6843466064588
2019-09-22 01:00:00,884,1693.0,1369.0,860.0,1111.628576824384,1030.1844813438165
2019-09-22 02:00:00,799,884.0,547.0,955.0,677.4772127143899,825.528969066378
2019-09-22 03:00:00,427,799.0,82.0,1002.0,702.4181661185683,727.3208900793651
2019-09-22 04:00:00,463,427.0,533.0,822.0,612.5363132097993,522.3628002928444
2019-09-22 05:00:00,310,463.0,687.0,459.0,644.3817969517422,517.3770973156091
2019-09-22 06:00:00,286,310.0,792.0,300.0,744.1195742282275,522.6513076467704
2019-09-22 07:00:00,1273,286.0,1310.0,1510.0,1200.041205262688,1206.4268492063486
2019-09-22 08:00:00,2778,1273.0,2851.0,2343.0,2388.4408693107684,2280.0495685277956
2019-09-22 09:00:00,3710,2778.0,3959.0,3403.0,3710.8265576966014,3675.3271256458584
2019-09-22 10:00:00,3821,3710.0,4077.0,3685.0,4050.566340870582,3984.9453171883147
2019-09-22 11:00:00,3855,3821.0,3771.0,3709.0,3771.685716249361,3581.4749786466327
2019-09-22 12:00:00,3832,3855.0,3481.0,3328.0,3481.683607654929,3583.3656018975544
2019-09-22 13:00:00,3527,3832.0,3297.0,3091.0,3315.9067542536013,3543.5581980067345
2019-09-22 14:00:00,3182,3527.0,3129.0,2775.0,3119.0862318727613,3205.2002878642365
2019-09-22 15:00:00,2803,3182.0,2839.0,2421.0,2841.3074134884146,2887.6792148891664
2019-09-22 16:00:00,2604,2803.0,2702.0,2217.0,2597.849824265389,2598.428283099751
2019-09-22 17:00:00,2828,2604.0,2760.0,2517.0,2608.020704251814,2747.1527074747537
2019-09-22 18:00:00,2911,2828.0,3012.0,2988.0,3002.6574712080755,3063.2361871943344
2019-09-22 19:00:00,3245,2911.0,2919.0,3201.0,3024.635013756086,3034.910925105377
2019-09-22 20:00:00,3074,3245.0,2481.0,3129.0,3063.9255152356814,3051.660489089452
2019-09-22 21:00:00,2153,3074.0,1959.0,2175.0,2445.3405623449526,2355.2101825396826
2019-09-22 22:00:00,1814,2153.0,1489.0,1966.0,1836.5338765449014,1834.1736065913326
2019-09-22 23:00:00,1408,1814.0,1920.0,1331.0,1659.2864038406806,1719.8499670249867
2019-09-23 00:00:00,1573,1408.0,1693.0,1310.0,1306.9072513773865,1442.8360960975028
2019-09-23 01:00:00,1193,1573.0,884.0,1107.0,1289.4132962089427,1047.7238188816032
2019-09-23 02:00:00,611,1193.0,799.0,794.0,966.5505537923175,649.8200529896134
2019-09-23 03:00:00,103,611.0,427.0,380.0,636.4789051188652,510.60492219041026
2019-09-23 04:00:00,784,103.0,463.0,634.0,570.5931064975234,486.08032303112924
2019-09-23 05:00:00,1277,784.0,310.0,1211.0,1212.1110317200216,1141.6633333333336
2019-09-23 06:00:00,2213,1277.0,286.0,2166.0,1824.9003428843935,2031.1208857180836
2019-09-23 07:00:00,3156,2213.0,1273.0,3172.0,2772.7937290167183,3288.312767039743
2019-09-23 08:00:00,3183,3156.0,2778.0,3044.0,3343.8943876973235,3355.6390826657043
2019-09-23 09:00:00,2961,3183.0,3710.0,2840.0,3138.683166659593,3176.201413520365
2019-09-23 10:00:00,2766,2961.0,3821.0,2729.0,2880.843613509467,2891.2150148892215
2019-09-23 11:00:00,2636,2766.0,3855.0,2489.0,2827.629025097143,2751.2616589778027
2019-09-23 12:00:00,2605,2636.0,3832.0,2540.0,2756.9324909579173,2679.3138627501717
2019-09-23 13:00:00,2563,2605.0,3527.0,2487.0,2679.2200121383844,2669.116210880393
2019-09-23 14:00:00,2580,2563.0,3182.0,2401.0,2534.923680540079,2594.298445328789
2019-09-23 15:00:00,2442,2580.0,2803.0,2362.0,2433.4245297403604,2532.7081462989536
2019-09-23 16:00:00,2465,2442.0,2604.0,2495.0,2385.354823628188,2393.5824682515404
2019-09-23 17:00:00,2566,2465.0,2828.0,2439.0,2430.6153100527868,2556.8286080157877
2019-09-23 18:00:00,2689,2566.0,2911.0,2623.0,2582.7793665155696,2726.3349685220232
2019-09-23 19:00:00,2822,2689.0,3245.0,2803.0,2760.0707231790807,2779.354198913573
2019-09-23 20:00:00,2801,2822.0,3074.0,2744.0,2687.4185779089325,2681.4069134736424
2019-09-23 21:00:00,2288,2801.0,2153.0,2162.0,2220.4285957091533,2280.777817275628
2019-09-23 22:00:00,2032,2288.0,1814.0,2118.0,1894.2952972005005,1934.0865543770344
2019-09-23 23:00:00,1980,2032.0,1408.0,1953.0,1677.586440957013,1718.8965974427938
2019-09-24 00:00:00,1149,1980.0,1573.0,1076.0,1210.3328003782983,1498.6301751700685
2019-09-24 01:00:00,443,1149.0,1193.0,715.0,711.7917194922841,912.3940588336786
2019-09-24 02:00:00,951,443.0,611.0,1006.0,495.6150918269416,694.0878488611071
2019-09-24 03:00:00,886,951.0,103.0,865.0,830.8912550806137,929.0203189386865
2019-09-24 04:00:00,975,886.0,784.0,753.0,781.53618691531,664.3340148709924
2019-09-24 05:00:00,1117,975.0,1277.0,638.0,846.5101727008789,903.3038881832426
2019-09-24 06:00:00,2054,1117.0,2213.0,1770.0,1653.441785262689,2002.6961785454853
2019-09-24 07:00:00,3301,2054.0,3156.0,3190.0,2905.193380428503,3191.7335784794636
2019-09-24 08:00:00,3302,3301.0,3183.0,3206.0,3568.2306923703454,3357.792810011362
2019-09-24 09:00:00,3365,3302.0,2961.0,3157.0,3156.7310601019826,3181.88855593443
2019-09-24 10:00:00,3133,3365.0,2766.0,3138.0,3014.610768341341,2988.1496188727015
2019-09-24 11:00:00,2890,3133.0,2636.0,2926.0,2861.4390024568224,2910.117940555201
2019-09-24 12:00:00,2794,2890.0,2605.0,2817.0,2732.345888993018,2794.843502487476
2019-09-24 13:00:00,2744,2794.0,2563.0,2838.0,2732.4989560458343,2735.8242666570814
2019-09-24 14:00:00,2558,2744.0,2580.0,2551.0,2643.068935972524,2680.6803846018183
2019-09-24 15:00:00,2520,2558.0,2442.0,2231.0,2434.667589569791,2487.506149170859
2019-09-24 16:00:00,2495,2520.0,2465.0,2312.0,2446.199275099723,2458.784156641761
2019-09-24 17:00:00,2527,2495.0,2566.0,2563.0,2428.6168523628144,2620.191775334288
2019-09-24 18:00:00,2791,2527.0,2689.0,2755.0,2547.2561851183546,2736.573365673052
2019-09-24 19:00:00,2986,2791.0,2822.0,2962.0,2866.362531462477,2960.6358970148995
2019-09-24 20:00:00,2822,2986.0,2801.0,2892.0,2851.9927491369494,2938.54996769066
2019-09-24 21:00:00,2287,2822.0,2288.0,2352.0,2333.882892269599,2321.887584764678
2019-09-24 22:00:00,1880,2287.0,2032.0,2068.0,1978.425942631502,2029.3112162908108
2019-09-24 23:00:00,1765,1880.0,1980.0,1744.0,1737.2368161907052,1812.2707163168438
2019-09-25 00:00:00,1405,1765.0,1149.0,1551.0,1310.89721529706,1404.954880340364
2019-09-25 01:00:00,635,1405.0,443.0,689.0,809.3560375511963,725.0382989232988
2019-09-25 02:00:00,603,635.0,951.0,746.0,652.6356463148979,731.584343292067
2019-09-25 03:00:00,827,603.0,886.0,919.0,766.1054304629124,776.6304834701024
2019-09-25 04:00:00,1009,827.0,975.0,1011.0,961.3528741386947,920.8232538477354
2019-09-25 05:00:00,1373,1009.0,1117.0,1513.0,1218.9560661345372,1207.8523671358128
2019-09-25 06:00:00,1962,1373.0,2054.0,1882.0,1893.1674041398696,2108.943379245953
2019-09-25 07:00:00,3168,1962.0,3301.0,3209.0,2820.1629252407593,3157.205330874973
2019-09-25 08:00:00,3159,3168.0,3302.0,3203.0,3520.2054966716505,3269.5675454189077
2019-09-25 09:00:00,3126,3159.0,3365.0,3173.0,3157.380673440618,3136.127213037483
2019-09-25 10:00:00,2984,3126.0,3133.0,3009.0,2932.405496426901,2886.815953498709
2019-09-25 11:00:00,2678,2984.0,2890.0,2742.0,2815.802974736605,2827.4915122374864
2019-09-25 12:00:00,2454,2678.0,2794.0,2690.0,2656.7159569968658,2704.092757888456
2019-09-25 13:00:00,2539,2454.0,2744.0,2567.0,2546.224302379581,2502.0283943307795
2019-09-25 14:00:00,2628,2539.0,2558.0,2421.0,2544.4836535118357,2512.8983403972597
2019-09-25 15:00:00,2571,2628.0,2520.0,2275.0,2517.7212868358715,2512.8150446134237
2019-09-25 16:00:00,2597,2571.0,2495.0,2370.0,2440.816772202224,2472.1429989890266
2019-09-25 17:00:00,2727,2597.0,2527.0,2678.0,2504.869275126165,2699.421467496099
2019-09-25 18:00:00,2852,2727.0,2791.0,2906.0,2810.1963004621275,2869.7730634596414
2019-09-25 19:00:00,3093,2852.0,2986.0,2983.0,2865.6975445468247,2969.21226196113
2019-09-25 20:00:00,3159,3093.0,2822.0,2975.0,2926.873152521039,2901.73320119927
2019-09-25 21:00:00,2408,3159.0,2287.0,2346.0,2578.953261045446,2484.8483555458774
2019-09-25 22:00:00,2126,2408.0,1880.0,2003.0,1968.0107190566496,2001.8784345114896
2019-09-25 23:00:00,1683,2126.0,1765.0,1889.0,1842.913021625018,1784.3817035616914
2019-09-26 00:00:00,1431,1683.0,1405.0,1618.0,1259.5072844423705,1372.2539866143748
2019-09-26 01:00:00,1082,1431.0,635.0,1301.0,1017.8623424669574,946.7333110680313
2019-09-26 02:00:00,414,1082.0,603.0,640.0,701.6412499747355,566.318699625225
2019-09-26 03:00:00,903,414.0,827.0,768.0,549.0634047890474,636.6997713030872
2019-09-26 04:00:00,929,903.0,1009.0,695.0,1004.0964687683024,940.1256060838803
2019-09-26 05:00:00,1453,929.0,1373.0,975.0,1057.841793153072,1114.763378245943
2019-09-26 06:00:00,2148,1453.0,1962.0,1836.0,1947.3579596486688,2052.056431103746
2019-09-26 07:00:00,3137,2148.0,3168.0,3266.0,2926.0800658877824,3219.3852666552334
2019-09-26 08:00:00,3141,3137.0,3159.0,3192.0,3380.2306634926354,3334.8751688970633
2019-09-26 09:00:00,2998,3141.0,3126.0,3187.0,3066.806328058893,3135.656997535232
2019-09-26 10:00:00,3079,2998.0,2984.0,3197.0,2896.0630606607833,2879.409837561128
2019-09-26 11:00:00,3049,3079.0,2678.0,2943.0,2864.687057421182,2872.819641098459
2019-09-26 12:00:00,2482,3049.0,2454.0,2869.0,2729.4174148404513,2878.0216659977505
2019-09-26 13:00:00,2111,2482.0,2539.0,2735.0,2485.356339691445,2561.946013299647
2019-09-26 14:00:00,2452,2111.0,2628.0,2679.0,2351.913649033321,2380.064520187885
2019-09-26 15:00:00,2493,2452.0,2571.0,2643.0,2641.339898952852,2525.090273990631
2019-09-26 16:00:00,2463,2493.0,2597.0,2606.0,2531.7739802052915,2548.903574114526
2019-09-26 17:00:00,2665,2463.0,2727.0,2705.0,2426.5702201261456,2578.0372313406565
2019-09-26 18:00:00,2788,2665.0,2852.0,2928.0,2790.866185884648,2806.9032231314613
2019-09-26 19:00:00,2961,2788.0,3093.0,3083.0,2846.586142059269,2913.5370405165013
2019-09-26 20:00:00,2917,2961.0,3159.0,3023.0,2864.31430967712,2884.5629231570933
2019-09-26 21:00:00,2391,2917.0,2408.0,2465.0,2426.729635977417,2449.032248443001
2019-09-26 22:00:00,2089,2391.0,2126.0,2009.0,1989.1651940663855,2054.749135578871
2019-09-26 23:00:00,2108,2089.0,1683.0,1612.0,1706.2275506186008,1825.9743916176353
2019-09-27 00:00:00,1499,2108.0,1431.0,1524.0,1429.9393843601167,1369.7686547619048
2019-09-27 01:00:00,689,1499.0,1082.0,1266.0,1042.347894315091,954.7487158870415
2019-09-27 02:00:00,918,689.0,414.0,825.0,561.8167253551294,735.5811063910154
2019-09-27 03:00:00,887,918.0,903.0,218.0,738.6786788614386,888.2176998834498
2019-09-27 04:00:00,751,887.0,929.0,556.0,759.587911780774,801.9195916171954
2019-09-27 05:00:00,1268,751.0,1453.0,964.0,902.9302819540303,1023.9248956023313
2019-09-27 06:00:00,1892,1268.0,2148.0,2075.0,1976.390121342611,2084.542472407079
2019-09-27 07:00:00,3222,1892.0,3137.0,3168.0,2764.3276577809347,3088.009314247464
2019-09-27 08:00:00,3280,3222.0,3141.0,3430.0,3589.9666482628504,3391.2664075553553
2019-09-27 09:00:00,3425,3280.0,2998.0,3543.0,3225.003846422317,3226.770994481525
2019-09-27 10:00:00,3393,3425.0,3079.0,3428.0,3259.4766073656183,3235.081393852185
2019-09-27 11:00:00,3255,3393.0,3049.0,3356.0,3194.346296301165,3185.0705439684657
2019-09-27 12:00:00,3359,3255.0,2482.0,3325.0,3012.584418879189,3119.4006575076514
2019-09-27 13:00:00,2957,3359.0,2111.0,3225.0,3034.4691862597856,3121.2118937006708
2019-09-27 14:00:00,2837,2957.0,2452.0,2990.0,2812.8010030003993,2817.3540224370936
2019-09-27 15:00:00,2852,2837.0,2493.0,2745.0,2772.7295540388523,2692.040430408682
2019-09-27 16:00:00,2774,2852.0,2463.0,2812.0,2755.4204010846342,2708.903186763593
2019-09-27 17:00:00,2851,2774.0,2665.0,2923.0,2723.6467018962394,2826.565856353831
2019-09-27 18:00:00,2884,2851.0,2788.0,2979.0,2911.581596965567,2958.155378831745
2019-09-27 19:00:00,2863,2884.0,2961.0,2964.0,2868.763885484175,2968.897397234479
2019-09-27 20:00:00,2620,2863.0,2917.0,2926.0,2709.0941543341382,2748.9905957171804
2019-09-27 21:00:00,2093,2620.0,2391.0,1968.0,2267.838116821044,2166.1948324278246
2019-09-27 22:00:00,1920,2093.0,2089.0,1755.0,1912.9953511057097,1892.3149265215252
2019-09-27 23:00:00,1814,1920.0,2108.0,1563.0,1834.1206696767676,1819.939063903282
2019-09-28 00:00:00,1852,1814.0,1499.0,1643.0,1382.4212369877407,1457.8251049535663
2019-09-28 01:00:00,1254,1852.0,689.0,1369.0,1173.159375075766,1150.0734139264405
2019-09-28 02:00:00,567,1254.0,918.0,547.0,787.8497507802933,636.5349877988476
2019-09-28 03:00:00,968,567.0,887.0,82.0,465.19961843724127,761.076833308057
2019-09-28 04:00:00,975,968.0,751.0,533.0,935.9598019714049,869.5943619321288
2019-09-28 05:00:00,1151,975.0,1268.0,687.0,970.3200138206996,867.5292961693449
2019-09-28 06:00:00,640,1151.0,1892.0,792.0,1407.6156125153277,957.1621263736263
2019-09-28 07:00:00,1416,640.0,3222.0,1310.0,1577.6560430631603,1465.4168863877476
2019-09-28 08:00:00,2667,1416.0,3280.0,2851.0,2606.7858463478374,2693.801880952382
2019-09-28 09:00:00,3456,2667.0,3425.0,3959.0,3580.541309227164,3651.7552947052955
2019-09-28 10:00:00,3627,3456.0,3393.0,4077.0,3789.096556500961,3761.287011904761
2019-09-28 11:00:00,3478,3627.0,3255.0,3771.0,3529.722154399262,3489.20485657777
2019-09-28 12:00:00,3098,3478.0,3359.0,3481.0,3213.6370067865914,3283.365039123688
2019-09-28 13:00:00,2958,3098.0,2957.0,3297.0,2963.192547386269,2917.7276923187933
2019-09-28 14:00:00,2773,2958.0,2837.0,3129.0,2878.280997986755,2787.299459555992
2019-09-28 15:00:00,2730,2773.0,2852.0,2839.0,2691.816495351468,2652.043042265881
2019-09-28 16:00:00,2518,2730.0,2774.0,2702.0,2606.7312564124354,2588.7607861544116
2019-09-28 17:00:00,2524,2518.0,2851.0,2760.0,2504.101904909984,2578.70278031691
2019-09-28 18:00:00,2534,2524.0,2884.0,3012.0,2692.377518680719,2709.3109279222
2019-09-28 19:00:00,2333,2534.0,2863.0,2919.0,2521.1173106674837,2567.6592778798863
2019-09-28 20:00:00,2000,2333.0,2620.0,2481.0,2262.6975511572746,2168.3749533069595
2019-09-28 21:00:00,1596,2000.0,2093.0,1959.0,1869.3392357529005,1803.9427298826631
2019-09-28 22:00:00,1646,1596.0,1920.0,1489.0,1536.176298016484,1588.3748770411935
2019-09-28 23:00:00,1909,1646.0,1814.0,1920.0,1650.2835026158627,1765.5995253383705
2019-09-29 00:00:00,1160,1909.0,1852.0,1693.0,1538.7994291939253,1581.9141945796555
2019-09-29 01:00:00,926,1160.0,1254.0,884.0,796.9210771874018,869.2430247484605
2019-09-29 02:00:00,981,926.0,567.0,799.0,656.633077980515,780.2949172195996
2019-09-29 03:00:00,918,981.0,968.0,427.0,697.8212008066455,771.6648746208293
2019-09-29 04:00:00,886,918.0,975.0,463.0,647.4038703549907,616.4017047806781
2019-09-29 05:00:00,116,886.0,1151.0,310.0,687.7679118252488,611.5836468665888
2019-09-29 06:00:00,544,116.0,640.0,286.0,584.4722290582138,535.5411273698198
2019-09-29 07:00:00,1206,544.0,1416.0,1273.0,1332.2287207405086,1291.3705410284156
2019-09-29 08:00:00,1880,1206.0,2667.0,2778.0,2283.1858513718707,2303.476632222222
2019-09-29 09:00:00,3028,1880.0,3456.0,3710.0,2960.1909643805398,3068.033338186151
2019-09-29 10:00:00,3489,3028.0,3627.0,3821.0,3667.3889386481956,3533.226754143225
2019-09-29 11:00:00,3388,3489.0,3478.0,3855.0,3596.8620866070814,3563.8289897186123
2019-09-29 12:00:00,3247,3388.0,3098.0,3832.0,3184.869160142165,3269.935473360442
2019-09-29 13:00:00,3253,3247.0,2958.0,3527.0,2971.921459586378,3063.2014765253207
2019-09-29 14:00:00,2828,3253.0,2773.0,3182.0,2841.1193541387433,2982.33548406898
2019-09-29 15:00:00,2638,2828.0,2730.0,2803.0,2521.977100673558,2578.1995747967535
2019-09-29 16:00:00,2453,2638.0,2518.0,2604.0,2404.8751959855667,2478.356140251526
2019-09-29 17:00:00,2551,2453.0,2524.0,2828.0,2364.1314600663063,2508.83501766103
2019-09-29 18:00:00,2835,2551.0,2534.0,2911.0,2481.005868374205,2638.157669070855
2019-09-29 19:00:00,3301,2835.0,2333.0,3245.0,2751.580533416327,2915.2763450378225
2019-09-29 20:00:00,2911,3301.0,2000.0,3074.0,2897.4970460203763,2978.7094660807566
2019-09-29 21:00:00,2039,2911.0,1596.0,2153.0,2136.3805850651565,2170.1053214285716
2019-09-29 22:00:00,1756,2039.0,1646.0,1814.0,1607.9551153275954,1789.9588765579363
2019-09-29 23:00:00,1573,1756.0,1909.0,1408.0,1498.107083665909,1603.7557091487463
2019-09-30 00:00:00,1687,1573.0,1160.0,1573.0,1225.2527514330525,1239.8085151604048
2019-09-30 01:00:00,1169,1687.0,926.0,1193.0,1137.8216606127264,1100.3089295674283
2019-09-30 02:00:00,516,1169.0,981.0,611.0,794.432435424191,579.9313497200847
2019-09-30 03:00:00,969,516.0,918.0,103.0,475.7382047216522,508.2185882491435
2019-09-30 04:00:00,1063,969.0,886.0,784.0,1023.115582647999,941.0743635834324
2019-09-30 05:00:00,1478,1063.0,116.0,1277.0,1025.6370721675792,1185.0945874316503
2019-09-30 06:00:00,1857,1478.0,544.0,2213.0,1848.8153474025003,1990.372739204933
2019-09-30 07:00:00,3049,1857.0,1206.0,3156.0,2360.9093463476775,2819.626433139082
2019-09-30 08:00:00,3125,3049.0,1880.0,3183.0,3308.0633297973554,3346.838581487375
2019-09-30 09:00:00,3045,3125.0,3028.0,2961.0,3040.299570914287,3175.084282430273
2019-09-30 10:00:00,3048,3045.0,3489.0,2766.0,2914.868330568827,2932.4767881188905
2019-09-30 11:00:00,2922,3048.0,3388.0,2636.0,2911.154898557917,2897.8369895020874
2019-09-30 12:00:00,2801,2922.0,3247.0,2605.0,2806.7003756275353,2804.5216641525917
2019-09-30 13:00:00,2717,2801.0,3253.0,2563.0,2762.8691247402967,2745.8453123937275
2019-09-30 14:00:00,2732,2717.0,2828.0,2580.0,2621.979262755785,2647.947936194364
2019-09-30 15:00:00,2124,2732.0,2638.0,2442.0,2563.749016723159,2556.337670291434
2019-09-30 16:00:00,2644,2124.0,2453.0,2465.0,2253.143660302219,2335.764743449769
2019-09-30 17:00:00,2674,2644.0,2551.0,2566.0,2825.978704848097,2728.5318281576374
2019-09-30 18:00:00,2807,2674.0,2835.0,2689.0,2781.2513794355714,2777.6054573860033
2019-09-30 19:00:00,3046,2807.0,3301.0,2822.0,2847.070723652809,2900.6549363068175
2019-09-30 20:00:00,2825,3046.0,2911.0,2801.0,2873.195234512119,2764.8215778275085
2019-09-30 21:00:00,2299,2825.0,2039.0,2288.0,2300.016158043014,2323.3150795302254
2019-09-30 22:00:00,2056,2299.0,1756.0,2032.0,1937.8697297013598,1958.7119191381444
2019-09-30 23:00:00,2086,2056.0,1573.0,1980.0,1807.7114340619712,1811.1917410407807
2019-10-01 00:00:00,1526,2086.0,1687.0,1149.0,1419.1905916732933,1554.0148528257455
2019-10-01 01:00:00,633,1526.0,1169.0,443.0,904.4698541697394,892.225107534977
2019-10-01 02:00:00,871,633.0,516.0,951.0,611.1661739377776,765.2754358696858
2019-10-01 03:00:00,897,871.0,969.0,886.0,948.2446454477481,994.1935747516374
2019-10-01 04:00:00,1042,897.0,1063.0,975.0,959.5792495192845,1018.8207431150332
2019-10-01 05:00:00,1355,1042.0,1478.0,1117.0,1154.4935168541544,1087.6156381755836
2019-10-01 06:00:00,1968,1355.0,1857.0,2054.0,1932.1574981148606,1837.8152115854425
2019-10-01 07:00:00,3015,1968.0,3049.0,3301.0,2820.547754241519,3043.961292690792
2019-10-01 08:00:00,3121,3015.0,3125.0,3302.0,3480.4382978149642,3268.3617831151137
2019-10-01 09:00:00,3327,3121.0,3045.0,3365.0,3190.7533492577727,3046.372846113235
2019-10-01 10:00:00,2972,3327.0,3048.0,3133.0,3198.899712525802,3092.994054607484
2019-10-01 11:00:00,2768,2972.0,2922.0,2890.0,2783.6758001165344,2848.754223517874
2019-10-01 12:00:00,2869,2768.0,2801.0,2794.0,2723.0588366718207,2734.7932336359727
2019-10-01 13:00:00,2936,2869.0,2717.0,2744.0,2793.15239980852,2755.357395064688
2019-10-01 14:00:00,2629,2936.0,2732.0,2558.0,2762.416161923351,2790.6247938012225
2019-10-01 15:00:00,2569,2629.0,2124.0,2520.0,2474.889137556648,2510.0139644839796
2019-10-01 16:00:00,2498,2569.0,2644.0,2495.0,2550.853758445386,2494.570594371784
2019-10-01 17:00:00,2677,2498.0,2674.0,2527.0,2466.0231403086123,2602.7617481881257
2019-10-01 18:00:00,2732,2677.0,2807.0,2791.0,2783.7276054627605,2841.064646259867
2019-10-01 19:00:00,3156,2732.0,3046.0,2986.0,2791.036092107832,2873.5097713045807
2019-10-01 20:00:00,2953,3156.0,2825.0,2822.0,2973.0893340960547,2771.7253955014826
2019-10-01 21:00:00,2357,2953.0,2299.0,2287.0,2426.7323993785526,2339.4054496584495
2019-10-01 22:00:00,2103,2357.0,2056.0,1880.0,1972.743188479094,1998.263664653089
2019-10-01 23:00:00,1772,2103.0,2086.0,1765.0,1880.9637014085001,1862.6329793062514
2019-10-02 00:00:00,1626,1772.0,1526.0,1405.0,1298.6623813645103,1461.471693014838
2019-10-02 01:00:00,1272,1626.0,633.0,635.0,915.6576054273901,1031.2530833333333
2019-10-02 02:00:00,608,1272.0,871.0,603.0,842.008843866276,729.8161342187226
2019-10-02 03:00:00,880,608.0,897.0,827.0,654.1673748474936,757.3891615596665
2019-10-02 04:00:00,1185,880.0,1042.0,1009.0,992.9892660558467,1037.0318628393575
2019-10-02 05:00:00,1474,1185.0,1355.0,1373.0,1286.5206546318775,1309.4570680855368
2019-10-02 06:00:00,2177,1474.0,1968.0,1962.0,1900.9900155277574,2015.3337056143737
2019-10-02 07:00:00,3272,2177.0,3015.0,3168.0,2854.594351143184,3136.4344510021865
2019-10-02 08:00:00,3343,3272.0,3121.0,3159.0,3503.7074326071934,3387.996119787476
2019-10-02 09:00:00,3317,3343.0,3327.0,3126.0,3237.315970130458,3198.841808123153
2019-10-02 10:00:00,3133,3317.0,2972.0,2984.0,3051.5331884858597,3057.593662814705
2019-10-02 11:00:00,2643,3133.0,2768.0,2678.0,2870.910538257193,2891.215400433752
2019-10-02 12:00:00,2594,2643.0,2869.0,2454.0,2597.0692447414062,2628.5491584363535
2019-10-02 13:00:00,2534,2594.0,2936.0,2539.0,2685.7984108031765,2657.7322811862596
2019-10-02 14:00:00,2455,2534.0,2629.0,2628.0,2569.762609793497,2523.885956646436
2019-10-02 15:00:00,2391,2455.0,2569.0,2571.0,2522.070338522227,2452.9602264368864
2019-10-02 16:00:00,2254,2391.0,2498.0,2597.0,2470.3625832445255,2403.2631600498257
2019-10-02 17:00:00,2570,2254.0,2677.0,2727.0,2445.07010291855,2416.723267123608
2019-10-02 18:00:00,2710,2570.0,2732.0,2852.0,2823.7489267549654,2730.0687937919683
2019-10-02 19:00:00,2777,2710.0,3156.0,3093.0,2929.191577390701,2846.397969915355
2019-10-02 20:00:00,2364,2777.0,2953.0,3159.0,2789.711773812013,2672.7854428371807
2019-10-02 21:00:00,2023,2364.0,2357.0,2408.0,2192.4889852231468,2175.2344113432864
2019-10-02 22:00:00,2221,2023.0,2103.0,2126.0,1936.7870753180669,1879.4712091865038
2019-10-02 23:00:00,2076,2221.0,1772.0,1683.0,1922.7137894390835,1888.0022927048444
2019-10-03 00:00:00,1207,2076.0,1626.0,1431.0,1411.9196260156918,1580.3303492063494
2019-10-03 01:00:00,1110,1207.0,1272.0,1082.0,923.9907821451998,1028.26360336469
2019-10-03 02:00:00,1203,1110.0,608.0,414.0,716.5150004188574,834.8650952380951
2019-10-03 03:00:00,1049,1203.0,880.0,903.0,932.1489985551973,1002.9663476320286
2019-10-03 04:00:00,878,1049.0,1185.0,929.0,934.4114893665408,918.7984703177704
2019-10-03 05:00:00,681,878.0,1474.0,1453.0,1133.037027851202,1277.245979434045
2019-10-03 06:00:00,1074,681.0,2177.0,2148.0,1614.2075777003179,1956.8958255561965
2019-10-03 07:00:00,1392,1074.0,3272.0,3137.0,2419.0008524919044,2013.5901904761902
2019-10-03 08:00:00,1970,1392.0,3343.0,3141.0,2527.9986843893766,2533.653578902702
2019-10-03 09:00:00,3106,1970.0,3317.0,2998.0,2774.762490258051,3088.7854988482577
2019-10-03 10:00:00,3533,3106.0,3133.0,3079.0,3461.5695039171696,3279.3004694964197
2019-10-03 11:00:00,3464,3533.0,2643.0,3049.0,3316.345953820495,3387.462725963257
2019-10-03 12:00:00,3344,3464.0,2594.0,2482.0,2892.1974361518937,3012.962599000318
2019-10-03 13:00:00,3056,3344.0,2534.0,2111.0,2703.736679148127,2907.1422161493415
2019-10-03 14:00:00,2791,3056.0,2455.0,2452.0,2682.2829744026103,2755.1168806414116
2019-10-03 15:00:00,2539,2791.0,2391.0,2493.0,2574.178365933804,2567.160880205381
2019-10-03 16:00:00,2582,2539.0,2254.0,2463.0,2435.7636995027306,2432.2874699224813
2019-10-03 17:00:00,2529,2582.0,2570.0,2665.0,2594.0696182004826,2668.3955504796922
2019-10-03 18:00:00,2689,2529.0,2710.0,2788.0,2569.2466356544687,2719.8071612966974
2019-10-03 19:00:00,2838,2689.0,2777.0,2961.0,2764.1049537630693,2813.836692658027
2019-10-03 20:00:00,2602,2838.0,2364.0,2917.0,2706.64706934773,2664.5612812054383
2019-10-03 21:00:00,1850,2602.0,2023.0,2391.0,2256.529773497502,2237.2625688008866
2019-10-03 22:00:00,1867,1850.0,2221.0,2089.0,1866.2659372393532,1924.068003380645
2019-10-03 23:00:00,1685,1867.0,2076.0,2108.0,1942.4829504137988,1907.4746627800973
2019-10-04 00:00:00,957,1685.0,1207.0,1499.0,1270.4434885735072,1291.154636262764
2019-10-04 01:00:00,1267,957.0,1110.0,689.0,769.4809686565554,758.429648141782
2019-10-04 02:00:00,916,1267.0,1203.0,918.0,1173.3404632610666,1175.9937735166482
2019-10-04 03:00:00,864,916.0,1049.0,887.0,861.9655621538302,740.4346970499358
2019-10-04 04:00:00,780,864.0,878.0,751.0,864.8081285999697,711.4044320351818
2019-10-04 05:00:00,395,780.0,681.0,1268.0,933.0756829923578,899.3141548405912
2019-10-04 06:00:00,1619,395.0,1074.0,1892.0,1278.236322083385,1321.4511583446429
2019-10-04 07:00:00,2520,1619.0,1392.0,3222.0,2599.1578842590784,2671.6668333333337
2019-10-04 08:00:00,3041,2520.0,1970.0,3280.0,3062.0454444515062,3273.50409972935
2019-10-04 09:00:00,3557,3041.0,3106.0,3425.0,3331.794517474812,3322.893865752483
2019-10-04 10:00:00,3486,3557.0,3533.0,3393.0,3622.731764323579,3460.4694364274073
2019-10-04 11:00:00,3122,3486.0,3464.0,3255.0,3317.68422960507,3319.5247470531276
2019-10-04 12:00:00,2936,3122.0,3344.0,3359.0,3093.2213261437378,2988.618589434131
2019-10-04 13:00:00,2818,2936.0,3056.0,2957.0,2888.3050940334388,2883.549715021742
2019-10-04 14:00:00,2586,2818.0,2791.0,2837.0,2747.606055090716,2741.3654331600396
2019-10-04 15:00:00,2523,2586.0,2539.0,2852.0,2588.5915060469742,2519.5682089221473
2019-10-04 16:00:00,2510,2523.0,2582.0,2774.0,2577.156531143669,2510.146467596581
2019-10-04 17:00:00,2462,2510.0,2529.0,2851.0,2509.1754759209457,2600.287072858674
2019-10-04 18:00:00,2638,2462.0,2689.0,2884.0,2564.0104389977873,2679.9625644881394
2019-10-04 19:00:00,2597,2638.0,2838.0,2863.0,2752.9864315661744,2763.096006450479
2019-10-04 20:00:00,2307,2597.0,2602.0,2620.0,2502.212382276841,2448.4506913214427
2019-10-04 21:00:00,2124,2307.0,1850.0,2093.0,2025.6042568226012,1941.4905701489945
2019-10-04 22:00:00,1956,2124.0,1867.0,1920.0,1890.759101880832,1912.2951225058036
2019-10-04 23:00:00,1718,1956.0,1685.0,1814.0,1713.1134351290816,1752.9229115808039
2019-10-05 00:00:00,1751,1718.0,957.0,1852.0,1245.8388959624542,1265.413738228146
2019-10-05 01:00:00,1027,1751.0,1267.0,1254.0,1171.1093973298055,1186.1196765597151
2019-10-05 02:00:00,586,1027.0,916.0,567.0,620.4169193804519,675.3278581695284
2019-10-05 03:00:00,1144,586.0,864.0,968.0,638.1688513532206,778.4845488028755
2019-10-05 04:00:00,944,1144.0,780.0,975.0,1098.687132753423,1083.1991735243757
2019-10-05 05:00:00,1002,944.0,395.0,1151.0,848.0970603217754,784.0191320208484
2019-10-05 06:00:00,641,1002.0,1619.0,640.0,1187.3671527977604,817.4403512019609
2019-10-05 07:00:00,1199,641.0,2520.0,1416.0,1447.8083383580674,1470.0575226186454
2019-10-05 08:00:00,2438,1199.0,3041.0,2667.0,2342.7346813138524,2407.185042188805
2019-10-05 09:00:00,3415,2438.0,3557.0,3456.0,3337.829123439851,3394.5355488063797
2019-10-05 10:00:00,3609,3415.0,3486.0,3627.0,3708.575151713667,3748.6466641604
2019-10-05 11:00:00,3353,3609.0,3122.0,3478.0,3402.3758085649506,3469.3866450339706
2019-10-05 12:00:00,3040,3353.0,2936.0,3098.0,2943.43071627473,3148.5646835832663
2019-10-05 13:00:00,2918,3040.0,2818.0,2958.0,2808.6891664899413,2863.2220085032473
2019-10-05 14:00:00,2750,2918.0,2586.0,2773.0,2764.1656549591416,2761.768546948167
2019-10-05 15:00:00,2675,2750.0,2523.0,2730.0,2598.6568283237066,2608.299360499932
2019-10-05 16:00:00,2557,2675.0,2510.0,2518.0,2505.097921110685,2522.6904754931707
2019-10-05 17:00:00,2521,2557.0,2462.0,2524.0,2460.952965374332,2572.049191780605
2019-10-05 18:00:00,2744,2521.0,2638.0,2534.0,2451.6384723180904,2585.2874063737368
2019-10-05 19:00:00,2669,2744.0,2597.0,2333.0,2572.2056610483705,2612.0834673532836
2019-10-05 20:00:00,2150,2669.0,2307.0,2000.0,2242.288415066034,2216.4265048100046
2019-10-05 21:00:00,1786,2150.0,2124.0,1596.0,1827.8039773584933,1734.3204645000767
2019-10-05 22:00:00,1820,1786.0,1956.0,1646.0,1666.8008172142997,1710.4509673640212
2019-10-05 23:00:00,2090,1820.0,1718.0,1909.0,1748.507624923204,1771.8140734588167
2019-10-06 00:00:00,1192,2090.0,1751.0,1160.0,1479.4201559394414,1299.4097142857145
2019-10-06 01:00:00,1260,1192.0,1027.0,926.0,770.362522912485,872.492948021122
2019-10-06 02:00:00,1207,1260.0,586.0,981.0,902.4929156368155,983.6897516963814
2019-10-06 03:00:00,1107,1207.0,1144.0,918.0,864.6682467679705,932.4853061759436
2019-10-06 04:00:00,881,1107.0,944.0,886.0,848.4199940415413,788.4434129793017
2019-10-06 05:00:00,310,881.0,1002.0,116.0,656.9164963742476,496.54493266942615
2019-10-06 06:00:00,698,310.0,641.0,544.0,723.1994289132283,550.3954693166206
2019-10-06 07:00:00,1391,698.0,1199.0,1206.0,1324.19342948132,1206.976416519998
2019-10-06 08:00:00,1912,1391.0,2438.0,1880.0,2139.9696336998654,2029.6373869420104
2019-10-06 09:00:00,2907,1912.0,3415.0,3028.0,2756.725616020621,3063.2865789021625
2019-10-06 10:00:00,3492,2907.0,3609.0,3489.0,3504.390445265444,3478.324797510018
2019-10-06 11:00:00,3452,3492.0,3353.0,3388.0,3542.521238510726,3542.9404704745743
2019-10-06 12:00:00,3401,3452.0,3040.0,3247.0,3145.1840141857874,3271.15782335444
2019-10-06 13:00:00,3185,3401.0,2918.0,3253.0,3005.4175864748277,3173.7995627518485
2019-10-06 14:00:00,2768,3185.0,2750.0,2828.0,2783.8894936942384,2876.825477287848
2019-10-06 15:00:00,2537,2768.0,2675.0,2638.0,2496.129124980403,2546.498727907893
2019-10-06 16:00:00,2518,2537.0,2557.0,2453.0,2351.6234618510744,2389.5405832541846
2019-10-06 17:00:00,2636,2518.0,2521.0,2551.0,2372.532863358336,2576.210180495626
2019-10-06 18:00:00,3353,2636.0,2744.0,2835.0,2524.4923745482065,2780.151831573201
2019-10-06 19:00:00,3284,3353.0,2669.0,3301.0,3213.291789856676,3043.547754170161
2019-10-06 20:00:00,2823,3284.0,2150.0,2911.0,2699.1848347052073,2935.2491589427204
2019-10-06 21:00:00,2128,2823.0,1786.0,2039.0,2101.8914887856213,2106.0791471861467
2019-10-06 22:00:00,1919,2128.0,1820.0,1756.0,1720.565893821331,1799.9843556956935
2019-10-06 23:00:00,1586,1919.0,2090.0,1573.0,1691.831410317362,1747.4693349388942
2019-10-07 00:00:00,1381,1586.0,1192.0,1687.0,1258.2665457928604,1272.7844764504762
2019-10-07 01:00:00,1240,1381.0,1260.0,1169.0,1100.9381737734566,1162.3793532406848
2019-10-07 02:00:00,620,1240.0,1207.0,516.0,894.2753408189603,745.1967523342636
2019-10-07 03:00:00,743,620.0,1107.0,969.0,775.3616976221053,819.8705763301441
2019-10-07 04:00:00,1056,743.0,881.0,1063.0,949.0145806258943,880.654104143856
2019-10-07 05:00:00,1667,1056.0,310.0,1478.0,1165.5913861377326,1246.6737294372294
2019-10-07 06:00:00,2255,1667.0,698.0,1857.0,1961.1789406729936,2088.2700031156583
2019-10-07 07:00:00,3409,2255.0,1391.0,3049.0,2654.5689829755347,3083.709408966978
2019-10-07 08:00:00,3410,3409.0,1912.0,3125.0,3435.2219046241353,3405.581775575302
2019-10-07 09:00:00,3223,3410.0,2907.0,3045.0,3188.61577462575,3198.7672982249596
2019-10-07 10:00:00,3125,3223.0,3492.0,3048.0,3121.1286342794547,3028.7430073966375
2019-10-07 11:00:00,2966,3125.0,3452.0,2922.0,3102.7830554972115,2984.7022681299063
2019-10-07 12:00:00,2682,2966.0,3401.0,2801.0,2986.546997482483,2884.4357701861886
2019-10-07 13:00:00,2764,2682.0,3185.0,2717.0,2815.3557056566115,2687.3929017837213
2019-10-07 14:00:00,2613,2764.0,2768.0,2732.0,2842.76975314585,2698.5122568691813
2019-10-07 15:00:00,2546,2613.0,2537.0,2124.0,2559.9488418011138,2472.805504400859
2019-10-07 16:00:00,2571,2546.0,2518.0,2644.0,2613.9151215134893,2491.9068938495275
2019-10-07 17:00:00,2737,2571.0,2636.0,2674.0,2633.21674100626,2688.521846765197
2019-10-07 18:00:00,2817,2737.0,3353.0,2807.0,2969.064794193925,2895.165528110958
2019-10-07 19:00:00,3079,2817.0,3284.0,3046.0,2959.71932237533,2947.3454705567274
2019-10-07 20:00:00,2843,3079.0,2823.0,2825.0,2944.9496601097203,2812.023078622115
2019-10-07 21:00:00,2324,2843.0,2128.0,2299.0,2398.4732448989853,2329.7152092338556
2019-10-07 22:00:00,2132,2324.0,1919.0,2056.0,2055.3111189985157,1993.706966345113
2019-10-07 23:00:00,1953,2132.0,1586.0,2086.0,1945.6532579784775,1849.0459183198923
2019-10-08 00:00:00,1751,1953.0,1381.0,1526.0,1442.551650936904,1434.4665003349824
2019-10-08 01:00:00,1089,1751.0,1240.0,633.0,1102.015490051549,1208.8275260001437
2019-10-08 02:00:00,685,1089.0,620.0,871.0,807.7413663844575,736.3683717049445
2019-10-08 03:00:00,1213,685.0,743.0,897.0,769.5303506774467,920.666208180708
2019-10-08 04:00:00,1251,1213.0,1056.0,1042.0,1259.4682790661334,1193.6131922482973
2019-10-08 05:00:00,1530,1251.0,1667.0,1355.0,1359.5402820521756,1394.850718043631
2019-10-08 06:00:00,2165,1530.0,2255.0,1968.0,1978.214874192053,2158.0722841726365
2019-10-08 07:00:00,3318,2165.0,3409.0,3015.0,2923.5608619570494,3133.8941526094673
2019-10-08 08:00:00,3175,3318.0,3410.0,3121.0,3566.0030302432824,3324.42916023262
2019-10-08 09:00:00,3212,3175.0,3223.0,3327.0,3140.3118039565734,3106.1042614781145
2019-10-08 10:00:00,2988,3212.0,3125.0,2972.0,2986.4644589673712,3014.3456052841257
2019-10-08 11:00:00,2867,2988.0,2966.0,2768.0,2759.8759596476216,2863.2437390461314
2019-10-08 12:00:00,2664,2867.0,2682.0,2869.0,2739.8192168136457,2754.523266552492
2019-10-08 13:00:00,2616,2664.0,2764.0,2936.0,2693.170409961705,2704.192482581279
2019-10-08 14:00:00,2460,2616.0,2613.0,2629.0,2585.041745799437,2564.1929415085165
2019-10-08 15:00:00,2451,2460.0,2546.0,2569.0,2466.6043284407383,2447.9975309796228
2019-10-08 16:00:00,2487,2451.0,2571.0,2498.0,2474.2493100961,2439.5186297807177
2019-10-08 17:00:00,2729,2487.0,2737.0,2677.0,2472.372021347487,2598.2763548585735
2019-10-08 18:00:00,2764,2729.0,2817.0,2732.0,2803.267641859795,2869.2263505986402
2019-10-08 19:00:00,3071,2764.0,3079.0,3156.0,2841.4591697168466,2907.33067284167
2019-10-08 20:00:00,2942,3071.0,2843.0,2953.0,2901.740608489328,2838.1105022205793
2019-10-08 21:00:00,2373,2942.0,2324.0,2357.0,2423.4672437083796,2384.694437004437
2019-10-08 22:00:00,2149,2373.0,2132.0,2103.0,2026.1468419710716,2073.488516847193
2019-10-08 23:00:00,2056,2149.0,1953.0,1772.0,1855.77670072692,1891.3860951008216
2019-10-09 00:00:00,1729,2056.0,1751.0,1626.0,1477.055694429253,1786.1563303309324
2019-10-09 01:00:00,940,1729.0,1089.0,1272.0,1170.4669303282565,1218.7150602708693
2019-10-09 02:00:00,817,940.0,685.0,608.0,664.0291712572432,766.9748807435254
2019-10-09 03:00:00,1016,817.0,1213.0,880.0,887.5296389813586,1021.7713942310107
2019-10-09 04:00:00,1126,1016.0,1251.0,1185.0,1107.4804959882795,1172.3362846877367
2019-10-09 05:00:00,1307,1126.0,1530.0,1474.0,1281.7742900715164,1384.4850596119074
2019-10-09 06:00:00,2131,1307.0,2165.0,2177.0,1896.1847510976886,2158.6064199056764
2019-10-09 07:00:00,3182,2131.0,3318.0,3272.0,2993.8582533851986,3268.5030509468693
2019-10-09 08:00:00,3336,3182.0,3175.0,3343.0,3542.737912744612,3383.3364072536187
2019-10-09 09:00:00,3188,3336.0,3212.0,3317.0,3309.6916290153126,3234.088470643775
2019-10-09 10:00:00,2977,3188.0,2988.0,3133.0,3072.997268208937,3001.3636974919423
2019-10-09 11:00:00,2639,2977.0,2867.0,2643.0,2827.706035201498,2853.7425590962666
2019-10-09 12:00:00,2512,2639.0,2664.0,2594.0,2619.009005481817,2654.6439785141665
2019-10-09 13:00:00,2565,2512.0,2616.0,2534.0,2583.864825789018,2552.3809651125207
2019-10-09 14:00:00,2470,2565.0,2460.0,2455.0,2552.855078769643,2517.271191154961
2019-10-09 15:00:00,2704,2470.0,2451.0,2391.0,2427.077891661371,2423.8277439457624
2019-10-09 16:00:00,2797,2704.0,2487.0,2254.0,2570.340385944921,2586.9944537942824
2019-10-09 17:00:00,2876,2797.0,2729.0,2570.0,2672.8793345012305,2828.8363085945693
2019-10-09 18:00:00,3107,2876.0,2764.0,2710.0,2805.7999170251546,2992.482777364128
2019-10-09 19:00:00,3143,3107.0,3071.0,2777.0,2974.106517619439,3100.083942537789
2019-10-09 20:00:00,2917,3143.0,2942.0,2364.0,2734.280380395769,2824.774517747658
2019-10-09 21:00:00,2199,2917.0,2373.0,2023.0,2336.2338665928946,2415.9776658730157
2019-10-09 22:00:00,2056,2199.0,2149.0,2221.0,2014.3547919013365,2161.4071806998427
2019-10-09 23:00:00,1920,2056.0,2056.0,2076.0,1959.1682094113853,1911.6235945427647
2019-10-10 00:00:00,1642,1920.0,1729.0,1207.0,1343.1254272394888,1580.1599569160999
2019-10-10 01:00:00,1214,1642.0,940.0,1110.0,1093.7156112213713,1176.964175008325
2019-10-10 02:00:00,560,1214.0,817.0,1203.0,947.5151667691146,735.516333428939
2019-10-10 03:00:00,602,560.0,1016.0,1049.0,715.1126868583171,899.7442866278277
2019-10-10 04:00:00,698,602.0,1126.0,878.0,841.1204954468981,1059.5883700791628
2019-10-10 05:00:00,1394,698.0,1307.0,681.0,841.8833699503698,1111.4635870469401
2019-10-10 06:00:00,2164,1394.0,2131.0,1074.0,1862.7355606121678,2047.7761071428572
2019-10-10 07:00:00,3329,2164.0,3182.0,1392.0,2514.2670609785728,3131.031626623376
2019-10-10 08:00:00,3348,3329.0,3336.0,1970.0,3270.40539383981,3368.2813436563442
2019-10-10 09:00:00,3368,3348.0,3188.0,3106.0,3178.055208562853,3204.5676002177597
2019-10-10 10:00:00,2869,3368.0,2977.0,3533.0,3130.4978160802266,3186.4936610389145
2019-10-10 11:00:00,2562,2869.0,2639.0,3464.0,2909.409378770074,2741.4190778119837
2019-10-10 12:00:00,2422,2562.0,2512.0,3344.0,2746.959434700772,2605.85691176374
2019-10-10 13:00:00,2459,2422.0,2565.0,3056.0,2663.781620547782,2450.760864418682
2019-10-10 14:00:00,2572,2459.0,2470.0,2791.0,2597.6937935670026,2484.272931241601
2019-10-10 15:00:00,2472,2572.0,2704.0,2539.0,2661.3054267370403,2522.7527394157178
2019-10-10 16:00:00,2509,2472.0,2797.0,2582.0,2542.9939636126014,2501.8355114691017
2019-10-10 17:00:00,2569,2509.0,2876.0,2529.0,2544.976637588872,2630.2668820524427
2019-10-10 18:00:00,2748,2569.0,3107.0,2689.0,2727.0113176752834,2753.933348348288
2019-10-10 19:00:00,3050,2748.0,3143.0,2838.0,2837.144779050344,2917.364647434556
2019-10-10 20:00:00,2851,3050.0,2917.0,2602.0,2858.539544466598,2824.088706380509
2019-10-10 21:00:00,2367,2851.0,2199.0,1850.0,2238.0772695461114,2179.589706159008
2019-10-10 22:00:00,2168,2367.0,2056.0,1867.0,1980.95488881124,2001.7331504448603
2019-10-10 23:00:00,1842,2168.0,1920.0,1685.0,1847.401080658281,1890.5093685824945
2019-10-11 00:00:00,1675,1842.0,1642.0,957.0,1266.54006541133,1497.1367500000001
2019-10-11 01:00:00,1233,1675.0,1214.0,1267.0,1241.3923789346088,1220.3815280790943
2019-10-11 02:00:00,489,1233.0,560.0,916.0,874.0450409094465,699.4493312506326
2019-10-11 03:00:00,913,489.0,602.0,864.0,632.6958124235919,779.7256057303193
2019-10-11 04:00:00,1135,913.0,698.0,780.0,1021.4929322833516,998.5853714019895
2019-10-11 05:00:00,1490,1135.0,1394.0,395.0,1112.3671302017817,1198.5708244047619
2019-10-11 06:00:00,2173,1490.0,2164.0,1619.0,1943.6250586406386,2053.685819977107
2019-10-11 07:00:00,3346,2173.0,3329.0,2520.0,2814.6641312088204,2981.623696045461
2019-10-11 08:00:00,3208,3346.0,3348.0,3041.0,3630.6993743540343,3424.822964552991
2019-10-11 09:00:00,3423,3208.0,3368.0,3557.0,3279.9817079010018,3172.1385957854404
2019-10-11 10:00:00,3489,3423.0,2869.0,3486.0,3281.2089199491465,3186.5357756453714
2019-10-11 11:00:00,3103,3489.0,2562.0,3122.0,3175.61149011395,3224.625025302717
2019-10-11 12:00:00,3066,3103.0,2422.0,2936.0,2837.458065668797,2963.464141850599
2019-10-11 13:00:00,3085,3066.0,2459.0,2818.0,2870.42747079967,2892.2762429232353
2019-10-11 14:00:00,2795,3085.0,2572.0,2586.0,2767.511516718113,2837.885412769382
2019-10-11 15:00:00,2708,2795.0,2472.0,2523.0,2621.9573286955565,2629.5101418842387
2019-10-11 16:00:00,2834,2708.0,2509.0,2510.0,2636.257093040592,2609.980688097149
2019-10-11 17:00:00,2921,2834.0,2569.0,2462.0,2674.6111731921355,2713.7132428624936
2019-10-11 18:00:00,2980,2921.0,2748.0,2638.0,2861.3199526405892,2945.722954492688
2019-10-11 19:00:00,2944,2980.0,3050.0,2597.0,2840.3557562703168,2975.4460569786115
2019-10-11 20:00:00,2597,2944.0,2851.0,2307.0,2599.4956738913365,2608.670630491649
2019-10-11 21:00:00,2144,2597.0,2367.0,2124.0,2315.476307220748,2188.652249926071
2019-10-11 22:00:00,2054,2144.0,2168.0,1956.0,2029.817725947019,1971.0520065172145
2019-10-11 23:00:00,1804,2054.0,1842.0,1718.0,1904.8163739901083,1860.410908767811
2019-10-12 00:00:00,1804,1804.0,1675.0,1751.0,1449.8798294146995,1732.547605451254
2019-10-12 01:00:00,1388,1804.0,1233.0,1027.0,1216.1270586506832,1286.9860591728532
2019-10-12 02:00:00,693,1388.0,489.0,586.0,818.5030640056843,669.6842207784046
2019-10-12 03:00:00,975,693.0,913.0,1144.0,809.3441602659025,971.068728169053
2019-10-12 04:00:00,1057,975.0,1135.0,944.0,1098.9548804164817,1085.6529208744266
2019-10-12 05:00:00,1051,1057.0,1490.0,1002.0,1159.4551901535963,1016.7394919839852
2019-10-12 06:00:00,472,1051.0,2173.0,641.0,1339.2417785420698,849.758366166599
2019-10-12 07:00:00,1286,472.0,3346.0,1199.0,1544.5583400236937,1329.8144142904891
2019-10-12 08:00:00,2861,1286.0,3208.0,2438.0,2455.4624970979694,2401.2124302889733
2019-10-12 09:00:00,3776,2861.0,3423.0,3415.0,3730.7863956517494,3711.3504970154363
2019-10-12 10:00:00,4022,3776.0,3489.0,3609.0,3918.5517642128902,3872.521948641938
2019-10-12 11:00:00,3829,4022.0,3103.0,3353.0,3642.7396428587117,3698.605768612667
2019-10-12 12:00:00,3721,3829.0,3066.0,3040.0,3249.895880164806,3501.633297687342
2019-10-12 13:00:00,3198,3721.0,3085.0,2918.0,3225.211218316872,3459.0127850393765
2019-10-12 14:00:00,3019,3198.0,2795.0,2750.0,2886.104533555548,2818.7424100896105
2019-10-12 15:00:00,2701,3019.0,2708.0,2675.0,2831.686049040968,2815.0574346252147
2019-10-12 16:00:00,2798,2701.0,2834.0,2557.0,2650.359234388904,2601.077818431314
2019-10-12 17:00:00,2789,2798.0,2921.0,2521.0,2741.439080691901,2802.826273127663
2019-10-12 18:00:00,2823,2789.0,2980.0,2744.0,2786.531843360566,2856.746122887205
2019-10-12 19:00:00,2709,2823.0,2944.0,2669.0,2685.2269914681074,2785.726972717309
2019-10-12 20:00:00,2373,2709.0,2597.0,2150.0,2400.9914587551802,2308.080610745797
2019-10-12 21:00:00,1722,2373.0,2144.0,1786.0,2070.5620130775023,1855.6893469359068
2019-10-12 22:00:00,1717,1722.0,2054.0,1820.0,1769.6683882902328,1797.5842238175867
2019-10-12 23:00:00,2155,1717.0,1804.0,2090.0,1867.6962031489597,1835.2211945813112
2019-10-13 00:00:00,1535,2155.0,1804.0,1192.0,1688.0818941387422,1513.2700714285709
2019-10-13 01:00:00,970,1535.0,1388.0,1260.0,1157.7098906669657,1102.822517170429
2019-10-13 02:00:00,1125,970.0,693.0,1207.0,875.4256684670092,1016.2409166666667
2019-10-13 03:00:00,1039,1125.0,975.0,1107.0,1075.8456876246607,991.4538817000341
2019-10-13 04:00:00,856,1039.0,1057.0,881.0,914.3311808099631,819.3358825509126
2019-10-13 05:00:00,204,856.0,1051.0,310.0,764.9539155825025,614.7008136248664
2019-10-13 06:00:00,420,204.0,472.0,698.0,810.6631926121524,645.7636984126984
2019-10-13 07:00:00,1197,420.0,1286.0,1391.0,1357.9204765116103,1260.591850574638
2019-10-13 08:00:00,2088,1197.0,2861.0,1912.0,2294.2625396951566,2049.612081214884
2019-10-13 09:00:00,3077,2088.0,3776.0,2907.0,3043.0352797002706,3166.4760739148373
2019-10-13 10:00:00,3746,3077.0,4022.0,3492.0,3700.29952382657,3624.1804373815835
2019-10-13 11:00:00,3538,3746.0,3829.0,3452.0,3805.7279102870943,3637.341153446966
2019-10-13 12:00:00,3469,3538.0,3721.0,3401.0,3330.6913890953165,3433.243834792401
2019-10-13 13:00:00,3150,3469.0,3198.0,3185.0,3132.291244607229,3232.186687921571
2019-10-13 14:00:00,2870,3150.0,3019.0,2768.0,2839.035354280378,2882.315018453724
2019-10-13 15:00:00,2642,2870.0,2701.0,2537.0,2625.1170755646044,2576.7100914624207
2019-10-13 16:00:00,2366,2642.0,2798.0,2518.0,2542.7503965806263,2494.0221296204254
2019-10-13 17:00:00,2563,2366.0,2789.0,2636.0,2491.394176342659,2442.500203177713
2019-10-13 18:00:00,3052,2563.0,2823.0,3353.0,2875.3140015777603,2760.6641575069825
2019-10-13 19:00:00,3011,3052.0,2709.0,3284.0,3099.780194334842,3074.792448469405
2019-10-13 20:00:00,2637,3011.0,2373.0,2823.0,2678.049772277531,2822.785870154966
2019-10-13 21:00:00,2038,2637.0,1722.0,2128.0,2113.3381159518053,2164.540644179894
2019-10-13 22:00:00,1845,2038.0,1717.0,1919.0,1782.8055117461595,1837.7481666164895
2019-10-13 23:00:00,2056,1845.0,2155.0,1586.0,1732.4545807552338,1758.4395836391382
2019-10-14 00:00:00,1419,2056.0,1535.0,1381.0,1561.7414554149839,1524.060112137862
2019-10-14 01:00:00,630,1419.0,970.0,1240.0,1058.0950479655264,871.726374530892
2019-10-14 02:00:00,1029,630.0,1125.0,620.0,667.7811821897951,811.2866413860032
2019-10-14 03:00:00,995,1029.0,1039.0,743.0,1070.3784430129724,904.8352626391462
2019-10-14 04:00:00,1071,995.0,856.0,1056.0,1003.1525547348649,814.6985906831006
2019-10-14 05:00:00,1044,1071.0,204.0,1667.0,1063.4942137820065,1152.1244284460706
2019-10-14 06:00:00,1728,1044.0,420.0,2255.0,1486.2258766458867,1934.4862764533966
2019-10-14 07:00:00,2434,1728.0,1197.0,3409.0,2531.5127621259485,2724.7098641223647
2019-10-14 08:00:00,3117,2434.0,2088.0,3410.0,2997.8746763198124,3152.865638200285
2019-10-14 09:00:00,3392,3117.0,3077.0,3223.0,3359.5556299577615,3378.5015127603956
2019-10-14 10:00:00,3190,3392.0,3746.0,3125.0,3425.7648766522616,3348.3243072640757
2019-10-14 11:00:00,3174,3190.0,3538.0,2966.0,3113.2544375266807,3035.7473523456074
2019-10-14 12:00:00,3075,3174.0,3469.0,2682.0,3024.561607239106,3016.0346598716587
2019-10-14 13:00:00,3037,3075.0,3150.0,2764.0,2942.517073329451,2946.34181686896
2019-10-14 14:00:00,2831,3037.0,2870.0,2613.0,2846.0413580708623,2890.873075268071
2019-10-14 15:00:00,2711,2831.0,2642.0,2546.0,2703.856122454633,2653.4703239793207
2019-10-14 16:00:00,2664,2711.0,2366.0,2571.0,2630.1574995148053,2608.1045771011272
2019-10-14 17:00:00,2455,2664.0,2563.0,2737.0,2678.7976188976227,2774.578525905169
2019-10-14 18:00:00,2983,2455.0,3052.0,2817.0,2755.2785080457106,2837.7219345286085
2019-10-14 19:00:00,3115,2983.0,3011.0,3079.0,3187.731807836425,3084.453010765869
2019-10-14 20:00:00,2893,3115.0,2637.0,2843.0,2926.105809055265,2812.2493243747767
2019-10-14 21:00:00,2154,2893.0,2038.0,2324.0,2397.6525346633225,2322.0232049077727
2019-10-14 22:00:00,1875,2154.0,1845.0,2132.0,1987.5528177318818,1911.9902749443818
2019-10-14 23:00:00,1746,1875.0,2056.0,1953.0,1907.0326267671367,1900.3803302845654
2019-10-15 00:00:00,1667,1746.0,1419.0,1751.0,1464.1196999025485,1557.0474186361691
2019-10-15 01:00:00,1243,1667.0,630.0,1089.0,1117.8861776047004,1062.4545928228856
2019-10-15 02:00:00,801,1243.0,1029.0,685.0,914.3549699171976,709.3819394808089
2019-10-15 03:00:00,952,801.0,995.0,1213.0,915.7438790219574,909.8682750618948
2019-10-15 04:00:00,1185,952.0,1071.0,1251.0,1146.5810467276503,1074.9270852905806
2019-10-15 05:00:00,1608,1185.0,1044.0,1530.0,1363.8140229712271,1194.4142019383166
2019-10-15 06:00:00,1696,1608.0,1728.0,2165.0,2085.7087979588514,1886.7773605995278
2019-10-15 07:00:00,2449,1696.0,2434.0,3318.0,2472.052464900481,2571.62251677405
2019-10-15 08:00:00,3082,2449.0,3117.0,3175.0,3063.6842716013043,3247.8909124086167
2019-10-15 09:00:00,3513,3082.0,3392.0,3212.0,3454.778117781151,3228.4824144354898
2019-10-15 10:00:00,3425,3513.0,3190.0,2988.0,3382.9462916227835,3396.421483349984
2019-10-15 11:00:00,3277,3425.0,3174.0,2867.0,3157.794618339483,3061.8880735886837
2019-10-15 12:00:00,3061,3277.0,3075.0,2664.0,2969.29467526634,3037.6518162272137
2019-10-15 13:00:00,3078,3061.0,3037.0,2616.0,2871.7083579020164,2954.036294758619
2019-10-15 14:00:00,2843,3078.0,2831.0,2460.0,2820.1710072461747,2882.391496958286
2019-10-15 15:00:00,2808,2843.0,2711.0,2451.0,2649.297833885303,2681.3838238063313
2019-10-15 16:00:00,2678,2808.0,2664.0,2487.0,2656.901331479001,2692.582524126144
2019-10-15 17:00:00,2782,2678.0,2455.0,2729.0,2524.2233842448604,2757.2959805995088
2019-10-15 18:00:00,2975,2782.0,2983.0,2764.0,2818.846236690559,2952.259040353568
2019-10-15 19:00:00,2955,2975.0,3115.0,3071.0,2962.095021052385,3089.633623871752
2019-10-15 20:00:00,2749,2955.0,2893.0,2942.0,2744.239676623863,2854.0062852118845
2019-10-15 21:00:00,2180,2749.0,2154.0,2373.0,2287.609248675473,2279.848684559169
2019-10-15 22:00:00,1983,2180.0,1875.0,2149.0,1925.3731252254715,1951.698482101034
2019-10-15 23:00:00,1764,1983.0,1746.0,2056.0,1830.1378302907115,1830.2508854626801
2019-10-16 00:00:00,1690,1764.0,1667.0,1729.0,1416.1609372937503,1649.1825072122904
2019-10-16 01:00:00,1325,1690.0,1243.0,940.0,1134.915204780704,1229.646668223366
2019-10-16 02:00:00,752,1325.0,801.0,817.0,909.1698505006045,762.0518095969701
2019-10-16 03:00:00,887,752.0,952.0,1016.0,806.7913386378953,815.6552154406169
2019-10-16 04:00:00,1250,887.0,1185.0,1126.0,1060.5461738486167,1088.1392913018358
2019-10-16 05:00:00,1571,1250.0,1608.0,1307.0,1415.4155865591679,1456.8931412084648
2019-10-16 06:00:00,1665,1571.0,1696.0,2131.0,2000.4966297291453,1855.6172490851604
2019-10-16 07:00:00,2602,1665.0,2449.0,3182.0,2391.6418084082657,2526.8161690784405
2019-10-16 08:00:00,2890,2602.0,3082.0,3336.0,3198.8101327034565,3227.563030973964
2019-10-16 09:00:00,3233,2890.0,3513.0,3188.0,3192.7417744039394,3296.318248523714
2019-10-16 10:00:00,3040,3233.0,3425.0,2977.0,3241.643488787544,3174.6439366070517
2019-10-16 11:00:00,2945,3040.0,3277.0,2639.0,2908.1292210746237,2920.5101090250314
2019-10-16 12:00:00,2938,2945.0,3061.0,2512.0,2788.7339277883175,2842.2034020768992
2019-10-16 13:00:00,2661,2938.0,3078.0,2565.0,2810.861676155561,2833.6343604972703
2019-10-16 14:00:00,2614,2661.0,2843.0,2470.0,2620.181211468954,2620.7635645684386
2019-10-16 15:00:00,2668,2614.0,2808.0,2704.0,2673.91546400727,2598.102923532773
2019-10-16 16:00:00,2349,2668.0,2678.0,2797.0,2688.703578097352,2609.4786030403507
2019-10-16 17:00:00,2740,2349.0,2782.0,2876.0,2515.071790312879,2465.7814756336384
2019-10-16 18:00:00,2738,2740.0,2975.0,3107.0,3022.384331566923,2913.7635500012793
2019-10-16 19:00:00,2815,2738.0,2955.0,3143.0,2844.5373096005987,2866.784043861504
2019-10-16 20:00:00,2599,2815.0,2749.0,2917.0,2664.6001658774603,2707.0868972271105
2019-10-16 21:00:00,2163,2599.0,2180.0,2199.0,2216.594121504493,2229.788974473504
2019-10-16 22:00:00,1863,2163.0,1983.0,2056.0,1953.4491764638508,1958.9244836194898
2019-10-16 23:00:00,2148,1863.0,1764.0,1920.0,1774.3787682164882,1785.0105959168761
2019-10-17 00:00:00,1404,2148.0,1690.0,1642.0,1665.8009245797223,1699.868645900391
2019-10-17 01:00:00,609,1404.0,1325.0,1214.0,1036.1309422939667,1074.023930861961
2019-10-17 02:00:00,987,609.0,752.0,560.0,551.0662714244165,787.8879920634921
2019-10-17 03:00:00,889,987.0,887.0,602.0,956.1035540849027,970.6366217532469
2019-10-17 04:00:00,1059,889.0,1250.0,698.0,888.1688124282937,825.1500492356301
2019-10-17 05:00:00,1039,1059.0,1571.0,1394.0,1234.4319654648032,1305.9037271322006
2019-10-17 06:00:00,1569,1039.0,1665.0,2164.0,1656.6631816136169,1708.0527612880126
2019-10-17 07:00:00,2432,1569.0,2602.0,3329.0,2580.513845478343,2554.6473656566395
2019-10-17 08:00:00,2978,2432.0,2890.0,3348.0,3154.483918352958,3203.748333000917
2019-10-17 09:00:00,3078,2978.0,3233.0,3368.0,3362.536530723022,3347.4675121729756
2019-10-17 10:00:00,3007,3078.0,3040.0,2869.0,3017.6752680563104,2915.974747221462
2019-10-17 11:00:00,2881,3007.0,2945.0,2562.0,2760.0020472085384,2847.471847003596
2019-10-17 12:00:00,2703,2881.0,2938.0,2422.0,2660.2254623080903,2799.218729349813
2019-10-17 13:00:00,2586,2703.0,2661.0,2459.0,2570.7384612860315,2657.356831111771
2019-10-17 14:00:00,2619,2586.0,2614.0,2572.0,2565.3117777665652,2558.211548572687
2019-10-17 15:00:00,2576,2619.0,2668.0,2472.0,2568.9586818768867,2515.7702394959406
2019-10-17 16:00:00,2451,2576.0,2349.0,2509.0,2410.347493506164,2482.6919484669347
2019-10-17 17:00:00,2600,2451.0,2740.0,2569.0,2490.8395334632564,2515.867258715049
2019-10-17 18:00:00,2642,2600.0,2738.0,2748.0,2678.6408124335017,2755.482498375718
2019-10-17 19:00:00,2853,2642.0,2815.0,3050.0,2714.566758489053,2769.1152097597596
2019-10-17 20:00:00,2557,2853.0,2599.0,2851.0,2718.173764021348,2712.414783768894
2019-10-17 21:00:00,2213,2557.0,2163.0,2367.0,2222.9261490024464,2236.226664502513
2019-10-17 22:00:00,2059,2213.0,1863.0,2168.0,1969.6022797321034,1912.418989801983
2019-10-17 23:00:00,2181,2059.0,2148.0,1842.0,1876.6677958331957,1895.9125477292116
2019-10-18 00:00:00,1376,2181.0,1404.0,1675.0,1569.8778215879188,1522.102082889917
2019-10-18 01:00:00,742,1376.0,609.0,1233.0,933.2342738834084,796.2430394990773
2019-10-18 02:00:00,925,742.0,987.0,489.0,637.1123266279149,830.1952857142857
2019-10-18 03:00:00,907,925.0,889.0,913.0,951.0760227443277,982.538326376665
2019-10-18 04:00:00,958,907.0,1059.0,1135.0,964.5799015625691,981.4742708182015
2019-10-18 05:00:00,1032,958.0,1039.0,1490.0,1065.9781955700767,1089.7100978260867
2019-10-18 06:00:00,1480,1032.0,1569.0,2173.0,1643.5069073298362,1708.5987241211228
2019-10-18 07:00:00,2508,1480.0,2432.0,3346.0,2495.6624583543266,2490.97387944294
2019-10-18 08:00:00,3120,2508.0,2978.0,3208.0,3238.6346051996893,3206.116294061592
2019-10-18 09:00:00,3576,3120.0,3078.0,3423.0,3408.73935434639,3329.514501633987
2019-10-18 10:00:00,3478,3576.0,3007.0,3489.0,3553.394006559064,3507.494705394883
2019-10-18 11:00:00,3184,3478.0,2881.0,3103.0,3220.4598912289784,3266.460740103419
2019-10-18 12:00:00,3259,3184.0,2703.0,3066.0,2971.906071500967,3005.393212914046
2019-10-18 13:00:00,3045,3259.0,2586.0,3085.0,3058.7874811819447,3053.3166260440344
2019-10-18 14:00:00,2601,3045.0,2619.0,2795.0,2775.831553407679,2856.025877256489
2019-10-18 15:00:00,2297,2601.0,2576.0,2708.0,2602.205449883618,2508.8360891144125
2019-10-18 16:00:00,2545,2297.0,2451.0,2834.0,2510.092240259903,2395.0519762305325
2019-10-18 17:00:00,2694,2545.0,2600.0,2921.0,2799.5862731105353,2674.8004156731918
2019-10-18 18:00:00,2788,2694.0,2642.0,2980.0,2874.6995040846155,2761.9137257628363
2019-10-18 19:00:00,2939,2788.0,2853.0,2944.0,2823.4348704824197,2863.592619450703
2019-10-18 20:00:00,2486,2939.0,2557.0,2597.0,2701.965027012264,2688.685708018588
2019-10-18 21:00:00,2077,2486.0,2213.0,2144.0,2185.1974197661684,2050.246372670977
2019-10-18 22:00:00,2145,2077.0,2059.0,2054.0,1976.5475854693493,1925.631215844549
2019-10-18 23:00:00,2172,2145.0,2181.0,1804.0,1998.385106370075,1981.5299473279533
2019-10-19 00:00:00,1208,2172.0,1376.0,1804.0,1511.9021798040458,1597.2164968093307
2019-10-19 01:00:00,1316,1208.0,742.0,1388.0,908.394366710055,961.8039585137084
2019-10-19 02:00:00,1262,1316.0,925.0,693.0,950.8791470757326,1048.2352537580782
2019-10-19 03:00:00,1052,1262.0,907.0,975.0,905.9725007584864,948.0111581845163
2019-10-19 04:00:00,571,1052.0,958.0,1057.0,908.0103714057213,864.6463605792696
2019-10-19 05:00:00,684,571.0,1032.0,1051.0,792.8328279241825,831.0392067835982
2019-10-19 06:00:00,1096,684.0,1480.0,472.0,1101.5767255131802,813.8464684620158
2019-10-19 07:00:00,1153,1096.0,2508.0,1286.0,1796.3738772600016,1600.0314163430428
2019-10-19 08:00:00,2176,1153.0,3120.0,2861.0,2268.9143654453774,2249.4966904761905
2019-10-19 09:00:00,3429,2176.0,3576.0,3776.0,3304.4421747601546,3362.2275064573273
2019-10-19 10:00:00,3619,3429.0,3478.0,4022.0,3962.466141870194,3765.2543214285715
2019-10-19 11:00:00,3434,3619.0,3184.0,3829.0,3588.4149829146454,3507.368838575986
2019-10-19 12:00:00,3271,3434.0,3259.0,3721.0,3249.4352577035734,3267.505799112827
2019-10-19 13:00:00,3143,3271.0,3045.0,3198.0,3084.6003768611545,3086.3035651210453
2019-10-19 14:00:00,2810,3143.0,2601.0,3019.0,2892.3508966080894,2937.477858296676
2019-10-19 15:00:00,2741,2810.0,2297.0,2701.0,2603.913887150381,2640.2462399912292
2019-10-19 16:00:00,2792,2741.0,2545.0,2798.0,2601.0098812977812,2611.3486228158613
2019-10-19 17:00:00,2755,2792.0,2694.0,2789.0,2574.9177744407775,2760.204491218303
2019-10-19 18:00:00,2798,2755.0,2788.0,2823.0,2646.488665941753,2776.3476702863727
2019-10-19 19:00:00,2560,2798.0,2939.0,2709.0,2623.7072254886766,2703.374558938307
2019-10-19 20:00:00,2349,2560.0,2486.0,2373.0,2312.2722559797903,2316.539789864612
2019-10-19 21:00:00,1844,2349.0,2077.0,1722.0,1966.9836809652022,1861.0807192668462
2019-10-19 22:00:00,1661,1844.0,2145.0,1717.0,1727.6834547715584,1809.598726519469
2019-10-19 23:00:00,1518,1661.0,2172.0,2155.0,1798.4260614151576,1929.303078087905
2019-10-20 00:00:00,1937,1518.0,1208.0,1535.0,1153.0750069620906,1294.510321347025
2019-10-20 01:00:00,1254,1937.0,1316.0,970.0,1355.9869362706834,1165.3252016302017
2019-10-20 02:00:00,729,1254.0,1262.0,1125.0,915.4435736340408,1045.9305921784633
2019-10-20 03:00:00,1134,729.0,1052.0,1039.0,745.7804054604926,921.8447904025838
2019-10-20 04:00:00,1004,1134.0,571.0,856.0,1000.0165476339173,958.2533415267618
2019-10-20 05:00:00,295,1004.0,684.0,204.0,676.5062087988797,655.8516122357173
2019-10-20 06:00:00,406,295.0,1096.0,420.0,764.1448682756013,622.1779077982915
2019-10-20 07:00:00,1288,406.0,1153.0,1197.0,1159.941307679236,1066.7722047195416
2019-10-20 08:00:00,1895,1288.0,2176.0,2088.0,2134.987664352824,2169.0818015873015
2019-10-20 09:00:00,2871,1895.0,3429.0,3077.0,2816.9075714908236,3034.83432422791
2019-10-20 10:00:00,3492,2871.0,3619.0,3746.0,3532.958032413518,3543.184160604671
2019-10-20 11:00:00,3311,3492.0,3434.0,3538.0,3593.6644911626095,3570.3218884426974
2019-10-20 12:00:00,3323,3311.0,3271.0,3469.0,3125.113147226347,3187.526798505527
2019-10-20 13:00:00,3092,3323.0,3143.0,3150.0,2979.469403063628,3107.1223523624394
2019-10-20 14:00:00,2870,3092.0,2810.0,2870.0,2745.2909206643367,2871.683545947779
2019-10-20 15:00:00,2580,2870.0,2741.0,2642.0,2594.0068622372264,2620.332678878037
2019-10-20 16:00:00,2309,2580.0,2792.0,2366.0,2399.2444603773324,2423.099355521251
2019-10-20 17:00:00,2514,2309.0,2755.0,2563.0,2303.5370183568307,2443.650718854942
2019-10-20 18:00:00,2664,2514.0,2798.0,3052.0,2641.4544912092606,2693.9367134599474
2019-10-20 19:00:00,2828,2664.0,2560.0,3011.0,2601.7334074082987,2691.437160531207
2019-10-20 20:00:00,2446,2828.0,2349.0,2637.0,2484.6320478571884,2644.169183433143
2019-10-20 21:00:00,1945,2446.0,1844.0,2038.0,1927.9020764620145,1961.797196202969
2019-10-20 22:00:00,1896,1945.0,1661.0,1845.0,1653.6540323380586,1797.8108313563375
2019-10-20 23:00:00,1996,1896.0,1518.0,2056.0,1705.77840201241,1695.5044823395108
2019-10-21 00:00:00,876,1996.0,1937.0,1419.0,1454.4425777491265,1570.645850122474
2019-10-21 01:00:00,889,876.0,1254.0,630.0,639.6507836175592,792.3696933935629
2019-10-21 02:00:00,905,889.0,729.0,1029.0,838.9444311512186,933.6218137973138
2019-10-21 03:00:00,946,905.0,1134.0,995.0,809.0291931814124,930.1313152375584
2019-10-21 04:00:00,880,946.0,1004.0,1071.0,890.6101323032922,931.6044531770121
2019-10-21 05:00:00,651,880.0,295.0,1044.0,765.1079405953978,832.7407470325256
2019-10-21 06:00:00,1570,651.0,406.0,1728.0,1174.1987697550153,1538.4731506252367
2019-10-21 07:00:00,2518,1570.0,1288.0,2434.0,2281.9586980471777,2532.1021647241027
2019-10-21 08:00:00,2732,2518.0,1895.0,3117.0,3021.970634754428,3211.8798509774865
2019-10-21 09:00:00,3179,2732.0,2871.0,3392.0,3063.236146653265,3169.648574633573
2019-10-21 10:00:00,2882,3179.0,3492.0,3190.0,3435.0143435221785,3205.3902679953185
2019-10-21 11:00:00,2917,2882.0,3311.0,3174.0,3026.433233778065,2854.9416278697113
2019-10-21 12:00:00,2619,2917.0,3323.0,3075.0,3060.3667406735526,2848.1313044416315
2019-10-21 13:00:00,2988,2619.0,3092.0,3037.0,2842.629356725508,2664.3870082091976
2019-10-21 14:00:00,2628,2988.0,2870.0,2831.0,3075.5720641754137,2868.658619185506
2019-10-21 15:00:00,2534,2628.0,2580.0,2711.0,2683.054827142916,2477.520999794232
2019-10-21 16:00:00,2410,2534.0,2309.0,2664.0,2614.6825141105687,2459.9989748693224
2019-10-21 17:00:00,2704,2410.0,2514.0,2455.0,2475.1550562062507,2461.684490812576
2019-10-21 18:00:00,2711,2704.0,2664.0,2983.0,2884.5279069341036,2754.901080499377
2019-10-21 19:00:00,3002,2711.0,2828.0,3115.0,2817.330612039767,2793.0585615228088
2019-10-21 20:00:00,2477,3002.0,2446.0,2893.0,2826.3444203193053,2734.651289599585
2019-10-21 21:00:00,2087,2477.0,1945.0,2154.0,2107.4247354853815,2002.3647348879626
2019-10-21 22:00:00,2179,2087.0,1896.0,1875.0,1889.2268541995259,1902.272227298358
2019-10-21 23:00:00,1952,2179.0,1996.0,1746.0,1962.8861038267914,1944.6188647616655
2019-10-22 00:00:00,1637,1952.0,876.0,1667.0,1299.5200338153238,1276.0833978696742
2019-10-22 01:00:00,733,1637.0,889.0,1243.0,1106.042312732458,1078.839991104134
2019-10-22 02:00:00,914,733.0,905.0,801.0,658.9329997349644,770.4669529877474
2019-10-22 03:00:00,1042,914.0,946.0,952.0,934.0167944228413,1035.268055112467
2019-10-22 04:00:00,1055,1042.0,880.0,1185.0,1012.2488307827143,965.7714160526554
2019-10-22 05:00:00,1171,1055.0,651.0,1608.0,1071.1780431744742,970.4959992635403
2019-10-22 06:00:00,1486,1171.0,1570.0,1696.0,1561.5884822937378,1515.2695107472325
2019-10-22 07:00:00,2459,1486.0,2518.0,2449.0,2208.8718312604806,2371.1118000338383
2019-10-22 08:00:00,2969,2459.0,2732.0,3082.0,3097.012289648551,3044.235229888449
2019-10-22 09:00:00,3401,2969.0,3179.0,3513.0,3340.7214202951163,3202.3600863810275
2019-10-22 10:00:00,3191,3401.0,2882.0,3425.0,3374.171728172083,3313.634223750832
2019-10-22 11:00:00,3021,3191.0,2917.0,3277.0,3058.638042168279,3024.032404122652
2019-10-22 12:00:00,2908,3021.0,2619.0,3061.0,2847.0993111768043,2887.0326110520878
2019-10-22 13:00:00,2885,2908.0,2988.0,3078.0,2894.317588322236,2801.509041353467
2019-10-22 14:00:00,2485,2885.0,2628.0,2843.0,2748.9071609120247,2772.999026760382
2019-10-22 15:00:00,2537,2485.0,2534.0,2808.0,2555.6506974269273,2470.261724498981
2019-10-22 16:00:00,2478,2537.0,2410.0,2678.0,2564.935351418807,2489.7492369502447
2019-10-22 17:00:00,2653,2478.0,2704.0,2782.0,2559.583436177928,2612.8154973400265
2019-10-22 18:00:00,2782,2653.0,2711.0,2975.0,2792.860312481911,2815.202674059226
2019-10-22 19:00:00,3055,2782.0,3002.0,2955.0,2832.4658680480275,2932.041984496343
2019-10-22 20:00:00,2648,3055.0,2477.0,2749.0,2787.1891944754007,2757.2378422597544
2019-10-22 21:00:00,2278,2648.0,2087.0,2180.0,2184.3984823234014,2242.5541309618316
2019-10-22 22:00:00,2162,2278.0,2179.0,1983.0,1995.223786307255,2052.7617140909697
2019-10-22 23:00:00,2244,2162.0,1952.0,1764.0,1862.868795374615,1928.4855451278336
2019-10-23 00:00:00,1333,2244.0,1637.0,1690.0,1632.5127637120931,1664.4552413419913
2019-10-23 01:00:00,785,1333.0,733.0,1325.0,968.6671325727791,958.6180736567355
2019-10-23 02:00:00,1207,785.0,914.0,752.0,714.3074652543144,853.8985314359649
2019-10-23 03:00:00,1023,1207.0,1042.0,887.0,1159.0219623995793,1134.910247384847
2019-10-23 04:00:00,1143,1023.0,1055.0,1250.0,1039.988205340147,1001.4416186088374
2019-10-23 05:00:00,1066,1143.0,1171.0,1571.0,1244.1760065957883,1192.5726240981242
2019-10-23 06:00:00,1687,1066.0,1486.0,1665.0,1458.6259418352456,1493.875187729448
2019-10-23 07:00:00,2590,1687.0,2459.0,2602.0,2423.425272225825,2609.3702448992167
2019-10-23 08:00:00,2966,2590.0,2969.0,2890.0,3119.86307943184,3076.5161726090714
2019-10-23 09:00:00,3328,2966.0,3401.0,3233.0,3298.435813568202,3194.3297069658597
2019-10-23 10:00:00,3369,3328.0,3191.0,3040.0,3330.31208778939,3211.901024218544
2019-10-23 11:00:00,2952,3369.0,3021.0,2945.0,3198.9434200720802,3020.7524675735685
2019-10-23 12:00:00,2839,2952.0,2908.0,2938.0,2926.5616833133795,2846.0244433335283
2019-10-23 13:00:00,2857,2839.0,2885.0,2661.0,2845.437867340708,2739.9342558031294
2019-10-23 14:00:00,2604,2857.0,2485.0,2614.0,2746.1445897774,2694.99921878342
2019-10-23 15:00:00,2704,2604.0,2537.0,2668.0,2670.493710879754,2537.8405455705874
2019-10-23 16:00:00,2607,2704.0,2478.0,2349.0,2657.1599819511507,2578.5295610593544
2019-10-23 17:00:00,2777,2607.0,2653.0,2740.0,2681.123568726421,2720.095512974244
2019-10-23 18:00:00,2938,2777.0,2782.0,2738.0,2852.4302436474077,2903.1003601843886
2019-10-23 19:00:00,3074,2938.0,3055.0,2815.0,2944.776384423468,3059.125971459505
2019-10-23 20:00:00,2664,3074.0,2648.0,2599.0,2797.779214582726,2818.1654500321006
2019-10-23 21:00:00,2219,2664.0,2278.0,2163.0,2296.680872865066,2252.049353423313
2019-10-23 22:00:00,1892,2219.0,2162.0,1863.0,1995.708395927027,2011.8200441168801
2019-10-23 23:00:00,2176,1892.0,2244.0,2148.0,1952.6171677101158,1943.7400506292915
2019-10-24 00:00:00,1569,2176.0,1333.0,1404.0,1569.0459565141982,1418.8960468914356
2019-10-24 01:00:00,700,1569.0,785.0,609.0,883.4644628246936,748.0076277203185
2019-10-24 02:00:00,911,700.0,1207.0,987.0,745.31405177345,1005.8804590718563
2019-10-24 03:00:00,1050,911.0,1023.0,889.0,968.4229062903403,1061.6726163471783
2019-10-24 04:00:00,1129,1050.0,1143.0,1059.0,1075.1822972818104,1129.6110500952338
2019-10-24 05:00:00,1164,1129.0,1066.0,1039.0,1073.7870311942754,1093.3339303068628
2019-10-24 06:00:00,1549,1164.0,1687.0,1569.0,1534.284167916672,1547.2535245493134
2019-10-24 07:00:00,2323,1549.0,2590.0,2432.0,2266.920769453822,2443.802148341474
2019-10-24 08:00:00,3025,2323.0,2966.0,2978.0,2977.4680272574615,3039.632460716334
2019-10-24 09:00:00,3133,3025.0,3328.0,3078.0,3293.1288063747857,3313.1664644183115
2019-10-24 10:00:00,3154,3133.0,3369.0,3007.0,3158.6747006095907,3043.86102253237
2019-10-24 11:00:00,3247,3154.0,2952.0,2881.0,2977.467655499561,2946.680072175399
2019-10-24 12:00:00,2959,3247.0,2839.0,2703.0,2961.279808109284,2950.3574307654258
2019-10-24 13:00:00,2756,2959.0,2857.0,2586.0,2799.6445477506363,2831.4967970780544
2019-10-24 14:00:00,2786,2756.0,2604.0,2619.0,2723.0692733197357,2696.946931474568
2019-10-24 15:00:00,2603,2786.0,2704.0,2576.0,2759.7054619669934,2654.9493884738813
2019-10-24 16:00:00,2617,2603.0,2607.0,2451.0,2565.0690109705365,2518.995288186015
2019-10-24 17:00:00,2481,2617.0,2777.0,2600.0,2702.4606753882294,2715.9645995656556
2019-10-24 18:00:00,2854,2481.0,2938.0,2642.0,2659.01095271623,2764.159602998513
2019-10-24 19:00:00,3113,2854.0,3074.0,2853.0,2996.3843537296475,2994.3905888945856
2019-10-24 20:00:00,2799,3113.0,2664.0,2557.0,2872.5053127251367,2744.15523605806
2019-10-24 21:00:00,2261,2799.0,2219.0,2213.0,2345.4893074457464,2318.410936902437
2019-10-24 22:00:00,2056,2261.0,1892.0,2059.0,2006.6377771853643,1969.1260757439197
2019-10-24 23:00:00,2007,2056.0,2176.0,2181.0,2020.3853698667888,1953.2597207342455
2019-10-25 00:00:00,1797,2007.0,1569.0,1376.0,1485.7030476618756,1534.7757041270745
2019-10-25 01:00:00,1135,1797.0,700.0,742.0,1073.0394146359229,1047.130232029735
2019-10-25 02:00:00,679,1135.0,911.0,925.0,905.7828677576192,805.6149460565462
2019-10-25 03:00:00,1089,679.0,1050.0,907.0,824.8688802216673,885.2023511696725
2019-10-25 04:00:00,1151,1089.0,1129.0,958.0,1211.4755146723205,1176.0485888835262
2019-10-25 05:00:00,1010,1151.0,1164.0,1032.0,1197.170173650412,1112.5857659133335
2019-10-25 06:00:00,1714,1010.0,1549.0,1480.0,1445.6071908457911,1504.1685975858643
2019-10-25 07:00:00,2561,1714.0,2323.0,2508.0,2467.8048712035643,2451.2903875289176
2019-10-25 08:00:00,3300,2561.0,3025.0,3120.0,3205.0509797101113,3236.8057131433466
2019-10-25 09:00:00,3619,3300.0,3133.0,3576.0,3558.212468292538,3453.8628608246627
2019-10-25 10:00:00,3679,3619.0,3154.0,3478.0,3537.624962104716,3444.419201428807
2019-10-25 11:00:00,3310,3679.0,3247.0,3184.0,3396.3627184244137,3411.5312659452443
2019-10-25 12:00:00,3387,3310.0,2959.0,3259.0,3099.1612831633097,3123.7393622506015
2019-10-25 13:00:00,3238,3387.0,2756.0,3045.0,3144.7056627352667,3138.2510874253676
2019-10-25 14:00:00,2908,3238.0,2786.0,2601.0,2886.838096445969,2929.0705991706513
2019-10-25 15:00:00,2945,2908.0,2603.0,2297.0,2658.4982369206773,2646.447940849684
2019-10-25 16:00:00,2869,2945.0,2617.0,2545.0,2808.1978035321354,2698.6500717560107
2019-10-25 17:00:00,2882,2869.0,2481.0,2694.0,2672.7466936509704,2862.1156591045847
2019-10-25 18:00:00,3105,2882.0,2854.0,2788.0,2842.39297377768,2988.5473910271953
2019-10-25 19:00:00,2949,3105.0,3113.0,2939.0,3081.846156109373,3119.209337521174
2019-10-25 20:00:00,2594,2949.0,2799.0,2486.0,2678.350579435669,2714.5564575514773
2019-10-25 21:00:00,2181,2594.0,2261.0,2077.0,2295.657646180372,2169.1543975238874
2019-10-25 22:00:00,1723,2181.0,2056.0,2145.0,2095.083692038034,1992.7901145368396
2019-10-25 23:00:00,1897,1723.0,2007.0,2172.0,1902.1575139095967,1846.4651639480153
2019-10-26 00:00:00,1823,1897.0,1797.0,1208.0,1487.1599929980816,1494.1503381872878
2019-10-26 01:00:00,1142,1823.0,1135.0,1316.0,1277.284252260203,1197.6633095336713
2019-10-26 02:00:00,685,1142.0,679.0,1262.0,933.5304822680466,884.1400433455434
2019-10-26 03:00:00,1017,685.0,1089.0,1052.0,843.4809881021772,960.4635468989676
2019-10-26 04:00:00,1044,1017.0,1151.0,571.0,1045.5560284385253,986.1300833402711
2019-10-26 05:00:00,1071,1044.0,1010.0,684.0,1009.1872623011238,886.0838632712563
2019-10-26 06:00:00,562,1071.0,1714.0,1096.0,1391.4219656477967,910.3648579574314
2019-10-26 07:00:00,1603,562.0,2561.0,1153.0,1454.9295304398174,1267.7931412339087
2019-10-26 08:00:00,2589,1603.0,3300.0,2176.0,2689.0053980625526,2641.288552395084
2019-10-26 09:00:00,3776,2589.0,3619.0,3429.0,3473.758622000918,3507.114873461666
2019-10-26 10:00:00,3873,3776.0,3679.0,3619.0,4064.6851954316785,3888.8772404237434
2019-10-26 11:00:00,3912,3873.0,3310.0,3434.0,3619.3922957187715,3687.5897540312476
2019-10-26 12:00:00,3593,3912.0,3387.0,3271.0,3449.286342676398,3576.016231338683
2019-10-26 13:00:00,3412,3593.0,3238.0,3143.0,3239.0334040512953,3353.1048509648017
2019-10-26 14:00:00,3139,3412.0,2908.0,2810.0,3052.3133712843864,3050.6953639093945
2019-10-26 15:00:00,3120,3139.0,2945.0,2741.0,2916.995381443243,2884.0623088116095
2019-10-26 16:00:00,2670,3120.0,2869.0,2792.0,2932.3165438288297,2874.123910853756
2019-10-26 17:00:00,2818,2670.0,2882.0,2755.0,2734.1662516733873,2687.55959217677
2019-10-26 18:00:00,2875,2818.0,3105.0,2798.0,2966.62527403212,2910.09239192535
2019-10-26 19:00:00,2829,2875.0,2949.0,2560.0,2769.273840466076,2770.404538684526
2019-10-26 20:00:00,2237,2829.0,2594.0,2349.0,2495.35740037388,2476.955177695439
2019-10-26 21:00:00,1872,2237.0,2181.0,1844.0,2033.491348394462,1828.756817502366
2019-10-26 22:00:00,1644,1872.0,1723.0,1661.0,1768.1942079776982,1710.5891722213835
2019-10-26 23:00:00,2220,1644.0,1897.0,1518.0,1671.0198622533926,1639.258295542052
2019-10-27 00:00:00,1605,2220.0,1823.0,1937.0,1964.3653995010022,1800.37493493635
2019-10-27 01:00:00,1043,1605.0,1142.0,1254.0,1138.7466760375073,1101.543396178394
2019-10-27 02:00:00,1095,1043.0,685.0,729.0,787.7123261779136,856.5875596357109
2019-10-27 03:00:00,776,1095.0,1017.0,1134.0,1055.797139026783,1018.0747655845948
2019-10-27 04:00:00,190,776.0,1044.0,1004.0,861.6452613515346,784.0658981879455
2019-10-27 05:00:00,552,190.0,1071.0,295.0,513.6483625661147,663.6709046376504
2019-10-27 06:00:00,935,552.0,562.0,406.0,969.054917863551,719.0468750862665
2019-10-27 07:00:00,1694,935.0,1603.0,1288.0,1576.993788715241,1416.9428807476338
2019-10-27 08:00:00,2466,1694.0,2589.0,1895.0,2267.1320426460024,2369.5837798822545
2019-10-27 09:00:00,3443,2466.0,3776.0,2871.0,3103.0262739845048,3425.7890270879016
2019-10-27 10:00:00,3564,3443.0,3873.0,3492.0,3756.4537877602493,3714.804265442891
2019-10-27 11:00:00,3461,3564.0,3912.0,3311.0,3468.3998062443097,3474.6330789668054
2019-10-27 12:00:00,3326,3461.0,3593.0,3323.0,3156.925241976324,3290.5268898844674
2019-10-27 13:00:00,3274,3326.0,3412.0,3092.0,3021.173193951859,3113.45175508316
2019-10-27 14:00:00,2940,3274.0,3139.0,2870.0,2897.2126740961216,2930.9646063516016
2019-10-27 15:00:00,2418,2940.0,3120.0,2580.0,2648.6302081629547,2654.425627226684
2019-10-27 16:00:00,2489,2418.0,2670.0,2309.0,2265.5350362736003,2270.959229256533
2019-10-27 17:00:00,2733,2489.0,2818.0,2514.0,2424.922606398965,2568.7767118741244
2019-10-27 18:00:00,3146,2733.0,2875.0,2664.0,2677.153582404252,2863.473641349176
2019-10-27 19:00:00,2823,3146.0,2829.0,2828.0,2915.067990885538,2980.6235685094234
2019-10-27 20:00:00,2573,2823.0,2237.0,2446.0,2303.5921301347425,2567.5273069900736
2019-10-27 21:00:00,1837,2573.0,1872.0,1945.0,1997.2083441622974,2066.770013490223
2019-10-27 22:00:00,1694,1837.0,1644.0,1896.0,1599.828919121646,1739.2951997070247
2019-10-27 23:00:00,1477,1694.0,2220.0,1996.0,1720.2233408756401,1820.8554886968052
2019-10-28 00:00:00,1270,1477.0,1605.0,876.0,1055.4595247335099,1119.0801692068164
2019-10-28 01:00:00,1051,1270.0,1043.0,889.0,900.7096965353303,880.3438090912764
2019-10-28 02:00:00,288,1051.0,1095.0,905.0,850.2667090574344,724.6635171069915
2019-10-28 03:00:00,383,288.0,776.0,946.0,567.7265147469743,725.2441542815072
2019-10-28 04:00:00,591,383.0,190.0,880.0,637.4381683554616,767.0607040827962
2019-10-28 05:00:00,1197,591.0,552.0,651.0,758.757509349467,789.8483390629466
2019-10-28 06:00:00,2384,1197.0,935.0,1570.0,1698.3791094291528,1771.2627370493915
2019-10-28 07:00:00,3615,2384.0,1694.0,2518.0,2780.9115292359947,3134.2395278418053
2019-10-28 08:00:00,3417,3615.0,2466.0,2732.0,3539.2378483896127,3480.5776121933623
2019-10-28 09:00:00,3273,3417.0,3443.0,3179.0,3272.3148734059437,3278.169720229942
2019-10-28 10:00:00,3002,3273.0,3564.0,2882.0,3135.0833258566477,3005.5107450187525
2019-10-28 11:00:00,2827,3002.0,3461.0,2917.0,3019.237058233234,2928.3064126312793
2019-10-28 12:00:00,2558,2827.0,3326.0,2619.0,2865.5923802206835,2783.7441279016853
2019-10-28 13:00:00,2625,2558.0,3274.0,2988.0,2851.131685673381,2687.2627304872008
2019-10-28 14:00:00,2463,2625.0,2940.0,2628.0,2770.3344576686245,2630.6541605213342
2019-10-28 15:00:00,2480,2463.0,2418.0,2534.0,2507.5998481656866,2440.764988108067
2019-10-28 16:00:00,2455,2480.0,2489.0,2410.0,2568.617461591373,2452.411423752706
2019-10-28 17:00:00,2640,2455.0,2733.0,2704.0,2527.2939122302864,2556.5744253500534
2019-10-28 18:00:00,2758,2640.0,3146.0,2711.0,2828.563646652765,2799.145163549316
2019-10-28 19:00:00,2885,2758.0,2823.0,3002.0,2829.8337854359816,2898.4944609060462
2019-10-28 20:00:00,2530,2885.0,2573.0,2477.0,2634.088223731045,2602.716271481604
2019-10-28 21:00:00,2108,2530.0,1837.0,2087.0,2119.195542301575,2080.965171044372
2019-10-28 22:00:00,1877,2108.0,1694.0,2179.0,1934.1504449292397,1886.248425282944
2019-10-28 23:00:00,1738,1877.0,1477.0,1952.0,1742.711564862802,1684.9555233828378
2019-10-29 00:00:00,1535,1738.0,1270.0,1637.0,1322.5929236162501,1461.8336772941775
2019-10-29 01:00:00,931,1535.0,1051.0,733.0,965.2786971916746,927.7003832264722
2019-10-29 02:00:00,437,931.0,288.0,914.0,662.1556856490643,588.4336109876863
2019-10-29 03:00:00,916,437.0,383.0,1042.0,612.1748082145059,699.0449782941862
2019-10-29 04:00:00,1060,916.0,591.0,1055.0,1062.918245493445,984.7255280433895
2019-10-29 05:00:00,1544,1060.0,1197.0,1171.0,1175.5093279715306,1181.1722198045627
2019-10-29 06:00:00,2332,1544.0,2384.0,1486.0,1947.9634631986319,2045.9860605117528
2019-10-29 07:00:00,3625,2332.0,3615.0,2459.0,2889.912392950543,3097.1005043356827
2019-10-29 08:00:00,3360,3625.0,3417.0,2969.0,3663.4916956308325,3493.6511617965375
2019-10-29 09:00:00,3470,3360.0,3273.0,3401.0,3171.2727973153123,3275.310803982662
2019-10-29 10:00:00,3109,3470.0,3002.0,3191.0,3137.402386299056,3190.673596365359
2019-10-29 11:00:00,3021,3109.0,2827.0,3021.0,2875.4557539598786,2935.9158801454905
2019-10-29 12:00:00,2848,3021.0,2558.0,2908.0,2828.1514986027532,2882.1622251056497
2019-10-29 13:00:00,2905,2848.0,2625.0,2885.0,2747.129190851946,2748.290374451288
2019-10-29 14:00:00,2774,2905.0,2463.0,2485.0,2679.076751254644,2701.347639259779
2019-10-29 15:00:00,2637,2774.0,2480.0,2537.0,2606.018574044498,2629.6781850426028
2019-10-29 16:00:00,2622,2637.0,2455.0,2478.0,2591.082720690007,2535.1696960811964
2019-10-29 17:00:00,2678,2622.0,2640.0,2653.0,2616.3570488532537,2721.771629253899
2019-10-29 18:00:00,3045,2678.0,2758.0,2782.0,2657.24153574198,2841.890877295498
2019-10-29 19:00:00,2911,3045.0,2885.0,3055.0,3041.2900794359357,3079.200029066124
2019-10-29 20:00:00,2715,2911.0,2530.0,2648.0,2595.4522176550686,2662.9689192609203
2019-10-29 21:00:00,2223,2715.0,2108.0,2278.0,2281.5303638385817,2217.5246902174813
2019-10-29 22:00:00,2053,2223.0,1877.0,2162.0,1964.6452123230974,1991.3902043662042
2019-10-29 23:00:00,1659,2053.0,1738.0,2244.0,1925.970136455192,1927.1949429595315
2019-10-30 00:00:00,1515,1659.0,1535.0,1333.0,1251.1096214373665,1454.9912520563119
2019-10-30 01:00:00,1268,1515.0,931.0,785.0,984.0999618328167,975.4234982475343
2019-10-30 02:00:00,757,1268.0,437.0,1207.0,924.6197491892015,730.1033982548646
2019-10-30 03:00:00,685,757.0,916.0,1023.0,802.5962030606249,817.4717577314959
2019-10-30 04:00:00,1173,685.0,1060.0,1143.0,900.9492863922062,1009.595335307558
2019-10-30 05:00:00,1645,1173.0,1544.0,1066.0,1333.6233804615306,1483.2030758787382
2019-10-30 06:00:00,2383,1645.0,2332.0,1687.0,2055.9972810928252,2190.4987212735055
2019-10-30 07:00:00,3416,2383.0,3625.0,2590.0,2915.703137665022,3241.3966465872386
2019-10-30 08:00:00,3329,3416.0,3360.0,2966.0,3488.1214305114063,3470.9325226820515
2019-10-30 09:00:00,3144,3329.0,3470.0,3328.0,3274.351140158736,3191.1201408264715
2019-10-30 10:00:00,2691,3144.0,3109.0,3369.0,3065.9346042315487,2974.8321258425012
2019-10-30 11:00:00,2672,2691.0,3021.0,2952.0,2809.4751781318505,2775.8527087494995
2019-10-30 12:00:00,2607,2672.0,2848.0,2839.0,2798.6028114503047,2711.249750961162
2019-10-30 13:00:00,2502,2607.0,2905.0,2857.0,2735.882652034114,2663.9875321147133
2019-10-30 14:00:00,2734,2502.0,2774.0,2604.0,2611.7881774473763,2561.477374703465
2019-10-30 15:00:00,2660,2734.0,2637.0,2704.0,2806.6019788608883,2578.7122628979077
2019-10-30 16:00:00,2639,2660.0,2622.0,2607.0,2643.4642230131867,2572.953746555686
2019-10-30 17:00:00,2786,2639.0,2678.0,2777.0,2638.6452272037536,2739.537349376175
2019-10-30 18:00:00,3117,2786.0,3045.0,2938.0,2886.7193613552236,2944.129076502452
2019-10-30 19:00:00,3042,3117.0,2911.0,3074.0,3064.773350337604,3108.4080268019884
2019-10-30 20:00:00,2814,3042.0,2715.0,2664.0,2693.744619980511,2798.4144468822774
2019-10-30 21:00:00,2351,2814.0,2223.0,2219.0,2307.85154000625,2265.6603386038846
2019-10-30 22:00:00,2067,2351.0,2053.0,1892.0,1973.2018035790252,2060.5379817631165
2019-10-30 23:00:00,1613,2067.0,1659.0,2176.0,1866.8836864669993,1866.1857085322863
2019-10-31 00:00:00,1605,1613.0,1515.0,1569.0,1233.6398312616693,1421.6293542119188
2019-10-31 01:00:00,1153,1605.0,1268.0,700.0,1032.588461839944,1182.1228658008658
2019-10-31 02:00:00,555,1153.0,757.0,911.0,800.2927976726326,581.7642233132821
2019-10-31 03:00:00,477,555.0,685.0,1050.0,628.9719050181054,787.0374290776853
2019-10-31 04:00:00,1177,477.0,1173.0,1129.0,797.0790131592489,1096.6200161981992
2019-10-31 05:00:00,1585,1177.0,1645.0,1164.0,1412.923144743485,1502.6501071428572
2019-10-31 06:00:00,2397,1585.0,2383.0,1549.0,1974.0694887486452,2247.7639947104094
2019-10-31 07:00:00,3646,2397.0,3416.0,2323.0,2818.9294282551245,3091.1065272812575
2019-10-31 08:00:00,3539,3646.0,3329.0,3025.0,3629.3229285054813,3515.9813540100254
2019-10-31 09:00:00,3175,3539.0,3144.0,3133.0,3192.6888364641686,3366.6211236967943
2019-10-31 10:00:00,2924,3175.0,2691.0,3154.0,2885.0029697410346,2969.1998876212688
2019-10-31 11:00:00,2675,2924.0,2672.0,3247.0,2903.062574911762,2799.350451528985
2019-10-31 12:00:00,2490,2675.0,2607.0,2959.0,2715.689635911939,2680.822434804574
2019-10-31 13:00:00,2509,2490.0,2502.0,2756.0,2606.4854912613628,2512.5244703594576
2019-10-31 14:00:00,2507,2509.0,2734.0,2786.0,2679.9895295871174,2576.7301045925137
2019-10-31 15:00:00,2608,2507.0,2660.0,2603.0,2511.8025773767727,2551.8656327401272
2019-10-31 16:00:00,2538,2608.0,2639.0,2617.0,2693.912739690511,2562.1755960812907
2019-10-31 17:00:00,2740,2538.0,2786.0,2481.0,2548.565122215242,2695.7495841284453
2019-10-31 18:00:00,2713,2740.0,3117.0,2854.0,2863.2150647195185,2917.2732433535625
2019-10-31 19:00:00,2503,2713.0,3042.0,3113.0,2772.8196734042576,2875.6452496535617
2019-10-31 20:00:00,2401,2503.0,2814.0,2799.0,2466.4719935099024,2486.1660087963355
2019-10-31 21:00:00,1987,2401.0,2351.0,2261.0,2172.4532825261167,2160.4004016952267
2019-10-31 22:00:00,1944,1987.0,2067.0,2056.0,1839.4139005908503,1894.2823962332152
2019-10-31 23:00:00,2108,1944.0,1613.0,2007.0,1761.8669398760308,1820.2521613661077
2019-11-01 00:00:00,1352,2108.0,1605.0,1797.0,1596.2924661682255,1632.0548142827313
2019-11-01 01:00:00,942,1352.0,1153.0,1135.0,960.2270813416046,988.1606447055483
2019-11-01 02:00:00,1159,942.0,555.0,679.0,675.3192982475259,745.3513962686426
2019-11-01 03:00:00,993,1159.0,477.0,1089.0,983.0779657938863,951.6836060734937
2019-11-01 04:00:00,853,993.0,1177.0,1151.0,1000.8787792332603,1068.3195752313786
2019-11-01 05:00:00,245,853.0,1585.0,1010.0,1032.9158903704522,1103.6867305749133
2019-11-01 06:00:00,908,245.0,2397.0,1714.0,1386.9028716233174,1717.8436193974164
2019-11-01 07:00:00,1599,908.0,3646.0,2561.0,2389.0519565780874,1953.1411926406927
2019-11-01 08:00:00,2501,1599.0,3539.0,3300.0,2823.6251029267523,2700.013857142857
2019-11-01 09:00:00,3555,2501.0,3175.0,3619.0,3298.191519397609,3320.1100940954343
2019-11-01 10:00:00,3886,3555.0,2924.0,3679.0,3762.6170063710497,3754.7511962378762
2019-11-01 11:00:00,3874,3886.0,2675.0,3310.0,3522.312384061295,3598.579992673992
2019-11-01 12:00:00,3654,3874.0,2490.0,3387.0,3315.06755557372,3527.645584357955
2019-11-01 13:00:00,3379,3654.0,2509.0,3238.0,3148.74378018702,3337.8984153762594
2019-11-01 14:00:00,2757,3379.0,2507.0,2908.0,2959.2686642039007,3017.5389535877603
2019-11-01 15:00:00,2622,2757.0,2608.0,2945.0,2677.4733837168046,2573.077972621074
2019-11-01 16:00:00,2388,2622.0,2538.0,2869.0,2685.913008263541,2526.895128861536
2019-11-01 17:00:00,2545,2388.0,2740.0,2882.0,2603.410266131911,2514.2222963600916
2019-11-01 18:00:00,2623,2545.0,2713.0,3105.0,2821.169105528297,2756.7354587126824
2019-11-01 19:00:00,2438,2623.0,2503.0,2949.0,2699.940113393439,2677.5153381044893
2019-11-01 20:00:00,2021,2438.0,2401.0,2594.0,2396.74312921703,2246.0070874848175
2019-11-01 21:00:00,1877,2021.0,1987.0,2181.0,2030.1086727174816,1867.8724406577833
2019-11-01 22:00:00,2070,1877.0,1944.0,1723.0,1855.3769379435498,1820.9617994852815
2019-11-01 23:00:00,1609,2070.0,2108.0,1897.0,2036.5644435982297,1858.0849620152906
2019-11-02 00:00:00,1066,1609.0,1352.0,1823.0,1290.301800953877,1316.3361485927705
2019-11-02 01:00:00,1196,1066.0,942.0,1142.0,873.7632124102408,961.6976903153903
2019-11-02 02:00:00,941,1196.0,1159.0,685.0,935.1962217770363,894.3122348460944
2019-11-02 03:00:00,860,941.0,993.0,1017.0,839.484844887191,795.2194622560683
2019-11-02 04:00:00,376,860.0,853.0,1044.0,862.9356195761534,723.483456838752
2019-11-02 05:00:00,377,376.0,245.0,1071.0,646.3455369115818,675.1205699454227
2019-11-02 06:00:00,1064,377.0,908.0,562.0,894.1375901125089,697.8301270308689
2019-11-02 07:00:00,1611,1064.0,1599.0,1603.0,1810.4352520731572,1572.0290539592168
2019-11-02 08:00:00,2762,1611.0,2501.0,2589.0,2437.6240224524577,2557.437933376713
2019-11-02 09:00:00,3662,2762.0,3555.0,3776.0,3583.0815452512034,3656.3767028400184
2019-11-02 10:00:00,3848,3662.0,3886.0,3873.0,4006.191825918102,3870.954923761283
2019-11-02 11:00:00,3396,3848.0,3874.0,3912.0,3835.8023515073646,3619.3966788005864
2019-11-02 12:00:00,3204,3396.0,3654.0,3593.0,3278.230614973758,3277.2837737308105
2019-11-02 13:00:00,2843,3204.0,3379.0,3412.0,3148.9233561885353,3022.311929379652
2019-11-02 14:00:00,2759,2843.0,2757.0,3139.0,2797.781737506331,2735.5851757386686
2019-11-02 15:00:00,2639,2759.0,2622.0,3120.0,2750.33392570966,2627.131741742947
2019-11-02 16:00:00,2585,2639.0,2388.0,2670.0,2527.781906115587,2545.050644447645
2019-11-02 17:00:00,2565,2585.0,2545.0,2818.0,2527.3120367008405,2628.0756131812777
2019-11-02 18:00:00,2726,2565.0,2623.0,2875.0,2549.0348966365073,2644.002975709462
2019-11-02 19:00:00,2389,2726.0,2438.0,2829.0,2613.6950425635464,2629.324885725769
2019-11-02 20:00:00,2125,2389.0,2021.0,2237.0,2113.5293887696025,2056.7876508840113
2019-11-02 21:00:00,1751,2125.0,1877.0,1872.0,1878.1188272951372,1767.6127370308752
2019-11-02 22:00:00,2013,1751.0,2070.0,1644.0,1661.849880704791,1694.4555832959918
2019-11-02 23:00:00,1753,2013.0,1609.0,2220.0,1931.0671434225285,1792.8462820200853
2019-11-03 00:00:00,1226,1753.0,1066.0,1605.0,1192.190809435923,1159.5752059848458
2019-11-03 01:00:00,1302,1226.0,1196.0,1043.0,879.4593683486867,970.2943372571979
2019-11-03 02:00:00,1174,1302.0,941.0,1095.0,962.3347364126389,996.2245181859282
2019-11-03 03:00:00,938,1174.0,860.0,776.0,746.616783690054,837.9505869108065
2019-11-03 04:00:00,578,938.0,376.0,190.0,524.4034559570484,564.9920400456396
2019-11-03 05:00:00,666,578.0,377.0,552.0,550.6067654564367,511.3097399621329
2019-11-03 06:00:00,833,666.0,1064.0,935.0,1111.3379826575235,878.7175322801705
2019-11-03 07:00:00,1424,833.0,1611.0,1694.0,1532.5047656814074,1443.0174434663202
2019-11-03 08:00:00,2057,1424.0,2762.0,2466.0,2368.0496587918615,2426.0940231321347
2019-11-03 09:00:00,3385,2057.0,3662.0,3443.0,3035.8528404570275,3235.2834377524664
2019-11-03 10:00:00,3707,3385.0,3848.0,3564.0,3879.90042679804,3818.5108980371488
2019-11-03 11:00:00,3610,3707.0,3396.0,3461.0,3569.894997677598,3624.3843277850324
2019-11-03 12:00:00,3419,3610.0,3204.0,3326.0,3216.388287081302,3364.682134392559
2019-11-03 13:00:00,3233,3419.0,2843.0,3274.0,3049.7316810192638,3211.8490734666534
2019-11-03 14:00:00,2893,3233.0,2759.0,2940.0,2900.1822020777263,2913.0693071858573
2019-11-03 15:00:00,2685,2893.0,2639.0,2418.0,2601.342628326429,2585.7266710074
2019-11-03 16:00:00,2439,2685.0,2585.0,2489.0,2575.4372204218766,2506.1618481477726
2019-11-03 17:00:00,2831,2439.0,2565.0,2733.0,2478.992558507061,2480.996600253043
2019-11-03 18:00:00,2783,2831.0,2726.0,3146.0,2976.4988711709448,2922.683778744947
2019-11-03 19:00:00,2977,2783.0,2389.0,2823.0,2630.0668931447453,2803.868964556116
2019-11-03 20:00:00,2522,2977.0,2125.0,2573.0,2590.622641235049,2637.0026569190177
2019-11-03 21:00:00,1933,2522.0,1751.0,1837.0,1992.1791910271504,1991.2549670620067
2019-11-03 22:00:00,1885,1933.0,2013.0,1694.0,1743.8877175810035,1717.352788643447
2019-11-03 23:00:00,1967,1885.0,1753.0,1477.0,1693.169997748251,1649.3387566501024
2019-11-04 00:00:00,1546,1967.0,1226.0,1270.0,1386.6858563383207,1272.8495796536797
2019-11-04 01:00:00,744,1546.0,1302.0,1051.0,1146.3493743926106,1059.3811366523917
2019-11-04 02:00:00,905,744.0,1174.0,288.0,628.2690962815198,735.4545056291747
2019-11-04 03:00:00,1035,905.0,938.0,383.0,858.5159413292911,804.2161458333333
2019-11-04 04:00:00,1103,1035.0,578.0,591.0,907.0613423251566,860.0545923877696
2019-11-04 05:00:00,930,1103.0,666.0,1197.0,1092.007054654266,1001.1010937087135
2019-11-04 06:00:00,2158,930.0,833.0,2384.0,1553.014931541899,1725.39854675884
2019-11-04 07:00:00,3437,2158.0,1424.0,3615.0,2990.387842362246,3319.268155502392
2019-11-04 08:00:00,3423,3437.0,2057.0,3417.0,3586.772750047521,3551.2698238551275
2019-11-04 09:00:00,3176,3423.0,3385.0,3273.0,3356.561872459783,3282.249447660689
2019-11-04 10:00:00,2993,3176.0,3707.0,3002.0,3147.4102834773917,2988.9604818655102
2019-11-04 11:00:00,2681,2993.0,3610.0,2827.0,3058.817787654891,2899.6263930793184
2019-11-04 12:00:00,2660,2681.0,3419.0,2558.0,2781.4856470019276,2711.3900497347345
2019-11-04 13:00:00,2523,2660.0,3233.0,2625.0,2808.374637399479,2663.4892451977184
2019-11-04 14:00:00,2463,2523.0,2893.0,2463.0,2597.301960254133,2540.4825842979035
2019-11-04 15:00:00,2493,2463.0,2685.0,2480.0,2541.146209901626,2465.1585836864383
2019-11-04 16:00:00,2585,2493.0,2439.0,2455.0,2495.48265974457,2457.7957734418897
2019-11-04 17:00:00,2546,2585.0,2831.0,2640.0,2613.8197560313256,2699.5108467817777
2019-11-04 18:00:00,2815,2546.0,2783.0,2758.0,2607.2809550088314,2724.07878963991
2019-11-04 19:00:00,2844,2815.0,2977.0,2885.0,2865.434096643932,2885.774919013131
2019-11-04 20:00:00,2662,2844.0,2522.0,2530.0,2567.701555428624,2615.1421941129206
2019-11-04 21:00:00,2187,2662.0,1933.0,2108.0,2167.1226047191476,2139.313548280009
2019-11-04 22:00:00,2166,2187.0,1885.0,1877.0,1882.3811178955607,1925.8399030319495
2019-11-04 23:00:00,2255,2166.0,1967.0,1738.0,1892.4736914713346,1942.820120845129
2019-11-05 00:00:00,1382,2255.0,1546.0,1535.0,1519.48512906376,1431.0019444444445
2019-11-05 01:00:00,723,1382.0,744.0,931.0,854.2315011820292,787.7239016836919
2019-11-05 02:00:00,894,723.0,905.0,437.0,582.4429270942701,858.0360264550263
2019-11-05 03:00:00,988,894.0,1035.0,916.0,920.010089832457,969.0863354137734
2019-11-05 04:00:00,1090,988.0,1103.0,1060.0,981.0999833144649,1054.6935662666556
2019-11-05 05:00:00,924,1090.0,930.0,1544.0,1159.061209065125,1109.9727142517686
2019-11-05 06:00:00,2109,924.0,2158.0,2332.0,1674.5365211122044,2122.6935213185893
2019-11-05 07:00:00,3268,2109.0,3437.0,3625.0,3250.061125730944,3289.089085061168
2019-11-05 08:00:00,3279,3268.0,3423.0,3360.0,3694.3968061381147,3346.8784807528505
2019-11-05 09:00:00,3200,3279.0,3176.0,3470.0,3253.003541381969,3252.453228274874
2019-11-05 10:00:00,3093,3200.0,2993.0,3109.0,2910.050500190021,3016.499685886692
2019-11-05 11:00:00,2786,3093.0,2681.0,3021.0,2869.555371633696,2896.0699558232577
2019-11-05 12:00:00,2871,2786.0,2660.0,2848.0,2696.880047262891,2727.099622054004
2019-11-05 13:00:00,2666,2871.0,2523.0,2905.0,2801.774018025646,2766.73107093253
2019-11-05 14:00:00,2581,2666.0,2463.0,2774.0,2628.688853263644,2603.7259991760698
2019-11-05 15:00:00,2509,2581.0,2493.0,2637.0,2577.521904192263,2490.911846629689
2019-11-05 16:00:00,2536,2509.0,2585.0,2622.0,2575.8388032431703,2484.896314239766
2019-11-05 17:00:00,2801,2536.0,2546.0,2678.0,2533.0852203436853,2629.2614550517083
2019-11-05 18:00:00,3019,2801.0,2815.0,3045.0,2920.2197468564486,2923.7694373281747
2019-11-05 19:00:00,3315,3019.0,2844.0,2911.0,2916.7971446685115,3003.8327115238935
2019-11-05 20:00:00,2848,3315.0,2662.0,2715.0,2929.5657158077966,2809.654932348517
2019-11-05 21:00:00,2407,2848.0,2187.0,2223.0,2291.6351271573544,2320.7971808408975
2019-11-05 22:00:00,2092,2407.0,2166.0,2053.0,2070.0315590122227,2123.440241106067
2019-11-05 23:00:00,2001,2092.0,2255.0,1659.0,1848.253017850645,1932.3792785519313
2019-11-06 00:00:00,1751,2001.0,1382.0,1515.0,1426.554065042919,1441.514661470793
2019-11-06 01:00:00,1014,1751.0,723.0,1268.0,1155.0007704761472,1036.0212323671497
2019-11-06 02:00:00,662,1014.0,894.0,757.0,786.2003448819532,801.7963893338818
2019-11-06 03:00:00,841,662.0,988.0,685.0,729.0300328348965,858.789186925316
2019-11-06 04:00:00,1228,841.0,1090.0,1173.0,1044.3540265010422,1073.1696934344418
2019-11-06 05:00:00,1477,1228.0,924.0,1645.0,1420.7151822584542,1293.1974505494507
2019-11-06 06:00:00,2372,1477.0,2109.0,2383.0,2085.48469828932,2196.1849454571798
2019-11-06 07:00:00,3314,2372.0,3268.0,3416.0,3133.1492803279975,3299.595619826975
2019-11-06 08:00:00,3271,3314.0,3279.0,3329.0,3514.236398071247,3434.5942907752114
2019-11-06 09:00:00,3013,3271.0,3200.0,3144.0,3204.027512511059,3179.330465237961
2019-11-06 10:00:00,2916,3013.0,3093.0,2691.0,2830.605921657021,2894.697298573226
2019-11-06 11:00:00,2577,2916.0,2786.0,2672.0,2813.9344537665875,2777.4917061551882
2019-11-06 12:00:00,2513,2577.0,2871.0,2607.0,2623.466929530951,2680.4229317723484
2019-11-06 13:00:00,2489,2513.0,2666.0,2502.0,2587.73459189504,2535.1200374770046
2019-11-06 14:00:00,2556,2489.0,2581.0,2734.0,2581.8416897627635,2503.002115298356
2019-11-06 15:00:00,2750,2556.0,2509.0,2660.0,2546.2156416832113,2522.487771732149
2019-11-06 16:00:00,2737,2750.0,2536.0,2639.0,2687.282373023307,2612.698613746695
2019-11-06 17:00:00,2930,2737.0,2801.0,2786.0,2717.623165889584,2814.0080089041126
2019-11-06 18:00:00,3088,2930.0,3019.0,3117.0,2990.4426172433245,2998.7232056602406
2019-11-06 19:00:00,3083,3088.0,3315.0,3042.0,3040.067145457074,3091.50615007215
2019-11-06 20:00:00,2934,3083.0,2848.0,2814.0,2740.5928142455973,2869.1135544615886
2019-11-06 21:00:00,2355,2934.0,2407.0,2351.0,2397.475603346564,2446.7457240850063
2019-11-06 22:00:00,2065,2355.0,2092.0,2067.0,1995.1583750176721,2082.958706652131
2019-11-06 23:00:00,1751,2065.0,2001.0,1613.0,1771.4811665664233,1889.2504171949422
2019-11-07 00:00:00,1482,1751.0,1751.0,1605.0,1361.7084496627206,1679.1001723373954
2019-11-07 01:00:00,1246,1482.0,1014.0,1153.0,1036.598840017614,1087.3668143566656
2019-11-07 02:00:00,504,1246.0,662.0,555.0,757.1234732155565,848.1181529649402
2019-11-07 03:00:00,721,504.0,841.0,477.0,509.2389283896366,804.9238061432985
2019-11-07 04:00:00,895,721.0,1228.0,1177.0,1010.6239586674963,1173.5208749779788
2019-11-07 05:00:00,1200,895.0,1477.0,1585.0,1241.3152844239287,1277.4121509554677
2019-11-07 06:00:00,2153,1200.0,2372.0,2397.0,2008.0987513922837,2208.542231865092
2019-11-07 07:00:00,3336,2153.0,3314.0,3646.0,3163.5083441391794,3341.0526954453376
2019-11-07 08:00:00,3289,3336.0,3271.0,3539.0,3729.305762678925,3433.6798357318935
2019-11-07 09:00:00,3028,3289.0,3013.0,3175.0,3203.0989811392537,3187.11534732759
2019-11-07 10:00:00,2753,3028.0,2916.0,2924.0,2858.954711108743,2871.4503925787694
2019-11-07 11:00:00,2850,2753.0,2577.0,2675.0,2697.962899696416,2687.2202555997924
2019-11-07 12:00:00,2616,2850.0,2513.0,2490.0,2724.190501867139,2712.6335899629125
2019-11-07 13:00:00,2551,2616.0,2489.0,2509.0,2560.520674696015,2550.250121338102
2019-11-07 14:00:00,2661,2551.0,2556.0,2507.0,2578.114671336108,2517.57104724754
2019-11-07 15:00:00,2652,2661.0,2750.0,2608.0,2741.741518404887,2599.2970692363347
2019-11-07 16:00:00,2400,2652.0,2737.0,2538.0,2657.1492410240885,2578.8571285816415
2019-11-07 17:00:00,2807,2400.0,2930.0,2740.0,2571.7679090453926,2516.843397330528
2019-11-07 18:00:00,2874,2807.0,3088.0,2713.0,2966.006333838192,2904.160314462617
2019-11-07 19:00:00,2925,2874.0,3083.0,2503.0,2766.8471733304377,2873.3497631042164
2019-11-07 20:00:00,2673,2925.0,2934.0,2401.0,2595.12919283671,2695.8751848731827
2019-11-07 21:00:00,2166,2673.0,2355.0,1987.0,2199.091185200447,2220.577475250481
2019-11-07 22:00:00,1991,2166.0,2065.0,1944.0,1904.1861655870177,1996.1354921138484
2019-11-07 23:00:00,1752,1991.0,1751.0,2108.0,1853.6630566107006,1860.177533618217
2019-11-08 00:00:00,1675,1752.0,1482.0,1352.0,1278.4434148836458,1442.5136283944819
2019-11-08 01:00:00,1139,1675.0,1246.0,942.0,1120.083460400094,1179.690185085935
2019-11-08 02:00:00,519,1139.0,504.0,1159.0,848.5251620297188,616.1056458627255
2019-11-08 03:00:00,869,519.0,721.0,993.0,660.603342967785,727.0145475782022
2019-11-08 04:00:00,986,869.0,895.0,853.0,975.8847857751182,991.6734281126483
2019-11-08 05:00:00,1513,986.0,1200.0,245.0,890.0735936208848,1026.1138199810944
2019-11-08 06:00:00,1964,1513.0,2153.0,908.0,1775.174276408257,1991.7928291012054
2019-11-08 07:00:00,3242,1964.0,3336.0,1599.0,2367.215614402933,2598.6083467284348
2019-11-08 08:00:00,3539,3242.0,3289.0,2501.0,3365.6783277459076,3413.374201048203
2019-11-08 09:00:00,3428,3539.0,3028.0,3555.0,3450.2138792205146,3527.0096662464985
2019-11-08 10:00:00,3215,3428.0,2753.0,3886.0,3258.1706583773907,3211.2312632104668
2019-11-08 11:00:00,3014,3215.0,2850.0,3874.0,3220.81862881259,3110.278553173632
2019-11-08 12:00:00,2906,3014.0,2616.0,3654.0,3086.439825802893,2902.911329502729
2019-11-08 13:00:00,2937,2906.0,2551.0,3379.0,2991.691290957245,2835.3947585467245
2019-11-08 14:00:00,2701,2937.0,2661.0,2757.0,2854.763951584319,2803.3890718011658
2019-11-08 15:00:00,2622,2701.0,2652.0,2622.0,2673.1676210904043,2593.7442322929983
2019-11-08 16:00:00,2941,2622.0,2400.0,2388.0,2573.4812207910927,2496.0652281087405
2019-11-08 17:00:00,3170,2941.0,2807.0,2545.0,2897.4850497196453,2847.7340042733663
2019-11-08 18:00:00,3403,3170.0,2874.0,2623.0,3027.264150934797,2945.398417442455
2019-11-08 19:00:00,2735,3403.0,2925.0,2438.0,3022.6206239311714,3078.615949883689
2019-11-08 20:00:00,2417,2735.0,2673.0,2021.0,2355.6463368098434,2386.3213925723403
2019-11-08 21:00:00,1459,2417.0,2166.0,1877.0,2126.8461886263053,2006.8286856234374
2019-11-08 22:00:00,1628,1459.0,1991.0,2070.0,1700.6105667910251,1887.121451780154
2019-11-08 23:00:00,1602,1628.0,1752.0,1609.0,1769.1613064178684,1737.3284881550844
2019-11-09 00:00:00,1899,1602.0,1675.0,1066.0,1196.9171128794098,1187.0140386795745
2019-11-09 01:00:00,1301,1899.0,1139.0,1196.0,1360.1739491094938,1201.3603688939506
2019-11-09 02:00:00,518,1301.0,519.0,941.0,820.6917805270657,662.8860064288153
2019-11-09 03:00:00,897,518.0,869.0,860.0,622.4938143627849,841.7385506399208
2019-11-09 04:00:00,1032,897.0,986.0,376.0,904.5961727847082,919.1604580909284
2019-11-09 05:00:00,850,1032.0,1513.0,377.0,1001.5243282226543,908.989091498701
2019-11-09 06:00:00,619,850.0,1964.0,1064.0,1292.6053024057178,790.7555817700818
2019-11-09 07:00:00,1251,619.0,3242.0,1611.0,1652.44826032022,1560.7459140417889
2019-11-09 08:00:00,2776,1251.0,3539.0,2762.0,2466.7091788077764,2508.574261904762
2019-11-09 09:00:00,3617,2776.0,3428.0,3662.0,3674.721308049836,3759.9981549671606
2019-11-09 10:00:00,3774,3617.0,3215.0,3848.0,3810.8908753473443,3844.2656911726313
2019-11-09 11:00:00,3452,3774.0,3014.0,3396.0,3477.61151785403,3535.475305632087
2019-11-09 12:00:00,3475,3452.0,2906.0,3204.0,3071.5739403157713,3254.7235027971533
2019-11-09 13:00:00,3155,3475.0,2937.0,2843.0,3054.8980605824263,3107.5002468469115
2019-11-09 14:00:00,2994,3155.0,2701.0,2759.0,2843.465952908505,2846.469226324021
2019-11-09 15:00:00,2798,2994.0,2622.0,2639.0,2814.574776224698,2791.9042942223978
2019-11-09 16:00:00,2938,2798.0,2941.0,2585.0,2751.766146634306,2637.116914133013
2019-11-09 17:00:00,3092,2938.0,3170.0,2565.0,2842.7716566965487,2861.0337528976947
2019-11-09 18:00:00,3024,3092.0,3403.0,2726.0,3014.5976732288987,3019.3874706192055
2019-11-09 19:00:00,2531,3024.0,2735.0,2389.0,2607.862655994301,2761.2110966437704
2019-11-09 20:00:00,2219,2531.0,2417.0,2125.0,2219.559386378121,2174.179366613999
2019-11-09 21:00:00,1744,2219.0,1459.0,1751.0,1821.8527587818712,1823.1117425881782
2019-11-09 22:00:00,1424,1744.0,1628.0,2013.0,1690.0574489959474,1789.352490199545
2019-11-09 23:00:00,2111,1424.0,1602.0,1753.0,1505.4514535319881,1661.7693175023899
2019-11-10 00:00:00,1443,2111.0,1899.0,1226.0,1711.755799360485,1718.810094362746
2019-11-10 01:00:00,920,1443.0,1301.0,1302.0,1035.7712556609545,1137.3349785306611
2019-11-10 02:00:00,1183,920.0,518.0,1174.0,739.8931890980323,1005.0514600959764
2019-11-10 03:00:00,1061,1183.0,897.0,938.0,1003.6631823709411,961.2905351894053
2019-11-10 04:00:00,804,1061.0,1032.0,578.0,793.4789047967286,669.1237522340659
2019-11-10 05:00:00,98,804.0,850.0,666.0,725.5191247973664,570.3211951996344
2019-11-10 06:00:00,454,98.0,619.0,833.0,738.5422337128898,697.6424629060024
2019-11-10 07:00:00,1241,454.0,1251.0,1424.0,1313.4687267662443,1232.2948162359746
2019-11-10 08:00:00,2165,1241.0,2776.0,2057.0,2181.3661755295416,2147.1321841983627
2019-11-10 09:00:00,3437,2165.0,3617.0,3385.0,3204.3212416623055,3330.80362203219
2019-11-10 10:00:00,3778,3437.0,3774.0,3707.0,3887.16601702863,3827.6812971268087
2019-11-10 11:00:00,3591,3778.0,3452.0,3610.0,3682.3624447758393,3664.018906223372
2019-11-10 12:00:00,3441,3591.0,3475.0,3419.0,3373.962680755871,3376.0916553136285
2019-11-10 13:00:00,3131,3441.0,3155.0,3233.0,3178.2265816707413,3239.95154609341
2019-11-10 14:00:00,2984,3131.0,2994.0,2893.0,2933.202073577492,2860.3887247204893
2019-11-10 15:00:00,2562,2984.0,2798.0,2685.0,2803.9737589652723,2678.0425776506577
2019-11-10 16:00:00,2549,2562.0,2938.0,2439.0,2561.3847070223046,2451.9732775452867
2019-11-10 17:00:00,2678,2549.0,3092.0,2831.0,2692.7386173586233,2666.7527848473
2019-11-10 18:00:00,2519,2678.0,3024.0,2783.0,2695.5637725816177,2773.9288730597787
2019-11-10 19:00:00,2679,2519.0,2531.0,2977.0,2478.136173787471,2592.1578753743256
2019-11-10 20:00:00,2321,2679.0,2219.0,2522.0,2415.6281297080504,2453.011665913682
2019-11-10 21:00:00,1933,2321.0,1744.0,1933.0,1900.482887764574,1820.5406349178897
2019-11-10 22:00:00,1807,1933.0,1424.0,1885.0,1663.2162572034294,1748.7780197403958
2019-11-10 23:00:00,1349,1807.0,2111.0,1967.0,1756.5539337256469,1786.1944170545141
2019-11-11 00:00:00,1444,1349.0,1443.0,1546.0,1159.3118822464571,1225.9083454715217
2019-11-11 01:00:00,1036,1444.0,920.0,744.0,994.9211339274182,1035.1321896103896
2019-11-11 02:00:00,242,1036.0,1183.0,905.0,854.1998997351795,731.7690862210809
2019-11-11 03:00:00,545,242.0,1061.0,1035.0,633.3714798962126,776.0549867970975
2019-11-11 04:00:00,625,545.0,804.0,1103.0,923.8702545723252,734.8591756266609
2019-11-11 05:00:00,1279,625.0,98.0,930.0,787.8095346752186,845.97074466273
2019-11-11 06:00:00,2172,1279.0,454.0,2158.0,1842.170899602309,2136.2032837769902
2019-11-11 07:00:00,3446,2172.0,1241.0,3437.0,2825.495790902787,3311.3640152099742
2019-11-11 08:00:00,3349,3446.0,2165.0,3423.0,3606.7816652570573,3553.312429757506
2019-11-11 09:00:00,3216,3349.0,3437.0,3176.0,3349.9702260510276,3262.6506092007185
2019-11-11 10:00:00,3092,3216.0,3778.0,2993.0,3169.1016438173347,3021.630898323003
2019-11-11 11:00:00,2995,3092.0,3591.0,2681.0,3026.437670200821,2948.040204939516
2019-11-11 12:00:00,2767,2995.0,3441.0,2660.0,2921.993404754979,2889.545697172066
2019-11-11 13:00:00,2568,2767.0,3131.0,2523.0,2751.143184764084,2723.260795803065
2019-11-11 14:00:00,2498,2568.0,2984.0,2463.0,2620.219951048578,2568.4320462612905
2019-11-11 15:00:00,2641,2498.0,2562.0,2493.0,2549.6673320493164,2459.1752541760548
2019-11-11 16:00:00,2776,2641.0,2549.0,2585.0,2619.4386437463195,2535.0633099970128
2019-11-11 17:00:00,2903,2776.0,2678.0,2546.0,2720.4085754601147,2832.1273658086484
2019-11-11 18:00:00,2859,2903.0,2519.0,2815.0,2831.1163258156244,2922.5482099726405
2019-11-11 19:00:00,3067,2859.0,2679.0,2844.0,2717.1022565559842,2861.237056115306
2019-11-11 20:00:00,2972,3067.0,2321.0,2662.0,2740.45034447986,2721.071720200194
2019-11-11 21:00:00,2319,2972.0,1933.0,2187.0,2373.838296251443,2185.573833333333
2019-11-11 22:00:00,2072,2319.0,1807.0,2166.0,2031.4960138605911,1986.8488628356106
2019-11-11 23:00:00,2042,2072.0,1349.0,2255.0,1895.8281868091908,1783.4111079675963
2019-11-12 00:00:00,1636,2042.0,1444.0,1382.0,1405.698303857151,1475.8171853482497
2019-11-12 01:00:00,1207,1636.0,1036.0,723.0,1010.8822115019402,977.8503220798807
2019-11-12 02:00:00,566,1207.0,242.0,894.0,777.7625397824991,677.730634618322
2019-11-12 03:00:00,756,566.0,545.0,988.0,675.6685504251034,786.7808398020161
2019-11-12 04:00:00,1086,756.0,625.0,1090.0,949.7198326041632,848.3333559836434
2019-11-12 05:00:00,1203,1086.0,1279.0,924.0,1217.8020014758147,1289.1048373015876
2019-11-12 06:00:00,2088,1203.0,2172.0,2109.0,1885.0642915899143,2125.460495268748
2019-11-12 07:00:00,3177,2088.0,3446.0,3268.0,3059.8669955665036,3239.0129479291854
2019-11-12 08:00:00,3397,3177.0,3349.0,3279.0,3607.7528785723325,3277.4753743730453
2019-11-12 09:00:00,3545,3397.0,3216.0,3200.0,3315.440782442212,3363.804831583439
2019-11-12 10:00:00,3232,3545.0,3092.0,3093.0,3252.915726137528,3261.9233350319223
2019-11-12 11:00:00,2865,3232.0,2995.0,2786.0,2936.9927477417964,3015.3211198070294
2019-11-12 12:00:00,2877,2865.0,2767.0,2871.0,2763.396922233511,2793.063878861207
2019-11-12 13:00:00,2834,2877.0,2568.0,2666.0,2766.2421538753115,2783.3040265965824
2019-11-12 14:00:00,2588,2834.0,2498.0,2581.0,2598.5425590385594,2696.892156559068
2019-11-12 15:00:00,2547,2588.0,2641.0,2509.0,2589.932751217332,2513.3450976795084
2019-11-12 16:00:00,2600,2547.0,2776.0,2536.0,2627.1719425555752,2554.4728113839333
2019-11-12 17:00:00,2849,2600.0,2903.0,2801.0,2645.119364987083,2730.4765447337804
2019-11-12 18:00:00,3012,2849.0,2859.0,3019.0,2942.3682343433884,2948.9474349573047
2019-11-12 19:00:00,3079,3012.0,3067.0,3315.0,3039.9947145192127,3059.010688721296
2019-11-12 20:00:00,2971,3079.0,2972.0,2848.0,2813.601887852078,2856.528230708313
2019-11-12 21:00:00,2302,2971.0,2319.0,2407.0,2410.356968263579,2369.357612745098
2019-11-12 22:00:00,2095,2302.0,2072.0,2092.0,1981.7588644997356,2024.5171724234806
2019-11-12 23:00:00,1600,2095.0,2042.0,2001.0,1932.4626955799781,1952.5173918369367
2019-11-13 00:00:00,1451,1600.0,1636.0,1751.0,1340.215595180002,1526.8198660230128
2019-11-13 01:00:00,1288,1451.0,1207.0,1014.0,1086.875895613851,1139.5034013533445
2019-11-13 02:00:00,817,1288.0,566.0,662.0,844.1161451583437,910.4992183541096
2019-11-13 03:00:00,507,817.0,756.0,841.0,777.0831577725855,591.0566462347882
2019-11-13 04:00:00,1043,507.0,1086.0,1228.0,872.3920155952776,978.3593704587496
2019-11-13 05:00:00,1394,1043.0,1203.0,1477.0,1370.2727887478966,1441.0591049263237
2019-11-13 06:00:00,2205,1394.0,2088.0,2372.0,2088.485918144983,2190.6621712081724
2019-11-13 07:00:00,3365,2205.0,3177.0,3314.0,3018.2998905416052,3264.705695015688
2019-11-13 08:00:00,3187,3365.0,3397.0,3271.0,3644.4492419654644,3477.9986662042766
2019-11-13 09:00:00,3277,3187.0,3545.0,3013.0,3141.0283129268983,3157.9932586196596
2019-11-13 10:00:00,2956,3277.0,3232.0,2916.0,3100.1285507548473,2998.31234796736
2019-11-13 11:00:00,2832,2956.0,2865.0,2577.0,2771.524838553644,2823.7999134413817
2019-11-13 12:00:00,2698,2832.0,2877.0,2513.0,2735.2573652820865,2753.451123034637
2019-11-13 13:00:00,2657,2698.0,2834.0,2489.0,2673.6546088158666,2662.3526970460803
2019-11-13 14:00:00,2541,2657.0,2588.0,2556.0,2599.686324170905,2588.3469516232262
2019-11-13 15:00:00,2625,2541.0,2547.0,2750.0,2581.475314935424,2492.435048511616
2019-11-13 16:00:00,2612,2625.0,2600.0,2737.0,2698.966504011217,2546.3796739268105
2019-11-13 17:00:00,3081,2612.0,2849.0,2930.0,2690.9996886664653,2749.166469717115
2019-11-13 18:00:00,2966,3081.0,3012.0,3088.0,3190.660333442339,3107.6986666666676
2019-11-13 19:00:00,3086,2966.0,3079.0,3083.0,2922.011424768511,2985.264840277974
2019-11-13 20:00:00,2930,3086.0,2971.0,2934.0,2857.3594505543033,2899.9994899631756
2019-11-13 21:00:00,2122,2930.0,2302.0,2355.0,2413.6955491537556,2336.4816744835184
2019-11-13 22:00:00,1788,2122.0,2095.0,2065.0,1922.7351068239159,2005.341146432145
2019-11-13 23:00:00,1458,1788.0,1600.0,1751.0,1651.0598532877327,1701.0973990168372
2019-11-14 00:00:00,1290,1458.0,1451.0,1482.0,1186.7129461150614,1384.0494093763514
2019-11-14 01:00:00,1222,1290.0,1288.0,1246.0,1065.9841355207018,1202.7800613694076
2019-11-14 02:00:00,812,1222.0,817.0,504.0,784.1837307002447,837.2339722222222
2019-11-14 03:00:00,403,812.0,507.0,721.0,661.390535021171,477.251131422371
2019-11-14 04:00:00,1054,403.0,1043.0,895.0,692.9319712944132,826.4828453406149
2019-11-14 05:00:00,1586,1054.0,1394.0,1200.0,1361.2707963230373,1432.5919223364683
2019-11-14 06:00:00,2189,1586.0,2205.0,2153.0,2177.3770694656137,2239.401129925199
2019-11-14 07:00:00,3335,2189.0,3365.0,3336.0,2973.758369364348,3261.5677353565407
2019-11-14 08:00:00,3414,3335.0,3187.0,3289.0,3608.9112419539606,3453.577605821751
2019-11-14 09:00:00,3144,3414.0,3277.0,3028.0,3216.919624527869,3240.7526090718497
2019-11-14 10:00:00,2960,3144.0,2956.0,2753.0,2859.5582341970344,2958.249048295778
2019-11-14 11:00:00,2784,2960.0,2832.0,2850.0,2867.085840277226,2849.7654642084053
2019-11-14 12:00:00,2513,2784.0,2698.0,2616.0,2679.7330209491547,2733.4249465381918
2019-11-14 13:00:00,2507,2513.0,2657.0,2551.0,2614.8115384937532,2567.916689498318
2019-11-14 14:00:00,2444,2507.0,2541.0,2661.0,2653.5586648055723,2522.1580058618583
2019-11-14 15:00:00,2491,2444.0,2625.0,2652.0,2518.353990800521,2436.5753498514414
2019-11-14 16:00:00,2699,2491.0,2612.0,2400.0,2512.4726269190273,2480.4449787135295
2019-11-14 17:00:00,2779,2699.0,3081.0,2807.0,2821.1454735088255,2800.804716605501
2019-11-14 18:00:00,3042,2779.0,2966.0,2874.0,2808.6501718635423,2895.407350619711
2019-11-14 19:00:00,2835,3042.0,3086.0,2925.0,2952.654336407994,3102.6166845376843
2019-11-14 20:00:00,2778,2835.0,2930.0,2673.0,2575.7344683803362,2723.0100080796637
2019-11-14 21:00:00,2141,2778.0,2122.0,2166.0,2262.6285424129937,2247.2729240204244
2019-11-14 22:00:00,2135,2141.0,1788.0,1991.0,1830.3494859052225,1949.5419758195153
2019-11-14 23:00:00,1803,2135.0,1458.0,1752.0,1771.6688687160745,1775.40392520766
2019-11-15 00:00:00,1645,1803.0,1290.0,1675.0,1316.437396389601,1495.1060349919342
2019-11-15 01:00:00,1245,1645.0,1222.0,1139.0,1122.541515621621,1246.9448544597133
2019-11-15 02:00:00,511,1245.0,812.0,519.0,746.2763047104916,652.4410795153611
2019-11-15 03:00:00,826,511.0,403.0,869.0,550.2715097746989,669.1896424723868
2019-11-15 04:00:00,1117,826.0,1054.0,986.0,1008.427693178982,1028.048201815185
2019-11-15 05:00:00,1104,1117.0,1586.0,1513.0,1372.5820904553073,1385.16329177734
2019-11-15 06:00:00,1988,1104.0,2189.0,1964.0,1724.067226538716,2059.5754099383375
2019-11-15 07:00:00,3288,1988.0,3335.0,3242.0,2964.957687629931,3214.9471610128903
2019-11-15 08:00:00,3377,3288.0,3414.0,3539.0,3788.957696102273,3483.9219093070965
2019-11-15 09:00:00,3477,3377.0,3144.0,3428.0,3313.2306265606594,3316.9183358032933
2019-11-15 10:00:00,3358,3477.0,2960.0,3215.0,3187.197429828518,3181.8606956381464
2019-11-15 11:00:00,3028,3358.0,2784.0,3014.0,3044.554549869395,3123.3890711266695
2019-11-15 12:00:00,3007,3028.0,2513.0,2906.0,2830.8372172591053,2866.221978804747
2019-11-15 13:00:00,3020,3007.0,2507.0,2937.0,2911.0110869618115,2870.5229160472873
2019-11-15 14:00:00,2713,3020.0,2444.0,2701.0,2728.4285017206466,2812.380532292652
2019-11-15 15:00:00,2653,2713.0,2491.0,2622.0,2642.998837130411,2609.307719366592
2019-11-15 16:00:00,2585,2653.0,2699.0,2941.0,2792.2054149409164,2639.689994068037
2019-11-15 17:00:00,2790,2585.0,2779.0,3170.0,2752.291361108562,2735.5366189532256
2019-11-15 18:00:00,2687,2790.0,3042.0,3403.0,3064.4393244807006,2880.3702604176347
2019-11-15 19:00:00,2625,2687.0,2835.0,2735.0,2652.681322266748,2740.985431070843
2019-11-15 20:00:00,2379,2625.0,2778.0,2417.0,2479.5350256169345,2450.580012663954
2019-11-15 21:00:00,1816,2379.0,2141.0,1459.0,1977.4187703125583,1925.58999153548
2019-11-15 22:00:00,1830,1816.0,2135.0,1628.0,1765.8176179861125,1797.43716754535
2019-11-15 23:00:00,1895,1830.0,1803.0,1602.0,1765.546082591792,1703.536614295863
2019-11-16 00:00:00,1799,1895.0,1645.0,1899.0,1478.6918535528187,1569.3866507936511
2019-11-16 01:00:00,724,1799.0,1245.0,1301.0,1177.6338084625831,1243.3805172353793
2019-11-16 02:00:00,791,724.0,511.0,518.0,484.30913390083424,687.4236604481753
2019-11-16 03:00:00,903,791.0,826.0,897.0,830.1155229741742,930.3407262604837
2019-11-16 04:00:00,754,903.0,1117.0,1032.0,945.046448860644,943.7428709258643
2019-11-16 05:00:00,680,754.0,1104.0,850.0,818.9039042174063,595.6319638248306
2019-11-16 06:00:00,689,680.0,1988.0,619.0,1163.1935455134626,723.6904266830799
2019-11-16 07:00:00,1810,689.0,3288.0,1251.0,1575.4817586390013,1428.2346439114306
2019-11-16 08:00:00,2950,1810.0,3377.0,2776.0,2886.998222247041,2982.9855314269066
2019-11-16 09:00:00,3772,2950.0,3477.0,3617.0,3597.2986973417915,3794.0341507198073
2019-11-16 10:00:00,3967,3772.0,3358.0,3774.0,3840.8302620266036,3848.2520087139196
2019-11-16 11:00:00,3510,3967.0,3028.0,3452.0,3576.009402788336,3732.8732337098772
2019-11-16 12:00:00,3371,3510.0,3007.0,3475.0,3188.7212703432433,3339.0369949888036
2019-11-16 13:00:00,3228,3371.0,3020.0,3155.0,3208.762302877649,3185.972489200718
2019-11-16 14:00:00,2929,3228.0,2713.0,2994.0,2990.816817649667,3027.0886951613315
2019-11-16 15:00:00,2788,2929.0,2653.0,2798.0,2849.174559924726,2724.6314039075555
2019-11-16 16:00:00,2640,2788.0,2585.0,2938.0,2800.312591471137,2632.433544465437
2019-11-16 17:00:00,2854,2640.0,2790.0,3092.0,2752.647388511718,2676.7192373532125
2019-11-16 18:00:00,2509,2854.0,2687.0,3024.0,2885.5908195867223,2829.098592269521
2019-11-16 19:00:00,2361,2509.0,2625.0,2531.0,2431.0515292316695,2487.753746400326
2019-11-16 20:00:00,1978,2361.0,2379.0,2219.0,2239.9024109656207,2044.4254136691761
2019-11-16 21:00:00,1525,1978.0,1816.0,1744.0,1803.3677716259035,1748.5916274964975
2019-11-16 22:00:00,1375,1525.0,1830.0,1424.0,1521.0135386968796,1605.6099224888196
2019-11-16 23:00:00,2021,1375.0,1895.0,2111.0,1666.8339307084445,1813.396511925581
2019-11-17 00:00:00,1512,2021.0,1799.0,1443.0,1711.5413282235813,1509.9472203548087
2019-11-17 01:00:00,900,1512.0,724.0,920.0,905.858888161832,824.4753424542613
2019-11-17 02:00:00,1043,900.0,791.0,1183.0,783.0840913409954,937.0882288609733
2019-11-17 03:00:00,894,1043.0,903.0,1061.0,947.9766494636917,941.9934220801449
2019-11-17 04:00:00,970,894.0,754.0,804.0,738.9961325773468,599.8919842304034
2019-11-17 05:00:00,373,970.0,680.0,98.0,687.9298025841986,823.6826632758365
2019-11-17 06:00:00,612,373.0,689.0,454.0,743.7855244998705,502.51760703082545
2019-11-17 07:00:00,1443,612.0,1810.0,1241.0,1384.3645441684503,1333.7315223865392
2019-11-17 08:00:00,2186,1443.0,2950.0,2165.0,2397.080316084412,2316.6098515881863
2019-11-17 09:00:00,3153,2186.0,3772.0,3437.0,3129.678932299248,3308.7146524399495
2019-11-17 10:00:00,3621,3153.0,3967.0,3778.0,3719.684733961253,3663.985442391486
2019-11-17 11:00:00,3482,3621.0,3510.0,3591.0,3622.8468751492665,3631.76791024101
2019-11-17 12:00:00,3461,3482.0,3371.0,3441.0,3214.5047301343675,3378.5860261746802
2019-11-17 13:00:00,3236,3461.0,3228.0,3131.0,3073.4434728520205,3230.131793598962
2019-11-17 14:00:00,2881,3236.0,2929.0,2984.0,2874.1381108500655,2932.9554322060417
2019-11-17 15:00:00,2775,2881.0,2788.0,2562.0,2595.7535716141792,2593.582404814057
2019-11-17 16:00:00,2511,2775.0,2640.0,2549.0,2589.324271417241,2605.6196243533323
2019-11-17 17:00:00,2757,2511.0,2854.0,2678.0,2490.5151551105428,2637.9248513056045
2019-11-17 18:00:00,2822,2757.0,2509.0,2519.0,2606.3269821371723,2736.481794694335
2019-11-17 19:00:00,2722,2822.0,2361.0,2679.0,2545.346353735178,2793.4029562919295
2019-11-17 20:00:00,2450,2722.0,1978.0,2321.0,2190.86556766602,2357.7819274891776
2019-11-17 21:00:00,1847,2450.0,1525.0,1933.0,1905.0589598537308,1855.0240556086771
2019-11-17 22:00:00,1433,1847.0,1375.0,1807.0,1566.6649652800372,1772.9980309511304
2019-11-17 23:00:00,1412,1433.0,2021.0,1349.0,1393.1490421732797,1605.7820397171163
2019-11-18 00:00:00,1551,1412.0,1512.0,1444.0,1225.0240263696871,1284.1123765401267
2019-11-18 01:00:00,1079,1551.0,900.0,1036.0,1089.614764035491,1023.3302169385773
2019-11-18 02:00:00,382,1079.0,1043.0,242.0,701.7989087711692,469.61208739370244
2019-11-18 03:00:00,705,382.0,894.0,545.0,556.7304507785759,642.2348224089709
2019-11-18 04:00:00,855,705.0,970.0,625.0,916.9694754256304,795.8815990851681
2019-11-18 05:00:00,1381,855.0,373.0,1279.0,1030.0359982546297,1210.0606629204126
2019-11-18 06:00:00,2285,1381.0,612.0,2172.0,1864.1556655483805,2191.197771118967
2019-11-18 07:00:00,3358,2285.0,1443.0,3446.0,2876.1417388944574,3323.7306324037495
2019-11-18 08:00:00,3357,3358.0,2186.0,3349.0,3494.4316210805873,3532.068029356036
2019-11-18 09:00:00,3139,3357.0,3153.0,3216.0,3252.6459261340938,3297.1782530674436
2019-11-18 10:00:00,2979,3139.0,3621.0,3092.0,3068.2869360981226,2963.444290150446
2019-11-18 11:00:00,2752,2979.0,3482.0,2995.0,2997.0466866316565,2879.160355903636
2019-11-18 12:00:00,2695,2752.0,3461.0,2767.0,2817.3282852383336,2743.4271127701045
2019-11-18 13:00:00,2717,2695.0,3236.0,2568.0,2738.8615382836156,2698.7825610854943
2019-11-18 14:00:00,2491,2717.0,2881.0,2498.0,2623.091846118268,2643.058231374926
2019-11-18 15:00:00,2436,2491.0,2775.0,2641.0,2544.3156179363173,2510.276247316209
2019-11-18 16:00:00,2237,2436.0,2511.0,2776.0,2514.1431713565603,2421.2224935479353
2019-11-18 17:00:00,2476,2237.0,2757.0,2903.0,2445.1484832039628,2470.955541363688
2019-11-18 18:00:00,2520,2476.0,2822.0,2859.0,2673.763916307294,2694.859050648099
2019-11-18 19:00:00,2677,2520.0,2722.0,3067.0,2622.9899720173353,2628.362420798556
2019-11-18 20:00:00,2482,2677.0,2450.0,2972.0,2575.023588827584,2501.352358203349
2019-11-18 21:00:00,1804,2482.0,1847.0,2319.0,2081.959950237246,2010.4593257813845
2019-11-18 22:00:00,1675,1804.0,1433.0,2072.0,1647.8997427292418,1716.9946899682889
2019-11-18 23:00:00,1843,1675.0,1412.0,2042.0,1615.6667683736987,1711.2518625230323
2019-11-19 00:00:00,1524,1843.0,1551.0,1636.0,1391.9851804799096,1417.513518754524
2019-11-19 01:00:00,893,1524.0,1079.0,1207.0,1003.1753894474148,1065.7595113703087
2019-11-19 02:00:00,469,893.0,382.0,566.0,549.41810392663,562.7932551664903
2019-11-19 03:00:00,1054,469.0,705.0,756.0,572.7772381397479,758.8315103102017
2019-11-19 04:00:00,1093,1054.0,855.0,1086.0,1140.3891506724108,1070.3296699691077
2019-11-19 05:00:00,1085,1093.0,1381.0,1203.0,1162.1420859027887,1159.5850312004059
2019-11-19 06:00:00,1984,1085.0,2285.0,2088.0,1630.0097002280959,2102.9907139475426
2019-11-19 07:00:00,3241,1984.0,3358.0,3177.0,2903.1702199066453,3196.3136146404922
2019-11-19 08:00:00,3099,3241.0,3357.0,3397.0,3593.97585909955,3366.005100472627
2019-11-19 09:00:00,3242,3099.0,3139.0,3545.0,3152.6194008064067,3146.561868524784
2019-11-19 10:00:00,2836,3242.0,2979.0,3232.0,3111.8473112950023,3044.2298404439293
2019-11-19 11:00:00,2793,2836.0,2752.0,2865.0,2726.1235078526793,2744.2373616822647
2019-11-19 12:00:00,2955,2793.0,2695.0,2877.0,2705.1076235203714,2726.4431097111647
2019-11-19 13:00:00,2787,2955.0,2717.0,2834.0,2820.513437377696,2803.2083124080136
2019-11-19 14:00:00,2696,2787.0,2491.0,2588.0,2554.4140768444904,2688.2859796582006
2019-11-19 15:00:00,2406,2696.0,2436.0,2547.0,2529.7160667018447,2577.68752749901
2019-11-19 16:00:00,2375,2406.0,2237.0,2600.0,2370.9209406515943,2368.0682763733685
2019-11-19 17:00:00,2506,2375.0,2476.0,2849.0,2469.952773807971,2478.8319128347807
2019-11-19 18:00:00,2692,2506.0,2520.0,3012.0,2604.098896804284,2645.759424227178
2019-11-19 19:00:00,2902,2692.0,2677.0,3079.0,2723.0740372372484,2759.0300274186816
2019-11-19 20:00:00,2488,2902.0,2482.0,2971.0,2698.41903192189,2728.449880343903
2019-11-19 21:00:00,2108,2488.0,1804.0,2302.0,2039.4984554535758,2061.2152826867136
2019-11-19 22:00:00,1991,2108.0,1675.0,2095.0,1810.5619369829715,1875.8945000999136
2019-11-19 23:00:00,1976,1991.0,1843.0,1600.0,1683.3072920256184,1794.7071914859782
2019-11-20 00:00:00,1499,1976.0,1524.0,1451.0,1328.709480319755,1412.5234272527714
2019-11-20 01:00:00,1076,1499.0,893.0,1288.0,1000.2536869914682,1021.275355968738
2019-11-20 02:00:00,299,1076.0,469.0,817.0,710.1990228382942,633.9555117201919
2019-11-20 03:00:00,808,299.0,1054.0,507.0,468.31021308538266,688.6458989425455
2019-11-20 04:00:00,890,808.0,1093.0,1043.0,1056.2187923106728,1143.5750629858292
2019-11-20 05:00:00,691,890.0,1085.0,1394.0,1083.237420124824,1225.290934981685
2019-11-20 06:00:00,2060,691.0,1984.0,2205.0,1485.9700157136094,1952.8447181292515
2019-11-20 07:00:00,3230,2060.0,3241.0,3365.0,3111.2561135504357,3198.270487925441
2019-11-20 08:00:00,3245,3230.0,3099.0,3187.0,3517.0280856949385,3346.167082657432
2019-11-20 09:00:00,3062,3245.0,3242.0,3277.0,3188.4372222769143,3193.561036402465
2019-11-20 10:00:00,2940,3062.0,2836.0,2956.0,2886.854206960193,2911.047228712725
2019-11-20 11:00:00,2550,2940.0,2793.0,2832.0,2828.4925276406057,2796.636100544835
2019-11-20 12:00:00,2655,2550.0,2955.0,2698.0,2644.6224807760136,2676.149819359797
2019-11-20 13:00:00,2626,2655.0,2787.0,2657.0,2800.635274990406,2661.929137727165
2019-11-20 14:00:00,2354,2626.0,2696.0,2541.0,2597.7524112251276,2552.073323756529
2019-11-20 15:00:00,2429,2354.0,2406.0,2625.0,2498.7220613131103,2399.960390513786
2019-11-20 16:00:00,2345,2429.0,2375.0,2612.0,2538.610184302038,2433.080500198366
2019-11-20 17:00:00,2550,2345.0,2506.0,3081.0,2525.8504792674066,2524.9884876189462
2019-11-20 18:00:00,2759,2550.0,2692.0,2966.0,2738.8282651111576,2766.7527901609174
2019-11-20 19:00:00,2773,2759.0,2902.0,3086.0,2872.509662611663,2885.512880142926
2019-11-20 20:00:00,2665,2773.0,2488.0,2930.0,2621.8884879255374,2628.1605095148057
2019-11-20 21:00:00,1883,2665.0,2108.0,2122.0,2181.661373421113,2158.46713282567
2019-11-20 22:00:00,2049,1883.0,1991.0,1788.0,1711.4227350811636,1881.7975462104348
2019-11-20 23:00:00,2066,2049.0,1976.0,1458.0,1815.5095986422002,1835.156790524211
2019-11-21 00:00:00,1777,2066.0,1499.0,1290.0,1350.7102985776842,1319.8686783756705
2019-11-21 01:00:00,1319,1777.0,1076.0,1222.0,1107.2771306322265,1094.6711969762844
2019-11-21 02:00:00,587,1319.0,299.0,812.0,721.3123174943801,648.4531303973804
2019-11-21 03:00:00,983,587.0,808.0,403.0,477.1404848947059,735.5882947330448
2019-11-21 04:00:00,952,983.0,890.0,1054.0,1038.165091114228,1018.4896282081013
2019-11-21 05:00:00,1077,952.0,691.0,1586.0,1047.3654711402678,1165.9605788112287
2019-11-21 06:00:00,2179,1077.0,2060.0,2189.0,1684.2613659689675,2102.941075883325
2019-11-21 07:00:00,3257,2179.0,3230.0,3335.0,3059.5392737318016,3239.606767585952
2019-11-21 08:00:00,3183,3257.0,3245.0,3414.0,3514.1517774590025,3332.609634968442
2019-11-21 09:00:00,2869,3183.0,3062.0,3144.0,3074.0972059988458,3161.8703013878157
2019-11-21 10:00:00,2850,2869.0,2940.0,2960.0,2762.513366415939,2780.6570554703253
2019-11-21 11:00:00,2653,2850.0,2550.0,2784.0,2700.652732060783,2730.9930114561553
2019-11-21 12:00:00,2587,2653.0,2655.0,2513.0,2507.890998350065,2594.677331321689
2019-11-21 13:00:00,2504,2587.0,2626.0,2507.0,2539.2612878919663,2565.889794890904
2019-11-21 14:00:00,2378,2504.0,2354.0,2444.0,2441.2832737662266,2441.9715523043437
2019-11-21 15:00:00,2319,2378.0,2429.0,2491.0,2464.0504867177833,2385.0934542491673
2019-11-21 16:00:00,2331,2319.0,2345.0,2699.0,2462.1420903924713,2365.0728525227137
2019-11-21 17:00:00,2566,2331.0,2550.0,2779.0,2440.324460034832,2500.0413328097547
2019-11-21 18:00:00,2690,2566.0,2759.0,3042.0,2782.1439060943108,2768.901295073335
2019-11-21 19:00:00,2801,2690.0,2773.0,2835.0,2697.7997595176107,2815.2495990087946
2019-11-21 20:00:00,2663,2801.0,2665.0,2778.0,2627.059398926917,2669.4092875791207
2019-11-21 21:00:00,2077,2663.0,1883.0,2141.0,2124.889249767082,2126.9390157762928
2019-11-21 22:00:00,1898,2077.0,2049.0,2135.0,1899.7767693746537,1953.5717203998802
2019-11-21 23:00:00,1882,1898.0,2066.0,1803.0,1781.4534229299072,1922.1901956706317
2019-11-22 00:00:00,1645,1882.0,1777.0,1645.0,1458.4172976344416,1650.3865975013832
2019-11-22 01:00:00,818,1645.0,1319.0,1245.0,1157.2405026209178,1160.6079153945473
2019-11-22 02:00:00,525,818.0,587.0,511.0,575.7457592600424,665.6233228783796
2019-11-22 03:00:00,946,525.0,983.0,826.0,706.9942168970338,861.5997050447936
2019-11-22 04:00:00,978,946.0,952.0,1117.0,1128.1640979635702,1063.0810734392423
2019-11-22 05:00:00,1111,978.0,1077.0,1104.0,1102.0807693119923,1105.9791708998882
2019-11-22 06:00:00,1905,1111.0,2179.0,1988.0,1758.107161799458,2087.0454453290895
2019-11-22 07:00:00,3314,1905.0,3257.0,3288.0,2913.194079734351,3148.3820737876154
2019-11-22 08:00:00,3232,3314.0,3183.0,3377.0,3695.1995649558007,3374.7799745527063
2019-11-22 09:00:00,3426,3232.0,2869.0,3477.0,3181.6014849999765,3218.640028089282
2019-11-22 10:00:00,3248,3426.0,2850.0,3358.0,3169.768269410662,3225.7928480050236
2019-11-22 11:00:00,3137,3248.0,2653.0,3028.0,2988.0925482559464,3035.2564868355694
2019-11-22 12:00:00,3096,3137.0,2587.0,3007.0,2934.3058199363318,2999.947173576112
2019-11-22 13:00:00,3226,3096.0,2504.0,3020.0,2912.228570849364,2938.7695668010692
2019-11-22 14:00:00,3007,3226.0,2378.0,2713.0,2946.112964939826,2864.8992334168247
2019-11-22 15:00:00,2700,3007.0,2319.0,2653.0,2735.190836254995,2726.150884790367
2019-11-22 16:00:00,2790,2700.0,2331.0,2585.0,2643.0281656658867,2585.4886400817286
2019-11-22 17:00:00,2846,2790.0,2566.0,2790.0,2780.787148427435,2817.1416935278407
2019-11-22 18:00:00,2675,2846.0,2690.0,2687.0,2776.086720778085,2859.2834402156823
2019-11-22 19:00:00,2630,2675.0,2801.0,2625.0,2609.82142368849,2708.2778584521566
2019-11-22 20:00:00,2104,2630.0,2663.0,2379.0,2471.77036755161,2428.0422710169346
2019-11-22 21:00:00,1736,2104.0,2077.0,1816.0,1954.0696737355638,1913.3011870480414
2019-11-22 22:00:00,1821,1736.0,1898.0,1830.0,1771.7728713933207,1778.0123099296866
2019-11-22 23:00:00,1821,1821.0,1882.0,1895.0,1856.9993931193694,1808.8538256308725
2019-11-23 00:00:00,1911,1821.0,1645.0,1799.0,1404.8877957588318,1611.2034103843314
2019-11-23 01:00:00,985,1911.0,818.0,724.0,1058.3512765442194,1088.7446865079366
2019-11-23 02:00:00,819,985.0,525.0,791.0,650.5810319924324,689.0149030590202
2019-11-23 03:00:00,1042,819.0,946.0,903.0,818.353006176679,949.5877978752844
2019-11-23 04:00:00,977,1042.0,978.0,754.0,960.561523697121,957.4900987031028
2019-11-23 05:00:00,919,977.0,1111.0,680.0,899.2567285847583,758.7070123679406
2019-11-23 06:00:00,586,919.0,1905.0,689.0,1229.9248068733891,778.3915996498702
2019-11-23 07:00:00,1827,586.0,3314.0,1810.0,1699.0726850490241,1666.8267244939298
2019-11-23 08:00:00,2704,1827.0,3232.0,2950.0,2949.0257771081447,2961.891939393939
2019-11-23 09:00:00,3874,2704.0,3426.0,3772.0,3526.4473084987367,3617.181879606826
2019-11-23 10:00:00,3822,3874.0,3248.0,3967.0,4048.3912544277828,3976.9834426916977
2019-11-23 11:00:00,3707,3822.0,3137.0,3510.0,3520.7341112700483,3587.7092968556954
2019-11-23 12:00:00,3441,3707.0,3096.0,3371.0,3296.9399766765255,3497.5992249814904
2019-11-23 13:00:00,3161,3441.0,3226.0,3228.0,3185.601731619686,3269.9102283485136
2019-11-23 14:00:00,3007,3161.0,3007.0,2929.0,2979.341006257277,2886.2092567804766
2019-11-23 15:00:00,2823,3007.0,2700.0,2788.0,2837.2161527681437,2792.2968105744867
2019-11-23 16:00:00,2566,2823.0,2790.0,2640.0,2746.158272865026,2658.1966126341895
2019-11-23 17:00:00,2573,2566.0,2846.0,2854.0,2649.622449303381,2618.0728078520297
2019-11-23 18:00:00,2434,2573.0,2675.0,2509.0,2579.310834395092,2598.1841189768693
2019-11-23 19:00:00,2114,2434.0,2630.0,2361.0,2376.756072841142,2437.1273929085387
2019-11-23 20:00:00,1870,2114.0,2104.0,1978.0,2021.5845718856763,1934.0602964621496
2019-11-23 21:00:00,1645,1870.0,1736.0,1525.0,1712.8429959036162,1660.3732320968325
2019-11-23 22:00:00,1433,1645.0,1821.0,1375.0,1565.742849436349,1599.3190861906292
2019-11-23 23:00:00,1975,1433.0,1821.0,2021.0,1628.89325736398,1822.5426739112709
2019-11-24 00:00:00,1497,1975.0,1911.0,1512.0,1681.0471762141897,1562.7427175728685
2019-11-24 01:00:00,778,1497.0,985.0,900.0,928.2486103829945,820.8006678247363
2019-11-24 02:00:00,1009,778.0,819.0,1043.0,685.8328514348507,921.5233499282788
2019-11-24 03:00:00,936,1009.0,1042.0,894.0,951.5034553792582,990.6507952408703
2019-11-24 04:00:00,737,936.0,977.0,970.0,853.3765440528325,806.9934003871905
2019-11-24 05:00:00,192,737.0,919.0,373.0,651.7758380589196,489.06701829570017
2019-11-24 06:00:00,574,192.0,586.0,612.0,722.518461754091,575.96730003506
2019-11-24 07:00:00,1414,574.0,1827.0,1443.0,1465.7208457310576,1384.6186664133163
2019-11-24 08:00:00,2304,1414.0,2704.0,2186.0,2293.9348878800056,2245.8522622778924
2019-11-24 09:00:00,3245,2304.0,3874.0,3153.0,3199.545236016841,3342.981056776556
2019-11-24 10:00:00,3722,3245.0,3822.0,3621.0,3667.2391823298867,3667.144755660961
2019-11-24 11:00:00,3622,3722.0,3707.0,3482.0,3659.6870794854844,3634.895961587484
2019-11-24 12:00:00,3594,3622.0,3441.0,3461.0,3319.478513398792,3474.4554400246057
2019-11-24 13:00:00,3333,3594.0,3161.0,3236.0,3179.8291229093174,3353.5897217152633
2019-11-24 14:00:00,3197,3333.0,3007.0,2881.0,2949.6867023138066,3013.223893073612
2019-11-24 15:00:00,2528,3197.0,2823.0,2775.0,2858.779634982776,2797.716542743755
2019-11-24 16:00:00,2456,2528.0,2566.0,2511.0,2448.7574453098473,2374.490668200575
2019-11-24 17:00:00,2589,2456.0,2573.0,2757.0,2502.98121092793,2555.179212031659
2019-11-24 18:00:00,2709,2589.0,2434.0,2822.0,2568.306554292624,2661.0438787718226
2019-11-24 19:00:00,2668,2709.0,2114.0,2722.0,2507.1299123307695,2677.669328928568
2019-11-24 20:00:00,2462,2668.0,1870.0,2450.0,2257.672491790959,2368.4653409112675
2019-11-24 21:00:00,1809,2462.0,1645.0,1847.0,1935.4309259114139,1869.13967069238
2019-11-24 22:00:00,1490,1809.0,1433.0,1433.0,1483.9001796886746,1590.6454564327548
2019-11-24 23:00:00,1339,1490.0,1975.0,1412.0,1480.1737396861222,1564.6582346609387
2019-11-25 00:00:00,1211,1339.0,1497.0,1551.0,1232.5556569100609,1295.397892940393
2019-11-25 01:00:00,568,1211.0,778.0,1079.0,937.3734414503112,880.6535100500435
2019-11-25 02:00:00,190,568.0,1009.0,382.0,578.5018028547242,503.0918187572229
2019-11-25 03:00:00,204,190.0,936.0,705.0,602.5461307624316,682.8947210786266
2019-11-25 04:00:00,729,204.0,737.0,855.0,687.6767441140755,750.3387327889504
2019-11-25 05:00:00,1187,729.0,192.0,1381.0,1125.6032262456242,1245.0325909090907
2019-11-25 06:00:00,2337,1187.0,574.0,2285.0,1855.7209163718658,2141.574040732268
2019-11-25 07:00:00,3202,2337.0,1414.0,3358.0,2980.8086084520164,3339.107897563017
2019-11-25 08:00:00,3331,3202.0,2304.0,3357.0,3417.5851834809555,3349.5511346322455
2019-11-25 09:00:00,3067,3331.0,3245.0,3139.0,3270.4869437527987,3291.8876499039493
2019-11-25 10:00:00,3024,3067.0,3722.0,2979.0,3061.94072751131,2963.41289863466
2019-11-25 11:00:00,2630,3024.0,3622.0,2752.0,3036.5249971107323,2894.963705388486
2019-11-25 12:00:00,2899,2630.0,3594.0,2695.0,2791.2061300530654,2672.8178525616577
2019-11-25 13:00:00,2711,2899.0,3333.0,2717.0,3037.6833798791,2838.5948105868283
2019-11-25 14:00:00,2694,2711.0,3197.0,2491.0,2723.2017107252223,2631.197734433361
2019-11-25 15:00:00,2480,2694.0,2528.0,2436.0,2594.2029104741023,2530.3985193184003
2019-11-25 16:00:00,2509,2480.0,2456.0,2237.0,2432.285732768135,2403.2739767331495
2019-11-25 17:00:00,2648,2509.0,2589.0,2476.0,2531.5819790102564,2582.453110223332
2019-11-25 18:00:00,2681,2648.0,2709.0,2520.0,2666.1647495836974,2707.4585886299465
2019-11-25 19:00:00,2743,2681.0,2668.0,2677.0,2636.519449248442,2722.9100348751444
2019-11-25 20:00:00,2615,2743.0,2462.0,2482.0,2495.728389132123,2501.789133172922
2019-11-25 21:00:00,2208,2615.0,1809.0,1804.0,2069.9535338439946,2078.1672135642134
2019-11-25 22:00:00,2023,2208.0,1490.0,1675.0,1807.2864915207433,1787.4023017772333
2019-11-25 23:00:00,1707,2023.0,1339.0,1843.0,1745.8020719739816,1767.6931724661854
2019-11-26 00:00:00,1576,1707.0,1211.0,1524.0,1251.2476961749128,1381.526212614282
2019-11-26 01:00:00,1237,1576.0,568.0,893.0,961.4881576660714,1032.5291803666921
2019-11-26 02:00:00,629,1237.0,190.0,469.0,641.7852199804852,563.1899696333079
2019-11-26 03:00:00,753,629.0,204.0,1054.0,591.8224522587191,639.3254480417418
2019-11-26 04:00:00,938,753.0,729.0,1093.0,890.9128985564453,871.145912499131
2019-11-26 05:00:00,1292,938.0,1187.0,1085.0,1075.0939301449969,1153.6788744774415
2019-11-26 06:00:00,2198,1292.0,2337.0,1984.0,1951.2831039372861,2123.344984189012
2019-11-26 07:00:00,3136,2198.0,3202.0,3241.0,3052.1949097466404,3224.353415505859
2019-11-26 08:00:00,3287,3136.0,3331.0,3099.0,3465.181791083484,3219.539913429381
2019-11-26 09:00:00,3230,3287.0,3067.0,3242.0,3220.9242733456076,3234.8874786012952
2019-11-26 10:00:00,3185,3230.0,3024.0,2836.0,2961.0079523129575,2992.3133586146137
2019-11-26 11:00:00,2870,3185.0,2630.0,2793.0,2890.6870210010757,2961.3054322471617
2019-11-26 12:00:00,2862,2870.0,2899.0,2955.0,2823.856429535057,2779.681711164759
2019-11-26 13:00:00,2806,2862.0,2711.0,2787.0,2876.207237691399,2755.4063053367368
2019-11-26 14:00:00,2571,2806.0,2694.0,2696.0,2699.876705943806,2725.176225756249
2019-11-26 15:00:00,2494,2571.0,2480.0,2406.0,2567.4026788737647,2470.1388892579075
2019-11-26 16:00:00,2253,2494.0,2509.0,2375.0,2514.711452898464,2445.8472719065585
2019-11-26 17:00:00,2537,2253.0,2648.0,2506.0,2418.191939485693,2404.0212344451334
2019-11-26 18:00:00,2641,2537.0,2681.0,2692.0,2739.146062661635,2725.9065612863596
2019-11-26 19:00:00,2692,2641.0,2743.0,2902.0,2743.6239955798765,2783.925696611841
2019-11-26 20:00:00,2739,2692.0,2615.0,2488.0,2515.1376915739534,2489.0232798574884
2019-11-26 21:00:00,2163,2739.0,2208.0,2108.0,2301.151814190803,2277.0589552533997
2019-11-26 22:00:00,2056,2163.0,2023.0,1991.0,1946.055757050966,1957.9603614619782
2019-11-26 23:00:00,1992,2056.0,1707.0,1976.0,1895.7514984051884,1916.9366324572102
2019-11-27 00:00:00,1694,1992.0,1576.0,1499.0,1456.0025897611536,1410.0307890806266
2019-11-27 01:00:00,757,1694.0,1237.0,1076.0,1176.6308194660685,1139.5225652467882
2019-11-27 02:00:00,796,757.0,629.0,299.0,552.8679391639614,665.0565879432204
2019-11-27 03:00:00,1028,796.0,753.0,808.0,866.3307575566703,896.3475614733566
2019-11-27 04:00:00,1037,1028.0,938.0,890.0,1044.3272768389004,1036.5636752553003
2019-11-27 05:00:00,1357,1037.0,1292.0,691.0,1009.8880059397113,923.9148353637436
2019-11-27 06:00:00,2162,1357.0,2198.0,2060.0,1954.658610668635,2180.750380247575
2019-11-27 07:00:00,3559,2162.0,3136.0,3230.0,2982.213944335641,3200.193798861702
2019-11-27 08:00:00,3453,3559.0,3287.0,3245.0,3830.389771373156,3493.008991890959
2019-11-27 09:00:00,3192,3453.0,3230.0,3062.0,3239.5682510619604,3254.5645220559672
2019-11-27 10:00:00,3057,3192.0,3185.0,2940.0,3013.7794387424387,2974.194364030941
2019-11-27 11:00:00,2885,3057.0,2870.0,2550.0,2854.19548036581,2869.7832067861605
2019-11-27 12:00:00,2749,2885.0,2862.0,2655.0,2780.778255157217,2801.571260442932
2019-11-27 13:00:00,2782,2749.0,2806.0,2626.0,2735.7145453434578,2729.0928938108323
2019-11-27 14:00:00,2549,2782.0,2571.0,2354.0,2645.898120180706,2645.621242193277
2019-11-27 15:00:00,2547,2549.0,2494.0,2429.0,2558.1287864998158,2489.8532345506114
2019-11-27 16:00:00,2401,2547.0,2253.0,2345.0,2488.075221461596,2448.874565801239
2019-11-27 17:00:00,2576,2401.0,2537.0,2550.0,2472.0919641477794,2469.6605927354994
2019-11-27 18:00:00,2607,2576.0,2641.0,2759.0,2669.414664849398,2698.1063364245365
2019-11-27 19:00:00,2893,2607.0,2692.0,2773.0,2628.323281312342,2707.668325592522
2019-11-27 20:00:00,2751,2893.0,2739.0,2665.0,2772.001081078318,2690.650685114418
2019-11-27 21:00:00,2384,2751.0,2163.0,1883.0,2228.4535762179066,2180.6420749560934
2019-11-27 22:00:00,2119,2384.0,2056.0,2049.0,2059.562695662233,2063.9963168528693
2019-11-27 23:00:00,2290,2119.0,1992.0,2066.0,1947.4651435560604,1881.280850013526
2019-11-28 00:00:00,1523,2290.0,1694.0,1777.0,1707.7585807524183,1801.677299081036
2019-11-28 01:00:00,680,1523.0,757.0,1319.0,1011.5030792806338,994.7366746031746
2019-11-28 02:00:00,1202,680.0,796.0,587.0,561.7027204982808,787.846619047619
2019-11-28 03:00:00,1120,1202.0,1028.0,983.0,1155.2040086491231,1145.4230216687552
2019-11-28 04:00:00,1104,1120.0,1037.0,952.0,998.1000051860503,969.3906787545167
2019-11-28 05:00:00,1368,1104.0,1357.0,1077.0,1035.4025632801952,1027.2711505476714
2019-11-28 06:00:00,2218,1368.0,2162.0,2179.0,1933.7170534976435,2139.074526207001
2019-11-28 07:00:00,3294,2218.0,3559.0,3257.0,3077.6156087910176,3251.5923775877473
2019-11-28 08:00:00,3272,3294.0,3453.0,3183.0,3590.6185137261914,3390.5321614082313
2019-11-28 09:00:00,3024,3272.0,3192.0,2869.0,3055.265494271352,3176.6705573592703
2019-11-28 10:00:00,3016,3024.0,3057.0,2850.0,2877.586729221378,2900.462662533973
2019-11-28 11:00:00,2810,3016.0,2885.0,2653.0,2804.1857569524514,2858.846284703052
2019-11-28 12:00:00,2682,2810.0,2749.0,2587.0,2644.391168139373,2729.1707951677718
2019-11-28 13:00:00,2687,2682.0,2782.0,2504.0,2557.212338590191,2651.955359665766
2019-11-28 14:00:00,2472,2687.0,2549.0,2378.0,2494.807108342408,2534.643785328169
2019-11-28 15:00:00,2398,2472.0,2547.0,2319.0,2419.050982116863,2409.011302482704
2019-11-28 16:00:00,2340,2398.0,2401.0,2331.0,2297.3110369280726,2367.5960949193964
2019-11-28 17:00:00,2491,2340.0,2576.0,2566.0,2376.9317892479003,2465.762374793446
2019-11-28 18:00:00,2537,2491.0,2607.0,2690.0,2562.7391005671,2652.169394455288
2019-11-28 19:00:00,2776,2537.0,2893.0,2801.0,2592.6323966987648,2699.2955108473234
2019-11-28 20:00:00,2634,2776.0,2751.0,2663.0,2644.153201929448,2619.716797065066
2019-11-28 21:00:00,2275,2634.0,2384.0,2077.0,2203.3511621713296,2205.3601018518525
2019-11-28 22:00:00,2139,2275.0,2119.0,1898.0,1889.8257933290818,2009.5732304663843
2019-11-28 23:00:00,2258,2139.0,2290.0,1882.0,1875.2995448013007,1935.0946651646962
2019-11-29 00:00:00,1472,2258.0,1523.0,1645.0,1563.677629466398,1620.7855503938415
2019-11-29 01:00:00,731,1472.0,680.0,818.0,843.1039488706951,763.1333469100346
2019-11-29 02:00:00,1026,731.0,1202.0,525.0,593.8165864312627,891.3018018207279
2019-11-29 03:00:00,1043,1026.0,1120.0,946.0,1029.3793334358095,1138.8568105105107
2019-11-29 04:00:00,996,1043.0,1104.0,978.0,979.3624424551849,1034.180744921745
2019-11-29 05:00:00,830,996.0,1368.0,1111.0,967.7315275383978,1032.9851782933888
2019-11-29 06:00:00,2166,830.0,2218.0,1905.0,1539.5847907364441,2020.2979257174761
2019-11-29 07:00:00,3455,2166.0,3294.0,3314.0,3158.851158486121,3361.978403052279
2019-11-29 08:00:00,3618,3455.0,3272.0,3232.0,3696.177272043624,3472.3229130753707
2019-11-29 09:00:00,3562,3618.0,3024.0,3426.0,3409.6932199177113,3449.7648481507044
2019-11-29 10:00:00,3420,3562.0,3016.0,3248.0,3173.6436046064755,3284.612806931009
2019-11-29 11:00:00,3099,3420.0,2810.0,3137.0,3071.1456216630186,3225.01996189908
2019-11-29 12:00:00,3027,3099.0,2682.0,3096.0,2929.4771907323884,2959.6574661178793
2019-11-29 13:00:00,2950,3027.0,2687.0,3226.0,2997.6539626083013,2921.502860046518
2019-11-29 14:00:00,2751,2950.0,2472.0,3007.0,2892.583987986558,2816.5668938893095
2019-11-29 15:00:00,2544,2751.0,2398.0,2700.0,2709.6728457135414,2639.55819219967
2019-11-29 16:00:00,2590,2544.0,2340.0,2790.0,2607.3348960371,2517.6128332594853
2019-11-29 17:00:00,2549,2590.0,2491.0,2846.0,2657.7647095529924,2670.4917830975915
2019-11-29 18:00:00,2550,2549.0,2537.0,2675.0,2543.807094661051,2667.0752734932407
2019-11-29 19:00:00,2265,2550.0,2776.0,2630.0,2532.3845233742372,2669.9851062623375
2019-11-29 20:00:00,2228,2265.0,2634.0,2104.0,2245.250280833843,2083.3729335801445
2019-11-29 21:00:00,1979,2228.0,2275.0,1736.0,2064.501677990813,2020.4826967221068
2019-11-29 22:00:00,1955,1979.0,2139.0,1821.0,1901.716073328373,1912.905814933498
2019-11-29 23:00:00,1900,1955.0,2258.0,1821.0,1914.9891751074329,1992.351971469507
2019-11-30 00:00:00,1564,1900.0,1472.0,1911.0,1422.725740202224,1579.9136805116113
2019-11-30 01:00:00,691,1564.0,731.0,985.0,953.3435593942218,833.9421205121122
2019-11-30 02:00:00,1070,691.0,1026.0,819.0,626.1902502267098,844.1700039587402
2019-11-30 03:00:00,1095,1070.0,1043.0,1042.0,1070.880698918764,1086.7342549704088
2019-11-30 04:00:00,831,1095.0,996.0,977.0,968.9952360474563,953.0023806019299
2019-11-30 05:00:00,277,831.0,830.0,919.0,789.4611079110243,690.0254834261597
2019-11-30 06:00:00,1069,277.0,2166.0,586.0,981.1156756559778,832.3137624901356
2019-11-30 07:00:00,1750,1069.0,3455.0,1827.0,2166.6633101570296,1972.0430096015089
2019-11-30 08:00:00,2610,1750.0,3618.0,2704.0,2709.161057567546,2771.471178571428
2019-11-30 09:00:00,3781,2610.0,3562.0,3874.0,3357.7956437647435,3509.205069565064
2019-11-30 10:00:00,3833,3781.0,3420.0,3822.0,3986.1601887111588,3922.3502836237826
2019-11-30 11:00:00,3605,3833.0,3099.0,3707.0,3514.257243727626,3592.0470374207093
2019-11-30 12:00:00,3322,3605.0,3027.0,3441.0,3163.5689181477655,3373.104758957312
2019-11-30 13:00:00,3222,3322.0,2950.0,3161.0,2999.582185547182,3121.9265423589954
2019-11-30 14:00:00,2863,3222.0,2751.0,3007.0,2941.6056629974223,3009.5694723151637
2019-11-30 15:00:00,2791,2863.0,2544.0,2823.0,2732.633824704867,2675.5159982642776
2019-11-30 16:00:00,2454,2791.0,2590.0,2566.0,2634.082767720468,2616.8898722141225
2019-11-30 17:00:00,2655,2454.0,2549.0,2573.0,2407.9590961735908,2511.55874120337
2019-11-30 18:00:00,2400,2655.0,2550.0,2434.0,2574.1293475456982,2546.9938439414873
2019-11-30 19:00:00,2192,2400.0,2265.0,2114.0,2158.694755213941,2258.5167326471465
2019-11-30 20:00:00,1897,2192.0,2228.0,1870.0,1990.213931183267,1950.9787517347245
2019-11-30 21:00:00,1627,1897.0,1979.0,1645.0,1729.028449763493,1688.78362477459
2019-11-30 22:00:00,1840,1627.0,1955.0,1433.0,1539.4277086360066,1603.9227749363845
2019-11-30 23:00:00,2125,1840.0,1900.0,1975.0,1817.9725224422964,1797.1246065873438
2019-12-01 00:00:00,1400,2125.0,1564.0,1497.0,1545.0126894713153,1307.6657017293849
2019-12-01 01:00:00,1043,1400.0,691.0,778.0,748.7858144282859,795.542251182512
2019-12-01 02:00:00,1062,1043.0,1070.0,1009.0,810.2299938649994,1009.1176006695814
2019-12-01 03:00:00,828,1062.0,1095.0,936.0,861.4659768008462,950.4744441587491
2019-12-01 04:00:00,615,828.0,831.0,737.0,674.4656810613865,602.8012647914483
2019-12-01 05:00:00,120,615.0,277.0,192.0,461.88160306398436,477.01875190885386
2019-12-01 06:00:00,670,120.0,1069.0,574.0,755.1107468773932,642.8120196721861
2019-12-01 07:00:00,1147,670.0,1750.0,1414.0,1519.6210380036287,1345.931445008087
2019-12-01 08:00:00,1980,1147.0,2610.0,2304.0,2127.564050058503,2048.7738091253295
2019-12-01 09:00:00,3081,1980.0,3781.0,3245.0,2983.897014430527,3205.8694161921408
2019-12-01 10:00:00,3831,3081.0,3833.0,3722.0,3689.7922344685976,3669.6071928331935
2019-12-01 11:00:00,3714,3831.0,3605.0,3622.0,3803.260690567396,3743.6181838772945
2019-12-01 12:00:00,3651,3714.0,3322.0,3594.0,3356.99283712465,3584.817440549423
2019-12-01 13:00:00,3296,3651.0,3222.0,3333.0,3184.400615664281,3349.8836406603873
2019-12-01 14:00:00,2979,3296.0,2863.0,3197.0,2927.0594363956798,3012.57893658673
2019-12-01 15:00:00,2534,2979.0,2791.0,2528.0,2699.590806529418,2587.3989544260603
2019-12-01 16:00:00,2458,2534.0,2454.0,2456.0,2383.1912091315944,2388.6469109174254
2019-12-01 17:00:00,2536,2458.0,2655.0,2589.0,2441.705187783321,2561.5464556953198
2019-12-01 18:00:00,2711,2536.0,2400.0,2709.0,2463.84088101934,2595.6121641842583
2019-12-01 19:00:00,2502,2711.0,2192.0,2668.0,2523.00964957502,2682.4108599109454
2019-12-01 20:00:00,2468,2502.0,1897.0,2462.0,2177.6821148876425,2214.55011530844
2019-12-01 21:00:00,1871,2468.0,1627.0,1809.0,1942.0679324178943,1860.437995771757
2019-12-01 22:00:00,1831,1871.0,1840.0,1490.0,1588.4410306665948,1646.0187829406163
2019-12-01 23:00:00,1720,1831.0,2125.0,1339.0,1630.9824484483472,1722.113451191582
2019-12-02 00:00:00,1553,1720.0,1400.0,1211.0,1209.561223495534,1233.7722023809522
2019-12-02 01:00:00,866,1553.0,1043.0,568.0,951.803597542104,880.8513355360841
2019-12-02 02:00:00,622,866.0,1062.0,190.0,614.9127006222516,469.7277532463623
2019-12-02 03:00:00,1035,622.0,828.0,204.0,583.6769255059157,550.4036831086353
2019-12-02 04:00:00,779,1035.0,615.0,729.0,1002.5485796126075,888.0999163217072
2019-12-02 05:00:00,1049,779.0,120.0,1187.0,827.5084916057283,729.8642168534082
2019-12-02 06:00:00,2081,1049.0,670.0,2337.0,1710.746876910863,2223.9256380762854
2019-12-02 07:00:00,3339,2081.0,1147.0,3202.0,2769.7711211768274,3260.9585298674297
2019-12-02 08:00:00,3593,3339.0,1980.0,3331.0,3580.735191606589,3479.84016776287
2019-12-02 09:00:00,2413,3593.0,3081.0,3067.0,3424.631058468306,3409.311551435728
2019-12-02 10:00:00,3084,2413.0,3831.0,3024.0,2802.128496213338,3005.839058564243
2019-12-02 11:00:00,2813,3084.0,3714.0,2630.0,3366.4805851294127,3020.8621822432433
2019-12-02 12:00:00,2834,2813.0,3651.0,2899.0,3003.186368373952,2801.2735114258708
2019-12-02 13:00:00,2586,2834.0,3296.0,2711.0,2921.903730393837,2761.428005612152
2019-12-02 14:00:00,2579,2586.0,2979.0,2694.0,2680.584927079458,2622.2444266265124
2019-12-02 15:00:00,2673,2579.0,2534.0,2480.0,2609.2103738896058,2503.831248447019
2019-12-02 16:00:00,2448,2673.0,2458.0,2509.0,2633.397648703218,2522.969958708068
2019-12-02 17:00:00,2042,2448.0,2536.0,2648.0,2494.7826335778955,2518.695668467812
2019-12-02 18:00:00,2658,2042.0,2711.0,2681.0,2415.8263439601906,2691.6113405427077
2019-12-02 19:00:00,2761,2658.0,2502.0,2743.0,2872.203687005922,2804.053383405308
2019-12-02 20:00:00,2780,2761.0,2468.0,2615.0,2673.8138395204433,2690.5768910304364
2019-12-02 21:00:00,2229,2780.0,1871.0,2208.0,2306.640396360824,2151.6389013583043
2019-12-02 22:00:00,2243,2229.0,1831.0,2023.0,1962.2128485549215,1992.1657197528693
2019-12-02 23:00:00,2088,2243.0,1720.0,1707.0,1918.4073755227546,1933.0421414251532
2019-12-03 00:00:00,1318,2088.0,1553.0,1576.0,1475.3723507978693,1446.7779102784793
2019-12-03 01:00:00,581,1318.0,866.0,1237.0,964.5686576441674,945.1037183065981
2019-12-03 02:00:00,734,581.0,622.0,629.0,555.2080271857255,733.0307222222223
2019-12-03 03:00:00,801,734.0,1035.0,753.0,840.0583092983677,863.6733205602962
2019-12-03 04:00:00,893,801.0,779.0,938.0,869.209664173392,943.9879668268763
2019-12-03 05:00:00,519,893.0,1049.0,1292.0,1059.6826863887054,1056.0716919402985
2019-12-03 06:00:00,1927,519.0,2081.0,2198.0,1552.198083142494,1826.0464120730592
2019-12-03 07:00:00,3374,1927.0,3339.0,3136.0,3132.7860968165587,3157.60344954927
2019-12-03 08:00:00,3225,3374.0,3593.0,3287.0,3869.3543430188097,3442.931602771874
2019-12-03 09:00:00,3657,3225.0,2413.0,3230.0,3019.841833210852,3167.1702200244763
2019-12-03 10:00:00,3380,3657.0,3084.0,3185.0,3422.7006700422494,3241.3765858140455
2019-12-03 11:00:00,3092,3380.0,2813.0,2870.0,2999.5734481960853,3045.6974222491344
2019-12-03 12:00:00,3017,3092.0,2834.0,2862.0,2868.3615175374584,2934.035276244174
2019-12-03 13:00:00,2971,3017.0,2586.0,2806.0,2841.2284503567507,2854.4430268078145
2019-12-03 14:00:00,2649,2971.0,2579.0,2571.0,2762.731287532353,2758.722597391155
2019-12-03 15:00:00,2307,2649.0,2673.0,2494.0,2593.755426742034,2507.0211157949716
2019-12-03 16:00:00,2135,2307.0,2448.0,2253.0,2370.8809886162253,2323.989775883168
2019-12-03 17:00:00,2002,2135.0,2042.0,2537.0,2297.6189533660327,2289.2656873531046
2019-12-03 18:00:00,2719,2002.0,2658.0,2641.0,2380.1992871744205,2556.6522300539955
2019-12-03 19:00:00,2808,2719.0,2761.0,2692.0,2932.517478904112,2822.418045428212
2019-12-03 20:00:00,3191,2808.0,2780.0,2739.0,2726.6449351698734,2893.3809194600094
2019-12-03 21:00:00,2189,3191.0,2229.0,2163.0,2644.149487319229,2299.20265079365
2019-12-03 22:00:00,1745,2189.0,2243.0,2056.0,1915.701186229703,2032.5351319568633
2019-12-03 23:00:00,1704,1745.0,2088.0,1992.0,1759.8756637846816,1882.1212785207845
2019-12-04 00:00:00,1497,1704.0,1318.0,1694.0,1360.8923311795347,1433.3348400142445
2019-12-04 01:00:00,1023,1497.0,581.0,757.0,884.2216619698497,899.9353230880231
2019-12-04 02:00:00,496,1023.0,734.0,796.0,761.7741177660635,585.2088527696612
2019-12-04 03:00:00,822,496.0,801.0,1028.0,689.9663188853376,746.2928902883604
2019-12-04 04:00:00,895,822.0,893.0,1037.0,1012.5588447581592,921.5397756530497
2019-12-04 05:00:00,1032,895.0,519.0,1357.0,1014.2056574882981,1136.7795119047619
2019-12-04 06:00:00,2736,1032.0,1927.0,2162.0,1702.6255350986803,1913.9497710574317
2019-12-04 07:00:00,3307,2736.0,3374.0,3559.0,3606.9021084342844,3496.772046512939
2019-12-04 08:00:00,2983,3307.0,3225.0,3453.0,3468.362871611463,3502.947035020179
2019-12-04 09:00:00,2956,2983.0,3657.0,3192.0,3076.3731225249644,2958.866255356648
2019-12-04 10:00:00,3085,2956.0,3380.0,3057.0,2999.463878462907,2911.359669634347
2019-12-04 11:00:00,2805,3085.0,3092.0,2885.0,3031.4928056830895,2899.006248216535
2019-12-04 12:00:00,2784,2805.0,3017.0,2749.0,2789.8170563780996,2736.4814645641836
2019-12-04 13:00:00,2626,2784.0,2971.0,2782.0,2909.3784287165417,2719.043685649116
2019-12-04 14:00:00,2653,2626.0,2649.0,2549.0,2639.0823269179414,2563.8987032516116
2019-12-04 15:00:00,2842,2653.0,2307.0,2547.0,2649.3418825586577,2517.4710364241396
2019-12-04 16:00:00,2569,2842.0,2135.0,2401.0,2698.3350600640256,2527.176302945408
2019-12-04 17:00:00,1902,2569.0,2002.0,2576.0,2447.5185732146033,2537.182311971288
2019-12-04 18:00:00,2779,1902.0,2719.0,2607.0,2311.58351098646,2716.3082238880434
2019-12-04 19:00:00,2933,2779.0,2808.0,2893.0,3105.308856870727,2893.257307229734
2019-12-04 20:00:00,3364,2933.0,3191.0,2751.0,2908.299424113601,2935.5397784652805
2019-12-04 21:00:00,2515,3364.0,2189.0,2384.0,2796.098315914509,2390.052974358974
2019-12-04 22:00:00,1987,2515.0,1745.0,2119.0,1989.6947352786274,2048.0117074240766
2019-12-04 23:00:00,1618,1987.0,1704.0,2290.0,1854.4995058285908,1915.234881685033
2019-12-05 00:00:00,1504,1618.0,1497.0,1523.0,1270.7402904554629,1449.6017981748982
2019-12-05 01:00:00,1159,1504.0,1023.0,680.0,962.1571703062652,953.4408571428571
2019-12-05 02:00:00,778,1159.0,496.0,1202.0,857.7163401959469,636.6882930589652
2019-12-05 03:00:00,366,778.0,822.0,1120.0,807.5774365036134,738.2274189542617
2019-12-05 04:00:00,909,366.0,895.0,1104.0,694.0533013421923,797.9887713327563
2019-12-05 05:00:00,1371,909.0,1032.0,1368.0,1239.4623511548077,1346.1561608669106
2019-12-05 06:00:00,2491,1371.0,2736.0,2218.0,2155.745122267303,2259.7635259740255
2019-12-05 07:00:00,3507,2491.0,3307.0,3294.0,3215.7991917761938,3311.7092509793124
2019-12-05 08:00:00,2921,3507.0,2983.0,3272.0,3569.8239912543067,3487.8463371122693
2019-12-05 09:00:00,2892,2921.0,2956.0,3024.0,2764.278911672981,2948.3740611579933
2019-12-05 10:00:00,2981,2892.0,3085.0,3016.0,2876.1745181684564,2865.424603450862
2019-12-05 11:00:00,2913,2981.0,2805.0,2810.0,2819.4081098791794,2854.275433033879
2019-12-05 12:00:00,2720,2913.0,2784.0,2682.0,2710.876710215133,2802.222084498126
2019-12-05 13:00:00,2753,2720.0,2626.0,2687.0,2649.403616804864,2670.9477630155875
2019-12-05 14:00:00,2599,2753.0,2653.0,2472.0,2655.7811931874276,2661.1877537494443
2019-12-05 15:00:00,2866,2599.0,2842.0,2398.0,2564.4318120043968,2564.0173779948086
2019-12-05 16:00:00,2672,2866.0,2569.0,2340.0,2744.5691572126775,2592.883921067041
2019-12-05 17:00:00,2188,2672.0,1902.0,2491.0,2406.6066898818012,2420.2812493295387
2019-12-05 18:00:00,2634,2188.0,2779.0,2537.0,2378.9350561660967,2726.2239192291227
2019-12-05 19:00:00,3023,2634.0,2933.0,2776.0,2825.975943224871,2817.0399568386983
2019-12-05 20:00:00,2969,3023.0,3364.0,2634.0,2951.9163478303312,2894.3932888466634
2019-12-05 21:00:00,2308,2969.0,2515.0,2275.0,2491.218900713857,2459.1080945892763
2019-12-05 22:00:00,2081,2308.0,1987.0,2139.0,2000.8672301398947,2065.1986385518658
2019-12-05 23:00:00,1788,2081.0,1618.0,2258.0,1909.2332756791227,1904.4922531373636
2019-12-06 00:00:00,1704,1788.0,1504.0,1472.0,1341.2660625165802,1472.8667078197925
2019-12-06 01:00:00,1338,1704.0,1159.0,731.0,1082.7484527604622,1123.6610119047618
2019-12-06 02:00:00,417,1338.0,778.0,1026.0,961.3949994086636,696.55122247895
2019-12-06 03:00:00,903,417.0,366.0,1043.0,594.1169704379533,708.5131699134201
2019-12-06 04:00:00,876,903.0,909.0,996.0,1123.871935298057,1074.9717459336307
2019-12-06 05:00:00,1325,876.0,1371.0,830.0,1033.857181342849,942.3530679883698
2019-12-06 06:00:00,2029,1325.0,2491.0,2166.0,2085.4671242395934,2234.9665818606336
2019-12-06 07:00:00,3412,2029.0,3507.0,3455.0,3051.014546342896,3232.3636980716733
2019-12-06 08:00:00,3012,3412.0,2921.0,3618.0,3815.123892491034,3554.380909739971
2019-12-06 09:00:00,3456,3012.0,2892.0,3562.0,3063.5396299061904,3128.166085789221
2019-12-06 10:00:00,3484,3456.0,2981.0,3420.0,3486.869587826033,3222.3576224718227
2019-12-06 11:00:00,3342,3484.0,2913.0,3099.0,3260.6978144083023,3290.183020909969
2019-12-06 12:00:00,3071,3342.0,2720.0,3027.0,2999.6115360861268,3097.829870333902
2019-12-06 13:00:00,3121,3071.0,2753.0,2950.0,2910.015088930939,2936.653184865968
2019-12-06 14:00:00,2954,3121.0,2599.0,2751.0,2906.0183313141843,2909.7660476861893
2019-12-06 15:00:00,2112,2954.0,2866.0,2544.0,2813.791770115045,2808.1056842242133
2019-12-06 16:00:00,2716,2112.0,2672.0,2590.0,2355.617778564514,2467.124143165481
2019-12-06 17:00:00,2742,2716.0,2188.0,2549.0,2842.8049689243003,2620.3153232816967
2019-12-06 18:00:00,2727,2742.0,2634.0,2550.0,2760.4146710051546,2757.320703606618
2019-12-06 19:00:00,2530,2727.0,3023.0,2265.0,2533.7711581812146,2682.9039425164765
2019-12-06 20:00:00,2461,2530.0,2969.0,2228.0,2427.7129927652754,2354.3380343922863
2019-12-06 21:00:00,1970,2461.0,2308.0,1979.0,2193.2606177748726,2074.941423977806
2019-12-06 22:00:00,1845,1970.0,2081.0,1955.0,1899.282057108488,1873.161226570766
2019-12-06 23:00:00,1966,1845.0,1788.0,1900.0,1824.1549150738854,1799.4717875267954
2019-12-07 00:00:00,1859,1966.0,1704.0,1564.0,1475.382047361085,1572.5307922880395
2019-12-07 01:00:00,857,1859.0,1338.0,691.0,1049.8570333126604,1101.1091785714289
2019-12-07 02:00:00,768,857.0,417.0,1070.0,657.2511016407095,773.4901203821637
2019-12-07 03:00:00,954,768.0,903.0,1095.0,874.1741378766517,920.499464374742
2019-12-07 04:00:00,922,954.0,876.0,831.0,916.8270084132457,928.4034646197064
2019-12-07 05:00:00,665,922.0,1325.0,277.0,795.6501733989962,725.5457774731212
2019-12-07 06:00:00,582,665.0,2029.0,1069.0,1284.20823085553,865.0061550656246
2019-12-07 07:00:00,2016,582.0,3412.0,1750.0,1740.2378742011488,1667.7957231505197
2019-12-07 08:00:00,2581,2016.0,3012.0,2610.0,2984.8310718645344,2930.4042526771477
2019-12-07 09:00:00,3704,2581.0,3456.0,3781.0,3377.1670152728348,3447.4425773809526
2019-12-07 10:00:00,3995,3704.0,3484.0,3833.0,3962.8200273619404,3839.797592204628
2019-12-07 11:00:00,3949,3995.0,3342.0,3605.0,3743.701645154936,3814.9287161822576
2019-12-07 12:00:00,3530,3949.0,3071.0,3322.0,3391.6085034907305,3656.9333321392373
2019-12-07 13:00:00,3426,3530.0,3121.0,3222.0,3160.131707306293,3347.096398415599
2019-12-07 14:00:00,2990,3426.0,2954.0,2863.0,3023.2068376143693,3069.2744145377073
2019-12-07 15:00:00,2923,2990.0,2112.0,2791.0,2696.153701760757,2777.1099520633597
2019-12-07 16:00:00,2566,2923.0,2716.0,2454.0,2675.8405498934567,2659.4651866624517
2019-12-07 17:00:00,2715,2566.0,2742.0,2655.0,2542.9239217838676,2590.6140376196395
2019-12-07 18:00:00,2480,2715.0,2727.0,2400.0,2662.609552329026,2651.189206869414
2019-12-07 19:00:00,2342,2480.0,2530.0,2192.0,2318.2695845945427,2314.1979106904096
2019-12-07 20:00:00,2156,2342.0,2461.0,1897.0,2171.7727583665896,2012.7561234458774
2019-12-07 21:00:00,1729,2156.0,1970.0,1627.0,1891.6244031905096,1739.5069036235373
2019-12-07 22:00:00,1693,1729.0,1845.0,1840.0,1717.015090167299,1764.2521409401038
2019-12-07 23:00:00,2230,1693.0,1966.0,2125.0,1826.2196229193416,1913.8300826075595
2019-12-08 00:00:00,1493,2230.0,1859.0,1400.0,1769.6376715069525,1517.8994822040706
2019-12-08 01:00:00,887,1493.0,857.0,1043.0,937.8086555417733,873.4567101911499
2019-12-08 02:00:00,1157,887.0,768.0,1062.0,777.2199651627438,1006.1539247066943
2019-12-08 03:00:00,855,1157.0,954.0,828.0,1016.6269943639493,958.1084952881464
2019-12-08 04:00:00,609,855.0,922.0,615.0,745.8576814611545,573.7930579874429
2019-12-08 05:00:00,89,609.0,665.0,120.0,582.4302226046891,395.2548248332585
2019-12-08 06:00:00,837,89.0,582.0,670.0,755.3239010583234,606.1857071231847
2019-12-08 07:00:00,1383,837.0,2016.0,1147.0,1678.9918525254886,1515.0623690476186
2019-12-08 08:00:00,1864,1383.0,2581.0,1980.0,2218.1340338438877,2106.9180913264486
2019-12-08 09:00:00,3217,1864.0,3704.0,3081.0,2869.4819150501567,2954.56018807816
2019-12-08 10:00:00,3640,3217.0,3995.0,3831.0,3917.7311904733097,3747.680040963187
2019-12-08 11:00:00,3774,3640.0,3949.0,3714.0,3764.6520966627895,3741.5549264460296
2019-12-08 12:00:00,3577,3774.0,3530.0,3651.0,3507.497549911452,3581.182326316702
2019-12-08 13:00:00,3346,3577.0,3426.0,3296.0,3234.234642669877,3364.59822164901
2019-12-08 14:00:00,3111,3346.0,2990.0,2979.0,2920.0318912663543,2999.399590084013
2019-12-08 15:00:00,2918,3111.0,2923.0,2534.0,2761.006860626954,2750.014742421373
2019-12-08 16:00:00,2509,2918.0,2566.0,2458.0,2586.6474369311145,2613.155414676831
2019-12-08 17:00:00,2541,2509.0,2715.0,2536.0,2397.580853553096,2507.1407445330115
2019-12-08 18:00:00,2602,2541.0,2480.0,2711.0,2513.9759698262255,2623.545591726783
2019-12-08 19:00:00,2604,2602.0,2342.0,2502.0,2378.8421028548482,2599.308200847747
2019-12-08 20:00:00,2489,2604.0,2156.0,2468.0,2263.8973076884654,2370.9852071990113
2019-12-08 21:00:00,2107,2489.0,1729.0,1871.0,1944.5348111461644,1908.9224413419904
2019-12-08 22:00:00,1702,2107.0,1693.0,1831.0,1722.1669233808,1811.82057370917
2019-12-08 23:00:00,1262,1702.0,2230.0,1720.0,1629.1692704497314,1733.2202822167123
2019-12-09 00:00:00,1387,1262.0,1493.0,1553.0,1145.4075389781951,1315.1146660244153
2019-12-09 01:00:00,1004,1387.0,887.0,866.0,1022.3560309031811,1031.4132677321477
2019-12-09 02:00:00,573,1004.0,1157.0,622.0,768.0945756048905,567.9143971073609
2019-12-09 03:00:00,445,573.0,855.0,1035.0,733.5141001987697,682.580218177599
2019-12-09 04:00:00,337,445.0,609.0,779.0,660.584851553758,611.8048799218097
2019-12-09 05:00:00,1714,337.0,89.0,1049.0,644.6396316282055,735.5672519841268
2019-12-09 06:00:00,2166,1714.0,837.0,2081.0,2318.325547507891,2402.9978057359313
2019-12-09 07:00:00,3104,2166.0,1383.0,3339.0,2692.6585983107148,3157.644631094493
2019-12-09 08:00:00,3236,3104.0,1864.0,3593.0,3327.897062553415,3385.5850559446
2019-12-09 09:00:00,2486,3236.0,3217.0,2413.0,3081.9323344801815,3187.10502206098
2019-12-09 10:00:00,3036,2486.0,3640.0,3084.0,2771.862409194646,2798.15945789566
2019-12-09 11:00:00,2897,3036.0,3774.0,2813.0,3319.858007525101,2940.653498568261
2019-12-09 12:00:00,2802,2897.0,3577.0,2834.0,2930.404556761565,2856.8758585349888
2019-12-09 13:00:00,2719,2802.0,3346.0,2586.0,2812.5263588560656,2728.0388983975117
2019-12-09 14:00:00,2519,2719.0,3111.0,2579.0,2745.094697586298,2679.513965359223
2019-12-09 15:00:00,2320,2519.0,2918.0,2673.0,2523.5713359403057,2522.083326293885
2019-12-09 16:00:00,2401,2320.0,2509.0,2448.0,2384.0814635011557,2379.208632386572
2019-12-09 17:00:00,2758,2401.0,2541.0,2042.0,2311.1598453036904,2443.3003206204853
2019-12-09 18:00:00,2758,2758.0,2602.0,2658.0,2747.8159653386856,2770.543194252555
2019-12-09 19:00:00,2948,2758.0,2604.0,2761.0,2648.0894924306963,2751.1880009019474
2019-12-09 20:00:00,3225,2948.0,2489.0,2780.0,2685.4132466672454,2740.4407775525738
2019-12-09 21:00:00,2186,3225.0,2107.0,2229.0,2609.5280789349376,2338.593928571429
2019-12-09 22:00:00,1893,2186.0,1702.0,2243.0,1857.3851643394007,2017.2077663846305
2019-12-09 23:00:00,1700,1893.0,1262.0,2088.0,1697.5688679388086,1714.4693507866025
2019-12-10 00:00:00,1575,1700.0,1387.0,1318.0,1207.9465408424503,1397.9865491007681
2019-12-10 01:00:00,886,1575.0,1004.0,581.0,909.2354604195893,949.9052189561646
2019-12-10 02:00:00,651,886.0,573.0,734.0,609.2005985215828,524.4856546569276
2019-12-10 03:00:00,443,651.0,445.0,801.0,614.4930802056726,615.2026996874196
2019-12-10 04:00:00,1064,443.0,337.0,893.0,580.3079607498203,560.5653021580364
2019-12-10 05:00:00,1296,1064.0,1714.0,519.0,1206.2892920507209,1310.7833253968247
2019-12-10 06:00:00,2628,1296.0,2166.0,1927.0,1858.299239337301,2029.1179714611849
2019-12-10 07:00:00,3123,2628.0,3104.0,3374.0,3329.50207056025,3302.1164549531904
2019-12-10 08:00:00,3437,3123.0,3236.0,3225.0,3278.6060592151152,3188.859193391267
2019-12-10 09:00:00,2886,3437.0,2486.0,3657.0,3296.8145705897296,3321.881845804989
2019-12-10 10:00:00,3383,2886.0,3036.0,3380.0,2926.770787879377,2904.8143702089064
2019-12-10 11:00:00,2996,3383.0,2897.0,3092.0,3316.139206024026,3049.9869388463576
2019-12-10 12:00:00,2926,2996.0,2802.0,3017.0,2896.880353559178,2920.2006966623117
2019-12-10 13:00:00,2820,2926.0,2719.0,2971.0,2854.5546369326394,2826.543944458402
2019-12-10 14:00:00,2920,2820.0,2519.0,2649.0,2715.7504331094733,2732.5616243213008
2019-12-10 15:00:00,2369,2920.0,2320.0,2307.0,2669.0826290346668,2587.7384058418183
2019-12-10 16:00:00,2291,2369.0,2401.0,2135.0,2328.3889355103192,2273.7413126002393
2019-12-10 17:00:00,2700,2291.0,2758.0,2002.0,2345.7096001105415,2348.504382411819
2019-12-10 18:00:00,2870,2700.0,2758.0,2719.0,2877.180975901763,2801.0074078430393
2019-12-10 19:00:00,3079,2870.0,2948.0,2808.0,2892.3251708529524,2944.7733723261313
2019-12-10 20:00:00,3158,3079.0,3225.0,3191.0,3059.676843339075,2946.8107593275163
2019-12-10 21:00:00,2431,3158.0,2186.0,2189.0,2539.3221805955163,2359.657962842713
2019-12-10 22:00:00,2033,2431.0,1893.0,1745.0,1947.7084476075602,1974.8529190013141
2019-12-10 23:00:00,1625,2033.0,1700.0,1704.0,1797.808175706321,1809.2389612449072
2019-12-11 00:00:00,1610,1625.0,1575.0,1497.0,1349.8138596585936,1451.7337237365407
2019-12-11 01:00:00,1113,1610.0,886.0,1023.0,1155.639646419258,1136.123237914464
2019-12-11 02:00:00,443,1113.0,651.0,496.0,743.045079879199,628.6565743919823
2019-12-11 03:00:00,812,443.0,443.0,822.0,618.7956349773137,688.6486958622337
2019-12-11 04:00:00,692,812.0,1064.0,895.0,1067.462662580623,999.6020048191322
2019-12-11 05:00:00,1197,692.0,1296.0,1032.0,962.7274928495103,1071.7627157604068
2019-12-11 06:00:00,2675,1197.0,2628.0,2736.0,2242.8136206842314,2170.4107089602803
2019-12-11 07:00:00,3419,2675.0,3123.0,3307.0,3453.6895789403334,3309.045274384702
2019-12-11 08:00:00,3163,3419.0,3437.0,2983.0,3526.454619700411,3466.8893574757158
2019-12-11 09:00:00,2653,3163.0,2886.0,2956.0,2937.0212624408605,3030.6202981364854
2019-12-11 10:00:00,3032,2653.0,3383.0,3085.0,2828.3756352077903,2863.063042071591
2019-12-11 11:00:00,2824,3032.0,2996.0,2805.0,3057.527775235195,2771.043398955199
2019-12-11 12:00:00,2695,2824.0,2926.0,2784.0,2770.9619833114616,2741.1890382783668
2019-12-11 13:00:00,2591,2695.0,2820.0,2626.0,2655.721092820463,2699.458582791032
2019-12-11 14:00:00,2463,2591.0,2920.0,2653.0,2616.1315363182807,2614.1412809895673
2019-12-11 15:00:00,2533,2463.0,2369.0,2842.0,2519.7979619576054,2444.296896268953
2019-12-11 16:00:00,2588,2533.0,2291.0,2569.0,2500.547262347735,2463.8688200392403
2019-12-11 17:00:00,2354,2588.0,2700.0,1902.0,2366.631334051574,2610.542178946793
2019-12-11 18:00:00,2748,2354.0,2870.0,2779.0,2523.4895723019986,2737.982980490016
2019-12-11 19:00:00,2910,2748.0,3079.0,2933.0,2899.9394289978277,2877.876734678436
2019-12-11 20:00:00,2685,2910.0,3158.0,3364.0,2971.6697673473154,2898.3233545206494
2019-12-11 21:00:00,2600,2685.0,2431.0,2515.0,2336.2588213003755,2310.025993506493
2019-12-11 22:00:00,2196,2600.0,2033.0,1987.0,2095.9491810931295,2112.0056272563666
2019-12-11 23:00:00,1581,2196.0,1625.0,1618.0,1721.7562361942246,1761.6174665831243
2019-12-12 00:00:00,1450,1581.0,1610.0,1504.0,1187.977462261932,1396.907717213861
2019-12-12 01:00:00,1004,1450.0,1113.0,1159.0,1051.5997290501582,1145.7428455945387
2019-12-12 02:00:00,353,1004.0,443.0,778.0,667.9550601276601,508.39938705725376
2019-12-12 03:00:00,614,353.0,812.0,366.0,435.57200465695087,724.1221790666988
2019-12-12 04:00:00,448,614.0,692.0,909.0,817.0119788508191,767.2707888813572
2019-12-12 05:00:00,1431,448.0,1197.0,1371.0,897.0229107949194,1130.8413674603173
2019-12-12 06:00:00,2714,1431.0,2675.0,2491.0,2396.5976906499423,2452.3403991781383
2019-12-12 07:00:00,3336,2714.0,3419.0,3507.0,3477.9909079185218,3392.768676227535
2019-12-12 08:00:00,3079,3336.0,3163.0,2921.0,3303.412717604897,3419.9630993055093
2019-12-12 09:00:00,2708,3079.0,2653.0,2892.0,2829.0299387848427,2843.032706376983
2019-12-12 10:00:00,2773,2708.0,3032.0,2981.0,2783.154768712325,2785.1330348742686
2019-12-12 11:00:00,2892,2773.0,2824.0,2913.0,2803.764782809074,2733.8923475153215
2019-12-12 12:00:00,2717,2892.0,2695.0,2720.0,2817.0953244016055,2789.9861218324454
2019-12-12 13:00:00,2975,2717.0,2591.0,2753.0,2619.9870774389874,2645.925336684555
2019-12-12 14:00:00,2548,2975.0,2463.0,2599.0,2856.828471966458,2737.739989261657
2019-12-12 15:00:00,2649,2548.0,2533.0,2866.0,2611.6895738610147,2509.340054781456
2019-12-12 16:00:00,2476,2649.0,2588.0,2672.0,2693.4088221249986,2559.385599900796
2019-12-12 17:00:00,2105,2476.0,2354.0,2188.0,2291.5113783055945,2455.8422321817143
2019-12-12 18:00:00,2589,2105.0,2748.0,2634.0,2363.4656500350266,2741.0169119223424
2019-12-12 19:00:00,2948,2589.0,2910.0,3023.0,2867.5075796961164,2827.6539538309157
2019-12-12 20:00:00,2691,2948.0,2685.0,2969.0,2884.967530161596,2844.9042197943704
2019-12-12 21:00:00,2398,2691.0,2600.0,2308.0,2323.2481774428034,2369.96687079918
2019-12-12 22:00:00,2251,2398.0,2196.0,2081.0,2053.956002495156,2090.1082494168177
2019-12-12 23:00:00,1580,2251.0,1581.0,1788.0,1811.4142546253097,1836.9498676570993
2019-12-13 00:00:00,1474,1580.0,1450.0,1704.0,1258.4780743346257,1392.367019158769
2019-12-13 01:00:00,1112,1474.0,1004.0,1338.0,1124.6024497734265,1177.931616914165
2019-12-13 02:00:00,681,1112.0,353.0,417.0,644.6557921342253,545.2589187121973
2019-12-13 03:00:00,513,681.0,614.0,903.0,685.5534705037865,618.1119186595706
2019-12-13 04:00:00,945,513.0,448.0,876.0,678.7055006596838,570.6035745621708
2019-12-13 05:00:00,1542,945.0,1431.0,1325.0,1279.066275422665,1333.1400295486817
2019-12-13 06:00:00,1957,1542.0,2714.0,2029.0,2232.072400640683,2382.236630618877
2019-12-13 07:00:00,3313,1957.0,3336.0,3412.0,2838.1769439021955,3076.183041498317
2019-12-13 08:00:00,3226,3313.0,3079.0,3012.0,3593.74050752759,3407.9264943062544
2019-12-13 09:00:00,2874,3226.0,2708.0,3456.0,3187.9736452292927,3118.1881370482615
2019-12-13 10:00:00,3273,2874.0,2773.0,3484.0,2978.767389556511,2867.9751790960804
2019-12-13 11:00:00,3145,3273.0,2892.0,3342.0,3275.0294217513206,3038.576563498758
2019-12-13 12:00:00,3072,3145.0,2717.0,3071.0,2973.514496165422,2983.6225013991807
2019-12-13 13:00:00,3114,3072.0,2975.0,3121.0,2955.5936111430638,2929.3008168495953
2019-12-13 14:00:00,2990,3114.0,2548.0,2954.0,2884.173789085748,2937.2791794197547
2019-12-13 15:00:00,2571,2990.0,2649.0,2112.0,2591.2447486792603,2703.0085157565177
2019-12-13 16:00:00,2690,2571.0,2476.0,2716.0,2592.7308454820773,2518.9712351522685
2019-12-13 17:00:00,2761,2690.0,2105.0,2742.0,2646.7881454693847,2632.4081252718997
2019-12-13 18:00:00,2737,2761.0,2589.0,2727.0,2735.8209741553856,2770.162428941205
2019-12-13 19:00:00,2669,2737.0,2948.0,2530.0,2587.318261317254,2730.208158719239
2019-12-13 20:00:00,2418,2669.0,2691.0,2461.0,2444.7840291823577,2473.648761168549
2019-12-13 21:00:00,2013,2418.0,2398.0,1970.0,2155.9932209737854,2091.8020370348254
2019-12-13 22:00:00,1797,2013.0,2251.0,1845.0,1921.97850388106,1945.2160151036703
2019-12-13 23:00:00,1919,1797.0,1580.0,1966.0,1767.7832263933844,1687.493592011966
2019-12-14 00:00:00,1679,1919.0,1474.0,1859.0,1504.7818827387377,1553.8089307226403
2019-12-14 01:00:00,674,1679.0,1112.0,857.0,1014.595963916026,1048.5115797553847
2019-12-14 02:00:00,1118,674.0,681.0,768.0,564.193781889431,748.8704649574389
2019-12-14 03:00:00,1004,1118.0,513.0,954.0,1021.968366291828,1026.8008367880063
2019-12-14 04:00:00,734,1004.0,945.0,922.0,883.5056973512758,790.431731402586
2019-12-14 05:00:00,545,734.0,1542.0,665.0,839.1082471277348,678.2625941536801
2019-12-14 06:00:00,990,545.0,1957.0,582.0,1068.6299457105488,797.8279882476936
2019-12-14 07:00:00,1775,990.0,3313.0,2016.0,2041.676616200118,1907.2949410589413
2019-12-14 08:00:00,2548,1775.0,3226.0,2581.0,2671.719937499508,2766.1424308191804
2019-12-14 09:00:00,3470,2548.0,2874.0,3704.0,3238.6417754514823,3339.145556303911
2019-12-14 10:00:00,3875,3470.0,3273.0,3995.0,3845.991454207071,3655.257238095238
2019-12-14 11:00:00,3591,3875.0,3145.0,3949.0,3771.571701232879,3748.6489919222327
2019-12-14 12:00:00,3480,3591.0,3072.0,3530.0,3250.7167366266544,3422.5578862490524
2019-12-14 13:00:00,3166,3480.0,3114.0,3426.0,3202.5701114597878,3270.401567176602
2019-12-14 14:00:00,3122,3166.0,2990.0,2990.0,2928.459610128895,2908.9951593812475
2019-12-14 15:00:00,2750,3122.0,2571.0,2923.0,2826.7955197434476,2867.3856137911876
2019-12-14 16:00:00,2758,2750.0,2690.0,2566.0,2597.5141981004886,2615.1885504183265
2019-12-14 17:00:00,2552,2758.0,2761.0,2715.0,2648.460346366886,2774.0482516411676
2019-12-14 18:00:00,2571,2552.0,2737.0,2480.0,2465.066799917691,2592.0815304342527
2019-12-14 19:00:00,2027,2571.0,2669.0,2342.0,2443.7963313652494,2468.254407894496
2019-12-14 20:00:00,2051,2027.0,2418.0,2156.0,2044.033160420873,2034.1860541957763
2019-12-14 21:00:00,1686,2051.0,2013.0,1729.0,1915.9881544772766,1772.0998821327591
2019-12-14 22:00:00,1752,1686.0,1797.0,1693.0,1625.856175714747,1647.5488137978555
2019-12-14 23:00:00,2170,1752.0,1919.0,2230.0,1862.8593222198542,1855.5311824442779
2019-12-15 00:00:00,1290,2170.0,1679.0,1493.0,1666.5919889098072,1422.303623015873
2019-12-15 01:00:00,1072,1290.0,674.0,887.0,761.3596968696957,788.0265472935862
2019-12-15 02:00:00,1247,1072.0,1118.0,1157.0,925.0255162259928,1087.6474878773786
2019-12-15 03:00:00,989,1247.0,1004.0,855.0,977.1196216820019,961.0532988975567
2019-12-15 04:00:00,595,989.0,734.0,609.0,688.9159063582651,612.6793831048865
2019-12-15 05:00:00,113,595.0,545.0,89.0,508.9424412973724,469.3766182175673
2019-12-15 06:00:00,824,113.0,990.0,837.0,855.4624654167442,788.9118726823995
2019-12-15 07:00:00,1022,824.0,1775.0,1383.0,1659.8617827192365,1646.1294472128109
2019-12-15 08:00:00,2196,1022.0,2548.0,1864.0,1870.5102011631834,1880.2495641209719
2019-12-15 09:00:00,3262,2196.0,3470.0,3217.0,3195.1889639399096,3305.8964103764783
2019-12-15 10:00:00,3728,3262.0,3875.0,3640.0,3772.872149959686,3761.633315843275
2019-12-15 11:00:00,3902,3728.0,3591.0,3774.0,3795.5581453262253,3664.035473660229
2019-12-15 12:00:00,3732,3902.0,3480.0,3577.0,3555.3188151425434,3641.9349372800607
2019-12-15 13:00:00,3414,3732.0,3166.0,3346.0,3198.501778741138,3500.1990821925683
2019-12-15 14:00:00,3103,3414.0,3122.0,3111.0,3077.7283136073984,3109.9550907372286
2019-12-15 15:00:00,2645,3103.0,2750.0,2918.0,2835.7608003678615,2814.9272959154628
2019-12-15 16:00:00,2445,2645.0,2758.0,2509.0,2489.6811020624473,2410.506825038011
2019-12-15 17:00:00,2488,2445.0,2552.0,2541.0,2373.9972970082813,2495.4536975722854
2019-12-15 18:00:00,2530,2488.0,2571.0,2602.0,2455.276789524891,2623.7199296825083
2019-12-15 19:00:00,2524,2530.0,2027.0,2604.0,2303.545116728524,2569.1524545152006
2019-12-15 20:00:00,2525,2524.0,2051.0,2489.0,2193.3161954101515,2298.5638024698105
2019-12-15 21:00:00,1899,2525.0,1686.0,2107.0,1937.5993507824246,1996.084822663289
2019-12-15 22:00:00,1884,1899.0,1752.0,1702.0,1638.961574745465,1735.6515826574937
2019-12-15 23:00:00,1722,1884.0,2170.0,1262.0,1628.6602688401417,1722.6527764317009
2019-12-16 00:00:00,1535,1722.0,1290.0,1387.0,1231.1966432970885,1224.0946594941006
2019-12-16 01:00:00,763,1535.0,1072.0,1004.0,1045.8384784179032,1052.3231632747668
2019-12-16 02:00:00,456,763.0,1247.0,573.0,670.6869383870951,635.8678757267429
2019-12-16 03:00:00,856,456.0,989.0,445.0,592.238054901384,535.5948047989295
2019-12-16 04:00:00,1076,856.0,595.0,337.0,841.1372373658869,776.2280046416001
2019-12-16 05:00:00,1594,1076.0,113.0,1714.0,1230.1666224396142,1261.4464430324576
2019-12-16 06:00:00,2093,1594.0,824.0,2166.0,2006.2026432990351,2099.7341019417318
2019-12-16 07:00:00,3121,2093.0,1022.0,3104.0,2540.0844589059125,3010.8920155674864
2019-12-16 08:00:00,3191,3121.0,2196.0,3236.0,3400.524259502444,3310.4775133282105
2019-12-16 09:00:00,2959,3191.0,3262.0,2486.0,3061.2040167529567,3152.1259044437325
2019-12-16 10:00:00,3262,2959.0,3728.0,3036.0,3077.5133111780524,2889.6112665580995
2019-12-16 11:00:00,2835,3262.0,3902.0,2897.0,3357.6339072478795,3141.5643871678585
2019-12-16 12:00:00,2785,2835.0,3732.0,2802.0,2929.7863160784095,2820.908620942273
2019-12-16 13:00:00,2543,2785.0,3414.0,2719.0,2871.3880743401414,2744.8896494553856
2019-12-16 14:00:00,2672,2543.0,3103.0,2519.0,2641.2023254978158,2540.9338665306973
2019-12-16 15:00:00,2343,2672.0,2645.0,2320.0,2642.1385501791,2547.306604365878
2019-12-16 16:00:00,2399,2343.0,2445.0,2401.0,2377.624987760741,2344.735129693939
2019-12-16 17:00:00,2262,2399.0,2488.0,2758.0,2543.2594832287,2536.225886759377
2019-12-16 18:00:00,2722,2262.0,2530.0,2758.0,2439.2091749427987,2535.2787649173533
2019-12-16 19:00:00,2832,2722.0,2524.0,2948.0,2860.703568331468,2761.2995802699443
2019-12-16 20:00:00,2723,2832.0,2525.0,3225.0,2819.3046784276976,2710.8047492624387
2019-12-16 21:00:00,2163,2723.0,1899.0,2186.0,2198.826273304267,2163.5874772727275
2019-12-16 22:00:00,2049,2163.0,1884.0,1893.0,1862.3058726280524,1913.5134197243863
2019-12-16 23:00:00,2246,2049.0,1722.0,1700.0,1793.2483474426504,1869.5991512576093
2019-12-17 00:00:00,1544,2246.0,1535.0,1575.0,1618.037917992834,1527.6132268785468
2019-12-17 01:00:00,598,1544.0,763.0,886.0,919.5957110602842,748.539359558205
2019-12-17 02:00:00,836,598.0,456.0,651.0,498.1354654535787,713.724253550543
2019-12-17 03:00:00,900,836.0,856.0,443.0,816.3474843755739,864.3418729603728
2019-12-17 04:00:00,1075,900.0,1076.0,1064.0,1017.9197440390255,1013.9136236629162
2019-12-17 05:00:00,1539,1075.0,1594.0,1296.0,1284.9647984352414,1295.4815751262622
2019-12-17 06:00:00,2085,1539.0,2093.0,2628.0,2265.5757624544185,2239.5335444520065
2019-12-17 07:00:00,3114,2085.0,3121.0,3123.0,2882.370209282368,2980.1507467073993
2019-12-17 08:00:00,3271,3114.0,3191.0,3437.0,3574.2222695522887,3294.27141683089
2019-12-17 09:00:00,2874,3271.0,2959.0,2886.0,3129.3106151379825,3137.797957578846
2019-12-17 10:00:00,3402,2874.0,3262.0,3383.0,3054.4354347667454,2868.2546508990786
2019-12-17 11:00:00,3127,3402.0,2835.0,2996.0,3332.301073827307,3021.2904619539763
2019-12-17 12:00:00,3074,3127.0,2785.0,2926.0,2982.4673303297322,2939.9532989117893
2019-12-17 13:00:00,2895,3074.0,2543.0,2820.0,2879.7653572176782,2878.5842453959763
2019-12-17 14:00:00,2775,2895.0,2672.0,2920.0,2892.0925516356983,2774.3474476633683
2019-12-17 15:00:00,2406,2775.0,2343.0,2369.0,2647.9708932592694,2586.925390268041
2019-12-17 16:00:00,2558,2406.0,2399.0,2291.0,2427.585373067696,2345.244719556661
2019-12-17 17:00:00,2905,2558.0,2262.0,2700.0,2627.552020990325,2635.4187305365804
2019-12-17 18:00:00,2783,2905.0,2722.0,2870.0,2999.769405175629,2941.7786201380204
2019-12-17 19:00:00,3013,2783.0,2832.0,3079.0,2815.1154229698755,2897.077090246476
2019-12-17 20:00:00,2955,3013.0,2723.0,3158.0,2938.7997093458835,2834.7374128599167
2019-12-17 21:00:00,2438,2955.0,2163.0,2431.0,2493.993876937889,2363.030251148626
2019-12-17 22:00:00,2070,2438.0,2049.0,2033.0,2047.9653735369375,2078.607215081642
2019-12-17 23:00:00,2065,2070.0,2246.0,1625.0,1827.0417792732278,1856.334717679929
2019-12-18 00:00:00,1731,2065.0,1544.0,1610.0,1510.2610879668555,1507.2564267596204
2019-12-18 01:00:00,988,1731.0,598.0,1113.0,1057.3183186862577,856.1080292207796
2019-12-18 02:00:00,740,988.0,836.0,443.0,688.1162606434934,752.0707996031746
2019-12-18 03:00:00,1301,740.0,900.0,812.0,780.4097502553784,861.1312445842476
2019-12-18 04:00:00,1082,1301.0,1075.0,692.0,1210.5129716573076,1121.6954266456582
2019-12-18 05:00:00,1522,1082.0,1539.0,1197.0,1146.738022220718,1236.9923121987888
2019-12-18 06:00:00,2084,1522.0,2085.0,2675.0,2189.0590727649055,2282.1052359148325
2019-12-18 07:00:00,3311,2084.0,3114.0,3419.0,2885.900412160843,3170.4151551367618
2019-12-18 08:00:00,3319,3311.0,3271.0,3163.0,3622.962297560731,3388.6983233948185
2019-12-18 09:00:00,2765,3319.0,2874.0,2653.0,3023.0303733719147,3104.3374331498408
2019-12-18 10:00:00,3158,2765.0,3402.0,3032.0,2872.5415215011526,2951.7783339228445
2019-12-18 11:00:00,2807,3158.0,3127.0,2824.0,3208.8839769266215,2876.286771231547
2019-12-18 12:00:00,2732,2807.0,3074.0,2695.0,2759.94462985796,2769.0756818253703
2019-12-18 13:00:00,2646,2732.0,2895.0,2591.0,2726.6386914707136,2715.5928206477292
2019-12-18 14:00:00,2591,2646.0,2775.0,2463.0,2595.8374649192747,2589.1521334900704
2019-12-18 15:00:00,2671,2591.0,2406.0,2533.0,2586.8270508433884,2485.7253590000637
2019-12-18 16:00:00,2624,2671.0,2558.0,2588.0,2618.250805142422,2534.675495968706
2019-12-18 17:00:00,2750,2624.0,2905.0,2354.0,2506.4920581031392,2664.0661304011223
2019-12-18 18:00:00,2784,2750.0,2783.0,2748.0,2706.884650554255,2837.721479002181
2019-12-18 19:00:00,2995,2784.0,3013.0,2910.0,2739.095367498175,2895.5665233969276
2019-12-18 20:00:00,3260,2995.0,2955.0,2685.0,2771.103695463811,2925.666715114409
2019-12-18 21:00:00,2288,3260.0,2438.0,2600.0,2775.957541105353,2538.6881375770695
2019-12-18 22:00:00,1964,2288.0,2070.0,2196.0,1976.0718564271635,2068.177654256148
2019-12-18 23:00:00,1675,1964.0,2065.0,1581.0,1763.8081761185695,1891.396451398038
2019-12-19 00:00:00,1459,1675.0,1731.0,1450.0,1341.3276619682672,1587.330703370302
2019-12-19 01:00:00,929,1459.0,988.0,1004.0,1055.6740498621396,1064.464109111607
2019-12-19 02:00:00,579,929.0,740.0,353.0,659.7839681268756,575.9617490948938
2019-12-19 03:00:00,42,579.0,1301.0,614.0,747.0400470971533,842.9743887164504
2019-12-19 04:00:00,1038,42.0,1082.0,448.0,529.0557050315565,808.6776864996573
2019-12-19 05:00:00,1604,1038.0,1522.0,1431.0,1589.6177758746217,1518.6641373626373
2019-12-19 06:00:00,2428,1604.0,2084.0,2714.0,2379.090528026541,2568.371249994671
2019-12-19 07:00:00,3100,2428.0,3311.0,3336.0,3169.4567493127797,3249.9213756732433
2019-12-19 08:00:00,3168,3100.0,3319.0,3079.0,3343.5448825305557,3316.5252692246354
2019-12-19 09:00:00,2665,3168.0,2765.0,2708.0,2987.7233228221294,2922.510332435631
2019-12-19 10:00:00,3294,2665.0,3158.0,2773.0,2708.351846518441,2752.882777279422
2019-12-19 11:00:00,3059,3294.0,2807.0,2892.0,3303.9722250857403,2878.0294785462333
2019-12-19 12:00:00,2886,3059.0,2732.0,2717.0,2863.9727056554575,2850.099020561409
2019-12-19 13:00:00,2712,2886.0,2646.0,2975.0,2828.1546407241112,2798.6969771695403
2019-12-19 14:00:00,2791,2712.0,2591.0,2548.0,2641.2444700183655,2620.548054792713
2019-12-19 15:00:00,2930,2791.0,2671.0,2649.0,2791.996223259557,2645.4390631050746
2019-12-19 16:00:00,2468,2930.0,2624.0,2476.0,2786.7197107915345,2623.217837533641
2019-12-19 17:00:00,2462,2468.0,2750.0,2105.0,2358.5890435338506,2405.063646108056
2019-12-19 18:00:00,2840,2462.0,2784.0,2589.0,2596.827914048934,2688.3831618682675
2019-12-19 19:00:00,2801,2840.0,2995.0,2948.0,2950.3672317633223,2911.2938083253334
2019-12-19 20:00:00,2835,2801.0,3260.0,2691.0,2726.183951958902,2747.2195891111974
2019-12-19 21:00:00,2499,2835.0,2288.0,2398.0,2339.25417629806,2343.5498318612294
2019-12-19 22:00:00,2119,2499.0,1964.0,2251.0,2105.800895185759,2084.4475469758527
2019-12-19 23:00:00,1722,2119.0,1675.0,1580.0,1731.9766063717198,1867.0755507101087
2019-12-20 00:00:00,1569,1722.0,1459.0,1474.0,1304.3102559406177,1472.8861434961987
2019-12-20 01:00:00,1321,1569.0,929.0,1112.0,1089.8755780504378,1077.605025371971
2019-12-20 02:00:00,540,1321.0,579.0,681.0,830.0353899150032,765.7581137871616
2019-12-20 03:00:00,810,540.0,42.0,513.0,428.61089955371654,649.7728986828772
2019-12-20 04:00:00,718,810.0,1038.0,945.0,1030.691138027122,1009.3517778471265
2019-12-20 05:00:00,1066,718.0,1604.0,1542.0,1166.6053295331837,1312.8331145077216
2019-12-20 06:00:00,2608,1066.0,2428.0,1957.0,1916.2578622930519,2065.8446725967924
2019-12-20 07:00:00,3184,2608.0,3100.0,3313.0,3475.0028668636774,3376.4102416291744
2019-12-20 08:00:00,3426,3184.0,3168.0,3226.0,3434.151102450376,3344.1336578785676
2019-12-20 09:00:00,2991,3426.0,2665.0,2874.0,3212.3114880532694,3069.2947703160025
2019-12-20 10:00:00,3541,2991.0,3294.0,3273.0,3036.368696679127,2949.1861511529487
2019-12-20 11:00:00,3102,3541.0,3059.0,3145.0,3539.7353589624818,3211.9916872061062
2019-12-20 12:00:00,3136,3102.0,2886.0,3072.0,2998.740594225217,2989.1397412864903
2019-12-20 13:00:00,2913,3136.0,2712.0,3114.0,3063.938532828336,2978.6944027103937
2019-12-20 14:00:00,2765,2913.0,2791.0,2990.0,2862.7463558287586,2827.501936576151
2019-12-20 15:00:00,2566,2765.0,2930.0,2571.0,2724.308285260762,2695.6779612231035
2019-12-20 16:00:00,2801,2566.0,2468.0,2690.0,2635.6796141593836,2543.042144673818
2019-12-20 17:00:00,2694,2801.0,2462.0,2761.0,2812.069732018992,2827.349788702551
2019-12-20 18:00:00,2803,2694.0,2840.0,2737.0,2743.312844679371,2791.300132216536
2019-12-20 19:00:00,2476,2803.0,2801.0,2669.0,2741.8850224184234,2793.529397708517
2019-12-20 20:00:00,2431,2476.0,2835.0,2418.0,2433.8016429984436,2369.165781732162
2019-12-20 21:00:00,2145,2431.0,2499.0,2013.0,2255.5719168761198,2088.1716283402734
2019-12-20 22:00:00,1732,2145.0,2119.0,1797.0,1951.3245628422917,1947.7323838141535
2019-12-20 23:00:00,2223,1732.0,1722.0,1919.0,1740.772851275883,1773.4188724384749
2019-12-21 00:00:00,1595,2223.0,1569.0,1679.0,1766.9493874288023,1618.900380952381
2019-12-21 01:00:00,830,1595.0,1321.0,674.0,953.9605422486613,968.2097272727274
2019-12-21 02:00:00,951,830.0,540.0,1118.0,699.9903421329004,947.6593683634376
2019-12-21 03:00:00,1051,951.0,810.0,1004.0,940.7781332937554,993.2032498921585
2019-12-21 04:00:00,1065,1051.0,718.0,734.0,862.4348846913856,925.4064949736293
2019-12-21 05:00:00,526,1065.0,1066.0,545.0,865.4935466021323,841.6074771271489
2019-12-21 06:00:00,833,526.0,2608.0,990.0,1276.926100319871,971.0450455212429
2019-12-21 07:00:00,1722,833.0,3184.0,1775.0,1903.1380355413485,1708.1793915250944
2019-12-21 08:00:00,2616,1722.0,3426.0,2548.0,2728.450429133483,2726.842028138529
2019-12-21 09:00:00,3632,2616.0,2991.0,3470.0,3278.58025616139,3383.268756909758
2019-12-21 10:00:00,4003,3632.0,3541.0,3875.0,3906.2021472853703,3819.2760982842537
2019-12-21 11:00:00,3647,4003.0,3102.0,3591.0,3708.939840170631,3787.836684820207
2019-12-21 12:00:00,3641,3647.0,3136.0,3480.0,3235.763230394963,3437.189257067188
2019-12-21 13:00:00,3219,3641.0,2913.0,3166.0,3224.2779047744693,3363.510523994008
2019-12-21 14:00:00,3055,3219.0,2765.0,3122.0,3025.256782481667,3026.6824408812927
2019-12-21 15:00:00,2648,3055.0,2566.0,2750.0,2804.5576245547604,2802.8067218005476
2019-12-21 16:00:00,2556,2648.0,2801.0,2758.0,2668.5128848713275,2572.5776150084876
2019-12-21 17:00:00,2665,2556.0,2694.0,2552.0,2565.5577147772665,2626.7111655272315
2019-12-21 18:00:00,2751,2665.0,2803.0,2571.0,2653.9694539579414,2656.9374109449063
2019-12-21 19:00:00,2319,2751.0,2476.0,2027.0,2452.899308118793,2505.872783193382
2019-12-21 20:00:00,2165,2319.0,2431.0,2051.0,2164.539411407221,2009.0379387295181
2019-12-21 21:00:00,1650,2165.0,2145.0,1686.0,1957.6466243220466,1816.09425475924
2019-12-21 22:00:00,1708,1650.0,1732.0,1752.0,1640.1116335279225,1706.7002369569655
2019-12-21 23:00:00,2303,1708.0,2223.0,2170.0,1916.0450509311938,1992.9571583463412
2019-12-22 00:00:00,1442,2303.0,1595.0,1290.0,1747.6160411808903,1362.4593678398896
2019-12-22 01:00:00,961,1442.0,830.0,1072.0,900.3731810297529,834.5169098248494
2019-12-22 02:00:00,1158,961.0,951.0,1247.0,883.4403579212985,1037.6566432826905
2019-12-22 03:00:00,968,1158.0,1051.0,989.0,1036.8074260352184,972.7901264682073
2019-12-22 04:00:00,671,968.0,1065.0,595.0,761.3616288487706,619.0810226949411
2019-12-22 05:00:00,226,671.0,526.0,113.0,558.5177381190806,450.0256838889972
2019-12-22 06:00:00,644,226.0,833.0,824.0,855.6171958837226,677.7767320910483
2019-12-22 07:00:00,1438,644.0,1722.0,1022.0,1418.88619322178,1237.6662910021828
2019-12-22 08:00:00,2028,1438.0,2616.0,2196.0,2368.760926159049,2230.073073793202
2019-12-22 09:00:00,3040,2028.0,3632.0,3262.0,3031.203866698448,3168.488563472586
2019-12-22 10:00:00,3716,3040.0,4003.0,3728.0,3734.2981857115,3664.63697127923
2019-12-22 11:00:00,3669,3716.0,3647.0,3902.0,3953.327741376541,3736.3592499773385
2019-12-22 12:00:00,3592,3669.0,3641.0,3732.0,3511.5346463691913,3534.015787456362
2019-12-22 13:00:00,3345,3592.0,3219.0,3414.0,3218.1647214270033,3385.0857711328113
2019-12-22 14:00:00,3172,3345.0,3055.0,3103.0,3003.99090998924,3062.2863887982485
2019-12-22 15:00:00,2685,3172.0,2648.0,2645.0,2813.3352319654655,2820.3689119738615
2019-12-22 16:00:00,2523,2685.0,2556.0,2445.0,2490.974652510748,2491.545125812844
2019-12-22 17:00:00,2388,2523.0,2665.0,2488.0,2455.0859083395917,2574.843217628736
2019-12-22 18:00:00,2640,2388.0,2751.0,2530.0,2410.21111673243,2589.5786250266956
2019-12-22 19:00:00,2477,2640.0,2319.0,2524.0,2494.652861035688,2645.386727543832
2019-12-22 20:00:00,2447,2477.0,2165.0,2525.0,2264.9158482153016,2257.4729842251904
2019-12-22 21:00:00,1774,2447.0,1650.0,1899.0,1943.9765375222519,1902.6328196842453
2019-12-22 22:00:00,1838,1774.0,1708.0,1884.0,1649.5184510703677,1754.4273698468605
2019-12-22 23:00:00,1894,1838.0,2303.0,1722.0,1799.2615079279376,1825.4225202612997
2019-12-23 00:00:00,1344,1894.0,1442.0,1535.0,1412.2983592685594,1276.9029182134916
2019-12-23 01:00:00,852,1344.0,961.0,763.0,909.0514745705611,708.050163266489
2019-12-23 02:00:00,999,852.0,1158.0,456.0,713.8044439594446,674.6791115683486
2019-12-23 03:00:00,853,999.0,968.0,856.0,966.159358285417,947.3477444228246
2019-12-23 04:00:00,875,853.0,671.0,1076.0,818.6836104370175,667.7968429204335
2019-12-23 05:00:00,770,875.0,226.0,1594.0,994.22756300847,962.8838184364655
2019-12-23 06:00:00,856,770.0,644.0,2093.0,1385.4843387558935,1909.0064686815674
2019-12-23 07:00:00,2150,856.0,1438.0,3121.0,1937.6887782170784,1528.2645357142856
2019-12-23 08:00:00,2777,2150.0,2028.0,3191.0,3042.965562802764,3164.745918041638
2019-12-23 09:00:00,3468,2777.0,3040.0,2959.0,3193.043883178181,3225.7780047952633
2019-12-23 10:00:00,3455,3468.0,3716.0,3262.0,3690.0252362016936,3563.641852849093
2019-12-23 11:00:00,3335,3455.0,3669.0,2835.0,3305.5444957445893,3166.4080636795684
2019-12-23 12:00:00,3087,3335.0,3592.0,2785.0,3101.726250810695,3068.278928226945
2019-12-23 13:00:00,2935,3087.0,3345.0,2543.0,2919.230441663049,2942.3955573304947
2019-12-23 14:00:00,2765,2935.0,3172.0,2672.0,2868.059692670922,2828.923109801024
2019-12-23 15:00:00,2688,2765.0,2685.0,2343.0,2585.0007026841454,2578.9402796782347
2019-12-23 16:00:00,2631,2688.0,2523.0,2399.0,2579.844417552028,2528.5646295714632
2019-12-23 17:00:00,2807,2631.0,2388.0,2262.0,2438.733323103023,2535.9921252442427
2019-12-23 18:00:00,2646,2807.0,2640.0,2722.0,2786.9711331078934,2841.3609948620556
2019-12-23 19:00:00,2672,2646.0,2477.0,2832.0,2588.706408100229,2666.08533946082
2019-12-23 20:00:00,2445,2672.0,2447.0,2723.0,2557.616098852346,2517.281400940991
2019-12-23 21:00:00,2157,2445.0,1774.0,2163.0,2133.2638182476576,1981.2950078497845
2019-12-23 22:00:00,2140,2157.0,1838.0,2049.0,1951.504199422776,1937.0452543980982
2019-12-23 23:00:00,2159,2140.0,1894.0,2246.0,2033.6219881997786,2000.624133075864
2019-12-24 00:00:00,2180,2159.0,1344.0,1544.0,1418.1973113684303,1374.1371696913452
2019-12-24 01:00:00,1029,2180.0,852.0,598.0,1097.744129115555,1201.1845079365078
2019-12-24 02:00:00,888,1029.0,999.0,836.0,761.698451806014,892.009527962175
2019-12-24 03:00:00,1059,888.0,853.0,900.0,855.2703103210113,936.0033424516816
2019-12-24 04:00:00,990,1059.0,875.0,1075.0,1034.0028209753912,965.6860588756172
2019-12-24 05:00:00,725,990.0,770.0,1539.0,1091.0791980404797,1001.9353315018316
2019-12-24 06:00:00,597,725.0,856.0,2085.0,1399.7288204401075,1516.052987722082
2019-12-24 07:00:00,1508,597.0,2150.0,3114.0,1913.840145478163,1500.8132835213034
2019-12-24 08:00:00,2265,1508.0,2777.0,3271.0,2792.455893057036,2607.9793147030414
2019-12-24 09:00:00,3917,2265.0,3468.0,2874.0,3109.6528970924182,3203.948318274506
2019-12-24 10:00:00,4020,3917.0,3455.0,3402.0,4227.598186895464,3848.661321428571
2019-12-24 11:00:00,3952,4020.0,3335.0,3127.0,3565.1988550122487,3697.0067200864405
2019-12-24 12:00:00,3924,3952.0,3087.0,3074.0,3292.4148899487564,3578.3764057135145
2019-12-24 13:00:00,3762,3924.0,2935.0,2895.0,3249.8649146647285,3602.4842285366635
2019-12-24 14:00:00,3543,3762.0,2765.0,2775.0,3145.5307281074147,3380.935636878773
2019-12-24 15:00:00,3416,3543.0,2688.0,2406.0,2987.796202185507,3087.4537397080526
2019-12-24 16:00:00,3394,3416.0,2631.0,2558.0,2965.148562310197,2916.3092559478987
2019-12-24 17:00:00,2689,3394.0,2807.0,2905.0,3049.1321185285287,3157.8164006448733
2019-12-24 18:00:00,1986,2689.0,2646.0,2783.0,2685.3346849826053,2570.645325276338
2019-12-24 19:00:00,1654,1986.0,2672.0,3013.0,2438.446747972842,2556.4072939140024
2019-12-24 20:00:00,1540,1654.0,2445.0,2955.0,2282.4705967459026,2163.7481631954333
2019-12-24 21:00:00,1872,1540.0,2157.0,2438.0,2043.5345590858008,2075.218443375194
2019-12-24 22:00:00,1734,1872.0,2140.0,2070.0,2112.1411912978183,1929.8588317334836
2019-12-24 23:00:00,1475,1734.0,2159.0,2065.0,1905.5910893795171,1924.7723847780894
2019-12-25 00:00:00,1715,1475.0,2180.0,1731.0,1483.8556960610836,1651.5106562946385
2019-12-25 01:00:00,1690,1715.0,1029.0,988.0,1335.077418433317,1103.3657375222815
2019-12-25 02:00:00,1013,1690.0,888.0,740.0,1161.1506859619647,983.7372485486736
2019-12-25 03:00:00,522,1013.0,1059.0,1301.0,1028.9483256975948,988.4895291418227
2019-12-25 04:00:00,839,522.0,990.0,1082.0,873.9091271307184,849.1485745254404
2019-12-25 05:00:00,759,839.0,725.0,1522.0,1220.0055463968529,1199.4862261904764
2019-12-25 06:00:00,815,759.0,597.0,2084.0,1436.892881794443,1375.0576852993438
2019-12-25 07:00:00,703,815.0,1508.0,3311.0,1962.4036254764228,1232.7467738095238
2019-12-25 08:00:00,1526,703.0,2265.0,3319.0,2083.686969327724,1713.9586704260655
2019-12-25 09:00:00,2794,1526.0,3917.0,2765.0,2875.271590776803,2688.21351984127
2019-12-25 10:00:00,3481,2794.0,4020.0,3158.0,3744.9261657169764,3628.949261904761
2019-12-25 11:00:00,3686,3481.0,3952.0,2807.0,3727.336861938402,3662.6937280353736
2019-12-25 12:00:00,3490,3686.0,3924.0,2732.0,3465.908843445673,3445.673293144817
2019-12-25 13:00:00,3094,3490.0,3762.0,2646.0,3205.0814921410365,3196.8757213519634
2019-12-25 14:00:00,2935,3094.0,3543.0,2591.0,2976.9088219546256,2886.2714459063486
2019-12-25 15:00:00,2471,2935.0,3416.0,2671.0,2910.9370723825336,2814.339857655775
2019-12-25 16:00:00,1949,2471.0,3394.0,2624.0,2614.408262942677,2501.3398779101135
2019-12-25 17:00:00,1849,1949.0,2689.0,2750.0,2255.964546806601,2362.3811468271206
2019-12-25 18:00:00,1997,1849.0,1986.0,2784.0,2184.6234678993014,2206.834920605748
2019-12-25 19:00:00,1979,1997.0,1654.0,2995.0,2213.9672322984707,2376.2712721508738
2019-12-25 20:00:00,1953,1979.0,1540.0,3260.0,2172.8719317248456,2142.4300802848143
2019-12-25 21:00:00,2136,1953.0,1872.0,2288.0,1856.285883345498,1798.9822359549735
2019-12-25 22:00:00,1735,2136.0,1734.0,1964.0,1900.3050173375946,1831.787150402279
2019-12-25 23:00:00,1425,1735.0,1475.0,1675.0,1500.9977644389191,1529.2897714889257
2019-12-26 00:00:00,1616,1425.0,1715.0,1459.0,1133.8395063427051,1400.0388063974378
2019-12-26 01:00:00,1527,1616.0,1690.0,929.0,1166.5561355627676,1260.77723015873
2019-12-26 02:00:00,869,1527.0,1013.0,579.0,851.0000454633671,928.7397812409811
2019-12-26 03:00:00,428,869.0,522.0,42.0,411.90449538569965,448.8830590711396
2019-12-26 04:00:00,826,428.0,839.0,1038.0,612.345654238301,787.4624625973291
2019-12-26 05:00:00,613,826.0,759.0,1604.0,1099.053802808314,1172.8005714285714
2019-12-26 06:00:00,715,613.0,815.0,2428.0,1356.868538185846,1394.2665590020927
2019-12-26 07:00:00,618,715.0,703.0,3100.0,1632.9377042432648,1427.4289134199132
2019-12-26 08:00:00,1629,618.0,1526.0,3168.0,1726.8961166510253,1471.743103174603
2019-12-26 09:00:00,2957,1629.0,2794.0,2665.0,2622.3836220904955,2747.0105903679664
2019-12-26 10:00:00,3645,2957.0,3481.0,3294.0,3569.915708299006,3546.4898547953558
2019-12-26 11:00:00,3909,3645.0,3686.0,3059.0,3651.8309013373164,3646.3798618480646
2019-12-26 12:00:00,3798,3909.0,3490.0,2886.0,3426.417370677328,3566.9681231705595
2019-12-26 13:00:00,3225,3798.0,3094.0,2712.0,3097.887493490408,3449.709472984346
2019-12-26 14:00:00,2900,3225.0,2935.0,2791.0,2809.3704953257966,2908.0496328103873
2019-12-26 15:00:00,2466,2900.0,2471.0,2930.0,2690.0223192729622,2630.338221126243
2019-12-26 16:00:00,2066,2466.0,1949.0,2468.0,2289.210007373362,2281.2894292352635
2019-12-26 17:00:00,2134,2066.0,1849.0,2462.0,2097.527356027342,2218.190286535375
2019-12-26 18:00:00,1976,2134.0,1997.0,2840.0,2363.6630938245107,2321.2125953494888
2019-12-26 19:00:00,1925,1976.0,1979.0,2801.0,2171.9614539158574,2207.139550076704
2019-12-26 20:00:00,1976,1925.0,1953.0,2835.0,2144.7305076173484,2040.8180508893224
2019-12-26 21:00:00,2065,1976.0,2136.0,2499.0,2030.1796409554663,2107.439366354875
2019-12-26 22:00:00,2121,2065.0,1735.0,2119.0,1904.1037476939082,1870.1777870498556
2019-12-26 23:00:00,1499,2121.0,1425.0,1722.0,1739.4702742407299,1613.6508861832606
2019-12-27 00:00:00,1347,1499.0,1616.0,1569.0,1228.741254780162,1319.1973295831988
2019-12-27 01:00:00,1312,1347.0,1527.0,1321.0,1135.9417897485687,1301.622160541765
2019-12-27 02:00:00,1229,1312.0,869.0,540.0,816.9201802571961,879.860118139098
2019-12-27 03:00:00,630,1229.0,428.0,810.0,786.6641228837718,793.9168610001111
2019-12-27 04:00:00,586,630.0,826.0,718.0,667.6835191672151,525.8301510257843
2019-12-27 05:00:00,916,586.0,613.0,1066.0,811.0285115303839,675.0688701293927
2019-12-27 06:00:00,1225,916.0,715.0,2608.0,1678.9330783652836,1600.8599488993707
2019-12-27 07:00:00,1441,1225.0,618.0,3184.0,2016.3588107726398,1985.6725670995675
2019-12-27 08:00:00,2510,1441.0,1629.0,3426.0,2316.1557075516753,2460.525119441729
2019-12-27 09:00:00,3611,2510.0,2957.0,2991.0,3129.093647141641,3079.0353812429526
2019-12-27 10:00:00,3970,3611.0,3645.0,3541.0,3955.2177520473388,3776.4762398011335
2019-12-27 11:00:00,3963,3970.0,3909.0,3102.0,3734.008162795354,3777.937852903225
2019-12-27 12:00:00,3758,3963.0,3798.0,3136.0,3508.528167450383,3722.5569983805094
2019-12-27 13:00:00,3429,3758.0,3225.0,2913.0,3224.3399199135993,3479.3877230152366
2019-12-27 14:00:00,2965,3429.0,2900.0,2765.0,3046.1176840552457,3038.824260837594
2019-12-27 15:00:00,2658,2965.0,2466.0,2566.0,2678.4575015782507,2646.478411216563
2019-12-27 16:00:00,2446,2658.0,2066.0,2801.0,2597.7113132435993,2514.830908359066
2019-12-27 17:00:00,2534,2446.0,2134.0,2694.0,2460.64907550813,2406.728326830922
2019-12-27 18:00:00,2749,2534.0,1976.0,2803.0,2533.7682456758557,2548.811669231682
2019-12-27 19:00:00,2683,2749.0,1925.0,2476.0,2527.1962353668755,2411.041596974725
2019-12-27 20:00:00,2325,2683.0,1976.0,2431.0,2357.2656694647058,2319.399749718332
2019-12-27 21:00:00,1856,2325.0,2065.0,2145.0,2089.1842570543945,1954.6384823676171
2019-12-27 22:00:00,1466,1856.0,2121.0,1732.0,1780.1300789456927,1863.3334147000805
2019-12-27 23:00:00,2236,1466.0,1499.0,2223.0,1652.992660079857,1758.155466719681
2019-12-28 00:00:00,1516,2236.0,1347.0,1595.0,1777.6008421859176,1686.859969747899
2019-12-28 01:00:00,956,1516.0,1312.0,830.0,915.5354763775601,1074.4538009449436
2019-12-28 02:00:00,1212,956.0,1229.0,951.0,787.1557197682826,976.9251669508474
2019-12-28 03:00:00,1024,1212.0,630.0,1051.0,987.0472365301521,934.0546864667683
2019-12-28 04:00:00,683,1024.0,586.0,1065.0,802.5577564466455,734.4997710210964
2019-12-28 05:00:00,175,683.0,916.0,526.0,662.6092262249456,486.52258063480707
2019-12-28 06:00:00,850,175.0,1225.0,833.0,855.4317908895882,657.9192294856097
2019-12-28 07:00:00,1437,850.0,1441.0,1722.0,1663.2584905882582,1592.3604611342591
2019-12-28 08:00:00,1990,1437.0,2510.0,2616.0,2349.390714168516,2496.4660597914462
2019-12-28 09:00:00,3052,1990.0,3611.0,3632.0,3030.2286445710183,3156.415426046176
2019-12-28 10:00:00,3451,3052.0,3970.0,4003.0,3766.57460183165,3681.093794283711
2019-12-28 11:00:00,3536,3451.0,3963.0,3647.0,3626.758158021556,3601.554304048164
2019-12-28 12:00:00,3285,3536.0,3758.0,3641.0,3416.941436186184,3416.4835810076356
2019-12-28 13:00:00,3079,3285.0,3429.0,3219.0,3047.72072171639,3105.9948019743983
2019-12-28 14:00:00,2874,3079.0,2965.0,3055.0,2846.1706024125942,2915.3505484644083
2019-12-28 15:00:00,2569,2874.0,2658.0,2648.0,2651.5055270888115,2683.5369814534874
2019-12-28 16:00:00,2330,2569.0,2446.0,2556.0,2439.4053670954504,2438.441933629431
2019-12-28 17:00:00,2554,2330.0,2534.0,2665.0,2338.4193851093814,2416.010267890243
2019-12-28 18:00:00,2594,2554.0,2749.0,2751.0,2614.9486712078424,2681.9998560435833
2019-12-28 19:00:00,2246,2594.0,2683.0,2319.0,2394.2479403681677,2508.7307465032677
2019-12-28 20:00:00,2024,2246.0,2325.0,2165.0,2022.0999092773664,2036.7649993598172
2019-12-28 21:00:00,1709,2024.0,1856.0,1650.0,1703.2411191522865,1713.7857488161153
2019-12-28 22:00:00,1993,1709.0,1466.0,1708.0,1481.5431642903477,1593.6602031716895
2019-12-28 23:00:00,2084,1993.0,2236.0,2303.0,2001.0844431951323,2052.392240821657
2019-12-29 00:00:00,1312,2084.0,1516.0,1442.0,1371.3596579745406,1342.4796168322675
2019-12-29 01:00:00,1123,1312.0,956.0,961.0,735.3719594516665,907.7130109462524
2019-12-29 02:00:00,1197,1123.0,1212.0,1158.0,832.1292745292697,1071.463101258329
2019-12-29 03:00:00,1027,1197.0,1024.0,968.0,811.7430734334953,971.4679310268662
2019-12-29 04:00:00,637,1027.0,683.0,671.0,604.6971487546336,658.9118292840305
2019-12-29 05:00:00,188,637.0,175.0,226.0,340.47042668747144,463.6774967733828
2019-12-29 06:00:00,740,188.0,850.0,644.0,666.59464133551,648.2966346317262
2019-12-29 07:00:00,1201,740.0,1437.0,1438.0,1407.7777089330004,1408.5409352502288
2019-12-29 08:00:00,1572,1201.0,1990.0,2028.0,1867.686229664398,1967.8313927709544
2019-12-29 09:00:00,2627,1572.0,3052.0,3040.0,2403.0101098461937,2653.395340736374
2019-12-29 10:00:00,3259,2627.0,3451.0,3716.0,3351.161788880153,3485.176243036128
2019-12-29 11:00:00,3481,3259.0,3536.0,3669.0,3468.9187875623816,3573.2728542429795
2019-12-29 12:00:00,3462,3481.0,3285.0,3592.0,3314.3372051620763,3397.26972422554
2019-12-29 13:00:00,3384,3462.0,3079.0,3345.0,3067.4695825240115,3284.2120881479136
2019-12-29 14:00:00,3011,3384.0,2874.0,3172.0,2925.376421363893,3061.551168663042
2019-12-29 15:00:00,2623,3011.0,2569.0,2685.0,2595.950775435814,2695.990204544998
2019-12-29 16:00:00,2519,2623.0,2330.0,2523.0,2378.1951944181315,2414.3329655978305
2019-12-29 17:00:00,2357,2519.0,2554.0,2388.0,2350.7556886604507,2536.5309698655656
2019-12-29 18:00:00,2328,2357.0,2594.0,2640.0,2324.8891341248736,2577.067969265802
2019-12-29 19:00:00,2270,2328.0,2246.0,2477.0,2176.5493796352043,2382.8861356609577
2019-12-29 20:00:00,2554,2270.0,2024.0,2447.0,2046.1792895361841,2098.2608755211545
2019-12-29 21:00:00,1740,2554.0,1709.0,1774.0,2048.7666872716786,1962.9009294871796
2019-12-29 22:00:00,1857,1740.0,1993.0,1838.0,1586.3110043642446,1677.530285992119
2019-12-29 23:00:00,2234,1857.0,2084.0,1894.0,1760.2536734186035,1831.3185099709465
2019-12-30 00:00:00,1312,2234.0,1312.0,1344.0,1567.3821249373545,1232.1942857142856
2019-12-30 01:00:00,1167,1312.0,1123.0,852.0,824.3003061228158,932.9798406351388
2019-12-30 02:00:00,1062,1167.0,1197.0,999.0,927.1978313888737,1034.5765452207843
2019-12-30 03:00:00,970,1062.0,1027.0,853.0,811.5058492783601,803.2872986649372
2019-12-30 04:00:00,959,970.0,637.0,875.0,753.9006414334563,668.3131377779985
2019-12-30 05:00:00,241,959.0,188.0,770.0,700.8264873205678,735.4693775660759
2019-12-30 06:00:00,1234,241.0,740.0,856.0,822.6585777036998,689.3051573241668
2019-12-30 07:00:00,1968,1234.0,1201.0,2150.0,2013.6132446705733,2243.1698101851844
2019-12-30 08:00:00,2316,1968.0,1572.0,2777.0,2517.926246913219,2946.140583176691
2019-12-30 09:00:00,3174,2316.0,2627.0,3468.0,2846.417188873923,2924.2031301263823
2019-12-30 10:00:00,3380,3174.0,3259.0,3455.0,3546.4996379271784,3303.875771522248
2019-12-30 11:00:00,3219,3380.0,3481.0,3335.0,3396.7077436396926,3394.6116677326663
2019-12-30 12:00:00,3076,3219.0,3462.0,3087.0,3087.627993400894,3054.7052526539273
2019-12-30 13:00:00,2810,3076.0,3384.0,2935.0,3029.371131497727,2952.02903383953
2019-12-30 14:00:00,2520,2810.0,3011.0,2765.0,2796.166267430723,2734.2719560497726
2019-12-30 15:00:00,2465,2520.0,2623.0,2688.0,2614.2284391292537,2455.397474447148
2019-12-30 16:00:00,2213,2465.0,2519.0,2631.0,2496.44777204,2470.692679622489
2019-12-30 17:00:00,2368,2213.0,2357.0,2807.0,2391.2988773137317,2406.285094457136
2019-12-30 18:00:00,2361,2368.0,2328.0,2646.0,2473.995335702278,2484.458385585311
2019-12-30 19:00:00,2226,2361.0,2270.0,2672.0,2340.2928438926497,2415.750971049348
2019-12-30 20:00:00,2294,2226.0,2554.0,2445.0,2188.779472525978,2233.4229616219845
2019-12-30 21:00:00,1850,2294.0,1740.0,2157.0,2007.663991564747,1913.9725311672635
2019-12-30 22:00:00,2108,1850.0,1857.0,2140.0,1774.945578879596,1781.7360912469924
2019-12-30 23:00:00,2131,2108.0,2234.0,2159.0,2084.5276865787,2012.3343633358757
2019-12-31 00:00:00,1212,2131.0,1312.0,2180.0,1570.5622379401875,1615.782421216748
2019-12-31 01:00:00,1359,1212.0,1167.0,1029.0,800.0357002077428,952.912925242724
2019-12-31 02:00:00,1092,1359.0,1062.0,888.0,975.1303465768053,1094.6954179435352
2019-12-31 03:00:00,942,1092.0,970.0,1059.0,800.5165008015538,911.0990672958479
2019-12-31 04:00:00,726,942.0,959.0,990.0,807.1134198594859,816.4646572535464
2019-12-31 05:00:00,267,726.0,241.0,725.0,588.9572417362867,409.57140883092865
2019-12-31 06:00:00,887,267.0,1234.0,597.0,831.8054449310389,710.4082298953275
2019-12-31 07:00:00,1374,887.0,1968.0,1508.0,1697.6988709978327,1801.247119512112
2019-12-31 08:00:00,2035,1374.0,2316.0,2265.0,2167.731239280373,2248.9409275697476
2019-12-31 09:00:00,3244,2035.0,3174.0,3917.0,3082.5455643130235,3141.675030254526
2019-12-31 10:00:00,3667,3244.0,3380.0,4020.0,3838.524253430882,3433.808375847228
2019-12-31 11:00:00,3670,3667.0,3219.0,3952.0,3658.437372512788,3608.433731127607
2019-12-31 12:00:00,3574,3670.0,3076.0,3924.0,3383.08964848883,3548.806233301957
2019-12-31 13:00:00,3329,3574.0,2810.0,3762.0,3185.422193342629,3388.4366324940574
2019-12-31 14:00:00,3183,3329.0,2520.0,3543.0,3033.27948053181,3086.9491243639186
2019-12-31 15:00:00,3086,3183.0,2465.0,3416.0,3003.9030684072563,2925.6162695648854
2019-12-31 16:00:00,3235,3086.0,2213.0,3394.0,2825.3220853444864,2876.9204374323185
2019-12-31 17:00:00,3465,3235.0,2368.0,2689.0,2811.116980230014,2897.3514053009467
2019-12-31 18:00:00,3116,3465.0,2361.0,1986.0,2814.0317022815793,2820.8952298524773
2019-12-31 19:00:00,2370,3116.0,2226.0,1654.0,2358.010474093725,2445.466485042735
2019-12-31 20:00:00,1704,2370.0,2294.0,1540.0,1974.0679959251497,2025.235225249762
2019-12-31 21:00:00,1358,1704.0,1850.0,1872.0,1718.6432696379275,1733.474642075755
2019-12-31 22:00:00,1578,1358.0,2108.0,1734.0,1617.0887378194166,1804.5482306858062
2019-12-31 23:00:00,1750,1578.0,2131.0,1475.0,1707.2960358959303,1891.4139561404445
2020-01-01 00:00:00,1353,1750.0,1212.0,1715.0,1460.310231563929,1311.6503011883956
2020-01-01 01:00:00,1495,1353.0,1359.0,1690.0,1194.1083600197421,1214.5162876488403
2020-01-01 02:00:00,1807,1495.0,1092.0,1013.0,1149.5886401060573,1179.7249852335276
2020-01-01 03:00:00,1121,1807.0,942.0,522.0,1201.5533614076815,1167.3541290804903
2020-01-01 04:00:00,869,1121.0,726.0,839.0,816.235248516118,690.8580775263457
2020-01-01 05:00:00,910,869.0,267.0,759.0,755.2996652479039,634.6641834203243
2020-01-01 06:00:00,677,910.0,887.0,815.0,1172.0434754668038,1032.8328096893172
2020-01-01 07:00:00,427,677.0,1374.0,703.0,1131.9857435404729,816.2015980497823
2020-01-01 08:00:00,858,427.0,2035.0,1526.0,1439.3358640593667,1559.4288919729756
2020-01-01 09:00:00,1952,858.0,3244.0,2794.0,2339.150919499631,1853.431321428571
2020-01-01 10:00:00,2196,1952.0,3667.0,3481.0,3328.660415315562,3089.178365147783
2020-01-01 11:00:00,2685,2196.0,3670.0,3686.0,3215.879085419617,3066.607919134727
2020-01-01 12:00:00,2913,2685.0,3574.0,3490.0,3294.745773501445,2915.859622421733
2020-01-01 13:00:00,2959,2913.0,3329.0,3094.0,3138.957531331629,3054.794048734778
2020-01-01 14:00:00,2727,2959.0,3183.0,2935.0,3002.144537978548,2874.6864281698136
2020-01-01 15:00:00,2505,2727.0,3086.0,2471.0,2722.4768534594405,2611.409498745177
2020-01-01 16:00:00,2328,2505.0,3235.0,1949.0,2486.6864641111492,2536.1705569985575
2020-01-01 17:00:00,2463,2328.0,3465.0,1849.0,2319.985487253714,2331.5653689789888
2020-01-01 18:00:00,2392,2463.0,3116.0,1997.0,2382.6965275127372,2516.8813376786616
2020-01-01 19:00:00,2310,2392.0,2370.0,1979.0,2076.791063590112,2336.8897426049193
2020-01-01 20:00:00,2235,2310.0,1704.0,1953.0,1871.7923413342437,1987.5749376339122
2020-01-01 21:00:00,1960,2235.0,1358.0,2136.0,1791.601486613742,1951.0894053146342
2020-01-01 22:00:00,1848,1960.0,1578.0,1735.0,1588.0803225848906,1710.3088225680215
2020-01-01 23:00:00,1257,1848.0,1750.0,1425.0,1500.8756777277308,1665.6088182167605
2020-01-02 00:00:00,1295,1257.0,1353.0,1616.0,970.1202757568228,1131.6309630274875
2020-01-02 01:00:00,1216,1295.0,1495.0,1527.0,1060.8648204874146,1272.2857861893851
2020-01-02 02:00:00,944,1216.0,1807.0,869.0,825.7584764100077,994.8690549530282
2020-01-02 03:00:00,598,944.0,1121.0,428.0,560.651837747515,680.5138915168941
2020-01-02 04:00:00,457,598.0,869.0,826.0,550.6010476358676,621.313063023751
2020-01-02 05:00:00,1097,457.0,910.0,613.0,518.4764229110322,672.6149808260404
2020-01-02 06:00:00,1385,1097.0,677.0,715.0,1217.6588470221407,1535.4464281045753
2020-01-02 07:00:00,1623,1385.0,427.0,618.0,1229.0763895080922,1501.335475723623
2020-01-02 08:00:00,2308,1623.0,858.0,1629.0,1618.2749417450705,1682.337607014107
2020-01-02 09:00:00,2877,2308.0,1952.0,2957.0,2565.1890158994624,2763.1333501452277
2020-01-02 10:00:00,3194,2877.0,2196.0,3645.0,3123.1923451026587,3270.456678571429
2020-01-02 11:00:00,3294,3194.0,2685.0,3909.0,3328.061536231652,3187.410078324928
2020-01-02 12:00:00,3177,3294.0,2913.0,3798.0,3265.1952187457427,3164.6728485774443
2020-01-02 13:00:00,3056,3177.0,2959.0,3225.0,2951.2500200321783,3016.0230565850416
2020-01-02 14:00:00,2846,3056.0,2727.0,2900.0,2827.2370371419697,2845.80983096321
2020-01-02 15:00:00,2626,2846.0,2505.0,2466.0,2584.372604887746,2657.8071768893014
2020-01-02 16:00:00,2412,2626.0,2328.0,2066.0,2386.6905488885905,2422.2616935190003
2020-01-02 17:00:00,2383,2412.0,2463.0,2134.0,2295.002369674046,2425.1170151604774
2020-01-02 18:00:00,2610,2383.0,2392.0,1976.0,2277.257319911268,2439.993523675666
2020-01-02 19:00:00,2658,2610.0,2310.0,1925.0,2392.5780972440807,2393.9450309690305
2020-01-02 20:00:00,2376,2658.0,2235.0,1976.0,2334.506349808769,2355.244978971745
2020-01-02 21:00:00,1969,2376.0,1960.0,2065.0,2084.9799683055057,2015.2782955587622
2020-01-02 22:00:00,2172,1969.0,1848.0,2121.0,1898.541341897486,1888.6324946182938
2020-01-02 23:00:00,2109,2172.0,1257.0,1499.0,1805.6343208853975,1657.5383267502286
2020-01-03 00:00:00,1297,2109.0,1295.0,1347.0,1425.414472131068,1282.7511594048651
2020-01-03 01:00:00,792,1297.0,1216.0,1312.0,1054.884029034374,1080.2492142857145
2020-01-03 02:00:00,1061,792.0,944.0,1229.0,857.6347922393859,980.6989640601219
2020-01-03 03:00:00,939,1061.0,598.0,630.0,928.5113772360764,833.1982179088055
2020-01-03 04:00:00,672,939.0,457.0,586.0,757.5586157484684,567.9321550210447
2020-01-03 05:00:00,494,672.0,1097.0,916.0,888.3187557214062,821.7104157107979
2020-01-03 06:00:00,1125,494.0,1385.0,1225.0,1232.391799380233,1228.9241167766063
2020-01-03 07:00:00,1899,1125.0,1623.0,1441.0,1852.169878006535,1538.7214885326175
2020-01-03 08:00:00,2356,1899.0,2308.0,2510.0,2672.9124316248544,2677.6801016599056
2020-01-03 09:00:00,3351,2356.0,2877.0,3611.0,3113.8771546846233,3120.5192912816974
2020-01-03 10:00:00,3639,3351.0,3194.0,3970.0,3865.240730289834,3414.417467795803
2020-01-03 11:00:00,3439,3639.0,3294.0,3963.0,3753.05188096972,3527.947265753998
2020-01-03 12:00:00,3367,3439.0,3177.0,3758.0,3310.483107776099,3306.3742709565668
2020-01-03 13:00:00,3240,3367.0,3056.0,3429.0,3213.9883836034055,3197.018844494741
2020-01-03 14:00:00,2838,3240.0,2846.0,2965.0,2983.441075441577,3031.0489883833907
2020-01-03 15:00:00,2674,2838.0,2626.0,2658.0,2685.789963701071,2687.249405203932
2020-01-03 16:00:00,2453,2674.0,2412.0,2446.0,2569.198801934582,2554.369863381823
2020-01-03 17:00:00,2550,2453.0,2383.0,2534.0,2452.0179300872364,2473.822194320615
2020-01-03 18:00:00,2690,2550.0,2610.0,2749.0,2649.1953375177072,2650.105714258754
2020-01-03 19:00:00,2506,2690.0,2658.0,2683.0,2693.256396914101,2690.236445878012
2020-01-03 20:00:00,1996,2506.0,2376.0,2325.0,2288.6023579764305,2273.4129721594913
2020-01-03 21:00:00,1679,1996.0,1969.0,1856.0,1843.5579798623698,1889.4358813555143
2020-01-03 22:00:00,1810,1679.0,2172.0,1466.0,1683.4413848996185,1744.5187896686414
2020-01-03 23:00:00,2189,1810.0,2109.0,2236.0,1980.1073304839624,2045.6379609820253
2020-01-04 00:00:00,1571,2189.0,1297.0,1516.0,1580.9808147212125,1316.6970421212195
2020-01-04 01:00:00,898,1571.0,792.0,956.0,880.6525857462057,870.2636696428573
2020-01-04 02:00:00,1141,898.0,1061.0,1212.0,784.9146991907453,1095.3596288487831
2020-01-04 03:00:00,974,1141.0,939.0,1024.0,986.7198335548667,1008.2637614616714
2020-01-04 04:00:00,902,974.0,672.0,683.0,700.1958535591314,599.4551502176212
2020-01-04 05:00:00,323,902.0,494.0,175.0,572.5598025042907,649.6369731663265
2020-01-04 06:00:00,762,323.0,1125.0,850.0,870.8859108813358,663.2702416282823
2020-01-04 07:00:00,1518,762.0,1899.0,1437.0,1545.8039916171344,1561.991661911944
2020-01-04 08:00:00,1951,1518.0,2356.0,1990.0,2224.9426764478035,2206.611048874186
2020-01-04 09:00:00,3029,1951.0,3351.0,3052.0,2785.8135047523238,3008.582363692357
2020-01-04 10:00:00,3471,3029.0,3639.0,3451.0,3588.9527108108405,3540.0775060475466
2020-01-04 11:00:00,3477,3471.0,3439.0,3536.0,3588.214999897862,3558.496441473001
2020-01-04 12:00:00,3363,3477.0,3367.0,3285.0,3211.887794384195,3328.108636441299
2020-01-04 13:00:00,3160,3363.0,3240.0,3079.0,3047.8763540858013,3145.645259126626
2020-01-04 14:00:00,2946,3160.0,2838.0,2874.0,2868.5237426671215,2927.336168783465
2020-01-04 15:00:00,2778,2946.0,2674.0,2569.0,2654.3920943938438,2681.8371367489626
2020-01-04 16:00:00,2749,2778.0,2453.0,2330.0,2468.0473782589784,2554.7646546803735
2020-01-04 17:00:00,2700,2749.0,2550.0,2554.0,2512.2265711181494,2724.678866654423
2020-01-04 18:00:00,2638,2700.0,2690.0,2594.0,2484.2887436313986,2670.7807109448213
2020-01-04 19:00:00,2541,2638.0,2506.0,2246.0,2323.981028986733,2493.626022910551
2020-01-04 20:00:00,2175,2541.0,1996.0,2024.0,2108.5449083935287,2203.715186824192
2020-01-04 21:00:00,1709,2175.0,1679.0,1709.0,1772.8435846715518,1749.2491123965283
2020-01-04 22:00:00,1712,1709.0,1810.0,1993.0,1680.2511255408704,1813.2435574444785
2020-01-04 23:00:00,2117,1712.0,2189.0,2084.0,1795.3824507356837,1910.9713932837126
2020-01-05 00:00:00,1962,2117.0,1571.0,1312.0,1534.0799464488678,1303.7956049275053
2020-01-05 01:00:00,1044,1962.0,898.0,1123.0,1151.0019198842929,1086.328753683665
2020-01-05 02:00:00,1161,1044.0,1141.0,1197.0,802.4074795025986,1068.8519658335872
2020-01-05 03:00:00,1107,1161.0,974.0,1027.0,940.0424663179062,990.9927671333596
2020-01-05 04:00:00,1017,1107.0,902.0,637.0,737.0048835370492,752.7973415214129
2020-01-05 05:00:00,496,1017.0,323.0,188.0,566.3262334636449,696.7699688145188
2020-01-05 06:00:00,516,496.0,762.0,740.0,860.6370360593996,548.0449491163614
2020-01-05 07:00:00,1322,516.0,1518.0,1201.0,1216.4499323109999,1124.0096455708067
2020-01-05 08:00:00,1876,1322.0,1951.0,1572.0,1971.1500113943885,2009.9855830155714
2020-01-05 09:00:00,2640,1876.0,3029.0,2627.0,2648.550170441827,2858.932245951418
2020-01-05 10:00:00,3423,2640.0,3471.0,3259.0,3213.9704969018835,3419.7541684709017
2020-01-05 11:00:00,3654,3423.0,3477.0,3481.0,3671.158209809304,3533.101650202137
2020-01-05 12:00:00,3664,3654.0,3363.0,3462.0,3518.1575002381514,3532.0600822404026
2020-01-05 13:00:00,3322,3664.0,3160.0,3384.0,3262.5637044817263,3488.0271874599766
2020-01-05 14:00:00,3138,3322.0,2946.0,3011.0,2995.2703842586343,3051.7311859347515
2020-01-05 15:00:00,2856,3138.0,2778.0,2623.0,2787.2293362625214,2804.866091735258
2020-01-05 16:00:00,2744,2856.0,2749.0,2519.0,2604.191689743421,2612.3688006520306
2020-01-05 17:00:00,2869,2744.0,2700.0,2357.0,2495.439069087689,2666.804084225984
2020-01-05 18:00:00,2835,2869.0,2638.0,2328.0,2581.291291518784,2764.036651765153
2020-01-05 19:00:00,2840,2835.0,2541.0,2270.0,2443.1067066105593,2675.1010608542083
2020-01-05 20:00:00,2597,2840.0,2175.0,2554.0,2379.004932220794,2625.7221160908216
2020-01-05 21:00:00,1971,2597.0,1709.0,1740.0,1985.8026150391033,1983.3087716450227
2020-01-05 22:00:00,1864,1971.0,1712.0,1857.0,1728.2520283081858,1812.7255449209415
2020-01-05 23:00:00,1731,1864.0,2117.0,2234.0,1896.341388270861,1980.4351532076998
2020-01-06 00:00:00,1681,1731.0,1962.0,1312.0,1383.9673165504,1556.9456715510453
2020-01-06 01:00:00,943,1681.0,1044.0,1167.0,1181.6872471030392,1120.982152349056
2020-01-06 02:00:00,412,943.0,1161.0,1062.0,896.4181621552145,928.1450428158555
2020-01-06 03:00:00,750,412.0,1107.0,970.0,747.453887945029,842.5709674090774
2020-01-06 04:00:00,1081,750.0,1017.0,959.0,1040.4281915827792,909.2185265219574
2020-01-06 05:00:00,1596,1081.0,496.0,241.0,966.1063566094379,927.8479146825397
2020-01-06 06:00:00,2394,1596.0,516.0,1234.0,1701.1617196705877,1721.8540714285714
2020-01-06 07:00:00,2503,2394.0,1322.0,1968.0,2467.986801700816,2413.394496758297
2020-01-06 08:00:00,2173,2503.0,1876.0,2316.0,2508.8650611907756,2344.9621737546395
2020-01-06 09:00:00,3232,2173.0,2640.0,3174.0,2611.6484621238315,2531.6174654139713
2020-01-06 10:00:00,3175,3232.0,3423.0,3380.0,3726.5330995879485,3313.844625491658
2020-01-06 11:00:00,3055,3175.0,3654.0,3219.0,3330.6462231662663,3161.2973080827446
2020-01-06 12:00:00,3062,3055.0,3664.0,3076.0,3140.1514626622857,2986.9949490011063
2020-01-06 13:00:00,2909,3062.0,3322.0,2810.0,2983.022110373183,2932.106693830133
2020-01-06 14:00:00,2757,2909.0,3138.0,2520.0,2839.2519347270154,2773.922455158685
2020-01-06 15:00:00,2604,2757.0,2856.0,2465.0,2723.5621680209088,2625.425130406493
2020-01-06 16:00:00,2451,2604.0,2744.0,2213.0,2533.9533923454705,2517.5403665769377
2020-01-06 17:00:00,2526,2451.0,2869.0,2368.0,2467.8160907502115,2517.8774538242074
2020-01-06 18:00:00,2805,2526.0,2835.0,2361.0,2523.375930101158,2656.949509505819
2020-01-06 19:00:00,3056,2805.0,2840.0,2226.0,2644.935222718252,2802.0456103076394
2020-01-06 20:00:00,3061,3056.0,2597.0,2294.0,2685.5871399100865,2611.420287536363
2020-01-06 21:00:00,2335,3061.0,1971.0,1850.0,2312.9657063045734,2188.9004186507937
2020-01-06 22:00:00,2116,2335.0,1864.0,2108.0,1954.810418225827,2012.1133457585495
2020-01-06 23:00:00,1650,2116.0,1731.0,2131.0,1900.4855049624216,2001.1275913427176
2020-01-07 00:00:00,1650,1650.0,1681.0,1212.0,1211.3873716042865,1548.4067885402383
2020-01-07 01:00:00,1271,1650.0,943.0,1359.0,1204.7512450141116,1179.564118694711
2020-01-07 02:00:00,675,1271.0,412.0,1092.0,871.7109856516433,726.8737730124751
2020-01-07 03:00:00,670,675.0,750.0,942.0,713.7998536706589,755.0333768435189
2020-01-07 04:00:00,1051,670.0,1081.0,726.0,820.6869915224563,865.2922526333563
2020-01-07 05:00:00,1306,1051.0,1596.0,267.0,1090.734975685921,1162.9074325396828
2020-01-07 06:00:00,2103,1306.0,2394.0,887.0,1713.9244891890419,1921.1294206349207
2020-01-07 07:00:00,3193,2103.0,2503.0,1374.0,2385.68559296478,2770.0846178519737
2020-01-07 08:00:00,3002,3193.0,2173.0,2035.0,3094.792707425917,3245.1425087734838
2020-01-07 09:00:00,2962,3002.0,3232.0,3244.0,3152.044547557993,3037.2349390713644
2020-01-07 10:00:00,2993,2962.0,3175.0,3667.0,3152.6872242316017,2903.7884566871344
2020-01-07 11:00:00,2859,2993.0,3055.0,3670.0,3123.0092774422733,2913.4364357480895
2020-01-07 12:00:00,2798,2859.0,3062.0,3574.0,3031.7260185341283,2754.175613894471
2020-01-07 13:00:00,2785,2798.0,2909.0,3329.0,2942.8856432266707,2721.5357319910945
2020-01-07 14:00:00,2508,2785.0,2757.0,3183.0,2839.20147442403,2721.3713947065307
2020-01-07 15:00:00,2357,2508.0,2604.0,3086.0,2697.7509244336743,2468.127804118606
2020-01-07 16:00:00,2290,2357.0,2451.0,3235.0,2687.489658476604,2457.8291316751825
2020-01-07 17:00:00,2467,2290.0,2526.0,3465.0,2687.8218067132784,2599.9550024184878
2020-01-07 18:00:00,2773,2467.0,2805.0,3116.0,2787.268291934171,2743.972999105773
2020-01-07 19:00:00,3109,2773.0,3056.0,2370.0,2776.6675759936415,2869.6538077241603
2020-01-07 20:00:00,2701,3109.0,3061.0,1704.0,2707.5611156012997,2720.4714371091873
2020-01-07 21:00:00,2250,2701.0,2335.0,1358.0,2062.2234329975563,2168.0406666666668
2020-01-07 22:00:00,2008,2250.0,2116.0,1578.0,1890.7819130758126,1964.3956866501371
2020-01-07 23:00:00,1722,2008.0,1650.0,1750.0,1780.1638807473673,1787.8713252492632
2020-01-08 00:00:00,1561,1722.0,1650.0,1353.0,1337.263018098658,1548.0638207885759
2020-01-08 01:00:00,1225,1561.0,1271.0,1495.0,1263.828234355836,1236.4827533794537
2020-01-08 02:00:00,554,1225.0,675.0,1807.0,1139.1901008665811,924.5829805194808
2020-01-08 03:00:00,842,554.0,670.0,1121.0,735.2884588191018,725.2116695277386
2020-01-08 04:00:00,1137,842.0,1051.0,869.0,1025.588930589591,1025.8465771912474
2020-01-08 05:00:00,1374,1137.0,1306.0,910.0,1217.5961178135829,1321.7714523809523
2020-01-08 06:00:00,2072,1374.0,2103.0,677.0,1584.4210316735084,1870.598023809524
2020-01-08 07:00:00,3081,2072.0,3193.0,427.0,2197.8681289707256,2923.470084859585
2020-01-08 08:00:00,2830,3081.0,3002.0,858.0,2847.865576356322,3120.7880119047622
2020-01-08 09:00:00,2992,2830.0,2962.0,1952.0,2637.981159435857,2859.1637323546024
2020-01-08 10:00:00,2900,2992.0,2993.0,2196.0,2848.8069669758293,2860.328269580705
2020-01-08 11:00:00,2646,2900.0,2859.0,2685.0,2793.850681412021,2794.67300356949
2020-01-08 12:00:00,2618,2646.0,2798.0,2913.0,2753.157263717703,2674.63679035081
2020-01-08 13:00:00,2591,2618.0,2785.0,2959.0,2754.279556200253,2627.486204911952
2020-01-08 14:00:00,2575,2591.0,2508.0,2727.0,2596.6776577022983,2541.1743831386075
2020-01-08 15:00:00,2419,2575.0,2357.0,2505.0,2514.505978259711,2484.023807225815
2020-01-08 16:00:00,2455,2419.0,2290.0,2328.0,2397.4848880518894,2389.179799054627
2020-01-08 17:00:00,2673,2455.0,2467.0,2463.0,2476.110090926659,2536.494246640585
2020-01-08 18:00:00,2795,2673.0,2773.0,2392.0,2692.1275005973757,2733.265360378536
2020-01-08 19:00:00,2914,2795.0,3109.0,2310.0,2701.8371239010835,2810.5092440733633
2020-01-08 20:00:00,2692,2914.0,2701.0,2235.0,2576.6375354240636,2728.4438333701355
2020-01-08 21:00:00,2138,2692.0,2250.0,1960.0,2202.231654328764,2196.5019891873835
2020-01-08 22:00:00,1906,2138.0,2008.0,1848.0,1880.4986448274228,1951.3199346977165
2020-01-08 23:00:00,1610,1906.0,1722.0,1257.0,1586.0491378480078,1673.8338553209471
2020-01-09 00:00:00,1484,1610.0,1561.0,1295.0,1208.7556453378252,1399.0238153997313
2020-01-09 01:00:00,1185,1484.0,1225.0,1216.0,1070.1707917591523,1182.0591208974565
2020-01-09 02:00:00,560,1185.0,554.0,944.0,782.2414913050618,721.074421810282
2020-01-09 03:00:00,665,560.0,842.0,598.0,576.3412431549928,695.0094424381583
2020-01-09 04:00:00,766,665.0,1137.0,457.0,768.5961509568535,962.6667988911674
2020-01-09 05:00:00,1061,766.0,1374.0,1097.0,1020.4060716202007,1044.7535012070466
2020-01-09 06:00:00,2257,1061.0,2072.0,1385.0,1654.386502716501,1884.5383315573313
2020-01-09 07:00:00,3213,2257.0,3081.0,1623.0,2711.7111114761265,3088.853738095239
2020-01-09 08:00:00,3086,3213.0,2830.0,2308.0,3195.3854188902765,3220.215838969899
2020-01-09 09:00:00,3096,3086.0,2992.0,2877.0,3002.9123736273914,3016.707695641199
2020-01-09 10:00:00,3038,3096.0,2900.0,3194.0,3031.1016191595654,2959.8549016031993
2020-01-09 11:00:00,2806,3038.0,2646.0,3294.0,2942.2868014327214,2870.5404264093236
2020-01-09 12:00:00,2825,2806.0,2618.0,3177.0,2863.0144859689053,2735.932797476147
2020-01-09 13:00:00,2764,2825.0,2591.0,3056.0,2848.2324747999196,2737.043886165529
2020-01-09 14:00:00,2976,2764.0,2575.0,2846.0,2750.9596187785537,2710.141428860676
2020-01-09 15:00:00,2794,2976.0,2419.0,2626.0,2851.7703280547503,2705.800678001681
2020-01-09 16:00:00,1915,2794.0,2455.0,2412.0,2593.586544571639,2611.3177949068895
2020-01-09 17:00:00,2326,1915.0,2673.0,2383.0,2211.530330745488,2372.1487265481314
2020-01-09 18:00:00,2661,2326.0,2795.0,2610.0,2737.083689509499,2730.9560409919727
2020-01-09 19:00:00,2712,2661.0,2914.0,2658.0,2831.5911345387085,2817.1566947698275
2020-01-09 20:00:00,2637,2712.0,2692.0,2376.0,2568.155362695365,2557.446356831376
2020-01-09 21:00:00,2634,2637.0,2138.0,1969.0,2166.783405570213,2155.1077112724374
2020-01-09 22:00:00,2913,2634.0,1906.0,2172.0,2166.1792131364277,2141.7127638888896
2020-01-09 23:00:00,2340,2913.0,1610.0,2109.0,2325.6937007450288,2039.6180555555559
2020-01-10 00:00:00,1929,2340.0,1484.0,1297.0,1482.112678382496,1517.5591833333328
2020-01-10 01:00:00,1568,1929.0,1185.0,792.0,1189.0185676042306,1188.2854617696883
2020-01-10 02:00:00,808,1568.0,560.0,1061.0,1056.5541192804774,894.1692468253968
2020-01-10 03:00:00,819,808.0,665.0,939.0,766.7873904405865,795.2219373404375
2020-01-10 04:00:00,1136,819.0,766.0,672.0,821.8543635333315,914.0574321789319
2020-01-10 05:00:00,1760,1136.0,1061.0,494.0,1078.0086100762164,1082.200307656396
2020-01-10 06:00:00,2578,1760.0,2257.0,1125.0,2041.135240140948,2048.462366713352
2020-01-10 07:00:00,3158,2578.0,3213.0,1899.0,2843.2906618576408,3274.4170700757577
2020-01-10 08:00:00,2992,3158.0,3086.0,2356.0,3123.383391625921,3193.002100859789
2020-01-10 09:00:00,3216,2992.0,3096.0,3351.0,3081.231966799797,2953.5013709453488
2020-01-10 10:00:00,3239,3216.0,3038.0,3639.0,3269.6501747715665,3071.2484368150804
2020-01-10 11:00:00,3175,3239.0,2806.0,3439.0,3211.484943528274,3069.3718064251443
2020-01-10 12:00:00,3117,3175.0,2825.0,3367.0,2992.14211003974,3023.7842509569136
2020-01-10 13:00:00,2943,3117.0,2764.0,3240.0,3004.5847272237816,2958.5093948370904
2020-01-10 14:00:00,2845,2943.0,2976.0,2838.0,2895.5567718398343,2829.867855931452
2020-01-10 15:00:00,2597,2845.0,2794.0,2674.0,2788.3480045513725,2682.524152097554
2020-01-10 16:00:00,2532,2597.0,1915.0,2453.0,2453.542831139938,2422.3181387543486
2020-01-10 17:00:00,2589,2532.0,2326.0,2550.0,2498.635857080135,2556.3437657703853
2020-01-10 18:00:00,2748,2589.0,2661.0,2690.0,2620.438629291064,2704.7919888111546
2020-01-10 19:00:00,2612,2748.0,2712.0,2506.0,2675.6883834767714,2708.8292000450956
2020-01-10 20:00:00,2356,2612.0,2637.0,1996.0,2328.9476411958935,2261.7997269952266
2020-01-10 21:00:00,1819,2356.0,2634.0,1679.0,2111.003031040916,1973.234739397459
2020-01-10 22:00:00,1808,1819.0,2913.0,1810.0,1927.1579578133922,1924.9150715709873
2020-01-10 23:00:00,1843,1808.0,2340.0,2189.0,1963.8188308785511,2006.004121662853
2020-01-11 00:00:00,1938,1843.0,1929.0,1571.0,1344.1995693411923,1680.3361031187837
2020-01-11 01:00:00,1001,1938.0,1568.0,898.0,1206.5926326140516,1225.1104523809527
2020-01-11 02:00:00,839,1001.0,808.0,1141.0,741.0954560869325,835.6999068309141
2020-01-11 03:00:00,846,839.0,819.0,974.0,762.3884812364333,925.4614694435363
2020-01-11 04:00:00,635,846.0,1136.0,902.0,812.562996978759,856.6997296290433
2020-01-11 05:00:00,645,635.0,1760.0,323.0,745.8240179210309,734.1625078625206
2020-01-11 06:00:00,388,645.0,2578.0,762.0,1275.5629778540895,811.6100754364829
2020-01-11 07:00:00,1303,388.0,3158.0,1518.0,1493.7945362235478,1455.3597109637071
2020-01-11 08:00:00,2329,1303.0,2992.0,1951.0,2295.395554292993,2160.325857142857
2020-01-11 09:00:00,3275,2329.0,3216.0,3029.0,3069.90508606767,3238.656291010191
2020-01-11 10:00:00,3747,3275.0,3239.0,3471.0,3582.2333723165557,3644.1765896951006
2020-01-11 11:00:00,3667,3747.0,3175.0,3477.0,3677.635517522832,3561.274667552836
2020-01-11 12:00:00,3359,3667.0,3117.0,3363.0,3319.93783077226,3478.6873542011645
2020-01-11 13:00:00,3822,3359.0,2943.0,3160.0,3067.136768762143,3192.00778223774
2020-01-11 14:00:00,3100,3822.0,2845.0,2946.0,3467.270842582767,3190.921592582942
2020-01-11 15:00:00,2656,3100.0,2597.0,2778.0,2742.3298521295164,2755.419296919699
2020-01-11 16:00:00,2012,2656.0,2532.0,2749.0,2648.810213538017,2589.393517571315
2020-01-11 17:00:00,2700,2012.0,2589.0,2700.0,2327.979645359522,2494.1939939992935
2020-01-11 18:00:00,2698,2700.0,2748.0,2638.0,2983.367841707611,2717.3548991049
2020-01-11 19:00:00,2354,2698.0,2612.0,2541.0,2658.125582260628,2560.6081880715683
2020-01-11 20:00:00,2052,2354.0,2356.0,2175.0,2217.349057487667,2039.2238868834613
2020-01-11 21:00:00,1637,2052.0,1819.0,1709.0,1849.1576728674859,1680.8101222167604
2020-01-11 22:00:00,1447,1637.0,1808.0,1712.0,1642.314051588652,1648.254457613047
2020-01-11 23:00:00,1919,1447.0,1843.0,2117.0,1695.7227839585207,1848.0222299200045
2020-01-12 00:00:00,1746,1919.0,1938.0,1962.0,1785.827303019108,1745.5887476153137
2020-01-12 01:00:00,880,1746.0,1001.0,1044.0,1136.7296974513463,1056.0951475480872
2020-01-12 02:00:00,845,880.0,839.0,1161.0,778.9962140556597,931.031503810201
2020-01-12 03:00:00,865,845.0,846.0,1107.0,875.1138040404055,886.7252050993266
2020-01-12 04:00:00,811,865.0,635.0,1017.0,752.9107514084151,815.8570161538097
2020-01-12 05:00:00,520,811.0,645.0,496.0,639.165413651287,570.4258373015872
2020-01-12 06:00:00,142,520.0,388.0,516.0,808.7400873187737,458.57748810627936
2020-01-12 07:00:00,1072,142.0,1303.0,1322.0,1100.1624550828785,1177.2163205132206
2020-01-12 08:00:00,2012,1072.0,2329.0,1876.0,2129.14706626235,2077.605409090909
2020-01-12 09:00:00,2966,2012.0,3275.0,2640.0,2882.087050939429,3013.6026642557763
2020-01-12 10:00:00,3714,2966.0,3747.0,3423.0,3575.102893176887,3553.1800644199843
2020-01-12 11:00:00,3599,3714.0,3667.0,3654.0,3837.9266774493926,3750.245141428359
2020-01-12 12:00:00,3508,3599.0,3359.0,3664.0,3390.5679505041903,3518.1129944811505
2020-01-12 13:00:00,3310,3508.0,3822.0,3322.0,3299.669731851736,3323.9659258416045
2020-01-12 14:00:00,3059,3310.0,3100.0,3138.0,3006.7617942835122,3023.8061763730275
2020-01-12 15:00:00,2676,3059.0,2656.0,2856.0,2759.165613340616,2806.089938908088
2020-01-12 16:00:00,2532,2676.0,2012.0,2744.0,2453.2009020245277,2464.048045363854
2020-01-12 17:00:00,2758,2532.0,2700.0,2869.0,2564.426628565637,2620.9807360424184
2020-01-12 18:00:00,2918,2758.0,2698.0,2835.0,2758.4980494440756,2816.579393770511
2020-01-12 19:00:00,2770,2918.0,2354.0,2840.0,2729.120494629475,2841.8098867197778
2020-01-12 20:00:00,2483,2770.0,2052.0,2597.0,2390.8218113328053,2527.908987883523
2020-01-12 21:00:00,1864,2483.0,1637.0,1971.0,2028.2230175636637,1900.1402823114674
2020-01-12 22:00:00,1705,1864.0,1447.0,1864.0,1686.2754956447113,1736.7720757508648
2020-01-12 23:00:00,1362,1705.0,1919.0,1731.0,1702.5563041564628,1736.892811766641
2020-01-13 00:00:00,1415,1362.0,1746.0,1681.0,1302.0071411620304,1421.1456952686792
2020-01-13 01:00:00,1035,1415.0,880.0,943.0,1075.2894108782812,1082.4674191391541
2020-01-13 02:00:00,447,1035.0,845.0,412.0,743.0267834309088,516.0937809308068
2020-01-13 03:00:00,846,447.0,865.0,750.0,668.3571346883293,629.6317096365902
2020-01-13 04:00:00,864,846.0,811.0,1081.0,1111.6464198965364,886.4900159532807
2020-01-13 05:00:00,903,864.0,520.0,1596.0,1139.566728733529,1189.494582345759
2020-01-13 06:00:00,1996,903.0,142.0,2394.0,1464.2294251625437,1947.5660429923682
2020-01-13 07:00:00,3050,1996.0,1072.0,2503.0,2561.6075221534716,2947.759459904544
2020-01-13 08:00:00,3133,3050.0,2012.0,2173.0,3081.9525293431266,3193.450242063491
2020-01-13 09:00:00,3171,3133.0,2966.0,3232.0,3195.120054447511,3170.058066642872
2020-01-13 10:00:00,2691,3171.0,3714.0,3175.0,3226.6830583629485,3033.7557484967283
2020-01-13 11:00:00,2734,2691.0,3599.0,3055.0,2928.751965780126,2744.1346770774685
2020-01-13 12:00:00,2717,2734.0,3508.0,3062.0,3031.377042602484,2736.671470849813
2020-01-13 13:00:00,2676,2717.0,3310.0,2909.0,2827.766713152899,2696.2526547775738
2020-01-13 14:00:00,3074,2676.0,3059.0,2757.0,2737.8548455114437,2657.1095838851993
2020-01-13 15:00:00,2447,3074.0,2676.0,2604.0,3041.5080514839005,2669.0625388614494
2020-01-13 16:00:00,2417,2447.0,2532.0,2451.0,2472.3361720469024,2413.945478689553
2020-01-13 17:00:00,2427,2417.0,2758.0,2526.0,2551.709740051552,2505.871900719991
2020-01-13 18:00:00,2526,2427.0,2918.0,2805.0,2574.582705579225,2668.2160049848158
2020-01-13 19:00:00,2637,2526.0,2770.0,3056.0,2684.686926678317,2658.139331501216
2020-01-13 20:00:00,2459,2637.0,2483.0,3061.0,2660.0303528121767,2500.2271546891025
2020-01-13 21:00:00,2102,2459.0,1864.0,2335.0,2166.9987516827578,2006.7478420288157
2020-01-13 22:00:00,1860,2102.0,1705.0,2116.0,1934.7860711308792,1840.1011159801353
2020-01-13 23:00:00,1677,1860.0,1362.0,1650.0,1653.986287962341,1655.9130982541235
2020-01-14 00:00:00,1496,1677.0,1415.0,1650.0,1351.320037036623,1423.1083105225155
2020-01-14 01:00:00,933,1496.0,1035.0,1271.0,1124.5674176660032,1037.3449303705552
2020-01-14 02:00:00,604,933.0,447.0,675.0,677.5316261789869,515.1730839126851
2020-01-14 03:00:00,929,604.0,846.0,670.0,697.4952472342677,665.1152618826245
2020-01-14 04:00:00,947,929.0,864.0,1051.0,1074.5926749786004,991.5489240497176
2020-01-14 05:00:00,1179,947.0,903.0,1306.0,1108.752582416156,955.515015690192
2020-01-14 06:00:00,1879,1179.0,1996.0,2103.0,1862.9081328593313,2064.9508474401546
2020-01-14 07:00:00,3179,1879.0,3050.0,3193.0,2844.886476495738,2988.2538859279566
2020-01-14 08:00:00,3135,3179.0,3133.0,3002.0,3577.822446993242,3228.7535525532785
2020-01-14 09:00:00,3304,3135.0,3171.0,2962.0,3086.578039052273,3072.1797853256953
2020-01-14 10:00:00,3170,3304.0,2691.0,2993.0,3091.328747315044,3046.959542411173
2020-01-14 11:00:00,3072,3170.0,2734.0,2859.0,2905.8547576237606,2949.8677089473904
2020-01-14 12:00:00,2874,3072.0,2717.0,2798.0,2823.430942125259,2900.778081410099
2020-01-14 13:00:00,2718,2874.0,2676.0,2785.0,2778.4700911791692,2791.920071454448
2020-01-14 14:00:00,2430,2718.0,3074.0,2508.0,2726.0455751232607,2716.91989980575
2020-01-14 15:00:00,2302,2430.0,2447.0,2357.0,2435.046962556841,2390.042346196158
2020-01-14 16:00:00,2424,2302.0,2417.0,2290.0,2381.828285064736,2359.9125565658505
2020-01-14 17:00:00,2531,2424.0,2427.0,2467.0,2482.8493409003804,2518.075408332171
2020-01-14 18:00:00,2739,2531.0,2526.0,2773.0,2654.3147945702362,2651.829906299494
2020-01-14 19:00:00,2966,2739.0,2637.0,3109.0,2836.3392986476406,2765.6924204545776
2020-01-14 20:00:00,2633,2966.0,2459.0,2701.0,2764.241939704445,2747.736140370157
2020-01-14 21:00:00,2136,2633.0,2102.0,2250.0,2259.454462297172,2211.7088436209897
2020-01-14 22:00:00,2031,2136.0,1860.0,2008.0,1935.3443123718014,1905.5025488471326
2020-01-14 23:00:00,1971,2031.0,1677.0,1722.0,1833.6525686084187,1810.5703133640982
2020-01-15 00:00:00,1534,1971.0,1496.0,1561.0,1480.8308299590037,1485.6033280690222
2020-01-15 01:00:00,735,1534.0,933.0,1225.0,1126.624007661907,880.0367399654383
2020-01-15 02:00:00,542,735.0,604.0,554.0,638.8578058610735,685.0160667427117
2020-01-15 03:00:00,918,542.0,929.0,842.0,788.8463850063474,807.1516726028144
2020-01-15 04:00:00,1032,918.0,947.0,1137.0,1153.180691646795,991.5791663117506
2020-01-15 05:00:00,1169,1032.0,1179.0,1374.0,1266.4572665975368,1257.5423279893034
2020-01-15 06:00:00,1917,1169.0,1879.0,2072.0,1791.8153982806757,1799.3737926890085
2020-01-15 07:00:00,3034,1917.0,3179.0,3081.0,2849.4692872754003,3086.6412184556057
2020-01-15 08:00:00,3160,3034.0,3135.0,2830.0,3405.6072017700453,3183.491089719153
2020-01-15 09:00:00,3214,3160.0,3304.0,2992.0,3238.094608727883,3145.3026992269083
2020-01-15 10:00:00,2783,3214.0,3170.0,2900.0,3097.446862185639,2964.1002877451338
2020-01-15 11:00:00,2744,2783.0,3072.0,2646.0,2853.9548366839786,2762.547736972315
2020-01-15 12:00:00,2591,2744.0,2874.0,2618.0,2759.196564143463,2726.6142607747443
2020-01-15 13:00:00,2906,2591.0,2718.0,2591.0,2641.8955337450543,2605.739059325312
2020-01-15 14:00:00,2646,2906.0,2430.0,2575.0,2838.5918718701823,2738.827180363653
2020-01-15 15:00:00,2379,2646.0,2302.0,2419.0,2575.9815714538663,2494.2825996831466
2020-01-15 16:00:00,2633,2379.0,2424.0,2455.0,2488.6813116924936,2381.2446774842265
2020-01-15 17:00:00,2671,2633.0,2531.0,2673.0,2744.0970546971216,2714.7144245360255
2020-01-15 18:00:00,2909,2671.0,2739.0,2795.0,2781.5065942820734,2775.000391024964
2020-01-15 19:00:00,2880,2909.0,2966.0,2914.0,2945.228497076648,2956.6422887250524
2020-01-15 20:00:00,2612,2880.0,2633.0,2692.0,2628.56889431935,2709.9134835283853
2020-01-15 21:00:00,2093,2612.0,2136.0,2138.0,2220.1041593490777,2181.9802886182374
2020-01-15 22:00:00,1896,2093.0,2031.0,1906.0,1903.7947815250168,1900.8931348027522
2020-01-15 23:00:00,1672,1896.0,1971.0,1610.0,1758.4315653596173,1826.0304394022723
2020-01-16 00:00:00,1551,1672.0,1534.0,1484.0,1290.9339199448843,1352.2048658036035
2020-01-16 01:00:00,1210,1551.0,735.0,1185.0,1038.6648373240566,985.2214408244612
2020-01-16 02:00:00,667,1210.0,542.0,560.0,707.1984086841537,632.2762716207941
2020-01-16 03:00:00,678,667.0,918.0,665.0,631.4376844945682,645.1934051413288
2020-01-16 04:00:00,1141,678.0,1032.0,766.0,776.0456261023774,847.8947729529365
2020-01-16 05:00:00,1413,1141.0,1169.0,1061.0,1210.8832650706147,1275.4582222222216
2020-01-16 06:00:00,2005,1413.0,1917.0,2257.0,1952.0771102462681,1987.874086682063
2020-01-16 07:00:00,3445,2005.0,3034.0,3213.0,2754.073354821375,3160.031556885937
2020-01-16 08:00:00,2944,3445.0,3160.0,3086.0,3654.1243006706736,3420.3972992778927
2020-01-16 09:00:00,2980,2944.0,3214.0,3096.0,2854.1034298898803,3068.6610776710386
2020-01-16 10:00:00,2795,2980.0,2783.0,3038.0,2870.3289465842213,2841.981241817678
2020-01-16 11:00:00,2652,2795.0,2744.0,2806.0,2704.748720964967,2711.640029964237
2020-01-16 12:00:00,2521,2652.0,2591.0,2825.0,2648.6724639321637,2651.5082780396783
2020-01-16 13:00:00,2565,2521.0,2906.0,2764.0,2675.6793452603015,2591.080206614951
2020-01-16 14:00:00,2619,2565.0,2646.0,2976.0,2726.2955579656223,2526.3262709670043
2020-01-16 15:00:00,2486,2619.0,2379.0,2794.0,2636.3694005582993,2540.679874245636
2020-01-16 16:00:00,2363,2486.0,2633.0,1915.0,2376.5905744542592,2467.6451987018836
2020-01-16 17:00:00,2596,2363.0,2671.0,2326.0,2401.774871744301,2459.800131132801
2020-01-16 18:00:00,2836,2596.0,2909.0,2661.0,2735.573194732203,2785.1393399138433
2020-01-16 19:00:00,2789,2836.0,2880.0,2712.0,2810.6361177699528,2898.576985341152
2020-01-16 20:00:00,2636,2789.0,2612.0,2637.0,2567.1705411136377,2603.671147814164
2020-01-16 21:00:00,2155,2636.0,2093.0,2634.0,2348.2720615047315,2259.496341478197
2020-01-16 22:00:00,1900,2155.0,1896.0,2913.0,2168.1990973916727,2036.9724058050715
2020-01-16 23:00:00,1415,1900.0,1672.0,2340.0,1890.1805537794153,1734.0444026407652
2020-01-17 00:00:00,1346,1415.0,1551.0,1929.0,1356.7774177677586,1414.4669922886853
2020-01-17 01:00:00,1188,1346.0,1210.0,1568.0,1237.7274764147717,1192.0615147766111
2020-01-17 02:00:00,683,1188.0,667.0,808.0,856.8720015295555,834.2261435665944
2020-01-17 03:00:00,495,683.0,678.0,819.0,716.4365654565333,569.1939526470787
2020-01-17 04:00:00,1008,495.0,1141.0,1136.0,880.2541531501417,1020.5688559151641
2020-01-17 05:00:00,1256,1008.0,1413.0,1760.0,1484.2802917012946,1364.6395232766217
2020-01-17 06:00:00,2417,1256.0,2005.0,2578.0,2067.289627268059,2118.55141133515
2020-01-17 07:00:00,3110,2417.0,3445.0,3158.0,3261.848825288371,3205.3824079723445
2020-01-17 08:00:00,2910,3110.0,2944.0,2992.0,3294.4124738642995,3124.0244430872012
2020-01-17 09:00:00,3335,2910.0,2980.0,3216.0,2938.675158860371,2977.541476878406
2020-01-17 10:00:00,3009,3335.0,2795.0,3239.0,3281.226880243589,2988.4812560829137
2020-01-17 11:00:00,2933,3009.0,2652.0,3175.0,2957.1785479004106,2873.3617359964123
2020-01-17 12:00:00,2883,2933.0,2521.0,3117.0,2881.279382461185,2823.8771772826003
2020-01-17 13:00:00,2812,2883.0,2565.0,2943.0,2791.5475366737,2827.753979302061
2020-01-17 14:00:00,2697,2812.0,2619.0,2845.0,2719.3337306852377,2757.505919234917
2020-01-17 15:00:00,2594,2697.0,2486.0,2597.0,2600.016697151719,2601.412971387784
2020-01-17 16:00:00,2658,2594.0,2363.0,2532.0,2565.8134464785576,2521.119861884018
2020-01-17 17:00:00,2711,2658.0,2596.0,2589.0,2609.681853033872,2674.399765183027
2020-01-17 18:00:00,2603,2711.0,2836.0,2748.0,2738.3445617082557,2774.713194284904
2020-01-17 19:00:00,2501,2603.0,2789.0,2612.0,2559.013316139689,2685.092994391005
2020-01-17 20:00:00,2275,2501.0,2636.0,2356.0,2399.6859113841133,2266.4280751741207
2020-01-17 21:00:00,1944,2275.0,2155.0,1819.0,2040.2485847013627,1940.1064985409687
2020-01-17 22:00:00,1703,1944.0,1900.0,1808.0,1836.395609388726,1846.3021366550631
2020-01-17 23:00:00,1584,1703.0,1415.0,1843.0,1662.5464637923087,1654.5728575190337
2020-01-18 00:00:00,1866,1584.0,1346.0,1938.0,1319.5931869629524,1441.5285844996781
2020-01-18 01:00:00,1323,1866.0,1188.0,1001.0,1251.682229388084,1131.1471003038887
2020-01-18 02:00:00,595,1323.0,683.0,839.0,785.4195240850133,687.5051865171321
2020-01-18 03:00:00,909,595.0,495.0,846.0,546.874302891955,731.2376366365197
2020-01-18 04:00:00,991,909.0,1008.0,635.0,900.8187720396127,888.8997016806723
2020-01-18 05:00:00,949,991.0,1256.0,645.0,938.9763870024265,838.8159022020355
2020-01-18 06:00:00,628,949.0,2417.0,388.0,1196.06189377602,676.5727338372814
2020-01-18 07:00:00,1497,628.0,3110.0,1303.0,1510.3705218475177,1482.1310496880908
2020-01-18 08:00:00,2612,1497.0,2910.0,2329.0,2450.3681316703523,2546.6827376857605
2020-01-18 09:00:00,3558,2612.0,3335.0,3275.0,3361.4554589871786,3441.492666640704
2020-01-18 10:00:00,3776,3558.0,3009.0,3747.0,3695.6294600372853,3885.559414938083
2020-01-18 11:00:00,3710,3776.0,2933.0,3667.0,3529.7319641048957,3569.486772493737
2020-01-18 12:00:00,3348,3710.0,2883.0,3359.0,3219.7652273108456,3498.298642888533
2020-01-18 13:00:00,3225,3348.0,2812.0,3822.0,3253.6186206478515,3195.7258341525494
2020-01-18 14:00:00,2924,3225.0,2697.0,3100.0,3020.9767098205193,3053.310933822598
2020-01-18 15:00:00,2684,2924.0,2594.0,2656.0,2673.8574387881085,2701.7977110601078
2020-01-18 16:00:00,2321,2684.0,2658.0,2012.0,2460.2765193305418,2474.829369926942
2020-01-18 17:00:00,2613,2321.0,2711.0,2700.0,2461.838455252966,2455.9642526642488
2020-01-18 18:00:00,2713,2613.0,2603.0,2698.0,2727.7601424720588,2678.5690654486943
2020-01-18 19:00:00,2345,2713.0,2501.0,2354.0,2546.4171372307546,2522.183008102025
2020-01-18 20:00:00,2002,2345.0,2275.0,2052.0,2128.150763651584,2037.6150734755147
2020-01-18 21:00:00,1691,2002.0,1944.0,1637.0,1812.2793065382637,1666.695439343315
2020-01-18 22:00:00,1466,1691.0,1703.0,1447.0,1581.8237042508335,1577.200527549346
2020-01-18 23:00:00,1758,1466.0,1584.0,1919.0,1558.081320459782,1648.783372399099
2020-01-19 00:00:00,1813,1758.0,1866.0,1746.0,1533.1148725912722,1626.2921760329648
2020-01-19 01:00:00,834,1813.0,1323.0,880.0,1162.0776176101183,1034.7542176810118
2020-01-19 02:00:00,992,834.0,595.0,845.0,604.683436286414,803.7981313823343
2020-01-19 03:00:00,926,992.0,909.0,865.0,908.093030993273,930.6887386164561
2020-01-19 04:00:00,911,926.0,991.0,811.0,802.8216021253215,730.6055476835018
2020-01-19 05:00:00,372,911.0,949.0,520.0,737.5852470250654,718.7460362949523
2020-01-19 06:00:00,426,372.0,628.0,142.0,668.6942493581189,492.9705017801087
2020-01-19 07:00:00,1432,426.0,1497.0,1072.0,1182.6638470233804,1111.6142688247426
2020-01-19 08:00:00,2118,1432.0,2612.0,2012.0,2351.004799954305,2221.9376696108707
2020-01-19 09:00:00,3075,2118.0,3558.0,2966.0,2984.9615952220693,3163.604604810505
2020-01-19 10:00:00,3650,3075.0,3776.0,3714.0,3708.5025745743246,3615.408646432706
2020-01-19 11:00:00,3535,3650.0,3710.0,3599.0,3710.2147646225812,3654.438481146728
2020-01-19 12:00:00,3352,3535.0,3348.0,3508.0,3290.9075462822148,3445.135637153368
2020-01-19 13:00:00,3225,3352.0,3225.0,3310.0,3095.749845878059,3198.9965091104477
2020-01-19 14:00:00,3112,3225.0,2924.0,3059.0,2930.1282401389885,2971.3867610420875
2020-01-19 15:00:00,2684,3112.0,2684.0,2676.0,2778.0313224863808,2782.2432048546675
2020-01-19 16:00:00,2440,2684.0,2321.0,2532.0,2447.1121388984498,2481.39557219158
2020-01-19 17:00:00,2763,2440.0,2613.0,2758.0,2467.072748720362,2516.144451109191
2020-01-19 18:00:00,3003,2763.0,2713.0,2918.0,2826.410611138873,2799.1795935665536
2020-01-19 19:00:00,3035,3003.0,2345.0,2770.0,2759.5759250350748,2856.798739507537
2020-01-19 20:00:00,2552,3035.0,2002.0,2483.0,2493.077481353422,2637.5692181744716
2020-01-19 21:00:00,1977,2552.0,1691.0,1864.0,1956.7208903674862,1973.3024484589828
2020-01-19 22:00:00,1812,1977.0,1466.0,1705.0,1623.0666077836713,1737.2631916312007
2020-01-19 23:00:00,1003,1812.0,1758.0,1362.0,1550.8975975491871,1604.7800588214927
2020-01-20 00:00:00,1242,1003.0,1813.0,1415.0,1074.1729950763663,1369.1982069379428
2020-01-20 01:00:00,972,1242.0,834.0,1035.0,1099.7821790939227,1032.0387072215565
2020-01-20 02:00:00,860,972.0,992.0,447.0,754.0859348501724,569.4038448730655
2020-01-20 03:00:00,568,860.0,926.0,846.0,855.3654761537734,733.4051632680716
2020-01-20 04:00:00,963,568.0,911.0,864.0,791.1208836824255,738.751224701338
2020-01-20 05:00:00,1638,963.0,372.0,903.0,1069.5976954938856,1047.4905543416796
2020-01-20 06:00:00,2182,1638.0,426.0,1996.0,2012.4560774141983,2259.8826070831838
2020-01-20 07:00:00,3026,2182.0,1432.0,3050.0,2663.176966418194,3039.5114006060626
2020-01-20 08:00:00,2882,3026.0,2118.0,3133.0,3248.4421188472143,3214.0524102217973
2020-01-20 09:00:00,3094,2882.0,3075.0,3171.0,3022.2545284292146,3015.131132982105
2020-01-20 10:00:00,2926,3094.0,3650.0,2691.0,3198.4725564063474,2968.7305551526906
2020-01-20 11:00:00,2660,2926.0,3535.0,2734.0,2947.3425870675983,2834.4703944558178
2020-01-20 12:00:00,2648,2660.0,3352.0,2717.0,2809.1936753573814,2714.8614307778525
2020-01-20 13:00:00,2729,2648.0,3225.0,2676.0,2832.2832364064216,2686.8848365581302
2020-01-20 14:00:00,2683,2729.0,3112.0,3074.0,2935.67936182513,2706.936326872826
2020-01-20 15:00:00,2445,2683.0,2684.0,2447.0,2680.5601278824483,2543.035224136103
2020-01-20 16:00:00,2383,2445.0,2440.0,2417.0,2533.690265878204,2400.585681829809
2020-01-20 17:00:00,2568,2383.0,2763.0,2427.0,2528.0950029406354,2498.3680788657653
2020-01-20 18:00:00,2751,2568.0,3003.0,2526.0,2723.6662097645094,2741.525333726471
2020-01-20 19:00:00,2765,2751.0,3035.0,2637.0,2800.647594981373,2837.9081619500066
2020-01-20 20:00:00,2588,2765.0,2552.0,2459.0,2533.618786172439,2571.3909096674297
2020-01-20 21:00:00,2090,2588.0,1977.0,2102.0,2164.1094235085843,2140.0650680018457
2020-01-20 22:00:00,1804,2090.0,1812.0,1860.0,1845.2379553449127,1888.7773950066432
2020-01-20 23:00:00,1366,1804.0,1003.0,1677.0,1554.7875140982812,1551.6188880195095
2020-01-21 00:00:00,1279,1366.0,1242.0,1496.0,1104.6881749279967,1254.532556399483
2020-01-21 01:00:00,1147,1279.0,972.0,933.0,933.3925517650366,956.713667703127
2020-01-21 02:00:00,788,1147.0,860.0,604.0,740.9163222345858,776.0809675324675
2020-01-21 03:00:00,407,788.0,568.0,929.0,684.5222157935439,686.5068011042625
2020-01-21 04:00:00,1036,407.0,963.0,947.0,663.6700006295453,840.7794654197434
2020-01-21 05:00:00,1376,1036.0,1638.0,1179.0,1346.5948454554014,1481.6262499999998
2020-01-21 06:00:00,2218,1376.0,2182.0,1879.0,1922.2206434674986,2044.54704440385
2020-01-21 07:00:00,3214,2218.0,3026.0,3179.0,2920.834507439473,3169.498321617816
2020-01-21 08:00:00,3153,3214.0,2882.0,3135.0,3384.369453745276,3246.049611224768
2020-01-21 09:00:00,3366,3153.0,3094.0,3304.0,3084.1272945139126,3074.381034972705
2020-01-21 10:00:00,3129,3366.0,2926.0,3170.0,3162.8106526599263,3080.2445604291674
2020-01-21 11:00:00,2842,3129.0,2660.0,3072.0,2880.5452641354946,2947.243346350746
2020-01-21 12:00:00,2801,2842.0,2648.0,2874.0,2737.293888953642,2748.6041693969105
2020-01-21 13:00:00,2756,2801.0,2729.0,2718.0,2762.769909671248,2722.5042720694723
2020-01-21 14:00:00,2328,2756.0,2683.0,2430.0,2608.3422229113035,2659.8704847268673
2020-01-21 15:00:00,2231,2328.0,2445.0,2302.0,2381.0954387323054,2282.323632399311
2020-01-21 16:00:00,2381,2231.0,2383.0,2424.0,2446.4997163900885,2380.1920308348804
2020-01-21 17:00:00,2467,2381.0,2568.0,2531.0,2544.9467069991406,2537.466870559928
2020-01-21 18:00:00,2674,2467.0,2751.0,2739.0,2633.822806590623,2701.215781969241
2020-01-21 19:00:00,2839,2674.0,2765.0,2966.0,2747.8499083342895,2789.4034288827506
2020-01-21 20:00:00,2679,2839.0,2588.0,2633.0,2639.575362776462,2685.78377132122
2020-01-21 21:00:00,2178,2679.0,2090.0,2136.0,2190.376563287215,2172.5853234545716
2020-01-21 22:00:00,1871,2178.0,1804.0,2031.0,1878.887777756729,1949.507407262367
2020-01-21 23:00:00,1348,1871.0,1366.0,1971.0,1694.9412557245846,1678.95295642117
2020-01-22 00:00:00,1422,1348.0,1279.0,1534.0,1128.4849565533348,1246.8643421137683
2020-01-22 01:00:00,1327,1422.0,1147.0,735.0,1004.200129729034,1078.9993884448886
2020-01-22 02:00:00,825,1327.0,788.0,542.0,787.2909075775199,842.4292023809523
2020-01-22 03:00:00,466,825.0,407.0,918.0,706.9797786796673,474.1270097114039
2020-01-22 04:00:00,1172,466.0,1036.0,1032.0,775.6050437805784,937.1628743033813
2020-01-22 05:00:00,1464,1172.0,1376.0,1169.0,1400.830869243655,1451.9940811688311
2020-01-22 06:00:00,2261,1464.0,2218.0,1917.0,1978.855492299354,2134.8903257540655
2020-01-22 07:00:00,3301,2261.0,3214.0,3034.0,2942.5510840778798,3145.9446677005926
2020-01-22 08:00:00,3147,3301.0,3153.0,3160.0,3478.384917975141,3345.65570876591
2020-01-22 09:00:00,3074,3147.0,3366.0,3214.0,3169.5506227781393,3067.8188625717803
2020-01-22 10:00:00,2873,3074.0,3129.0,2783.0,2957.925730280314,2914.6115799618797
2020-01-22 11:00:00,2652,2873.0,2842.0,2744.0,2785.441099376276,2766.6056363746793
2020-01-22 12:00:00,2494,2652.0,2801.0,2591.0,2624.7371800954465,2661.8558087761708
2020-01-22 13:00:00,2451,2494.0,2756.0,2906.0,2654.0293224933494,2606.149915931876
2020-01-22 14:00:00,2266,2451.0,2328.0,2646.0,2490.225612872581,2442.424255998711
2020-01-22 15:00:00,2258,2266.0,2231.0,2379.0,2328.7538504431186,2325.5061867191225
2020-01-22 16:00:00,2391,2258.0,2381.0,2633.0,2401.975838287409,2401.773868878498
2020-01-22 17:00:00,2615,2391.0,2467.0,2671.0,2525.1064222961136,2530.985526191277
2020-01-22 18:00:00,2780,2615.0,2674.0,2909.0,2800.276606472655,2788.079414889511
2020-01-22 19:00:00,2995,2780.0,2839.0,2880.0,2818.4842590105814,2917.263776309001
2020-01-22 20:00:00,2724,2995.0,2679.0,2612.0,2758.4508783544934,2823.059128357551
2020-01-22 21:00:00,2153,2724.0,2178.0,2093.0,2234.231283360515,2221.0608882933943
2020-01-22 22:00:00,1781,2153.0,1871.0,1896.0,1873.238787943062,1947.0346881433334
2020-01-22 23:00:00,1336,1781.0,1348.0,1672.0,1587.8569003233379,1545.30759611271
2020-01-23 00:00:00,1380,1336.0,1422.0,1551.0,1150.423950763825,1256.0884225353554
2020-01-23 01:00:00,1174,1380.0,1327.0,1210.0,1128.2577137516826,1215.6815638615956
2020-01-23 02:00:00,828,1174.0,825.0,667.0,779.9581181943925,846.9861393946022
2020-01-23 03:00:00,352,828.0,466.0,678.0,649.8927608061801,540.4460704611851
2020-01-23 04:00:00,1004,352.0,1172.0,1141.0,750.2463944187484,1084.5918544674705
2020-01-23 05:00:00,1430,1004.0,1464.0,1413.0,1405.1460439483658,1420.5595439560443
2020-01-23 06:00:00,2321,1430.0,2261.0,2005.0,2046.6504930765577,2173.131272363011
2020-01-23 07:00:00,3189,2321.0,3301.0,3445.0,3128.928826549425,3236.0953046030027
2020-01-23 08:00:00,3050,3189.0,3147.0,2944.0,3344.450960861409,3219.9312692562794
2020-01-23 09:00:00,2891,3050.0,3074.0,2980.0,2963.9456583900064,3046.9580421788082
2020-01-23 10:00:00,2697,2891.0,2873.0,2795.0,2725.413278973037,2785.706872938739
2020-01-23 11:00:00,3143,2697.0,2652.0,2652.0,2625.7662746322912,2653.534927247133
2020-01-23 12:00:00,2607,3143.0,2494.0,2521.0,2934.591084591318,2673.2207190541985
2020-01-23 13:00:00,2514,2607.0,2451.0,2565.0,2498.7386328893745,2564.882419325134
2020-01-23 14:00:00,2425,2514.0,2266.0,2619.0,2540.7997747483114,2469.1758699380707
2020-01-23 15:00:00,2340,2425.0,2258.0,2486.0,2470.003458371224,2382.634530885762
2020-01-23 16:00:00,2352,2340.0,2391.0,2363.0,2388.2000753984853,2353.389441945084
2020-01-23 17:00:00,2438,2352.0,2615.0,2596.0,2449.119103372449,2518.9504500112203
2020-01-23 18:00:00,2714,2438.0,2780.0,2836.0,2589.384222134886,2689.265867750667
2020-01-23 19:00:00,2952,2714.0,2995.0,2789.0,2768.785864447479,2847.3766596555947
2020-01-23 20:00:00,2819,2952.0,2724.0,2636.0,2715.265802436492,2781.6953115432266
2020-01-23 21:00:00,2167,2819.0,2153.0,2155.0,2243.3549727530076,2247.9336774709886
2020-01-23 22:00:00,1981,2167.0,1781.0,1900.0,1791.2270343305213,1914.1576176315064
2020-01-23 23:00:00,1552,1981.0,1336.0,1415.0,1558.426171517106,1566.4638794362252
2020-01-24 00:00:00,1433,1552.0,1380.0,1346.0,1144.821293942659,1191.7394801331097
2020-01-24 01:00:00,1223,1433.0,1174.0,1188.0,1073.2543633152154,1192.9775760022756
2020-01-24 02:00:00,834,1223.0,828.0,683.0,811.4112016816064,814.4568760468387
2020-01-24 03:00:00,535,834.0,352.0,495.0,580.1606377321029,569.5317673751223
2020-01-24 04:00:00,999,535.0,1004.0,1008.0,764.5462588641929,921.1457029724651
2020-01-24 05:00:00,1335,999.0,1430.0,1256.0,1279.0020201580467,1300.8392579365077
2020-01-24 06:00:00,2037,1335.0,2321.0,2417.0,2091.3263523312544,2249.14173009493
2020-01-24 07:00:00,3276,2037.0,3189.0,3110.0,2842.26050219205,3197.2028857184473
2020-01-24 08:00:00,3755,3276.0,3050.0,2910.0,3480.144408691215,3344.1571620089458
2020-01-24 09:00:00,2385,3755.0,2891.0,3335.0,3540.8730163718537,3450.8466298478156
2020-01-24 10:00:00,2980,2385.0,2697.0,3009.0,2451.9108160979436,2858.0144496336998
2020-01-24 11:00:00,2940,2980.0,3143.0,2933.0,3226.8816234927426,2964.035667743794
2020-01-24 12:00:00,2901,2940.0,2607.0,2883.0,2864.6296440614724,2812.928312642153
2020-01-24 13:00:00,2860,2901.0,2514.0,2812.0,2712.347153884837,2823.5286751900553
2020-01-24 14:00:00,2808,2860.0,2425.0,2697.0,2626.8129465131506,2747.9092881547244
2020-01-24 15:00:00,2884,2808.0,2340.0,2594.0,2601.428249912411,2655.163871415826
2020-01-24 16:00:00,2550,2884.0,2352.0,2658.0,2662.064497765307,2659.8550495273316
2020-01-24 17:00:00,2643,2550.0,2438.0,2711.0,2532.212562515027,2619.2544387771786
2020-01-24 18:00:00,2822,2643.0,2714.0,2603.0,2700.7130349016115,2806.879311361253
2020-01-24 19:00:00,2721,2822.0,2952.0,2501.0,2759.1089684440153,2768.118518189731
2020-01-24 20:00:00,2424,2721.0,2819.0,2275.0,2483.34896024508,2439.295503064488
2020-01-24 21:00:00,1966,2424.0,2167.0,1944.0,2121.354062260185,1993.6362875938748
2020-01-24 22:00:00,1616,1966.0,1981.0,1703.0,1813.8800894644755,1846.496916174529
2020-01-24 23:00:00,1684,1616.0,1552.0,1584.0,1574.9681911401726,1527.9140737683529
2020-01-25 00:00:00,1791,1684.0,1433.0,1866.0,1401.8700819335752,1479.5335485272694
2020-01-25 01:00:00,1290,1791.0,1223.0,1323.0,1251.4049262319002,1298.9003344155844
2020-01-25 02:00:00,589,1290.0,834.0,595.0,762.2863225413228,697.326095722426
2020-01-25 03:00:00,922,589.0,535.0,909.0,588.8211405026066,752.2793517851946
2020-01-25 04:00:00,900,922.0,999.0,991.0,1015.6403312790487,1048.2914398683442
2020-01-25 05:00:00,975,900.0,1335.0,949.0,975.0036556074874,802.0506611796624
2020-01-25 06:00:00,683,975.0,2037.0,628.0,1232.6073480654604,781.497340909091
2020-01-25 07:00:00,1455,683.0,3276.0,1497.0,1616.9707598354732,1540.104271420128
2020-01-25 08:00:00,2624,1455.0,3755.0,2612.0,2626.9401345015594,2735.9599367045234
2020-01-25 09:00:00,3616,2624.0,2385.0,3558.0,3253.382249136629,3457.2268598182873
2020-01-25 10:00:00,3592,3616.0,2980.0,3776.0,3759.5268605026768,3894.665933766669
2020-01-25 11:00:00,3650,3592.0,2940.0,3710.0,3417.1651897971724,3494.08519601014
2020-01-25 12:00:00,3539,3650.0,2901.0,3348.0,3190.211686062465,3430.948135879024
2020-01-25 13:00:00,3236,3539.0,2860.0,3225.0,3182.9224663862497,3323.396886992382
2020-01-25 14:00:00,2949,3236.0,2808.0,2924.0,2952.244673833911,2991.26197770895
2020-01-25 15:00:00,2843,2949.0,2884.0,2684.0,2792.6164638810515,2746.339469256975
2020-01-25 16:00:00,2791,2843.0,2550.0,2321.0,2638.5058638978167,2609.5191809129437
2020-01-25 17:00:00,2777,2791.0,2643.0,2613.0,2645.282634745155,2804.2387740211066
2020-01-25 18:00:00,2677,2777.0,2822.0,2713.0,2694.7441195947695,2751.03606355642
2020-01-25 19:00:00,2353,2677.0,2721.0,2345.0,2496.328070475662,2468.901918785726
2020-01-25 20:00:00,2074,2353.0,2424.0,2002.0,2190.5279001414974,2012.3993756552788
2020-01-25 21:00:00,1673,2074.0,1966.0,1691.0,1899.0175808560875,1696.490754558311
2020-01-25 22:00:00,1554,1673.0,1616.0,1466.0,1588.1516783135721,1588.2080718100542
2020-01-25 23:00:00,1672,1554.0,1684.0,1758.0,1642.0210122834098,1678.2739992100155
2020-01-26 00:00:00,1772,1672.0,1791.0,1813.0,1476.1418833884263,1648.0190181140422
2020-01-26 01:00:00,934,1772.0,1290.0,834.0,1177.9901967750823,1108.1517016806722
2020-01-26 02:00:00,836,934.0,589.0,992.0,719.3552525188759,809.0036107850319
2020-01-26 03:00:00,928,836.0,922.0,926.0,826.8286860339033,828.5388655896838
2020-01-26 04:00:00,890,928.0,900.0,911.0,860.5940486791724,867.9562381708623
2020-01-26 05:00:00,492,890.0,975.0,372.0,725.467642375391,571.7759253156896
2020-01-26 06:00:00,246,492.0,683.0,426.0,821.2492026395234,484.7862933849784
2020-01-26 07:00:00,1209,246.0,1455.0,1432.0,1178.6033066819793,1226.2839924481177
2020-01-26 08:00:00,2140,1209.0,2624.0,2118.0,2279.126600156249,2168.3512130647127
2020-01-26 09:00:00,3235,2140.0,3616.0,3075.0,3156.9961480011143,3242.3268000409134
2020-01-26 10:00:00,3859,3235.0,3592.0,3650.0,3752.6024278610084,3690.200079042204
2020-01-26 11:00:00,3819,3859.0,3650.0,3535.0,3845.7362584449847,3657.8346187690886
2020-01-26 12:00:00,3626,3819.0,3539.0,3352.0,3466.5358012195693,3572.2121528538823
2020-01-26 13:00:00,3457,3626.0,3236.0,3225.0,3239.443137378511,3335.577290261297
2020-01-26 14:00:00,2874,3457.0,2949.0,3112.0,3117.368492067045,3052.9913142505234
2020-01-26 15:00:00,2705,2874.0,2843.0,2684.0,2723.5778015658416,2619.797775562505
2020-01-26 16:00:00,2410,2705.0,2791.0,2440.0,2658.6639310882993,2475.137469507843
2020-01-26 17:00:00,2517,2410.0,2777.0,2763.0,2554.9464573337077,2531.713102335853
2020-01-26 18:00:00,2877,2517.0,2677.0,3003.0,2701.6230436438195,2735.1903068966913
2020-01-26 19:00:00,3030,2877.0,2353.0,3035.0,2847.228932887622,2877.924650977172
2020-01-26 20:00:00,2617,3030.0,2074.0,2552.0,2638.020619779333,2705.354290007432
2020-01-26 21:00:00,2055,2617.0,1673.0,1977.0,2082.12195239393,2014.9466197261934
2020-01-26 22:00:00,1687,2055.0,1554.0,1812.0,1791.098075759356,1821.3881388535056
2020-01-26 23:00:00,1519,1687.0,1672.0,1003.0,1464.938654441541,1435.006126804568
2020-01-27 00:00:00,1433,1519.0,1772.0,1242.0,1337.5708543757075,1371.3737778643301
2020-01-27 01:00:00,1025,1433.0,934.0,972.0,1092.0293442491895,1093.280669448564
2020-01-27 02:00:00,819,1025.0,836.0,860.0,914.0435032242842,602.7913610390929
2020-01-27 03:00:00,315,819.0,928.0,568.0,827.1343447139925,589.7272503898072
2020-01-27 04:00:00,953,315.0,890.0,963.0,787.8013465087663,715.8733609902735
2020-01-27 05:00:00,1350,953.0,492.0,1638.0,1422.0799106801037,1384.9024705882352
2020-01-27 06:00:00,2384,1350.0,246.0,2182.0,1880.2755694023267,2206.9011832998376
2020-01-27 07:00:00,3075,2384.0,1209.0,3026.0,2896.6923566298774,3231.432864947086
2020-01-27 08:00:00,2970,3075.0,2140.0,2882.0,3206.904937966616,3160.7268954786164
2020-01-27 09:00:00,3182,2970.0,3235.0,3094.0,3062.878878194889,3028.4137008751086
2020-01-27 10:00:00,2930,3182.0,3859.0,2926.0,3276.786010267774,3087.091791683372
2020-01-27 11:00:00,2961,2930.0,3819.0,2660.0,2988.8276764203765,2874.014774139074
2020-01-27 12:00:00,2643,2961.0,3626.0,2648.0,2978.4302104602275,2857.7767332252884
2020-01-27 13:00:00,2720,2643.0,3457.0,2729.0,2789.628330360969,2707.747269749427
2020-01-27 14:00:00,2996,2720.0,2874.0,2683.0,2772.846163691151,2676.0653940933144
2020-01-27 15:00:00,2529,2996.0,2705.0,2445.0,2861.0095226071435,2762.635745344783
2020-01-27 16:00:00,1839,2529.0,2410.0,2383.0,2416.4709129368666,2412.476596966988
2020-01-27 17:00:00,2321,1839.0,2517.0,2568.0,2219.453897988972,2449.7326316337562
2020-01-27 18:00:00,2719,2321.0,2877.0,2751.0,2814.2630016132966,2729.885172317262
2020-01-27 19:00:00,2968,2719.0,3030.0,2765.0,2934.7583270812547,2877.7715290273104
2020-01-27 20:00:00,2554,2968.0,2617.0,2588.0,2787.3509384045824,2740.110592071759
2020-01-27 21:00:00,2292,2554.0,2055.0,2090.0,2150.5295901680756,2176.154335281284
2020-01-27 22:00:00,1917,2292.0,1687.0,1804.0,1920.4048410469827,1951.7224626227016
2020-01-27 23:00:00,1626,1917.0,1519.0,1366.0,1565.606632937821,1632.670559967517
2020-01-28 00:00:00,1556,1626.0,1433.0,1279.0,1196.9112460203557,1346.504303342357
2020-01-28 01:00:00,1290,1556.0,1025.0,1147.0,1098.468273141077,1132.180304320136
2020-01-28 02:00:00,709,1290.0,819.0,788.0,823.9896118297945,821.7632389990935
2020-01-28 03:00:00,815,709.0,315.0,407.0,499.4068275866084,580.3616313288161
2020-01-28 04:00:00,838,815.0,953.0,1036.0,948.080507845116,978.1916175231449
2020-01-28 05:00:00,1136,838.0,1350.0,1376.0,1083.9603451393093,1129.9394510075936
2020-01-28 06:00:00,2301,1136.0,2384.0,2218.0,1948.8598333885811,2200.199023320977
2020-01-28 07:00:00,2996,2301.0,3075.0,3214.0,3155.7943758129313,3177.9636680019134
2020-01-28 08:00:00,2841,2996.0,2970.0,3153.0,3292.800824578748,3209.590247668345
2020-01-28 09:00:00,2916,2841.0,3182.0,3366.0,3008.1039783586457,2878.411720097233
2020-01-28 10:00:00,3063,2916.0,2930.0,3129.0,2893.697003963031,2845.842767254714
2020-01-28 11:00:00,2654,3063.0,2961.0,2842.0,2948.478069233022,2909.038922859137
2020-01-28 12:00:00,2593,2654.0,2643.0,2801.0,2610.868133722819,2677.1509071517776
2020-01-28 13:00:00,2913,2593.0,2720.0,2756.0,2654.5485960585056,2657.8608855148864
2020-01-28 14:00:00,2504,2913.0,2996.0,2328.0,2897.4862456254345,2758.403075228938
2020-01-28 15:00:00,2365,2504.0,2529.0,2231.0,2336.3480008639385,2349.3559839305126
2020-01-28 16:00:00,2240,2365.0,1839.0,2381.0,2311.0163111318425,2263.1872713951466
2020-01-28 17:00:00,2316,2240.0,2321.0,2467.0,2297.053982999613,2370.71820774309
2020-01-28 18:00:00,2659,2316.0,2719.0,2674.0,2487.0904795437095,2651.1057172383735
2020-01-28 19:00:00,3300,2659.0,2968.0,2839.0,2793.4047103369953,2803.743254597895
2020-01-28 20:00:00,2896,3300.0,2554.0,2679.0,3008.194925341433,2719.0624639289863
2020-01-28 21:00:00,2270,2896.0,2292.0,2178.0,2312.0959773720597,2292.1995194122705
2020-01-28 22:00:00,2011,2270.0,1917.0,1871.0,1878.676310006763,1982.5563830639785
2020-01-28 23:00:00,1607,2011.0,1626.0,1348.0,1630.6502334044503,1659.992400260558
2020-01-29 00:00:00,1482,1607.0,1556.0,1422.0,1254.373282761999,1404.1869107912082
2020-01-29 01:00:00,1244,1482.0,1290.0,1327.0,1173.5045604232657,1194.6067406879665
2020-01-29 02:00:00,601,1244.0,709.0,825.0,856.9155834832104,826.9805406685192
2020-01-29 03:00:00,410,601.0,815.0,466.0,586.4735342753802,660.0324305555556
2020-01-29 04:00:00,834,410.0,838.0,1172.0,775.4236780809433,814.2444364462667
2020-01-29 05:00:00,1550,834.0,1136.0,1464.0,1212.5426406521242,1253.2649804362302
2020-01-29 06:00:00,2612,1550.0,2301.0,2261.0,2237.864803663059,2343.3695168115187
2020-01-29 07:00:00,3300,2612.0,2996.0,3301.0,3219.388238137372,3256.015977294428
2020-01-29 08:00:00,2783,3300.0,2841.0,3147.0,3356.1012891055884,3307.8614297545823
2020-01-29 09:00:00,3893,2783.0,2916.0,3074.0,2801.736889501814,2865.0045591349003
2020-01-29 10:00:00,3416,3893.0,3063.0,2873.0,3791.9213909942664,3383.643638628658
2020-01-29 11:00:00,2264,3416.0,2654.0,2652.0,2960.3098956379577,3001.6360622647403
2020-01-29 12:00:00,3416,2264.0,2593.0,2494.0,2336.111177377168,2681.0632409607783
2020-01-29 13:00:00,2425,3416.0,2913.0,2451.0,3460.1213072569353,2910.211361832613
2020-01-29 14:00:00,2465,2425.0,2504.0,2266.0,2348.534591859201,2299.7019664043123
2020-01-29 15:00:00,2400,2465.0,2365.0,2258.0,2505.2975995323454,2356.7345834532434
2020-01-29 16:00:00,2357,2400.0,2240.0,2391.0,2415.7035735024965,2372.178566550041
2020-01-29 17:00:00,2582,2357.0,2316.0,2615.0,2391.1817768687188,2417.749285595802
2020-01-29 18:00:00,2921,2582.0,2659.0,2780.0,2743.48562812102,2738.401461876249
2020-01-29 19:00:00,3216,2921.0,3300.0,2995.0,3072.2483902669487,3051.5933393608784
2020-01-29 20:00:00,2697,3216.0,2896.0,2724.0,2981.3362890565204,2838.7129997780476
2020-01-29 21:00:00,2281,2697.0,2270.0,2153.0,2247.8109845605827,2235.4517495593936
2020-01-29 22:00:00,2297,2281.0,2011.0,1781.0,1947.4819882878967,1993.6135130976652
2020-01-29 23:00:00,1440,2297.0,1607.0,1336.0,1814.5063941443477,1826.2075436507935
2020-01-30 00:00:00,1035,1440.0,1482.0,1380.0,1138.3735277902438,1264.6269690949596
2020-01-30 01:00:00,1038,1035.0,1244.0,1174.0,960.91442249036,1127.6098013294595
2020-01-30 02:00:00,896,1038.0,601.0,828.0,847.6013606292884,855.4668455099008
2020-01-30 03:00:00,407,896.0,410.0,352.0,606.5981408199357,582.3195066547069
2020-01-30 04:00:00,677,407.0,834.0,1004.0,735.6235989842999,753.1442138131722
2020-01-30 05:00:00,1294,677.0,1550.0,1430.0,1229.8078667264338,1388.6863139430195
2020-01-30 06:00:00,2643,1294.0,2612.0,2321.0,2251.780907461895,2287.4629677182816
2020-01-30 07:00:00,2681,2643.0,3300.0,3189.0,3423.5407541245127,3296.3589389433905
2020-01-30 08:00:00,3593,2681.0,2783.0,3050.0,2910.4109100975384,3017.45469397892
2020-01-30 09:00:00,2370,3593.0,3893.0,2891.0,3661.373040759204,3346.322677119628
2020-01-30 10:00:00,2847,2370.0,3416.0,2697.0,2528.2446002878382,2958.7758904601774
2020-01-30 11:00:00,2773,2847.0,2264.0,3143.0,3030.031303491001,2842.2353753347625
2020-01-30 12:00:00,2732,2773.0,3416.0,2607.0,2875.430382091254,2765.4416558106586
2020-01-30 13:00:00,2695,2732.0,2425.0,2514.0,2559.524691608178,2623.53065354364
2020-01-30 14:00:00,2524,2695.0,2465.0,2425.0,2549.0734245276026,2576.7001925078966
2020-01-30 15:00:00,2416,2524.0,2400.0,2340.0,2448.480851218182,2463.137844239564
2020-01-30 16:00:00,2351,2416.0,2357.0,2352.0,2427.792942333764,2407.9770080942194
2020-01-30 17:00:00,2649,2351.0,2582.0,2438.0,2436.471293345193,2469.1716177838443
2020-01-30 18:00:00,2793,2649.0,2921.0,2714.0,2828.2626168535216,2806.19080030179
2020-01-30 19:00:00,3157,2793.0,3216.0,2952.0,2864.644644035965,2935.322423197273
2020-01-30 20:00:00,2782,3157.0,2697.0,2819.0,2920.3690312748136,2746.2930948963585
2020-01-30 21:00:00,2285,2782.0,2281.0,2167.0,2274.9190993629736,2317.8747631257634
2020-01-30 22:00:00,2117,2285.0,2297.0,1981.0,2010.15714656615,2064.22533084283
2020-01-30 23:00:00,1471,2117.0,1440.0,1552.0,1715.1474352469013,1654.9688754681652
2020-01-31 00:00:00,1215,1471.0,1035.0,1433.0,1126.6627468664635,1142.6794360718727
2020-01-31 01:00:00,1193,1215.0,1038.0,1223.0,1040.9205409502504,1078.2993292343278
2020-01-31 02:00:00,824,1193.0,896.0,834.0,907.194558419653,876.4957032909703
2020-01-31 03:00:00,334,824.0,407.0,535.0,655.3801781641325,442.15236578514987
2020-01-31 04:00:00,889,334.0,677.0,999.0,686.2955535682327,738.1318020141973
2020-01-31 05:00:00,1016,889.0,1294.0,1335.0,1318.834119653495,1348.1932360561696
2020-01-31 06:00:00,2046,1016.0,2643.0,2037.0,1909.1103614985755,2071.934565329208
2020-01-31 07:00:00,3192,2046.0,2681.0,3276.0,2950.4038137365255,3102.877233021267
2020-01-31 08:00:00,3263,3192.0,3593.0,3755.0,3811.279994075783,3384.9887561507453
2020-01-31 09:00:00,3273,3263.0,2370.0,2385.0,2839.151437539208,2936.496516608391
2020-01-31 10:00:00,3031,3273.0,2847.0,2980.0,2979.50437208794,3034.049278214558
2020-01-31 11:00:00,2864,3031.0,2773.0,2940.0,2899.779495058283,2876.125305610454
2020-01-31 12:00:00,2855,2864.0,2732.0,2901.0,2790.762861780242,2825.210423745206
2020-01-31 13:00:00,2813,2855.0,2695.0,2860.0,2821.137450438087,2770.1525922976853
2020-01-31 14:00:00,2787,2813.0,2524.0,2808.0,2698.957586020631,2747.4501731017426
2020-01-31 15:00:00,2707,2787.0,2416.0,2884.0,2713.6555771248295,2659.9787669762036
2020-01-31 16:00:00,2539,2707.0,2351.0,2550.0,2560.336420879111,2599.31626977042
2020-01-31 17:00:00,2799,2539.0,2649.0,2643.0,2585.332837834689,2640.4193916731037
2020-01-31 18:00:00,2842,2799.0,2793.0,2822.0,2907.783478830995,2813.331020556351
2020-01-31 19:00:00,2673,2842.0,3157.0,2721.0,2857.649150885141,2841.7654604409577
2020-01-31 20:00:00,2406,2673.0,2782.0,2424.0,2508.06591587201,2464.46289089503
2020-01-31 21:00:00,2018,2406.0,2285.0,1966.0,2162.7147993124495,2049.234299236813
2020-01-31 22:00:00,1873,2018.0,2117.0,1616.0,1848.7480263266193,1907.196997570486
2020-01-31 23:00:00,1518,1873.0,1471.0,1684.0,1717.2373661763236,1564.6513676595903
2020-02-01 00:00:00,1510,1518.0,1215.0,1791.0,1249.6421125824645,1294.7155640782828
2020-02-01 01:00:00,1214,1510.0,1193.0,1290.0,1152.8589433134505,1190.834427079032
2020-02-01 02:00:00,576,1214.0,824.0,589.0,781.7623148704258,729.0854718833399
2020-02-01 03:00:00,865,576.0,334.0,922.0,602.1351882870938,530.335274084214
2020-02-01 04:00:00,867,865.0,889.0,900.0,990.1755482591577,925.9665867109667
2020-02-01 05:00:00,828,867.0,1016.0,975.0,972.1313319118321,825.5641894287967
2020-02-01 06:00:00,604,828.0,2046.0,683.0,1195.4304474816881,726.9511165279197
2020-02-01 07:00:00,1184,604.0,3192.0,1455.0,1597.0820756751098,1499.3639166589471
2020-02-01 08:00:00,2452,1184.0,3263.0,2624.0,2358.380041096465,2367.8286291393624
2020-02-01 09:00:00,3352,2452.0,3273.0,3616.0,3436.29711671651,3433.337394257703
2020-02-01 10:00:00,3701,3352.0,3031.0,3592.0,3563.666803680211,3707.245714285715
2020-02-01 11:00:00,3614,3701.0,2864.0,3650.0,3467.502091867541,3511.4278143248457
2020-02-01 12:00:00,3396,3614.0,2855.0,3539.0,3194.6566540311946,3416.7224963403846
2020-02-01 13:00:00,3290,3396.0,2813.0,3236.0,3030.599279399714,3197.1807289892827
2020-02-01 14:00:00,3010,3290.0,2787.0,2949.0,2939.8675728315557,3008.0001106272607
2020-02-01 15:00:00,2695,3010.0,2707.0,2843.0,2776.0063717833473,2792.328754420611
2020-02-01 16:00:00,2594,2695.0,2539.0,2791.0,2627.827195513723,2559.583182163239
2020-02-01 17:00:00,2686,2594.0,2799.0,2777.0,2637.4434541913856,2636.903103689376
2020-02-01 18:00:00,2749,2686.0,2842.0,2677.0,2666.798055512054,2676.2231148479186
2020-02-01 19:00:00,2476,2749.0,2673.0,2353.0,2497.8433997502343,2599.371815181983
2020-02-01 20:00:00,2199,2476.0,2406.0,2074.0,2158.2627359874036,2131.538078905835
2020-02-01 21:00:00,1652,2199.0,2018.0,1673.0,1863.700487627068,1756.5296235475607
2020-02-01 22:00:00,1591,1652.0,1873.0,1554.0,1580.4992389754836,1611.418809722737
2020-02-01 23:00:00,1843,1591.0,1518.0,1672.0,1571.865572033826,1543.8143022042987
2020-02-02 00:00:00,1822,1843.0,1510.0,1772.0,1502.6557819842726,1380.9372882339405
2020-02-02 01:00:00,776,1822.0,1214.0,934.0,1150.6683310524672,1024.7869732302343
2020-02-02 02:00:00,837,776.0,576.0,836.0,586.0399823121779,817.5808236547296
2020-02-02 03:00:00,920,837.0,865.0,928.0,839.0281039432355,910.0456013054992
2020-02-02 04:00:00,626,920.0,867.0,890.0,836.3085229751412,851.8564284007712
2020-02-02 05:00:00,477,626.0,828.0,492.0,646.0643040610973,415.12002779848183
2020-02-02 06:00:00,221,477.0,604.0,246.0,784.9896392007763,538.2465995323308
2020-02-02 07:00:00,1317,221.0,1184.0,1209.0,1037.0980680523662,1099.264915967507
2020-02-02 08:00:00,2216,1317.0,2452.0,2140.0,2346.6313644836773,2139.4780758081556
2020-02-02 09:00:00,2986,2216.0,3352.0,3235.0,3134.0079857508713,3252.320542822004
2020-02-02 10:00:00,3637,2986.0,3701.0,3859.0,3632.586557509192,3447.9337793458417
2020-02-02 11:00:00,3610,3637.0,3614.0,3819.0,3839.408059702045,3627.7878479324195
2020-02-02 12:00:00,3532,3610.0,3396.0,3626.0,3368.121353321065,3537.248781921624
2020-02-02 13:00:00,3283,3532.0,3290.0,3457.0,3148.3586353166806,3356.8839280767897
2020-02-02 14:00:00,2993,3283.0,3010.0,2874.0,2867.3286539611845,2959.74172395327
2020-02-02 15:00:00,2730,2993.0,2695.0,2705.0,2709.5314880039787,2711.7839115010033
2020-02-02 16:00:00,2479,2730.0,2594.0,2410.0,2470.3087105914074,2486.159030424838
2020-02-02 17:00:00,2563,2479.0,2686.0,2517.0,2415.0915553683153,2508.253419700453
2020-02-02 18:00:00,2776,2563.0,2749.0,2877.0,2659.3812538621164,2723.954789358497
2020-02-02 19:00:00,2732,2776.0,2476.0,3030.0,2751.7380424368084,2826.4755278438624
2020-02-02 20:00:00,2448,2732.0,2199.0,2617.0,2436.3506431675364,2528.370608649925
2020-02-02 21:00:00,1769,2448.0,1652.0,2055.0,2009.762626628,1911.5169621847276
2020-02-02 22:00:00,1714,1769.0,1591.0,1687.0,1588.7234152130973,1681.2338500050869
2020-02-02 23:00:00,1433,1714.0,1843.0,1519.0,1626.7498861004678,1609.739670370298
2020-02-03 00:00:00,1274,1433.0,1822.0,1433.0,1285.3075319883799,1373.6162757431493
2020-02-03 01:00:00,913,1274.0,776.0,1025.0,974.627169178689,878.9830456535441
2020-02-03 02:00:00,584,913.0,837.0,819.0,808.1796478204271,558.0331265487183
2020-02-03 03:00:00,263,584.0,920.0,315.0,616.9731724689343,509.70212142600974
2020-02-03 04:00:00,903,263.0,626.0,953.0,681.1587653133297,714.2448827511257
2020-02-03 05:00:00,1521,903.0,477.0,1350.0,1257.7896432370308,1321.5637932900433
2020-02-03 06:00:00,2381,1521.0,221.0,2384.0,2011.7050178165107,2297.6829581828138
2020-02-03 07:00:00,2498,2381.0,1317.0,3075.0,2818.022242487855,3260.985448380525
2020-02-03 08:00:00,2821,2498.0,2216.0,2970.0,2750.3651999320355,2704.8536897876356
2020-02-03 09:00:00,2902,2821.0,2986.0,3182.0,3097.3739746849938,2901.451477674303
2020-02-03 10:00:00,2830,2902.0,3637.0,2930.0,3081.044961159295,2926.991314752001
2020-02-03 11:00:00,2742,2830.0,3610.0,2961.0,2898.3985739235745,2745.75145397433
2020-02-03 12:00:00,2615,2742.0,3532.0,2643.0,2845.2771458976113,2713.766993996791
2020-02-03 13:00:00,2693,2615.0,3283.0,2720.0,2728.053801144587,2623.133994075873
2020-02-03 14:00:00,2266,2693.0,2993.0,2996.0,2813.717442536594,2594.145458992815
2020-02-03 15:00:00,2236,2266.0,2730.0,2529.0,2462.438300977251,2362.3941069302514
2020-02-03 16:00:00,2266,2236.0,2479.0,1839.0,2258.229796642315,2302.5904812553026
2020-02-03 17:00:00,2634,2266.0,2563.0,2321.0,2282.016579453655,2408.392431321207
2020-02-03 18:00:00,2876,2634.0,2776.0,2719.0,2796.666158207771,2788.654940593407
2020-02-03 19:00:00,2982,2876.0,2732.0,2968.0,2878.0324633136943,2909.6065214397495
2020-02-03 20:00:00,3056,2982.0,2448.0,2554.0,2632.930287840876,2709.8192006557033
2020-02-03 21:00:00,2202,3056.0,1769.0,2292.0,2394.25931017018,2274.426749999999
2020-02-03 22:00:00,1826,2202.0,1714.0,1917.0,1819.3144840878876,1928.1071163933757
2020-02-03 23:00:00,1430,1826.0,1433.0,1626.0,1542.876632532822,1603.5537368889707
2020-02-04 00:00:00,1336,1430.0,1274.0,1556.0,1097.3394191282325,1304.2679316637464
2020-02-04 01:00:00,1101,1336.0,913.0,1290.0,969.9609056586914,897.0187097428712
2020-02-04 02:00:00,769,1101.0,584.0,709.0,665.9060019490146,671.6195884941058
2020-02-04 03:00:00,374,769.0,263.0,815.0,558.2899391450596,520.02868720181
2020-02-04 04:00:00,1057,374.0,903.0,838.0,613.7631430936474,686.9050631908696
2020-02-04 05:00:00,1346,1057.0,1521.0,1136.0,1344.9569116593418,1426.0999642857143
2020-02-04 06:00:00,2590,1346.0,2381.0,2301.0,2057.8108733987156,2226.002760202691
2020-02-04 07:00:00,3050,2590.0,2498.0,2996.0,3078.0742485293313,3047.874992187224
2020-02-04 08:00:00,2838,3050.0,2821.0,2841.0,3082.071105917782,3065.9427836175396
2020-02-04 09:00:00,3317,2838.0,2902.0,2916.0,2737.900933192495,2789.459552661817
2020-02-04 10:00:00,3226,3317.0,2830.0,3063.0,3233.5827253598613,3040.488442232043
2020-02-04 11:00:00,2857,3226.0,2742.0,2654.0,2872.3424557282465,2918.1515704603185
2020-02-04 12:00:00,2924,2857.0,2615.0,2593.0,2597.692905871208,2743.0457751741114
2020-02-04 13:00:00,2813,2924.0,2693.0,2913.0,2833.86680044444,2803.48024237729
2020-02-04 14:00:00,2494,2813.0,2266.0,2504.0,2539.5883249394283,2683.0850016732797
2020-02-04 15:00:00,2286,2494.0,2236.0,2365.0,2352.33750476852,2417.438382253188
2020-02-04 16:00:00,2252,2286.0,2266.0,2240.0,2298.7119355962723,2322.6587690327588
2020-02-04 17:00:00,2554,2252.0,2634.0,2316.0,2346.890046000544,2423.8333687163768
2020-02-04 18:00:00,2751,2554.0,2876.0,2659.0,2738.610925013618,2751.1651110083003
2020-02-04 19:00:00,3196,2751.0,2982.0,3300.0,2940.897152953613,2923.2105429716053
2020-02-04 20:00:00,2879,3196.0,3056.0,2896.0,3059.93097055598,2898.410457979221
2020-02-04 21:00:00,2471,2879.0,2202.0,2270.0,2325.2032489772237,2303.738748231653
2020-02-04 22:00:00,2033,2471.0,1826.0,2011.0,1988.019331781812,2015.3225227195874
2020-02-04 23:00:00,1619,2033.0,1430.0,1607.0,1635.212393883388,1674.7482165362414
2020-02-05 00:00:00,1410,1619.0,1336.0,1482.0,1236.5402301890008,1459.7913475990076
2020-02-05 01:00:00,1275,1410.0,1101.0,1244.0,1093.4671806826661,1091.0389621370778
2020-02-05 02:00:00,812,1275.0,769.0,601.0,846.4501413447122,863.2859284223498
2020-02-05 03:00:00,451,812.0,374.0,410.0,593.0907697008736,475.8410683124871
2020-02-05 04:00:00,1171,451.0,1057.0,834.0,730.2659519053875,792.3943877670794
2020-02-05 05:00:00,1483,1171.0,1346.0,1550.0,1515.8067317186928,1471.5816804088581
2020-02-05 06:00:00,2106,1483.0,2590.0,2612.0,2243.611910599505,2380.731818092576
2020-02-05 07:00:00,3140,2106.0,3050.0,3300.0,2861.1891092136098,3158.0734420024223
2020-02-05 08:00:00,3055,3140.0,2838.0,2783.0,3289.4055231654006,3110.7832109228434
2020-02-05 09:00:00,3318,3055.0,3317.0,3893.0,3314.930317766912,3115.8058869250817
2020-02-05 10:00:00,3415,3318.0,3226.0,3416.0,3311.394630313299,3174.2722653998458
2020-02-05 11:00:00,3023,3415.0,2857.0,2264.0,2962.1155319125146,2911.4775728971827
2020-02-05 12:00:00,2846,3023.0,2924.0,3416.0,3008.9115601493486,2923.0295454546786
2020-02-05 13:00:00,2831,2846.0,2813.0,2425.0,2722.263250504475,2735.949989377878
2020-02-05 14:00:00,2667,2831.0,2494.0,2465.0,2682.0116594346823,2717.9899347460746
2020-02-05 15:00:00,2892,2667.0,2286.0,2400.0,2551.7449061738716,2512.5153228134536
2020-02-05 16:00:00,2005,2892.0,2252.0,2357.0,2775.606760087444,2561.182568273025
2020-02-05 17:00:00,2781,2005.0,2554.0,2582.0,2324.5884309094595,2407.1573049635235
2020-02-05 18:00:00,3007,2781.0,2751.0,2921.0,3168.31197623522,2865.5015584696475
2020-02-05 19:00:00,3498,3007.0,3196.0,3216.0,3163.2667990673954,3109.20156279162
2020-02-05 20:00:00,2987,3498.0,2879.0,2697.0,3157.83078047708,2881.530332034483
2020-02-05 21:00:00,2417,2987.0,2471.0,2281.0,2449.5512683653988,2449.4509801259346
2020-02-05 22:00:00,2081,2417.0,2033.0,2297.0,2136.3340060680566,2081.2061158054084
2020-02-05 23:00:00,1535,2081.0,1619.0,1440.0,1734.4818357510603,1607.9682833676418
2020-02-06 00:00:00,1128,1535.0,1410.0,1035.0,1128.7409134987117,1336.34036464261
2020-02-06 01:00:00,1192,1128.0,1275.0,1038.0,988.6104873601414,1054.5687068377445
2020-02-06 02:00:00,932,1192.0,812.0,896.0,973.7428404005382,968.5969566330599
2020-02-06 03:00:00,504,932.0,451.0,407.0,653.6606937308813,495.45542046182396
2020-02-06 04:00:00,741,504.0,1171.0,677.0,747.7665522788386,832.9200250419999
2020-02-06 05:00:00,1681,741.0,1483.0,1294.0,1210.8791797264369,1322.843400532625
2020-02-06 06:00:00,2326,1681.0,2106.0,2643.0,2518.190170278596,2708.229688257541
2020-02-06 07:00:00,2927,2326.0,3140.0,2681.0,2903.393065664501,3110.270492353144
2020-02-06 08:00:00,3271,2927.0,3055.0,3593.0,3377.287041344587,3234.1209663446307
2020-02-06 09:00:00,2874,3271.0,3318.0,2370.0,3112.1411811444127,3165.897670368762
2020-02-06 10:00:00,3396,2874.0,3415.0,2847.0,2872.7302201926655,2874.5528469133446
2020-02-06 11:00:00,2788,3396.0,3023.0,2773.0,3307.555677596468,2955.699878728876
2020-02-06 12:00:00,2799,2788.0,2846.0,2732.0,2685.004819237417,2776.377180970638
2020-02-06 13:00:00,2794,2799.0,2831.0,2695.0,2798.4104379949295,2735.0924505897983
2020-02-06 14:00:00,2565,2794.0,2667.0,2524.0,2580.2057101903497,2705.752640836633
2020-02-06 15:00:00,2774,2565.0,2892.0,2416.0,2568.945399034059,2529.8599292695235
2020-02-06 16:00:00,2299,2774.0,2005.0,2351.0,2587.9709251144573,2481.8262337172746
2020-02-06 17:00:00,2474,2299.0,2781.0,2649.0,2481.9400157486257,2442.8282753406597
2020-02-06 18:00:00,2855,2474.0,3007.0,2793.0,2783.3330340451434,2792.314708892301
2020-02-06 19:00:00,2948,2855.0,3498.0,3157.0,3134.580055101548,3039.93743352213
2020-02-06 20:00:00,2962,2948.0,2987.0,2782.0,2826.7815790253753,2858.4778445019197
2020-02-06 21:00:00,2358,2962.0,2417.0,2285.0,2445.1680474643417,2466.8806613865927
2020-02-06 22:00:00,2051,2358.0,2081.0,2117.0,2037.1215094890001,2088.6892627408133
2020-02-06 23:00:00,1550,2051.0,1535.0,1471.0,1675.4263501929022,1660.640228402249
2020-02-07 00:00:00,1365,1550.0,1128.0,1215.0,1131.9025896855362,1215.7314144334503
2020-02-07 01:00:00,1218,1365.0,1192.0,1193.0,1107.5035164469723,1170.6327956391183
2020-02-07 02:00:00,745,1218.0,932.0,824.0,921.3006628010514,862.0209397559373
2020-02-07 03:00:00,473,745.0,504.0,334.0,589.8915347919808,513.1033604536738
2020-02-07 04:00:00,1154,473.0,741.0,889.0,732.3113146345509,765.45931893699
2020-02-07 05:00:00,1479,1154.0,1681.0,1016.0,1447.4707189978185,1522.9840714285717
2020-02-07 06:00:00,2120,1479.0,2326.0,2046.0,2116.6358614838746,2237.8543691552027
2020-02-07 07:00:00,3225,2120.0,2927.0,3192.0,2876.264329854492,3131.8782742252333
2020-02-07 08:00:00,3182,3225.0,3271.0,3263.0,3600.509796110923,3338.9918648735156
2020-02-07 09:00:00,3347,3182.0,2874.0,3273.0,3159.448089286863,3163.5607885548106
2020-02-07 10:00:00,2703,3347.0,3396.0,3031.0,3214.241123658748,3109.856280747813
2020-02-07 11:00:00,3227,2703.0,2788.0,2864.0,2731.4058834053712,2780.7964277600813
2020-02-07 12:00:00,2900,3227.0,2799.0,2855.0,3251.444069343369,2885.1915388959287
2020-02-07 13:00:00,2831,2900.0,2794.0,2813.0,2869.659297223891,2840.157333918415
2020-02-07 14:00:00,3122,2831.0,2565.0,2787.0,2832.6646277040145,2767.2860191877576
2020-02-07 15:00:00,2862,3122.0,2774.0,2707.0,3062.189714344945,2752.8377764741604
2020-02-07 16:00:00,2141,2862.0,2299.0,2539.0,2721.4657333187884,2617.6483546197087
2020-02-07 17:00:00,2658,2141.0,2474.0,2799.0,2458.6108523174244,2475.4752712077307
2020-02-07 18:00:00,2984,2658.0,2855.0,2842.0,3028.3668689965666,2834.7218520483625
2020-02-07 19:00:00,3007,2984.0,2948.0,2673.0,3008.4253076730215,2938.6764280896186
2020-02-07 20:00:00,2350,3007.0,2962.0,2406.0,2761.0421980936208,2721.4534830416087
2020-02-07 21:00:00,1887,2350.0,2358.0,2018.0,2143.1374096754184,2094.162318803967
2020-02-07 22:00:00,1717,1887.0,2051.0,1873.0,1864.546242860673,1931.1238240693044
2020-02-07 23:00:00,1592,1717.0,1550.0,1518.0,1637.9251664872097,1585.4234816105156
2020-02-08 00:00:00,1356,1592.0,1365.0,1510.0,1235.8658452582592,1329.4618728538096
2020-02-08 01:00:00,1265,1356.0,1218.0,1214.0,1049.177399287856,1171.321104570887
2020-02-08 02:00:00,788,1265.0,745.0,576.0,804.3828747791633,833.9961145977687
2020-02-08 03:00:00,415,788.0,473.0,865.0,658.353274597539,469.5901520160205
2020-02-08 04:00:00,885,415.0,1154.0,867.0,716.3431887624802,727.4766159248163
2020-02-08 05:00:00,677,885.0,1479.0,828.0,1141.3525124146197,1087.1546362402778
2020-02-08 06:00:00,774,677.0,2120.0,604.0,1200.7331218667016,763.8545113642477
2020-02-08 07:00:00,1390,774.0,3225.0,1184.0,1655.0485449502362,1320.711313299817
2020-02-08 08:00:00,2804,1390.0,3182.0,2452.0,2444.1334415420647,2540.787689267416
2020-02-08 09:00:00,3662,2804.0,3347.0,3352.0,3572.208548602561,3604.814847438971
2020-02-08 10:00:00,3848,3662.0,2703.0,3701.0,3706.786345649527,3835.523101164482
2020-02-08 11:00:00,3650,3848.0,3227.0,3614.0,3649.0355219018143,3597.984224881993
2020-02-08 12:00:00,3498,3650.0,2900.0,3396.0,3229.7306905206106,3405.0074527389575
2020-02-08 13:00:00,3233,3498.0,2831.0,3290.0,3179.0335457110878,3284.466290570048
2020-02-08 14:00:00,2866,3233.0,3122.0,3010.0,3053.0850765066925,2977.3253658915196
2020-02-08 15:00:00,2688,2866.0,2862.0,2695.0,2774.894887115762,2702.3929069382907
2020-02-08 16:00:00,2583,2688.0,2141.0,2594.0,2563.5566400480034,2513.914679036181
2020-02-08 17:00:00,2762,2583.0,2658.0,2686.0,2652.5543239294093,2655.655368046949
2020-02-08 18:00:00,2985,2762.0,2984.0,2749.0,2864.268794204011,2795.0966680887
2020-02-08 19:00:00,2484,2985.0,3007.0,2476.0,2883.396381376366,2783.855471565003
2020-02-08 20:00:00,2166,2484.0,2350.0,2199.0,2268.5749607982298,2111.036521080464
2020-02-08 21:00:00,1747,2166.0,1887.0,1652.0,1927.2138837316127,1658.7626915651094
2020-02-08 22:00:00,1531,1747.0,1717.0,1591.0,1683.6544282722994,1608.7111011393856
2020-02-08 23:00:00,1756,1531.0,1592.0,1843.0,1650.3298134179877,1646.3760600994626
2020-02-09 00:00:00,1789,1756.0,1356.0,1822.0,1514.0842979577826,1331.3860166209945
2020-02-09 01:00:00,836,1789.0,1265.0,776.0,1184.906739213377,999.7774487919492
2020-02-09 02:00:00,705,836.0,788.0,837.0,703.8646396285965,793.0540173151418
2020-02-09 03:00:00,1067,705.0,415.0,920.0,738.9040714927448,795.9501139335471
2020-02-09 04:00:00,905,1067.0,885.0,626.0,1017.3333241968737,888.976876234687
2020-02-09 05:00:00,517,905.0,677.0,477.0,798.8900809186882,556.9868212840835
2020-02-09 06:00:00,339,517.0,774.0,221.0,845.4399139645943,526.22985616304
2020-02-09 07:00:00,1346,339.0,1390.0,1317.0,1211.205238260362,1286.2598340547975
2020-02-09 08:00:00,2162,1346.0,2804.0,2216.0,2414.3081005732265,2218.1483386545137
2020-02-09 09:00:00,3343,2162.0,3662.0,2986.0,3136.316254853701,3247.4914231842204
2020-02-09 10:00:00,3570,3343.0,3848.0,3637.0,3913.6615048716258,3773.024174383833
2020-02-09 11:00:00,3554,3570.0,3650.0,3610.0,3649.4417286970747,3526.6108520960897
2020-02-09 12:00:00,3520,3554.0,3498.0,3532.0,3385.2092615608126,3383.2691141834484
2020-02-09 13:00:00,3260,3520.0,3233.0,3283.0,3177.6733510085605,3295.661442227822
2020-02-09 14:00:00,2977,3260.0,2866.0,2993.0,2935.225712613901,2970.01589381247
2020-02-09 15:00:00,2796,2977.0,2688.0,2730.0,2738.3282940322724,2689.9102358606797
2020-02-09 16:00:00,2566,2796.0,2583.0,2479.0,2589.822934971456,2554.340423881866
2020-02-09 17:00:00,2153,2566.0,2762.0,2563.0,2540.919071556085,2622.8073421783615
2020-02-09 18:00:00,2829,2153.0,2985.0,2776.0,2492.9066314695356,2721.3232001866977
2020-02-09 19:00:00,2661,2829.0,2484.0,2732.0,2923.0682893951357,2874.213874756396
2020-02-09 20:00:00,2321,2661.0,2166.0,2448.0,2424.1239497753545,2393.393254367515
2020-02-09 21:00:00,2082,2321.0,1747.0,1769.0,1895.757439244563,1853.1016594154626
2020-02-09 22:00:00,1654,2082.0,1531.0,1714.0,1774.6673216564504,1768.0890050772325
2020-02-09 23:00:00,1881,1654.0,1756.0,1433.0,1536.45656250408,1530.0123844106283
2020-02-10 00:00:00,1568,1881.0,1789.0,1274.0,1514.7838898512305,1402.0494094446012
2020-02-10 01:00:00,559,1568.0,836.0,913.0,1004.3693089664871,958.1161568704613
2020-02-10 02:00:00,750,559.0,705.0,584.0,575.80914438786,653.7478714618713
2020-02-10 03:00:00,851,750.0,1067.0,263.0,822.9378930142814,771.6132281599632
2020-02-10 04:00:00,760,851.0,905.0,903.0,921.4236617908969,924.3366155391518
2020-02-10 05:00:00,1203,760.0,517.0,1521.0,950.8119094705044,949.6846352637629
2020-02-10 06:00:00,1916,1203.0,339.0,2381.0,1795.3657544728671,2158.75448249058
2020-02-10 07:00:00,2435,1916.0,1346.0,2498.0,2441.9325458677495,2705.0035959155975
2020-02-10 08:00:00,2567,2435.0,2162.0,2821.0,2770.172899996719,2884.9537383448856
2020-02-10 09:00:00,3184,2567.0,3343.0,2902.0,2850.2873896326632,2874.758644215413
2020-02-10 10:00:00,3217,3184.0,3570.0,2830.0,3312.9434281686854,3141.3711415388843
2020-02-10 11:00:00,3070,3217.0,3554.0,2742.0,3101.930336649321,3059.597719979936
2020-02-10 12:00:00,3030,3070.0,3520.0,2615.0,2864.5229955278714,2923.123441316728
2020-02-10 13:00:00,2840,3030.0,3260.0,2693.0,2870.216309739655,2869.6544216975312
2020-02-10 14:00:00,3014,2840.0,2977.0,2266.0,2638.5325508433734,2715.0480234699444
2020-02-10 15:00:00,2700,3014.0,2796.0,2236.0,2753.9897636960955,2764.8023370498454
2020-02-10 16:00:00,2106,2700.0,2566.0,2266.0,2499.259708103018,2514.782387043012
2020-02-10 17:00:00,2475,2106.0,2153.0,2634.0,2270.715901979085,2324.46227784261
2020-02-10 18:00:00,3003,2475.0,2829.0,2876.0,2798.619000644424,2777.923117181217
2020-02-10 19:00:00,3193,3003.0,2661.0,2982.0,3049.020456940861,2934.8623047567526
2020-02-10 20:00:00,2803,3193.0,2321.0,3056.0,2932.3866248801028,2898.355282924883
2020-02-10 21:00:00,2429,2803.0,2082.0,2202.0,2296.5927618438227,2301.40456052281
2020-02-10 22:00:00,2129,2429.0,1654.0,1826.0,1945.9037552767345,2015.65918415816
2020-02-10 23:00:00,1522,2129.0,1881.0,1430.0,1725.7160236335508,1812.1332464416544
2020-02-11 00:00:00,1296,1522.0,1568.0,1336.0,1175.0172159596386,1319.0124101851363
2020-02-11 01:00:00,1084,1296.0,559.0,1101.0,939.9334946749409,953.3205506139084
2020-02-11 02:00:00,785,1084.0,750.0,769.0,817.0882134940591,736.611079287203
2020-02-11 03:00:00,450,785.0,851.0,374.0,647.0800241593365,597.7524720445642
2020-02-11 04:00:00,1045,450.0,760.0,1057.0,702.7820073913356,708.2328449398025
2020-02-11 05:00:00,1587,1045.0,1203.0,1346.0,1346.773646124109,1400.1285494227993
2020-02-11 06:00:00,2145,1587.0,1916.0,2590.0,2276.6785665557654,2390.7053414156567
2020-02-11 07:00:00,3317,2145.0,2435.0,3050.0,2731.9315549112603,2869.8295807975273
2020-02-11 08:00:00,2861,3317.0,2567.0,2838.0,3425.646113785464,3437.361583592299
2020-02-11 09:00:00,3311,2861.0,3184.0,3317.0,2955.503895837771,3065.4287347322506
2020-02-11 10:00:00,3204,3311.0,3217.0,3226.0,3376.889371071813,3159.771299197184
2020-02-11 11:00:00,3014,3204.0,3070.0,2857.0,3031.4156459342403,3018.866920457535
2020-02-11 12:00:00,2866,3014.0,3030.0,2924.0,2884.3789736139333,2900.0236705455322
2020-02-11 13:00:00,2804,2866.0,2840.0,2813.0,2786.915053759863,2766.0604515112936
2020-02-11 14:00:00,2840,2804.0,3014.0,2494.0,2717.4424688932763,2720.2711992517015
2020-02-11 15:00:00,2544,2840.0,2700.0,2286.0,2590.9915868210137,2667.3909338735793
2020-02-11 16:00:00,2050,2544.0,2106.0,2252.0,2333.8948769115345,2419.334222596308
2020-02-11 17:00:00,2087,2050.0,2475.0,2554.0,2294.039041437983,2431.2228085721094
2020-02-11 18:00:00,2766,2087.0,3003.0,2751.0,2542.0128123197683,2703.396221392047
2020-02-11 19:00:00,3211,2766.0,3193.0,3196.0,3137.5696890882286,3036.255720895748
2020-02-11 20:00:00,2913,3211.0,2803.0,2879.0,3022.394184308254,2832.9373050071736
2020-02-11 21:00:00,2367,2913.0,2429.0,2471.0,2442.352178041448,2408.821276465959
2020-02-11 22:00:00,2132,2367.0,2129.0,2033.0,2019.9556446837837,2096.582398680112
2020-02-11 23:00:00,1676,2132.0,1522.0,1619.0,1741.8914918879452,1747.9400201263813
2020-02-12 00:00:00,1570,1676.0,1296.0,1410.0,1236.028303056641,1455.017405800175
2020-02-12 01:00:00,1312,1570.0,1084.0,1275.0,1182.491001259811,1158.1239564095617
2020-02-12 02:00:00,877,1312.0,785.0,812.0,897.3085713600906,820.9877299068357
2020-02-12 03:00:00,583,877.0,450.0,451.0,635.0401636768136,527.5319842940756
2020-02-12 04:00:00,955,583.0,1045.0,1171.0,876.29193859478,987.9867626539303
2020-02-12 05:00:00,1349,955.0,1587.0,1483.0,1348.4430046024866,1468.1499030201855
2020-02-12 06:00:00,2390,1349.0,2145.0,2106.0,2022.5937183977799,2175.780988118506
2020-02-12 07:00:00,3105,2390.0,3317.0,3140.0,3178.4866172705824,3246.1743174569483
2020-02-12 08:00:00,3075,3105.0,2861.0,3055.0,3263.890979827039,3154.1312672397617
2020-02-12 09:00:00,3289,3075.0,3311.0,3318.0,3159.2123375732963,3101.11986665343
2020-02-12 10:00:00,3390,3289.0,3204.0,3415.0,3280.1108367999946,3102.893153006417
2020-02-12 11:00:00,3152,3390.0,3014.0,3023.0,3196.066768287036,3097.7832499369856
2020-02-12 12:00:00,2814,3152.0,2866.0,2846.0,2902.8642831877087,2945.0547236494585
2020-02-12 13:00:00,2623,2814.0,2804.0,2831.0,2791.2018244244473,2710.3631972796934
2020-02-12 14:00:00,2797,2623.0,2840.0,2667.0,2705.898677440332,2652.6693803932244
2020-02-12 15:00:00,2840,2797.0,2544.0,2892.0,2843.008298538504,2660.305917539684
2020-02-12 16:00:00,2023,2840.0,2050.0,2005.0,2536.449440646859,2380.7205922053236
2020-02-12 17:00:00,2338,2023.0,2087.0,2781.0,2267.009299311074,2312.3064880728534
2020-02-12 18:00:00,2855,2338.0,2766.0,3007.0,2805.2144687006326,2787.2402915975226
2020-02-12 19:00:00,3344,2855.0,3211.0,3498.0,3238.6884417559677,3096.401388391146
2020-02-12 20:00:00,2579,3344.0,2913.0,2987.0,3197.724760604021,2876.5569758921633
2020-02-12 21:00:00,2101,2579.0,2367.0,2417.0,2272.1807140776727,2299.1984178338
2020-02-12 22:00:00,2005,2101.0,2132.0,2081.0,1974.5339753999042,1978.5535370907176
2020-02-12 23:00:00,1601,2005.0,1676.0,1535.0,1767.4248963531688,1785.3406776416025
2020-02-13 00:00:00,1471,1601.0,1570.0,1128.0,1193.4853281715414,1395.9325288085806
2020-02-13 01:00:00,1359,1471.0,1312.0,1192.0,1145.1294188454278,1244.1015392601073
2020-02-13 02:00:00,901,1359.0,877.0,932.0,961.2778041447668,933.0396980845856
2020-02-13 03:00:00,720,901.0,583.0,504.0,673.887748486303,533.47084032895
2020-02-13 04:00:00,976,720.0,955.0,741.0,793.1005401117629,737.059425808188
2020-02-13 05:00:00,1387,976.0,1349.0,1681.0,1302.8145793719468,1247.1707398618062
2020-02-13 06:00:00,2202,1387.0,2390.0,2326.0,2138.348026451853,2294.221871341263
2020-02-13 07:00:00,3197,2202.0,3105.0,2927.0,2919.299458842399,3132.6240525800786
2020-02-13 08:00:00,3291,3197.0,3075.0,3271.0,3483.1028372217397,3323.767447902064
2020-02-13 09:00:00,2996,3291.0,3289.0,2874.0,3173.9399046762,3207.4429343998795
2020-02-13 10:00:00,2474,2996.0,3390.0,3396.0,3077.7714937298756,2903.77919421177
2020-02-13 11:00:00,2845,2474.0,3152.0,2788.0,2619.705574149024,2737.0422203099342
2020-02-13 12:00:00,2797,2845.0,2814.0,2799.0,2926.7193532259157,2754.520130703839
2020-02-13 13:00:00,2575,2797.0,2623.0,2794.0,2698.8163467004874,2729.9381579046963
2020-02-13 14:00:00,2507,2575.0,2797.0,2565.0,2533.8987806873915,2566.2919466990948
2020-02-13 15:00:00,2342,2507.0,2840.0,2774.0,2608.2438055514726,2541.112899590847
2020-02-13 16:00:00,2398,2342.0,2023.0,2299.0,2308.756874023548,2221.787726445393
2020-02-13 17:00:00,2604,2398.0,2338.0,2474.0,2430.071626008117,2420.1059549001134
2020-02-13 18:00:00,2716,2604.0,2855.0,2855.0,2773.50089411368,2802.4620129256773
2020-02-13 19:00:00,2807,2716.0,3344.0,2948.0,2848.4016812378118,2848.962963131501
2020-02-13 20:00:00,2607,2807.0,2579.0,2962.0,2652.766698325955,2679.8388262550284
2020-02-13 21:00:00,2213,2607.0,2101.0,2358.0,2218.880865858852,2268.408266576688
2020-02-13 22:00:00,2086,2213.0,2005.0,2051.0,1949.7088333695672,2023.4203588811442
2020-02-13 23:00:00,1620,2086.0,1601.0,1550.0,1713.6895504540444,1723.6769821508901
2020-02-14 00:00:00,1592,1620.0,1471.0,1365.0,1221.249675453104,1271.9002552078948
2020-02-14 01:00:00,1268,1592.0,1359.0,1218.0,1187.2499824824893,1277.2441307191473
2020-02-14 02:00:00,910,1268.0,901.0,745.0,871.4758762223125,782.49033406117
2020-02-14 03:00:00,408,910.0,720.0,473.0,691.4433538050284,593.4682669560008
2020-02-14 04:00:00,951,408.0,976.0,1154.0,758.7853073526471,975.3879174327146
2020-02-14 05:00:00,1396,951.0,1387.0,1479.0,1346.2747241010698,1382.3403504236192
2020-02-14 06:00:00,2142,1396.0,2202.0,2120.0,2066.840274455604,2210.6934396987144
2020-02-14 07:00:00,3064,2142.0,3197.0,3225.0,2956.501658548225,3190.8416239459075
2020-02-14 08:00:00,3058,3064.0,3291.0,3182.0,3413.971097707027,3223.579239825973
2020-02-14 09:00:00,3235,3058.0,2996.0,3347.0,3074.0551500074525,3123.815481325905
2020-02-14 10:00:00,3038,3235.0,2474.0,2703.0,2916.5136376903874,2980.946443848596
2020-02-14 11:00:00,2896,3038.0,2845.0,3227.0,2945.9794338459815,2913.4554417257777
2020-02-14 12:00:00,2840,2896.0,2797.0,2900.0,2855.3152394191457,2819.791518060071
2020-02-14 13:00:00,2787,2840.0,2575.0,2831.0,2720.4886358058498,2776.679044010477
2020-02-14 14:00:00,3058,2787.0,2507.0,3122.0,2766.3680312324295,2727.3386350766664
2020-02-14 15:00:00,2922,3058.0,2342.0,2862.0,2873.9743453046117,2828.0623061052615
2020-02-14 16:00:00,2390,2922.0,2398.0,2141.0,2529.0355958819364,2561.7682462225725
2020-02-14 17:00:00,2368,2390.0,2604.0,2658.0,2461.722383628392,2450.799461737738
2020-02-14 18:00:00,2790,2368.0,2716.0,2984.0,2657.166944231501,2773.427710868036
2020-02-14 19:00:00,2634,2790.0,2807.0,3007.0,2940.408495369977,2878.0401721481658
2020-02-14 20:00:00,2521,2634.0,2607.0,2350.0,2444.7921337348153,2377.8308603962505
2020-02-14 21:00:00,1896,2521.0,2213.0,1887.0,2139.3510729559584,2081.3839470681023
2020-02-14 22:00:00,1645,1896.0,2086.0,1717.0,1777.6690149358524,1866.9360953311398
2020-02-14 23:00:00,1696,1645.0,1620.0,1592.0,1598.0179110654087,1619.3146114055476
2020-02-15 00:00:00,1717,1696.0,1592.0,1356.0,1265.7910268675082,1370.2611217618166
2020-02-15 01:00:00,1335,1717.0,1268.0,1265.0,1135.305966768851,1196.313614853634
2020-02-15 02:00:00,619,1335.0,910.0,788.0,832.6436865308272,772.0254781143094
2020-02-15 03:00:00,915,619.0,408.0,415.0,434.4754962067368,629.4206031166227
2020-02-15 04:00:00,1175,915.0,951.0,885.0,965.076051702699,985.7972490486239
2020-02-15 05:00:00,873,1175.0,1396.0,677.0,1118.79171261419,1018.723317699209
2020-02-15 06:00:00,559,873.0,2142.0,774.0,1256.9479874298509,794.09289993424
2020-02-15 07:00:00,1418,559.0,3064.0,1390.0,1557.7597322024062,1493.940260228368
2020-02-15 08:00:00,2682,1418.0,3058.0,2804.0,2603.140612904856,2604.7040088087865
2020-02-15 09:00:00,3717,2682.0,3235.0,3662.0,3587.938266379543,3675.3355057169483
2020-02-15 10:00:00,3951,3717.0,3038.0,3848.0,3920.855154066562,3890.9402296555595
2020-02-15 11:00:00,3920,3951.0,2896.0,3650.0,3678.909164941703,3752.7782018258767
2020-02-15 12:00:00,3508,3920.0,2840.0,3498.0,3501.0347699535664,3586.125559674982
2020-02-15 13:00:00,3315,3508.0,2787.0,3233.0,3169.2062350432375,3293.6578979104906
2020-02-15 14:00:00,3152,3315.0,3058.0,2866.0,3109.626215996639,3032.3554208790465
2020-02-15 15:00:00,2854,3152.0,2922.0,2688.0,2961.1455718569255,2858.6835972278227
2020-02-15 16:00:00,2687,2854.0,2390.0,2583.0,2724.6831777459684,2624.727622941564
2020-02-15 17:00:00,2830,2687.0,2368.0,2762.0,2674.640633528965,2677.9098194537614
2020-02-15 18:00:00,2795,2830.0,2790.0,2985.0,2929.0427973716846,2840.5130349291635
2020-02-15 19:00:00,2486,2795.0,2634.0,2484.0,2645.9225810761454,2597.9864465270207
2020-02-15 20:00:00,2201,2486.0,2521.0,2166.0,2354.7806343044344,2150.206217138096
2020-02-15 21:00:00,1709,2201.0,1896.0,1747.0,2000.32572299139,1707.1240976613574
2020-02-15 22:00:00,1474,1709.0,1645.0,1531.0,1671.4695553809315,1628.0562171920749
2020-02-15 23:00:00,1344,1474.0,1696.0,1756.0,1669.963292588311,1685.4025732240614
2020-02-16 00:00:00,1610,1344.0,1717.0,1789.0,1382.4749934916802,1571.0428132888649
2020-02-16 01:00:00,1188,1610.0,1335.0,836.0,1276.0100078499058,1176.8125934459804
2020-02-16 02:00:00,813,1188.0,619.0,705.0,847.9140101509126,741.1341611789533
2020-02-16 03:00:00,1058,813.0,915.0,1067.0,909.5866270429308,813.708429330364
2020-02-16 04:00:00,817,1058.0,1175.0,905.0,1136.6232056996316,1019.3789484780795
2020-02-16 05:00:00,589,817.0,873.0,517.0,825.0701055257439,536.3819734466254
2020-02-16 06:00:00,287,589.0,559.0,339.0,933.9210566989241,466.8707624320718
2020-02-16 07:00:00,1259,287.0,1418.0,1346.0,1215.6568054304585,1277.8976640057017
2020-02-16 08:00:00,2193,1259.0,2682.0,2162.0,2366.890903455115,2131.6971002401515
2020-02-16 09:00:00,3170,2193.0,3717.0,3343.0,3278.8864015281933,3299.48048443506
2020-02-16 10:00:00,3597,3170.0,3951.0,3570.0,3768.787219905647,3687.4912393663003
2020-02-16 11:00:00,3775,3597.0,3920.0,3554.0,3729.9939778199273,3628.1843561745045
2020-02-16 12:00:00,3632,3775.0,3508.0,3520.0,3559.383801277608,3563.237509806623
2020-02-16 13:00:00,3315,3632.0,3315.0,3260.0,3250.9573665183398,3360.9006948647834
2020-02-16 14:00:00,3036,3315.0,3152.0,2977.0,3007.9104499985506,3002.4467357579792
2020-02-16 15:00:00,2646,3036.0,2854.0,2796.0,2784.3996149308705,2723.627447000674
2020-02-16 16:00:00,2377,2646.0,2687.0,2566.0,2554.8467135474857,2487.5468358969374
2020-02-16 17:00:00,2229,2377.0,2830.0,2153.0,2385.779414473311,2399.105383505649
2020-02-16 18:00:00,2814,2229.0,2795.0,2829.0,2525.0248809720415,2670.3815853283622
2020-02-16 19:00:00,2824,2814.0,2486.0,2661.0,2857.2368236213024,2826.2055259487083
2020-02-16 20:00:00,2612,2824.0,2201.0,2321.0,2499.618024657,2530.422427274356
2020-02-16 21:00:00,2010,2612.0,1709.0,2082.0,2053.1561602897286,2021.6904138922116
2020-02-16 22:00:00,1734,2010.0,1474.0,1654.0,1591.9081868915691,1742.1744867724858
2020-02-16 23:00:00,1076,1734.0,1344.0,1881.0,1551.3743292784275,1623.0146109427246
2020-02-17 00:00:00,965,1076.0,1610.0,1568.0,1088.5372504308,1259.8927989807505
2020-02-17 01:00:00,569,965.0,1188.0,559.0,821.0993830446582,709.0431022549202
2020-02-17 02:00:00,142,569.0,813.0,750.0,667.9865763157711,552.411983790961
2020-02-17 03:00:00,137,142.0,1058.0,851.0,627.5117235291984,723.6036110314823
2020-02-17 04:00:00,655,137.0,817.0,760.0,641.198783104034,650.5196659785747
2020-02-17 05:00:00,1145,655.0,589.0,1203.0,1103.626432821487,1198.838723227753
2020-02-17 06:00:00,2388,1145.0,287.0,1916.0,1707.5868638513784,2083.056111610611
2020-02-17 07:00:00,3455,2388.0,1259.0,2435.0,2759.1227393882664,3080.52921031746
2020-02-17 08:00:00,3269,3455.0,2193.0,2567.0,3356.990176710572,3513.7629117719544
2020-02-17 09:00:00,3200,3269.0,3170.0,3184.0,3178.3018005542867,3164.9848905539443
2020-02-17 10:00:00,3007,3200.0,3597.0,3217.0,3201.4059721053573,3037.924536672724
2020-02-17 11:00:00,2826,3007.0,3775.0,3070.0,3098.9725876410403,2901.3854920694575
2020-02-17 12:00:00,2823,2826.0,3632.0,3030.0,2964.934793889953,2777.5985373524354
2020-02-17 13:00:00,3024,2823.0,3315.0,2840.0,2891.8152731823466,2747.1139816774776
2020-02-17 14:00:00,2812,3024.0,3036.0,3014.0,3078.1450587245267,2948.1982644286536
2020-02-17 15:00:00,3094,2812.0,2646.0,2700.0,2694.9270677576387,2637.7729341077106
2020-02-17 16:00:00,2358,3094.0,2377.0,2106.0,2792.746677498047,2629.6998459944134
2020-02-17 17:00:00,2096,2358.0,2229.0,2475.0,2280.5686294783845,2263.2393227108214
2020-02-17 18:00:00,2690,2096.0,2814.0,3003.0,2557.8353814328116,2806.650986721378
2020-02-17 19:00:00,2804,2690.0,2824.0,3193.0,3056.1410924091556,2878.3639696106534
2020-02-17 20:00:00,2625,2804.0,2612.0,2803.0,2773.493363054468,2750.1879961136647
2020-02-17 21:00:00,2005,2625.0,2010.0,2429.0,2296.2698316466667,2165.8355213863133
2020-02-17 22:00:00,2039,2005.0,1734.0,2129.0,1868.3709246522508,1845.1220993765703
2020-02-17 23:00:00,1509,2039.0,1076.0,1522.0,1716.138808936907,1550.5499394978926
2020-02-18 00:00:00,1358,1509.0,965.0,1296.0,1099.436898931918,1133.5138364795196
2020-02-18 01:00:00,1179,1358.0,569.0,1084.0,982.7278804127563,949.705922009089
2020-02-18 02:00:00,609,1179.0,142.0,785.0,753.5143454766983,760.086501612262
2020-02-18 03:00:00,460,609.0,137.0,450.0,481.9069869315074,518.1356499388411
2020-02-18 04:00:00,1096,460.0,655.0,1045.0,775.9211210211827,763.5708334083605
2020-02-18 05:00:00,1540,1096.0,1145.0,1587.0,1473.5027367802036,1421.2885674603174
2020-02-18 06:00:00,2409,1540.0,2388.0,2145.0,2208.1784559110424,2334.6320306111284
2020-02-18 07:00:00,3138,2409.0,3455.0,3317.0,3206.204351784987,3332.7934029083863
2020-02-18 08:00:00,3160,3138.0,3269.0,2861.0,3279.262722335125,3196.4875191305787
2020-02-18 09:00:00,3386,3160.0,3200.0,3311.0,3167.9432182292817,3087.658461035156
2020-02-18 10:00:00,3224,3386.0,3007.0,3204.0,3215.2087082709386,3155.723058861867
2020-02-18 11:00:00,2986,3224.0,2826.0,3014.0,2987.196055004446,3026.299927433653
2020-02-18 12:00:00,2912,2986.0,2823.0,2866.0,2814.918309652424,2889.676075937522
2020-02-18 13:00:00,2921,2912.0,3024.0,2804.0,2840.2925291273796,2816.8440958736173
2020-02-18 14:00:00,3066,2921.0,2812.0,2840.0,2796.4406855877105,2821.586433821884
2020-02-18 15:00:00,2658,3066.0,3094.0,2544.0,2909.585778732233,2926.343250593451
2020-02-18 16:00:00,2170,2658.0,2358.0,2050.0,2367.6487721082535,2411.591278638023
2020-02-18 17:00:00,1976,2170.0,2096.0,2087.0,2183.446686191558,2167.3899153276866
2020-02-18 18:00:00,2762,1976.0,2690.0,2766.0,2433.4907034885364,2719.581330131754
2020-02-18 19:00:00,2899,2762.0,2804.0,3211.0,3144.592792217578,2967.2174866866176
2020-02-18 20:00:00,2843,2899.0,2625.0,2913.0,2837.301588798276,2826.591246692091
2020-02-18 21:00:00,2209,2843.0,2005.0,2367.0,2360.9631339448683,2235.1839867535114
2020-02-18 22:00:00,1855,2209.0,2039.0,2132.0,2011.8268971680025,2015.7883092069778
2020-02-18 23:00:00,1602,1855.0,1509.0,1676.0,1691.7442399534402,1540.0427937093782
2020-02-19 00:00:00,1419,1602.0,1358.0,1570.0,1346.1134473737663,1372.6014379485296
2020-02-19 01:00:00,1265,1419.0,1179.0,1312.0,1146.3885085930826,1187.7859501496705
2020-02-19 02:00:00,711,1265.0,609.0,877.0,925.7440827599362,825.8695173997032
2020-02-19 03:00:00,455,711.0,460.0,583.0,618.6398944825485,495.6460343943818
2020-02-19 04:00:00,1111,455.0,1096.0,955.0,783.6714864866351,886.0484682139092
2020-02-19 05:00:00,1375,1111.0,1540.0,1349.0,1457.143122992583,1500.2159336184109
2020-02-19 06:00:00,2102,1375.0,2409.0,2390.0,2113.8191583539806,2323.516957637553
2020-02-19 07:00:00,3424,2102.0,3138.0,3105.0,2843.4230969964988,3233.261485942862
2020-02-19 08:00:00,3351,3424.0,3160.0,3075.0,3635.814283579216,3483.9540097215627
2020-02-19 09:00:00,3205,3351.0,3386.0,3289.0,3277.1867593419333,3239.1455566053955
2020-02-19 10:00:00,3025,3205.0,3224.0,3390.0,3132.1107007415712,3007.7563577513924
2020-02-19 11:00:00,2845,3025.0,2986.0,3152.0,2998.5505265748443,2853.056820919864
2020-02-19 12:00:00,2734,2845.0,2912.0,2814.0,2795.9775747560943,2758.6589722084004
2020-02-19 13:00:00,2384,2734.0,2921.0,2623.0,2710.2104535742874,2691.3596007497354
2020-02-19 14:00:00,2307,2384.0,3066.0,2797.0,2638.2962739017885,2572.9089136763914
2020-02-19 15:00:00,2368,2307.0,2658.0,2840.0,2553.7403000158106,2459.3494560314416
2020-02-19 16:00:00,2470,2368.0,2170.0,2023.0,2243.8463087944483,2346.5957903496337
2020-02-19 17:00:00,2663,2470.0,1976.0,2338.0,2395.8610158813626,2352.8744468489367
2020-02-19 18:00:00,2880,2663.0,2762.0,2855.0,2800.7659753446965,2782.1204831561895
2020-02-19 19:00:00,2935,2880.0,2899.0,3344.0,3006.092919658512,2963.44518589793
2020-02-19 20:00:00,2832,2935.0,2843.0,2579.0,2686.281258959539,2799.5643584871445
2020-02-19 21:00:00,2339,2832.0,2209.0,2101.0,2268.1557043793723,2283.87238260514
2020-02-19 22:00:00,1926,2339.0,1855.0,2005.0,1958.816906217507,2011.5625173176813
2020-02-19 23:00:00,1741,1926.0,1602.0,1601.0,1650.480502066607,1631.184265499371
2020-02-20 00:00:00,1374,1741.0,1419.0,1471.0,1298.046267223977,1406.9068494517303
2020-02-20 01:00:00,1228,1374.0,1265.0,1359.0,1084.4143271015369,1188.8884840740955
2020-02-20 02:00:00,927,1228.0,711.0,901.0,876.7061349031321,817.4505959006943
2020-02-20 03:00:00,507,927.0,455.0,720.0,694.281844353615,435.69428978346934
2020-02-20 04:00:00,844,507.0,1111.0,976.0,767.887308224517,954.9559680523848
2020-02-20 05:00:00,1495,844.0,1375.0,1387.0,1229.0382499372777,1363.4294642034206
2020-02-20 06:00:00,2576,1495.0,2102.0,2202.0,2191.460427347838,2316.818975343198
2020-02-20 07:00:00,3068,2576.0,3424.0,3197.0,3315.791727873477,3263.12257309212
2020-02-20 08:00:00,3038,3068.0,3351.0,3291.0,3362.442120749448,3255.2346677348846
2020-02-20 09:00:00,3172,3038.0,3205.0,2996.0,2995.6499330598695,3001.0638992777704
2020-02-20 10:00:00,3019,3172.0,3025.0,2474.0,2908.071066643304,3046.4720825025097
2020-02-20 11:00:00,2797,3019.0,2845.0,2845.0,2868.398346096169,2873.209569422767
2020-02-20 12:00:00,2547,2797.0,2734.0,2797.0,2731.445270478167,2735.6573493566243
2020-02-20 13:00:00,3088,2547.0,2384.0,2575.0,2539.8338243841827,2556.4774584022252
2020-02-20 14:00:00,3035,3088.0,2307.0,2507.0,2975.1706177605743,2694.01359354296
2020-02-20 15:00:00,2446,3035.0,2368.0,2342.0,2751.99799642064,2668.377682155739
2020-02-20 16:00:00,1816,2446.0,2470.0,2398.0,2423.805678474327,2414.073190788157
2020-02-20 17:00:00,2544,1816.0,2663.0,2604.0,2272.6187625866605,2443.422087363332
2020-02-20 18:00:00,2710,2544.0,2880.0,2716.0,3003.1422250383557,2841.6989797500246
2020-02-20 19:00:00,2707,2710.0,2935.0,2807.0,2867.0592668536574,2873.649371033289
2020-02-20 20:00:00,2618,2707.0,2832.0,2607.0,2596.1992245696874,2609.0281342545545
2020-02-20 21:00:00,2257,2618.0,2339.0,2213.0,2229.8719005059806,2245.311548046304
2020-02-20 22:00:00,1919,2257.0,1926.0,2086.0,1948.5614500749134,1979.226671540643
2020-02-20 23:00:00,1549,1919.0,1741.0,1620.0,1648.9199498750818,1728.6273754929823
2020-02-21 00:00:00,1325,1549.0,1374.0,1592.0,1257.0406103353332,1327.6112091430477
2020-02-21 01:00:00,1317,1325.0,1228.0,1268.0,1084.6513152893783,1215.8211672673426
2020-02-21 02:00:00,836,1317.0,927.0,910.0,961.0237798209766,948.3792672252159
2020-02-21 03:00:00,495,836.0,507.0,408.0,599.3841227070795,441.75318441001167
2020-02-21 04:00:00,1031,495.0,844.0,951.0,731.7941327449762,769.8256840819727
2020-02-21 05:00:00,1350,1031.0,1495.0,1396.0,1390.9515022032347,1399.3466336718297
2020-02-21 06:00:00,2129,1350.0,2576.0,2142.0,2094.3171811250086,2203.8550567643856
2020-02-21 07:00:00,3274,2129.0,3068.0,3064.0,2887.82664262424,3223.018189321807
2020-02-21 08:00:00,3278,3274.0,3038.0,3058.0,3458.142784820813,3424.4746466314973
2020-02-21 09:00:00,3872,3278.0,3172.0,3235.0,3208.6579650214867,3184.8649170753274
2020-02-21 10:00:00,3710,3872.0,3019.0,3038.0,3518.31228188444,3438.7564996463125
2020-02-21 11:00:00,3133,3710.0,2797.0,2896.0,3201.648898825924,3358.0315149444064
2020-02-21 12:00:00,2952,3133.0,2547.0,2840.0,2831.440806536115,2851.5741015823737
2020-02-21 13:00:00,2911,2952.0,3088.0,2787.0,2916.6418524263095,2858.841653553804
2020-02-21 14:00:00,2949,2911.0,3035.0,3058.0,2975.870037668201,2817.573155924371
2020-02-21 15:00:00,2756,2949.0,2446.0,2922.0,2806.379282959935,2805.119021833986
2020-02-21 16:00:00,2925,2756.0,1816.0,2390.0,2500.374919978713,2388.8998047996797
2020-02-21 17:00:00,2324,2925.0,2544.0,2368.0,2747.2485283077363,2688.3799156791447
2020-02-21 18:00:00,2732,2324.0,2710.0,2790.0,2553.7172840500984,2758.2473154987074
2020-02-21 19:00:00,2666,2732.0,2707.0,2634.0,2870.3733990041374,2771.1935219157413
2020-02-21 20:00:00,2330,2666.0,2618.0,2521.0,2594.8129619725296,2492.0084201509117
2020-02-21 21:00:00,1768,2330.0,2257.0,1896.0,2132.5404455696253,1923.5091532523638
2020-02-21 22:00:00,1412,1768.0,1919.0,1645.0,1755.6360519922605,1758.7489257042546
2020-02-21 23:00:00,1473,1412.0,1549.0,1696.0,1598.6944547595995,1579.953557121954
2020-02-22 00:00:00,1732,1473.0,1325.0,1717.0,1340.1224735919334,1397.1320378608477
2020-02-22 01:00:00,1222,1732.0,1317.0,1335.0,1394.2339401977856,1348.11308415029
2020-02-22 02:00:00,487,1222.0,836.0,619.0,802.6773631175072,646.4262059518045
2020-02-22 03:00:00,713,487.0,495.0,915.0,615.7091427402477,716.2317281210039
2020-02-22 04:00:00,703,713.0,1031.0,1175.0,1028.852904674958,1014.7019848676073
2020-02-22 05:00:00,656,703.0,1350.0,873.0,939.7811063907957,721.0362694864835
2020-02-22 06:00:00,477,656.0,2129.0,559.0,1149.5984879438888,748.0846749473334
2020-02-22 07:00:00,1388,477.0,3274.0,1418.0,1615.0018197249108,1518.0538102700805
2020-02-22 08:00:00,2731,1388.0,3278.0,2682.0,2617.135953936588,2738.67735731436
2020-02-22 09:00:00,3704,2731.0,3872.0,3717.0,3728.5795437860666,3724.6511279780675
2020-02-22 10:00:00,4062,3704.0,3710.0,3951.0,4039.2199235587545,3876.6001810548482
2020-02-22 11:00:00,3736,4062.0,3133.0,3920.0,3854.7621596537474,3794.3771202419903
2020-02-22 12:00:00,3535,3736.0,2952.0,3508.0,3300.0402764508644,3517.4416693841717
2020-02-22 13:00:00,3201,3535.0,2911.0,3315.0,3186.6452782277183,3337.445192705401
2020-02-22 14:00:00,2919,3201.0,2949.0,3152.0,2999.5548852436914,2982.5086982587304
2020-02-22 15:00:00,2710,2919.0,2756.0,2854.0,2806.0356712733274,2703.430298642247
2020-02-22 16:00:00,2256,2710.0,2925.0,2687.0,2700.8088425507103,2615.980981172297
2020-02-22 17:00:00,2466,2256.0,2324.0,2830.0,2425.291434172242,2353.639397253178
2020-02-22 18:00:00,2631,2466.0,2732.0,2795.0,2733.779508269241,2667.805973301164
2020-02-22 19:00:00,2358,2631.0,2666.0,2486.0,2639.7733198168007,2519.2332624603105
2020-02-22 20:00:00,2012,2358.0,2330.0,2201.0,2218.7047171675463,2017.0787286637062
2020-02-22 21:00:00,1636,2012.0,1768.0,1709.0,1799.7304830109042,1719.929263740559
2020-02-22 22:00:00,1348,1636.0,1412.0,1474.0,1503.4174182384563,1509.1888962775909
2020-02-22 23:00:00,1586,1348.0,1473.0,1344.0,1367.1533145390044,1429.53236155092
2020-02-23 00:00:00,979,1586.0,1732.0,1610.0,1443.172190248148,1491.8379417010751
2020-02-23 01:00:00,248,979.0,1222.0,1188.0,885.2531412714957,1054.8105888962552
2020-02-23 02:00:00,579,248.0,487.0,813.0,422.54626982489754,682.5256339425152
2020-02-23 03:00:00,818,579.0,713.0,1058.0,857.1851634800926,739.37922341734
2020-02-23 04:00:00,768,818.0,703.0,817.0,883.6745160414455,922.8451940783276
2020-02-23 05:00:00,319,768.0,656.0,589.0,688.0472047777628,580.4123393130893
2020-02-23 06:00:00,631,319.0,477.0,287.0,671.1683447715563,530.0628969492238
2020-02-23 07:00:00,1308,631.0,1388.0,1259.0,1336.4779421183116,1259.0496673589175
2020-02-23 08:00:00,1950,1308.0,2731.0,2193.0,2199.0206832863464,2171.7450564408123
2020-02-23 09:00:00,2967,1950.0,3704.0,3170.0,2858.635720923896,3141.2733612325496
2020-02-23 10:00:00,3476,2967.0,4062.0,3597.0,3589.860950059776,3574.770733668483
2020-02-23 11:00:00,3517,3476.0,3736.0,3775.0,3652.4557214032893,3580.5322741469054
2020-02-23 12:00:00,3366,3517.0,3535.0,3632.0,3323.3369938047144,3471.1032430992927
2020-02-23 13:00:00,3134,3366.0,3201.0,3315.0,3031.6213035386577,3194.693046776459
2020-02-23 14:00:00,2950,3134.0,2919.0,3036.0,2803.075764872169,2892.6922535403532
2020-02-23 15:00:00,2700,2950.0,2710.0,2646.0,2608.982060125231,2648.1493818796675
2020-02-23 16:00:00,2560,2700.0,2256.0,2377.0,2346.6793889740743,2440.87941743819
2020-02-23 17:00:00,2566,2560.0,2466.0,2229.0,2305.3780895644272,2513.314186173843
2020-02-23 18:00:00,2816,2566.0,2631.0,2814.0,2472.588118157275,2663.305642379392
2020-02-23 19:00:00,2706,2816.0,2358.0,2824.0,2627.255478831249,2811.6362490010742
2020-02-23 20:00:00,2423,2706.0,2012.0,2612.0,2317.1214006199098,2462.0034843530443
2020-02-23 21:00:00,1730,2423.0,1636.0,2010.0,1930.205648690386,1875.2642343611515
2020-02-23 22:00:00,1564,1730.0,1348.0,1734.0,1487.0513559049837,1648.078070679716
2020-02-23 23:00:00,1429,1564.0,1586.0,1076.0,1334.1143033636235,1363.0147799124782
2020-02-24 00:00:00,1381,1429.0,979.0,965.0,965.4881669701829,1052.6617071289525
2020-02-24 01:00:00,1030,1381.0,248.0,569.0,739.3128477287582,866.4666746031746
2020-02-24 02:00:00,260,1030.0,579.0,142.0,577.334078849409,455.93722756270006
2020-02-24 03:00:00,276,260.0,818.0,137.0,356.41160745997604,496.6595477994496
2020-02-24 04:00:00,526,276.0,768.0,655.0,603.9847638998369,720.3298822253397
2020-02-24 05:00:00,1113,526.0,319.0,1145.0,827.4839489119424,1014.6708456329305
2020-02-24 06:00:00,1203,1113.0,631.0,2388.0,1823.4304145659485,2117.312418875596
2020-02-24 07:00:00,2503,1203.0,1308.0,3455.0,2146.8467156547695,2096.716919198034
2020-02-24 08:00:00,3307,2503.0,1950.0,3269.0,3118.4690939299,3287.808290848069
2020-02-24 09:00:00,3417,3307.0,2967.0,3200.0,3523.216033901398,3444.0218117362565
2020-02-24 10:00:00,3299,3417.0,3476.0,3007.0,3301.697004897453,3263.940531043274
2020-02-24 11:00:00,3104,3299.0,3517.0,2826.0,3137.5096237176117,3053.9312293860758
2020-02-24 12:00:00,2974,3104.0,3366.0,2823.0,2974.574114494375,2966.6050046134055
2020-02-24 13:00:00,2721,2974.0,3134.0,3024.0,3002.5979720739874,2851.675946994915
2020-02-24 14:00:00,2537,2721.0,2950.0,2812.0,2760.101873466448,2672.5480400458014
2020-02-24 15:00:00,2468,2537.0,2700.0,3094.0,2776.9056706727847,2488.1859159326414
2020-02-24 16:00:00,2369,2468.0,2560.0,2358.0,2475.2733442924664,2436.7225484473315
2020-02-24 17:00:00,2481,2369.0,2566.0,2096.0,2337.3938937615526,2428.7268374243718
2020-02-24 18:00:00,2705,2481.0,2816.0,2690.0,2676.3546827149426,2657.5174182190713
2020-02-24 19:00:00,2676,2705.0,2706.0,2804.0,2800.24987962509,2758.1537831998444
2020-02-24 20:00:00,2404,2676.0,2423.0,2625.0,2508.112367139221,2487.9977223112633
2020-02-24 21:00:00,1731,2404.0,1730.0,2005.0,2061.439321845958,1943.949840615908
2020-02-24 22:00:00,1588,1731.0,1564.0,2039.0,1702.551081232788,1666.5440274239186
2020-02-24 23:00:00,1477,1588.0,1429.0,1509.0,1556.8569192768473,1480.4332203447952
2020-02-25 00:00:00,1585,1477.0,1381.0,1358.0,1198.3838383001673,1162.8397320336983
2020-02-25 01:00:00,1329,1585.0,1030.0,1179.0,1166.7681174495235,1031.408598231527
2020-02-25 02:00:00,753,1329.0,260.0,609.0,746.5135288369513,742.9097651210577
2020-02-25 03:00:00,592,753.0,276.0,460.0,531.9464901434203,500.25142835219907
2020-02-25 04:00:00,618,592.0,526.0,1096.0,772.4376421865161,668.6688200009567
2020-02-25 05:00:00,999,618.0,1113.0,1540.0,1017.8930370198884,923.5425714285717
2020-02-25 06:00:00,2086,999.0,1203.0,2409.0,1781.1515857470408,1847.0841710105926
2020-02-25 07:00:00,2549,2086.0,2503.0,3138.0,2926.322996101896,3079.5186782473343
2020-02-25 08:00:00,2979,2549.0,3307.0,3160.0,3050.64502521533,3201.5812024532033
2020-02-25 09:00:00,3535,2979.0,3417.0,3386.0,3311.9859898029863,3189.8223248847935
2020-02-25 10:00:00,3479,3535.0,3299.0,3224.0,3494.5106558733532,3398.529898619722
2020-02-25 11:00:00,3278,3479.0,3104.0,2986.0,3179.131664669725,3221.240487364019
2020-02-25 12:00:00,3163,3278.0,2974.0,2912.0,2971.378975459022,3051.149432905361
2020-02-25 13:00:00,3085,3163.0,2721.0,2921.0,2920.019717669265,2947.949322304293
2020-02-25 14:00:00,2602,3085.0,2537.0,3066.0,2898.91054948055,2915.9608834710007
2020-02-25 15:00:00,2402,2602.0,2468.0,2658.0,2566.1153593317536,2476.4563641059935
2020-02-25 16:00:00,2346,2402.0,2369.0,2170.0,2402.986768149859,2317.475192108462
2020-02-25 17:00:00,2501,2346.0,2481.0,1976.0,2311.5813097320743,2369.4414249744163
2020-02-25 18:00:00,2860,2501.0,2705.0,2762.0,2681.3583728172753,2691.371144139108
2020-02-25 19:00:00,2904,2860.0,2676.0,2899.0,2845.528899331615,2920.329274706466
2020-02-25 20:00:00,2742,2904.0,2404.0,2843.0,2644.3554056867097,2669.7236312460386
2020-02-25 21:00:00,2121,2742.0,1731.0,2209.0,2160.869715474865,2085.084956165179
2020-02-25 22:00:00,2026,2121.0,1588.0,1855.0,1785.7633372809876,1908.1358626667188
2020-02-25 23:00:00,1427,2026.0,1477.0,1602.0,1722.3845540426844,1638.2269949126685
2020-02-26 00:00:00,917,1427.0,1585.0,1419.0,1192.9674062312513,1240.0552995446096
2020-02-26 01:00:00,1063,917.0,1329.0,1265.0,955.5872689974651,1130.8991969186065
2020-02-26 02:00:00,943,1063.0,753.0,711.0,895.3476630722982,854.4222727409792
2020-02-26 03:00:00,459,943.0,592.0,455.0,703.6517071843255,531.1798598265584
2020-02-26 04:00:00,767,459.0,618.0,1111.0,748.5929290538284,581.7311674243882
2020-02-26 05:00:00,1383,767.0,999.0,1375.0,1150.358240430163,1169.4270977845686
2020-02-26 06:00:00,2272,1383.0,2086.0,2102.0,2087.0256799781814,2132.3590240480394
2020-02-26 07:00:00,3333,2272.0,2549.0,3424.0,3009.072908976043,3067.211513882761
2020-02-26 08:00:00,2984,3333.0,2979.0,3351.0,3559.001311398256,3483.2210768519913
2020-02-26 09:00:00,3112,2984.0,3535.0,3205.0,3044.7626401808493,3095.843758774345
2020-02-26 10:00:00,3131,3112.0,3479.0,3025.0,3102.896854286414,2988.880814266732
2020-02-26 11:00:00,2652,3131.0,3278.0,2845.0,2954.9442593488693,2927.027113448336
2020-02-26 12:00:00,2734,2652.0,3163.0,2734.0,2685.5302723530804,2702.139511464245
2020-02-26 13:00:00,2527,2734.0,3085.0,2384.0,2705.6781623236006,2693.590147962874
2020-02-26 14:00:00,2398,2527.0,2602.0,2307.0,2418.55268146891,2465.337871439964
2020-02-26 15:00:00,2409,2398.0,2402.0,2368.0,2373.669531083123,2372.3669002922434
2020-02-26 16:00:00,2492,2409.0,2346.0,2470.0,2399.1226717425234,2412.033026369301
2020-02-26 17:00:00,2654,2492.0,2501.0,2663.0,2477.713989255924,2598.509574842899
2020-02-26 18:00:00,2825,2654.0,2860.0,2880.0,2786.091288623792,2805.042991838191
2020-02-26 19:00:00,2924,2825.0,2904.0,2935.0,2815.9339538995555,2917.211437305802
2020-02-26 20:00:00,2613,2924.0,2742.0,2832.0,2729.589886893972,2748.4330793827894
2020-02-26 21:00:00,1976,2613.0,2121.0,2339.0,2232.4046372858174,2188.1413040187776
2020-02-26 22:00:00,1701,1976.0,2026.0,1926.0,1792.030524026317,1894.7045136490299
2020-02-26 23:00:00,1165,1701.0,1427.0,1741.0,1591.8705382966405,1574.9775601388062
2020-02-27 00:00:00,1104,1165.0,917.0,1374.0,934.0794817543438,1052.2667151967812
2020-02-27 01:00:00,1224,1104.0,1063.0,1228.0,955.7370002738392,1058.5101410874443
2020-02-27 02:00:00,863,1224.0,943.0,927.0,901.5801174288856,1011.4521570402876
2020-02-27 03:00:00,365,863.0,459.0,507.0,576.8715149780421,450.4090156108878
2020-02-27 04:00:00,977,365.0,767.0,844.0,596.7555449782603,599.0637387913007
2020-02-27 05:00:00,1355,977.0,1383.0,1495.0,1372.7136590573532,1297.8764109920003
2020-02-27 06:00:00,2470,1355.0,2272.0,2576.0,2091.949037291098,2222.112407492063
2020-02-27 07:00:00,3214,2470.0,3333.0,3068.0,3155.033093381354,3141.477040768564
2020-02-27 08:00:00,3306,3214.0,2984.0,3038.0,3306.9684983670145,3224.4854200232135
2020-02-27 09:00:00,2445,3306.0,3112.0,3172.0,3143.1535394168395,3218.234888831698
2020-02-27 10:00:00,2946,2445.0,3131.0,3019.0,2662.979454933007,2853.278816764717
2020-02-27 11:00:00,2826,2946.0,2652.0,2797.0,2985.3172756823546,2800.9877449043915
2020-02-27 12:00:00,2788,2826.0,2734.0,2547.0,2680.4134791978263,2735.308591392603
2020-02-27 13:00:00,2634,2788.0,2527.0,3088.0,2742.4948879307926,2721.3426575494736
2020-02-27 14:00:00,2496,2634.0,2398.0,3035.0,2639.3779886156426,2609.519691383174
2020-02-27 15:00:00,2438,2496.0,2409.0,2446.0,2404.224042453426,2454.6584096667416
2020-02-27 16:00:00,2379,2438.0,2492.0,1816.0,2212.2073462325293,2345.33682478286
2020-02-27 17:00:00,2582,2379.0,2654.0,2544.0,2359.186498759873,2498.891018861146
2020-02-27 18:00:00,2814,2582.0,2825.0,2710.0,2655.5705882236884,2773.0718480937808
2020-02-27 19:00:00,2908,2814.0,2924.0,2707.0,2749.002598427225,2908.167572482051
2020-02-27 20:00:00,2716,2908.0,2613.0,2618.0,2570.1096546702324,2677.854632936748
2020-02-27 21:00:00,2171,2716.0,1976.0,2257.0,2139.7206528760867,2110.742191742967
2020-02-27 22:00:00,1980,2171.0,1701.0,1919.0,1754.3784960071723,1886.2243668060546
2020-02-27 23:00:00,1527,1980.0,1165.0,1549.0,1563.4787301491374,1552.6074198041138
2020-02-28 00:00:00,1397,1527.0,1104.0,1325.0,1107.2285250685813,1132.951384748102
2020-02-28 01:00:00,1323,1397.0,1224.0,1317.0,1113.6247523874524,1153.4306874522536
2020-02-28 02:00:00,989,1323.0,863.0,836.0,881.9779328742904,929.0654385169007
2020-02-28 03:00:00,596,989.0,365.0,495.0,625.2014357812006,486.7204456469097
2020-02-28 04:00:00,1172,596.0,977.0,1031.0,773.8164564888696,883.1613389783399
2020-02-28 05:00:00,1638,1172.0,1355.0,1350.0,1394.398761591336,1310.1960697162315
2020-02-28 06:00:00,2115,1638.0,2470.0,2129.0,2196.8217736311963,2338.6483633150356
2020-02-28 07:00:00,3016,2115.0,3214.0,3274.0,2827.5696884059366,3147.244646959805
2020-02-28 08:00:00,3291,3016.0,3306.0,3278.0,3342.707261063211,3316.786392302158
2020-02-28 09:00:00,3394,3291.0,2445.0,3872.0,3297.7942267964754,3298.276943734441
2020-02-28 10:00:00,3209,3394.0,2946.0,3710.0,3322.936495930973,3241.2367872474842
2020-02-28 11:00:00,2996,3209.0,2826.0,3133.0,3016.7226277118916,3018.152510133269
2020-02-28 12:00:00,2907,2996.0,2788.0,2952.0,2877.8006095514656,2918.9710841126957
2020-02-28 13:00:00,2832,2907.0,2634.0,2911.0,2844.919665112694,2824.7629540450316
2020-02-28 14:00:00,3004,2832.0,2496.0,2949.0,2797.0027796345257,2765.894854732475
2020-02-28 15:00:00,2749,3004.0,2438.0,2756.0,2867.4295192130767,2761.595425309563
2020-02-28 16:00:00,2183,2749.0,2379.0,2925.0,2724.4678751464467,2651.6475742051393
2020-02-28 17:00:00,2363,2183.0,2582.0,2324.0,2340.384507707684,2365.5151260264633
2020-02-28 18:00:00,2742,2363.0,2814.0,2732.0,2722.2220632341687,2763.8878403986255
2020-02-28 19:00:00,2661,2742.0,2908.0,2666.0,2879.516719484402,2887.823063227197
2020-02-28 20:00:00,2299,2661.0,2716.0,2330.0,2517.1722141861496,2406.107999503166
2020-02-28 21:00:00,1851,2299.0,2171.0,1768.0,2032.780778740115,1967.6619456954318
2020-02-28 22:00:00,1696,1851.0,1980.0,1412.0,1680.5858144341041,1737.4821795603536
2020-02-28 23:00:00,1654,1696.0,1527.0,1473.0,1607.4087616808108,1508.6471520564012
2020-02-29 00:00:00,1738,1654.0,1397.0,1732.0,1308.437257981859,1343.2337213479298
2020-02-29 01:00:00,1240,1738.0,1323.0,1222.0,1196.8103189763099,1193.4515305193152
2020-02-29 02:00:00,582,1240.0,989.0,487.0,770.9065369438281,598.6915000319303
2020-02-29 03:00:00,762,582.0,596.0,713.0,581.2897606095319,645.1845384013728
2020-02-29 04:00:00,975,762.0,1172.0,703.0,894.8118465672239,824.9661371779672
2020-02-29 05:00:00,965,975.0,1638.0,656.0,1091.7733498179343,930.9834295109303
2020-02-29 06:00:00,809,965.0,2115.0,477.0,1285.8875365381477,794.0207454051795
2020-02-29 07:00:00,1653,809.0,3016.0,1388.0,1631.3744472380013,1519.3693857097135
2020-02-29 08:00:00,2760,1653.0,3291.0,2731.0,2666.1515628830307,2769.9084965959746
2020-02-29 09:00:00,3921,2760.0,3394.0,3704.0,3536.625413622901,3693.364980492523
2020-02-29 10:00:00,4060,3921.0,3209.0,4062.0,4096.5461551661165,4030.2415244200242
2020-02-29 11:00:00,3792,4060.0,2996.0,3736.0,3707.697386350024,3784.3857981657497
2020-02-29 12:00:00,3637,3792.0,2907.0,3535.0,3325.8370130844405,3522.933514691209
2020-02-29 13:00:00,3337,3637.0,2832.0,3201.0,3225.36085654521,3357.5597490628948
2020-02-29 14:00:00,2893,3337.0,3004.0,2919.0,3043.2934000389923,3047.488503831075
2020-02-29 15:00:00,2650,2893.0,2749.0,2710.0,2758.8757517854046,2681.255229693995
2020-02-29 16:00:00,2663,2650.0,2183.0,2256.0,2454.9358108623846,2373.8574791528595
2020-02-29 17:00:00,2603,2663.0,2363.0,2466.0,2458.7028702850157,2589.60731861747
2020-02-29 18:00:00,2757,2603.0,2742.0,2631.0,2569.9833656935357,2667.2710075128534
2020-02-29 19:00:00,2521,2757.0,2661.0,2358.0,2589.58912463576,2575.1009470511613
2020-02-29 20:00:00,2202,2521.0,2299.0,2012.0,2210.3393808860874,2143.260554447547
2020-02-29 21:00:00,1535,2202.0,1851.0,1636.0,1889.1343323899637,1685.8687196915528
2020-02-29 22:00:00,1435,1535.0,1696.0,1348.0,1482.0651408829567,1556.2392673448996
2020-02-29 23:00:00,1690,1435.0,1654.0,1586.0,1552.4766731590344,1561.8569003493142
2020-03-01 00:00:00,1947,1690.0,1738.0,979.0,1316.3540595063023,1178.3156490015356
2020-03-01 01:00:00,1088,1947.0,1240.0,248.0,1176.8581340119517,1146.8922919478182
2020-03-01 02:00:00,632,1088.0,582.0,579.0,647.5629676065555,642.8883408063807
2020-03-01 03:00:00,998,632.0,762.0,818.0,669.7890770386523,846.1893977621353
2020-03-01 04:00:00,885,998.0,975.0,768.0,1021.8719955104909,897.1988837516529
2020-03-01 05:00:00,528,885.0,965.0,319.0,773.8793722262965,506.4616714669999
2020-03-01 06:00:00,358,528.0,809.0,631.0,935.069290009661,511.69086320572933
2020-03-01 07:00:00,1411,358.0,1653.0,1308.0,1255.9191313756164,1356.766078964993
2020-03-01 08:00:00,2434,1411.0,2760.0,1950.0,2365.4643571958763,2273.4618977967275
2020-03-01 09:00:00,3414,2434.0,3921.0,2967.0,3269.916960067021,3437.8910202422594
2020-03-01 10:00:00,3804,3414.0,4060.0,3476.0,3818.140865681351,3807.8405206519897
2020-03-01 11:00:00,3719,3804.0,3792.0,3517.0,3736.191400670879,3646.4903194058784
2020-03-01 12:00:00,3444,3719.0,3637.0,3366.0,3375.8681249203382,3521.7440643459063
2020-03-01 13:00:00,3319,3444.0,3337.0,3134.0,3115.9819424564485,3246.844889428953
2020-03-01 14:00:00,3053,3319.0,2893.0,2950.0,2990.827087872399,2962.4478306471538
2020-03-01 15:00:00,2730,3053.0,2650.0,2700.0,2734.340596583773,2775.6505826567036
2020-03-01 16:00:00,2403,2730.0,2663.0,2560.0,2632.019708525034,2536.644752984525
2020-03-01 17:00:00,2501,2403.0,2603.0,2566.0,2466.730654122249,2436.5130285263567
2020-03-01 18:00:00,2893,2501.0,2757.0,2816.0,2686.620135950176,2717.5128819579963
2020-03-01 19:00:00,3052,2893.0,2521.0,2706.0,2826.228121808099,2867.1964099266715
2020-03-01 20:00:00,2669,3052.0,2202.0,2423.0,2644.804510000487,2629.130514941993
2020-03-01 21:00:00,1934,2669.0,1535.0,1730.0,1956.3066864507864,1937.3434728789634
2020-03-01 22:00:00,1636,1934.0,1435.0,1564.0,1550.3390498437866,1674.3608854159584
2020-03-01 23:00:00,1459,1636.0,1690.0,1429.0,1485.4626000912872,1527.8164263985368
2020-03-02 00:00:00,1538,1459.0,1947.0,1381.0,1298.4160862471333,1453.4847780775185
2020-03-02 01:00:00,1054,1538.0,1088.0,1030.0,1145.857534074692,1126.7099874803898
2020-03-02 02:00:00,734,1054.0,632.0,260.0,682.667442292787,491.18365753983795
2020-03-02 03:00:00,242,734.0,998.0,276.0,685.4260093283854,519.3400970917844
2020-03-02 04:00:00,652,242.0,885.0,526.0,605.5268241971755,604.8144598226204
2020-03-02 05:00:00,1435,652.0,528.0,1113.0,1057.150173177955,1007.5555250701605
2020-03-02 06:00:00,2171,1435.0,358.0,1203.0,1742.4991340789122,2061.0207698412696
2020-03-02 07:00:00,3402,2171.0,1411.0,2503.0,2553.5710838197692,2894.6054851994854
2020-03-02 08:00:00,3442,3402.0,2434.0,3307.0,3564.996155110835,3567.387735722802
2020-03-02 09:00:00,3238,3442.0,3414.0,3417.0,3413.811809087409,3292.56649663024
2020-03-02 10:00:00,3128,3238.0,3804.0,3299.0,3241.7330732583655,3100.054492024046
2020-03-02 11:00:00,3025,3128.0,3719.0,3104.0,3184.8304570095634,2978.149152357636
2020-03-02 12:00:00,2881,3025.0,3444.0,2974.0,3030.175978033857,2914.009291197106
2020-03-02 13:00:00,2758,2881.0,3319.0,2721.0,2890.511784569135,2814.434423628035
2020-03-02 14:00:00,2619,2758.0,3053.0,2537.0,2751.830581153819,2706.0148918748273
2020-03-02 15:00:00,2330,2619.0,2730.0,2468.0,2610.745958992521,2509.6421680478425
2020-03-02 16:00:00,2326,2330.0,2403.0,2369.0,2388.9146379470653,2349.9476509239253
2020-03-02 17:00:00,2424,2326.0,2501.0,2481.0,2433.433805512217,2450.0709538903384
2020-03-02 18:00:00,2831,2424.0,2893.0,2705.0,2652.6900186238277,2684.1515112800435
2020-03-02 19:00:00,2836,2831.0,3052.0,2676.0,2947.908063112158,2939.8002811006463
2020-03-02 20:00:00,2586,2836.0,2669.0,2404.0,2621.548303764185,2529.0176580145476
2020-03-02 21:00:00,2207,2586.0,1934.0,1731.0,2091.5150651613626,2065.052808621934
2020-03-02 22:00:00,1983,2207.0,1636.0,1588.0,1794.291160632144,1783.8296041928832
2020-03-02 23:00:00,1591,1983.0,1459.0,1477.0,1664.213800081517,1701.50485513018
2020-03-03 00:00:00,1468,1591.0,1538.0,1585.0,1281.2023310372404,1460.084772692404
2020-03-03 01:00:00,1175,1468.0,1054.0,1329.0,1102.9744728645126,1167.8738117624316
2020-03-03 02:00:00,645,1175.0,734.0,753.0,781.5603386600508,718.0994624083561
2020-03-03 03:00:00,841,645.0,242.0,592.0,526.4404170603082,575.2495874920729
2020-03-03 04:00:00,723,841.0,652.0,618.0,840.57657564593,898.4357035880788
2020-03-03 05:00:00,1333,723.0,1435.0,999.0,952.3077646167637,927.3812309837167
2020-03-03 06:00:00,2253,1333.0,2171.0,2086.0,2076.6414007031735,2205.328273710715
2020-03-03 07:00:00,3421,2253.0,3402.0,2549.0,2937.4715199739508,3276.7269778758914
2020-03-03 08:00:00,3394,3421.0,3442.0,2979.0,3580.130002102497,3463.332281688045
2020-03-03 09:00:00,3426,3394.0,3238.0,3535.0,3302.135356018242,3273.988481307005
2020-03-03 10:00:00,3310,3426.0,3128.0,3479.0,3169.5393450086394,3230.847996198092
2020-03-03 11:00:00,2983,3310.0,3025.0,3278.0,3094.997131649452,3097.413884947646
2020-03-03 12:00:00,2903,2983.0,2881.0,3163.0,2913.0666844995194,2913.5561364472896
2020-03-03 13:00:00,3009,2903.0,2758.0,3085.0,2893.1991512462278,2826.0009066321886
2020-03-03 14:00:00,2592,3009.0,2619.0,2602.0,2795.7381388960725,2806.887146630977
2020-03-03 15:00:00,2175,2592.0,2330.0,2402.0,2476.5111608042407,2490.758635679329
2020-03-03 16:00:00,2495,2175.0,2326.0,2346.0,2323.7157216961373,2317.9874055832784
2020-03-03 17:00:00,2526,2495.0,2424.0,2501.0,2695.260507316976,2558.9172025034986
2020-03-03 18:00:00,2754,2526.0,2831.0,2860.0,2784.252547159421,2737.5213292019444
2020-03-03 19:00:00,3052,2754.0,2836.0,2904.0,2835.9517956194304,2891.5131082964176
2020-03-03 20:00:00,3022,3052.0,2586.0,2742.0,2854.7941296157373,2773.9448363175484
2020-03-03 21:00:00,2465,3022.0,2207.0,2121.0,2454.4093210496812,2312.5994671504964
2020-03-03 22:00:00,2073,2465.0,1983.0,2026.0,2072.667646024809,2062.3995506408446
2020-03-03 23:00:00,1574,2073.0,1591.0,1427.0,1702.4208447093438,1666.1388091761182
2020-03-04 00:00:00,1456,1574.0,1468.0,917.0,1143.992899077229,1417.7500399562125
2020-03-04 01:00:00,1323,1456.0,1175.0,1063.0,1142.3285009960346,1189.0848496339336
2020-03-04 02:00:00,1249,1323.0,645.0,943.0,966.6212522702028,870.871753756404
2020-03-04 03:00:00,585,1249.0,841.0,459.0,891.6448271681868,856.2715119047618
2020-03-04 04:00:00,1074,585.0,723.0,767.0,739.5247243275362,699.5131987634607
2020-03-04 05:00:00,1315,1074.0,1333.0,1383.0,1415.8499668577133,1429.4699355720775
2020-03-04 06:00:00,2506,1315.0,2253.0,2272.0,2062.6454410609113,2204.178887454995
2020-03-04 07:00:00,3381,2506.0,3421.0,3333.0,3325.986904944015,3441.457241936854
2020-03-04 08:00:00,3376,3381.0,3394.0,2984.0,3506.4440799130825,3487.899834021088
2020-03-04 09:00:00,3114,3376.0,3426.0,3112.0,3243.2618625542555,3252.830554036167
2020-03-04 10:00:00,2733,3114.0,3310.0,3131.0,3053.890332602831,2937.186035748393
2020-03-04 11:00:00,2579,2733.0,2983.0,2652.0,2716.0188103801224,2727.1008562018214
2020-03-04 12:00:00,2822,2579.0,2903.0,2734.0,2685.1992639144587,2664.3487683148805
2020-03-04 13:00:00,2523,2822.0,3009.0,2527.0,2863.020780904957,2738.1960125593323
2020-03-04 14:00:00,2430,2523.0,2592.0,2398.0,2506.821242117197,2487.1727774076444
2020-03-04 15:00:00,2351,2430.0,2175.0,2409.0,2436.4830797411173,2409.127305705466
2020-03-04 16:00:00,2425,2351.0,2495.0,2492.0,2432.052314926492,2405.254021827515
2020-03-04 17:00:00,2582,2425.0,2526.0,2654.0,2509.1298519849724,2546.380036909786
2020-03-04 18:00:00,2839,2582.0,2754.0,2825.0,2779.752356523001,2750.8223643746146
2020-03-04 19:00:00,3065,2839.0,3052.0,2924.0,2931.5799904325595,2937.6343898119226
2020-03-04 20:00:00,2712,3065.0,3022.0,2613.0,2874.5153713219743,2826.435200754244
2020-03-04 21:00:00,2281,2712.0,2465.0,1976.0,2239.3157403823175,2229.2574014693355
2020-03-04 22:00:00,1956,2281.0,2073.0,1701.0,1913.2786439940523,2007.014545100259
2020-03-04 23:00:00,1460,1956.0,1574.0,1165.0,1564.3950453389089,1541.3127359148787
2020-03-05 00:00:00,1154,1460.0,1456.0,1104.0,1073.2485334623584,1347.4647119711456
2020-03-05 01:00:00,1007,1154.0,1323.0,1224.0,994.0284579605016,1203.5580769358075
2020-03-05 02:00:00,819,1007.0,1249.0,863.0,866.9904691663794,855.6145272107537
2020-03-05 03:00:00,158,819.0,585.0,365.0,580.7246081525934,516.1882323299776
2020-03-05 04:00:00,558,158.0,1074.0,977.0,619.0055170725934,823.9906732373324
2020-03-05 05:00:00,1531,558.0,1315.0,1355.0,1119.499719687233,1276.56951511932
2020-03-05 06:00:00,2425,1531.0,2506.0,2470.0,2431.6871564503945,2519.1503620751937
2020-03-05 07:00:00,3374,2425.0,3381.0,3214.0,3153.5021363326036,3349.7784150273214
2020-03-05 08:00:00,3051,3374.0,3376.0,3306.0,3591.643745213441,3434.320613006448
2020-03-05 09:00:00,2170,3051.0,3114.0,2445.0,2753.6553670475037,3027.56188680759
2020-03-05 10:00:00,3960,2170.0,2733.0,2946.0,2400.267525315748,2832.570732405783
2020-03-05 11:00:00,2667,3960.0,2579.0,2826.0,3903.721243463806,3444.7370609293353
2020-03-05 12:00:00,2610,2667.0,2822.0,2788.0,2513.512267154936,2849.601005729009
2020-03-05 13:00:00,2541,2610.0,2523.0,2634.0,2573.1221474166955,2746.722235425239
2020-03-05 14:00:00,2485,2541.0,2430.0,2496.0,2441.4187158884433,2477.6034138167765
2020-03-05 15:00:00,2241,2485.0,2351.0,2438.0,2358.9619377095214,2423.2526741162355
2020-03-05 16:00:00,2174,2241.0,2425.0,2379.0,2247.0192739652675,2339.96311237789
2020-03-05 17:00:00,2381,2174.0,2582.0,2582.0,2324.6158100124458,2431.0486609880427
2020-03-05 18:00:00,2794,2381.0,2839.0,2814.0,2637.998051991067,2651.745411041817
2020-03-05 19:00:00,2831,2794.0,3065.0,2908.0,2889.382348866045,2952.8496892359744
2020-03-05 20:00:00,2658,2831.0,2712.0,2716.0,2593.518565395155,2646.337163414679
2020-03-05 21:00:00,2341,2658.0,2281.0,2171.0,2156.9533413072263,2245.4823627166143
2020-03-05 22:00:00,2081,2341.0,1956.0,1980.0,1908.037826888901,1948.2812571777802
2020-03-05 23:00:00,1550,2081.0,1460.0,1527.0,1596.3131940103153,1644.7889140037391
2020-03-06 00:00:00,1351,1550.0,1154.0,1397.0,1078.4267469288006,1182.0295724623184
2020-03-06 01:00:00,1177,1351.0,1007.0,1323.0,1001.5548670650589,1089.4789524188302
2020-03-06 02:00:00,711,1177.0,819.0,989.0,840.1700434853558,844.6312845290552
2020-03-06 03:00:00,468,711.0,158.0,596.0,512.9882077142545,463.69644416468253
2020-03-06 04:00:00,1154,468.0,558.0,1172.0,691.441799014234,673.2319794948486
2020-03-06 05:00:00,1564,1154.0,1531.0,1638.0,1527.3923209817276,1455.8322858230413
2020-03-06 06:00:00,2245,1564.0,2425.0,2115.0,2113.635062333338,2305.5049150542955
2020-03-06 07:00:00,3293,2245.0,3374.0,3016.0,2915.9652244674467,3269.21912176963
2020-03-06 08:00:00,3335,3293.0,3051.0,3291.0,3438.4818100418724,3491.7062328606517
2020-03-06 09:00:00,3075,3335.0,2170.0,3394.0,3031.7492106605832,3202.71469264648
2020-03-06 10:00:00,2824,3075.0,3960.0,3209.0,3082.8250806880637,2967.9167775392193
2020-03-06 11:00:00,2792,2824.0,2667.0,2996.0,2747.90139422586,2751.4567247239056
2020-03-06 12:00:00,2863,2792.0,2610.0,2907.0,2730.3399443618337,2735.763853802851
2020-03-06 13:00:00,2841,2863.0,2541.0,2832.0,2723.750043343185,2748.0952380328317
2020-03-06 14:00:00,2677,2841.0,2485.0,3004.0,2689.831244379062,2744.1638891288057
2020-03-06 15:00:00,2637,2677.0,2241.0,2749.0,2580.1051061625403,2593.851268759357
2020-03-06 16:00:00,2619,2637.0,2174.0,2183.0,2374.5487175085323,2428.728524232609
2020-03-06 17:00:00,2797,2619.0,2381.0,2363.0,2408.890296555039,2575.7602869274156
2020-03-06 18:00:00,3007,2797.0,2794.0,2742.0,2788.2689141814208,2797.2868831572273
2020-03-06 19:00:00,2867,3007.0,2831.0,2661.0,2847.1313855452017,2866.235509323529
2020-03-06 20:00:00,2530,2867.0,2658.0,2299.0,2491.204625711682,2585.4088948544554
2020-03-06 21:00:00,1938,2530.0,2341.0,1851.0,2138.5042107721347,2075.157357581494
2020-03-06 22:00:00,1801,1938.0,2081.0,1696.0,1753.8196554518988,1873.014782861493
2020-03-06 23:00:00,1628,1801.0,1550.0,1654.0,1669.0484372881301,1622.7012157440759
2020-03-07 00:00:00,1634,1628.0,1351.0,1738.0,1263.1665205878528,1400.307459268887
2020-03-07 01:00:00,1278,1634.0,1177.0,1240.0,1115.3118606392165,1154.5759053044178
2020-03-07 02:00:00,531,1278.0,711.0,582.0,734.0402679022191,668.113800884373
2020-03-07 03:00:00,717,531.0,468.0,762.0,505.68810495298476,615.7210321140541
2020-03-07 04:00:00,978,717.0,1154.0,975.0,907.4115727461083,936.359135861878
2020-03-07 05:00:00,654,978.0,1564.0,965.0,1113.6152743148257,1139.4617278029943
2020-03-07 06:00:00,726,654.0,2245.0,809.0,1190.0928758026464,792.0938119444519
2020-03-07 07:00:00,1586,726.0,3293.0,1653.0,1733.5411128473334,1600.0084387634117
2020-03-07 08:00:00,3116,1586.0,3335.0,2760.0,2676.5058073834757,2793.2537563025207
2020-03-07 09:00:00,4120,3116.0,3075.0,3921.0,3821.2447412228985,3906.451446633827
2020-03-07 10:00:00,3879,4120.0,2824.0,4060.0,4036.0731904655067,4115.2794523809525
2020-03-07 11:00:00,3585,3879.0,2792.0,3792.0,3483.2569011098267,3657.5382127370067
2020-03-07 12:00:00,3451,3585.0,2863.0,3637.0,3294.3871007240673,3427.7464099917665
2020-03-07 13:00:00,3194,3451.0,2841.0,3337.0,3248.837058634183,3230.8577821606345
2020-03-07 14:00:00,3049,3194.0,2677.0,2893.0,2990.7962142526603,2946.8685019040645
2020-03-07 15:00:00,2856,3049.0,2637.0,2650.0,2826.9971925914256,2759.9071006341233
2020-03-07 16:00:00,2672,2856.0,2619.0,2663.0,2775.105142717294,2633.444607354625
2020-03-07 17:00:00,2685,2672.0,2797.0,2603.0,2682.806878525564,2662.7532306349317
2020-03-07 18:00:00,2791,2685.0,3007.0,2757.0,2799.3687584062636,2757.116314991781
2020-03-07 19:00:00,2604,2791.0,2867.0,2521.0,2692.5482978281616,2657.5654858406856
2020-03-07 20:00:00,2346,2604.0,2530.0,2202.0,2355.705557553022,2229.4463820025007
2020-03-07 21:00:00,1737,2346.0,1938.0,1535.0,1968.6979193677344,1824.663490185645
2020-03-07 22:00:00,1449,1737.0,1801.0,1435.0,1645.2078610152312,1624.4631659022482
2020-03-07 23:00:00,1595,1449.0,1628.0,1690.0,1603.7029458229526,1600.5170249007579
2020-03-08 00:00:00,1767,1595.0,1634.0,1947.0,1538.2563354555105,1533.8998568467402
2020-03-08 01:00:00,1047,1767.0,1278.0,1088.0,1334.4355506058298,1146.2077652612156
2020-03-08 02:00:00,380,1047.0,531.0,632.0,725.0892828622912,545.0488326713325
2020-03-08 03:00:00,804,380.0,717.0,998.0,658.735830243056,754.878954373952
2020-03-08 04:00:00,772,804.0,978.0,885.0,1051.9481744519926,864.6136679235783
2020-03-08 05:00:00,324,772.0,654.0,528.0,815.9889278233679,552.3292106362105
2020-03-08 06:00:00,237,324.0,726.0,358.0,825.9208636772503,533.4628651557233
2020-03-08 07:00:00,1640,237.0,1586.0,1411.0,1287.3073820221339,1281.6907895232782
2020-03-08 08:00:00,2454,1640.0,3116.0,2434.0,2794.6312950882625,2696.398944444445
2020-03-08 09:00:00,3583,2454.0,4120.0,3414.0,3409.7369687461933,3455.5178324530316
2020-03-08 10:00:00,3753,3583.0,3879.0,3804.0,4042.4559581053322,3811.664603868726
2020-03-08 11:00:00,3579,3753.0,3585.0,3719.0,3703.5465323662174,3587.8803088100003
2020-03-08 12:00:00,3510,3579.0,3451.0,3444.0,3299.5023667907544,3366.5685310841154
2020-03-08 13:00:00,3329,3510.0,3194.0,3319.0,3223.692206038616,3284.4737056348736
2020-03-08 14:00:00,3021,3329.0,3049.0,3053.0,3042.1946906598314,3035.5168886176352
2020-03-08 15:00:00,2673,3021.0,2856.0,2730.0,2786.168876923337,2665.305008777629
2020-03-08 16:00:00,2398,2673.0,2672.0,2403.0,2515.1607629934433,2454.5238267736536
2020-03-08 17:00:00,2648,2398.0,2685.0,2501.0,2406.1534836370793,2433.95495560004
2020-03-08 18:00:00,2881,2648.0,2791.0,2893.0,2803.0225041793005,2772.5603577852453
2020-03-08 19:00:00,2961,2881.0,2604.0,3052.0,2868.362121427867,2901.7333193692175
2020-03-08 20:00:00,2571,2961.0,2346.0,2669.0,2643.15073790892,2705.9235052735953
2020-03-08 21:00:00,1716,2571.0,1737.0,1934.0,2060.0782169883123,1960.3745574420861
2020-03-08 22:00:00,1663,1716.0,1449.0,1636.0,1547.2543429484213,1658.6412597051697
2020-03-08 23:00:00,1436,1663.0,1595.0,1459.0,1592.0721314650068,1496.3738669048516
2020-03-09 00:00:00,1329,1436.0,1767.0,1538.0,1305.1544020136264,1344.6189299773964
2020-03-09 01:00:00,1090,1329.0,1047.0,1054.0,1068.666769703112,983.9622721321587
2020-03-09 02:00:00,613,1090.0,380.0,734.0,801.4109054102321,604.6882773160894
2020-03-09 03:00:00,469,613.0,804.0,242.0,602.1436328443808,465.13350104486597
2020-03-09 04:00:00,1060,469.0,772.0,652.0,729.7320534432026,650.1904183275118
2020-03-09 05:00:00,1396,1060.0,324.0,1435.0,1323.5766620055913,1316.0523991596638
2020-03-09 06:00:00,2218,1396.0,237.0,2171.0,1818.4499086819976,2176.96896901463
2020-03-09 07:00:00,3474,2218.0,1640.0,3402.0,2890.142207717089,3268.1999997104367
2020-03-09 08:00:00,3621,3474.0,2454.0,3442.0,3653.5420847711357,3587.8995683625562
2020-03-09 09:00:00,3655,3621.0,3583.0,3238.0,3508.99781929341,3462.1430394984013
2020-03-09 10:00:00,2874,3655.0,3753.0,3128.0,3404.898641349772,3297.234386020713
2020-03-09 11:00:00,2660,2874.0,3579.0,3025.0,2963.3297659190134,2845.032785854752
2020-03-09 12:00:00,2717,2660.0,3510.0,2881.0,2874.6038716871517,2731.269352421861
2020-03-09 13:00:00,2627,2717.0,3329.0,2758.0,2864.2242744177124,2678.809649158939
2020-03-09 14:00:00,2443,2627.0,3021.0,2619.0,2657.4174317124566,2601.264153808856
2020-03-09 15:00:00,2244,2443.0,2673.0,2330.0,2491.2745452644544,2414.6647620221756
2020-03-09 16:00:00,2452,2244.0,2398.0,2326.0,2357.3625323409265,2338.1855051530024
2020-03-09 17:00:00,2376,2452.0,2648.0,2424.0,2624.3162729865544,2571.05030370735
2020-03-09 18:00:00,2819,2376.0,2881.0,2831.0,2643.2099237741713,2694.848752018169
2020-03-09 19:00:00,3056,2819.0,2961.0,2836.0,2970.5426441323134,2926.606544845248
2020-03-09 20:00:00,2935,3056.0,2571.0,2586.0,2818.8735509469216,2706.730507786689
2020-03-09 21:00:00,2355,2935.0,1716.0,2207.0,2318.2207199532986,2157.764099206349
2020-03-09 22:00:00,2014,2355.0,1663.0,1983.0,1968.511194804514,1939.2036477735364
2020-03-09 23:00:00,1522,2014.0,1436.0,1591.0,1706.860592869526,1658.9208296154904
2020-03-10 00:00:00,1463,1522.0,1329.0,1468.0,1213.9793343241763,1393.339364906304
2020-03-10 01:00:00,1071,1463.0,1090.0,1175.0,1141.1917966911367,1164.158309298963
2020-03-10 02:00:00,899,1071.0,613.0,645.0,763.7648574920552,526.2622663534972
2020-03-10 03:00:00,403,899.0,469.0,841.0,775.6465053004799,547.5814755313918
2020-03-10 04:00:00,994,403.0,1060.0,723.0,651.1271715480277,723.6487966072522
2020-03-10 05:00:00,1282,994.0,1396.0,1333.0,1353.003926415877,1432.9021800144299
2020-03-10 06:00:00,2174,1282.0,2218.0,2253.0,2039.823110488603,2162.5875966742833
2020-03-10 07:00:00,3394,2174.0,3474.0,3421.0,3130.664163354889,3328.9539538957138
2020-03-10 08:00:00,3300,3394.0,3621.0,3394.0,3753.169272188894,3459.5831407698274
2020-03-10 09:00:00,3216,3300.0,3655.0,3426.0,3298.4001383855575,3225.692438130603
2020-03-10 10:00:00,2527,3216.0,2874.0,3310.0,2998.8790222791417,3055.400513075928
2020-03-10 11:00:00,2569,2527.0,2660.0,2983.0,2581.668502151288,2691.4449234932863
2020-03-10 12:00:00,2648,2569.0,2717.0,2903.0,2698.3740548794244,2665.0650789487363
2020-03-10 13:00:00,2909,2648.0,2627.0,3009.0,2691.272811949074,2615.8030140971346
2020-03-10 14:00:00,2176,2909.0,2443.0,2592.0,2773.166039570243,2759.208376188602
2020-03-10 15:00:00,2190,2176.0,2244.0,2175.0,2124.2067873060655,2222.844653256732
2020-03-10 16:00:00,1924,2190.0,2452.0,2495.0,2352.6324743420305,2408.2448350359987
2020-03-10 17:00:00,2371,1924.0,2376.0,2526.0,2220.898951891593,2338.5606268321876
2020-03-10 18:00:00,2860,2371.0,2819.0,2754.0,2765.7459857818135,2682.2794468401303
2020-03-10 19:00:00,3012,2860.0,3056.0,3052.0,3067.5162870273484,3013.2912202961534
2020-03-10 20:00:00,2574,3012.0,2935.0,3022.0,2915.695054914352,2891.7973479099874
2020-03-10 21:00:00,2240,2574.0,2355.0,2465.0,2282.1910411933873,2255.2467756895003
2020-03-10 22:00:00,2039,2240.0,2014.0,2073.0,1978.6158470817468,1992.1791553651947
2020-03-10 23:00:00,2031,2039.0,1522.0,1574.0,1689.0490032832968,1636.6247716970322
2020-03-11 00:00:00,1223,2031.0,1463.0,1456.0,1432.4870840393958,1422.531611118558
2020-03-11 01:00:00,1177,1223.0,1071.0,1323.0,977.8635658539295,970.0036706349205
2020-03-11 02:00:00,568,1177.0,899.0,1249.0,989.379491013389,942.7602318978732
2020-03-11 03:00:00,304,568.0,403.0,585.0,488.9632680487157,546.8711069370504
2020-03-11 04:00:00,885,304.0,994.0,1074.0,683.2585508965717,915.6105316164753
2020-03-11 05:00:00,1129,885.0,1282.0,1315.0,1247.8212549365182,1280.083034909535
2020-03-11 06:00:00,2236,1129.0,2174.0,2506.0,1929.5155929412101,2101.3036883562886
2020-03-11 07:00:00,3641,2236.0,3394.0,3381.0,3111.4782383055654,3367.6620228659344
2020-03-11 08:00:00,3582,3641.0,3300.0,3376.0,3761.535148875131,3533.7683212560387
2020-03-11 09:00:00,3061,3582.0,3216.0,3114.0,3283.3008468275643,3376.3308583506214
2020-03-11 10:00:00,2800,3061.0,2527.0,2733.0,2729.5896425416695,2794.944687292398
2020-03-11 11:00:00,2655,2800.0,2569.0,2579.0,2645.360058960724,2671.5087451453937
2020-03-11 12:00:00,2808,2655.0,2648.0,2822.0,2644.4154465924103,2644.5732295457065
2020-03-11 13:00:00,3683,2808.0,2909.0,2523.0,2782.081857342236,2715.5742020811385
2020-03-11 14:00:00,3247,3683.0,2176.0,2430.0,3295.4315010945425,2872.1113928571417
2020-03-11 15:00:00,2468,3247.0,2190.0,2351.0,2706.972432365705,2634.419016933867
2020-03-11 16:00:00,2447,2468.0,1924.0,2425.0,2337.50782301862,2240.9599997726323
2020-03-11 17:00:00,2643,2447.0,2371.0,2582.0,2556.8898587303693,2443.7033212065526
2020-03-11 18:00:00,2933,2643.0,2860.0,2839.0,2844.48603502565,2845.06438980595
2020-03-11 19:00:00,3029,2933.0,3012.0,3065.0,3039.5725775470405,3047.4133422071986
2020-03-11 20:00:00,2708,3029.0,2574.0,2712.0,2776.967794461094,2809.9225198462395
2020-03-11 21:00:00,2254,2708.0,2240.0,2281.0,2299.192261305993,2252.944992942599
2020-03-11 22:00:00,2022,2254.0,2039.0,1956.0,2008.5195493362094,1994.7203298760098
2020-03-11 23:00:00,1656,2022.0,2031.0,1460.0,1806.3832714312662,1742.7297747235928
2020-03-12 00:00:00,1310,1656.0,1223.0,1154.0,1184.9023355891275,1262.7990156515602
2020-03-12 01:00:00,1181,1310.0,1177.0,1007.0,1026.6477867989145,1018.1516052324827
2020-03-12 02:00:00,1044,1181.0,568.0,819.0,859.486764280141,827.8900512612424
2020-03-12 03:00:00,547,1044.0,304.0,158.0,589.1745117400224,603.4757167136786
2020-03-12 04:00:00,1031,547.0,885.0,558.0,675.0515897379785,744.7423249116923
2020-03-12 05:00:00,1542,1031.0,1129.0,1531.0,1392.7395737132856,1359.437115258924
2020-03-12 06:00:00,2271,1542.0,2236.0,2425.0,2274.520594437209,2271.896285130658
2020-03-12 07:00:00,3335,2271.0,3641.0,3374.0,3152.4380369557075,3351.4205795554044
2020-03-12 08:00:00,3681,3335.0,3582.0,3051.0,3570.036180283197,3485.328062996564
2020-03-12 09:00:00,3073,3681.0,3061.0,2170.0,3147.6378173263092,3293.462499903511
2020-03-12 10:00:00,3052,3073.0,2800.0,3960.0,3096.4406467660883,2890.6450952701725
2020-03-12 11:00:00,2772,3052.0,2655.0,2667.0,2846.554466201101,2831.5643779367074
2020-03-12 12:00:00,2420,2772.0,2808.0,2610.0,2675.965491075089,2746.148100927247
2020-03-12 13:00:00,2680,2420.0,3683.0,2541.0,2716.275483264458,2607.4459076526946
2020-03-12 14:00:00,2607,2680.0,3247.0,2485.0,2836.315578355995,2669.7114512467406
2020-03-12 15:00:00,2450,2607.0,2468.0,2241.0,2491.4464808208904,2508.804830529322
2020-03-12 16:00:00,2422,2450.0,2447.0,2174.0,2350.1729964979427,2396.289497361746
2020-03-12 17:00:00,2588,2422.0,2643.0,2381.0,2407.9181242284067,2518.86828636269
2020-03-12 18:00:00,2817,2588.0,2933.0,2794.0,2735.582287651116,2789.3613328302163
2020-03-12 19:00:00,3070,2817.0,3029.0,2831.0,2812.9502628705013,2913.837482957577
2020-03-12 20:00:00,2905,3070.0,2708.0,2658.0,2792.4533702016465,2786.3392074077815
2020-03-12 21:00:00,2252,2905.0,2254.0,2341.0,2366.17341445453,2339.6207287162683
2020-03-12 22:00:00,1993,2252.0,2022.0,2081.0,1951.4442054026285,2045.8616678356661
2020-03-12 23:00:00,1398,1993.0,1656.0,1550.0,1677.466109915807,1710.6342186620295
2020-03-13 00:00:00,1144,1398.0,1310.0,1351.0,1123.955422829694,1211.5329419038637
2020-03-13 01:00:00,959,1144.0,1181.0,1177.0,1008.5709298586082,1095.4636220277662
2020-03-13 02:00:00,521,959.0,1044.0,711.0,829.408907527356,631.4100331873119
2020-03-13 03:00:00,226,521.0,547.0,468.0,564.8616327454404,570.6528204701476
2020-03-13 04:00:00,698,226.0,1031.0,1154.0,762.2006611221766,963.7438753668544
2020-03-13 05:00:00,1101,698.0,1542.0,1564.0,1325.1970568076076,1357.0313001443003
2020-03-13 06:00:00,2215,1101.0,2271.0,2245.0,2027.8703047240742,2143.8431090082076
2020-03-13 07:00:00,3446,2215.0,3335.0,3293.0,3187.4673922835173,3411.5234598663023
2020-03-13 08:00:00,3393,3446.0,3681.0,3335.0,3802.3347011374512,3526.8975591368553
2020-03-13 09:00:00,3257,3393.0,3073.0,3075.0,3206.6005882372865,3238.0695092184824
2020-03-13 10:00:00,3042,3257.0,3052.0,2824.0,2965.7562259144725,3032.026111161935
2020-03-13 11:00:00,3007,3042.0,2772.0,2792.0,2854.4168549194073,2867.4207716453607
2020-03-13 12:00:00,2925,3007.0,2420.0,2863.0,2787.0047020547363,2868.722873404967
2020-03-13 13:00:00,2728,2925.0,2680.0,2841.0,2760.497558793423,2835.308316025968
2020-03-13 14:00:00,2648,2728.0,2607.0,2677.0,2645.5230085012263,2667.5098774731923
2020-03-13 15:00:00,2539,2648.0,2450.0,2637.0,2576.121622297039,2573.7756689416815
2020-03-13 16:00:00,2489,2539.0,2422.0,2619.0,2515.6008966008585,2524.9453968083126
2020-03-13 17:00:00,2606,2489.0,2588.0,2797.0,2596.7364238663954,2615.7081769720594
2020-03-13 18:00:00,2516,2606.0,2817.0,3007.0,2802.1819360288277,2775.209968193648
2020-03-13 19:00:00,2736,2516.0,3070.0,2867.0,2645.499823914239,2662.512551565087
2020-03-13 20:00:00,2610,2736.0,2905.0,2530.0,2671.7450080074236,2585.294642790295
2020-03-13 21:00:00,1983,2610.0,2252.0,1938.0,2201.7777759743167,2121.8658479718615
2020-03-13 22:00:00,1619,1983.0,1993.0,1801.0,1820.7781290294965,1849.5691911931963
2020-03-13 23:00:00,1484,1619.0,1398.0,1628.0,1553.923071172026,1542.1034518357792
2020-03-14 00:00:00,1577,1484.0,1144.0,1634.0,1166.783408077519,1280.179528494715
2020-03-14 01:00:00,1451,1577.0,959.0,1278.0,1081.959024782179,1212.2036618727177
2020-03-14 02:00:00,767,1451.0,521.0,531.0,720.1772846131373,824.5582637582535
2020-03-14 03:00:00,434,767.0,226.0,717.0,502.6296611304813,502.0833432263851
2020-03-14 04:00:00,689,434.0,698.0,978.0,621.5763314225405,755.7783648717635
2020-03-14 05:00:00,635,689.0,1101.0,654.0,829.0561075644944,845.720526983712
2020-03-14 06:00:00,763,635.0,2215.0,726.0,1191.9351882243068,704.1244336048527
2020-03-14 07:00:00,1447,763.0,3446.0,1586.0,1667.2165769140665,1558.9241908026095
2020-03-14 08:00:00,2925,1447.0,3393.0,3116.0,2581.6585041907083,2756.0486313980136
2020-03-14 09:00:00,3863,2925.0,3257.0,4120.0,3752.711931755831,3749.1138513957308
2020-03-14 10:00:00,4060,3863.0,3042.0,3879.0,3897.8891475628825,3995.547235119048
2020-03-14 11:00:00,3878,4060.0,3007.0,3585.0,3674.156402861271,3749.733532954613
2020-03-14 12:00:00,3570,3878.0,2925.0,3451.0,3342.485255120541,3592.829360678571
2020-03-14 13:00:00,3323,3570.0,2728.0,3194.0,3156.9740835907787,3327.0022147595428
2020-03-14 14:00:00,2900,3323.0,2648.0,3049.0,3023.50261024484,3062.9072646285454
2020-03-14 15:00:00,2768,2900.0,2539.0,2856.0,2763.0548726888173,2679.587391744896
2020-03-14 16:00:00,2659,2768.0,2489.0,2672.0,2707.181218584239,2584.277793151254
2020-03-14 17:00:00,2735,2659.0,2606.0,2685.0,2627.3774566176858,2667.7317640809792
2020-03-14 18:00:00,2677,2735.0,2516.0,2791.0,2741.8380188719,2717.7906559807748
2020-03-14 19:00:00,2568,2677.0,2736.0,2604.0,2600.2000573221558,2590.553814124591
2020-03-14 20:00:00,2279,2568.0,2610.0,2346.0,2423.8339683086315,2313.347998761275
2020-03-14 21:00:00,1535,2279.0,1983.0,1737.0,2003.1899472770488,1804.2157797375862
2020-03-14 22:00:00,1243,1535.0,1619.0,1449.0,1526.0011369673407,1516.1311052396038
2020-03-14 23:00:00,1314,1243.0,1484.0,1595.0,1476.6794479560294,1442.8498928027686
2020-03-15 00:00:00,1450,1314.0,1577.0,1767.0,1354.2875993528578,1453.878570055894
2020-03-15 01:00:00,955,1450.0,1451.0,1047.0,1207.9744472486404,1158.110352770856
2020-03-15 02:00:00,485,955.0,767.0,380.0,687.017281158265,514.9861233239948
2020-03-15 03:00:00,721,485.0,434.0,804.0,631.2464107579503,523.7401581492813
2020-03-15 04:00:00,814,721.0,689.0,772.0,895.1971164309564,755.9252480488242
2020-03-15 05:00:00,537,814.0,635.0,324.0,807.0345197270381,708.3825198965553
2020-03-15 06:00:00,204,537.0,763.0,237.0,860.4396948777253,466.0568192957003
2020-03-15 07:00:00,1343,204.0,1447.0,1640.0,1261.5585788689957,1242.275445360195
2020-03-15 08:00:00,2400,1343.0,2925.0,2454.0,2542.1734256623204,2414.9340377533094
2020-03-15 09:00:00,3625,2400.0,3863.0,3583.0,3470.2616642563567,3402.3098401027073
2020-03-15 10:00:00,3928,3625.0,4060.0,3753.0,4110.571844352495,3927.764470995548
2020-03-15 11:00:00,3839,3928.0,3878.0,3579.0,3841.0535793728786,3818.128610736616
2020-03-15 12:00:00,3637,3839.0,3570.0,3510.0,3478.183186319551,3567.760548307384
2020-03-15 13:00:00,3707,3637.0,3323.0,3329.0,3292.1046571526663,3381.6429698256266
2020-03-15 14:00:00,3017,3707.0,2900.0,3021.0,3218.983301746654,3375.6074908314245
2020-03-15 15:00:00,2686,3017.0,2768.0,2673.0,2733.3872346570106,2629.1429378820308
2020-03-15 16:00:00,2374,2686.0,2659.0,2398.0,2551.1107271517685,2407.192398550853
2020-03-15 17:00:00,2341,2374.0,2735.0,2648.0,2544.6685688249963,2442.9324800457634
2020-03-15 18:00:00,2516,2341.0,2677.0,2881.0,2631.753522164964,2667.769224166146
2020-03-15 19:00:00,2755,2516.0,2568.0,2961.0,2667.7260263377725,2640.570330568808
2020-03-15 20:00:00,2474,2755.0,2279.0,2571.0,2590.7922936793384,2577.193171198392
2020-03-15 21:00:00,1759,2474.0,1535.0,1716.0,1914.4882710309162,1820.288109121046
2020-03-15 22:00:00,1515,1759.0,1243.0,1663.0,1526.0655072925283,1632.5527364816332
2020-03-15 23:00:00,1412,1515.0,1314.0,1436.0,1417.6477448032622,1379.17132492726
2020-03-16 00:00:00,1509,1412.0,1450.0,1329.0,1210.639663887529,1125.954006928812
2020-03-16 01:00:00,1136,1509.0,955.0,1090.0,1104.4812136466455,1062.7251511318216
2020-03-16 02:00:00,591,1136.0,485.0,613.0,749.2122577811183,608.3353474614227
2020-03-16 03:00:00,735,591.0,721.0,469.0,598.5090948909321,463.5439518155374
2020-03-16 04:00:00,1210,735.0,814.0,1060.0,946.8123986899504,744.3795851948818
2020-03-16 05:00:00,1261,1210.0,537.0,1396.0,1324.2255192676346,1236.0978844537815
2020-03-16 06:00:00,1896,1261.0,204.0,2218.0,1633.1367086507967,2142.1051256161295
2020-03-16 07:00:00,3157,1896.0,1343.0,3474.0,2589.300341077607,3026.178156468102
2020-03-16 08:00:00,3584,3157.0,2400.0,3621.0,3564.715114484382,3533.885270528341
2020-03-16 09:00:00,3456,3584.0,3625.0,3655.0,3741.0778137711613,3689.7156901728567
2020-03-16 10:00:00,3261,3456.0,3928.0,2874.0,3336.892031908423,3164.7771600517403
2020-03-16 11:00:00,3103,3261.0,3839.0,2660.0,3187.925894476197,3047.423140958666
2020-03-16 12:00:00,3124,3103.0,3637.0,2717.0,3095.644211193814,2993.458746497686
2020-03-16 13:00:00,3024,3124.0,3707.0,2627.0,3108.0482341015454,2957.0245414264546
2020-03-16 14:00:00,2882,3024.0,3017.0,2443.0,2852.9498447579094,2840.6962704231473
2020-03-16 15:00:00,2563,2882.0,2686.0,2244.0,2700.8196647224518,2670.1863236314516
2020-03-16 16:00:00,2488,2563.0,2374.0,2452.0,2554.289168327651,2451.4307177614996
2020-03-16 17:00:00,2649,2488.0,2341.0,2376.0,2515.308674292505,2495.790963751502
2020-03-16 18:00:00,2755,2649.0,2516.0,2819.0,2821.7644491133296,2753.943910281436
2020-03-16 19:00:00,2924,2755.0,2755.0,3056.0,2901.8693359622102,2876.2326788583237
2020-03-16 20:00:00,2734,2924.0,2474.0,2935.0,2839.6780758110285,2727.6997811302904
2020-03-16 21:00:00,2185,2734.0,1759.0,2355.0,2326.1648777900214,2160.017576132346
2020-03-16 22:00:00,1859,2185.0,1515.0,2014.0,1944.219699283065,1914.0876951784305
2020-03-16 23:00:00,1459,1859.0,1412.0,1522.0,1679.1944573170422,1451.227306198123
2020-03-17 00:00:00,1377,1459.0,1509.0,1463.0,1268.636856278881,1393.7484265112143
2020-03-17 01:00:00,1229,1377.0,1136.0,1071.0,1124.3724450828827,1167.7540508653094
2020-03-17 02:00:00,720,1229.0,591.0,899.0,913.1665765399857,806.1957227860864
2020-03-17 03:00:00,662,720.0,735.0,403.0,658.399921291262,637.8685791318331
2020-03-17 04:00:00,1112,662.0,1210.0,994.0,945.8586769490491,1048.999867489734
2020-03-17 05:00:00,1099,1112.0,1261.0,1282.0,1381.6788753628366,1348.511546474159
2020-03-17 06:00:00,1580,1099.0,1896.0,2174.0,1844.0429076931523,1838.7745532000076
2020-03-17 07:00:00,3075,1580.0,3157.0,3394.0,2680.5837659350645,2739.988278629204
2020-03-17 08:00:00,3496,3075.0,3584.0,3300.0,3725.3374070109135,3397.7954821517633
2020-03-17 09:00:00,3706,3496.0,3456.0,3216.0,3518.2890286172787,3471.950986573105
2020-03-17 10:00:00,3721,3706.0,3261.0,2527.0,3279.0235179939536,3463.7552472214197
2020-03-17 11:00:00,3445,3721.0,3103.0,2569.0,3200.3194310022664,3454.482012691407
2020-03-17 12:00:00,3471,3445.0,3124.0,2648.0,3047.8211751073754,3206.477962609169
2020-03-17 13:00:00,3442,3471.0,3024.0,2909.0,3179.519802235448,3190.454379948099
2020-03-17 14:00:00,3024,3442.0,2882.0,2176.0,2871.4556600916926,2964.3461047317587
2020-03-17 15:00:00,2380,3024.0,2563.0,2190.0,2698.216438509559,2735.841355373438
2020-03-17 16:00:00,2405,2380.0,2488.0,1924.0,2337.8389709543317,2311.022536065286
2020-03-17 17:00:00,2667,2405.0,2649.0,2371.0,2592.7706433857834,2446.273477122116
2020-03-17 18:00:00,2892,2667.0,2755.0,2860.0,2964.4400444652274,2824.3277890941354
2020-03-17 19:00:00,2922,2892.0,2924.0,3012.0,3036.395669816539,3054.023738128191
2020-03-17 20:00:00,2534,2922.0,2734.0,2574.0,2743.412972511178,2718.442218837522
2020-03-17 21:00:00,1988,2534.0,2185.0,2240.0,2285.73883160682,2167.056803096129
2020-03-17 22:00:00,1693,1988.0,1859.0,2039.0,1921.373162075613,1861.7084514337203
2020-03-17 23:00:00,1617,1693.0,1459.0,2031.0,1749.2150975836105,1693.7498060002251
2020-03-18 00:00:00,1182,1617.0,1377.0,1223.0,1287.6086122367367,1379.083947104422
2020-03-18 01:00:00,1247,1182.0,1229.0,1177.0,1060.3937564454234,1081.3542229197637
2020-03-18 02:00:00,969,1247.0,720.0,568.0,936.1155991093608,910.7300634217636
2020-03-18 03:00:00,508,969.0,662.0,304.0,708.3952315713634,516.938861893069
2020-03-18 04:00:00,976,508.0,1112.0,885.0,802.4739847696303,891.4907350943632
2020-03-18 05:00:00,1396,976.0,1099.0,1129.0,1270.0859915396986,1238.7801920924621
2020-03-18 06:00:00,1724,1396.0,1580.0,2236.0,2024.7290624203938,1933.5650731857763
2020-03-18 07:00:00,2761,1724.0,3075.0,3641.0,2737.232706084578,2950.1239749515657
2020-03-18 08:00:00,3424,2761.0,3496.0,3582.0,3466.574690070567,3551.4754800635114
2020-03-18 09:00:00,3697,3424.0,3706.0,3061.0,3621.7302298692484,3541.909483392666
2020-03-18 10:00:00,3492,3697.0,3721.0,2800.0,3555.9520598800805,3469.236120106973
2020-03-18 11:00:00,2801,3492.0,3445.0,2655.0,3207.696054392622,3182.6478813895505
2020-03-18 12:00:00,3814,2801.0,3471.0,2808.0,2916.872180940562,2976.9466556281127
2020-03-18 13:00:00,3127,3814.0,3442.0,3683.0,4066.853057019534,3505.6615844311245
2020-03-18 14:00:00,2911,3127.0,3024.0,3247.0,3081.562964418037,2988.3633135183063
2020-03-18 15:00:00,2691,2911.0,2380.0,2468.0,2733.4347311005076,2589.2981731752143
2020-03-18 16:00:00,2674,2691.0,2405.0,2447.0,2623.422866430075,2617.37980809922
2020-03-18 17:00:00,2735,2674.0,2667.0,2643.0,2717.864250189515,2750.469148970034
2020-03-18 18:00:00,2865,2735.0,2892.0,2933.0,2891.7745587889112,2899.0860051919467
2020-03-18 19:00:00,3012,2865.0,2922.0,3029.0,2955.3936515936916,3007.2765043741024
2020-03-18 20:00:00,2650,3012.0,2534.0,2708.0,2807.256232948427,2796.0830472348975
2020-03-18 21:00:00,1945,2650.0,1988.0,2254.0,2278.1610666120105,2165.4324767724956
2020-03-18 22:00:00,1843,1945.0,1693.0,2022.0,1843.9507674062897,1804.3375108690825
2020-03-18 23:00:00,1264,1843.0,1617.0,1656.0,1754.5005654311879,1617.1998082415478
2020-03-19 00:00:00,1261,1264.0,1182.0,1310.0,1069.742675132696,1162.3023081847377
2020-03-19 01:00:00,1309,1261.0,1247.0,1181.0,1112.4214571834113,1145.8238225620312
2020-03-19 02:00:00,893,1309.0,969.0,1044.0,982.4973952533503,985.2663077314822
2020-03-19 03:00:00,425,893.0,508.0,547.0,673.8363372814952,511.40284826862813
2020-03-19 04:00:00,934,425.0,976.0,1031.0,756.6723357780518,891.5489783369652
2020-03-19 05:00:00,1254,934.0,1396.0,1542.0,1388.600811513568,1466.2025715074842
2020-03-19 06:00:00,1585,1254.0,1724.0,2271.0,1917.0893760810486,1969.9124568155269
2020-03-19 07:00:00,2709,1585.0,2761.0,3335.0,2584.834620019386,2614.245291783647
2020-03-19 08:00:00,3334,2709.0,3424.0,3681.0,3477.9964562015907,3492.751994787164
2020-03-19 09:00:00,3244,3334.0,3697.0,3073.0,3502.5419058487923,3488.541622335828
2020-03-19 10:00:00,3349,3244.0,3492.0,3052.0,3169.1574880996773,3114.8107928643394
2020-03-19 11:00:00,3544,3349.0,2801.0,2772.0,3010.6485496712758,3003.2371562081917
2020-03-19 12:00:00,3052,3544.0,3814.0,2420.0,3241.3584892254275,3263.9806752159425
2020-03-19 13:00:00,3112,3052.0,3127.0,2680.0,2874.8672637531718,2958.0615240109573
2020-03-19 14:00:00,2942,3112.0,2911.0,2607.0,2947.8233271939107,2921.129066079049
2020-03-19 15:00:00,2728,2942.0,2691.0,2450.0,2694.5407360133245,2731.5204601333594
2020-03-19 16:00:00,2546,2728.0,2674.0,2422.0,2603.073262190006,2619.8837677963775
2020-03-19 17:00:00,2834,2546.0,2735.0,2588.0,2557.9865014522234,2634.0904759480663
2020-03-19 18:00:00,2987,2834.0,2865.0,2817.0,2966.4024613180163,2946.5009325135525
2020-03-19 19:00:00,3120,2987.0,3012.0,3070.0,3024.724478352753,3053.5987586302035
2020-03-19 20:00:00,2692,3120.0,2650.0,2905.0,2883.904384389446,2879.1217643239834
2020-03-19 21:00:00,1964,2692.0,1945.0,2252.0,2258.473202864801,2161.8232374986333
2020-03-19 22:00:00,1760,1964.0,1843.0,1993.0,1839.9611887030064,1822.233167729981
2020-03-19 23:00:00,1583,1760.0,1264.0,1398.0,1553.6559382906767,1525.5104829092293
2020-03-20 00:00:00,1253,1583.0,1261.0,1144.0,1200.9196757220932,1294.191019951386
2020-03-20 01:00:00,1175,1253.0,1309.0,959.0,1030.1234289792176,1024.8597821764251
2020-03-20 02:00:00,714,1175.0,893.0,521.0,863.6599937199574,804.9910351776605
2020-03-20 03:00:00,389,714.0,425.0,226.0,563.6473643756949,497.3763446539982
2020-03-20 04:00:00,872,389.0,934.0,698.0,706.6354683505222,771.3599974259722
2020-03-20 05:00:00,638,872.0,1254.0,1101.0,1242.0825890150907,1330.8336472862748
2020-03-20 06:00:00,2007,638.0,1585.0,2215.0,1580.7289995152394,1622.7119496554014
2020-03-20 07:00:00,2687,2007.0,2709.0,3446.0,3160.172429955164,3097.0710900219065
2020-03-20 08:00:00,3299,2687.0,3334.0,3393.0,3305.729047867223,3399.594606836149
2020-03-20 09:00:00,3497,3299.0,3244.0,3257.0,3439.0640690169143,3433.148234931712
2020-03-20 10:00:00,3482,3497.0,3349.0,3042.0,3368.9930737724153,3324.1978513295453
2020-03-20 11:00:00,3278,3482.0,3544.0,3007.0,3275.944390291021,3234.6314679106667
2020-03-20 12:00:00,3132,3278.0,3052.0,2925.0,2990.9941845787207,3093.1946760360543
2020-03-20 13:00:00,2995,3132.0,3112.0,2728.0,2922.1797804472276,2958.4302586921276
2020-03-20 14:00:00,2812,2995.0,2942.0,2648.0,2823.214822999776,2905.958308789708
2020-03-20 15:00:00,2872,2812.0,2728.0,2539.0,2662.1567462970324,2650.842379670561
2020-03-20 16:00:00,2313,2872.0,2546.0,2489.0,2720.55704407167,2657.7319909846287
2020-03-20 17:00:00,2701,2313.0,2834.0,2606.0,2421.3849645008127,2413.6887662826275
2020-03-20 18:00:00,2955,2701.0,2987.0,2516.0,2868.151968859616,2766.996983615469
2020-03-20 19:00:00,2708,2955.0,3120.0,2736.0,2957.932699687222,2929.073786507562
2020-03-20 20:00:00,2389,2708.0,2692.0,2610.0,2513.2649415052747,2560.437642429261
2020-03-20 21:00:00,1818,2389.0,1964.0,1983.0,2071.45026697777,1975.1436648037316
2020-03-20 22:00:00,1555,1818.0,1760.0,1619.0,1671.332459963101,1724.3416472804768
2020-03-20 23:00:00,1523,1555.0,1583.0,1484.0,1542.5577089785963,1478.6148066242376
2020-03-21 00:00:00,1495,1523.0,1253.0,1577.0,1199.4719826555136,1355.271135924095
2020-03-21 01:00:00,973,1495.0,1175.0,1451.0,1077.1708857076662,1197.711545108859
2020-03-21 02:00:00,494,973.0,714.0,767.0,688.2110209076593,560.9392167610986
2020-03-21 03:00:00,893,494.0,389.0,434.0,444.8601267629333,462.8510534884532
2020-03-21 04:00:00,885,893.0,872.0,689.0,934.1582038984802,866.0701279486308
2020-03-21 05:00:00,662,885.0,638.0,635.0,800.7905248875711,792.8275799425032
2020-03-21 06:00:00,550,662.0,2007.0,763.0,1145.9191268504565,677.2365288367923
2020-03-21 07:00:00,1669,550.0,2687.0,1447.0,1466.930463562413,1467.4093434944048
2020-03-21 08:00:00,2827,1669.0,3299.0,2925.0,2847.330429526859,2792.6299166666663
2020-03-21 09:00:00,3726,2827.0,3497.0,3863.0,3641.1074663239133,3754.490672400026
2020-03-21 10:00:00,3881,3726.0,3482.0,4060.0,3983.4112951312354,3888.800287545381
2020-03-21 11:00:00,3864,3881.0,3278.0,3878.0,3685.8246089528475,3697.1086730087263
2020-03-21 12:00:00,3711,3864.0,3132.0,3570.0,3461.861904266745,3591.3889004724647
2020-03-21 13:00:00,3442,3711.0,2995.0,3323.0,3286.6483316821004,3498.103342402107
2020-03-21 14:00:00,3403,3442.0,2812.0,2900.0,3048.1353689541966,3127.670756566343
2020-03-21 15:00:00,2915,3403.0,2872.0,2768.0,3041.619289061204,3069.06061433614
2020-03-21 16:00:00,2817,2915.0,2313.0,2659.0,2711.6571875813784,2644.086113729293
2020-03-21 17:00:00,2744,2817.0,2701.0,2735.0,2782.5983187992297,2836.0013967723867
2020-03-21 18:00:00,2884,2744.0,2955.0,2677.0,2759.3598228540523,2825.885856883989
2020-03-21 19:00:00,2937,2884.0,2708.0,2568.0,2724.53587332801,2725.814478050872
2020-03-21 20:00:00,2260,2937.0,2389.0,2279.0,2549.118578122333,2572.9669603361144
2020-03-21 21:00:00,1592,2260.0,1818.0,1535.0,1871.109938611377,1777.1516462550933
2020-03-21 22:00:00,1363,1592.0,1555.0,1243.0,1477.3848373111405,1548.4146032262734
2020-03-21 23:00:00,1461,1363.0,1523.0,1314.0,1443.2970420811866,1495.381155747332
2020-03-22 00:00:00,1559,1461.0,1495.0,1450.0,1290.6197748695683,1328.220731996613
2020-03-22 01:00:00,1154,1559.0,973.0,955.0,1106.0203059852495,1078.5159833954792
2020-03-22 02:00:00,495,1154.0,494.0,485.0,714.6650891112251,610.7547600719898
2020-03-22 03:00:00,602,495.0,893.0,721.0,636.5911723227546,635.8289051657102
2020-03-22 04:00:00,284,602.0,885.0,814.0,833.8719637274191,812.3213920873019
2020-03-22 05:00:00,512,284.0,662.0,537.0,572.0666822317808,456.9972213118417
2020-03-22 06:00:00,582,512.0,550.0,204.0,888.3231134800321,633.8112450500527
2020-03-22 07:00:00,1156,582.0,1669.0,1343.0,1326.834108399296,1252.702014179324
2020-03-22 08:00:00,2817,1156.0,2827.0,2400.0,2227.392786549586,2322.0906905137085
2020-03-22 09:00:00,3301,2817.0,3726.0,3625.0,3812.0934454650596,3687.4841637999566
2020-03-22 10:00:00,3888,3301.0,3881.0,3928.0,3767.8567542131354,3690.9959653022443
2020-03-22 11:00:00,3827,3888.0,3864.0,3839.0,3988.3199435963515,3771.503156317071
2020-03-22 12:00:00,3571,3827.0,3711.0,3637.0,3613.7955580187795,3571.705459717174
2020-03-22 13:00:00,3323,3571.0,3442.0,3707.0,3410.4253671483916,3383.3856717010767
2020-03-22 14:00:00,2997,3323.0,3403.0,3017.0,3125.6192224227334,3059.5132416109223
2020-03-22 15:00:00,2669,2997.0,2915.0,2686.0,2794.957592983912,2670.11045068934
2020-03-22 16:00:00,2435,2669.0,2817.0,2374.0,2556.969994283313,2445.1260316029443
2020-03-22 17:00:00,2512,2435.0,2744.0,2341.0,2444.3807214148865,2459.55701065579
2020-03-22 18:00:00,2609,2512.0,2884.0,2516.0,2645.420101810876,2655.5694143456267
2020-03-22 19:00:00,2823,2609.0,2937.0,2755.0,2681.5032326369214,2740.9345060957917
2020-03-22 20:00:00,2479,2823.0,2260.0,2474.0,2567.7769083129724,2604.564751588156
2020-03-22 21:00:00,1553,2479.0,1592.0,1759.0,1941.464028056304,1858.464306832576
2020-03-22 22:00:00,1450,1553.0,1363.0,1515.0,1422.359576023591,1514.5335527732657
2020-03-22 23:00:00,1176,1450.0,1461.0,1412.0,1456.184770417842,1370.3927109787026
2020-03-23 00:00:00,1086,1176.0,1559.0,1509.0,1196.0691025098406,1283.6183635175562
2020-03-23 01:00:00,730,1086.0,1154.0,1136.0,1025.5208145420395,995.0412933900216
2020-03-23 02:00:00,183,730.0,495.0,591.0,655.4541111008803,501.26896253196537
2020-03-23 03:00:00,214,183.0,602.0,735.0,548.7021528784146,600.2607412398719
2020-03-23 04:00:00,501,214.0,284.0,1210.0,724.6356374954844,786.972519911395
2020-03-23 05:00:00,1122,501.0,512.0,1261.0,958.8216232490238,1024.9382594304388
2020-03-23 06:00:00,1758,1122.0,582.0,1896.0,1764.7109877764835,2073.3696428571425
2020-03-23 07:00:00,2872,1758.0,1156.0,3157.0,2427.7244759473783,2843.3493338189874
2020-03-23 08:00:00,3273,2872.0,2817.0,3584.0,3449.4633128366336,3422.277162667295
2020-03-23 09:00:00,3541,3273.0,3301.0,3456.0,3464.6788159349435,3485.148762273706
2020-03-23 10:00:00,3514,3541.0,3888.0,3261.0,3566.3477623961444,3447.5375774636364
2020-03-23 11:00:00,3323,3514.0,3827.0,3103.0,3388.4821473247775,3322.2507235778107
2020-03-23 12:00:00,3305,3323.0,3571.0,3124.0,3205.61315193868,3205.2446522936807
2020-03-23 13:00:00,3048,3305.0,3323.0,3024.0,3168.304108764462,3139.0252068773966
2020-03-23 14:00:00,2985,3048.0,2997.0,2882.0,2941.860744878113,2938.99902970531
2020-03-23 15:00:00,2936,2985.0,2669.0,2563.0,2808.4751160058727,2769.1674809699352
2020-03-23 16:00:00,2693,2936.0,2435.0,2488.0,2669.096356576056,2687.253792511631
2020-03-23 17:00:00,2847,2693.0,2512.0,2649.0,2645.3825880331524,2711.68596530323
2020-03-23 18:00:00,2965,2847.0,2609.0,2755.0,2907.128889641822,2915.867590707664
2020-03-23 19:00:00,3164,2965.0,2823.0,2924.0,2963.9459123390197,3015.876847218733
2020-03-23 20:00:00,2445,3164.0,2479.0,2734.0,2890.2944133647766,2796.9816839280593
2020-03-23 21:00:00,1752,2445.0,1553.0,2185.0,2093.316669380331,1912.5975188047241
2020-03-23 22:00:00,1567,1752.0,1450.0,1859.0,1705.8186817743322,1678.205442877607
2020-03-23 23:00:00,1328,1567.0,1176.0,1459.0,1536.4869039002842,1424.4900442898322
2020-03-24 00:00:00,1374,1328.0,1086.0,1377.0,1123.868966548828,1178.84893443097
2020-03-24 01:00:00,1256,1374.0,730.0,1229.0,1065.2404256298112,1058.606681493711
2020-03-24 02:00:00,551,1256.0,183.0,720.0,757.6108616788961,798.7408411422479
2020-03-24 03:00:00,632,551.0,214.0,662.0,545.0578161068217,456.3185093823276
2020-03-24 04:00:00,1282,632.0,501.0,1112.0,883.173384706741,803.7149646276927
2020-03-24 05:00:00,1046,1282.0,1122.0,1099.0,1419.901695623915,1314.756708333333
2020-03-24 06:00:00,1329,1046.0,1758.0,1580.0,1570.3382954229355,1576.3898064924103
2020-03-24 07:00:00,2597,1329.0,2872.0,3075.0,2347.578413578036,2450.3797005110323
2020-03-24 08:00:00,3303,2597.0,3273.0,3496.0,3421.9760863255888,3414.9076548225858
2020-03-24 09:00:00,3612,3303.0,3541.0,3706.0,3705.080014426694,3459.9022516864366
2020-03-24 10:00:00,3630,3612.0,3514.0,3721.0,3687.6688717665093,3498.5179984317288
2020-03-24 11:00:00,3504,3630.0,3323.0,3445.0,3470.3234810224844,3359.7435249323084
2020-03-24 12:00:00,3590,3504.0,3305.0,3471.0,3330.631163177105,3271.42183832698
2020-03-24 13:00:00,3334,3590.0,3048.0,3442.0,3387.348613019895,3338.009441980706
2020-03-24 14:00:00,3032,3334.0,2985.0,3024.0,3124.35405316168,3137.8261817592634
2020-03-24 15:00:00,2979,3032.0,2936.0,2380.0,2837.224417532625,2841.36142456442
2020-03-24 16:00:00,2777,2979.0,2693.0,2405.0,2795.556238097933,2782.308082082933
2020-03-24 17:00:00,2761,2777.0,2847.0,2667.0,2768.0415381886464,2889.230064723533
2020-03-24 18:00:00,3051,2761.0,2965.0,2892.0,2880.243781105884,2948.256286472498
2020-03-24 19:00:00,2981,3051.0,3164.0,2922.0,3122.5727074086,3168.764978448075
2020-03-24 20:00:00,2640,2981.0,2445.0,2534.0,2669.0756728333645,2698.771377544051
2020-03-24 21:00:00,1844,2640.0,1752.0,1988.0,2180.8755406200794,2017.8798885778974
2020-03-24 22:00:00,1497,1844.0,1567.0,1693.0,1702.1102705737774,1687.1273750626563
2020-03-24 23:00:00,1159,1497.0,1328.0,1617.0,1558.952366207774,1400.5890434529883
2020-03-25 00:00:00,1495,1159.0,1374.0,1182.0,1116.7046890025053,1197.6265698162529
2020-03-25 01:00:00,1072,1495.0,1256.0,1247.0,1390.0972847609744,1285.8837070882819
2020-03-25 02:00:00,513,1072.0,551.0,969.0,888.5732404944035,561.7308014494561
2020-03-25 03:00:00,682,513.0,632.0,508.0,626.4044204042982,606.6267943515545
2020-03-25 04:00:00,1183,682.0,1282.0,976.0,1024.757274282359,1154.6584826839826
2020-03-25 05:00:00,1067,1183.0,1046.0,1396.0,1423.5812315073115,1367.1651125688034
2020-03-25 06:00:00,1421,1067.0,1329.0,1724.0,1547.1363099847617,1526.9833628208612
2020-03-25 07:00:00,2363,1421.0,2597.0,2761.0,2235.0937774161985,2483.181667450368
2020-03-25 08:00:00,3360,2363.0,3303.0,3424.0,3220.1630944488697,3275.43540807665
2020-03-25 09:00:00,3650,3360.0,3612.0,3697.0,3857.392404514222,3560.3477406190436
2020-03-25 10:00:00,3634,3650.0,3630.0,3492.0,3714.459900709877,3521.5909403666255
2020-03-25 11:00:00,3452,3634.0,3504.0,2801.0,3353.629945957747,3294.3442655440476
2020-03-25 12:00:00,3443,3452.0,3590.0,3814.0,3488.329158151949,3288.4712522557297
2020-03-25 13:00:00,3362,3443.0,3334.0,3127.0,3297.837608506079,3259.3912000696128
2020-03-25 14:00:00,3126,3362.0,3032.0,2911.0,3111.6321788979203,3151.951325947069
2020-03-25 15:00:00,2928,3126.0,2979.0,2691.0,2956.382302507545,2915.3908077042156
2020-03-25 16:00:00,2809,2928.0,2777.0,2674.0,2832.3236110348507,2804.6362568882814
2020-03-25 17:00:00,2839,2809.0,2761.0,2735.0,2798.563158369699,2928.298486312884
2020-03-25 18:00:00,3041,2839.0,3051.0,2865.0,2960.354360651728,3010.9510027110678
2020-03-25 19:00:00,3077,3041.0,2981.0,3012.0,3077.1126820577683,3090.9370484728574
2020-03-25 20:00:00,2805,3077.0,2640.0,2650.0,2833.054701759009,2794.8798404017
2020-03-25 21:00:00,1802,2805.0,1844.0,1945.0,2282.3090512463723,2085.669259358289
2020-03-25 22:00:00,1645,1802.0,1497.0,1843.0,1718.8718181525448,1690.0805514251458
2020-03-25 23:00:00,1343,1645.0,1159.0,1264.0,1523.8029100097701,1436.436845213882
2020-03-26 00:00:00,1243,1343.0,1495.0,1261.0,1168.136596171777,1238.2758919222279
2020-03-26 01:00:00,1132,1243.0,1072.0,1309.0,1085.191465584904,1167.1485814015543
2020-03-26 02:00:00,600,1132.0,513.0,893.0,832.7315285583011,750.2943823875856
2020-03-26 03:00:00,631,600.0,682.0,425.0,592.0428116783867,566.061834574739
2020-03-26 04:00:00,853,631.0,1183.0,934.0,896.1331116333524,1071.746273442742
2020-03-26 05:00:00,1039,853.0,1067.0,1254.0,1135.3616329890594,1177.0771022011736
2020-03-26 06:00:00,1423,1039.0,1421.0,1585.0,1613.678319940555,1435.6011308713703
2020-03-26 07:00:00,2302,1423.0,2363.0,2709.0,2281.080164684183,2397.3274661471323
2020-03-26 08:00:00,3592,2302.0,3360.0,3334.0,3178.8766059722184,3293.2933431015304
2020-03-26 09:00:00,3775,3592.0,3650.0,3244.0,3919.7514843492636,3669.3786481475718
2020-03-26 10:00:00,3833,3775.0,3634.0,3349.0,3673.924957407937,3525.929121000013
2020-03-26 11:00:00,3546,3833.0,3452.0,3544.0,3612.1176809708622,3559.449367329659
2020-03-26 12:00:00,3385,3546.0,3443.0,3052.0,3268.4674447651882,3322.897075317317
2020-03-26 13:00:00,3234,3385.0,3362.0,3112.0,3249.490735106884,3224.293567122256
2020-03-26 14:00:00,3100,3234.0,3126.0,2942.0,3100.0751241792036,3064.6176858410154
2020-03-26 15:00:00,2904,3100.0,2928.0,2728.0,2948.5179661567604,2933.153646453789
2020-03-26 16:00:00,2847,2904.0,2809.0,2546.0,2781.1268719920145,2788.759212037895
2020-03-26 17:00:00,2920,2847.0,2839.0,2834.0,2851.5354652219075,2941.320676726267
2020-03-26 18:00:00,3083,2920.0,3041.0,2987.0,3016.155882643801,3054.4165921947692
2020-03-26 19:00:00,3082,3083.0,3077.0,3120.0,3125.1426024181656,3135.428891146487
2020-03-26 20:00:00,2580,3082.0,2805.0,2692.0,2837.0491943387465,2847.6667149843706
2020-03-26 21:00:00,2103,2580.0,1802.0,1964.0,2176.8875202234817,2021.8025489549598
2020-03-26 22:00:00,1388,2103.0,1645.0,1760.0,1881.6960821095738,1833.8075067342572
2020-03-26 23:00:00,1543,1388.0,1343.0,1583.0,1495.4113381076738,1386.0677527471244
2020-03-27 00:00:00,1161,1543.0,1243.0,1253.0,1377.5063503759236,1289.6905316401435
2020-03-27 01:00:00,1148,1161.0,1132.0,1175.0,1068.122939647604,1030.3185277486343
2020-03-27 02:00:00,829,1148.0,600.0,714.0,925.7078747538678,883.7546717886232
2020-03-27 03:00:00,234,829.0,631.0,389.0,717.3428947947552,534.1997321616494
2020-03-27 04:00:00,887,234.0,853.0,872.0,693.5077775355858,766.0658472600801
2020-03-27 05:00:00,1226,887.0,1039.0,638.0,1187.0100238500506,1118.850041528553
2020-03-27 06:00:00,1385,1226.0,1423.0,2007.0,1905.1297140518145,1733.9154724544806
2020-03-27 07:00:00,2634,1385.0,2302.0,2687.0,2170.1208738449873,2396.8874109618127
2020-03-27 08:00:00,3529,2634.0,3592.0,3299.0,3464.908233224751,3528.309641886209
2020-03-27 09:00:00,3724,3529.0,3775.0,3497.0,3862.158977912646,3736.017418016563
2020-03-27 10:00:00,3634,3724.0,3833.0,3482.0,3713.521045198241,3564.4281489245773
2020-03-27 11:00:00,3579,3634.0,3546.0,3278.0,3425.2099925130283,3345.2702332025265
2020-03-27 12:00:00,3660,3579.0,3385.0,3132.0,3315.4915359321913,3320.5454685502127
2020-03-27 13:00:00,3275,3660.0,3234.0,2995.0,3328.5961302001197,3395.347344480817
2020-03-27 14:00:00,3110,3275.0,3100.0,2812.0,3068.5284135045176,3077.227169083561
2020-03-27 15:00:00,2993,3110.0,2904.0,2872.0,3023.451886986407,2890.073408911603
2020-03-27 16:00:00,2920,2993.0,2847.0,2313.0,2796.470551686506,2785.5241892335034
2020-03-27 17:00:00,3008,2920.0,2920.0,2701.0,2843.9225200560545,2914.9459069906093
2020-03-27 18:00:00,3167,3008.0,3083.0,2955.0,3073.9075766280466,3010.9220104213864
2020-03-27 19:00:00,3098,3167.0,3082.0,2708.0,3055.781012599754,3085.0535445705686
2020-03-27 20:00:00,2522,3098.0,2580.0,2389.0,2707.5949217480475,2739.2809074323823
2020-03-27 21:00:00,1944,2522.0,2103.0,1818.0,2182.625507680115,2034.7053379272904
2020-03-27 22:00:00,1834,1944.0,1388.0,1555.0,1723.514273239363,1597.813640308396
2020-03-27 23:00:00,1570,1834.0,1543.0,1523.0,1725.2387585268038,1522.7188235546453
2020-03-28 00:00:00,1569,1570.0,1161.0,1495.0,1215.672963134439,1310.5909769249704
2020-03-28 01:00:00,1288,1569.0,1148.0,973.0,1097.999477332076,1109.6512608989403
2020-03-28 02:00:00,638,1288.0,829.0,494.0,792.4641828362637,754.9342374485084
2020-03-28 03:00:00,909,638.0,234.0,893.0,597.6779788158008,602.9681611633642
2020-03-28 04:00:00,978,909.0,887.0,885.0,1014.4053798010771,942.9515239370588
2020-03-28 05:00:00,784,978.0,1226.0,662.0,995.9816663847744,863.792766888427
2020-03-28 06:00:00,720,784.0,1385.0,550.0,1082.4257966028733,695.9599122699439
2020-03-28 07:00:00,1380,720.0,2634.0,1669.0,1586.0486407580497,1563.5668932958567
2020-03-28 08:00:00,2711,1380.0,3529.0,2827.0,2591.0784440113694,2799.6216889499383
2020-03-28 09:00:00,3766,2711.0,3724.0,3726.0,3694.078704085667,3699.9739869364876
2020-03-28 10:00:00,4161,3766.0,3634.0,3881.0,4083.6052773203605,3947.8105350312317
2020-03-28 11:00:00,4064,4161.0,3579.0,3864.0,4015.8419207363486,3919.7615827123836
2020-03-28 12:00:00,3902,4064.0,3660.0,3711.0,3715.7907582382154,3775.075736624064
2020-03-28 13:00:00,3712,3902.0,3275.0,3442.0,3479.7538225963226,3693.8847487904522
2020-03-28 14:00:00,3379,3712.0,3110.0,3403.0,3373.837624952644,3474.2941927163397
2020-03-28 15:00:00,3110,3379.0,2993.0,2915.0,3076.778261170476,3143.6835406363384
2020-03-28 16:00:00,2981,3110.0,2920.0,2817.0,2923.933950603164,2889.1167065288664
2020-03-28 17:00:00,3163,2981.0,3008.0,2744.0,2878.714238010427,2926.032202973114
2020-03-28 18:00:00,3356,3163.0,3167.0,2884.0,3146.3404905296547,3156.277095471522
2020-03-28 19:00:00,3248,3356.0,3098.0,2937.0,3183.488794120363,3229.672380952381
2020-03-28 20:00:00,2689,3248.0,2522.0,2260.0,2681.9962379500657,2812.758142406181
2020-03-28 21:00:00,2153,2689.0,1944.0,1592.0,2107.384540710123,2029.893126984127
2020-03-28 22:00:00,1685,2153.0,1834.0,1363.0,1804.4689631431502,1723.3916311738371
2020-03-28 23:00:00,1554,1685.0,1570.0,1461.0,1591.8554228336993,1530.665413928598
2020-03-29 00:00:00,1771,1554.0,1569.0,1559.0,1365.3619483899208,1406.5373583786204
2020-03-29 01:00:00,1347,1771.0,1288.0,1154.0,1350.6473868819644,1248.4358031589313
2020-03-29 02:00:00,1004,1347.0,638.0,495.0,820.1767699784809,642.5291645781119
2020-03-29 03:00:00,661,1004.0,909.0,602.0,839.1902993137041,692.2992140254042
2020-03-29 04:00:00,970,661.0,978.0,284.0,689.696490309894,609.8782856265194
2020-03-29 05:00:00,692,970.0,784.0,512.0,990.4778122499192,860.6545639419695
2020-03-29 06:00:00,636,692.0,720.0,582.0,1004.0579974176785,478.21983010755395
2020-03-29 07:00:00,393,636.0,1380.0,1156.0,1237.0066610101746,1054.3892186711066
2020-03-29 08:00:00,1267,393.0,2711.0,2817.0,1832.095129376245,1635.8162142857143
2020-03-29 09:00:00,2066,1267.0,3766.0,3301.0,2858.062443740281,2592.5786428571428
2020-03-29 10:00:00,3137,2066.0,4161.0,3888.0,3400.342884641961,3202.0603541235346
2020-03-29 11:00:00,3471,3137.0,4064.0,3827.0,3876.8935165531275,3689.92439525078
2020-03-29 12:00:00,3584,3471.0,3902.0,3571.0,3570.07674847186,3534.4701159113542
2020-03-29 13:00:00,3460,3584.0,3712.0,3323.0,3380.0336830584934,3397.3529505263
2020-03-29 14:00:00,3047,3460.0,3379.0,2997.0,2997.8507111755243,3099.167995211718
2020-03-29 15:00:00,2783,3047.0,3110.0,2669.0,2693.4857464110783,2827.0562764473066
2020-03-29 16:00:00,2672,2783.0,2981.0,2435.0,2479.306574317923,2540.2069855956347
2020-03-29 17:00:00,2723,2672.0,3163.0,2512.0,2515.575376943374,2715.9722359165694
2020-03-29 18:00:00,2616,2723.0,3356.0,2609.0,2646.525121139416,2864.7620879447386
2020-03-29 19:00:00,2637,2616.0,3248.0,2823.0,2561.692409597303,2730.715487084609
2020-03-29 20:00:00,2737,2637.0,2689.0,2479.0,2336.5579590074185,2464.842640715226
2020-03-29 21:00:00,2096,2737.0,2153.0,1553.0,2030.1999959405903,2120.496728174603
2020-03-29 22:00:00,1884,2096.0,1685.0,1450.0,1560.7624385182935,1653.6993178309206
2020-03-29 23:00:00,1396,1884.0,1554.0,1176.0,1427.0124978510307,1451.7417863103976
2020-03-30 00:00:00,1206,1396.0,1771.0,1086.0,1062.358998019712,1164.4646392218892
2020-03-30 01:00:00,1010,1206.0,1347.0,730.0,870.9985491398927,882.5372789252667
2020-03-30 02:00:00,633,1010.0,1004.0,183.0,615.5819244160282,546.6211228922733
2020-03-30 03:00:00,521,633.0,661.0,214.0,429.7095466973951,444.4545326147694
2020-03-30 04:00:00,945,521.0,970.0,501.0,577.9451590491317,567.7609621106853
2020-03-30 05:00:00,1334,945.0,692.0,1122.0,1023.6260381983884,1205.2986897340645
2020-03-30 06:00:00,1195,1334.0,636.0,1758.0,1588.6274105718487,1843.132297747466
2020-03-30 07:00:00,2134,1195.0,393.0,2872.0,1654.1373423237173,2097.978608485197
2020-03-30 08:00:00,2964,2134.0,1267.0,3273.0,2598.4926456664316,3140.84537912088
2020-03-30 09:00:00,3522,2964.0,2066.0,3541.0,3254.3399232919173,3497.3267160779656
2020-03-30 10:00:00,3535,3522.0,3137.0,3514.0,3558.963872411064,3595.4494330581683
2020-03-30 11:00:00,3610,3535.0,3471.0,3323.0,3492.9925217730006,3375.516497924783
2020-03-30 12:00:00,3596,3610.0,3584.0,3305.0,3387.904032208924,3323.3587851074185
2020-03-30 13:00:00,3350,3596.0,3460.0,3048.0,3273.811610517074,3291.5422237479547
2020-03-30 14:00:00,3100,3350.0,3047.0,2985.0,3113.948065568994,3095.830210904171
2020-03-30 15:00:00,2726,3100.0,2783.0,2936.0,2941.9838339486073,2865.888273943686
2020-03-30 16:00:00,2694,2726.0,2672.0,2693.0,2707.954236923398,2581.9884522064563
2020-03-30 17:00:00,2762,2694.0,2723.0,2847.0,2814.2369603752495,2798.7129675253714
2020-03-30 18:00:00,2880,2762.0,2616.0,2965.0,2779.0886437970803,2883.817673907004
2020-03-30 19:00:00,2776,2880.0,2637.0,3164.0,2948.597662588447,2986.5879778648923
2020-03-30 20:00:00,2700,2776.0,2737.0,2445.0,2582.9277879719207,2549.3988578195112
2020-03-30 21:00:00,2229,2700.0,2096.0,1752.0,2189.9783255248894,2151.5969004242834
2020-03-30 22:00:00,1679,2229.0,1884.0,1567.0,1878.7600593813631,1874.0907251763354
2020-03-30 23:00:00,1838,1679.0,1396.0,1328.0,1527.0776438498824,1505.2377103736173
2020-03-31 00:00:00,1326,1838.0,1206.0,1374.0,1423.6004983120213,1455.088168568591
2020-03-31 01:00:00,1332,1326.0,1010.0,1256.0,1050.0022528187171,998.8430151808991
2020-03-31 02:00:00,890,1332.0,633.0,551.0,897.7572516278742,935.642104854296
2020-03-31 03:00:00,472,890.0,521.0,632.0,711.7799569562981,561.7812516958643
2020-03-31 04:00:00,579,472.0,945.0,1282.0,836.3586286454413,941.3549167746149
2020-03-31 05:00:00,1093,579.0,1334.0,1046.0,986.4022918498233,1127.2661013973798
2020-03-31 06:00:00,1226,1093.0,1195.0,1329.0,1621.5162218451019,1523.8570483460076
2020-03-31 07:00:00,1917,1226.0,2134.0,2597.0,2112.2027758111158,2130.167871505503
2020-03-31 08:00:00,2723,1917.0,2964.0,3303.0,2850.7315596057633,3072.5453711162913
2020-03-31 09:00:00,3553,2723.0,3522.0,3612.0,3443.828945714581,3344.2795654769243
2020-03-31 10:00:00,3578,3553.0,3535.0,3630.0,3799.419530809897,3627.7545832685787
2020-03-31 11:00:00,3616,3578.0,3610.0,3504.0,3526.0160702653834,3381.044676210413
2020-03-31 12:00:00,3491,3616.0,3596.0,3590.0,3407.1802951743657,3348.1415402769776
2020-03-31 13:00:00,3375,3491.0,3350.0,3334.0,3243.6311869095525,3234.374134734512
2020-03-31 14:00:00,2982,3375.0,3100.0,3032.0,3107.5961693083705,3124.5814179535205
2020-03-31 15:00:00,2672,2982.0,2726.0,2979.0,2849.790366980979,2827.704781678267
2020-03-31 16:00:00,2670,2672.0,2694.0,2777.0,2669.260085786808,2589.770543896806
2020-03-31 17:00:00,2741,2670.0,2762.0,2761.0,2712.1125399468824,2759.026623305688
2020-03-31 18:00:00,2826,2741.0,2880.0,3051.0,2840.683900354988,2930.9731235182676
2020-03-31 19:00:00,2925,2826.0,2776.0,2981.0,2855.832507604334,2951.723839623193
2020-03-31 20:00:00,2883,2925.0,2700.0,2640.0,2717.2351395836504,2762.711817707773
2020-03-31 21:00:00,2235,2883.0,2229.0,1844.0,2285.4602216500875,2194.3871277245507
2020-03-31 22:00:00,1795,2235.0,1679.0,1497.0,1788.1773256322135,1832.6821949005657
2020-03-31 23:00:00,1748,1795.0,1838.0,1159.0,1567.6385727380955,1453.7701787775713
2020-04-01 00:00:00,1500,1748.0,1326.0,1495.0,1367.034202882775,1460.1344087405441
2020-04-01 01:00:00,1482,1500.0,1332.0,1072.0,1116.1730592752076,1132.5832110213141
2020-04-01 02:00:00,1031,1482.0,890.0,513.0,940.3430785309224,953.7965858449512
2020-04-01 03:00:00,455,1031.0,472.0,682.0,735.1779408169587,495.4702473055858
2020-04-01 04:00:00,982,455.0,579.0,1183.0,716.8783109227954,732.3261243686663
2020-04-01 05:00:00,1365,982.0,1093.0,1067.0,1213.2598672496883,1248.5855985929477
2020-04-01 06:00:00,1468,1365.0,1226.0,1421.0,1685.0091368798983,1550.1712478268103
2020-04-01 07:00:00,2158,1468.0,1917.0,2363.0,1980.8922341528544,2110.033479356085
2020-04-01 08:00:00,2899,2158.0,2723.0,3360.0,2856.992285472362,3014.458456782054
2020-04-01 09:00:00,3465,2899.0,3553.0,3650.0,3468.3080763456937,3500.253204861413
2020-04-01 10:00:00,3484,3465.0,3578.0,3634.0,3680.934298634034,3544.393058553245
2020-04-01 11:00:00,3379,3484.0,3616.0,3452.0,3483.581386674981,3326.056743177952
2020-04-01 12:00:00,3425,3379.0,3491.0,3443.0,3282.1544578949674,3221.797108447398
2020-04-01 13:00:00,3298,3425.0,3375.0,3362.0,3305.624774805249,3231.979925034741
2020-04-01 14:00:00,3307,3298.0,2982.0,3126.0,3081.957073196249,3127.378008494347
2020-04-01 15:00:00,3012,3307.0,2672.0,2928.0,3007.1671864249956,3080.748655898514
2020-04-01 16:00:00,2797,3012.0,2670.0,2809.0,2823.156147697917,2840.8472019508185
2020-04-01 17:00:00,2908,2797.0,2741.0,2839.0,2754.041511288391,2869.57999562877
2020-04-01 18:00:00,3109,2908.0,2826.0,3041.0,2971.9198795287393,3045.3992319469917
2020-04-01 19:00:00,3000,3109.0,2925.0,3077.0,3126.2323030451357,3152.0555955730297
2020-04-01 20:00:00,2864,3000.0,2883.0,2805.0,2809.989290160489,2887.1883004804217
2020-04-01 21:00:00,2169,2864.0,2235.0,1802.0,2309.542298067734,2185.6334641687326
2020-04-01 22:00:00,1777,2169.0,1795.0,1645.0,1842.6848493336026,1806.8187705180276
2020-04-01 23:00:00,1520,1777.0,1748.0,1343.0,1606.6046598880146,1664.0939555670514
2020-04-02 00:00:00,1165,1520.0,1500.0,1243.0,1202.3266836944324,1348.5257691060206
2020-04-02 01:00:00,1418,1165.0,1482.0,1132.0,1030.2200738108802,1177.5437587687352
2020-04-02 02:00:00,1180,1418.0,1031.0,600.0,1049.269662054203,1041.6422864080366
2020-04-02 03:00:00,386,1180.0,455.0,631.0,764.9206470513948,740.3129039609005
2020-04-02 04:00:00,785,386.0,982.0,853.0,662.5580894317652,802.4242346543673
2020-04-02 05:00:00,1386,785.0,1365.0,1039.0,1156.8131914773896,1384.8068690476193
2020-04-02 06:00:00,1319,1386.0,1468.0,1423.0,1823.9430003663024,1604.8847754783048
2020-04-02 07:00:00,1763,1319.0,2158.0,2302.0,1931.368572495961,2235.573945283896
2020-04-02 08:00:00,3330,1763.0,2899.0,3592.0,2722.5538683309505,2933.4649121108923
2020-04-02 09:00:00,3170,3330.0,3465.0,3775.0,3953.885721483652,3567.3126217141007
2020-04-02 10:00:00,2218,3170.0,3484.0,3833.0,3382.4738415334477,3299.8593211536454
2020-04-02 11:00:00,3300,2218.0,3379.0,3546.0,2767.2432608410854,2992.457184276046
2020-04-02 12:00:00,3371,3300.0,3425.0,3385.0,3707.1890690481773,3254.9191667511977
2020-04-02 13:00:00,3314,3371.0,3298.0,3234.0,3345.9018801896955,3206.7977757137096
2020-04-02 14:00:00,3023,3314.0,3307.0,3100.0,3102.793468141861,3078.4425394204804
2020-04-02 15:00:00,3380,3023.0,3012.0,2904.0,2887.5306335473515,2880.8799948859914
2020-04-02 16:00:00,2781,3380.0,2797.0,2847.0,3132.3369666103235,2952.7913905999144
2020-04-02 17:00:00,2927,2781.0,2908.0,2920.0,2683.4696257285564,2744.1766719771217
2020-04-02 18:00:00,2932,2927.0,3109.0,3083.0,3007.4811110930423,3049.375037286613
2020-04-02 19:00:00,2961,2932.0,3000.0,3082.0,2919.5297639805754,2997.427027334499
2020-04-02 20:00:00,2803,2961.0,2864.0,2580.0,2640.7579941220747,2823.7557093112396
2020-04-02 21:00:00,2040,2803.0,2169.0,2103.0,2304.058113870659,2285.289822991553
2020-04-02 22:00:00,1675,2040.0,1777.0,1388.0,1697.8945780908298,1779.4737647399368
2020-04-02 23:00:00,1598,1675.0,1520.0,1543.0,1584.973122497146,1587.5546725311247
2020-04-03 00:00:00,1226,1598.0,1165.0,1161.0,1218.0275696421818,1278.9782554066342
2020-04-03 01:00:00,1210,1226.0,1418.0,1148.0,1086.9352405173538,1161.9178265088058
2020-04-03 02:00:00,860,1210.0,1180.0,829.0,1020.992218729486,994.9101933448267
2020-04-03 03:00:00,339,860.0,386.0,234.0,617.3864847507966,447.0683147813536
2020-04-03 04:00:00,843,339.0,785.0,887.0,695.0780034507598,724.0878856525326
2020-04-03 05:00:00,1120,843.0,1386.0,1226.0,1308.2284383417448,1380.7928574902148
2020-04-03 06:00:00,1305,1120.0,1319.0,1385.0,1633.9211690092084,1458.2790915189016
2020-04-03 07:00:00,2060,1305.0,1763.0,2634.0,2078.783381935285,2115.6922417711885
2020-04-03 08:00:00,2983,2060.0,3330.0,3529.0,3036.10310150702,3177.35275879706
2020-04-03 09:00:00,3380,2983.0,3170.0,3724.0,3550.282171211289,3492.0148054754886
2020-04-03 10:00:00,3417,3380.0,2218.0,3634.0,3332.9805421033043,3384.0175544280955
2020-04-03 11:00:00,3433,3417.0,3300.0,3579.0,3401.4359595758488,3298.708723218193
2020-04-03 12:00:00,3299,3433.0,3371.0,3660.0,3303.2054316313174,3287.8014501827747
2020-04-03 13:00:00,3302,3299.0,3314.0,3275.0,3134.257971587693,3118.0968947126316
2020-04-03 14:00:00,2949,3302.0,3023.0,3110.0,3015.1926823067424,3071.947336784645
2020-04-03 15:00:00,2902,2949.0,3380.0,2993.0,2906.757708742666,2868.9654154283053
2020-04-03 16:00:00,2791,2902.0,2781.0,2920.0,2785.112161128298,2799.9370006927675
2020-04-03 17:00:00,2812,2791.0,2927.0,3008.0,2696.787497711781,2870.345733508561
2020-04-03 18:00:00,2825,2812.0,2932.0,3167.0,2796.906067212062,2911.441230401681
2020-04-03 19:00:00,2829,2825.0,2961.0,3098.0,2753.8557415764226,2853.6686132015393
2020-04-03 20:00:00,2713,2829.0,2803.0,2522.0,2497.701960804801,2587.3821116543004
2020-04-03 21:00:00,2204,2713.0,2040.0,1944.0,2162.7875572533126,2137.203162380747
2020-04-03 22:00:00,1683,2204.0,1675.0,1834.0,1836.7258611046555,1869.4707040179503
2020-04-03 23:00:00,1708,1683.0,1598.0,1570.0,1539.7972196836868,1597.8050626962554
2020-04-04 00:00:00,1377,1708.0,1226.0,1569.0,1256.7801924477499,1381.5842061433789
2020-04-04 01:00:00,1361,1377.0,1210.0,1288.0,983.7144107721772,1130.7675608383706
2020-04-04 02:00:00,1056,1361.0,860.0,638.0,797.732990532284,929.011226240087
2020-04-04 03:00:00,398,1056.0,339.0,909.0,653.2994295447445,559.1241540718918
2020-04-04 04:00:00,768,398.0,843.0,978.0,561.5117476217949,759.2782678516969
2020-04-04 05:00:00,942,768.0,1120.0,784.0,902.7748953933885,944.9309051459293
2020-04-04 06:00:00,713,942.0,1305.0,720.0,1181.24952763287,876.3152547155671
2020-04-04 07:00:00,1206,713.0,2060.0,1380.0,1311.8210062348246,1310.0250731114736
2020-04-04 08:00:00,2254,1206.0,2983.0,2711.0,2277.26871185046,2355.114876842486
2020-04-04 09:00:00,3437,2254.0,3380.0,3766.0,3333.5630440465216,3395.02168805167
2020-04-04 10:00:00,4056,3437.0,3417.0,4161.0,4014.9860094380183,3809.2647099567093
2020-04-04 11:00:00,4177,4056.0,3433.0,4064.0,4062.617252772457,3927.1310691364192
2020-04-04 12:00:00,3946,4177.0,3299.0,3902.0,3834.0051460581803,3852.514567462473
2020-04-04 13:00:00,3978,3946.0,3302.0,3712.0,3610.600105516452,3737.2730567085587
2020-04-04 14:00:00,3462,3978.0,2949.0,3379.0,3476.240061602702,3755.8703121893222
2020-04-04 15:00:00,3281,3462.0,2902.0,3110.0,3112.5424251255604,3186.133505123928
2020-04-04 16:00:00,3117,3281.0,2791.0,2981.0,3107.63764681874,3076.3134650637953
2020-04-04 17:00:00,3099,3117.0,2812.0,3163.0,3004.918502037426,3026.7015130690206
2020-04-04 18:00:00,3161,3099.0,2825.0,3356.0,3143.5013895724896,3084.810312342348
2020-04-04 19:00:00,3204,3161.0,2829.0,3248.0,3072.5945124590353,3068.048741217702
2020-04-04 20:00:00,3032,3204.0,2713.0,2689.0,2859.835352690342,2873.7963746045157
2020-04-04 21:00:00,2413,3032.0,2204.0,2153.0,2481.4155663178417,2383.832583333334
2020-04-04 22:00:00,1769,2413.0,1683.0,1685.0,1966.02388873937,1828.4549204885293
2020-04-04 23:00:00,1576,1769.0,1708.0,1554.0,1653.3045762072047,1601.0076209353876
2020-04-05 00:00:00,1590,1576.0,1377.0,1771.0,1391.0940281005164,1437.7472530199368
2020-04-05 01:00:00,1422,1590.0,1361.0,1347.0,1278.6475284091719,1315.3806779609276
2020-04-05 02:00:00,936,1422.0,1056.0,1004.0,1051.3339033482719,1051.139409288323
2020-04-05 03:00:00,255,936.0,398.0,661.0,715.802289428384,545.2752158363994
2020-04-05 04:00:00,700,255.0,768.0,970.0,651.2874283210087,721.4809565130245
2020-04-05 05:00:00,703,700.0,942.0,692.0,1013.7375678056576,854.6640611384232
2020-04-05 06:00:00,702,703.0,713.0,636.0,1085.4110538007992,715.2801158008656
2020-04-05 07:00:00,777,702.0,1206.0,393.0,930.9787695145792,699.1135257466059
2020-04-05 08:00:00,1909,777.0,2254.0,1267.0,1525.703757304562,1327.0034201311473
2020-04-05 09:00:00,3397,1909.0,3437.0,2066.0,2849.868353934479,2931.306663729128
2020-04-05 10:00:00,4179,3397.0,4056.0,3137.0,4015.935341444759,3804.9092256784434
2020-04-05 11:00:00,4401,4179.0,4177.0,3471.0,4243.269439387309,4217.4396442840825
2020-04-05 12:00:00,4373,4401.0,3946.0,3584.0,4061.494328496997,4101.468059854497
2020-04-05 13:00:00,3970,4373.0,3978.0,3460.0,3873.6345932619292,4002.223906746031
2020-04-05 14:00:00,3435,3970.0,3462.0,3047.0,3452.958826316162,3797.4321168109636
2020-04-05 15:00:00,2892,3435.0,3281.0,2783.0,3119.9713224048837,3146.466836326053
2020-04-05 16:00:00,2383,2892.0,3117.0,2672.0,2822.8740130427977,2711.098719542437
2020-04-05 17:00:00,2777,2383.0,3099.0,2723.0,2628.1484972434873,2562.713068190638
2020-04-05 18:00:00,3054,2777.0,3161.0,2616.0,3023.1287742503723,2965.1990524427306
2020-04-05 19:00:00,3337,3054.0,3204.0,2637.0,3117.5816386329284,3123.760456709956
2020-04-05 20:00:00,3110,3337.0,3032.0,2737.0,3149.8108719286342,3145.854032031121
2020-04-05 21:00:00,2350,3110.0,2413.0,2096.0,2508.427812798159,2547.797472100686
2020-04-05 22:00:00,1850,2350.0,1769.0,1884.0,1951.3638307983856,1843.9001546376064
2020-04-05 23:00:00,1612,1850.0,1576.0,1396.0,1599.9087896947733,1570.40302826087
2020-04-06 00:00:00,1328,1612.0,1590.0,1206.0,1335.3837715090638,1396.8657129195046
2020-04-06 01:00:00,1218,1328.0,1422.0,1010.0,1141.821575533592,1139.9615750190521
2020-04-06 02:00:00,1000,1218.0,936.0,633.0,960.8816568682312,783.8507717266396
2020-04-06 03:00:00,444,1000.0,255.0,521.0,753.8863352551109,609.9171268026348
2020-04-06 04:00:00,1055,444.0,700.0,945.0,810.3507899661522,712.80857940497
2020-04-06 05:00:00,1300,1055.0,703.0,1334.0,1452.148331685773,1396.3970714285713
2020-04-06 06:00:00,1399,1300.0,702.0,1195.0,1648.420372363873,1453.3809003663007
2020-04-06 07:00:00,2365,1399.0,777.0,2134.0,1824.574506518621,1989.8941033931405
2020-04-06 08:00:00,3198,2365.0,1909.0,2964.0,2935.6620489246334,3207.7307460231996
2020-04-06 09:00:00,3749,3198.0,3397.0,3522.0,3717.307962772292,3551.3562166479205
2020-04-06 10:00:00,4036,3749.0,4179.0,3535.0,4009.8760496679124,3859.287089200004
2020-04-06 11:00:00,3991,4036.0,4401.0,3610.0,4090.8685697110454,4013.158743182744
2020-04-06 12:00:00,3902,3991.0,4373.0,3596.0,3877.2805092518424,3846.1208076932144
2020-04-06 13:00:00,3677,3902.0,3970.0,3350.0,3653.9070405973107,3697.6519416899873
2020-04-06 14:00:00,3474,3677.0,3435.0,3100.0,3403.435485348171,3442.2007934724297
2020-04-06 15:00:00,3230,3474.0,2892.0,2726.0,3130.7713203292633,3186.9901100326556
2020-04-06 16:00:00,3324,3230.0,2383.0,2694.0,2916.938895737334,3008.566348970361
2020-04-06 17:00:00,3235,3324.0,2777.0,2762.0,3078.4446249985012,3303.434266025641
2020-04-06 18:00:00,3503,3235.0,3054.0,2880.0,3095.692838857434,3400.567274891774
2020-04-06 19:00:00,3543,3503.0,3337.0,2776.0,3314.5503568670156,3474.05693727491
2020-04-06 20:00:00,3396,3543.0,3110.0,2700.0,3177.493965972707,3397.9218013846626
2020-04-06 21:00:00,2714,3396.0,2350.0,2229.0,2694.9831392725687,2738.84873931624
2020-04-06 22:00:00,2275,2714.0,1850.0,1679.0,2129.2044176234435,2021.1183611111112
2020-04-06 23:00:00,1726,2275.0,1612.0,1838.0,1971.816320232514,1733.4659107482325
2020-04-07 00:00:00,1240,1726.0,1328.0,1326.0,1331.028244811072,1361.6579119553796
2020-04-07 01:00:00,1245,1240.0,1218.0,1332.0,1139.9553684093273,1279.3484951159953
2020-04-07 02:00:00,1076,1245.0,1000.0,890.0,1064.0807492425809,962.9575491783254
2020-04-07 03:00:00,395,1076.0,444.0,472.0,779.4598670067214,722.5178978170952
2020-04-07 04:00:00,706,395.0,1055.0,579.0,713.6127867357282,780.027419697617
2020-04-07 05:00:00,1408,706.0,1300.0,1093.0,1196.2524011785033,1411.6535469924813
2020-04-07 06:00:00,1565,1408.0,1399.0,1226.0,1891.3275008345245,1801.2564404761904
2020-04-07 07:00:00,2246,1565.0,2365.0,1917.0,2163.3033810615325,2161.1792625990333
2020-04-07 08:00:00,3167,2246.0,3198.0,2723.0,2907.536187149524,3108.365996653618
2020-04-07 09:00:00,3923,3167.0,3749.0,3553.0,3725.3119098292295,3553.212538714743
2020-04-07 10:00:00,4069,3923.0,4036.0,3578.0,4067.9483318423854,3933.189574042916
2020-04-07 11:00:00,4000,4069.0,3991.0,3616.0,3936.9575797910707,3842.535592229012
2020-04-07 12:00:00,3867,4000.0,3902.0,3491.0,3670.846636219433,3784.6788709341545
2020-04-07 13:00:00,3734,3867.0,3677.0,3375.0,3561.453556034947,3646.9191357557434
2020-04-07 14:00:00,3385,3734.0,3474.0,2982.0,3376.357245761202,3499.6456354506336
2020-04-07 15:00:00,3138,3385.0,3230.0,2672.0,3098.6513316032224,3121.1461851921395
2020-04-07 16:00:00,3104,3138.0,3324.0,2670.0,3027.1310935637966,2909.9500653310974
2020-04-07 17:00:00,3143,3104.0,3235.0,2741.0,2997.9578075932923,3167.4400914958546
2020-04-07 18:00:00,3407,3143.0,3503.0,2826.0,3086.8133460579047,3244.1521696126474
2020-04-07 19:00:00,3682,3407.0,3543.0,2925.0,3364.199571688434,3420.8612123015864
2020-04-07 20:00:00,3477,3682.0,3396.0,2883.0,3406.943426097379,3525.483877537068
2020-04-07 21:00:00,2875,3477.0,2714.0,2235.0,2782.453700076603,2851.617721939464
2020-04-07 22:00:00,2138,2875.0,2275.0,1795.0,2273.112190404176,2140.1954444444445
2020-04-07 23:00:00,1757,2138.0,1726.0,1748.0,1840.9196698066517,1672.6440580974065
2020-04-08 00:00:00,1258,1757.0,1240.0,1500.0,1390.872202611811,1452.973598655366
2020-04-08 01:00:00,1371,1258.0,1245.0,1482.0,1199.116490692019,1297.7965964613907
2020-04-08 02:00:00,1149,1371.0,1076.0,1031.0,1204.7067095579525,1089.942898303692
2020-04-08 03:00:00,561,1149.0,395.0,455.0,790.6006752962642,733.4663208940183
2020-04-08 04:00:00,816,561.0,706.0,982.0,819.2401224334765,673.094195303765
2020-04-08 05:00:00,1343,816.0,1408.0,1365.0,1296.790687238171,1476.2285209157315
2020-04-08 06:00:00,1567,1343.0,1565.0,1468.0,1894.1603452697368,1641.6184271148243
2020-04-08 07:00:00,2362,1567.0,2246.0,2158.0,2148.1786743217563,2277.42082254
2020-04-08 08:00:00,3418,2362.0,3167.0,2899.0,3036.4579878386544,3289.1084775571653
2020-04-08 09:00:00,3769,3418.0,3923.0,3465.0,3930.3088816335576,3655.741361639335
2020-04-08 10:00:00,3894,3769.0,4069.0,3484.0,3911.9221297243994,3706.916014266053
2020-04-08 11:00:00,6034,3894.0,4000.0,3379.0,3833.9619231877864,3679.6994405352702
2020-04-08 12:00:00,1751,6034.0,3867.0,3425.0,5450.797565990393,4247.341515873015
2020-04-08 13:00:00,3674,1751.0,3734.0,3298.0,2199.7002545703276,2679.15525
2020-04-08 14:00:00,3497,3674.0,3385.0,3307.0,4204.872489466042,3547.593137587049
2020-04-08 15:00:00,3365,3497.0,3138.0,3012.0,3422.1029631358515,3328.406391314462
2020-04-08 16:00:00,3155,3365.0,3104.0,2797.0,3162.6895477956723,3178.90485430251
2020-04-08 17:00:00,3355,3155.0,3143.0,2908.0,3085.4956428933538,3261.6664444444455
2020-04-08 18:00:00,3813,3355.0,3407.0,3109.0,3421.781405986586,3462.862321428572
2020-04-08 19:00:00,3840,3813.0,3682.0,3000.0,3693.7529561648353,3686.9544007936515
2020-04-08 20:00:00,3547,3840.0,3477.0,2864.0,3444.504575461057,3542.7466345245866
2020-04-08 21:00:00,2784,3547.0,2875.0,2169.0,2853.4544634836757,3004.768250172532
2020-04-08 22:00:00,2266,2784.0,2138.0,1777.0,2228.3518275747665,2124.2049190821253
2020-04-08 23:00:00,1745,2266.0,1757.0,1520.0,1905.9732336864258,1716.5182857142854
2020-04-09 00:00:00,1132,1745.0,1258.0,1165.0,1290.6411051432683,1335.4956761163676
2020-04-09 01:00:00,1274,1132.0,1371.0,1418.0,1151.8224868653465,1266.5839709847212
2020-04-09 02:00:00,1213,1274.0,1149.0,1180.0,1245.7646684912224,1178.330557293592
2020-04-09 03:00:00,583,1213.0,561.0,386.0,847.344073332785,775.1735827228326
2020-04-09 04:00:00,721,583.0,816.0,785.0,799.6498193299117,770.4942968330612
2020-04-09 05:00:00,1256,721.0,1343.0,1386.0,1226.8321750029716,1407.3469244379176
2020-04-09 06:00:00,1503,1256.0,1567.0,1319.0,1824.6525875091927,1643.947125578532
2020-04-09 07:00:00,2287,1503.0,2362.0,1763.0,2131.17738938699,2209.040390056023
2020-04-09 08:00:00,3474,2287.0,3418.0,3330.0,3182.357102243699,3299.77510234778
2020-04-09 09:00:00,3790,3474.0,3769.0,3170.0,3871.6060851109223,3670.67700409562
2020-04-09 10:00:00,3964,3790.0,3894.0,2218.0,3519.5140260225817,3524.4500572962884
2020-04-09 11:00:00,3953,3964.0,6034.0,3300.0,4198.972425249145,3963.714489061864
2020-04-09 12:00:00,3859,3953.0,1751.0,3371.0,3285.7237762057657,3499.269314134117
2020-04-09 13:00:00,3700,3859.0,3674.0,3314.0,3546.4208708596125,3606.666297528777
2020-04-09 14:00:00,3539,3700.0,3497.0,3023.0,3394.0761336434834,3469.096012603556
2020-04-09 15:00:00,3321,3539.0,3365.0,3380.0,3404.646096561817,3317.902044724162
2020-04-09 16:00:00,3297,3321.0,3155.0,2781.0,3098.0138943456986,3139.9724637690856
2020-04-09 17:00:00,3490,3297.0,3355.0,2927.0,3157.6735471321736,3393.4821100463555
2020-04-09 18:00:00,3674,3490.0,3813.0,2932.0,3416.5252758075976,3564.3463682141064
2020-04-09 19:00:00,3805,3674.0,3840.0,2961.0,3527.2161167660274,3588.36680029415
2020-04-09 20:00:00,3461,3805.0,3547.0,2803.0,3376.566967703444,3558.72932057793
2020-04-09 21:00:00,2691,3461.0,2784.0,2040.0,2713.4413515670294,2866.4832391486298
2020-04-09 22:00:00,2226,2691.0,2266.0,1675.0,2150.033899716915,2077.1583000345067
2020-04-09 23:00:00,1813,2226.0,1745.0,1598.0,1874.1559842621614,1727.0620357142855
2020-04-10 00:00:00,1244,1813.0,1132.0,1226.0,1332.19148803138,1328.2955149387649
2020-04-10 01:00:00,1346,1244.0,1274.0,1210.0,1161.874913098211,1230.886785745328
2020-04-10 02:00:00,1184,1346.0,1213.0,860.0,1201.4914770205057,1112.6884653563552
2020-04-10 03:00:00,403,1184.0,583.0,339.0,821.352434129537,761.3756304178279
2020-04-10 04:00:00,553,403.0,721.0,843.0,724.2779344403486,689.6484216950262
2020-04-10 05:00:00,1248,553.0,1256.0,1120.0,1099.009188687445,1207.1142235459524
2020-04-10 06:00:00,927,1248.0,1503.0,1305.0,1865.455505222856,1682.2168282266753
2020-04-10 07:00:00,960,927.0,2287.0,2060.0,1794.2844274498075,1989.70762588447
2020-04-10 08:00:00,2341,960.0,3474.0,2983.0,2324.7367054613896,2367.141224958949
2020-04-10 09:00:00,3691,2341.0,3790.0,3380.0,3556.7620893685644,3591.4579603174616
2020-04-10 10:00:00,4113,3691.0,3964.0,3417.0,4200.582079955527,3919.1596666666674
2020-04-10 11:00:00,4264,4113.0,3953.0,3433.0,4021.516474062805,3999.756331632573
2020-04-10 12:00:00,4120,4264.0,3859.0,3299.0,3942.6544185713265,3904.9131874931904
2020-04-10 13:00:00,3877,4120.0,3700.0,3302.0,3673.7583040665704,3839.1071745084687
2020-04-10 14:00:00,3533,3877.0,3539.0,2949.0,3465.6703661219913,3665.1908232729056
2020-04-10 15:00:00,3267,3533.0,3321.0,2902.0,3261.62361361553,3285.3031755850916
2020-04-10 16:00:00,3044,3267.0,3297.0,2791.0,3122.5233525455033,3105.8115552952513
2020-04-10 17:00:00,2990,3044.0,3490.0,2812.0,3040.9664041187766,3091.5427179389144
2020-04-10 18:00:00,3292,2990.0,3674.0,2825.0,3098.243295845369,3048.849719959771
2020-04-10 19:00:00,3383,3292.0,3805.0,2829.0,3374.626253062097,3338.0274285714286
2020-04-10 20:00:00,3095,3383.0,3461.0,2713.0,3192.511121828473,3221.3936707441476
2020-04-10 21:00:00,2372,3095.0,2691.0,2204.0,2618.553909266607,2678.4599686810766
2020-04-10 22:00:00,1820,2372.0,2226.0,1683.0,2047.0515844422393,1900.1663721507693
2020-04-10 23:00:00,1523,1820.0,1813.0,1708.0,1768.2136138163937,1702.6073734745266
2020-04-11 00:00:00,1320,1523.0,1244.0,1377.0,1211.1377372679615,1324.5010614216694
2020-04-11 01:00:00,1521,1320.0,1346.0,1361.0,1152.3640946591706,1259.9603082936158
2020-04-11 02:00:00,1083,1521.0,1184.0,1056.0,1198.190692084917,1167.719910864436
2020-04-11 03:00:00,619,1083.0,403.0,398.0,660.9099636131473,555.9892766955267
2020-04-11 04:00:00,924,619.0,553.0,768.0,681.3571304957284,644.4491139523192
2020-04-11 05:00:00,964,924.0,1248.0,942.0,1123.5368857825745,1163.9502915057922
2020-04-11 06:00:00,992,964.0,927.0,713.0,1193.5079664379657,846.790914781383
2020-04-11 07:00:00,1363,992.0,960.0,1206.0,1233.4244373091417,1034.8167026029525
2020-04-11 08:00:00,2819,1363.0,2341.0,2254.0,2090.6470770999963,2167.8756102742327
2020-04-11 09:00:00,3877,2819.0,3691.0,3437.0,3678.8736299487546,3740.443303030303
2020-04-11 10:00:00,4391,3877.0,4113.0,4056.0,4281.834232255556,4103.944976523477
2020-04-11 11:00:00,4376,4391.0,4264.0,4177.0,4431.1741126044235,4213.134129120879
2020-04-11 12:00:00,4198,4376.0,4120.0,3946.0,4023.654272254219,4046.514948412698
2020-04-11 13:00:00,4008,4198.0,3877.0,3978.0,3875.2655998560986,3968.698712784212
2020-04-11 14:00:00,3636,4008.0,3533.0,3462.0,3604.801687613342,3783.1641818629123
2020-04-11 15:00:00,3531,3636.0,3267.0,3281.0,3341.571806152898,3401.8665983698734
2020-04-11 16:00:00,3430,3531.0,3044.0,3117.0,3238.147407461516,3344.626570585472
2020-04-11 17:00:00,3624,3430.0,2990.0,3099.0,3135.027278203458,3429.779778409091
2020-04-11 18:00:00,3771,3624.0,3292.0,3161.0,3416.9368500722176,3576.990967248689
2020-04-11 19:00:00,3742,3771.0,3383.0,3204.0,3474.099617220173,3619.225989428161
2020-04-11 20:00:00,4005,3742.0,3095.0,3032.0,3267.3013733110397,3532.6396930019855
2020-04-11 21:00:00,2703,4005.0,2372.0,2413.0,3119.242679801033,3335.8405542328046
2020-04-11 22:00:00,1800,2703.0,1820.0,1769.0,2030.955213282733,2013.3614002089862
2020-04-11 23:00:00,1793,1800.0,1523.0,1576.0,1603.4171212635092,1621.7515646725149
2020-04-12 00:00:00,1230,1793.0,1320.0,1590.0,1485.2828173423522,1545.8335399266484
2020-04-12 01:00:00,1301,1230.0,1521.0,1422.0,1193.2157027533967,1262.5461472663528
2020-04-12 02:00:00,1198,1301.0,1083.0,936.0,1130.0276072728795,1119.548088222911
2020-04-12 03:00:00,729,1198.0,619.0,255.0,770.4382627206837,759.7541739576213
2020-04-12 04:00:00,810,729.0,924.0,700.0,822.2781183075188,688.7110178595914
2020-04-12 05:00:00,1013,810.0,964.0,703.0,971.4872907240717,891.8404456697041
2020-04-12 06:00:00,802,1013.0,992.0,702.0,1326.3886513802536,1029.3542716450215
2020-04-12 07:00:00,1250,802.0,1363.0,777.0,1229.0927271370645,904.3895454545453
2020-04-12 08:00:00,2443,1250.0,2819.0,1909.0,2167.9252438426056,1970.5646466910748
2020-04-12 09:00:00,3565,2443.0,3877.0,3397.0,3538.785243327319,3617.4862847805794
2020-04-12 10:00:00,4095,3565.0,4391.0,4179.0,4328.134882841224,3966.428036881419
2020-04-12 11:00:00,3983,4095.0,4376.0,4401.0,4411.871234839078,4135.634559523809
2020-04-12 12:00:00,3883,3983.0,4198.0,4373.0,4038.150015625659,3862.675519108534
2020-04-12 13:00:00,3621,3883.0,4008.0,3970.0,3811.863960206283,3694.060131094993
2020-04-12 14:00:00,3331,3621.0,3636.0,3435.0,3485.308382581438,3310.3733583339213
2020-04-12 15:00:00,2906,3331.0,3531.0,2892.0,3194.3409884880466,3103.5063071671925
2020-04-12 16:00:00,2700,2906.0,3430.0,2383.0,2840.4473464730477,2684.221180460754
2020-04-12 17:00:00,2815,2700.0,3624.0,2777.0,2904.6941849610175,2859.68625141773
2020-04-12 18:00:00,3148,2815.0,3771.0,3054.0,3116.3170251048864,3052.439032210083
2020-04-12 19:00:00,3257,3148.0,3742.0,3337.0,3375.8326011224053,3312.8590714285715
2020-04-12 20:00:00,3162,3257.0,4005.0,3110.0,3284.8552958893233,3150.6728913466677
2020-04-12 21:00:00,2365,3162.0,2703.0,2350.0,2589.5086198963536,2719.86818082351
2020-04-12 22:00:00,2048,2365.0,1800.0,1850.0,1913.8990015769741,1875.6387562723314
2020-04-12 23:00:00,1764,2048.0,1793.0,1612.0,1761.5682901691412,1720.0833505283288
2020-04-13 00:00:00,1319,1764.0,1230.0,1328.0,1335.992302087768,1388.7153241880255
2020-04-13 01:00:00,1464,1319.0,1301.0,1218.0,1145.6191556762763,1189.5778958566327
2020-04-13 02:00:00,837,1464.0,1198.0,1000.0,1241.453747926441,1144.183234619054
2020-04-13 03:00:00,563,837.0,729.0,444.0,706.8468136870463,618.8544810467308
2020-04-13 04:00:00,940,563.0,810.0,1055.0,844.9187452505387,806.4441071644909
2020-04-13 05:00:00,611,940.0,1013.0,1300.0,1263.5018406760646,1256.4584204190533
2020-04-13 06:00:00,760,611.0,802.0,1399.0,1222.0283157986514,1241.347887425621
2020-04-13 07:00:00,775,760.0,1250.0,2365.0,1658.063368277861,1770.1203076423576
2020-04-13 08:00:00,1684,775.0,2443.0,3198.0,2073.5887340585464,1735.307452380952
2020-04-13 09:00:00,3112,1684.0,3565.0,3749.0,3107.4400518331286,2833.0767997835496
2020-04-13 10:00:00,3634,3112.0,4095.0,4036.0,4066.5327449807637,3942.7928690476197
2020-04-13 11:00:00,3881,3634.0,3983.0,3991.0,3950.4534656905494,3810.7018257575746
2020-04-13 12:00:00,4096,3881.0,3883.0,3902.0,3823.545205375289,3694.9562058804163
2020-04-13 13:00:00,3626,4096.0,3621.0,3677.0,3760.6957972196856,3812.0433742433547
2020-04-13 14:00:00,3117,3626.0,3331.0,3474.0,3295.184325632247,3332.5243726264125
2020-04-13 15:00:00,2850,3117.0,2906.0,3230.0,2951.9179636636245,2970.0678880228656
2020-04-13 16:00:00,2663,2850.0,2700.0,3324.0,2863.159428256335,2699.4991675279043
2020-04-13 17:00:00,2713,2663.0,2815.0,3235.0,2762.452262533035,2730.419321607827
2020-04-13 18:00:00,2910,2713.0,3148.0,3503.0,2973.2688843746423,2908.126029796155
2020-04-13 19:00:00,3078,2910.0,3257.0,3543.0,3161.0977831465407,3068.3557615944264
2020-04-13 20:00:00,2822,3078.0,3162.0,3396.0,3098.282734302166,2991.3740608454186
2020-04-13 21:00:00,2143,2822.0,2365.0,2714.0,2482.6567266572683,2393.8073058608056
2020-04-13 22:00:00,1835,2143.0,2048.0,2275.0,1999.1894088030208,1963.5442022295765
2020-04-13 23:00:00,1464,1835.0,1764.0,1726.0,1707.8257316397808,1704.5519107730156
2020-04-14 00:00:00,1444,1464.0,1319.0,1240.0,1123.113259902266,1215.0217593367602
2020-04-14 01:00:00,1363,1444.0,1464.0,1245.0,1178.4073746818058,1235.682956678365
2020-04-14 02:00:00,748,1363.0,837.0,1076.0,953.360339616903,923.9155429337774
2020-04-14 03:00:00,496,748.0,563.0,395.0,568.8042839465963,499.2688423757232
2020-04-14 04:00:00,590,496.0,940.0,706.0,703.7381325849828,669.1226518451882
2020-04-14 05:00:00,1071,590.0,611.0,1408.0,928.2230239138544,1088.2209110449994
2020-04-14 06:00:00,1199,1071.0,760.0,1565.0,1570.775523124207,1663.2154404761907
2020-04-14 07:00:00,2150,1199.0,775.0,2246.0,1688.4249109159225,1861.438883764495
2020-04-14 08:00:00,3472,2150.0,1684.0,3167.0,2808.715695943967,3205.921144291597
2020-04-14 09:00:00,3772,3472.0,3112.0,3923.0,3955.836234804665,3816.449583574967
2020-04-14 10:00:00,4061,3772.0,3634.0,4069.0,3875.353845638181,3718.2346653015657
2020-04-14 11:00:00,4037,4061.0,3881.0,4000.0,3975.270041530243,3834.639177576365
2020-04-14 12:00:00,3880,4037.0,4096.0,3867.0,3803.3005078105143,3774.611943091543
2020-04-14 13:00:00,3900,3880.0,3626.0,3734.0,3567.5102801762587,3690.4996788619505
2020-04-14 14:00:00,3121,3900.0,3117.0,3385.0,3420.614342258874,3647.958302311957
2020-04-14 15:00:00,2987,3121.0,2850.0,3138.0,2926.582959293172,2897.4316588578235
2020-04-14 16:00:00,2922,2987.0,2663.0,3104.0,2911.977525062325,2817.0140625361555
2020-04-14 17:00:00,2954,2922.0,2713.0,3143.0,2857.9286892012683,3012.8308664070914
2020-04-14 18:00:00,3190,2954.0,2910.0,3407.0,2993.7582403706456,3088.1785920868797
2020-04-14 19:00:00,3278,3190.0,3078.0,3682.0,3287.475022894404,3260.8899279984726
2020-04-14 20:00:00,3182,3278.0,2822.0,3477.0,3162.083725922433,3083.154060650282
2020-04-14 21:00:00,2628,3182.0,2143.0,2875.0,2670.1945282589077,2622.731392375227
2020-04-14 22:00:00,2253,2628.0,1835.0,2138.0,2141.9609156614424,2027.6090251317523
2020-04-14 23:00:00,1827,2253.0,1464.0,1757.0,1833.568883163298,1703.8223363880034
2020-04-15 00:00:00,1241,1827.0,1444.0,1258.0,1314.2436352651252,1440.125222608527
2020-04-15 01:00:00,1435,1241.0,1363.0,1371.0,1107.1056790287869,1222.0889551117052
2020-04-15 02:00:00,1233,1435.0,748.0,1149.0,1182.6588242442988,1006.7514037419455
2020-04-15 03:00:00,909,1233.0,496.0,561.0,804.3666005430684,795.4455021645019
2020-04-15 04:00:00,953,909.0,590.0,816.0,816.7545459670889,706.5198649610339
2020-04-15 05:00:00,1380,953.0,1071.0,1343.0,1154.547734165906,1196.392149359145
2020-04-15 06:00:00,1579,1380.0,1199.0,1567.0,1768.4548839969182,1583.8884682539685
2020-04-15 07:00:00,2230,1579.0,2150.0,2362.0,2205.2556458564045,2272.4844916950965
2020-04-15 08:00:00,3111,2230.0,3472.0,3418.0,3118.044290417417,3292.9407976220728
2020-04-15 09:00:00,3620,3111.0,3772.0,3769.0,3745.072538444412,3667.597809536154
2020-04-15 10:00:00,3851,3620.0,4061.0,3894.0,3956.377925448287,3742.4572316069666
2020-04-15 11:00:00,3886,3851.0,4037.0,6034.0,4555.2208610380885,3674.1618863009844
2020-04-15 12:00:00,3799,3886.0,3880.0,1751.0,3229.1749975380903,3150.984297619047
2020-04-15 13:00:00,3492,3799.0,3900.0,3674.0,3638.953631752189,3586.575489368299
2020-04-15 14:00:00,3597,3492.0,3121.0,3497.0,3361.7056487698146,3278.686862427634
2020-04-15 15:00:00,3382,3597.0,2987.0,3365.0,3420.960745922213,3341.7311695970893
2020-04-15 16:00:00,3328,3382.0,2922.0,3155.0,3166.35299877738,3216.483080652243
2020-04-15 17:00:00,3672,3328.0,2954.0,3355.0,3221.9093645586813,3318.032324367564
2020-04-15 18:00:00,3825,3672.0,3190.0,3813.0,3713.0256358490324,3640.3749690639547
2020-04-15 19:00:00,4033,3825.0,3278.0,3840.0,3762.565814443036,3701.7391031650313
2020-04-15 20:00:00,3830,4033.0,3182.0,3547.0,3669.1110892013485,3758.183187441634
2020-04-15 21:00:00,2764,3830.0,2628.0,2784.0,3082.497832642562,3207.3967976190465
2020-04-15 22:00:00,2294,2764.0,2253.0,2266.0,2331.091315109231,2253.9044958592135
2020-04-15 23:00:00,1898,2294.0,1827.0,1745.0,1984.3786594619855,1761.5954660368047
2020-04-16 00:00:00,1321,1898.0,1241.0,1132.0,1335.0175276323762,1330.1445058144468
2020-04-16 01:00:00,1384,1321.0,1435.0,1274.0,1183.9815632040352,1341.3176740719045
2020-04-16 02:00:00,1328,1384.0,1233.0,1213.0,1266.7614610164396,1177.416801824283
2020-04-16 03:00:00,902,1328.0,909.0,583.0,944.5487638119723,890.7487850877193
2020-04-16 04:00:00,679,902.0,953.0,721.0,899.120287332903,723.2149888167389
2020-04-16 05:00:00,1643,679.0,1380.0,1256.0,1072.951230769729,1253.801378622502
2020-04-16 06:00:00,1767,1643.0,1579.0,1503.0,2126.5425296654794,2228.786301948052
2020-04-16 07:00:00,2385,1767.0,2230.0,2287.0,2218.8231012576266,2406.640482031348
2020-04-16 08:00:00,3333,2385.0,3111.0,3474.0,3075.9361260335245,3313.7358364369798
2020-04-16 09:00:00,3720,3333.0,3620.0,3790.0,3841.1156661907735,3716.2805373640094
2020-04-16 10:00:00,4034,3720.0,3851.0,3964.0,3951.072543409395,3689.164191720964
2020-04-16 11:00:00,4018,4034.0,3886.0,3953.0,4070.015277683201,3907.725422701857
2020-04-16 12:00:00,3911,4018.0,3799.0,3859.0,3871.9034213319615,3766.0369805298146
2020-04-16 13:00:00,3759,3911.0,3492.0,3700.0,3669.8929036985373,3732.6207695215207
2020-04-16 14:00:00,3563,3759.0,3597.0,3539.0,3610.2911691434947,3557.8518593337835
2020-04-16 15:00:00,3537,3563.0,3382.0,3321.0,3425.0248480448086,3322.949028488034
2020-04-16 16:00:00,3500,3537.0,3328.0,3297.0,3394.8029423236744,3407.7612917308293
2020-04-16 17:00:00,3755,3500.0,3672.0,3490.0,3413.107067805221,3526.7890999097926
2020-04-16 18:00:00,4082,3755.0,3825.0,3674.0,3778.3831972955577,3724.950602453103
2020-04-16 19:00:00,4372,4082.0,4033.0,3805.0,4046.601329737314,4006.73795445311
2020-04-16 20:00:00,3984,4372.0,3830.0,3461.0,3939.1056945610003,4043.9635204425954
2020-04-16 21:00:00,2951,3984.0,2764.0,2691.0,3081.3701817915958,3463.01882997283
2020-04-16 22:00:00,2443,2951.0,2294.0,2226.0,2364.632460835059,2286.339678571429
2020-04-16 23:00:00,1970,2443.0,1898.0,1813.0,2054.373598192893,1867.8760631540083
2020-04-17 00:00:00,1458,1970.0,1321.0,1244.0,1450.2695446166272,1396.2825645644425
2020-04-17 01:00:00,1478,1458.0,1384.0,1346.0,1288.8808330217032,1360.884239471351
2020-04-17 02:00:00,1289,1478.0,1328.0,1184.0,1318.526143178259,1316.9704555832586
2020-04-17 03:00:00,755,1289.0,902.0,403.0,937.3503025101015,866.2118834586465
2020-04-17 04:00:00,903,755.0,679.0,553.0,790.5262109465223,648.3822777485672
2020-04-17 05:00:00,1636,903.0,1643.0,1248.0,1317.0797464053453,1413.0750453125306
2020-04-17 06:00:00,1762,1636.0,1767.0,927.0,1979.072484950165,2317.4865238095244
2020-04-17 07:00:00,2503,1762.0,2385.0,960.0,1926.8475405850436,1990.2654888888885
2020-04-17 08:00:00,3492,2503.0,3333.0,2341.0,2971.1779138236343,2999.632135378001
2020-04-17 09:00:00,3970,3492.0,3720.0,3691.0,3950.4884334709986,3818.943899267398
2020-04-17 10:00:00,4148,3970.0,4034.0,4113.0,4178.982238502875,3991.98620614393
2020-04-17 11:00:00,4073,4148.0,4018.0,4264.0,4174.846750440172,3893.4030753141233
2020-04-17 12:00:00,3968,4073.0,3911.0,4120.0,3925.1347170456847,3836.070246658186
2020-04-17 13:00:00,3815,3968.0,3759.0,3877.0,3805.0909332912715,3790.486309147799
2020-04-17 14:00:00,3671,3815.0,3563.0,3533.0,3610.6618830972257,3582.0982697570657
2020-04-17 15:00:00,3564,3671.0,3537.0,3267.0,3477.935324682442,3440.5687221301882
2020-04-17 16:00:00,3559,3564.0,3500.0,3044.0,3353.565751241321,3413.1434112885436
2020-04-17 17:00:00,3694,3559.0,3755.0,2990.0,3344.593214879991,3626.245478203241
2020-04-17 18:00:00,3819,3694.0,4082.0,3292.0,3626.3226552825113,3685.2457001885837
2020-04-17 19:00:00,4192,3819.0,4372.0,3383.0,3725.952149994384,3812.315818831904
2020-04-17 20:00:00,3866,4192.0,3984.0,3095.0,3824.3991655480822,4102.508215370082
2020-04-17 21:00:00,3105,3866.0,2951.0,2372.0,3035.1885854003654,3243.0111707412952
2020-04-17 22:00:00,2366,3105.0,2443.0,1820.0,2419.049156538717,2272.7605476190474
2020-04-17 23:00:00,1944,2366.0,1970.0,1523.0,1945.720189371214,1774.2681230158732
2020-04-18 00:00:00,1585,1944.0,1458.0,1320.0,1397.366345676065,1412.651580830039
2020-04-18 01:00:00,1238,1585.0,1478.0,1521.0,1334.1034030571004,1503.04936496908
2020-04-18 02:00:00,1149,1238.0,1289.0,1083.0,1084.970825513378,1207.5620798483396
2020-04-18 03:00:00,819,1149.0,755.0,619.0,905.915081657073,856.8219974747476
2020-04-18 04:00:00,660,819.0,903.0,924.0,907.5129551575872,786.2434843715986
2020-04-18 05:00:00,1028,660.0,1636.0,964.0,1033.2275648117586,1110.0143229722657
2020-04-18 06:00:00,1099,1028.0,1762.0,992.0,1577.5836847794133,1244.795320677821
2020-04-18 07:00:00,990,1099.0,2503.0,1363.0,1754.4761767026953,1479.1837746331876
2020-04-18 08:00:00,3416,990.0,3492.0,2819.0,2206.012024717823,2210.1258333333335
2020-04-18 09:00:00,4008,3416.0,3970.0,3877.0,4504.768281219461,4060.258003968253
2020-04-18 10:00:00,4348,4008.0,4148.0,4391.0,4366.445242810465,4125.158089080461
2020-04-18 11:00:00,4415,4348.0,4073.0,4376.0,4371.132951463965,4150.511175595238
2020-04-18 12:00:00,4323,4415.0,3968.0,4198.0,4193.742579079539,4069.8088214285713
2020-04-18 13:00:00,4065,4323.0,3815.0,4008.0,3960.515954290188,4033.2353611111107
2020-04-18 14:00:00,3715,4065.0,3671.0,3636.0,3759.1436621743887,3824.5143124201504
2020-04-18 15:00:00,3506,3715.0,3564.0,3531.0,3556.1327267598826,3518.0146527470206
2020-04-18 16:00:00,3452,3506.0,3559.0,3430.0,3430.898264080044,3332.941839828373
2020-04-18 17:00:00,3150,3452.0,3694.0,3624.0,3444.6958636118648,3438.277408842847
2020-04-18 18:00:00,3449,3150.0,3819.0,3771.0,3374.8189651737766,3281.3333571428566
2020-04-18 19:00:00,3182,3449.0,4192.0,3742.0,3670.154545427943,3562.397123376623
2020-04-18 20:00:00,2943,3182.0,3866.0,4005.0,3378.627795179179,3008.8544738333653
2020-04-18 21:00:00,2542,2943.0,3105.0,2703.0,2764.850516967344,2619.111419028703
2020-04-18 22:00:00,1724,2542.0,2366.0,1800.0,2191.819260680458,2128.1430427311348
2020-04-18 23:00:00,1847,1724.0,1944.0,1793.0,1752.2402262097512,1772.1061676149172
2020-04-19 00:00:00,1575,1847.0,1585.0,1230.0,1500.2326990556737,1504.8839500194017
2020-04-19 01:00:00,1555,1575.0,1238.0,1301.0,1242.391513103412,1299.8454703263305
2020-04-19 02:00:00,1048,1555.0,1149.0,1198.0,1250.5365493404968,1189.8649674392502
2020-04-19 03:00:00,691,1048.0,819.0,729.0,887.7117202842101,760.9169911458973
2020-04-19 04:00:00,940,691.0,660.0,810.0,814.0279051924695,745.2851652053223
2020-04-19 05:00:00,918,940.0,1028.0,1013.0,1156.667877600213,941.2099539311176
2020-04-19 06:00:00,646,918.0,1099.0,802.0,1264.704125441553,937.1272339345841
2020-04-19 07:00:00,962,646.0,990.0,1250.0,1216.785788184765,1239.100176878677
2020-04-19 08:00:00,2228,962.0,3416.0,2443.0,2214.1019184597903,2247.042087301588
2020-04-19 09:00:00,3586,2228.0,4008.0,3565.0,3504.308695384636,3478.7246410533903
2020-04-19 10:00:00,4028,3586.0,4348.0,4095.0,4323.004902238927,4004.8896264234563
2020-04-19 11:00:00,4313,4028.0,4415.0,3983.0,4174.656850239684,4047.574454212454
2020-04-19 12:00:00,4303,4313.0,4323.0,3883.0,4110.931972267362,4039.3577830687846
2020-04-19 13:00:00,3940,4303.0,4065.0,3621.0,3856.348576362331,3998.2345271164004
2020-04-19 14:00:00,3492,3940.0,3715.0,3331.0,3496.4166214839697,3790.196895938581
2020-04-19 15:00:00,3133,3492.0,3506.0,2906.0,3155.9820905323013,3203.163299563389
2020-04-19 16:00:00,2996,3133.0,3452.0,2700.0,2959.422080665744,2900.9024792483856
2020-04-19 17:00:00,3008,2996.0,3150.0,2815.0,2897.4230075787705,2965.2633277737523
2020-04-19 18:00:00,3437,3008.0,3449.0,3148.0,3060.1030880492826,3095.576164617295
2020-04-19 19:00:00,3513,3437.0,3182.0,3257.0,3394.970670436926,3399.8584523809523
2020-04-19 20:00:00,3271,3513.0,2943.0,3162.0,3177.340117307709,3334.0293831325685
2020-04-19 21:00:00,2705,3271.0,2542.0,2365.0,2619.0790530718396,2805.957036372125
2020-04-19 22:00:00,2264,2705.0,1724.0,2048.0,2128.424802687319,1955.094404761905
2020-04-19 23:00:00,1824,2264.0,1847.0,1764.0,1897.039543259411,1788.0114020468266
2020-04-20 00:00:00,1315,1824.0,1575.0,1319.0,1419.5599588703292,1472.290105716579
2020-04-20 01:00:00,1434,1315.0,1555.0,1464.0,1277.2337258958441,1364.3551482815988
2020-04-20 02:00:00,1171,1434.0,1048.0,837.0,1189.77996182329,1111.6749908454121
2020-04-20 03:00:00,447,1171.0,691.0,563.0,885.3522813149377,752.3329400942198
2020-04-20 04:00:00,639,447.0,940.0,940.0,804.132366503585,821.2601883469448
2020-04-20 05:00:00,614,639.0,918.0,611.0,968.8221488656734,964.131751156738
2020-04-20 06:00:00,1912,614.0,646.0,760.0,1106.3910498827581,941.4756673881675
2020-04-20 07:00:00,2856,1912.0,962.0,775.0,2180.2076216211562,2976.9009801587304
2020-04-20 08:00:00,3607,2856.0,2228.0,1684.0,2871.892191067649,3248.9074087301583
2020-04-20 09:00:00,3860,3607.0,3586.0,3112.0,3730.888212366043,3835.6134285714284
2020-04-20 10:00:00,3891,3860.0,4028.0,3634.0,3891.175962535602,3756.9744121381955
2020-04-20 11:00:00,3861,3891.0,4313.0,3881.0,3918.1181961103835,3747.8147977537155
2020-04-20 12:00:00,3845,3861.0,4303.0,4096.0,3825.104063197521,3715.490057746454
2020-04-20 13:00:00,3441,3845.0,3940.0,3626.0,3649.6539813616682,3589.272067332982
2020-04-20 14:00:00,3291,3441.0,3492.0,3117.0,3291.8475888546845,3263.2431229427393
2020-04-20 15:00:00,2969,3291.0,3133.0,2850.0,3128.3977969098987,3179.096320521667
2020-04-20 16:00:00,3095,2969.0,2996.0,2663.0,2880.72930069098,2861.763591467996
2020-04-20 17:00:00,2541,3095.0,3008.0,2713.0,3015.678223293463,3196.698440836941
2020-04-20 18:00:00,3567,2541.0,3437.0,2910.0,2853.519577248014,2918.830676927415
2020-04-20 19:00:00,3826,3567.0,3513.0,3078.0,3825.853746831276,3613.579
2020-04-20 20:00:00,3634,3826.0,3271.0,2822.0,3486.1088804860105,3537.6501595754526
2020-04-20 21:00:00,3016,3634.0,2705.0,2143.0,2845.0757445271643,3058.8379206349205
2020-04-20 22:00:00,2123,3016.0,2264.0,1835.0,2373.4468633771467,2276.9929999999995
2020-04-20 23:00:00,1588,2123.0,1824.0,1464.0,1791.2803671949323,1701.30074778516
2020-04-21 00:00:00,1116,1588.0,1315.0,1444.0,1302.8800355430683,1434.4927950123354
2020-04-21 01:00:00,1284,1116.0,1434.0,1363.0,1151.5624371865258,1231.2526148131144
2020-04-21 02:00:00,1072,1284.0,1171.0,748.0,1138.1272252669146,1108.5387077129094
2020-04-21 03:00:00,649,1072.0,447.0,496.0,795.9956425673511,742.3848712121213
2020-04-21 04:00:00,697,649.0,639.0,590.0,760.714877750049,587.593375
2020-04-21 05:00:00,1380,697.0,614.0,1071.0,997.0947090732368,957.9743253968254
2020-04-21 06:00:00,1805,1380.0,1912.0,1199.0,1906.6129537135912,1837.093555555556
2020-04-21 07:00:00,2827,1805.0,2856.0,2150.0,2453.3239593427784,2647.382589894052
2020-04-21 08:00:00,3611,2827.0,3607.0,3472.0,3574.199019834418,3577.5503871725205
2020-04-21 09:00:00,4180,3611.0,3860.0,3772.0,3963.487437687607,3767.739474738676
2020-04-21 10:00:00,4126,4180.0,3891.0,4061.0,4218.390964120821,4121.4899249513865
2020-04-21 11:00:00,4008,4126.0,3861.0,4037.0,3975.3891465482347,3874.292855744227
2020-04-21 12:00:00,3934,4008.0,3845.0,3880.0,3780.4434199916595,3832.2782944317546
2020-04-21 13:00:00,3701,3934.0,3441.0,3900.0,3709.8355685213537,3756.6343154295014
2020-04-21 14:00:00,3300,3701.0,3291.0,3121.0,3378.1592086806195,3464.3185324760652
2020-04-21 15:00:00,3021,3300.0,2969.0,2987.0,3118.3134696775824,3101.6375392690697
2020-04-21 16:00:00,2964,3021.0,3095.0,2922.0,3020.677115670923,2933.7890628162963
2020-04-21 17:00:00,3268,2964.0,2541.0,2954.0,2900.890879626136,3043.0545173401174
2020-04-21 18:00:00,3714,3268.0,3567.0,3190.0,3412.770866427269,3458.4529047619053
2020-04-21 19:00:00,4002,3714.0,3826.0,3278.0,3757.784677955017,3778.729142857144
2020-04-21 20:00:00,3665,4002.0,3634.0,3182.0,3693.199773680637,3886.7780756565817
2020-04-21 21:00:00,2832,3665.0,3016.0,2628.0,3015.738527742338,3149.229852589423
2020-04-21 22:00:00,2141,2832.0,2123.0,2253.0,2348.189665746024,2321.453285714286
2020-04-21 23:00:00,1690,2141.0,1588.0,1827.0,1883.998427636618,1703.7399564202487
2020-04-22 00:00:00,1007,1690.0,1116.0,1241.0,1319.5570132566725,1295.7149424603176
2020-04-22 01:00:00,1239,1007.0,1284.0,1435.0,1140.6571219072673,1251.5099738819245
2020-04-22 02:00:00,1133,1239.0,1072.0,1233.0,1310.7881207699827,1103.089042114035
2020-04-22 03:00:00,578,1133.0,649.0,909.0,1018.9754225078668,769.168488437223
2020-04-22 04:00:00,248,578.0,697.0,953.0,856.504390074399,723.4365000430608
2020-04-22 05:00:00,1954,248.0,1380.0,1380.0,1041.3235022874806,1267.7258774311347
2020-04-22 06:00:00,2200,1954.0,1805.0,1579.0,2595.807189377409,2494.202773809524
2020-04-22 07:00:00,2664,2200.0,2827.0,2230.0,2559.375618958645,2921.1974087301583
2020-04-22 08:00:00,3638,2664.0,3611.0,3111.0,3148.2854222160117,3165.049570883265
2020-04-22 09:00:00,3813,3638.0,4180.0,3620.0,4033.586239167702,3899.3696428571416
2020-04-22 10:00:00,4077,3813.0,4126.0,3851.0,3926.644854973262,3630.761511391418
2020-04-22 11:00:00,3888,4077.0,4008.0,3886.0,4030.9952626567683,3843.957040796667
2020-04-22 12:00:00,3737,3888.0,3934.0,3799.0,3743.632916338744,3679.8285212591263
2020-04-22 13:00:00,3824,3737.0,3701.0,3492.0,3583.391598446345,3538.0793720711413
2020-04-22 14:00:00,3552,3824.0,3300.0,3597.0,3606.78551162807,3525.64349474696
2020-04-22 15:00:00,3257,3552.0,3021.0,3382.0,3320.7211019821034,3354.6729036806805
2020-04-22 16:00:00,3211,3257.0,2964.0,3328.0,3175.610386833135,3101.880363170087
2020-04-22 17:00:00,3621,3211.0,3268.0,3672.0,3322.3665890906736,3371.901686231618
2020-04-22 18:00:00,4082,3621.0,3714.0,3825.0,3800.051188330792,3805.9358679653687
2020-04-22 19:00:00,4280,4082.0,4002.0,4033.0,4095.6512712070457,4207.602056547619
2020-04-22 20:00:00,4076,4280.0,3665.0,3830.0,3925.667691260436,4004.1185526964923
2020-04-22 21:00:00,3157,4076.0,2832.0,2764.0,3179.2598417108566,3504.0465656502383
2020-04-22 22:00:00,2507,3157.0,2141.0,2294.0,2472.446611031394,2362.3356547619046
2020-04-22 23:00:00,1946,2507.0,1690.0,1898.0,2037.9209330862727,1801.3767619047615
2020-04-23 00:00:00,1189,1946.0,1007.0,1321.0,1328.1124024916269,1226.7450318271167
2020-04-23 01:00:00,1089,1189.0,1239.0,1384.0,1091.0079942394111,1260.5322632193984
2020-04-23 02:00:00,1220,1089.0,1133.0,1328.0,1129.8614039385784,1167.8164907088167
2020-04-23 03:00:00,862,1220.0,578.0,902.0,1009.4546744752145,868.9936067750007
2020-04-23 04:00:00,575,862.0,248.0,679.0,744.9894436988468,546.1413642085375
2020-04-23 05:00:00,1501,575.0,1954.0,1643.0,1242.5961162238323,1481.6906231556004
2020-04-23 06:00:00,1835,1501.0,2200.0,1767.0,2262.3192276548248,2448.524773809524
2020-04-23 07:00:00,2868,1835.0,2664.0,2385.0,2455.609810337962,2664.326251378369
2020-04-23 08:00:00,3768,2868.0,3638.0,3333.0,3523.5767197524183,3658.1022431647307
2020-04-23 09:00:00,3911,3768.0,3813.0,3720.0,4045.461230317468,3991.51860164835
2020-04-23 10:00:00,3853,3911.0,4077.0,4034.0,4019.1542143677725,3760.607833546778
2020-04-23 11:00:00,3893,3853.0,3888.0,4018.0,3833.9485691264235,3656.8367369608395
2020-04-23 12:00:00,3952,3893.0,3737.0,3911.0,3765.2806490324424,3700.262422385289
2020-04-23 13:00:00,3978,3952.0,3824.0,3759.0,3800.921483220603,3718.736469578542
2020-04-23 14:00:00,3295,3978.0,3552.0,3563.0,3699.0138018815474,3736.956378662262
2020-04-23 15:00:00,3896,3295.0,3257.0,3537.0,3311.085521004945,3181.7211520843202
2020-04-23 16:00:00,3576,3896.0,3211.0,3500.0,3861.3160383886657,3869.0784787901634
2020-04-23 17:00:00,3955,3576.0,3621.0,3755.0,3531.6287903497882,3678.0684387673746
2020-04-23 18:00:00,4508,3955.0,4082.0,4082.0,4089.057085595922,4099.029520270271
2020-04-23 19:00:00,5064,4508.0,4280.0,4372.0,4520.4208654184185,4496.9199761904765
2020-04-23 20:00:00,4716,5064.0,4076.0,3984.0,4541.181928789515,4658.542238095238
2020-04-23 21:00:00,3586,4716.0,3157.0,2951.0,3562.1947462659423,3661.4434789915963
2020-04-23 22:00:00,2713,3586.0,2507.0,2443.0,2701.5646206105066,2747.7625634920637
2020-04-23 23:00:00,2325,2713.0,1946.0,1970.0,2131.0876974851353,1966.1595634920634
2020-04-24 00:00:00,1785,2325.0,1189.0,1458.0,1611.9187811844195,1436.0240853174605
2020-04-24 01:00:00,1593,1785.0,1089.0,1478.0,1382.544475481787,1334.7027564824061
2020-04-24 02:00:00,1539,1593.0,1220.0,1289.0,1337.2996353854987,1354.310702883911
2020-04-24 03:00:00,1538,1539.0,862.0,755.0,1139.583083991676,1063.7336746031742
2020-04-24 04:00:00,1490,1538.0,575.0,903.0,1114.4668518746184,948.1712771970575
2020-04-24 05:00:00,1181,1490.0,1501.0,1636.0,1476.0020712510109,1453.7028114220607
2020-04-24 06:00:00,1890,1181.0,1835.0,1762.0,1678.9284008641155,1791.78199991324
2020-04-24 07:00:00,3284,1890.0,2868.0,2503.0,2680.2313443270696,2857.225723138114
2020-04-24 08:00:00,3977,3284.0,3768.0,3492.0,3944.1562135459876,3951.466707070707
2020-04-24 09:00:00,4282,3977.0,3911.0,3970.0,4203.732130030656,4145.655544903927
2020-04-24 10:00:00,4210,4282.0,3853.0,4148.0,4243.234156303992,4093.743730158732
2020-04-24 11:00:00,4233,4210.0,3893.0,4073.0,4079.569500566081,4006.7469087301597
2020-04-24 12:00:00,4223,4233.0,3952.0,3968.0,4021.0238530209263,4014.1939611528824
2020-04-24 13:00:00,4130,4223.0,3978.0,3815.0,3935.104810462432,3992.634994913146
2020-04-24 14:00:00,3820,4130.0,3295.0,3671.0,3770.677109678735,3797.8581888873996
2020-04-24 15:00:00,3647,3820.0,3896.0,3564.0,3724.8551850061313,3581.2494114121987
2020-04-24 16:00:00,3609,3647.0,3576.0,3559.0,3599.7077721565715,3516.7625721746895
2020-04-24 17:00:00,3828,3609.0,3955.0,3694.0,3656.33415804993,3673.633264227861
2020-04-24 18:00:00,4364,3828.0,4508.0,3819.0,3997.6061080116674,3959.4023690476197
2020-04-24 19:00:00,4512,4364.0,5064.0,4192.0,4526.783714801217,4453.245892857141
2020-04-24 20:00:00,4169,4512.0,4716.0,3866.0,4273.95058686038,4317.517166666665
2020-04-24 21:00:00,3220,4169.0,3586.0,3105.0,3474.903903671813,3601.928716146152
2020-04-24 22:00:00,2603,3220.0,2713.0,2366.0,2640.8451670182208,2619.996985769883
2020-04-24 23:00:00,2098,2603.0,2325.0,1944.0,2240.1785464764125,2083.6901460662525
2020-04-25 00:00:00,1735,2098.0,1785.0,1585.0,1590.323733418385,1649.732976190476
2020-04-25 01:00:00,1701,1735.0,1593.0,1238.0,1355.7887120937553,1504.5687146681948
2020-04-25 02:00:00,1687,1701.0,1539.0,1149.0,1352.3241227321196,1497.9311428905776
2020-04-25 03:00:00,1379,1687.0,1538.0,819.0,1206.656437537009,1387.0187023809524
2020-04-25 04:00:00,1117,1379.0,1490.0,660.0,1122.5609482737095,993.9905779220776
2020-04-25 05:00:00,1347,1117.0,1181.0,1028.0,1149.892084446608,1015.9421507214599
2020-04-25 06:00:00,1205,1347.0,1890.0,1099.0,1712.8651725973468,1390.1877301587301
2020-04-25 07:00:00,1536,1205.0,3284.0,990.0,1764.3242126954046,1324.37025
2020-04-25 08:00:00,2915,1536.0,3977.0,3416.0,2826.3847290618405,2684.642942481572
2020-04-25 09:00:00,4059,2915.0,4282.0,4008.0,4035.368612323408,3848.1756298701284
2020-04-25 10:00:00,4444,4059.0,4210.0,4348.0,4534.099768213639,4170.261700549451
2020-04-25 11:00:00,4637,4444.0,4233.0,4415.0,4450.3367477203765,4232.276226190476
2020-04-25 12:00:00,4589,4637.0,4223.0,4323.0,4349.275761373337,4150.213527777777
2020-04-25 13:00:00,4222,4589.0,4130.0,4065.0,4129.543129631615,4058.0092896825386
2020-04-25 14:00:00,3964,4222.0,3820.0,3715.0,3812.2749595375117,3928.865748045977
2020-04-25 15:00:00,3853,3964.0,3647.0,3506.0,3613.1510610398477,3778.555796215607
2020-04-25 16:00:00,3716,3853.0,3609.0,3452.0,3555.682991329461,3679.8913404563473
2020-04-25 17:00:00,3755,3716.0,3828.0,3150.0,3414.1311620920033,3634.7364647346126
2020-04-25 18:00:00,4194,3755.0,4364.0,3449.0,3663.383786466792,3804.8121794871804
2020-04-25 19:00:00,4348,4194.0,4512.0,3182.0,3934.682440289678,4276.6180952380955
2020-04-25 20:00:00,4036,4348.0,4169.0,2943.0,3772.7207266094747,4093.3256904761893
2020-04-25 21:00:00,3309,4036.0,3220.0,2542.0,3132.2156614171654,3565.8425135135144
2020-04-25 22:00:00,2493,3309.0,2603.0,1724.0,2444.0897652792555,2580.007142857143
2020-04-25 23:00:00,1701,2493.0,2098.0,1847.0,2034.8384787116704,1978.5034408866998
2020-04-26 00:00:00,1629,1701.0,1735.0,1575.0,1375.649727843339,1527.319414578112
2020-04-26 01:00:00,1809,1629.0,1701.0,1555.0,1452.7674992238638,1597.2637071466547
2020-04-26 02:00:00,1673,1809.0,1687.0,1048.0,1426.9648667879,1431.4865573593074
2020-04-26 03:00:00,857,1673.0,1379.0,691.0,1164.8541743167095,1233.2602283549784
2020-04-26 04:00:00,646,857.0,1117.0,940.0,898.1460167021439,870.0989403065862
2020-04-26 05:00:00,1211,646.0,1347.0,918.0,987.5535363586275,1060.8751619047623
2020-04-26 06:00:00,1008,1211.0,1205.0,646.0,1547.5790421814906,1283.99876984127
2020-04-26 07:00:00,1044,1008.0,1536.0,962.0,1446.5616831977186,1094.4756126623379
2020-04-26 08:00:00,2547,1044.0,2915.0,2228.0,2036.2407206081798,2298.6555151727366
2020-04-26 09:00:00,3921,2547.0,4059.0,3586.0,3798.9673152737837,3755.369897696173
2020-04-26 10:00:00,4575,3921.0,4444.0,4028.0,4562.22518590213,4134.867404761904
2020-04-26 11:00:00,4793,4575.0,4637.0,4313.0,4718.062947735222,4341.699047619048
2020-04-26 12:00:00,4463,4793.0,4589.0,4303.0,4571.314692072489,4373.284706349206
2020-04-26 13:00:00,4184,4463.0,4222.0,3940.0,4067.5565144092598,3973.056130952379
2020-04-26 14:00:00,4005,4184.0,3964.0,3492.0,3803.8521082641564,3802.8505797395414
2020-04-26 15:00:00,3427,4005.0,3853.0,3133.0,3631.0724193366236,3781.3548279340794
2020-04-26 16:00:00,3154,3427.0,3716.0,2996.0,3267.0551265899508,3200.6148241678375
2020-04-26 17:00:00,3348,3154.0,3755.0,3008.0,3188.038191647831,3279.4714062499993
2020-04-26 18:00:00,4030,3348.0,4194.0,3437.0,3592.226466180386,3495.38845021645
2020-04-26 19:00:00,4656,4030.0,4348.0,3513.0,4088.8086617201125,4328.829011544011
2020-04-26 20:00:00,4371,4656.0,4036.0,3271.0,4199.416360901198,4505.665567099567
2020-04-26 21:00:00,3263,4371.0,3309.0,2705.0,3392.3663816194403,3659.499264705883
2020-04-26 22:00:00,2414,3263.0,2493.0,2264.0,2507.463296375163,2681.564095238095
2020-04-26 23:00:00,1906,2414.0,1701.0,1824.0,1926.3822621406346,1773.6172624042624
2020-04-27 00:00:00,1252,1906.0,1629.0,1315.0,1503.2042320537116,1492.7799027353738
2020-04-27 01:00:00,1323,1252.0,1809.0,1434.0,1328.8740981830217,1517.8414412336645
2020-04-27 02:00:00,1328,1323.0,1673.0,1171.0,1392.9565472503427,1408.4168878066378
2020-04-27 03:00:00,994,1328.0,857.0,447.0,1018.1790085895507,1032.5030793650794
2020-04-27 04:00:00,655,994.0,646.0,639.0,954.0635138654245,726.0125806415806
2020-04-27 05:00:00,1539,655.0,1211.0,614.0,972.7787283247958,887.8345305125629
2020-04-27 06:00:00,2217,1539.0,1008.0,1912.0,2197.9557774939854,2140.991476190476
2020-04-27 07:00:00,2943,2217.0,1044.0,2856.0,2663.239479985762,3424.824243271222
2020-04-27 08:00:00,3791,2943.0,2547.0,3607.0,3425.8726654100874,3596.5799956709957
2020-04-27 09:00:00,4138,3791.0,3921.0,3860.0,4151.451999357995,3962.2883769841255
2020-04-27 10:00:00,4077,4138.0,4575.0,3891.0,4283.213665507747,4085.5338214285725
2020-04-27 11:00:00,4106,4077.0,4793.0,3861.0,4135.403763064081,3913.8909206349217
2020-04-27 12:00:00,4135,4106.0,4463.0,3845.0,3998.3940131642894,3894.6933852813854
2020-04-27 13:00:00,3903,4135.0,4184.0,3441.0,3860.7781799251134,3855.095133010048
2020-04-27 14:00:00,3674,3903.0,4005.0,3291.0,3691.0050682863443,3725.914177876093
2020-04-27 15:00:00,3498,3674.0,3427.0,2969.0,3411.7395771266574,3441.4385144367857
2020-04-27 16:00:00,3398,3498.0,3154.0,3095.0,3310.781347468089,3300.6692719079806
2020-04-27 17:00:00,3628,3398.0,3348.0,2541.0,3135.3796512406807,3539.061534798536
2020-04-27 18:00:00,4154,3628.0,4030.0,3567.0,3761.8426703796777,3809.6559632034646
2020-04-27 19:00:00,4245,4154.0,4656.0,3826.0,4264.442554761214,4326.411523809525
2020-04-27 20:00:00,3948,4245.0,4371.0,3634.0,4026.726754829848,4160.6327817460315
2020-04-27 21:00:00,3208,3948.0,3263.0,3016.0,3305.6715930125633,3635.162881140556
2020-04-27 22:00:00,2633,3208.0,2414.0,2123.0,2537.737836864516,2468.4996833751043
2020-04-27 23:00:00,2039,2633.0,1906.0,1588.0,2079.405005816519,1947.5644206349205
2020-04-28 00:00:00,1483,2039.0,1252.0,1116.0,1368.3285233109116,1429.5838571428578
2020-04-28 01:00:00,1426,1483.0,1323.0,1284.0,1228.2084315258369,1394.5745512655515
2020-04-28 02:00:00,1493,1426.0,1328.0,1072.0,1233.6905468688108,1417.4985994301521
2020-04-28 03:00:00,1227,1493.0,994.0,649.0,1081.0505133371614,1103.0004841269842
2020-04-28 04:00:00,845,1227.0,655.0,697.0,960.6545074627354,874.0364098598395
2020-04-28 05:00:00,1590,845.0,1539.0,1380.0,1202.1272783539532,1380.0140838965267
2020-04-28 06:00:00,2215,1590.0,2217.0,1805.0,2254.2175557106216,2333.952394257704
2020-04-28 07:00:00,2949,2215.0,2943.0,2827.0,2861.610976595697,3124.908023586495
2020-04-28 08:00:00,3704,2949.0,3791.0,3611.0,3582.8313314558336,3609.525190909091
2020-04-28 09:00:00,4106,3704.0,4138.0,4180.0,4145.8309762018725,3911.3994882320753
2020-04-28 10:00:00,3929,4106.0,4077.0,4126.0,4189.271181901934,4060.8687483265267
2020-04-28 11:00:00,3731,3929.0,4106.0,4008.0,3893.5511622737454,3764.653772980912
2020-04-28 12:00:00,3666,3731.0,4135.0,3934.0,3778.710461074409,3588.389897585869
2020-04-28 13:00:00,3655,3666.0,3903.0,3701.0,3652.1915139798116,3508.2027633930725
2020-04-28 14:00:00,3289,3655.0,3674.0,3300.0,3453.0137425874514,3391.073555952931
2020-04-28 15:00:00,3158,3289.0,3498.0,3021.0,3197.1246067008133,3092.5419170777154
2020-04-28 16:00:00,3143,3158.0,3398.0,2964.0,3105.331168268295,2999.581523774747
2020-04-28 17:00:00,2931,3143.0,3628.0,3268.0,3171.436306468785,3244.933686507937
2020-04-28 18:00:00,3242,2931.0,4154.0,3714.0,3260.6580333549546,3164.8313353719363
2020-04-28 19:00:00,3217,3242.0,4245.0,4002.0,3593.7206727023135,3439.013095238094
2020-04-28 20:00:00,2948,3217.0,3948.0,3665.0,3308.5767835538127,3151.1052489723893
2020-04-28 21:00:00,2325,2948.0,3208.0,2832.0,2740.427946310506,2659.6942755324358
2020-04-28 22:00:00,2131,2325.0,2633.0,2141.0,2155.1799754507792,2159.9213407951697
2020-04-28 23:00:00,1909,2131.0,2039.0,1690.0,1890.9042222612286,1819.4866177801484
2020-04-29 00:00:00,1688,1909.0,1483.0,1007.0,1307.2205970916068,1483.6077810457518
2020-04-29 01:00:00,1622,1688.0,1426.0,1239.0,1280.884617217439,1454.0280236829785
2020-04-29 02:00:00,1106,1622.0,1493.0,1133.0,1254.2173647133038,1351.9806473043507
2020-04-29 03:00:00,404,1106.0,1227.0,578.0,888.4535114465148,800.0035326425347
2020-04-29 04:00:00,1037,404.0,845.0,248.0,540.6684368268266,670.7362543290042
2020-04-29 05:00:00,1464,1037.0,1590.0,1954.0,1631.1360103757177,1601.8319230769234
2020-04-29 06:00:00,2021,1464.0,2215.0,2200.0,2139.8349790377497,2270.7085331470034
2020-04-29 07:00:00,2652,2021.0,2949.0,2664.0,2599.762213357427,2906.6015758159324
2020-04-29 08:00:00,3440,2652.0,3704.0,3638.0,3317.1431161670407,3534.649436147185
2020-04-29 09:00:00,3608,3440.0,4106.0,3813.0,3836.1371640012576,3648.6933809523807
2020-04-29 10:00:00,3571,3608.0,3929.0,4077.0,3761.985198504573,3460.908198059195
2020-04-29 11:00:00,3336,3571.0,3731.0,3888.0,3536.2052024432996,3344.7191999436873
2020-04-29 12:00:00,3367,3336.0,3666.0,3737.0,3310.5452374768365,3173.243146253879
2020-04-29 13:00:00,3201,3367.0,3655.0,3824.0,3402.4432728186653,3245.0136072362116
2020-04-29 14:00:00,2989,3201.0,3289.0,3552.0,3160.7923467087007,3032.8307441157904
2020-04-29 15:00:00,2799,2989.0,3158.0,3257.0,2977.7887779247676,2887.8615947399826
2020-04-29 16:00:00,2682,2799.0,3143.0,3211.0,2853.023679594004,2736.7064206626883
2020-04-29 17:00:00,2794,2682.0,2931.0,3621.0,2886.4037637221118,2729.2511117688714
2020-04-29 18:00:00,3133,2794.0,3242.0,4082.0,3169.4937129642813,2979.053728930451
2020-04-29 19:00:00,3115,3133.0,3217.0,4280.0,3486.640380375151,3285.860598496578
2020-04-29 20:00:00,3195,3115.0,2948.0,4076.0,3200.916433862968,2978.661391863529
2020-04-29 21:00:00,2606,3195.0,2325.0,3157.0,2746.800247839561,2672.4507414184673
2020-04-29 22:00:00,2316,2606.0,2131.0,2507.0,2218.618719735673,2328.8709999999996
2020-04-29 23:00:00,2184,2316.0,1909.0,1946.0,1945.288939607547,1907.7218761984054
2020-04-30 00:00:00,1265,2184.0,1688.0,1189.0,1418.0800782779877,1545.4360824487374
2020-04-30 01:00:00,1381,1265.0,1622.0,1089.0,989.7408367915125,1305.6323161488356
2020-04-30 02:00:00,1139,1381.0,1106.0,1220.0,1144.1036270645966,1149.121380000928
2020-04-30 03:00:00,415,1139.0,404.0,862.0,736.3778157069453,743.4620952523354
2020-04-30 04:00:00,757,415.0,1037.0,575.0,544.9891471861968,785.9335593832022
2020-04-30 05:00:00,1400,757.0,1464.0,1501.0,1222.6557816180987,1451.2956500951204
2020-04-30 06:00:00,1808,1400.0,2021.0,1835.0,1928.460698554459,2165.815870455709
2020-04-30 07:00:00,2604,1808.0,2652.0,2868.0,2459.265604469576,2745.7831083017886
2020-04-30 08:00:00,3392,2604.0,3440.0,3768.0,3303.756579519746,3430.821669138926
2020-04-30 09:00:00,3611,3392.0,3608.0,3911.0,3697.0863410272414,3554.422862760835
2020-04-30 10:00:00,3434,3611.0,3571.0,3853.0,3621.6286544477616,3439.2330769231976
2020-04-30 11:00:00,3449,3434.0,3336.0,3893.0,3361.981684369524,3241.3862347453755
2020-04-30 12:00:00,3275,3449.0,3367.0,3952.0,3394.3234395343047,3261.62790234382
2020-04-30 13:00:00,3206,3275.0,3201.0,3978.0,3272.162853013953,3097.336647971211
2020-04-30 14:00:00,3145,3206.0,2989.0,3295.0,3058.3979245119517,3025.251729901997
2020-04-30 15:00:00,3001,3145.0,2799.0,3896.0,3142.5761235395807,2941.831170294217
2020-04-30 16:00:00,3074,3001.0,2682.0,3576.0,2964.4718892132205,2888.1917002095906
2020-04-30 17:00:00,3016,3074.0,2794.0,3955.0,3135.361690496752,3158.090647762504
2020-04-30 18:00:00,3147,3016.0,3133.0,4508.0,3288.702716149132,3161.8825626527164
2020-04-30 19:00:00,3186,3147.0,3115.0,5064.0,3462.882267510371,3217.718900474502
2020-04-30 20:00:00,2807,3186.0,3195.0,4716.0,3359.3474845443066,2992.827497690277
2020-04-30 21:00:00,2332,2807.0,2606.0,3586.0,2708.9887882669827,2445.9361165413534
2020-04-30 22:00:00,2095,2332.0,2316.0,2713.0,2221.2769189066757,2199.3618334297284
2020-04-30 23:00:00,1822,2095.0,2184.0,2325.0,2015.6679206218928,2090.511497639361
2020-05-01 00:00:00,1541,1822.0,1265.0,1785.0,1382.401718243329,1523.1473015873019
2020-05-01 01:00:00,1467,1541.0,1381.0,1593.0,1255.2787915386036,1357.576876876601
2020-05-01 02:00:00,917,1467.0,1139.0,1539.0,1217.1028565002014,1238.6100897372758
2020-05-01 03:00:00,311,917.0,415.0,1538.0,908.5306438864332,932.0980396825399
2020-05-01 04:00:00,906,311.0,757.0,1490.0,776.0850291326724,926.5148959899752
2020-05-01 05:00:00,778,906.0,1400.0,1181.0,1309.7918147751755,1424.8151002593504
2020-05-01 06:00:00,606,778.0,1808.0,1890.0,1548.5404905098226,1655.0244804047181
2020-05-01 07:00:00,896,606.0,2604.0,3284.0,1973.514214909042,1485.4434848111655
2020-05-01 08:00:00,2510,896.0,3392.0,3977.0,2580.5344861093026,2009.6657857142861
2020-05-01 09:00:00,3412,2510.0,3611.0,4282.0,3828.281331581526,3583.4570379620377
2020-05-01 10:00:00,3999,3412.0,3434.0,4210.0,3946.519476570059,3667.703413589335
2020-05-01 11:00:00,4086,3999.0,3449.0,4233.0,4068.6635614729867,3964.4367604470817
2020-05-01 12:00:00,3847,4086.0,3275.0,4223.0,3848.940059564642,3768.518712067465
2020-05-01 13:00:00,3583,3847.0,3206.0,4130.0,3589.9319484593702,3588.7418900769553
2020-05-01 14:00:00,3297,3583.0,3145.0,3820.0,3408.3251764823335,3371.197609425952
2020-05-01 15:00:00,3043,3297.0,3001.0,3647.0,3214.3690334517582,3106.852578963901
2020-05-01 16:00:00,2805,3043.0,3074.0,3609.0,3111.206177679228,2947.6150524217283
2020-05-01 17:00:00,2645,2805.0,3016.0,3828.0,3036.418940588188,2935.1677865156066
2020-05-01 18:00:00,2724,2645.0,3147.0,4364.0,3230.7681125188074,2812.9054811505275
2020-05-01 19:00:00,2798,2724.0,3186.0,4512.0,3239.5935995225545,2846.7061687537207
2020-05-01 20:00:00,2427,2798.0,2807.0,4169.0,3074.0660865987747,2733.139647181341
2020-05-01 21:00:00,2049,2427.0,2332.0,3220.0,2465.3839887969357,2187.2069278725658
2020-05-01 22:00:00,1917,2049.0,2095.0,2603.0,2067.4041472132394,2017.3352061403502
2020-05-01 23:00:00,1749,1917.0,1822.0,2098.0,1859.3476214906507,1892.9852763437482
2020-05-02 00:00:00,1949,1749.0,1541.0,1735.0,1333.4458267496555,1518.9667835063321
2020-05-02 01:00:00,1584,1949.0,1467.0,1701.0,1470.9803659166596,1467.3178694444443
2020-05-02 02:00:00,790,1584.0,917.0,1687.0,1143.1370388053135,1016.1815829749104
2020-05-02 03:00:00,835,790.0,311.0,1379.0,713.187948403707,846.5321578947369
2020-05-02 04:00:00,1151,835.0,906.0,1117.0,925.675495601359,973.5298041438016
2020-05-02 05:00:00,827,1151.0,778.0,1347.0,1178.2851254249038,1263.8166239728012
2020-05-02 06:00:00,599,827.0,606.0,1205.0,1093.3169185551333,883.6389192791192
2020-05-02 07:00:00,1679,599.0,896.0,1536.0,1146.9652075459294,1260.3772616624951
2020-05-02 08:00:00,2509,1679.0,2510.0,2915.0,2612.874845871471,2675.7761584258046
2020-05-02 09:00:00,3512,2509.0,3412.0,4059.0,3419.834847743996,3482.704704678362
2020-05-02 10:00:00,3896,3512.0,3999.0,4444.0,4099.679749073914,3816.622595238094
2020-05-02 11:00:00,3860,3896.0,4086.0,4637.0,4102.07649563929,3838.928596045765
2020-05-02 12:00:00,3421,3860.0,3847.0,4589.0,3753.8071856401584,3634.4548216829317
2020-05-02 13:00:00,3268,3421.0,3583.0,4222.0,3333.721207903023,3323.5954157615924
2020-05-02 14:00:00,3211,3268.0,3297.0,3964.0,3241.540404572371,3082.788910324137
2020-05-02 15:00:00,2970,3211.0,3043.0,3853.0,3127.1503179236215,3027.456617709532
2020-05-02 16:00:00,2755,2970.0,2805.0,3716.0,2915.9425306239286,2789.02700660453
2020-05-02 17:00:00,2758,2755.0,2645.0,3755.0,2797.451837364554,2864.674123333746
2020-05-02 18:00:00,2892,2758.0,2724.0,4194.0,3017.0545082384406,2884.750068633648
2020-05-02 19:00:00,2960,2892.0,2798.0,4348.0,3100.4259008078625,2846.977437989038
2020-05-02 20:00:00,2866,2960.0,2427.0,4036.0,2959.7426737999886,2802.1184511194097
2020-05-02 21:00:00,2191,2866.0,2049.0,3309.0,2528.7897082844875,2413.5302352130325
2020-05-02 22:00:00,1929,2191.0,1917.0,2493.0,1988.9772899108239,1969.5377236686393
2020-05-02 23:00:00,1907,1929.0,1749.0,1701.0,1676.2551544858093,1736.1271626957375
2020-05-03 00:00:00,1964,1907.0,1949.0,1629.0,1435.8045842837244,1715.7386562049062
2020-05-03 01:00:00,1968,1964.0,1584.0,1809.0,1398.0431319019192,1612.2829523809526
2020-05-03 02:00:00,996,1968.0,790.0,1673.0,1228.9280888637397,1172.6181214003389
2020-05-03 03:00:00,427,996.0,835.0,857.0,665.927001655152,833.4499863027539
2020-05-03 04:00:00,507,427.0,1151.0,646.0,542.1125523007825,796.2145173090998
2020-05-03 05:00:00,1076,507.0,827.0,1211.0,814.9994492121659,937.1956319073086
2020-05-03 06:00:00,751,1076.0,599.0,1008.0,1351.8251214021034,1503.4610873015874
2020-05-03 07:00:00,871,751.0,1679.0,1044.0,1247.615965725921,1074.4824180035384
2020-05-03 08:00:00,2104,871.0,2509.0,2547.0,1888.8532261809619,1983.9767316017303
2020-05-03 09:00:00,3219,2104.0,3512.0,3921.0,3351.404022234018,3314.0249591111497
2020-05-03 10:00:00,3950,3219.0,3896.0,4575.0,4083.2602112330933,3747.971494235375
2020-05-03 11:00:00,4031,3950.0,3860.0,4793.0,4274.359571380743,4003.410050281955
2020-05-03 12:00:00,3910,4031.0,3421.0,4463.0,3890.4537709022497,3755.5041993400787
2020-05-03 13:00:00,3529,3910.0,3268.0,4184.0,3572.69240218606,3683.5122672367625
2020-05-03 14:00:00,3197,3529.0,3211.0,4005.0,3386.5678953288375,3321.734771421511
2020-05-03 15:00:00,2962,3197.0,2970.0,3427.0,3078.7968202433194,2953.250147590277
2020-05-03 16:00:00,2953,2962.0,2755.0,3154.0,2864.1694933452495,2729.1832757524785
2020-05-03 17:00:00,3034,2953.0,2758.0,3348.0,2901.975157429216,3004.33677643103
2020-05-03 18:00:00,3285,3034.0,2892.0,4030.0,3163.061918475405,3136.855468459176
2020-05-03 19:00:00,3137,3285.0,2960.0,4656.0,3585.6547063170824,3314.4514161230686
2020-05-03 20:00:00,3180,3137.0,2866.0,4371.0,3196.3095376483657,2925.5321829576437
2020-05-03 21:00:00,2363,3180.0,2191.0,3263.0,2804.3327260950828,2694.8697196474795
2020-05-03 22:00:00,1846,2363.0,1929.0,2414.0,2096.6314330010955,2034.9046646420495
2020-05-03 23:00:00,1907,1846.0,1907.0,1906.0,1770.9155110467495,1773.454921872381
2020-05-04 00:00:00,1305,1907.0,1964.0,1252.0,1560.4174386447075,1603.031034724773
2020-05-04 01:00:00,1572,1305.0,1968.0,1323.0,1273.7329020007946,1461.964386897661
2020-05-04 02:00:00,1283,1572.0,996.0,1328.0,1394.2617207981878,1196.774126841475
2020-05-04 03:00:00,427,1283.0,427.0,994.0,961.7444847242448,738.4712548327341
2020-05-04 04:00:00,503,427.0,507.0,655.0,622.8100835236901,658.0016574569221
2020-05-04 05:00:00,1261,503.0,1076.0,1539.0,1128.0967562939552,1175.6554708361818
2020-05-04 06:00:00,1901,1261.0,751.0,2217.0,1998.1885080730149,2142.8391720578193
2020-05-04 07:00:00,2680,1901.0,871.0,2943.0,2422.476504433429,2945.8572467532476
2020-05-04 08:00:00,3605,2680.0,2104.0,3791.0,3185.079067086553,3403.3819602191197
2020-05-04 09:00:00,3403,3605.0,3219.0,4138.0,3947.701302193324,3770.054396212982
2020-05-04 10:00:00,3448,3403.0,3950.0,4077.0,3595.1634104270197,3308.3162225430924
2020-05-04 11:00:00,3192,3448.0,4031.0,4106.0,3644.508271206053,3252.2865006311317
2020-05-04 12:00:00,3223,3192.0,3910.0,4135.0,3453.154358855463,3067.126472847422
2020-05-04 13:00:00,3372,3223.0,3529.0,3903.0,3394.9430978503883,3122.1539614195963
2020-05-04 14:00:00,2837,3372.0,3197.0,3674.0,3352.1780480247216,3223.5826208066655
2020-05-04 15:00:00,2945,2837.0,2962.0,3498.0,2935.4038579514063,2771.030062686197
2020-05-04 16:00:00,2992,2945.0,2953.0,3398.0,3066.620885015397,2852.869872589885
2020-05-04 17:00:00,3064,2992.0,3034.0,3628.0,3076.7146619543773,3066.421011337673
2020-05-04 18:00:00,3193,3064.0,3285.0,4154.0,3319.348961801043,3226.784615921933
2020-05-04 19:00:00,3360,3193.0,3137.0,4245.0,3367.7900681978585,3228.210574688632
2020-05-04 20:00:00,3463,3360.0,3180.0,3948.0,3363.5360419618346,3186.931991408475
2020-05-04 21:00:00,2776,3463.0,2363.0,3208.0,2996.3498991349643,2836.7001065166555
2020-05-04 22:00:00,2624,2776.0,1846.0,2633.0,2296.062570966467,2349.403933621933
2020-05-04 23:00:00,2309,2624.0,1907.0,2039.0,2141.7377934205915,2043.064914141414
2020-05-05 00:00:00,1504,2309.0,1305.0,1483.0,1492.339783384437,1581.8947996031743
2020-05-05 01:00:00,1498,1504.0,1572.0,1426.0,1172.1320279207878,1400.4280648228314
2020-05-05 02:00:00,1251,1498.0,1283.0,1493.0,1256.55560482629,1321.735847394951
2020-05-05 03:00:00,555,1251.0,427.0,1227.0,931.1523123642758,762.7718088957544
2020-05-05 04:00:00,706,555.0,503.0,845.0,654.5269466171153,669.4027543230577
2020-05-05 05:00:00,1493,706.0,1261.0,1590.0,1164.1048345341558,1369.564743964199
2020-05-05 06:00:00,2022,1493.0,1901.0,2215.0,2129.0381421529014,2242.4574099252177
2020-05-05 07:00:00,2830,2022.0,2680.0,2949.0,2702.277406152908,2897.2916126763384
2020-05-05 08:00:00,3761,2830.0,3605.0,3704.0,3477.650057185715,3372.550771026411
2020-05-05 09:00:00,4096,3761.0,3403.0,4106.0,4025.271572948001,3766.679047027047
2020-05-05 10:00:00,3930,4096.0,3448.0,3929.0,3952.8833758685355,3859.4991585699977
2020-05-05 11:00:00,3752,3930.0,3192.0,3731.0,3568.4958898525215,3669.7839574204513
2020-05-05 12:00:00,3811,3752.0,3223.0,3666.0,3467.039939534889,3544.16198460839
2020-05-05 13:00:00,3979,3811.0,3372.0,3655.0,3569.869240539185,3554.073173301457
2020-05-05 14:00:00,3534,3979.0,2837.0,3289.0,3506.963471923285,3649.06697877727
2020-05-05 15:00:00,3358,3534.0,2945.0,3158.0,3191.2228899689494,3322.595613294586
2020-05-05 16:00:00,3215,3358.0,2992.0,3143.0,3162.050734065193,3173.591360342407
2020-05-05 17:00:00,3184,3215.0,3064.0,2931.0,3022.248233441544,3249.9400124055833
2020-05-05 18:00:00,3429,3184.0,3193.0,3242.0,3148.9216500132025,3265.588015646383
2020-05-05 19:00:00,3552,3429.0,3360.0,3217.0,3413.1865213787314,3408.34711904762
2020-05-05 20:00:00,3594,3552.0,3463.0,2948.0,3251.116508045342,3420.130817977472
2020-05-05 21:00:00,3044,3594.0,2776.0,2325.0,2928.2715880158444,3069.99321111111
2020-05-05 22:00:00,2469,3044.0,2624.0,2131.0,2509.6281475485725,2587.8511244877272
2020-05-05 23:00:00,1903,2469.0,2309.0,1909.0,2132.0833731938665,1914.8725308133899
2020-05-06 00:00:00,1233,1903.0,1504.0,1688.0,1520.6081267391105,1423.7385355763515
2020-05-06 01:00:00,1185,1233.0,1498.0,1622.0,1257.1890458875575,1372.6579126446857
2020-05-06 02:00:00,1137,1185.0,1251.0,1106.0,1156.8181005671436,1162.456266745538
2020-05-06 03:00:00,498,1137.0,555.0,404.0,811.8976911700984,787.8491904761904
2020-05-06 04:00:00,162,498.0,706.0,1037.0,820.2229279936682,664.3417014955475
2020-05-06 05:00:00,1319,162.0,1493.0,1464.0,1014.9093061359906,1312.698916856662
2020-05-06 06:00:00,2172,1319.0,2022.0,2021.0,2290.6704827169715,2270.302202380952
2020-05-06 07:00:00,2892,2172.0,2830.0,2652.0,2822.349834996728,3097.239017080745
2020-05-06 08:00:00,3759,2892.0,3761.0,3440.0,3477.8366510580354,3615.36311748428
2020-05-06 09:00:00,4108,3759.0,4096.0,3608.0,4038.6594116261554,3864.1175533910537
2020-05-06 10:00:00,3925,4108.0,3930.0,3571.0,4026.858286036118,3895.7244827440127
2020-05-06 11:00:00,3679,3925.0,3752.0,3336.0,3676.000670283668,3682.0844294337962
2020-05-06 12:00:00,3482,3679.0,3811.0,3367.0,3558.7691151161516,3461.8672969549425
2020-05-06 13:00:00,3422,3482.0,3979.0,3201.0,3474.6463024103946,3316.9253644938553
2020-05-06 14:00:00,3547,3422.0,3534.0,2989.0,3323.2270978561864,3256.710637384417
2020-05-06 15:00:00,3333,3547.0,3358.0,2799.0,3300.0971288689834,3320.8494114320893
2020-05-06 16:00:00,3215,3333.0,3215.0,2682.0,3065.677109570764,3216.5568864603306
2020-05-06 17:00:00,3297,3215.0,3184.0,2794.0,3044.6885897818015,3266.5636533310185
2020-05-06 18:00:00,3571,3297.0,3429.0,3133.0,3263.8508980364227,3352.119669882051
2020-05-06 19:00:00,3857,3571.0,3552.0,3115.0,3520.1406233478847,3659.5298806935807
2020-05-06 20:00:00,3733,3857.0,3594.0,3195.0,3567.3796076476865,3751.89323568738
2020-05-06 21:00:00,3183,3733.0,3044.0,2606.0,3072.1869674484697,3208.028356794
2020-05-06 22:00:00,2778,3183.0,2469.0,2316.0,2559.710301118842,2624.861997929607
2020-05-06 23:00:00,2013,2778.0,1903.0,2184.0,2262.7572574211795,2054.115202380952
2020-05-07 00:00:00,1298,2013.0,1233.0,1265.0,1325.297195989688,1273.7677619047618
2020-05-07 01:00:00,1209,1298.0,1185.0,1381.0,1104.2082999787897,1302.3184298860654
2020-05-07 02:00:00,1185,1209.0,1137.0,1139.0,1103.336108402918,1169.240684158817
2020-05-07 03:00:00,999,1185.0,498.0,415.0,780.0811514715517,797.7107218045113
2020-05-07 04:00:00,427,999.0,162.0,757.0,770.5636483375972,630.3427780510748
2020-05-07 05:00:00,991,427.0,1319.0,1400.0,985.6350422827365,1239.1758587078277
2020-05-07 06:00:00,2221,991.0,2172.0,1808.0,1937.335375166048,2115.2595415140413
2020-05-07 07:00:00,2935,2221.0,2892.0,2604.0,2971.7352630581267,3195.579166233767
2020-05-07 08:00:00,3672,2935.0,3759.0,3392.0,3501.424534667757,3657.564305194807
2020-05-07 09:00:00,3726,3672.0,4108.0,3611.0,3933.9881488493697,3809.4087830209014
2020-05-07 10:00:00,3722,3726.0,3925.0,3434.0,3684.0903641976106,3548.8166301266833
2020-05-07 11:00:00,3647,3722.0,3679.0,3449.0,3536.442552608152,3566.646780094334
2020-05-07 12:00:00,3613,3647.0,3482.0,3275.0,3402.185954330247,3399.826103566308
2020-05-07 13:00:00,3736,3613.0,3422.0,3206.0,3388.1524487621905,3370.3225565813605
2020-05-07 14:00:00,3551,3736.0,3547.0,3145.0,3502.888154096935,3498.2009239971185
2020-05-07 15:00:00,3325,3551.0,3333.0,3001.0,3278.2045725993557,3326.269084319612
2020-05-07 16:00:00,3265,3325.0,3215.0,3074.0,3194.5177592627515,3193.2397437605064
2020-05-07 17:00:00,3465,3265.0,3297.0,3016.0,3162.1529649698514,3324.9959215664076
2020-05-07 18:00:00,3854,3465.0,3571.0,3147.0,3420.2266578473796,3511.5224427655685
2020-05-07 19:00:00,4020,3854.0,3857.0,3186.0,3713.335426660554,3787.430075464084
2020-05-07 20:00:00,3795,4020.0,3733.0,2807.0,3557.3989621955025,3706.607611438482
2020-05-07 21:00:00,3144,3795.0,3183.0,2332.0,3021.260718514076,3226.3163376623374
2020-05-07 22:00:00,2738,3144.0,2778.0,2095.0,2546.5860433382263,2668.513765010351
2020-05-07 23:00:00,2058,2738.0,2013.0,1822.0,2192.463384256062,2101.189537702394
2020-05-08 00:00:00,1355,2058.0,1298.0,1541.0,1503.9648459136356,1319.654880952381
2020-05-08 01:00:00,1437,1355.0,1209.0,1467.0,1213.0166972441123,1284.5751798860654
2020-05-08 02:00:00,1510,1437.0,1185.0,917.0,1232.6634145584987,1255.9100007462346
2020-05-08 03:00:00,1228,1510.0,999.0,311.0,1043.3023889912713,975.972261904762
2020-05-08 04:00:00,649,1228.0,427.0,906.0,979.8561716901033,674.767573730415
2020-05-08 05:00:00,1246,649.0,991.0,778.0,891.2491167074859,871.0617046499926
2020-05-08 06:00:00,2297,1246.0,2221.0,606.0,1727.8910677029637,1641.2199378939383
2020-05-08 07:00:00,3233,2297.0,2935.0,896.0,2518.610227997424,3202.0893253968256
2020-05-08 08:00:00,3912,3233.0,3672.0,2510.0,3466.2559616269627,3658.149583405158
2020-05-08 09:00:00,4051,3912.0,3726.0,3412.0,3932.86432607387,3844.9458722527474
2020-05-08 10:00:00,4032,4051.0,3722.0,3999.0,3985.191392492675,3798.0518243228667
2020-05-08 11:00:00,3812,4032.0,3647.0,4086.0,3895.77460545358,3757.1001168600023
2020-05-08 12:00:00,3665,3812.0,3613.0,3847.0,3711.7579561828825,3586.9558228570786
2020-05-08 13:00:00,3679,3665.0,3736.0,3583.0,3646.253675458908,3484.6687305623873
2020-05-08 14:00:00,3588,3679.0,3551.0,3297.0,3534.653004478756,3451.3867670764394
2020-05-08 15:00:00,3480,3588.0,3325.0,3043.0,3337.3040531989186,3421.938476530774
2020-05-08 16:00:00,3457,3480.0,3265.0,2805.0,3225.4784572293706,3244.544362005788
2020-05-08 17:00:00,3561,3457.0,3465.0,2645.0,3171.67177753387,3496.6976144393248
2020-05-08 18:00:00,3836,3561.0,3854.0,2724.0,3371.654259601948,3660.63728597612
2020-05-08 19:00:00,3922,3836.0,4020.0,2798.0,3590.378011598499,3831.387796536797
2020-05-08 20:00:00,3822,3922.0,3795.0,2427.0,3358.9541960795596,3664.4106248921344
2020-05-08 21:00:00,3368,3822.0,3144.0,2049.0,2978.88359201796,3226.3248614718614
2020-05-08 22:00:00,2952,3368.0,2738.0,1917.0,2622.902230013244,2752.939198179272
2020-05-08 23:00:00,2618,2952.0,2058.0,1749.0,2283.3048087185684,2164.8209154456654
2020-05-09 00:00:00,1920,2618.0,1355.0,1949.0,1795.892625866737,1630.1890257936507
2020-05-09 01:00:00,1734,1920.0,1437.0,1584.0,1407.6410490450025,1370.0571825396823
2020-05-09 02:00:00,1915,1734.0,1510.0,790.0,1232.2742347081353,1453.386929181929
2020-05-09 03:00:00,1291,1915.0,1228.0,835.0,1330.5658464780759,1265.1575833333334
2020-05-09 04:00:00,683,1291.0,649.0,1151.0,1003.6385394676961,735.3843596958598
2020-05-09 05:00:00,951,683.0,1246.0,827.0,886.7632478167332,943.6746522645168
2020-05-09 06:00:00,1485,951.0,2297.0,599.0,1509.590751737579,1199.8961190476189
2020-05-09 07:00:00,1924,1485.0,3233.0,1679.0,2241.8368405274714,2033.7516912726655
2020-05-09 08:00:00,3148,1924.0,3912.0,2509.0,2784.1662102587966,2797.0166997526935
2020-05-09 09:00:00,4230,3148.0,4051.0,3512.0,3874.7002367741543,3958.76094047619
2020-05-09 10:00:00,4375,4230.0,4032.0,3896.0,4412.730325233049,4298.665770833333
2020-05-09 11:00:00,4379,4375.0,3812.0,3860.0,4113.188749866336,4095.3347827186412
2020-05-09 12:00:00,4194,4379.0,3665.0,3421.0,3781.804751963491,4007.6483447419237
2020-05-09 13:00:00,3751,4194.0,3679.0,3268.0,3636.8448989445487,3910.1867990997034
2020-05-09 14:00:00,3639,3751.0,3588.0,3211.0,3429.0875389798107,3514.716383169761
2020-05-09 15:00:00,3460,3639.0,3480.0,2970.0,3342.830530447396,3440.434377138671
2020-05-09 16:00:00,3400,3460.0,3457.0,2755.0,3162.692687694294,3153.644489491841
2020-05-09 17:00:00,3554,3400.0,3561.0,2758.0,3138.027996683754,3503.256462301588
2020-05-09 18:00:00,3732,3554.0,3836.0,2892.0,3373.002700205282,3677.420396536796
2020-05-09 19:00:00,3803,3732.0,3922.0,2960.0,3476.225057740265,3754.247226845618
2020-05-09 20:00:00,3571,3803.0,3822.0,2866.0,3351.044958925292,3588.6513599818554
2020-05-09 21:00:00,3088,3571.0,3368.0,2191.0,2904.0693250987533,3171.569183333332
2020-05-09 22:00:00,2866,3088.0,2952.0,1929.0,2492.9785167931705,2653.9120440797938
2020-05-09 23:00:00,2385,2866.0,2618.0,1907.0,2345.8895068374,2282.482053136045
2020-05-10 00:00:00,1762,2385.0,1920.0,1964.0,1773.2917589649655,1832.740472441289
2020-05-10 01:00:00,1495,1762.0,1734.0,1968.0,1493.6692285657819,1644.8913724951522
2020-05-10 02:00:00,1597,1495.0,1915.0,996.0,1235.4744335759563,1439.122909340659
2020-05-10 03:00:00,1078,1597.0,1291.0,427.0,1104.0154929764465,1166.6147499999997
2020-05-10 04:00:00,576,1078.0,683.0,507.0,803.2079780402171,657.0513677988679
2020-05-10 05:00:00,1134,576.0,951.0,1076.0,872.3522008917796,958.0073940436467
2020-05-10 06:00:00,1191,1134.0,1485.0,751.0,1567.8877910120912,1289.3196507936514
2020-05-10 07:00:00,1385,1191.0,1924.0,871.0,1531.2310830554277,1242.6351857142859
2020-05-10 08:00:00,2590,1385.0,3148.0,2104.0,2181.1317680863067,2293.2082220160796
2020-05-10 09:00:00,3738,2590.0,4230.0,3219.0,3590.094269494833,3720.5080488505746
2020-05-10 10:00:00,4130,3738.0,4375.0,3950.0,4297.399378223348,4033.8701035353524
2020-05-10 11:00:00,4020,4130.0,4379.0,4031.0,4227.161030159432,4085.615493894995
2020-05-10 12:00:00,3913,4020.0,4194.0,3910.0,3867.293621250082,3825.6434776511214
2020-05-10 13:00:00,3619,3913.0,3751.0,3529.0,3610.344062393622,3724.9443147568895
2020-05-10 14:00:00,3468,3619.0,3639.0,3197.0,3355.957841295245,3334.9776278220897
2020-05-10 15:00:00,3106,3468.0,3460.0,2962.0,3199.7564434200267,3186.8098718084566
2020-05-10 16:00:00,2741,3106.0,3400.0,2953.0,2975.536263352182,2935.9058408362703
2020-05-10 17:00:00,2816,2741.0,3554.0,3034.0,2844.603282935118,2879.9079636708443
2020-05-10 18:00:00,3121,2816.0,3732.0,3285.0,3089.851160365106,3034.522924824302
2020-05-10 19:00:00,3229,3121.0,3803.0,3137.0,3202.4178769141326,3244.9485039682545
2020-05-10 20:00:00,2947,3229.0,3571.0,3180.0,3107.479993630713,3118.8232381397324
2020-05-10 21:00:00,2212,2947.0,3088.0,2363.0,2542.992864220726,2609.123738353459
2020-05-10 22:00:00,2083,2212.0,2866.0,1846.0,1998.5999357264045,1989.91901100063
2020-05-10 23:00:00,1823,2083.0,2385.0,1907.0,1923.2639755781693,1916.795939037248
2020-05-11 00:00:00,1561,1823.0,1762.0,1305.0,1323.9518187805854,1580.455185903608
2020-05-11 01:00:00,1473,1561.0,1495.0,1572.0,1283.6258374177053,1375.145009949034
2020-05-11 02:00:00,1091,1473.0,1597.0,1283.0,1217.2805448402366,1376.7706420590298
2020-05-11 03:00:00,539,1091.0,1078.0,427.0,799.0195773961011,729.4665148833328
2020-05-11 04:00:00,1130,539.0,576.0,503.0,600.7312894987447,507.7878323030043
2020-05-11 05:00:00,1530,1130.0,1134.0,1261.0,1387.8013427045523,1405.513345238095
2020-05-11 06:00:00,1912,1530.0,1191.0,1901.0,1920.6528815913375,1873.5980162337662
2020-05-11 07:00:00,2810,1912.0,1385.0,2680.0,2250.166402383022,2988.440346654964
2020-05-11 08:00:00,3436,2810.0,2590.0,3605.0,3252.0027063459356,3517.1248989193077
2020-05-11 09:00:00,3644,3436.0,3738.0,3403.0,3611.3586683502854,3646.8514230769238
2020-05-11 10:00:00,3674,3644.0,4130.0,3448.0,3628.4267707799063,3477.5758231846603
2020-05-11 11:00:00,3431,3674.0,4020.0,3192.0,3449.938783120322,3412.95123256467
2020-05-11 12:00:00,3376,3431.0,3913.0,3223.0,3260.752605626525,3304.707611877563
2020-05-11 13:00:00,3292,3376.0,3619.0,3372.0,3296.3744337661865,3238.8609286172764
2020-05-11 14:00:00,3100,3292.0,3468.0,2837.0,3059.279150863312,3029.9832990735
2020-05-11 15:00:00,2884,3100.0,3106.0,2945.0,2948.4223620334346,2979.6674296750057
2020-05-11 16:00:00,2835,2884.0,2741.0,2992.0,2799.21707625663,2806.9536790108396
2020-05-11 17:00:00,3017,2835.0,2816.0,3064.0,2800.4641524729504,2988.3758188164397
2020-05-11 18:00:00,3253,3017.0,3121.0,3193.0,3115.332701895711,3174.58744289714
2020-05-11 19:00:00,3347,3253.0,3229.0,3360.0,3223.568965822912,3262.8955714285717
2020-05-11 20:00:00,3237,3347.0,2947.0,3463.0,3181.911575989692,3142.6755341188273
2020-05-11 21:00:00,2762,3237.0,2212.0,2776.0,2652.1496503461008,2739.8362142857145
2020-05-11 22:00:00,2781,2762.0,2083.0,2624.0,2358.4782225786294,2441.0872042796386
2020-05-11 23:00:00,2218,2781.0,1823.0,2309.0,2283.118739556857,2188.3497770119748
2020-05-12 00:00:00,1668,2218.0,1561.0,1504.0,1475.3783342620147,1610.8363452380954
2020-05-12 01:00:00,1377,1668.0,1473.0,1498.0,1258.0344575086142,1483.5276858259278
2020-05-12 02:00:00,915,1377.0,1091.0,1251.0,1068.3389424867917,1215.707308674516
2020-05-12 03:00:00,619,915.0,539.0,555.0,646.5173348431242,626.4756597179313
2020-05-12 04:00:00,634,619.0,1130.0,706.0,737.0712442108368,843.8463507936509
2020-05-12 05:00:00,1187,634.0,1530.0,1493.0,1080.3258816174236,1416.735511987649
2020-05-12 06:00:00,2024,1187.0,1912.0,2022.0,1936.5416978558162,2022.8850199264532
2020-05-12 07:00:00,3017,2024.0,2810.0,2830.0,2826.1892420429353,2977.4620714285716
2020-05-12 08:00:00,3571,3017.0,3436.0,3761.0,3644.9658891622585,3511.486092342027
2020-05-12 09:00:00,4103,3571.0,3644.0,4096.0,3880.79165288045,3687.0331839377327
2020-05-12 10:00:00,4149,4103.0,3674.0,3930.0,4042.0339747554253,3990.659813565611
2020-05-12 11:00:00,3798,4149.0,3431.0,3752.0,3816.29190302089,3811.0295555776065
2020-05-12 12:00:00,3769,3798.0,3376.0,3811.0,3535.4344955034153,3593.451297277501
2020-05-12 13:00:00,3899,3769.0,3292.0,3979.0,3635.1168984179376,3553.201680223639
2020-05-12 14:00:00,3491,3899.0,3100.0,3534.0,3558.575306915031,3628.363982502302
2020-05-12 15:00:00,3092,3491.0,2884.0,3358.0,3219.919865987306,3229.6988832328707
2020-05-12 16:00:00,3283,3092.0,2835.0,3215.0,3028.557929095263,2936.260866743454
2020-05-12 17:00:00,3328,3283.0,3017.0,3184.0,3227.5549910696054,3245.7399668267894
2020-05-12 18:00:00,3502,3328.0,3253.0,3429.0,3313.0435841392177,3305.5370671784976
2020-05-12 19:00:00,3605,3502.0,3347.0,3552.0,3445.9889630876974,3501.431424447556
2020-05-12 20:00:00,3424,3605.0,3237.0,3594.0,3443.087902224155,3488.449017162192
2020-05-12 21:00:00,2949,3424.0,2762.0,3044.0,3014.4611195220323,2882.8078579109056
2020-05-12 22:00:00,2745,2949.0,2781.0,2469.0,2599.5004898284888,2607.048603611008
2020-05-12 23:00:00,2400,2745.0,2218.0,1903.0,2275.5793150121895,2108.3951723566297
2020-05-13 00:00:00,1817,2400.0,1668.0,1233.0,1624.0458936124978,1582.4269404761906
2020-05-13 01:00:00,1485,1817.0,1377.0,1185.0,1321.278154226101,1373.0963252164502
2020-05-13 02:00:00,1209,1485.0,915.0,1137.0,1172.5834669993892,1189.550888888889
2020-05-13 03:00:00,881,1209.0,619.0,498.0,892.2447331135186,815.8675668147642
2020-05-13 04:00:00,918,881.0,634.0,162.0,706.3182999232124,627.1727335505134
2020-05-13 05:00:00,1144,918.0,1187.0,1319.0,1171.0063059985594,1277.0146443643114
2020-05-13 06:00:00,1978,1144.0,2024.0,2172.0,1851.0183064082585,2100.895562059228
2020-05-13 07:00:00,2935,1978.0,3017.0,2892.0,2788.457952052768,3032.177182539684
2020-05-13 08:00:00,3526,2935.0,3571.0,3759.0,3642.1433226711865,3644.2716530241787
2020-05-13 09:00:00,3722,3526.0,4103.0,4108.0,4007.0182603919284,3708.1928239538233
2020-05-13 10:00:00,3852,3722.0,4149.0,3925.0,3926.8885595703664,3598.838963133061
2020-05-13 11:00:00,3919,3852.0,3798.0,3679.0,3813.7079916168836,3643.4362400223927
2020-05-13 12:00:00,3805,3919.0,3769.0,3482.0,3713.9303602873615,3646.575968960872
2020-05-13 13:00:00,4013,3805.0,3899.0,3422.0,3606.2336911855245,3585.254137827254
2020-05-13 14:00:00,3736,4013.0,3491.0,3547.0,3769.1911943200985,3707.7764001642495
2020-05-13 15:00:00,3324,3736.0,3092.0,3333.0,3397.247551926146,3471.065929202977
2020-05-13 16:00:00,3294,3324.0,3283.0,3215.0,3224.0068077303185,3141.8916976478604
2020-05-13 17:00:00,3375,3294.0,3328.0,3297.0,3249.1606416908016,3268.8605560546093
2020-05-13 18:00:00,3484,3375.0,3502.0,3571.0,3378.2899784417154,3373.3833166760783
2020-05-13 19:00:00,3516,3484.0,3605.0,3857.0,3570.136872382041,3416.170889886256
2020-05-13 20:00:00,3294,3516.0,3424.0,3733.0,3367.040301120942,3409.051186786187
2020-05-13 21:00:00,2771,3294.0,2949.0,3183.0,2991.290701686722,2922.143167274246
2020-05-13 22:00:00,2411,2771.0,2745.0,2778.0,2555.170489492228,2577.5678126207913
2020-05-13 23:00:00,1895,2411.0,2400.0,2013.0,2178.26819038801,2100.0727309977347
2020-05-14 00:00:00,1684,1895.0,1817.0,1298.0,1426.7884710013784,1569.6239369401665
2020-05-14 01:00:00,1555,1684.0,1485.0,1209.0,1326.3733135188545,1470.0341030612785
2020-05-14 02:00:00,1340,1555.0,1209.0,1185.0,1237.045774846734,1237.1961288712455
2020-05-14 03:00:00,1115,1340.0,881.0,999.0,1062.3495928442555,854.09949411361
2020-05-14 04:00:00,1132,1115.0,918.0,427.0,884.5393324009135,842.631259294627
2020-05-14 05:00:00,1304,1132.0,1144.0,991.0,1123.2019892508463,1076.615797244291
2020-05-14 06:00:00,2225,1304.0,1978.0,2221.0,1925.8755029101749,2136.7360985748073
2020-05-14 07:00:00,3289,2225.0,2935.0,2935.0,2889.3489727892807,3082.339366522366
2020-05-14 08:00:00,3850,3289.0,3526.0,3672.0,3758.4586765711765,3766.677077046549
2020-05-14 09:00:00,3961,3850.0,3722.0,3726.0,3901.4178594130544,3788.5681014957268
2020-05-14 10:00:00,3857,3961.0,3852.0,3722.0,3820.979604720494,3793.092809460783
2020-05-14 11:00:00,3788,3857.0,3919.0,3647.0,3648.504572857878,3631.6475583961746
2020-05-14 12:00:00,3686,3788.0,3805.0,3613.0,3597.051236907694,3573.22039064158
2020-05-14 13:00:00,3676,3686.0,4013.0,3736.0,3626.813038861591,3541.3608701940234
2020-05-14 14:00:00,3527,3676.0,3736.0,3551.0,3534.1973501898906,3505.4220517521903
2020-05-14 15:00:00,3587,3527.0,3324.0,3325.0,3315.9831788600222,3337.523810872929
2020-05-14 16:00:00,3737,3587.0,3294.0,3265.0,3357.6885600377254,3460.128971917446
2020-05-14 17:00:00,3467,3737.0,3375.0,3465.0,3507.878205977711,3706.835992207732
2020-05-14 18:00:00,3706,3467.0,3484.0,3854.0,3467.59992323974,3421.821106838387
2020-05-14 19:00:00,3846,3706.0,3516.0,4020.0,3707.4835646025695,3770.3854725829738
2020-05-14 20:00:00,3789,3846.0,3294.0,3795.0,3631.9362467738465,3608.9645246761897
2020-05-14 21:00:00,3323,3789.0,2771.0,3144.0,3163.082649411763,3266.7194542949146
2020-05-14 22:00:00,3034,3323.0,2411.0,2738.0,2753.9658590626505,2804.393071927282
2020-05-14 23:00:00,2580,3034.0,1895.0,2058.0,2361.3174295407603,2114.196531746031
2020-05-15 00:00:00,2000,2580.0,1684.0,1355.0,1739.3340582811015,1856.778023809524
2020-05-15 01:00:00,1506,2000.0,1555.0,1437.0,1507.613409082367,1498.9634580716493
2020-05-15 02:00:00,1316,1506.0,1340.0,1510.0,1327.0745959363578,1364.8909145962734
2020-05-15 03:00:00,1147,1316.0,1115.0,1228.0,1204.062702886304,1113.5278973547656
2020-05-15 04:00:00,1039,1147.0,1132.0,649.0,1014.6343975943339,951.9318456582632
2020-05-15 05:00:00,1331,1039.0,1304.0,1246.0,1142.771004635254,1202.5803290814217
2020-05-15 06:00:00,2116,1331.0,2225.0,2297.0,2088.3576790238317,2260.362847039755
2020-05-15 07:00:00,3154,2116.0,3289.0,3233.0,3025.6815206754823,3215.3208118309058
2020-05-15 08:00:00,3879,3154.0,3850.0,3912.0,3874.3522032702585,3815.135067460318
2020-05-15 09:00:00,4073,3879.0,3961.0,4051.0,4173.150820295691,3988.734278371629
2020-05-15 10:00:00,3832,4073.0,3857.0,4032.0,4065.1815656720373,3844.180541505178
2020-05-15 11:00:00,3789,3832.0,3788.0,3812.0,3732.097834707346,3610.0366860297217
2020-05-15 12:00:00,3783,3789.0,3686.0,3665.0,3686.430819017729,3603.840560325181
2020-05-15 13:00:00,3713,3783.0,3676.0,3679.0,3645.5482032137597,3604.066888570791
2020-05-15 14:00:00,3700,3713.0,3527.0,3588.0,3571.8686797902083,3547.6653958934185
2020-05-15 15:00:00,3562,3700.0,3587.0,3480.0,3550.739066971594,3534.9322001980054
2020-05-15 16:00:00,3611,3562.0,3737.0,3457.0,3499.4565429146624,3410.455359486904
2020-05-15 17:00:00,3652,3611.0,3467.0,3561.0,3485.6705103373624,3685.5434382547282
2020-05-15 18:00:00,3827,3652.0,3706.0,3836.0,3629.5817540924068,3736.837549156984
2020-05-15 19:00:00,3724,3827.0,3846.0,3922.0,3802.5720957163007,3783.3211545121558
2020-05-15 20:00:00,3557,3724.0,3789.0,3822.0,3620.7632923630667,3617.534971385569
2020-05-15 21:00:00,3078,3557.0,3323.0,3368.0,3284.1120536878075,3210.5327111586
2020-05-15 22:00:00,2714,3078.0,3034.0,2952.0,2875.044584330093,2790.120905319454
2020-05-15 23:00:00,2343,2714.0,2580.0,2618.0,2552.6907726687805,2418.19326984127
2020-05-16 00:00:00,1919,2343.0,2000.0,1920.0,1802.46049887345,1814.5362391208482
2020-05-16 01:00:00,1419,1919.0,1506.0,1734.0,1496.1927825264156,1587.398411255411
2020-05-16 02:00:00,1228,1419.0,1316.0,1915.0,1335.4262588656327,1453.29174967825
2020-05-16 03:00:00,1202,1228.0,1147.0,1291.0,1137.5314823116098,1184.1256577049332
2020-05-16 04:00:00,985,1202.0,1039.0,683.0,977.5647067927187,950.1677083742798
2020-05-16 05:00:00,670,985.0,1331.0,951.0,1034.6918761931754,944.9278935705919
2020-05-16 06:00:00,1307,670.0,2116.0,1485.0,1392.2416021297227,1316.538287443898
2020-05-16 07:00:00,2191,1307.0,3154.0,1924.0,2226.5106588364683,2122.6876625640907
2020-05-16 08:00:00,3484,2191.0,3879.0,3148.0,3198.862663364539,3427.1086868686875
2020-05-16 09:00:00,4238,3484.0,4073.0,4230.0,4232.167817318903,4095.1235992063503
2020-05-16 10:00:00,4349,4238.0,3832.0,4375.0,4402.30345612561,4215.809020833333
2020-05-16 11:00:00,4436,4349.0,3789.0,4379.0,4224.727217273047,4056.501523809522
2020-05-16 12:00:00,4183,4436.0,3783.0,4194.0,4090.7058292500897,4047.042401515151
2020-05-16 13:00:00,3975,4183.0,3713.0,3751.0,3788.7277662541446,3909.215036999492
2020-05-16 14:00:00,3895,3975.0,3700.0,3639.0,3693.7354370144826,3793.032837761734
2020-05-16 15:00:00,3776,3895.0,3562.0,3460.0,3583.274551681699,3687.2875456425936
2020-05-16 16:00:00,3432,3776.0,3611.0,3400.0,3484.5876349134405,3600.3075104668114
2020-05-16 17:00:00,3452,3432.0,3652.0,3554.0,3363.4997479507592,3422.786036689639
2020-05-16 18:00:00,3773,3452.0,3827.0,3732.0,3545.9650710011256,3438.249608247609
2020-05-16 19:00:00,3609,3773.0,3724.0,3803.0,3746.82729523727,3874.7868376623387
2020-05-16 20:00:00,3482,3609.0,3557.0,3571.0,3421.8653274086228,3442.471300701216
2020-05-16 21:00:00,3163,3482.0,3078.0,3088.0,3085.461889060629,2994.651618572409
2020-05-16 22:00:00,2825,3163.0,2714.0,2866.0,2777.1353490359716,2739.4142543759954
2020-05-16 23:00:00,2437,2825.0,2343.0,2385.0,2424.304389950169,2333.0316588061064
2020-05-17 00:00:00,2109,2437.0,1919.0,1762.0,1788.0911881000202,1762.5443356169449
2020-05-17 01:00:00,1746,2109.0,1419.0,1495.0,1518.8972648534143,1524.9821408730154
2020-05-17 02:00:00,1484,1746.0,1228.0,1597.0,1372.170099981581,1496.1910418137902
2020-05-17 03:00:00,1149,1484.0,1202.0,1078.0,1166.1876496987836,1252.7483112215882
2020-05-17 04:00:00,824,1149.0,985.0,576.0,918.4851760192967,829.5729998453925
2020-05-17 05:00:00,797,824.0,670.0,1134.0,942.4811330505847,849.1877800278943
2020-05-17 06:00:00,804,797.0,1307.0,1191.0,1276.7604775114091,1224.5492972972977
2020-05-17 07:00:00,1716,804.0,2191.0,1385.0,1440.1385674162243,1386.0529083614992
2020-05-17 08:00:00,2776,1716.0,3484.0,2590.0,2804.252011381138,2773.6299234866656
2020-05-17 09:00:00,3816,2776.0,4238.0,3738.0,3795.2239635956976,3800.2487781385294
2020-05-17 10:00:00,4241,3816.0,4349.0,4130.0,4353.101825263384,4075.9694920634915
2020-05-17 11:00:00,4612,4241.0,4436.0,4020.0,4311.206435263755,4166.185726190476
2020-05-17 12:00:00,4264,4612.0,4183.0,3913.0,4304.975318677956,4121.618211951447
2020-05-17 13:00:00,4017,4264.0,3975.0,3619.0,3810.2938875622544,3948.937049633278
2020-05-17 14:00:00,3776,4017.0,3895.0,3468.0,3674.734696794033,3754.014981234993
2020-05-17 15:00:00,3500,3776.0,3776.0,3106.0,3449.772124218878,3566.7543782191115
2020-05-17 16:00:00,3401,3500.0,3432.0,2741.0,3156.005188690915,3244.0805666200113
2020-05-17 17:00:00,3467,3401.0,3452.0,2816.0,3131.183811223485,3458.587448717949
2020-05-17 18:00:00,3864,3467.0,3773.0,3121.0,3322.486316721581,3562.0960267857135
2020-05-17 19:00:00,4085,3864.0,3609.0,3229.0,3636.0886512917987,4021.893658797419
2020-05-17 20:00:00,3862,4085.0,3482.0,2947.0,3571.012203116104,3905.6514716609863
2020-05-17 21:00:00,3042,3862.0,3163.0,2212.0,2998.525128586713,3332.6508693066194
2020-05-17 22:00:00,2654,3042.0,2825.0,2083.0,2469.835940710552,2675.00338095238
2020-05-17 23:00:00,2434,2654.0,2437.0,1823.0,2203.767762728625,2172.1081904761904
2020-05-18 00:00:00,1837,2434.0,2109.0,1561.0,1857.2541131926023,1766.9283809523802
2020-05-18 01:00:00,1557,1837.0,1746.0,1473.0,1514.0706342411395,1525.7867086310546
2020-05-18 02:00:00,1189,1557.0,1484.0,1091.0,1328.5283157532415,1396.3933101898106
2020-05-18 03:00:00,863,1189.0,1149.0,539.0,1021.9861120859252,964.2107034632032
2020-05-18 04:00:00,781,863.0,824.0,1130.0,1054.973042093004,911.9505524891777
2020-05-18 05:00:00,1221,781.0,797.0,1530.0,1196.9797025666182,1171.9380737717736
2020-05-18 06:00:00,2377,1221.0,804.0,1912.0,1804.1803507359132,1966.7033729948685
2020-05-18 07:00:00,3166,2377.0,1716.0,2810.0,2933.7688942842246,3410.4024714852344
2020-05-18 08:00:00,3681,3166.0,2776.0,3436.0,3526.545739889394,3748.7435317460313
2020-05-18 09:00:00,3900,3681.0,3816.0,3644.0,3897.0962248016876,3821.5760224636456
2020-05-18 10:00:00,3914,3900.0,4241.0,3674.0,3991.18264903884,3836.477604234491
2020-05-18 11:00:00,3899,3914.0,4612.0,3431.0,3901.6349492754625,3782.565146450735
2020-05-18 12:00:00,3831,3899.0,4264.0,3376.0,3673.2176154641984,3742.577440348101
2020-05-18 13:00:00,3844,3831.0,4017.0,3292.0,3633.959579812162,3563.250588646051
2020-05-18 14:00:00,3663,3844.0,3776.0,3100.0,3552.795478585536,3563.5746236590708
2020-05-18 15:00:00,3497,3663.0,3500.0,2884.0,3363.615131527276,3444.443184809728
2020-05-18 16:00:00,3407,3497.0,3401.0,2835.0,3274.7700719576983,3287.209044208338
2020-05-18 17:00:00,3671,3407.0,3467.0,3017.0,3274.3197227019964,3498.718473214287
2020-05-18 18:00:00,4216,3671.0,3864.0,3253.0,3659.0585943475776,3855.0953463203464
2020-05-18 19:00:00,4576,4216.0,4085.0,3347.0,4050.299533548478,4370.394395092873
2020-05-18 20:00:00,4367,4576.0,3862.0,3237.0,4004.7747693248084,4232.214407563025
2020-05-18 21:00:00,3756,4367.0,3042.0,2762.0,3399.4284116792132,3665.243510376879
2020-05-18 22:00:00,3187,3756.0,2654.0,2781.0,2999.4725446416437,2967.03823015873
2020-05-18 23:00:00,2329,3187.0,2434.0,2218.0,2547.0679145265863,2366.0293928571427
2020-05-19 00:00:00,1587,2329.0,1837.0,1668.0,1673.0520674900517,1621.6669792960665
2020-05-19 01:00:00,1615,1587.0,1557.0,1377.0,1296.1697727153414,1458.243117201425
2020-05-19 02:00:00,1716,1615.0,1189.0,915.0,1261.0123015589318,1314.482518903972
2020-05-19 03:00:00,1136,1716.0,863.0,619.0,1161.2226351738516,1199.8742579365082
2020-05-19 04:00:00,947,1136.0,781.0,634.0,915.845534586924,784.9182211184334
2020-05-19 05:00:00,1525,947.0,1221.0,1187.0,1159.2505303263717,1229.137927388835
2020-05-19 06:00:00,2167,1525.0,2377.0,2024.0,2262.9213300261163,2469.8109659353977
2020-05-19 07:00:00,3362,2167.0,3166.0,3017.0,2964.061434596112,3242.3383358193737
2020-05-19 08:00:00,4216,3362.0,3681.0,3571.0,3901.336368607407,3854.73692857143
2020-05-19 09:00:00,4767,4216.0,3900.0,4103.0,4361.489731676418,4189.035577175699
2020-05-19 10:00:00,4725,4767.0,3914.0,4149.0,4520.810181809245,4215.120981937603
2020-05-19 11:00:00,4479,4725.0,3899.0,3798.0,4205.114829222425,3997.701083333333
2020-05-19 12:00:00,4392,4479.0,3831.0,3769.0,3990.488129285911,3934.015345238095
2020-05-19 13:00:00,4137,4392.0,3844.0,3899.0,4036.876803567737,3946.8948611111114
2020-05-19 14:00:00,3714,4137.0,3663.0,3491.0,3770.013721349179,3753.305692187636
2020-05-19 15:00:00,3604,3714.0,3497.0,3092.0,3451.6554580653365,3528.033704669209
2020-05-19 16:00:00,3583,3604.0,3407.0,3283.0,3458.5565690654807,3471.8715136688534
2020-05-19 17:00:00,3706,3583.0,3671.0,3328.0,3452.7604309506673,3765.1261000576965
2020-05-19 18:00:00,4052,3706.0,4216.0,3502.0,3727.879894851764,3915.035015873016
2020-05-19 19:00:00,4225,4052.0,4576.0,3605.0,4019.982187773374,4216.500904761904
2020-05-19 20:00:00,4019,4225.0,4367.0,3424.0,3957.9585801054145,4156.187714285714
2020-05-19 21:00:00,3396,4019.0,3756.0,2949.0,3421.1731470966542,3641.5789967493806
2020-05-19 22:00:00,3010,3396.0,3187.0,2745.0,2955.357616267837,2936.8892764840343
2020-05-19 23:00:00,2530,3010.0,2329.0,2400.0,2560.6378207692155,2411.0555595238097
2020-05-20 00:00:00,1563,2530.0,1587.0,1817.0,1863.4775740408913,1723.1790357142859
2020-05-20 01:00:00,1559,1563.0,1615.0,1485.0,1375.2998927051472,1461.2029393939385
2020-05-20 02:00:00,1678,1559.0,1716.0,1209.0,1479.0477834198264,1544.2354012419466
2020-05-20 03:00:00,1451,1678.0,1136.0,881.0,1350.5457659848696,1303.1633271284272
2020-05-20 04:00:00,1198,1451.0,947.0,918.0,1210.280984033998,991.00075289382
2020-05-20 05:00:00,1616,1198.0,1525.0,1144.0,1335.4534927278946,1326.939738350257
2020-05-20 06:00:00,2401,1616.0,2167.0,1978.0,2153.6024063632403,2216.063965580172
2020-05-20 07:00:00,3495,2401.0,3362.0,2935.0,3139.5298916219785,3473.271877136753
2020-05-20 08:00:00,3946,3495.0,4216.0,3526.0,4010.2228712776696,3863.6039444444446
2020-05-20 09:00:00,4087,3946.0,4767.0,3722.0,4179.979035939126,4045.1499999999987
2020-05-20 10:00:00,4000,4087.0,4725.0,3852.0,4139.548298364791,3951.033125056996
2020-05-20 11:00:00,3804,4000.0,4479.0,3919.0,3959.902250976783,3873.731105215725
2020-05-20 12:00:00,3782,3804.0,4392.0,3805.0,3801.7239012568843,3648.2241895390766
2020-05-20 13:00:00,3732,3782.0,4137.0,4013.0,3823.923147764605,3610.273627195339
2020-05-20 14:00:00,3662,3732.0,3714.0,3736.0,3595.0822910976603,3541.3716994166093
2020-05-20 15:00:00,3544,3662.0,3604.0,3324.0,3448.47762883003,3434.4618073643564
2020-05-20 16:00:00,3565,3544.0,3583.0,3294.0,3369.2168789310354,3422.6635060129393
2020-05-20 17:00:00,3679,3565.0,3706.0,3375.0,3397.9296766469347,3684.17387386722
2020-05-20 18:00:00,3991,3679.0,4052.0,3484.0,3598.0926570465563,3779.642511190534
2020-05-20 19:00:00,4110,3991.0,4225.0,3516.0,3835.43589650485,4077.7984996096798
2020-05-20 20:00:00,3934,4110.0,4019.0,3294.0,3720.6719726794627,3940.464070984626
2020-05-20 21:00:00,3519,3934.0,3396.0,2771.0,3183.3789606743744,3581.617617680427
2020-05-20 22:00:00,3205,3519.0,3010.0,2411.0,2812.804893631386,3004.630158902692
2020-05-20 23:00:00,2729,3205.0,2530.0,1895.0,2461.1444913528653,2489.3584285714287
2020-05-21 00:00:00,2010,2729.0,1563.0,1684.0,1778.2280339699253,1735.1354047619047
2020-05-21 01:00:00,1428,2010.0,1559.0,1555.0,1436.545386132127,1530.0189880952378
2020-05-21 02:00:00,1533,1428.0,1678.0,1340.0,1227.9480609912764,1531.555163569926
2020-05-21 03:00:00,1478,1533.0,1451.0,1115.0,1322.2038717868397,1410.9108024227235
2020-05-21 04:00:00,1010,1478.0,1198.0,1132.0,1195.1899496217745,1092.2359633561882
2020-05-21 05:00:00,989,1010.0,1616.0,1304.0,1186.0149462406541,1328.0486741854638
2020-05-21 06:00:00,1468,989.0,2401.0,2225.0,1825.9543083049282,2314.7997180998755
2020-05-21 07:00:00,1578,1468.0,3495.0,3289.0,2766.490219830392,2387.026381828333
2020-05-21 08:00:00,2935,1578.0,3946.0,3850.0,2940.9017058744084,2656.4898417784675
2020-05-21 09:00:00,4185,2935.0,4087.0,3961.0,3989.2216699581486,3851.236541958042
2020-05-21 10:00:00,4681,4185.0,4000.0,3857.0,4489.259405544932,4259.56183908046
2020-05-21 11:00:00,4656,4681.0,3804.0,3788.0,4402.395334986351,4183.121951825557
2020-05-21 12:00:00,4508,4656.0,3782.0,3686.0,4116.264112077126,4101.501333333333
2020-05-21 13:00:00,4328,4508.0,3732.0,3676.0,3979.873887993961,4027.741375776397
2020-05-21 14:00:00,4082,4328.0,3662.0,3527.0,3874.596124054632,3966.2499060694854
2020-05-21 15:00:00,3786,4082.0,3544.0,3587.0,3764.708479689233,3752.151478457689
2020-05-21 16:00:00,3407,3786.0,3565.0,3737.0,3671.1847204639153,3653.5949607669622
2020-05-21 17:00:00,3626,3407.0,3679.0,3467.0,3439.9563353444755,3575.855843078898
2020-05-21 18:00:00,3949,3626.0,3991.0,3706.0,3812.0555941849116,3934.498623015873
2020-05-21 19:00:00,4480,3949.0,4110.0,3846.0,4010.44354850683,4183.808406692407
2020-05-21 20:00:00,4568,4480.0,3934.0,3789.0,4264.202532125279,4463.08055916306
2020-05-21 21:00:00,4028,4568.0,3519.0,3323.0,3879.6274210939373,3984.4873599439784
2020-05-21 22:00:00,3348,4028.0,3205.0,3034.0,3288.6757955209196,3558.383493570809
2020-05-21 23:00:00,2596,3348.0,2729.0,2580.0,2749.7825186484597,2506.178055944056
2020-05-22 00:00:00,1730,2596.0,2010.0,2000.0,1968.1010072019192,2058.21263968254
2020-05-22 01:00:00,1269,1730.0,1428.0,1506.0,1420.7894697022841,1433.7360350707852
2020-05-22 02:00:00,1409,1269.0,1533.0,1316.0,1311.3263428481039,1530.7329411204357
2020-05-22 03:00:00,1203,1409.0,1478.0,1147.0,1437.5116790199284,1376.9179081474085
2020-05-22 04:00:00,764,1203.0,1010.0,1039.0,1187.7050280218461,939.3219660761345
2020-05-22 05:00:00,1354,764.0,989.0,1331.0,1158.771667260602,1179.9353330242004
2020-05-22 06:00:00,2022,1354.0,1468.0,2116.0,2093.9170465199354,1941.622594405594
2020-05-22 07:00:00,2544,2022.0,1578.0,3154.0,2714.840255260842,3236.085111111112
2020-05-22 08:00:00,4242,2544.0,2935.0,3879.0,3367.1160256729186,3437.1293184430524
2020-05-22 09:00:00,4404,4242.0,4185.0,4073.0,4788.015463417045,4312.908019841271
2020-05-22 10:00:00,4132,4404.0,4681.0,3832.0,4401.314194238524,4260.289345238097
2020-05-22 11:00:00,4078,4132.0,4656.0,3789.0,4059.588633564478,3968.131023809523
2020-05-22 12:00:00,3904,4078.0,4508.0,3783.0,4026.975560627877,3926.4174053092497
2020-05-22 13:00:00,3855,3904.0,4328.0,3713.0,3870.708018088607,3842.9128713369964
2020-05-22 14:00:00,3714,3855.0,4082.0,3700.0,3809.1938671348134,3720.8970995870372
2020-05-22 15:00:00,3562,3714.0,3786.0,3562.0,3620.2691790815666,3560.5203184209054
2020-05-22 16:00:00,3559,3562.0,3407.0,3611.0,3489.2987353699073,3430.8087966629128
2020-05-22 17:00:00,2914,3559.0,3626.0,3652.0,3519.984922565592,3785.8519642857154
2020-05-22 18:00:00,3263,2914.0,3949.0,3827.0,3326.6286652867593,3166.3180506346507
2020-05-22 19:00:00,3561,3263.0,4480.0,3724.0,3717.9679022321034,3635.9247900432897
2020-05-22 20:00:00,3218,3561.0,4568.0,3557.0,3724.7638981321516,3722.7354077382056
2020-05-22 21:00:00,2834,3218.0,4028.0,3078.0,3119.662223659137,2843.934560478137
2020-05-22 22:00:00,2635,2834.0,3348.0,2714.0,2716.4650301843303,2758.260454367944
2020-05-22 23:00:00,2274,2635.0,2596.0,2343.0,2400.223716378462,2223.969047619048
2020-05-23 00:00:00,1768,2274.0,1730.0,1919.0,1668.3505155783128,1758.819672656567
2020-05-23 01:00:00,1854,1768.0,1269.0,1419.0,1272.1753571543536,1466.4254805915061
2020-05-23 02:00:00,1614,1854.0,1409.0,1228.0,1377.157580947304,1489.2904309119563
2020-05-23 03:00:00,719,1614.0,1203.0,1202.0,1171.2300590943275,1239.8150868686869
2020-05-23 04:00:00,663,719.0,764.0,985.0,758.4952892024817,932.0165852130324
2020-05-23 05:00:00,1219,663.0,1354.0,670.0,907.0801579611452,973.7214099411675
2020-05-23 06:00:00,1142,1219.0,2022.0,1307.0,1816.7169429587038,1541.9426842650098
2020-05-23 07:00:00,1583,1142.0,2544.0,2191.0,1945.995561014362,1994.3686262626259
2020-05-23 08:00:00,3161,1583.0,4242.0,3484.0,2917.0022265112875,2859.680438104004
2020-05-23 09:00:00,4145,3161.0,4404.0,4238.0,4194.943945762998,4077.1483134920627
2020-05-23 10:00:00,4375,4145.0,4132.0,4349.0,4402.433270497268,4183.01597003284
2020-05-23 11:00:00,4219,4375.0,4078.0,4436.0,4239.559970733317,4134.460571428571
2020-05-23 12:00:00,3981,4219.0,3904.0,4183.0,3836.2425010855413,4005.2378134920637
2020-05-23 13:00:00,3938,3981.0,3855.0,3975.0,3682.941565105707,3808.437266448353
2020-05-23 14:00:00,3967,3938.0,3714.0,3895.0,3650.3358880355718,3771.422325091871
2020-05-23 15:00:00,3587,3967.0,3562.0,3776.0,3553.553581157409,3735.66203653465
2020-05-23 16:00:00,3321,3587.0,3559.0,3432.0,3301.526139855713,3401.665026222304
2020-05-23 17:00:00,3404,3321.0,2914.0,3452.0,3111.9224319958303,3322.7281854440107
2020-05-23 18:00:00,3652,3404.0,3263.0,3773.0,3383.6382571368536,3435.8420469391936
2020-05-23 19:00:00,3556,3652.0,3561.0,3609.0,3503.3823425589608,3781.2780944444453
2020-05-23 20:00:00,3373,3556.0,3218.0,3482.0,3238.9086868465483,3425.1445913555303
2020-05-23 21:00:00,2693,3373.0,2834.0,3163.0,2931.8278570453604,2872.915984214741
2020-05-23 22:00:00,2407,2693.0,2635.0,2825.0,2465.7868138076283,2377.5980430107525
2020-05-23 23:00:00,2349,2407.0,2274.0,2437.0,2215.2155571434137,2044.5706034798534
2020-05-24 00:00:00,1970,2349.0,1768.0,2109.0,1790.71964519891,1879.551092310819
2020-05-24 01:00:00,1737,1970.0,1854.0,1746.0,1520.4009972935798,1679.4586986881875
2020-05-24 02:00:00,1534,1737.0,1614.0,1484.0,1372.9183316591627,1511.3930717218643
2020-05-24 03:00:00,865,1534.0,719.0,1149.0,1109.0166205872363,1070.0980410145407
2020-05-24 04:00:00,518,865.0,663.0,824.0,789.2061624456444,811.8264475550188
2020-05-24 05:00:00,995,518.0,1219.0,797.0,829.1890554571307,966.397651503821
2020-05-24 06:00:00,1283,995.0,1142.0,804.0,1386.7227960156106,1092.5152777777785
2020-05-24 07:00:00,1276,1283.0,1583.0,1716.0,1769.8143896924082,1594.1176165629627
2020-05-24 08:00:00,2431,1276.0,3161.0,2776.0,2249.3113990724637,2353.3796222943724
2020-05-24 09:00:00,3803,2431.0,4145.0,3816.0,3621.4026645790345,3606.6955055605313
2020-05-24 10:00:00,4040,3803.0,4375.0,4241.0,4458.4524547789215,4032.56041819455
2020-05-24 11:00:00,3955,4040.0,4219.0,4612.0,4249.8050055711665,4021.0865411609348
2020-05-24 12:00:00,3706,3955.0,3981.0,4264.0,3844.879857354757,3758.453348604072
2020-05-24 13:00:00,3616,3706.0,3938.0,4017.0,3632.8760893324247,3545.1110967719956
2020-05-24 14:00:00,3121,3616.0,3967.0,3776.0,3534.6276940342514,3336.7397083319584
2020-05-24 15:00:00,2927,3121.0,3587.0,3500.0,3126.1940176630474,2987.427197753204
2020-05-24 16:00:00,2682,2927.0,3321.0,3401.0,2975.6990642543765,2676.135696793304
2020-05-24 17:00:00,3018,2682.0,3404.0,3467.0,2871.8973420203265,2793.8497757088135
2020-05-24 18:00:00,3206,3018.0,3652.0,3864.0,3346.9697629255393,3223.9242734567906
2020-05-24 19:00:00,3236,3206.0,3556.0,4085.0,3359.7848455160965,3288.633392857142
2020-05-24 20:00:00,3020,3236.0,3373.0,3862.0,3198.097378273877,3083.0956868049398
2020-05-24 21:00:00,2235,3020.0,2693.0,3042.0,2676.219292082881,2710.210346020327
2020-05-24 22:00:00,1820,2235.0,2407.0,2654.0,2127.4613946913355,2128.9968360805856
2020-05-24 23:00:00,1918,1820.0,2349.0,2434.0,1922.8051497434376,2005.0752133699634
2020-05-25 00:00:00,1421,1918.0,1970.0,1837.0,1660.7750909917413,1741.0632678681113
2020-05-25 01:00:00,1487,1421.0,1737.0,1557.0,1232.8442148399986,1405.107658117654
2020-05-25 02:00:00,1166,1487.0,1534.0,1189.0,1266.230016670054,1287.0409119671922
2020-05-25 03:00:00,255,1166.0,865.0,863.0,919.3046968521385,784.3541197431492
2020-05-25 04:00:00,660,255.0,518.0,781.0,553.7120111203765,726.8390955448693
2020-05-25 05:00:00,1409,660.0,995.0,1221.0,1082.5092674775137,1114.1929391359993
2020-05-25 06:00:00,1873,1409.0,1283.0,2377.0,2150.801516046605,2299.2133783068793
2020-05-25 07:00:00,3026,1873.0,1276.0,3166.0,2409.9158377494887,2926.7196540709156
2020-05-25 08:00:00,3678,3026.0,2431.0,3681.0,3444.719923226289,3717.995104617312
2020-05-25 09:00:00,3808,3678.0,3803.0,3900.0,3890.5956632055195,3831.2094118224977
2020-05-25 10:00:00,3854,3808.0,4040.0,3914.0,3792.9386781338085,3578.0733185987333
2020-05-25 11:00:00,3699,3854.0,3955.0,3899.0,3708.764655207908,3650.3050557708775
2020-05-25 12:00:00,3874,3699.0,3706.0,3831.0,3513.8762269841513,3501.4030392994846
2020-05-25 13:00:00,3602,3874.0,3616.0,3844.0,3699.05339673062,3634.278279104774
2020-05-25 14:00:00,3630,3602.0,3121.0,3663.0,3348.967068688522,3396.2180613239616
2020-05-25 15:00:00,3379,3630.0,2927.0,3497.0,3364.1404788463483,3385.6172178163624
2020-05-25 16:00:00,3298,3379.0,2682.0,3407.0,3133.4925062551292,3183.885158308465
2020-05-25 17:00:00,3456,3298.0,3018.0,3671.0,3226.70243277153,3283.591209554841
2020-05-25 18:00:00,3725,3456.0,3206.0,4216.0,3547.4224754176644,3424.572690617353
2020-05-25 19:00:00,3977,3725.0,3236.0,4576.0,3865.832199203845,3752.1940801012042
2020-05-25 20:00:00,3780,3977.0,3020.0,4367.0,3769.8418897916895,3882.0844997807303
2020-05-25 21:00:00,3179,3780.0,2235.0,3756.0,3206.9870627091072,3255.827159090909
2020-05-25 22:00:00,2981,3179.0,1820.0,3187.0,2674.9524114503192,2604.3135249514676
2020-05-25 23:00:00,2410,2981.0,1918.0,2329.0,2391.9348346084744,2233.9231547619047
2020-05-26 00:00:00,1691,2410.0,1421.0,1587.0,1575.8932624949107,1528.085946428571
2020-05-26 01:00:00,1313,1691.0,1487.0,1615.0,1306.3535995418388,1338.4367922824301
2020-05-26 02:00:00,1429,1313.0,1166.0,1716.0,1212.6245149764247,1320.2522222222221
2020-05-26 03:00:00,1117,1429.0,255.0,1136.0,1055.4579987327204,949.9269756187068
2020-05-26 04:00:00,406,1117.0,660.0,947.0,919.5357594773761,708.427480300214
2020-05-26 05:00:00,1338,406.0,1409.0,1525.0,983.8700788765602,1241.5782886937625
2020-05-26 06:00:00,2420,1338.0,1873.0,2167.0,2199.3115864532133,2231.67702910857
2020-05-26 07:00:00,3238,2420.0,3026.0,3362.0,3288.4319381338505,3269.6985192422576
2020-05-26 08:00:00,3880,3238.0,3678.0,4216.0,3858.3393876365863,3672.7918275132274
2020-05-26 09:00:00,4300,3880.0,3808.0,4767.0,4252.22458644928,3852.162562928056
2020-05-26 10:00:00,4187,4300.0,3854.0,4725.0,4369.90458689437,4058.8195634920626
2020-05-26 11:00:00,4177,4187.0,3699.0,4479.0,4050.706776089777,3919.8299103176287
2020-05-26 12:00:00,4155,4177.0,3874.0,4392.0,4007.2212984778625,3911.853115697946
2020-05-26 13:00:00,4073,4155.0,3602.0,4137.0,3847.623441685297,3808.6582723541487
2020-05-26 14:00:00,3862,4073.0,3630.0,3714.0,3752.1920014260304,3763.926451073376
2020-05-26 15:00:00,3813,3862.0,3379.0,3604.0,3603.502122489434,3627.3743625152074
2020-05-26 16:00:00,3877,3813.0,3298.0,3583.0,3570.3979140477445,3567.2239081363055
2020-05-26 17:00:00,4066,3877.0,3456.0,3706.0,3603.289522647525,3868.078253104619
2020-05-26 18:00:00,4413,4066.0,3725.0,4052.0,3952.4780782089592,4020.513780077946
2020-05-26 19:00:00,4688,4413.0,3977.0,4225.0,4224.571267911286,4187.207893849207
2020-05-26 20:00:00,4378,4688.0,3780.0,4019.0,4229.778837107019,4146.813968253968
2020-05-26 21:00:00,4025,4378.0,3179.0,3396.0,3574.435781723053,3614.3778214285717
2020-05-26 22:00:00,3557,4025.0,2981.0,3010.0,3239.6502143895436,3523.1064420849416
2020-05-26 23:00:00,2600,3557.0,2410.0,2530.0,2769.9631824018875,2735.0175674603174
2020-05-27 00:00:00,1746,2600.0,1691.0,1563.0,1743.5766713321113,1793.9072541050905
2020-05-27 01:00:00,1359,1746.0,1313.0,1559.0,1375.5710045180772,1299.8027777777777
2020-05-27 02:00:00,1443,1359.0,1429.0,1678.0,1386.8545566576602,1400.6475048675045
2020-05-27 03:00:00,965,1443.0,1117.0,1451.0,1411.3292601075673,1192.9477401448382
2020-05-27 04:00:00,708,965.0,406.0,1198.0,1000.9543342392483,640.9928254314485
2020-05-27 05:00:00,1519,708.0,1338.0,1616.0,1256.740348308765,1379.7664626888952
2020-05-27 06:00:00,2440,1519.0,2420.0,2401.0,2439.539877294239,2482.8454061676703
2020-05-27 07:00:00,3619,2440.0,3238.0,3495.0,3321.5741842925077,3417.7186325067905
2020-05-27 08:00:00,4123,3619.0,3880.0,3946.0,4167.300029895546,4112.478119047619
2020-05-27 09:00:00,4248,4123.0,4300.0,4087.0,4321.3045407630125,4138.357976190476
2020-05-27 10:00:00,4143,4248.0,4187.0,4000.0,4205.610659517337,4034.392011904763
2020-05-27 11:00:00,4202,4143.0,4177.0,3804.0,3995.2092665380214,3906.96613109401
2020-05-27 12:00:00,4223,4202.0,4155.0,3782.0,4012.2155055595,3980.4305877767933
2020-05-27 13:00:00,4214,4223.0,4073.0,3732.0,3985.9557407037123,3962.319833363438
2020-05-27 14:00:00,4211,4214.0,3862.0,3662.0,3854.110140048194,3933.817452020737
2020-05-27 15:00:00,3968,4211.0,3813.0,3544.0,3785.5538553294255,3887.382121603928
2020-05-27 16:00:00,3934,3968.0,3877.0,3565.0,3744.5350498739504,3817.435489798758
2020-05-27 17:00:00,4263,3934.0,4066.0,3679.0,3793.2478435998837,3984.796903876386
2020-05-27 18:00:00,4865,4263.0,4413.0,3991.0,4231.218552442777,4280.255384920633
2020-05-27 19:00:00,5171,4865.0,4688.0,4110.0,4656.001586818601,4994.632444444444
2020-05-27 20:00:00,4918,5171.0,4378.0,3934.0,4505.781317029845,4668.662908730158
2020-05-27 21:00:00,3924,4918.0,4025.0,3519.0,3979.0998069335087,4089.9133690476183
2020-05-27 22:00:00,3428,3924.0,3557.0,3205.0,3275.5457550644774,3406.6426349206367
2020-05-27 23:00:00,2732,3428.0,2600.0,2729.0,2823.738817941886,2527.832506493507
2020-05-28 00:00:00,1942,2732.0,1746.0,2010.0,1953.220708281751,1870.3121666666664
2020-05-28 01:00:00,1586,1942.0,1359.0,1428.0,1446.0959015121887,1324.7577652295151
2020-05-28 02:00:00,1821,1586.0,1443.0,1533.0,1426.0373389647523,1442.02488030888
2020-05-28 03:00:00,1750,1821.0,965.0,1478.0,1543.2284145666517,1314.4689941431116
2020-05-28 04:00:00,1138,1750.0,708.0,1010.0,1277.9162241032766,1021.6299299450544
2020-05-28 05:00:00,1522,1138.0,1519.0,989.0,1201.8807881612704,1117.7991923910783
2020-05-28 06:00:00,2659,1522.0,2440.0,1468.0,2013.320179002585,2254.1759618437122
2020-05-28 07:00:00,3895,2659.0,3619.0,1578.0,3009.0210143753793,3636.230337301589
2020-05-28 08:00:00,4344,3895.0,4123.0,2935.0,4047.7288321280057,4108.154380952381
2020-05-28 09:00:00,4257,4344.0,4248.0,4185.0,4344.661257211155,4299.657214285715
2020-05-28 10:00:00,4151,4257.0,4143.0,4681.0,4232.443713245497,4055.9327261904746
2020-05-28 11:00:00,4023,4151.0,4202.0,4656.0,4176.214124276946,3908.014328698999
2020-05-28 12:00:00,4280,4023.0,4223.0,4508.0,4078.469213298339,3901.1439586784063
2020-05-28 13:00:00,4246,4280.0,4214.0,4328.0,4270.588804090124,4085.526035204847
2020-05-28 14:00:00,4120,4246.0,4211.0,4082.0,4104.835175652188,4013.51041119691
2020-05-28 15:00:00,3810,4120.0,3968.0,3786.0,3867.6634927076125,3765.518774679176
2020-05-28 16:00:00,3783,3810.0,3934.0,3407.0,3613.8340670114685,3599.2923666502043
2020-05-28 17:00:00,4052,3783.0,4263.0,3626.0,3730.6621914383286,3905.5486025641026
2020-05-28 18:00:00,4480,4052.0,4865.0,3949.0,4157.442197618368,4265.519563492064
2020-05-28 19:00:00,5066,4480.0,5171.0,4480.0,4584.600892542614,4456.382765873016
2020-05-28 20:00:00,4966,5066.0,4918.0,4568.0,4845.524796271516,5082.22009920635
2020-05-28 21:00:00,4063,4966.0,3924.0,4028.0,4142.075677574829,4179.445369047618
2020-05-28 22:00:00,3545,4063.0,3428.0,3348.0,3322.043234132636,3405.592351158598
2020-05-28 23:00:00,2656,3545.0,2732.0,2596.0,2813.319848738235,2830.9264509379504
2020-05-29 00:00:00,1909,2656.0,1942.0,1730.0,1865.7507467697,1973.1840627705626
2020-05-29 01:00:00,1569,1909.0,1586.0,1269.0,1435.4274244945507,1462.6719981061242
2020-05-29 02:00:00,1735,1569.0,1821.0,1409.0,1463.423535306176,1608.0013749370578
2020-05-29 03:00:00,1574,1735.0,1750.0,1203.0,1572.5978891082486,1535.7134868905603
2020-05-29 04:00:00,1026,1574.0,1138.0,764.0,1221.404261550792,1213.0463095238094
2020-05-29 05:00:00,1462,1026.0,1522.0,1354.0,1277.681124901157,1354.0520075187972
2020-05-29 06:00:00,3125,1462.0,2659.0,2022.0,2222.165348836279,2570.9882193627973
2020-05-29 07:00:00,3744,3125.0,3895.0,2544.0,3699.2749942740893,3929.6899005602236
2020-05-29 08:00:00,4502,3744.0,4344.0,4242.0,4205.479369499392,4194.344333333334
2020-05-29 09:00:00,4668,4502.0,4257.0,4404.0,4607.457203193592,4398.144103174604
2020-05-29 10:00:00,4384,4668.0,4151.0,4132.0,4423.980366065269,4180.35298015873
2020-05-29 11:00:00,4101,4384.0,4023.0,4078.0,4123.317260284073,4002.072178571428
2020-05-29 12:00:00,4317,4101.0,4280.0,3904.0,4008.8296383166044,3970.646865079364
2020-05-29 13:00:00,4180,4317.0,4246.0,3855.0,4205.681391555431,4098.039465608465
2020-05-29 14:00:00,3963,4180.0,4120.0,3714.0,3962.0502599584383,3923.4587220407575
2020-05-29 15:00:00,3881,3963.0,3810.0,3562.0,3773.1925789186016,3755.7482427633354
2020-05-29 16:00:00,3878,3881.0,3783.0,3559.0,3730.630717772303,3723.3722861277906
2020-05-29 17:00:00,4175,3878.0,4052.0,2914.0,3542.0635446287074,3889.730278388279
2020-05-29 18:00:00,4759,4175.0,4480.0,3263.0,4006.6150450114055,4299.776988095238
2020-05-29 19:00:00,5266,4759.0,5066.0,3561.0,4540.363257360526,4960.03486111111
2020-05-29 20:00:00,5258,5266.0,4966.0,3218.0,4590.755695210339,4950.436293650794
2020-05-29 21:00:00,4441,5258.0,4063.0,2834.0,4052.115772607958,4238.127511904762
2020-05-29 22:00:00,3794,4441.0,3545.0,2635.0,3375.3050121338947,3583.264582166201
2020-05-29 23:00:00,2997,3794.0,2656.0,2274.0,2825.4045255213427,2777.772468253968
2020-05-30 00:00:00,2129,2997.0,1909.0,1768.0,1933.8894439632593,2015.5634960317454
2020-05-30 01:00:00,1454,2129.0,1569.0,1854.0,1567.215846429752,1546.7752261904761
2020-05-30 02:00:00,1758,1454.0,1735.0,1614.0,1345.6829725126076,1597.5636786786788
2020-05-30 03:00:00,1647,1758.0,1574.0,719.0,1429.1300131582184,1483.0027863247865
2020-05-30 04:00:00,1165,1647.0,1026.0,663.0,1182.4847963113639,1160.1011785714286
2020-05-30 05:00:00,1260,1165.0,1462.0,1219.0,1241.2293544043555,1230.202946473461
2020-05-30 06:00:00,1921,1260.0,3125.0,1142.0,1840.9295251912908,1536.9950772765246
2020-05-30 07:00:00,2619,1921.0,3744.0,1583.0,2557.0405474598883,2230.8316488095234
2020-05-30 08:00:00,3827,2619.0,4502.0,3161.0,3487.909325625661,3867.0365238095237
2020-05-30 09:00:00,4830,3827.0,4668.0,4145.0,4500.252544408366,4214.95057936508
2020-05-30 10:00:00,4967,4830.0,4384.0,4375.0,4900.71907673513,4513.1005
2020-05-30 11:00:00,4899,4967.0,4101.0,4219.0,4581.729016070167,4271.4770515873015
2020-05-30 12:00:00,4745,4899.0,4317.0,3981.0,4317.597661929333,4293.552833333332
2020-05-30 13:00:00,4610,4745.0,4180.0,3938.0,4228.041975542115,4103.464134920634
2020-05-30 14:00:00,4327,4610.0,3963.0,3967.0,4157.804143001164,4002.350984126983
2020-05-30 15:00:00,4342,4327.0,3881.0,3587.0,3900.663911761513,3849.9862738095217
2020-05-30 16:00:00,4222,4342.0,3878.0,3321.0,3855.852736829594,4038.407678571428
2020-05-30 17:00:00,4454,4222.0,4175.0,3404.0,3789.4319949668734,4113.084520050124
2020-05-30 18:00:00,4820,4454.0,4759.0,3652.0,4214.374927619992,4337.85422222222
2020-05-30 19:00:00,5010,4820.0,5266.0,3556.0,4475.396341336283,4675.392071428571
2020-05-30 20:00:00,4818,5010.0,5258.0,3373.0,4413.043567512807,4689.121626984126
2020-05-30 21:00:00,3657,4818.0,4441.0,2693.0,3779.517903661878,4165.276607142855
2020-05-30 22:00:00,3184,3657.0,3794.0,2407.0,2968.746622209428,3049.7806839826844
2020-05-30 23:00:00,2892,3184.0,2997.0,2349.0,2686.204461769069,2886.9291904761917
2020-05-31 00:00:00,2361,2892.0,2129.0,1970.0,2111.596313708967,2222.8703253968256
2020-05-31 01:00:00,1657,2361.0,1454.0,1737.0,1697.3992960242686,1566.6191607142848
2020-05-31 02:00:00,1806,1657.0,1758.0,1534.0,1428.0495235753667,1582.337125313283
2020-05-31 03:00:00,1614,1806.0,1647.0,865.0,1471.461514111533,1525.104234126984
2020-05-31 04:00:00,1096,1614.0,1165.0,518.0,1155.7455143415193,1298.4974285714284
2020-05-31 05:00:00,843,1096.0,1260.0,995.0,1095.5031492717446,1028.4423449914343
2020-05-31 06:00:00,1333,843.0,1921.0,1283.0,1453.6392805663872,1493.7913200540297
2020-05-31 07:00:00,1506,1333.0,2619.0,1276.0,2003.1562285981722,1775.5167738095242
2020-05-31 08:00:00,2903,1506.0,3827.0,2431.0,2576.249486675345,2513.4709873261654
2020-05-31 09:00:00,4326,2903.0,4830.0,3803.0,4131.535678289201,4081.0667976190466
2020-05-31 10:00:00,4707,4326.0,4967.0,4040.0,4855.785618912585,4340.274666666667
2020-05-31 11:00:00,4733,4707.0,4899.0,3955.0,4626.471307156016,4354.341273809525
2020-05-31 12:00:00,4594,4733.0,4745.0,3706.0,4315.00984366954,4162.581404761903
2020-05-31 13:00:00,4315,4594.0,4610.0,3616.0,4115.89208179558,4086.01168253968
2020-05-31 14:00:00,3899,4315.0,4327.0,3121.0,3817.6758977338195,3995.5396388888857
2020-05-31 15:00:00,3791,3899.0,4342.0,2927.0,3571.5170663519675,3871.390031045751
2020-05-31 16:00:00,3452,3791.0,4222.0,2682.0,3462.408596332321,3602.059997824815
2020-05-31 17:00:00,3538,3452.0,4454.0,3018.0,3388.8448162399372,3626.2413095238107
2020-05-31 18:00:00,3911,3538.0,4820.0,3206.0,3642.0106711639783,3884.0040396825393
2020-05-31 19:00:00,4143,3911.0,5010.0,3236.0,3911.0242670535217,4236.565845238097
2020-05-31 20:00:00,4575,4143.0,4818.0,3020.0,3796.4014871713653,4270.840821428572
2020-05-31 21:00:00,3745,4575.0,3657.0,2235.0,3605.20491936665,3998.9006666666664
2020-05-31 22:00:00,3155,3745.0,3184.0,1820.0,2701.666487810157,3087.8832380952385
2020-05-31 23:00:00,2561,3155.0,2892.0,1918.0,2445.552423848997,2703.3716785714287
2020-06-01 00:00:00,1974,2561.0,2361.0,1421.0,1860.5564383714814,1995.418832611833
2020-06-01 01:00:00,1624,1974.0,1657.0,1487.0,1560.2094793182014,1534.5797171441675
2020-06-01 02:00:00,1616,1624.0,1806.0,1166.0,1421.1803723854484,1509.7100275689224
2020-06-01 03:00:00,1295,1616.0,1614.0,255.0,1227.4516208062266,1433.393195054945
2020-06-01 04:00:00,481,1295.0,1096.0,660.0,1112.5991486439018,938.1858214285716
2020-06-01 05:00:00,979,481.0,843.0,1409.0,1000.5770839885004,1091.8661053391054
2020-06-01 06:00:00,1178,979.0,1333.0,1873.0,1839.1814514163152,1925.26533008658
2020-06-01 07:00:00,1602,1178.0,1506.0,3026.0,2221.9182725386413,2274.860607142858
2020-06-01 08:00:00,3226,1602.0,2903.0,3678.0,2892.5904244956378,2825.736006529341
2020-06-01 09:00:00,4227,3226.0,4326.0,3808.0,4299.283408203576,4124.93075
2020-06-01 10:00:00,4773,4227.0,4707.0,3854.0,4615.380677703396,4298.695035714285
2020-06-01 11:00:00,4849,4773.0,4733.0,3699.0,4629.810809458284,4511.945226190476
2020-06-01 12:00:00,4870,4849.0,4594.0,3874.0,4457.252785788748,4373.1362023809515
2020-06-01 13:00:00,4956,4870.0,4315.0,3602.0,4239.969168663502,4340.336654761904
2020-06-01 14:00:00,4434,4956.0,3899.0,3630.0,4230.384353646313,4125.204940476191
2020-06-01 15:00:00,4114,4434.0,3791.0,3379.0,3851.3042130459316,3799.660369047618
2020-06-01 16:00:00,3820,4114.0,3452.0,3298.0,3659.668473875581,3790.3043533834584
2020-06-01 17:00:00,3945,3820.0,3538.0,3456.0,3583.683931560228,3927.6767107583787
2020-06-01 18:00:00,4663,3945.0,3911.0,3725.0,3893.349191874807,4011.866481126597
2020-06-01 19:00:00,5386,4663.0,4143.0,3977.0,4527.447574719218,4597.687285353534
2020-06-01 20:00:00,5412,5386.0,4575.0,3780.0,4807.494265953572,4987.113206349206
2020-06-01 21:00:00,4642,5412.0,3745.0,3179.0,4247.77015990924,4098.167619047619
2020-06-01 22:00:00,3966,4642.0,3155.0,2981.0,3535.176603254014,3566.2544432773125
2020-06-01 23:00:00,2828,3966.0,2561.0,2410.0,2965.8329310352415,3072.055706349206
2020-06-02 00:00:00,1945,2828.0,1974.0,1691.0,1906.6524278804764,1985.79954378763
2020-06-02 01:00:00,1578,1945.0,1624.0,1313.0,1461.0264243451547,1439.4010198412695
2020-06-02 02:00:00,1780,1578.0,1616.0,1429.0,1472.1421084030758,1569.3626785485885
2020-06-02 03:00:00,1661,1780.0,1295.0,1117.0,1546.0265769003813,1460.2066086375314
2020-06-02 04:00:00,1172,1661.0,481.0,406.0,1114.2550754202541,952.9170952380954
2020-06-02 05:00:00,1678,1172.0,979.0,1338.0,1310.7755029930445,1104.4917715111687
2020-06-02 06:00:00,2601,1678.0,1178.0,2420.0,2254.892452636842,2531.9372607469154
2020-06-02 07:00:00,3718,2601.0,1602.0,3238.0,3106.396617317926,3670.689446186168
2020-06-02 08:00:00,4650,3718.0,3226.0,3880.0,4104.79322002018,4198.9373333333315
2020-06-02 09:00:00,4799,4650.0,4227.0,4300.0,4755.508171418502,4383.694976190476
2020-06-02 10:00:00,4855,4799.0,4773.0,4187.0,4641.072255394049,4421.287634920634
2020-06-02 11:00:00,4666,4855.0,4849.0,4177.0,4590.094578098758,4390.511313492063
2020-06-02 12:00:00,4628,4666.0,4870.0,4155.0,4411.3114155110525,4188.994968253966
2020-06-02 13:00:00,4389,4628.0,4956.0,4073.0,4440.971919810127,4197.002071428569
2020-06-02 14:00:00,4331,4389.0,4434.0,3862.0,4161.816234380855,4076.173809523807
2020-06-02 15:00:00,4174,4331.0,4114.0,3813.0,4086.4967876877336,4031.349598544972
2020-06-02 16:00:00,4186,4174.0,3820.0,3877.0,3939.1009508982297,3985.9604702380952
2020-06-02 17:00:00,4475,4186.0,3945.0,4066.0,4016.9718894854623,4056.0229166666663
2020-06-02 18:00:00,5164,4475.0,4663.0,4413.0,4510.861061354097,4466.664865079363
2020-06-02 19:00:00,5807,5164.0,5386.0,4688.0,5149.459176050066,5140.481325396826
2020-06-02 20:00:00,5864,5807.0,5412.0,4378.0,5241.71408303485,5133.345539682539
2020-06-02 21:00:00,4858,5864.0,4642.0,4025.0,4762.704812511839,4498.865404761905
2020-06-02 22:00:00,3953,4858.0,3966.0,3557.0,3822.1946593211396,3967.416555555554
2020-06-02 23:00:00,2817,3953.0,2828.0,2600.0,2955.1418011220576,3243.163714285715
2020-06-03 00:00:00,1674,2817.0,1945.0,1746.0,1903.6158529512054,1935.7027063492062
2020-06-03 01:00:00,1446,1674.0,1578.0,1359.0,1341.845399714597,1495.2064274891775
2020-06-03 02:00:00,1660,1446.0,1780.0,1443.0,1496.9643385189772,1633.3974496251474
2020-06-03 03:00:00,1425,1660.0,1661.0,965.0,1551.5997209033785,1531.8388095238097
2020-06-03 04:00:00,1054,1425.0,1172.0,708.0,1248.8655660054762,1202.469761904762
2020-06-03 05:00:00,1933,1054.0,1678.0,1519.0,1448.6859696163986,1525.5155033817532
2020-06-03 06:00:00,2803,1933.0,2601.0,2440.0,2740.31558870286,2693.1019508917007
2020-06-03 07:00:00,3715,2803.0,3718.0,3619.0,3658.450157600351,3876.760885714286
2020-06-03 08:00:00,4481,3715.0,4650.0,4123.0,4355.5360070879,4187.36425
2020-06-03 09:00:00,4481,4481.0,4799.0,4248.0,4721.035063660135,4390.997198412699
2020-06-03 10:00:00,4232,4481.0,4855.0,4143.0,4460.284074134672,4271.1189444444435
2020-06-03 11:00:00,4110,4232.0,4666.0,4202.0,4250.834116828542,4046.553166666665
2020-06-03 12:00:00,4162,4110.0,4628.0,4223.0,4200.666874851993,4001.62707142857
2020-06-03 13:00:00,4112,4162.0,4389.0,4214.0,4183.113973683827,4008.153214285714
2020-06-03 14:00:00,3884,4112.0,4331.0,4211.0,4091.831482450183,3922.8332786131996
2020-06-03 15:00:00,3759,3884.0,4174.0,3968.0,3922.505228752074,3806.6474039184495
2020-06-03 16:00:00,3566,3759.0,4186.0,3934.0,3865.4063547948936,3689.256684519899
2020-06-03 17:00:00,3719,3566.0,4475.0,4263.0,3887.9218632219367,3856.5165439560424
2020-06-03 18:00:00,3808,3719.0,5164.0,4865.0,4328.851391533935,3974.6746309523814
2020-06-03 19:00:00,4697,3808.0,5807.0,5171.0,4482.2766308111195,3966.405122405372
2020-06-03 20:00:00,4620,4697.0,5864.0,4918.0,5104.566035706523,4792.745476190477
2020-06-03 21:00:00,4166,4620.0,4858.0,3924.0,4194.6241472199235,4253.535908730157
2020-06-03 22:00:00,3591,4166.0,3953.0,3428.0,3527.7012952267287,3582.705416666666
2020-06-03 23:00:00,2924,3591.0,2817.0,2732.0,2858.9347855046485,2940.6418015873005
2020-06-04 00:00:00,2043,2924.0,1674.0,1942.0,1928.403242827469,1930.1458095238092
2020-06-04 01:00:00,1649,2043.0,1446.0,1586.0,1443.506964397756,1472.2666129928627
2020-06-04 02:00:00,1580,1649.0,1660.0,1821.0,1481.585467489932,1670.7535830115833
2020-06-04 03:00:00,1364,1580.0,1425.0,1750.0,1473.057513487018,1472.4131967428807
2020-06-04 04:00:00,786,1364.0,1054.0,1138.0,1175.527856731088,1078.9233781828805
2020-06-04 05:00:00,1661,786.0,1933.0,1522.0,1255.7211986873942,1525.5193548821046
2020-06-04 06:00:00,2614,1661.0,2803.0,2659.0,2589.957046766386,2816.142165323183
2020-06-04 07:00:00,3198,2614.0,3715.0,3895.0,3496.2982815342566,3932.8583817460326
2020-06-04 08:00:00,3718,3198.0,4481.0,4344.0,3863.2101391507576,3809.07894920635
2020-06-04 09:00:00,3619,3718.0,4481.0,4257.0,4048.8668626652943,3876.3844999999983
2020-06-04 10:00:00,3675,3619.0,4232.0,4151.0,3760.159750119205,3508.767905844156
2020-06-04 11:00:00,3597,3675.0,4110.0,4023.0,3703.5140244978875,3521.993809702324
2020-06-04 12:00:00,3604,3597.0,4162.0,4280.0,3674.23104788073,3472.2985134070436
2020-06-04 13:00:00,3529,3604.0,4112.0,4246.0,3688.0556537952293,3467.192349487629
2020-06-04 14:00:00,3177,3529.0,3884.0,4120.0,3529.4108849434174,3365.6569368341097
2020-06-04 15:00:00,3067,3177.0,3759.0,3810.0,3271.320253589642,3078.418562832185
2020-06-04 16:00:00,2939,3067.0,3566.0,3783.0,3185.8662458756453,3010.1028447458257
2020-06-04 17:00:00,3038,2939.0,3719.0,4052.0,3158.0476252100675,3176.222223416245
2020-06-04 18:00:00,3311,3038.0,3808.0,4480.0,3417.713270977878,3313.119420634921
2020-06-04 19:00:00,2930,3311.0,4697.0,5066.0,3875.75431905754,3565.9332380952383
2020-06-04 20:00:00,3245,2930.0,4620.0,4966.0,3481.037596816239,2950.7132099789615
2020-06-04 21:00:00,2747,3245.0,4166.0,4063.0,3432.7225050714123,3051.1950780347106
2020-06-04 22:00:00,2271,2747.0,3591.0,3545.0,2724.367853714977,2702.742824959153
2020-06-04 23:00:00,2040,2271.0,2924.0,2656.0,2198.0296903650815,2275.580074229692
2020-06-05 00:00:00,2015,2040.0,2043.0,1909.0,1569.512356562449,1787.5442949843716
2020-06-05 01:00:00,1363,2015.0,1649.0,1569.0,1431.8752799212978,1637.4912550575782
2020-06-05 02:00:00,354,1363.0,1580.0,1735.0,1193.3098562836974,1396.806833333333
2020-06-05 03:00:00,448,354.0,1364.0,1574.0,786.4817807464849,1175.4455725385728
2020-06-05 04:00:00,835,448.0,786.0,1026.0,790.2395033381881,837.6972083333333
2020-06-05 05:00:00,1402,835.0,1661.0,1462.0,1293.286588310021,1518.0170805860812
2020-06-05 06:00:00,2139,1402.0,2614.0,3125.0,2450.385171629323,2432.419358651153
2020-06-05 07:00:00,3345,2139.0,3198.0,3744.0,3092.3513149784458,3362.098036236752
2020-06-05 08:00:00,4102,3345.0,3718.0,4502.0,4050.8615997073753,3824.968703096969
2020-06-05 09:00:00,4038,4102.0,3619.0,4668.0,4254.439366528166,4133.218714285714
2020-06-05 10:00:00,3806,4038.0,3675.0,4384.0,3904.461025009983,3788.058835312021
2020-06-05 11:00:00,3749,3806.0,3597.0,4101.0,3658.1673329492014,3565.203023410454
2020-06-05 12:00:00,3648,3749.0,3604.0,4317.0,3686.38362657334,3502.6340581175955
2020-06-05 13:00:00,3562,3648.0,3529.0,4180.0,3603.4993590971035,3380.0207119341817
2020-06-05 14:00:00,3214,3562.0,3177.0,3963.0,3462.9344507704413,3317.6227186974215
2020-06-05 15:00:00,3040,3214.0,3067.0,3881.0,3217.999659287224,3070.8061831821456
2020-06-05 16:00:00,3093,3040.0,2939.0,3878.0,3097.680487210281,2937.377992623394
2020-06-05 17:00:00,3271,3093.0,3038.0,4175.0,3205.2017758176653,3086.9795522384397
2020-06-05 18:00:00,3387,3271.0,3311.0,4759.0,3663.6741838403877,3336.216038992408
2020-06-05 19:00:00,3368,3387.0,2930.0,5266.0,3744.194890143621,3329.1015565348857
2020-06-05 20:00:00,3142,3368.0,3245.0,5258.0,3662.117403453196,3274.023426833706
2020-06-05 21:00:00,2457,3142.0,2747.0,4441.0,3176.1892780502576,2798.0863721537753
2020-06-05 22:00:00,2396,2457.0,2271.0,3794.0,2572.222946013595,2185.0911984126988
2020-06-05 23:00:00,2176,2396.0,2040.0,2997.0,2352.3512167229133,2128.0163710317456
2020-06-06 00:00:00,1865,2176.0,2015.0,2129.0,1671.4045833372777,1873.0755047698337
2020-06-06 01:00:00,1626,1865.0,1363.0,1454.0,1284.7898482262385,1514.4558323772999
2020-06-06 02:00:00,877,1626.0,354.0,1758.0,1144.5926563359042,1321.6168678804854
2020-06-06 03:00:00,422,877.0,448.0,1647.0,849.3032158540725,1057.633384920635
2020-06-06 04:00:00,868,422.0,835.0,1165.0,718.8716992703255,975.4426724292614
2020-06-06 05:00:00,799,868.0,1402.0,1260.0,1168.0365062953167,1392.2185959493333
2020-06-06 06:00:00,852,799.0,2139.0,1921.0,1598.8513064990361,1745.9648387470377
2020-06-06 07:00:00,1601,852.0,3345.0,2619.0,1932.4152776504998,1731.4868333333338
2020-06-06 08:00:00,3023,1601.0,4102.0,3827.0,3064.106899539667,2919.730463369964
2020-06-06 09:00:00,4234,3023.0,4038.0,4830.0,4172.023478475321,3862.6627503607497
2020-06-06 10:00:00,4299,4234.0,3806.0,4967.0,4612.15464632937,4199.671536796536
2020-06-06 11:00:00,4083,4299.0,3749.0,4899.0,4185.03818121844,3976.6330338877497
2020-06-06 12:00:00,4071,4083.0,3648.0,4745.0,3851.2233298135698,3757.547033994692
2020-06-06 13:00:00,4078,4071.0,3562.0,4610.0,3865.450664524995,3770.8604303799652
2020-06-06 14:00:00,3671,4078.0,3214.0,4327.0,3676.756115780089,3739.0520743128523
2020-06-06 15:00:00,3246,3671.0,3040.0,4342.0,3534.400411118151,3438.5309278623836
2020-06-06 16:00:00,3084,3246.0,3093.0,4222.0,3351.899848840816,3070.155636963927
2020-06-06 17:00:00,3163,3084.0,3271.0,4454.0,3365.839460247464,3170.7487746584206
2020-06-06 18:00:00,3107,3163.0,3387.0,4820.0,3561.6230921377078,3304.328472222222
2020-06-06 19:00:00,3100,3107.0,3368.0,5010.0,3520.109192308908,3197.7171121688625
2020-06-06 20:00:00,2977,3100.0,3142.0,4818.0,3411.360943240502,2987.501377430013
2020-06-06 21:00:00,2383,2977.0,2457.0,3657.0,2882.208458228083,2574.339845238096
2020-06-06 22:00:00,2068,2383.0,2396.0,3184.0,2443.7686792367685,2150.2000079365084
2020-06-06 23:00:00,2107,2068.0,2176.0,2892.0,2207.920975342204,2021.6307857142858
2020-06-07 00:00:00,2182,2107.0,1865.0,2361.0,1795.3828601363775,1983.99137366546
2020-06-07 01:00:00,1852,2182.0,1626.0,1657.0,1555.7562062532547,1623.0451997169494
2020-06-07 02:00:00,535,1852.0,877.0,1806.0,1326.9465112357489,1237.4786746031748
2020-06-07 03:00:00,568,535.0,422.0,1614.0,700.8376007659144,996.3412500000002
2020-06-07 04:00:00,658,568.0,868.0,1096.0,851.9717932886849,920.7612160108869
2020-06-07 05:00:00,752,658.0,799.0,843.0,828.8271653447869,761.7915749061393
2020-06-07 06:00:00,770,752.0,852.0,1333.0,1262.77940139368,1324.6172507215006
2020-06-07 07:00:00,1243,770.0,1601.0,1506.0,1353.3851751836705,1242.5611766233767
2020-06-07 08:00:00,2499,1243.0,3023.0,2903.0,2391.0550703258273,2375.687726190476
2020-06-07 09:00:00,3594,2499.0,4234.0,4326.0,3807.345332565676,3626.0452507680493
2020-06-07 10:00:00,4179,3594.0,4299.0,4707.0,4348.536164910824,3961.7388543417364
2020-06-07 11:00:00,4236,4179.0,4083.0,4733.0,4397.5973854557415,4130.091776780017
2020-06-07 12:00:00,4269,4236.0,4071.0,4594.0,4117.408916300512,3973.0677531882534
2020-06-07 13:00:00,3879,4269.0,4078.0,4315.0,3944.6860381120546,3931.6689912834904
2020-06-07 14:00:00,3626,3879.0,3671.0,3899.0,3572.7600924908575,3673.098544736387
2020-06-07 15:00:00,3245,3626.0,3246.0,3791.0,3382.1213500091626,3397.693135210252
2020-06-07 16:00:00,3061,3245.0,3084.0,3452.0,3071.7260894004094,3040.9949358506606
2020-06-07 17:00:00,3146,3061.0,3163.0,3538.0,3042.5042148071207,3128.880327999421
2020-06-07 18:00:00,3664,3146.0,3107.0,3911.0,3233.6613112421983,3273.6333226797487
2020-06-07 19:00:00,3548,3664.0,3100.0,4143.0,3672.1759663093553,3849.0720255821625
2020-06-07 20:00:00,3293,3548.0,2977.0,4575.0,3477.436376028784,3429.13714997203
2020-06-07 21:00:00,2575,3293.0,2383.0,3745.0,3002.873884095175,2856.6444724310777
2020-06-07 22:00:00,2569,2575.0,2068.0,3155.0,2393.563655270512,2241.6152261904754
2020-06-07 23:00:00,1806,2569.0,2107.0,2561.0,2306.214839551367,2247.850220520814
2020-06-08 00:00:00,836,1806.0,2182.0,1974.0,1622.2948128344224,1792.3371491696705
2020-06-08 01:00:00,870,836.0,1852.0,1624.0,1116.0654962612446,1474.051824762114
2020-06-08 02:00:00,598,870.0,535.0,1616.0,1070.8060435864745,1030.0044956622326
2020-06-08 03:00:00,807,598.0,568.0,1295.0,864.7791017869383,860.3505888657165
2020-06-08 04:00:00,849,807.0,658.0,481.0,879.8405814007874,804.939531135531
2020-06-08 05:00:00,1904,849.0,752.0,979.0,1041.6914976606106,1044.844702523184
2020-06-08 06:00:00,2466,1904.0,770.0,1178.0,2111.6047206895364,2244.5406269841264
2020-06-08 07:00:00,3534,2466.0,1243.0,1602.0,2368.101971764802,2136.4644360902257
2020-06-08 08:00:00,4059,3534.0,2499.0,3226.0,3613.992493385286,3731.2118327401317
2020-06-08 09:00:00,4034,4059.0,3594.0,4227.0,4140.5955907540465,4016.9794334068824
2020-06-08 10:00:00,3727,4034.0,4179.0,4773.0,4185.379811568196,3816.79576625517
2020-06-08 11:00:00,3526,3727.0,4236.0,4849.0,4038.420760224705,3546.7302857020886
2020-06-08 12:00:00,3700,3526.0,4269.0,4870.0,3962.5132539003034,3343.1187196172878
2020-06-08 13:00:00,3302,3700.0,3879.0,4956.0,4058.730240963292,3500.046894006542
2020-06-08 14:00:00,3275,3302.0,3626.0,4434.0,3584.6400023012825,3201.9185106464693
2020-06-08 15:00:00,3122,3275.0,3245.0,4114.0,3487.9050310773328,3171.4601115944174
2020-06-08 16:00:00,3040,3122.0,3061.0,3820.0,3241.855188649199,2997.9615598168566
2020-06-08 17:00:00,3146,3040.0,3146.0,3945.0,3240.2398820828084,3223.327770329789
2020-06-08 18:00:00,3497,3146.0,3664.0,4663.0,3652.353640749624,3350.2932711640215
2020-06-08 19:00:00,3783,3497.0,3548.0,5386.0,4084.5536017102677,3663.1303813131317
2020-06-08 20:00:00,3645,3783.0,3293.0,5412.0,4091.360865029214,3707.2395266300055
2020-06-08 21:00:00,2970,3645.0,2575.0,4642.0,3520.6765243882137,3188.895999373433
2020-06-08 22:00:00,2750,2970.0,2569.0,3966.0,2957.7244091792486,2564.027404761905
2020-06-08 23:00:00,2197,2750.0,1806.0,2828.0,2451.2661172821236,2307.0169285714287
2020-06-09 00:00:00,1463,2197.0,836.0,1945.0,1530.7071926812046,1466.5537600250623
2020-06-09 01:00:00,1363,1463.0,870.0,1578.0,1147.9565452441043,1238.6165548302572
2020-06-09 02:00:00,1333,1363.0,598.0,1780.0,1225.462378636625,1148.5186722495341
2020-06-09 03:00:00,962,1333.0,807.0,1661.0,1179.1665677399324,1031.4857719780223
2020-06-09 04:00:00,400,962.0,849.0,1172.0,965.6976692422677,802.7348886614051
2020-06-09 05:00:00,1423,400.0,1904.0,1678.0,1110.4424356222814,1384.3051464239986
2020-06-09 06:00:00,2417,1423.0,2466.0,2601.0,2425.3294914928765,2473.573548654811
2020-06-09 07:00:00,3443,2417.0,3534.0,3718.0,3395.5434389136963,3478.791492965368
2020-06-09 08:00:00,3989,3443.0,4059.0,4650.0,4157.1778330385305,3781.678345238095
2020-06-09 09:00:00,4018,3989.0,4034.0,4799.0,4267.884601960173,3972.9091995782733
2020-06-09 10:00:00,3847,4018.0,3727.0,4855.0,4039.0872121143716,3770.6666636114933
2020-06-09 11:00:00,4189,3847.0,3526.0,4666.0,3799.9478534707914,3593.8771722920205
2020-06-09 12:00:00,3856,4189.0,3700.0,4628.0,4129.238930909585,3913.7289653439166
2020-06-09 13:00:00,4040,3856.0,3302.0,4389.0,3701.2425499572264,3640.9092087120493
2020-06-09 14:00:00,3603,4040.0,3275.0,4331.0,3893.751345456185,3782.141988556973
2020-06-09 15:00:00,3146,3603.0,3122.0,4174.0,3513.2513724804553,3404.715174386596
2020-06-09 16:00:00,3191,3146.0,3040.0,4186.0,3311.75762369077,3008.8323954138255
2020-06-09 17:00:00,3397,3191.0,3146.0,4475.0,3474.9832729740724,3302.2773905323065
2020-06-09 18:00:00,3568,3397.0,3497.0,5164.0,3850.974764126823,3439.8215519480523
2020-06-09 19:00:00,3851,3568.0,3783.0,5807.0,4109.030597331313,3701.7164325396843
2020-06-09 20:00:00,3481,3851.0,3645.0,5864.0,4209.085570283336,3848.794478798119
2020-06-09 21:00:00,2667,3481.0,2970.0,4858.0,3483.7096080838837,3051.57983216053
2020-06-09 22:00:00,2462,2667.0,2750.0,3953.0,2806.8193232746744,2790.6309954975586
2020-06-09 23:00:00,2109,2462.0,2197.0,2817.0,2403.295170993607,2216.188196428571
2020-06-10 00:00:00,1611,2109.0,1463.0,1674.0,1621.9687846201607,1492.7439039024698
2020-06-10 01:00:00,1661,1611.0,1363.0,1446.0,1347.6087488951418,1403.6706929318357
2020-06-10 02:00:00,1430,1661.0,1333.0,1660.0,1490.3867375026057,1405.1382583030631
2020-06-10 03:00:00,633,1430.0,962.0,1425.0,1223.7621241616703,1048.3940287473965
2020-06-10 04:00:00,941,633.0,400.0,1054.0,796.9697646819047,745.951933982684
2020-06-10 05:00:00,1592,941.0,1423.0,1933.0,1513.0073657935586,1450.6871267562847
2020-06-10 06:00:00,2375,1592.0,2417.0,2803.0,2465.640791883229,2477.686963852512
2020-06-10 07:00:00,3508,2375.0,3443.0,3715.0,3271.621521445778,3421.3376741740312
2020-06-10 08:00:00,3804,3508.0,3989.0,4481.0,4205.01441175933,3838.658023809522
2020-06-10 09:00:00,3836,3804.0,4018.0,4481.0,4067.889613700942,3760.037340474655
2020-06-10 10:00:00,3642,3836.0,3847.0,4232.0,3853.3630310382296,3611.11486592151
2020-06-10 11:00:00,3501,3642.0,4189.0,4110.0,3744.306992369914,3420.4907180624314
2020-06-10 12:00:00,3422,3501.0,3856.0,4162.0,3631.9505053966636,3311.226292839188
2020-06-10 13:00:00,3292,3422.0,4040.0,4112.0,3623.9741896614278,3252.2598573925347
2020-06-10 14:00:00,3063,3292.0,3603.0,3884.0,3421.206041211602,3114.5556075857044
2020-06-10 15:00:00,2868,3063.0,3146.0,3759.0,3214.4914164330658,2990.9101150060364
2020-06-10 16:00:00,2753,2868.0,3191.0,3566.0,3102.07165732489,2839.2789068716042
2020-06-10 17:00:00,2915,2753.0,3397.0,3719.0,3116.1487834977042,2952.906156459802
2020-06-10 18:00:00,3095,2915.0,3568.0,3808.0,3308.798368020828,3093.858532666099
2020-06-10 19:00:00,3188,3095.0,3851.0,4697.0,3701.706502623103,3286.5113106239373
2020-06-10 20:00:00,3115,3188.0,3481.0,4620.0,3541.8659402435114,3076.393101373027
2020-06-10 21:00:00,2552,3115.0,2667.0,4166.0,3080.538695322185,2722.1128401489445
2020-06-10 22:00:00,2326,2552.0,2462.0,3591.0,2629.184520636993,2367.379910714285
2020-06-10 23:00:00,2104,2326.0,2109.0,2924.0,2314.738260903435,2138.4628471800993
2020-06-11 00:00:00,1661,2104.0,1611.0,2043.0,1636.6852376623867,1796.6201313930653
2020-06-11 01:00:00,1596,1661.0,1661.0,1649.0,1359.8988193964035,1554.3646927016453
2020-06-11 02:00:00,1341,1596.0,1430.0,1580.0,1334.462197914148,1417.5585192541384
2020-06-11 03:00:00,649,1341.0,633.0,1364.0,1052.9344436889435,969.9571889937549
2020-06-11 04:00:00,745,649.0,941.0,786.0,752.6276337439633,812.8734009257666
2020-06-11 05:00:00,1144,745.0,1592.0,1661.0,1272.4596206655872,1495.3464644376845
2020-06-11 06:00:00,1377,1144.0,2375.0,2614.0,2138.7598429641275,2146.16268841476
2020-06-11 07:00:00,1284,1377.0,3508.0,3198.0,2557.8337892926447,2354.77389474728
2020-06-11 08:00:00,2319,1284.0,3804.0,3718.0,2649.2060235438767,2522.091784298528
2020-06-11 09:00:00,3245,2319.0,3836.0,3619.0,3431.706728525811,3537.0222896825408
2020-06-11 10:00:00,3831,3245.0,3642.0,3675.0,3799.7875621473822,3632.7069300144303
2020-06-11 11:00:00,4054,3831.0,3501.0,3597.0,3864.6480312780905,3606.3684792082913
2020-06-11 12:00:00,4237,4054.0,3422.0,3604.0,3774.4215903421464,3800.8642495644917
2020-06-11 13:00:00,3945,4237.0,3292.0,3529.0,3744.389171308396,3912.5698948828403
2020-06-11 14:00:00,3855,3945.0,3063.0,3177.0,3353.2147552129527,3737.6784224671587
2020-06-11 15:00:00,3771,3855.0,2868.0,3067.0,3303.415876452509,3591.783195751151
2020-06-11 16:00:00,3052,3771.0,2753.0,2939.0,3194.4294958865285,3461.675340492692
2020-06-11 17:00:00,3171,3052.0,2915.0,3038.0,2883.1558621340246,3137.526895947131
2020-06-11 18:00:00,3521,3171.0,3095.0,3311.0,3207.6388053993296,3328.0657593645838
2020-06-11 19:00:00,3471,3521.0,3188.0,2930.0,3311.325960148326,3601.1811987862043
2020-06-11 20:00:00,3268,3471.0,3115.0,3245.0,3236.779357394109,3250.0020849483317
2020-06-11 21:00:00,2652,3268.0,2552.0,2747.0,2814.0993615974967,2817.1458956582633
2020-06-11 22:00:00,2412,2652.0,2326.0,2271.0,2343.2606438029866,2296.9550064935065
2020-06-11 23:00:00,1980,2412.0,2104.0,2040.0,2174.7428024143023,1916.499584144188
2020-06-12 00:00:00,1430,1980.0,1661.0,2015.0,1690.921873273985,1691.5110996395094
2020-06-12 01:00:00,1458,1430.0,1596.0,1363.0,1289.5466679733581,1442.6757759647503
2020-06-12 02:00:00,1380,1458.0,1341.0,354.0,1104.8679815804842,1105.6872121212118
2020-06-12 03:00:00,304,1380.0,649.0,448.0,917.5471874325901,867.1681929824563
2020-06-12 04:00:00,811,304.0,745.0,835.0,661.1186977082227,662.7197812463074
2020-06-12 05:00:00,1502,811.0,1144.0,1402.0,1351.8940664189486,1345.534344932845
2020-06-12 06:00:00,2152,1502.0,1377.0,2139.0,2113.5057842160463,2160.2734839709165
2020-06-12 07:00:00,2868,2152.0,1284.0,3345.0,2759.248117511026,3316.026545634921
2020-06-12 08:00:00,3848,2868.0,2319.0,4102.0,3432.1019780979677,3611.973142857142
2020-06-12 09:00:00,4280,3848.0,3245.0,4038.0,4120.110552678707,3941.130396825398
2020-06-12 10:00:00,4215,4280.0,3831.0,3806.0,4191.763004398421,4079.28866977603
2020-06-12 11:00:00,4103,4215.0,4054.0,3749.0,4017.041830111644,4019.5364634428734
2020-06-12 12:00:00,3881,4103.0,4237.0,3648.0,3884.4656243529225,3897.671717226123
2020-06-12 13:00:00,3809,3881.0,3945.0,3562.0,3735.950378621905,3703.857053510603
2020-06-12 14:00:00,3667,3809.0,3855.0,3214.0,3612.504668219617,3631.5248776606163
2020-06-12 15:00:00,3667,3667.0,3771.0,3040.0,3449.80538913049,3481.5766964300947
2020-06-12 16:00:00,3719,3667.0,3052.0,3093.0,3340.2248149794063,3484.972666434172
2020-06-12 17:00:00,3748,3719.0,3171.0,3271.0,3394.4135099018386,3774.0016814713076
2020-06-12 18:00:00,4017,3748.0,3521.0,3387.0,3551.3233866543856,3837.519294566545
2020-06-12 19:00:00,4024,4017.0,3471.0,3368.0,3733.4997217022947,4008.1307714028785
2020-06-12 20:00:00,3732,4024.0,3268.0,3142.0,3542.1709405737947,3887.9203389733225
2020-06-12 21:00:00,3419,3732.0,2652.0,2457.0,3012.2830487954925,3150.2635079365077
2020-06-12 22:00:00,2977,3419.0,2412.0,2396.0,2776.348678737917,2784.6407285822015
2020-06-12 23:00:00,2254,2977.0,1980.0,2176.0,2423.4087166071995,2215.0441785714283
2020-06-13 00:00:00,1541,2254.0,1430.0,1865.0,1629.250546109942,1467.8866969696971
2020-06-13 01:00:00,1393,1541.0,1458.0,1626.0,1308.6744358630858,1403.517126399126
2020-06-13 02:00:00,1479,1393.0,1380.0,877.0,1142.375834679446,1318.2522142857144
2020-06-13 03:00:00,1283,1479.0,304.0,422.0,912.0774479711474,944.5348289473685
2020-06-13 04:00:00,504,1283.0,811.0,868.0,1042.9150483959277,848.5082221782123
2020-06-13 05:00:00,822,504.0,1502.0,799.0,904.0622612363588,1016.3546762422358
2020-06-13 06:00:00,1471,822.0,2152.0,852.0,1533.6080153279163,1214.021646074646
2020-06-13 07:00:00,2040,1471.0,2868.0,1601.0,2282.3004685081405,1960.5178754328072
2020-06-13 08:00:00,3094,2040.0,3848.0,3023.0,3082.492454135333,3154.617138888889
2020-06-13 09:00:00,3973,3094.0,4280.0,4234.0,4085.764094315716,3953.1182341269828
2020-06-13 10:00:00,4154,3973.0,4215.0,4299.0,4400.0353735608405,4137.275088644689
2020-06-13 11:00:00,4004,4154.0,4103.0,4083.0,4150.105706155542,3982.685779764333
2020-06-13 12:00:00,3908,4004.0,3881.0,4071.0,3820.7926990460683,3888.3741013488384
2020-06-13 13:00:00,3794,3908.0,3809.0,4078.0,3803.5454627114073,3789.9186355816796
2020-06-13 14:00:00,3754,3794.0,3667.0,3671.0,3603.6754045176795,3595.417873552217
2020-06-13 15:00:00,3590,3754.0,3667.0,3246.0,3469.918474997998,3600.0743736182762
2020-06-13 16:00:00,3369,3590.0,3719.0,3084.0,3347.013414362851,3485.454082822517
2020-06-13 17:00:00,3381,3369.0,3748.0,3163.0,3254.681483250144,3568.883304834055
2020-06-13 18:00:00,3731,3381.0,4017.0,3107.0,3349.718826027302,3656.6565773809534
2020-06-13 19:00:00,3913,3731.0,4024.0,3100.0,3605.234391834183,4029.827333333334
2020-06-13 20:00:00,3825,3913.0,3732.0,2977.0,3487.72075551976,3750.1961572634855
2020-06-13 21:00:00,2925,3825.0,3419.0,2383.0,3071.939519457676,3271.546246392496
2020-06-13 22:00:00,2674,2925.0,2977.0,2068.0,2443.477538901189,2649.211579365079
2020-06-13 23:00:00,2273,2674.0,2254.0,2107.0,2285.8941317062076,2161.617017316017
2020-06-14 00:00:00,1626,2273.0,1541.0,2182.0,1766.330589259892,1697.9475224859582
2020-06-14 01:00:00,1445,1626.0,1393.0,1852.0,1384.6854059238558,1458.816345938375
2020-06-14 02:00:00,1388,1445.0,1479.0,535.0,1069.9315345610335,1316.2087857142856
2020-06-14 03:00:00,915,1388.0,1283.0,568.0,1044.0688512374552,1041.2651794068506
2020-06-14 04:00:00,405,915.0,504.0,658.0,786.2232628763736,649.7798035772472
2020-06-14 05:00:00,938,405.0,822.0,752.0,734.5835334527985,828.2077498254434
2020-06-14 06:00:00,1158,938.0,1471.0,770.0,1462.474986793238,1240.921321428572
2020-06-14 07:00:00,1278,1158.0,2040.0,1243.0,1678.8077057297996,1492.4245913804327
2020-06-14 08:00:00,2267,1278.0,3094.0,2499.0,2219.4257946396765,2256.9596363211954
2020-06-14 09:00:00,3450,2267.0,3973.0,3594.0,3428.0771055887462,3496.189916807831
2020-06-14 10:00:00,3873,3450.0,4154.0,4179.0,4210.759960174385,3980.31073015873
2020-06-14 11:00:00,3881,3873.0,4004.0,4236.0,4115.255304934559,3903.01065701945
2020-06-14 12:00:00,3753,3881.0,3908.0,4269.0,3873.3628276557306,3720.2890051101754
2020-06-14 13:00:00,3653,3753.0,3794.0,3879.0,3593.127188809021,3560.204740489693
2020-06-14 14:00:00,3415,3653.0,3754.0,3626.0,3487.4910317859412,3391.140578456612
2020-06-14 15:00:00,3267,3415.0,3590.0,3245.0,3232.297483694034,3218.6579858026
2020-06-14 16:00:00,2925,3267.0,3369.0,3061.0,3056.04366358161,3064.0014336784343
2020-06-14 17:00:00,2743,2925.0,3381.0,3146.0,2884.890797453284,2896.8779391230137
2020-06-14 18:00:00,2766,2743.0,3731.0,3664.0,3036.287088377428,2979.407754258874
2020-06-14 19:00:00,3314,2766.0,3913.0,3548.0,3009.1597721171684,2934.8035733762185
2020-06-14 20:00:00,3072,3314.0,3825.0,3293.0,3333.6490050268008,3246.706577424372
2020-06-14 21:00:00,2251,3072.0,2925.0,2575.0,2575.7122850292562,2736.8044287753964
2020-06-14 22:00:00,1850,2251.0,2674.0,2569.0,2130.4134079854343,2245.639443277311
2020-06-14 23:00:00,1547,1850.0,2273.0,1806.0,1749.3669023367677,1912.1117452890276
2020-06-15 00:00:00,1385,1547.0,1626.0,836.0,1149.0930555401953,1307.2167539682537
2020-06-15 01:00:00,1177,1385.0,1445.0,870.0,1085.2104023291483,1084.2035240732148
2020-06-15 02:00:00,844,1177.0,1388.0,598.0,936.32123203896,915.4678391274875
2020-06-15 03:00:00,741,844.0,915.0,807.0,813.1266334186341,663.9466634915402
2020-06-15 04:00:00,867,741.0,405.0,849.0,792.2445843232172,693.2861536536697
2020-06-15 05:00:00,1584,867.0,938.0,1904.0,1216.8297002670513,1154.8389811460468
2020-06-15 06:00:00,1930,1584.0,1158.0,2466.0,2222.7888239357694,2363.195748864224
2020-06-15 07:00:00,3165,1930.0,1278.0,3534.0,2547.1533477006597,3037.377802587758
2020-06-15 08:00:00,3698,3165.0,2267.0,4059.0,3668.4037705693418,3808.980053312628
2020-06-15 09:00:00,3728,3698.0,3450.0,4034.0,3899.9321564201464,3790.9912514811786
2020-06-15 10:00:00,3567,3728.0,3873.0,3727.0,3718.479196344088,3542.40469198025
2020-06-15 11:00:00,3370,3567.0,3881.0,3526.0,3532.504724832609,3372.6274655323227
2020-06-15 12:00:00,3373,3370.0,3753.0,3700.0,3460.282424528525,3243.4961533993237
2020-06-15 13:00:00,3313,3373.0,3653.0,3302.0,3365.612112964176,3233.3943450590787
2020-06-15 14:00:00,3173,3313.0,3415.0,3275.0,3222.5276711877136,3122.3240587913174
2020-06-15 15:00:00,3024,3173.0,3267.0,3122.0,3108.819308022636,3014.1989101803715
2020-06-15 16:00:00,2886,3024.0,2925.0,3040.0,2972.039332051214,2921.3489360041967
2020-06-15 17:00:00,2866,2886.0,2743.0,3146.0,2952.0758337577454,3024.904700964255
2020-06-15 18:00:00,2797,2866.0,2766.0,3497.0,3068.311339600453,3083.299295998336
2020-06-15 19:00:00,3563,2797.0,3314.0,3783.0,3132.4088988459152,2965.061735035982
2020-06-15 20:00:00,3276,3563.0,3072.0,3645.0,3607.7337552433137,3568.4928012568507
2020-06-15 21:00:00,2869,3276.0,2251.0,2970.0,2849.543897618379,2784.8717824667774
2020-06-15 22:00:00,2717,2869.0,1850.0,2750.0,2476.1241800918137,2513.257050204112
2020-06-15 23:00:00,2296,2717.0,1547.0,2197.0,2216.568609467311,2095.945097763347
2020-06-16 00:00:00,1472,2296.0,1385.0,1463.0,1539.4591822856517,1560.8870389699741
2020-06-16 01:00:00,1581,1472.0,1177.0,1363.0,1143.4894065112967,1277.2917464975578
2020-06-16 02:00:00,1242,1581.0,844.0,1333.0,1282.1965144001713,1297.5689332523843
2020-06-16 03:00:00,672,1242.0,741.0,962.0,962.4522458344529,789.720993396808
2020-06-16 04:00:00,776,672.0,867.0,400.0,689.5730633867272,708.4691359287327
2020-06-16 05:00:00,1497,776.0,1584.0,1423.0,1236.291596980288,1443.4431816110339
2020-06-16 06:00:00,2285,1497.0,1930.0,2417.0,2293.4784691771024,2227.266651896065
2020-06-16 07:00:00,3003,2285.0,3165.0,3443.0,3132.393176343271,3236.325157933291
2020-06-16 08:00:00,3559,3003.0,3698.0,3989.0,3659.664724745733,3408.511000570936
2020-06-16 09:00:00,3672,3559.0,3728.0,4018.0,3834.8503148476766,3665.5142950644577
2020-06-16 10:00:00,3792,3672.0,3567.0,3847.0,3661.3046831845604,3512.534645667665
2020-06-16 11:00:00,3629,3792.0,3370.0,4189.0,3728.9876524086862,3581.6062942646067
2020-06-16 12:00:00,3554,3629.0,3373.0,3856.0,3447.2350504628785,3430.451403862429
2020-06-16 13:00:00,3387,3554.0,3313.0,4040.0,3487.0496260196005,3361.9404212330473
2020-06-16 14:00:00,2980,3387.0,3173.0,3603.0,3211.880684182444,3203.1393327024557
2020-06-16 15:00:00,2894,2980.0,3024.0,3146.0,2922.3062986744662,2887.224600687565
2020-06-16 16:00:00,2828,2894.0,2886.0,3191.0,2916.083095427815,2785.183923836223
2020-06-16 17:00:00,2997,2828.0,2866.0,3397.0,2886.5739150702457,3027.4873179543883
2020-06-16 18:00:00,3159,2997.0,2797.0,3568.0,3104.3538072257934,3098.0255860646757
2020-06-16 19:00:00,3216,3159.0,3563.0,3851.0,3361.9765543695894,3289.8846011904757
2020-06-16 20:00:00,2885,3216.0,3276.0,3481.0,3184.31564871585,3101.8344352833938
2020-06-16 21:00:00,2501,2885.0,2869.0,2667.0,2622.2655256629896,2541.055554292314
2020-06-16 22:00:00,2486,2501.0,2717.0,2462.0,2363.962048966414,2341.379094491605
2020-06-16 23:00:00,2179,2486.0,2296.0,2109.0,2209.2486526847706,2167.3218484126983
2020-06-17 00:00:00,1406,2179.0,1472.0,1611.0,1542.2720785185809,1580.5174330538744
2020-06-17 01:00:00,1208,1406.0,1581.0,1661.0,1262.746761190332,1373.283422838423
2020-06-17 02:00:00,861,1208.0,1242.0,1430.0,1174.9159473001284,1205.7269181574995
2020-06-17 03:00:00,690,861.0,672.0,633.0,765.7015858651491,658.2303273927653
2020-06-17 04:00:00,958,690.0,776.0,941.0,847.8143632789622,713.6837613801275
2020-06-17 05:00:00,1722,958.0,1497.0,1592.0,1346.7109601346256,1412.6906457988014
2020-06-17 06:00:00,2279,1722.0,2285.0,2375.0,2424.8331420628992,2397.197475671634
2020-06-17 07:00:00,3256,2279.0,3003.0,3508.0,2997.809143918626,3136.4187461311185
2020-06-17 08:00:00,3670,3256.0,3559.0,3804.0,3725.804065488882,3636.7488286685257
2020-06-17 09:00:00,3639,3670.0,3672.0,3836.0,3799.133050881159,3658.2915247010746
2020-06-17 10:00:00,3541,3639.0,3792.0,3642.0,3605.625968632609,3458.837483870235
2020-06-17 11:00:00,3362,3541.0,3629.0,3501.0,3458.9696282624473,3348.725640759256
2020-06-17 12:00:00,3303,3362.0,3554.0,3422.0,3358.8137202175567,3216.1760158380803
2020-06-17 13:00:00,3296,3303.0,3387.0,3292.0,3350.227534982636,3122.256884222182
2020-06-17 14:00:00,3162,3296.0,2980.0,3063.0,3117.7677126590515,3101.335244603278
2020-06-17 15:00:00,2947,3162.0,2894.0,2868.0,2995.437562007047,3011.5140236174498
2020-06-17 16:00:00,3059,2947.0,2828.0,2753.0,2869.243247124878,2822.917268105137
2020-06-17 17:00:00,3185,3059.0,2997.0,2915.0,3001.104926216111,3214.4978767182643
2020-06-17 18:00:00,3537,3185.0,3159.0,3095.0,3172.193464353182,3359.396206349206
2020-06-17 19:00:00,3363,3537.0,3216.0,3188.0,3332.207618730304,3529.8806166456507
2020-06-17 20:00:00,3049,3363.0,2885.0,3115.0,3040.702932402998,3111.137948149749
2020-06-17 21:00:00,2586,3049.0,2501.0,2552.0,2617.2640667004234,2669.120832949478
2020-06-17 22:00:00,2261,2586.0,2486.0,2326.0,2327.510699452446,2319.5801643397103
2020-06-17 23:00:00,1929,2261.0,2179.0,2104.0,2038.2339596788304,2038.9181663804377
2020-06-18 00:00:00,1423,1929.0,1406.0,1661.0,1435.298880936084,1547.6476279020364
2020-06-18 01:00:00,1421,1423.0,1208.0,1596.0,1183.997082695693,1325.9640483193277
2020-06-18 02:00:00,1014,1421.0,861.0,1341.0,1137.4760398970254,1159.662738095238
2020-06-18 03:00:00,727,1014.0,690.0,649.0,766.2783104981938,652.7177569901801
2020-06-18 04:00:00,976,727.0,958.0,745.0,821.8489230345497,807.14105606231
2020-06-18 05:00:00,1393,976.0,1722.0,1144.0,1275.633124487507,1417.892676767677
2020-06-18 06:00:00,2074,1393.0,2279.0,1377.0,1860.2956472109267,2090.6125577200573
2020-06-18 07:00:00,3300,2074.0,3256.0,1284.0,2469.908735029503,2877.4651549634577
2020-06-18 08:00:00,3342,3300.0,3670.0,2319.0,3462.4729314840015,3625.300215157959
2020-06-18 09:00:00,3396,3342.0,3639.0,3245.0,3328.21135025271,3283.1818432539567
2020-06-18 10:00:00,3417,3396.0,3541.0,3831.0,3405.0688960244875,3238.531101498665
2020-06-18 11:00:00,3040,3417.0,3362.0,4054.0,3440.2086943904806,3242.014714150011
2020-06-18 12:00:00,3174,3040.0,3303.0,4237.0,3319.3393115080376,2997.785244214484
2020-06-18 13:00:00,3141,3174.0,3296.0,3945.0,3422.5770520203864,3045.7313043071667
2020-06-18 14:00:00,3135,3141.0,3162.0,3855.0,3281.953925429075,2960.3782688784036
2020-06-18 15:00:00,2877,3135.0,2947.0,3771.0,3155.9049670168215,2949.39345997415
2020-06-18 16:00:00,2863,2877.0,3059.0,3052.0,2895.0202215910776,2816.2246692748777
2020-06-18 17:00:00,2939,2863.0,3185.0,3171.0,2934.3378814758244,2996.2455109594475
2020-06-18 18:00:00,2940,2939.0,3537.0,3521.0,3203.423355693657,3118.4933654106258
2020-06-18 19:00:00,3227,2940.0,3363.0,3471.0,3041.318243240085,3068.774174373302
2020-06-18 20:00:00,3180,3227.0,3049.0,3268.0,3184.435974435429,3059.6753739416263
2020-06-18 21:00:00,2832,3180.0,2586.0,2652.0,2739.4725235811256,2680.6003561406087
2020-06-18 22:00:00,2561,2832.0,2261.0,2412.0,2387.4806199714103,2395.4324383306753
2020-06-18 23:00:00,2031,2561.0,1929.0,1980.0,2091.400358336427,2031.5749815994338
2020-06-19 00:00:00,1384,2031.0,1423.0,1430.0,1422.7643587998411,1424.3171575311937
2020-06-19 01:00:00,1501,1384.0,1421.0,1458.0,1192.9231055639493,1314.241497795218
2020-06-19 02:00:00,1337,1501.0,1014.0,1380.0,1291.6034045364433,1176.6438921911422
2020-06-19 03:00:00,786,1337.0,727.0,304.0,823.5322076015364,823.9349741179872
2020-06-19 04:00:00,942,786.0,976.0,811.0,834.4289337464854,850.5060925961127
2020-06-19 05:00:00,1663,942.0,1393.0,1502.0,1283.9776299335592,1390.2524927315599
2020-06-19 06:00:00,2269,1663.0,2074.0,2152.0,2288.937629451912,2321.6802015603444
2020-06-19 07:00:00,3551,2269.0,3300.0,2868.0,2911.1343675153958,3284.8898811888603
