fold,Date,actual,naive_lag_1,linear_regression,ridge,lasso,decision_tree,knn,svr,random_forest,bagging,gradient_boosting,voting
1,2019-06-18,921.0,933.0,932.8229272818885,930.4199777088686,931.8013100991396,921.5,933.1428571428571,927.0079589116096,928.9466666666667,929.5,927.8786816703242,929.0817753486199
1,2019-06-19,933.0,921.0,939.5957428635388,931.8713038183905,937.3438754424985,933.0,933.2142857142857,927.8965815330495,931.1433333333333,931.14,930.4470789956823,931.1539053824687
1,2019-06-20,918.0,933.0,937.999340156244,930.8612224962969,935.411955131503,921.5,933.1428571428571,926.7681206161795,929.8633333333333,929.48,928.5536938891809,929.7594165729371
1,2019-06-21,928.0,918.0,941.6477603451613,932.8595549254838,939.982542154704,933.0,933.2142857142857,925.7941534381442,930.4633333333334,930.91,932.5218037128708,931.9482306572294
1,2019-06-22,937.0,928.0,940.0716929255123,931.8583815413324,938.532731780417,935.5,933.2857142857143,925.393164792774,928.4966666666667,927.1,928.8803435870173,929.7451305983387
1,2019-06-23,937.0,937.0,940.005572557625,934.5076500529063,938.7019372981872,927.0,933.1428571428571,927.950889894552,923.6833333333333,923.16,926.8072727679514,928.332752051397
1,2019-06-24,937.0,937.0,934.6287370407016,930.4852157601048,932.5716361249304,927.0,935.5,929.7395098508983,924.9533333333334,925.27,927.6004185066444,927.6796558666942
1,2019-06-25,937.0,937.0,927.6932905037935,930.7406748440931,927.2953030827873,927.0,934.3571428571429,929.826758750295,924.0433333333333,925.14,922.6649926613406,925.8163336129223
1,2019-06-26,936.0,937.0,922.655815456873,926.5500665881369,922.1835917199993,927.0,935.5,929.3274374915743,921.8866666666667,923.05,924.6529122180935,924.3632151576325
1,2019-06-27,936.5,936.0,918.8139733247594,927.275974124462,919.2074567608278,927.0,934.3571428571429,930.540617673437,921.3766666666667,922.63,923.3202606608564,923.9909671506617
1,2019-06-28,935.5,936.5,922.0099099567066,926.5722523236047,921.6472204173319,927.0,935.5714285714286,929.3871247775121,924.21,924.44,924.8281729695301,925.2034750977117
1,2019-06-29,934.5,935.5,925.0432426927234,926.7994427599525,924.3134029683704,921.5,933.2857142857143,931.3178712115828,923.45,923.8,924.5953632440177,924.9482686679902
1,2019-06-30,935.0,934.5,922.132179137695,925.189987906578,921.5998745522016,921.5,933.0,931.1792388812272,924.13,924.76,925.7150378872753,925.0116752646178
1,2019-07-01,924.5,935.0,923.4422050511738,927.3642547463188,922.4943616463203,921.5,933.2142857142857,931.8390985982599,924.3033333333333,924.65,928.3421642325754,926.6699174374093
1,2019-07-02,921.0,924.5,918.2495536748653,923.7403077819001,917.3204366948644,933.0,934.2142857142857,928.1889413465462,924.21,925.14,929.0559658883421,925.6687578900807
1,2019-07-03,916.5,921.0,920.654375455613,923.2512038844264,918.4675509352721,935.5,934.4285714285714,924.9828154353391,921.57,921.64,916.1471399886146,920.3227812910137
1,2019-07-04,936.5,916.5,926.7402065209789,922.3488381720961,922.9278145357491,935.5,935.1428571428571,919.708945250716,909.8633333333333,909.02,900.1078166155304,910.7733293736533
1,2019-07-05,930.0,936.5,926.2445918402117,924.237833404565,922.3126474233658,921.5,933.1428571428571,917.7961717253368,911.4633333333334,914.51,914.8289654917705,916.8433774098897
1,2019-07-06,939.0,930.0,927.1371313157608,925.3345913620752,923.3164160146293,935.5,933.6428571428571,929.1047687838736,911.0133333333333,914.05,906.108414403119,914.1521130328425
1,2019-07-07,940.0,939.0,920.6260628441094,923.8669477957069,917.7494435571482,921.5,932.3571428571429,927.1433813046506,910.55,911.71,903.8624837798284,912.7598105251785
1,2019-07-08,939.0,940.0,914.5289855487965,923.8765171847961,912.7957352272718,927.0,934.3571428571429,927.1333693031874,911.2333333333333,911.46,902.6677099617684,912.592520159966
1,2019-07-09,939.0,939.0,910.329025362957,920.5389230025921,907.5509431232304,927.0,935.3571428571429,925.7845020455611,911.26,912.18,901.7718111067145,911.1902447031022
1,2019-07-10,934.5,939.0,904.4657490626574,918.8402969843437,902.4257815991149,927.0,935.3571428571429,926.489903727317,911.3666666666667,912.2,901.5430126077553,910.5833254195886
1,2019-07-11,939.5,934.5,908.9600856187736,917.1395986171822,906.1881746885382,921.5,934.6428571428571,928.5956259462272,912.87,915.19,905.0223537433195,911.6773174535006
1,2019-07-12,936.5,939.5,903.5528587893799,917.1431670239946,901.9206489257851,927.0,932.3571428571429,930.1943598602546,912.2966666666666,913.18,903.1262791783861,910.855370956349
1,2019-07-13,936.0,936.5,905.939253754135,915.8603354028866,903.0493988615779,921.5,933.2142857142857,930.4516524730942,912.28,913.2,905.3334367693227,911.1579240574032
1,2019-07-14,935.5,936.0,904.8446754388275,914.717848125911,901.5639886198849,921.5,933.0714285714286,930.0285003393909,911.7733333333333,912.44,904.6669986605898,910.3860600399447
1,2019-07-15,937.0,935.5,903.0356444372459,914.290766666021,900.1428593058394,921.5,933.0714285714286,929.4758942084917,911.9466666666667,912.67,904.6669986605898,910.3014773310924
1,2019-07-16,923.5,937.0,903.2896969851588,913.2966862407113,899.653016369461,921.5,931.4285714285714,929.1480435548801,912.43,913.17,904.3397094853699,910.0221319086937
1,2019-07-17,936.0,923.5,900.5256725500926,910.9640833677001,896.7865635907937,933.0,934.0,923.8983454584427,912.24,913.29,907.3028516728834,910.1689783468613
1,2019-07-18,938.5,936.0,898.9071575495745,911.3995431040292,895.2580604350189,921.5,933.2142857142857,922.6549159238588,910.4766666666667,911.1,902.0491869664988,907.9751322457315
1,2019-07-19,934.5,938.5,897.9638806382528,912.1219739388432,894.5306986719469,921.5,931.4285714285714,927.8938804438549,912.3866666666667,913.29,904.530654828359,909.6797651446228
1,2019-07-20,937.0,934.5,898.6076826059995,911.4308815903591,894.3702285905858,921.5,933.0714285714286,928.4486288239474,911.8233333333334,913.15,905.8417929449782,909.698669289557
1,2019-07-21,937.5,937.0,894.870475649547,910.9511210621014,891.4663863321299,921.5,932.3571428571429,927.2810968079765,912.2166666666667,913.88,904.530654828359,909.2328141857091
1,2019-07-22,921.5,937.5,892.3631730914615,909.9287271763707,889.2544251922332,930.0,933.2142857142857,927.3588515236021,912.3033333333333,913.26,903.9134081448219,908.7151562181753
1,2019-07-23,919.5,921.5,895.778018588976,909.6893122369293,891.4237528230381,934.0,933.2142857142857,921.8608235506413,910.07,912.8,907.9766651093238,909.2453257820844
1,2019-07-24,938.0,919.5,895.8871513829588,907.0072538889425,891.0968176306096,930.0,931.8571428571429,920.613639316919,907.0,906.07,890.0750248492221,901.3607595793883
1,2019-07-25,934.0,938.0,893.700556188471,908.4037742307607,889.5551016691046,930.0,933.2142857142857,915.8800963323995,910.4466666666667,911.63,905.9550069662428,908.2684826212235
1,2019-07-26,906.5,934.0,895.0807701908261,909.2382522637129,890.5602772191396,927.5,933.7857142857143,925.1685618228111,911.1133333333333,914.14,906.6646644031191,909.0054166667218
1,2019-07-27,927.0,906.5,901.8289737230399,907.2227294932286,896.5193891426055,931.5,930.2142857142857,907.6780756259136,908.0466666666666,905.6,894.0972644575971,903.1222202058308
1,2019-07-28,937.5,927.0,898.4252002254419,909.8741331988052,896.1784847571356,931.5,933.2142857142857,911.3592495187846,911.78,912.6,910.0052919063365,910.5531417017138
1,2019-07-29,937.0,937.5,900.9629745274201,913.5127727538629,898.228830458801,936.5,932.3571428571429,919.7325594829674,910.96,912.42,905.2594423039136,909.9107383525921
1,2019-07-31,937.5,937.0,894.9119546137226,907.214090446259,890.9683077765291,936.5,934.2142857142857,920.8789480085289,912.2166666666667,913.84,906.1011030793738,908.5106200640998
1,2019-08-01,938.0,937.5,889.8282979023915,908.6791929933759,886.6988536212091,929.0,934.2142857142857,921.1954005062003,912.1333333333333,914.46,906.0525880426067,908.9550381231053
1,2019-08-02,925.5,938.0,888.112055046389,911.794719333615,885.891901634046,929.0,934.3571428571429,920.8097937491307,913.2166666666667,912.08,904.0646684858536,909.692018162045
1,2019-08-03,923.0,925.5,886.8788399363116,907.6955352814076,885.4072472865413,934.0,934.5714285714286,918.9722481504874,911.7166666666667,913.43,906.2952650536056,908.5691556672267
1,2019-08-04,937.5,923.0,898.8349720473872,909.0299267570599,895.0843532353582,930.0,934.0714285714286,918.5340281306029,915.5466666666666,915.28,911.604091584287,912.0602283360045
1,2019-08-05,892.5,937.5,893.1853566447842,910.536254264662,891.2620820845306,930.0,932.5,915.3683296648958,914.3133333333334,913.08,910.2968930585974,911.7154935521976
1,2019-08-06,903.5,892.5,902.24879459101,911.8715739032882,899.07310748939,934.0,885.6428571428571,892.6328619527612,909.5366666666666,902.93,904.6537140922375,908.6873182207308
1,2019-08-07,933.5,903.5,900.0477034683566,911.2637194623849,900.1792036063613,931.5,918.1428571428571,898.1231044201975,909.1366666666667,903.09,898.2332472669597,906.2112111320038
1,2019-08-08,937.0,933.5,907.0929067624444,916.4528590626445,905.9597493751492,927.5,921.2857142857143,902.1608085951035,908.8166666666667,904.54,894.8248938843982,906.6981398712364
1,2019-08-09,935.0,937.0,908.7878870390065,918.3927931557561,906.5118672143545,934.375,932.3571428571429,915.674978844835,912.9033333333333,912.63,911.1336619917529,914.1432628269473
1,2019-08-10,935.5,935.0,905.2367078488229,912.8235604432549,900.8349936172309,934.375,934.2857142857143,914.3436416083433,912.5666666666667,910.1,909.3314382219318,911.5738884439511
1,2019-08-11,934.5,935.5,892.2613205131587,909.5414631109202,890.719672216922,937.5,934.2857142857143,913.3846098467403,913.4366666666666,910.74,909.2828698054744,910.7536665276871
1,2019-08-12,937.5,934.5,892.7505093812114,914.3305729793743,891.9381382573331,927.5,933.9285714285714,908.2224941889544,915.5033333333333,910.81,909.3048265917663,913.0462443014914
1,2019-08-13,931.0,937.5,893.8299631301503,913.57828910402,892.9136207513366,937.5,935.3571428571429,907.4633584390076,914.1833333333333,913.21,907.5616325464432,911.7744183279323
1,2019-08-14,931.0,931.0,909.3335575497659,914.325055421335,906.9089780005282,934.5,934.4285714285714,915.1762235945548,913.2333333333333,914.47,906.7546145533701,911.4376677693461
1,2019-08-15,927.0,931.0,905.4847858698437,913.566329759999,904.1514906254198,930.0,931.8571428571429,919.9001545069333,912.5266666666666,913.13,906.189715413081,910.7609039465823
1,2019-08-16,936.5,927.0,907.5716390869986,912.2245973223484,904.952418605052,931.5,933.2142857142857,919.0229082043343,912.7066666666667,913.65,906.6646644031191,910.5319761307113
1,2019-08-17,931.0,936.5,906.6995738905857,912.8245450383748,903.9152041659885,936.0,932.1428571428571,917.2743664978385,911.6933333333334,912.38,905.2594423039136,909.9257735585406
1,2019-08-18,922.0,931.0,908.0043030463345,913.9618406810596,905.0101083991526,930.0,933.2142857142857,920.0232750455184,912.5966666666667,913.04,906.6646644031191,911.0743905836152
1,2019-08-19,919.0,922.0,906.5078818852359,909.0393421015403,902.9860621000284,931.5,933.6428571428571,915.1241195771199,911.6233333333333,912.58,906.4024284192876,909.0217012847203
1,2019-08-20,887.5,919.0,914.6276561090267,910.1069492186515,909.1866186021877,931.5,933.2142857142857,914.3681446655318,911.2366666666667,912.68,906.5165908652461,909.2867355835215
1,2019-08-21,904.5,887.5,912.2280661726104,908.2983796829426,907.7519158971452,931.5,897.0714285714286,895.3649136061521,907.2166666666667,902.67,906.0109093007305,907.1753185501133
1,2019-08-22,923.0,904.5,923.173020717,912.8077591293813,917.8584762346843,931.5,902.4285714285714,897.3916843599472,908.3633333333333,902.08,897.7203566590298,906.2971497072481
1,2019-08-23,908.5,923.0,930.6962646432105,916.1758891789148,924.307404469071,930.0,919.2857142857143,902.3466512087778,908.3766666666667,903.51,894.4569399839694,906.3364986098503
1,2019-08-24,933.5,908.5,944.7213921634503,919.6165978414081,936.453935226911,931.5,933.2142857142857,906.1414656106077,907.8666666666667,900.28,899.1783384067434,908.887200971606
1,2019-08-25,933.5,933.5,940.4260742023127,920.8862311738741,933.1808031390876,932.0,921.3571428571429,906.3586345707133,911.99,910.81,911.2728866703168,914.7163726147304
1,2019-08-26,934.0,933.5,928.6293672134673,920.2020653196391,923.9515057123633,937.5,934.2142857142857,909.696306157892,913.0233333333333,910.05,909.2828698054744,914.1694228194823
1,2019-08-27,935.0,934.0,919.349857005573,921.4843124458796,916.6330695343481,937.5,929.7142857142857,904.7169131926098,914.8233333333334,911.16,909.3731420597499,915.2269292796542
1,2019-08-28,929.5,935.0,923.780428244958,918.2216733601696,918.4467867802342,937.5,921.0714285714286,904.0373681586323,915.1533333333333,913.21,909.2828698054744,914.2192921663258
1,2019-08-29,935.5,929.5,915.8709853483274,915.6687463654716,914.0228463075895,937.5,934.1428571428571,912.3018929784216,911.77,912.66,908.4382241282748,911.9589901645821
1,2019-08-30,932.0,935.5,909.068257826461,917.4635233439741,909.0734562394907,939.0,932.2142857142857,914.3934170690745,911.0266666666666,911.16,904.201795856328,910.8973286223228
1,2019-08-31,934.0,932.0,923.3714866052185,917.0833944384761,920.2475617463223,934.5,934.0714285714286,914.6267424694923,913.0533333333333,915.53,906.7546145533701,912.2971141083932
1,2019-09-01,918.0,934.0,921.2167732879554,918.5529176167848,919.0079377439149,935.5,932.0,918.1420595827292,913.0366666666666,914.63,906.4213123313103,912.6702988715873
1,2019-09-02,928.5,918.0,918.8955323432625,915.4727488102261,915.8972849959993,931.5,933.3571428571429,913.3210372451354,912.72,914.83,909.6779106084414,912.6235531395558
1,2019-09-03,934.5,928.5,918.6347473897035,915.2786966851471,916.1957400395928,931.5,929.2142857142857,911.0201096166436,909.6233333333333,910.96,902.1830158042595,909.02834860758
1,2019-09-05,934.5,934.5,922.6937591252323,917.2339736005056,919.1776484644172,920.0,929.2142857142857,915.5475372310231,910.39,910.77,903.2480752973993,910.2906829659682
1,2019-09-06,934.5,934.5,923.7212988508311,918.9327854308525,919.5351663110209,922.0,931.8571428571429,917.5196631725445,911.8266666666667,912.34,904.7573442418715,911.8389321131302
1,2019-09-07,934.5,934.5,919.9950039027852,918.5064443539145,917.3087438353991,922.0,931.8571428571429,916.8480393899313,911.3066666666666,911.6,904.7573442418715,911.5234850874841
1,2019-09-08,936.0,934.5,922.4000225498905,921.135819214428,918.8020404373601,924.5,934.0714285714286,917.52135006881,911.9166666666666,912.01,904.7573442418715,912.6032767076554
1,2019-09-09,933.0,936.0,918.9991871492535,919.1947402191474,916.5362754654722,920.0,934.1428571428571,917.2846202326643,911.9166666666666,912.26,904.7573442418715,911.9562503758953
1,2019-09-10,934.5,933.0,927.06248945998,919.754111092787,923.001244775951,922.0,934.0714285714286,917.0681983620229,912.3333333333334,913.02,905.0906464639312,912.3926969633504
1,2019-09-11,934.0,934.5,933.743640135228,924.4850288761277,928.3873265183872,924.5,932.1428571428571,917.1185186906375,914.07,913.51,904.0525297462191,914.2025195407823
1,2019-09-12,936.0,934.0,929.0864609740855,920.3326981657129,925.1069388543762,922.0,931.8571428571429,918.3179435031002,911.7333333333333,912.74,904.5072067722838,912.1910794237768
1,2019-09-13,933.5,936.0,928.6375300007707,920.2997485155543,924.4267350916682,922.0,932.0,918.1066554846334,912.09,912.57,904.3238514410252,912.2378666521932
1,2019-09-14,936.5,933.5,929.9568683149281,920.0192597478109,925.3352617890616,922.0,933.0714285714286,918.3397214894642,911.4366666666666,911.99,904.657153663085,912.0376933591875
1,2019-09-15,939.0,936.5,929.1832032244852,920.0241281242832,924.7669990067958,922.0,931.4285714285714,917.8520503476261,910.7433333333333,908.23,904.6762435952204,911.8145683509456
1,2019-09-16,934.0,939.0,928.516776338816,919.9054316556866,924.3711138657635,922.0,932.1428571428571,917.8720967431642,911.0133333333333,908.15,903.2712954026989,911.3966867972396
1,2019-09-17,933.0,934.0,930.0505516340717,919.5734619847508,925.3244519162271,922.0,933.0714285714286,918.0912990397629,910.2266666666667,907.4,903.2318961449225,911.0106749321134
1,2019-09-18,896.0,933.0,930.5142068258102,919.8603199155643,925.9738342724859,922.0,931.8571428571429,917.7914579034517,910.1466666666666,907.11,902.94710895963,910.9846985139537
1,2019-09-19,874.5,896.0,915.4830444235505,912.6826400285532,912.9686210952275,928.0,904.9285714285714,896.083257293619,905.8433333333334,902.0,890.3658686557463,902.9639473392109
1,2019-09-20,917.5,874.5,931.3497345243226,914.65160492608,927.6152761211806,928.0,894.6428571428571,891.479399464218,906.1933333333334,906.69,898.4761463731537,906.4403615441892
1,2019-09-21,919.0,917.5,945.5913066439969,922.8311860569765,941.0992675992673,928.0,877.5,893.8233622755861,906.76,905.82,896.4075192504724,908.666235102483
1,2019-09-22,923.5,919.0,952.4238772940947,931.661643962674,950.6294970962298,838.5,918.1428571428571,901.2754063396931,901.4466666666667,900.16,898.8422614042909,910.6501906778773
1,2019-09-23,936.0,923.5,958.6371735332199,934.0558291868289,956.0134472777903,898.5,929.4285714285714,907.3711276479333,905.6933333333334,905.38,906.1256874735848,915.2916166645824
1,2019-09-24,936.5,936.0,954.1437852786645,935.6852146356555,953.885688046174,898.5,932.2142857142857,906.3955305080268,904.1666666666666,902.98,903.0713601619145,914.3077471547455
1,2019-09-25,935.0,936.5,949.7568001024977,939.329787001909,951.5628655795431,898.5,911.0,901.2416534868715,905.13,904.74,903.8472280689339,916.1023383569476
1,2019-09-26,932.0,935.0,939.2999164314665,938.9313767923434,942.909536768218,898.5,900.7857142857143,899.9727896881825,907.72,903.86,907.9992428501071,918.2168732141503
1,2019-09-27,934.5,932.0,961.7062684918602,937.938821816572,961.0435169030902,898.5,919.7142857142857,901.7940061536711,904.8233333333334,901.51,904.3294233709133,915.697192840273
1,2019-09-29,926.5,934.5,954.8204006431606,938.6144094030119,957.8923304794131,898.5,934.1428571428571,913.3444048319849,905.4333333333333,903.1,905.9840407056064,916.6772611473172
1,2019-09-30,717.0,926.5,958.6387236723004,938.1348436671096,961.1023373003239,898.5,933.0714285714286,914.9055397070357,910.1233333333333,910.63,911.5071860281329,919.9217876761919
1,2019-10-01,919.0,717.0,941.278913097596,939.6185157406476,968.5907247066489,887.0,885.2857142857143,892.9539517566976,896.4633333333334,889.35,912.7693415862772,916.283730220086
1,2019-10-02,933.0,919.0,942.488486600262,958.104820965993,975.1673716378178,890.0,882.1428571428571,892.9539517433473,906.2233333333334,901.19,918.8555138051419,927.7278893681561
1,2019-10-03,925.0,933.0,972.7058991032336,971.6174177568275,998.0116683902363,890.0,885.2142857142857,892.9347068822946,903.6433333333333,898.29,916.4307956722784,930.563848920813
1,2019-10-05,933.5,925.0,971.6408362419653,973.9059811397325,996.2449187890747,898.5,907.7857142857143,893.4398151244704,907.5733333333334,901.18,910.4649640803995,930.6480928511551
1,2019-10-06,934.0,933.5,954.6138058396781,970.4229897984261,983.6594033986711,898.5,899.9285714285714,893.2491879366833,910.4733333333334,907.22,920.181078179596,933.6924671037851
1,2019-10-07,935.0,934.0,971.3154624200012,994.2546634656342,996.8865372525543,898.5,899.5714285714286,892.6925546598204,912.2766666666666,911.67,921.4204862139406,942.6506054487472
1,2019-10-08,936.0,935.0,920.3947033438122,963.1332882413923,961.9297320428409,898.5,901.5714285714286,892.9061530706116,911.1433333333333,908.51,917.8843523566316,930.7203246437857
1,2019-10-09,936.5,936.0,1103.578449180699,996.3151989946047,1107.2272405847461,898.5,898.6428571428571,892.9539509724799,917.08,915.3,927.8558563923292,947.0836851289779
1,2019-10-10,863.5,936.5,1072.498792386329,1002.1773683245135,1092.6825747319563,898.5,912.4285714285714,900.5326620435198,918.4366666666666,916.6,928.1181793645392,949.5774047852398
1,2019-10-11,903.0,863.5,1046.9750279978143,989.050298553113,1067.2547065146389,887.0,888.1428571428571,890.7481643178594,910.8666666666667,909.11,933.1768311227781,944.3645987808526
1,2019-10-12,934.0,903.0,1054.161461561318,988.1339017408924,1072.3299950696075,890.0,876.9285714285714,893.4396822277479,912.8233333333334,908.79,921.4892699789104,940.8155016843788
1,2019-10-13,936.0,934.0,1062.9925296856363,994.4678793969009,1078.5478951619675,890.0,885.9285714285714,895.5429906765684,918.0266666666666,916.73,927.1282431791168,946.5409297475616
1,2019-10-14,924.0,936.0,1063.828687491392,993.7295699765752,1076.773444973449,898.5,903.4285714285714,899.6364668754228,921.5966666666667,919.82,930.076581060217,948.467605901153
1,2019-10-15,924.0,924.0,1053.87228869872,980.0240559110935,1067.9230772120125,898.5,883.0714285714286,893.7441822919476,915.8866666666667,916.84,908.8603007637191,934.9236744471597
1,2019-10-16,932.5,924.0,1056.9717106945038,990.7280529912979,1072.9612916285926,898.5,904.6428571428571,900.1669119512953,920.6066666666667,920.48,927.7984475356183,946.3777223978609
1,2019-10-17,930.0,932.5,1064.5093686528728,999.7474550122921,1079.190994648416,898.5,904.6428571428571,897.5873320488834,919.1333333333333,920.94,930.5434912462182,949.8080931972812
1,2019-10-18,917.5,930.0,1091.0727143794038,997.7737567000704,1098.6415895075068,898.5,899.3571428571429,896.7289081085871,921.3966666666666,920.76,929.368033944279,949.512819103672
1,2019-10-19,922.5,917.5,1092.1938072334854,995.6694319035489,1101.3920325212694,898.5,905.1428571428571,900.3160566526294,921.79,920.48,933.8473241895118,950.4355853643536
1,2019-10-20,925.0,922.5,1088.7190863010755,996.8465098137573,1100.2966522793608,898.5,905.4285714285714,901.2894362111285,921.28,921.89,932.1729345162461,950.0998147766678
1,2019-10-21,926.0,925.0,1098.2833828396658,1000.8534949596445,1108.0274607372505,898.5,904.2142857142857,902.0044530366488,921.7233333333334,921.22,931.8782133807358,951.4850138912379
1,2019-10-22,908.0,926.0,1101.0511239455664,1002.5552784125049,1110.2158581864949,898.5,904.2142857142857,902.352882184051,922.5366666666666,922.65,931.8536106466937,952.3151852419551
1,2019-10-23,909.5,908.0,1100.0178922165665,999.0931173651385,1108.706162026483,890.0,905.5,899.6955821776908,917.1233333333333,915.78,919.6489737936016,945.2884748306911
1,2019-10-25,921.5,909.5,1103.928588656477,998.9407144493013,1112.7715645623107,890.0,902.7142857142857,898.9539507619244,912.4966666666667,911.41,900.526858027264,937.321413047744
1,2019-10-26,926.0,921.5,1108.6182653551089,1002.7473607043987,1117.1536497527559,898.5,904.1428571428571,901.1167978095933,917.7,914.89,928.4940276444958,949.6471294496315
1,2019-10-27,927.5,926.0,1107.420165260656,1003.332075112962,1115.0519308696955,898.5,905.5,902.2041465204035,921.97,919.49,931.8260924049763,952.3760558393128
1,2019-10-28,926.5,927.5,1104.6955416311457,1001.3161914145533,1111.8750497976569,898.5,906.2857142857143,902.8260901685175,921.5166666666667,918.86,931.8260924049763,951.5529834953987
1,2019-10-29,926.0,926.5,1102.94524975426,1000.9243007059719,1109.7500675078409,898.5,897.2142857142857,902.8482350414529,921.3766666666667,921.11,932.4907279614547,951.5972317780311
1,2019-10-30,926.0,926.0,1098.3759203731186,999.0210575003373,1106.2873513743293,898.5,897.2142857142857,902.4367943722362,921.0666666666667,919.31,931.6752742706338,950.5876661458793
1,2019-10-31,932.0,926.0,1097.3248998850127,998.9069621727789,1105.176968716308,898.5,897.2142857142857,902.0120937600756,920.9933333333333,923.0,933.0041947722451,950.9681634261192
1,2019-11-01,932.5,932.0,1099.8497296188204,1000.4983805076145,1108.3865063692726,898.5,909.9285714285714,901.5578042703096,921.2233333333334,922.12,933.0219910328002,951.581234957916
1,2019-11-02,931.0,932.5,1004.0779463043675,963.5214215279062,1008.2929514353558,898.5,931.0714285714286,916.4220870337531,923.7066666666667,922.68,927.5358626181466,938.2546502709065
1,2019-11-03,933.5,931.0,1000.9159044606838,962.9958301059648,1005.5491303033311,898.5,930.8571428571429,917.4388247888055,923.7433333333333,922.77,927.5843776549137,938.107847031404
1,2019-11-04,933.0,933.5,999.5381708626264,961.4587207259884,1003.1822082432515,898.5,931.2857142857143,917.6781333482619,923.7066666666667,922.45,927.5358626181466,937.5670833369339
1,2019-11-06,932.0,933.0,996.4223467726043,960.8643988484002,1000.351828789103,898.5,931.2857142857143,918.3484148378576,923.7633333333333,922.89,918.7058434040044,934.444525195246
1,2019-11-07,935.0,932.0,992.1469708589559,958.1834897685537,996.7300999803876,898.5,931.0714285714286,918.0592218029498,920.7666666666667,920.28,915.8655310675674,931.605229167596
1,2019-11-08,934.5,935.0,993.0812703172585,958.0272779882356,996.9407411816703,898.5,928.8571428571429,917.8264278622312,923.0466666666666,922.0,924.1707405009599,935.0815617186208
1,2019-11-09,929.0,934.5,990.9248461321263,957.6349786913768,994.5763867457492,898.5,931.0,919.2871526861243,923.6033333333334,922.54,924.2192555377271,935.1525225208125
1,2019-11-10,929.5,929.0,988.8899155130363,955.4739897745643,992.1120108603111,898.5,930.5714285714286,918.9776990288694,922.7533333333333,922.46,925.6205241352228,934.6159490810401
1,2019-11-11,925.5,929.5,987.8926022825824,954.2692295233508,990.5574265233261,898.5,929.0714285714286,918.5910151696417,922.5566666666666,922.35,925.1455751451847,933.9904904450674
1,2019-11-12,934.5,925.5,969.685597984549,948.7298115763562,969.4685805192676,898.5,930.5714285714286,918.6826308022545,924.3366666666667,925.83,924.8715999615066,932.6460260681765
1,2019-11-18,925.0,934.5,954.3756446590418,944.3903282700464,956.5891334286031,898.5,929.2142857142857,919.083879537725,923.85,923.22,925.3226391484687,931.1876558061717
1,2019-11-19,934.5,925.0,952.0188302358815,942.3955753071007,954.5259128400598,898.5,930.4285714285714,919.9022351001806,924.2766666666666,924.19,925.2777619508041,930.6500013081904
1,2019-11-20,932.5,934.5,952.9598453294705,945.8647245958018,954.5781297620076,898.5,929.2142857142857,918.8454248668152,923.22,926.21,923.5540016912828,930.8795754290283
1,2019-11-21,927.0,932.5,953.1739769684726,945.6954590592352,954.649053348077,898.5,930.8571428571429,921.5917998686353,923.0433333333333,926.2,924.4118284768329,931.0502069564672
1,2019-11-22,933.0,927.0,951.9727310786418,944.3535764398799,953.3522701917839,898.5,930.7857142857143,921.3783454540348,923.47,924.67,924.4118284768329,930.7451349722377
1,2019-11-23,914.0,933.0,949.553628224479,943.0945845740055,950.6611868960211,898.5,929.0714285714286,920.7999314644984,923.9066666666666,925.15,924.3690866298073,930.4567792901598
1,2019-11-24,931.0,914.0,946.948010414845,939.9823426980511,947.7645106015061,914.0,931.0,914.3340471917556,922.7366666666667,923.2,928.0309871131706,930.2499988259627
1,2019-11-25,933.0,931.0,939.7682243151853,938.7574176804678,943.4997816328838,898.5,929.8571428571429,915.5121693081898,922.1233333333333,919.65,924.4383294674137,928.4396934937382
1,2019-11-26,933.5,933.0,937.6192384393281,937.8998050256085,941.0505254983315,898.5,929.2142857142857,921.3918929433308,924.43,921.65,925.6337335658842,929.3211795304975
1,2019-11-27,924.0,933.5,932.9845337949077,937.4539506245948,937.2916204640396,898.5,931.0,922.8934700234676,924.02,920.73,925.2127301774466,928.8955602673472
1,2019-11-28,925.5,924.0,933.7646520977053,936.6920723570888,937.7469103982596,898.5,931.4285714285714,921.6110267384192,924.08,921.1,925.4572411199736,928.7431044923542
1,2019-11-29,928.5,925.5,929.387040662626,935.1366267509502,934.3010105179931,898.5,929.2142857142857,922.1574786454286,924.0966666666667,921.13,925.1196322392753,928.1176418856307
1,2019-11-30,920.0,928.5,926.7130481654542,937.3936796710176,932.4737922659986,898.5,929.1428571428571,921.2449640159284,923.62,920.29,925.348965676438,928.7875484491518
1,2019-12-01,923.0,920.0,932.1394026805856,938.6137320582785,936.9882719956654,898.5,931.2857142857143,918.9300065914314,924.0533333333333,923.71,926.6339454802576,929.7670036239564
1,2019-12-02,924.0,923.0,928.3546043085539,938.8840978489767,935.1551143759485,898.5,929.8571428571429,917.9731286636506,922.7533333333333,922.36,925.4856259441674,929.0410190421593
2,2019-12-03,924.5,924.0,921.1537486856972,922.7453595920546,921.7342077363601,923.6666666666666,927.2857142857143,926.0623511108206,925.0633333333334,926.78,924.307290746915,924.0386612241009
2,2019-12-04,932.5,924.5,922.2343853025839,923.3929402080933,922.8371290504024,923.6666666666666,927.2857142857143,925.1663514989841,925.0266666666666,926.46,925.3121923363263,924.5772664036954
2,2019-12-05,930.0,932.5,922.8162733984367,924.0469096998393,923.3932747736843,918.0,925.3571428571429,927.5199530094432,926.3466666666667,926.1,926.0371145978162,925.4768969881073
2,2019-12-06,922.0,930.0,921.3768440741018,923.2230010509022,921.9463991675677,918.0,927.0,927.7908513835621,926.6,926.42,926.394274630577,925.4057585604932
2,2019-12-07,932.5,922.0,920.1013483344512,921.8146881306066,920.6527894011941,923.6666666666666,927.3571428571429,924.7178845403174,926.1766666666666,926.28,924.3100895802448,924.1004814591728
2,2019-12-08,932.5,932.5,921.8068023309428,923.9839898844638,922.1352223192433,918.0,926.6428571428571,927.5516001474822,926.1666666666666,925.46,924.5302625211519,924.8936396907608
2,2019-12-09,916.0,932.5,918.348929874805,922.5823442245357,919.4608792871376,918.0,925.7142857142857,928.6585346076199,926.6033333333334,926.0,925.9765358029892,925.054071120286
2,2019-12-10,933.0,916.0,916.1366442553442,920.0995814251141,917.3049732013153,928.0,929.7142857142857,921.8058785726058,923.2533333333333,923.94,922.2256472163521,921.8595206582664
2,2019-12-11,930.5,933.0,916.7482757829283,921.8340663690162,918.2355204771077,918.0,920.7142857142857,926.9705792890849,925.76,926.37,925.3079216000717,924.3006626563625
2,2019-12-12,934.0,930.5,915.5636006000233,920.7604237079947,917.0465020938013,918.0,926.0,928.0548821933025,926.7566666666667,926.77,927.1719337094968,924.896341361386
2,2019-12-14,913.5,934.0,915.525257159655,920.8078359695968,917.1334624230905,918.0,924.5714285714286,929.826723182716,926.0533333333333,924.92,926.6935261982792,924.5182318337365
2,2019-12-15,933.0,913.5,914.8430988554896,918.0110770860778,915.8272956988794,931.0,929.0714285714286,920.0846524152748,923.3133333333334,924.42,922.5143027931299,921.2795710708469
2,2019-12-16,932.5,933.0,917.2972957947375,921.7150763295127,918.5204670118239,918.0,926.6428571428571,926.7258966255132,926.5,927.13,925.5965771768496,924.6038845021208
2,2019-12-17,868.0,932.5,914.8759732045905,920.0091849741044,916.2992785187056,918.0,925.7142857142857,929.4235943524468,927.4566666666667,927.39,927.0529740414793,924.8396085607501
2,2019-12-18,930.0,868.0,906.5634599260233,909.4683278348829,907.9596040354566,903.0,891.2142857142857,896.757810772944,908.6066666666667,910.65,909.0301160568512,909.0350368528002
2,2019-12-19,840.5,930.0,913.116060055253,919.1912925105257,915.0713621024163,918.0,919.3571428571429,916.9901055638824,926.38,928.55,932.925068859831,926.1654537901189
2,2019-12-20,922.5,840.5,906.3870568648742,905.6735669414838,906.8506769591675,903.0,888.4285714285714,903.3911564183616,909.8033333333333,910.25,913.1560133113769,909.5443045287315
2,2019-12-21,916.5,922.5,921.7211273708588,921.1967215625677,921.8656818793713,908.5,911.9285714285714,912.4268834696957,925.64,926.74,936.2388874500639,927.6918696708772
2,2019-12-23,926.5,916.5,918.608300289729,917.3525711472845,918.7977987461902,934.0,927.2142857142857,916.636761172388,925.17,926.28,928.4354355833425,923.652668910209
2,2019-12-24,928.0,926.5,924.0453768285593,922.7307316756572,924.378556306679,935.0,935.3571428571429,925.8064787614212,927.1266666666667,927.03,925.3737632408315,925.0770538610518
2,2019-12-25,922.0,928.0,918.3637351273604,920.5467205070103,919.2239987063655,935.0,935.4285714285714,929.5693895693528,926.8766666666667,927.53,927.2728692535942,924.8987521424237
2,2019-12-26,897.5,922.0,923.1891304723335,925.076281083567,924.4205651058911,932.5,924.2857142857143,917.4855309947642,925.8366666666667,926.83,929.1399918558673,926.6843132020336
2,2019-12-31,903.0,897.5,899.3634014297714,911.9665528187428,903.1021802709528,934.0,918.5714285714286,913.7625018375458,917.3966666666666,919.38,917.1890083142285,915.517409266546
2,2020-01-03,856.0,903.0,880.2186006162672,880.0611726782245,879.9989941412298,838.5,922.4285714285714,907.4644906552417,882.7633333333333,895.46,903.9033696624601,888.9092918913393
2,2020-01-04,911.5,856.0,866.0479118017947,871.6602528472497,867.4354438147243,880.0,891.2142857142857,895.4186234835888,879.2133333333334,884.25,880.2722720874415,877.0486194226747
2,2020-01-06,923.5,911.5,878.0441736281545,881.5596376319427,878.7529957882266,838.5,916.7142857142857,913.2652644732026,886.3966666666666,890.1,891.0802305823831,886.3455116269974
2,2020-01-07,915.5,923.5,880.9637253591874,883.0414870305302,881.7086546333578,838.5,905.5714285714286,912.7333826968728,889.5666666666667,892.81,889.6829709363702,887.4303748778557
2,2020-01-08,900.5,915.5,882.1014026727487,881.0221298258784,882.190400804773,893.5,908.9285714285714,912.0608993400502,886.96,893.54,888.6116309201396,885.5312535820061
2,2020-01-09,904.5,900.5,882.6939587569691,881.0900177861878,882.508140242426,895.5,913.0714285714286,910.3153206759221,885.3033333333333,883.41,889.0982423916865,885.1638645037359
2,2020-01-10,868.0,904.5,886.8520200729313,884.2667116774652,886.5618370332631,893.5,888.8571428571429,906.5010908294183,873.4166666666666,870.65,883.3414925267905,880.3416236236408
2,2020-01-11,852.0,868.0,878.0941394481589,877.5547937754726,877.6219383971569,895.5,898.0,898.3919402128087,884.0066666666667,882.5,895.2795368850238,885.6136657757211
2,2020-01-12,873.5,852.0,878.9822029081615,875.5970479319961,878.0660734058423,884.0,908.7142857142857,899.3899542263465,874.0266666666666,876.15,879.433534653877,876.3524164175133
2,2020-01-13,913.5,873.5,877.0256411819362,876.4542893833743,876.8724067941206,887.5,901.2142857142857,904.3580316744826,877.0366666666666,880.03,880.4329775669926,877.9746445390111
2,2020-01-14,907.5,913.5,886.3477095996549,884.1878445528951,885.7602185636129,838.5,916.7142857142857,912.4912325143974,887.5766666666667,885.66,893.2490586337327,888.3378566177648
2,2020-01-15,907.0,907.5,889.8666804629066,884.760755511411,888.9046063556482,895.5,902.2857142857143,909.6210067163464,887.47,888.34,898.902290162144,890.377681891185
2,2020-01-16,863.5,907.0,891.634900165806,886.089779405094,890.4843836028144,905.5,907.5,911.6801566326432,887.1933333333334,887.86,896.0784140738341,889.7871756040872
2,2020-01-18,910.5,863.5,896.8033649106013,886.1271344651522,892.3676149827004,883.0,896.2142857142857,900.2143545718682,888.0066666666667,887.44,889.5663252785537,887.900042136791
2,2020-01-19,919.5,910.5,891.1710980587748,889.562260750557,890.528578549654,893.5,893.4285714285714,906.8406518559595,889.3733333333333,890.27,896.4579753248171,891.7978564695692
2,2020-01-20,919.5,919.5,882.6176661082662,886.5331261813986,883.2560617192605,895.5,909.9285714285714,905.6854472138913,892.3366666666667,893.7,895.3920687531057,891.4206205337236
2,2020-01-21,903.5,919.5,877.9617984203462,885.6498523517696,879.7052374472047,895.5,911.0714285714286,907.1689567048405,892.9366666666666,896.14,903.69906243847,894.0951938189688
2,2020-01-22,884.0,903.5,874.3784797578859,882.6462547418074,876.1190602185151,895.5,898.7857142857143,906.0144170579207,887.3433333333334,886.7,896.3815268984837,888.7903716578749
2,2020-01-23,919.0,884.0,879.1745127656675,883.050574343583,879.8154602620376,895.5,907.0,899.039196205843,890.9233333333333,888.97,889.4056145143062,887.7931740637408
2,2020-01-24,919.0,919.0,879.3241065032751,886.3813343293166,880.385043732308,895.5,911.4285714285714,912.9070055362384,892.2166666666667,890.15,896.3021457475298,891.6333822478377
2,2020-01-25,921.0,919.0,880.4961694318623,884.5593506539333,881.5773659974309,893.5,903.6428571428571,904.9889037934664,884.5233333333333,892.58,890.8816533315459,886.6547791062708
2,2020-01-26,922.0,921.0,874.9580874581675,881.7494769114626,876.487009629944,893.5,882.7857142857143,907.9338873041494,879.3666666666667,878.82,885.5057196528176,882.2072877436489
2,2020-01-31,921.5,922.0,877.0261412532989,883.0595020007111,878.3715072525163,907.5,894.7857142857143,911.1104167195616,889.4233333333333,894.39,893.8614430360273,888.7814261233572
2,2020-02-01,912.0,921.5,878.9387905422436,886.101652559363,880.506270737331,895.5,912.6428571428571,915.3668941660945,890.96,894.48,896.3339091830572,891.1318539141402
2,2020-02-02,921.5,912.0,878.8560363297108,885.3041717867573,880.3071934052182,895.5,903.5,910.9782637525767,887.0533333333333,889.32,896.3339091830572,889.5638047677159
2,2020-02-03,920.5,921.5,879.7301080308545,884.7979762217539,880.9786751705889,895.5,916.2857142857143,910.91853118956,895.0466666666666,896.87,897.5414499094663,892.4620309326289
2,2020-02-04,919.5,920.5,876.3330271705814,882.7331554120002,877.879584628753,848.5,901.2857142857143,910.9508212836018,888.3366666666667,897.33,881.8412474858319,884.3036898548329
2,2020-02-05,919.0,919.5,879.9136174310327,884.6088355617705,881.052076600113,895.5,903.0714285714286,912.0463899891129,892.88,897.72,897.8532504698622,891.7806953438776
2,2020-02-06,920.5,919.0,882.3260267575765,885.5949228210337,883.1351879471262,895.5,903.1428571428571,912.2691921938762,892.0,896.87,901.3618105427327,892.9855777879221
2,2020-02-07,923.5,920.5,884.1565262015603,886.5144903742597,884.7838507882874,895.5,906.1428571428571,912.5854403979598,893.3233333333334,896.41,900.8427145631018,893.5601794235649
2,2020-02-08,924.0,923.5,885.5006872226405,887.3256597729758,886.1260783256704,895.5,905.0714285714286,913.0768293314583,893.6666666666666,892.67,900.8427145631018,893.9450136675814
2,2020-02-09,923.5,924.0,883.7722545841835,884.6255261881533,884.0233370166831,907.5,912.4285714285714,913.64968302504,890.2766666666666,890.06,897.0167782606633,890.6396570384944
2,2020-02-10,922.5,923.5,884.0960567762854,885.6366939764542,884.3901488617378,895.5,918.5,914.6654181297368,892.3233333333334,893.18,901.2604533906897,893.0734935668257
2,2020-02-11,923.0,922.5,884.7268388050878,886.0965099544833,885.105730583655,895.5,924.6428571428571,914.7156114771522,892.2666666666667,893.08,901.2604533906897,893.2078766706132
2,2020-02-12,921.5,923.0,885.3458688181385,886.7277815039632,885.7823445194639,895.5,924.4285714285714,914.9401203802931,893.0266666666666,892.86,902.6299931949621,894.128147121864
2,2020-02-13,898.0,921.5,885.188848200446,886.3907094362452,885.6040039534039,895.5,926.8571428571429,914.5986433692975,891.6833333333333,893.08,894.1973990381003,890.7571472692263
2,2020-02-14,882.0,898.0,883.7561182202347,884.4206331761246,884.0399792958078,817.0,909.2857142857143,903.6191936065273,872.1133333333333,878.45,880.8522286925087,879.1287317339888
2,2020-02-15,921.5,882.0,882.9324105729282,881.9998857729528,882.7840764239833,849.5,890.2857142857143,898.6642633472038,870.5666666666667,879.45,881.4009789355575,877.989177125059
2,2020-02-16,922.5,921.5,886.6440227300108,887.1446791494163,886.8555670303149,838.5,918.0,909.3780386172641,881.7833333333333,888.34,893.6695159414628,887.5325094747374
2,2020-02-17,921.0,922.5,885.2210923873442,885.2043764852997,885.4711217508327,878.5,902.0,909.9033661410175,891.9733333333334,889.85,897.8796914821344,891.6858004335891
2,2020-02-18,917.0,921.0,887.2502612118495,886.0940537588214,887.251229827781,878.5,907.1428571428571,911.9876044554102,892.0733333333334,891.01,898.0093363194551,892.0589078038698
2,2020-02-19,922.5,917.0,886.4553185306097,886.0217039850228,886.668378715524,878.5,907.1428571428571,912.4889089956746,891.07,890.23,903.7155589347566,893.6024209732599
2,2020-02-20,923.0,922.5,887.309773708788,888.6710389737647,887.8332009139593,878.5,919.3571428571429,914.7919678599242,891.87,892.36,900.2053375257183,893.5821254998276
2,2020-02-21,923.0,923.0,886.1007444974757,889.5675321529956,887.1481669001564,878.5,922.5714285714286,913.9594647141373,892.5766666666667,891.23,901.8799552691603,894.6747180296076
2,2020-02-22,921.5,923.0,880.2557009406643,884.2052834910569,881.4865349935712,878.5,923.5714285714286,914.4208642651207,895.6933333333334,894.56,899.7579619927416,893.2188596057107
2,2020-02-23,922.5,921.5,875.5073754494788,882.5868125064648,877.3964922458076,878.5,909.2142857142857,915.2311657216106,896.2666666666667,892.34,900.1757008203293,893.009726664487
2,2020-02-24,925.5,922.5,877.4059338875956,883.4670876971292,879.0701667510435,878.5,907.7857142857143,915.4628089249279,896.62,893.02,902.0992235728557,894.0621037566616
2,2020-02-25,928.0,925.5,878.050774665727,883.8287357156127,879.7508117386953,878.5,907.7857142857143,916.5060501762296,894.6066666666667,892.83,898.6433299958587,892.3595774593792
2,2020-02-26,927.5,928.0,876.7444407867796,882.1447218017158,878.269886284568,878.5,905.0,917.9395247681105,896.2666666666667,893.63,898.6433299958587,892.3515728214137
2,2020-02-27,925.5,927.5,877.2834210050777,882.1804743669175,878.5539842774915,878.5,907.6428571428571,917.6651370093135,895.8866666666667,895.14,903.5266212062933,893.8645874132925
2,2020-02-28,925.0,925.5,877.05747505078,881.7964302803159,878.4713371757254,878.5,906.7142857142857,917.0210879821311,895.4233333333333,894.21,904.5657081093966,893.9284905743485
2,2020-02-29,928.0,925.0,878.0927643521771,883.0707626020314,879.5461695823694,878.5,907.7857142857143,918.4822984929748,897.3866666666667,895.55,904.7158349978672,895.0577547555217
2,2020-03-01,924.5,928.0,881.4611849818999,886.7677391922994,883.0198343553266,878.5,910.3571428571429,919.7314308447258,900.71,900.22,908.7840317113044,898.7539236345347
2,2020-03-02,926.5,924.5,881.6231420647758,886.3065641349275,882.9960862212043,878.5,914.6428571428571,919.3312268648958,898.31,897.38,908.5348305665605,897.7171315671627
2,2020-03-03,923.5,926.5,881.8148363209549,886.4975688361153,883.2663205554012,878.5,912.6428571428571,919.6280443518053,899.34,899.38,907.8484852458321,897.895351360649
2,2020-03-04,925.5,923.5,882.4108814928671,886.6103980043165,883.7775634996163,878.5,913.6428571428571,919.3522450875857,898.3633333333333,897.72,907.0490336350659,897.3409216575719
2,2020-03-05,925.5,925.5,883.703691895957,887.5435631722605,885.0639871495684,878.5,911.7142857142857,919.616051993215,899.1266666666667,898.76,907.8484852458321,898.1729050282532
2,2020-03-06,927.0,925.5,884.5878246927947,888.0461045858367,885.8756321620754,878.5,913.1428571428571,919.8099202531643,898.2466666666667,897.07,908.1170917389727,898.1366209971587
2,2020-03-07,922.0,927.0,885.3863099500146,888.673422720128,886.5888912354562,878.5,910.0,920.3471910338495,899.7166666666667,898.85,908.300705816358,898.8969317343841
2,2020-03-08,919.0,922.0,885.5651079933302,888.6423490968334,886.7619853561224,878.5,914.0714285714286,919.1767144047493,898.4233333333333,897.7,908.6801126813499,898.5819317038389
2,2020-03-09,929.5,919.0,886.351968795004,889.0395976585191,887.4751778743668,878.5,914.1428571428571,918.4058180418006,898.2233333333334,897.9,903.4917851891485,896.9182387270002
2,2020-03-10,928.0,929.5,887.5857451773373,891.0475111442561,888.934531751437,874.5,912.0714285714286,920.5695301679086,900.2733333333333,900.31,902.6290524292102,897.9832989689331
2,2020-03-11,909.0,928.0,888.3249354994593,891.3909565992254,889.5005574915369,878.5,912.1428571428571,921.6261796646281,900.0666666666667,900.33,903.3153977499386,898.2576736719435
2,2020-03-12,908.5,909.0,887.2114290634785,889.696465898895,888.3545105102944,878.5,929.8571428571429,913.6421321734882,892.0233333333333,895.04,904.2550455185901,895.3249482502728
2,2020-03-13,924.0,908.5,890.6367641785773,891.3032015965248,890.8734732488256,817.0,907.5,914.8411228084725,884.6666666666666,894.76,898.5983325002538,891.5227335878152
2,2020-03-15,926.5,924.0,893.2652306577669,894.7202801854949,893.8269212963739,874.5,919.0,917.6139758330471,895.91,896.92,902.478213890121,897.7028313585387
2,2020-03-16,870.5,926.5,892.2612807410383,893.8767656193438,892.9209584904069,878.5,909.8571428571429,920.7716736815652,896.6,899.68,902.478213890121,897.6516598364883
2,2020-03-17,925.5,870.5,884.9955933414817,885.9853750251933,886.139502940925,861.0,884.8571428571429,893.0928155974548,886.7766666666666,890.45,890.1617482545397,887.6412633154665
2,2020-03-18,925.5,925.5,893.6613915306682,896.8087236836698,895.2191648622426,838.5,919.8571428571429,913.7278990910152,898.35,901.99,907.5796348903029,900.9127861913242
2,2020-03-19,915.0,925.5,892.6619305826321,896.3905186690793,894.4409375227519,878.5,914.7857142857143,918.8677686277613,899.53,901.1,910.0132444648565,901.9779210446453
2,2020-03-28,939.5,915.0,898.9822674796436,900.4760404062265,900.0878901773538,878.5,911.7857142857143,916.8579037406449,897.0466666666666,899.32,899.1544616625287,898.8923895784739
2,2020-03-31,934.5,939.5,898.6958702450942,904.1938236146482,901.1145862963126,874.5,929.4285714285714,922.7823086731588,901.5033333333333,904.85,891.1287930063415,898.9419833181076
2,2020-04-02,934.5,934.5,899.3611603287902,907.2675038549941,902.0025899556049,885.0,935.7857142857143,928.5729295193759,915.1833333333333,921.74,907.529164810729,909.9933339996854
2,2020-04-03,932.0,934.5,899.7859268809863,909.1325848436078,902.3512669962249,885.0,935.4285714285714,929.6850702813665,915.1566666666666,921.56,906.6281000881949,910.3057838661565
2,2020-04-04,932.0,932.0,899.7950424272989,906.2056529970803,901.8793173612058,885.0,931.7142857142857,922.2776272182736,912.68,920.06,904.6018496849107,907.8291675606637
2,2020-04-05,932.5,932.0,893.5102992712575,905.0489607323195,896.6418570203176,885.0,916.6428571428571,930.2060794517696,913.17,920.45,903.283792318692,907.1675843503372
2,2020-04-06,933.5,932.5,895.041019323777,905.516929582742,897.9804204075407,885.0,916.5,929.7723707089199,913.7833333333333,920.57,908.6868392126993,909.3290340429248
2,2020-04-07,933.0,933.5,897.8915410681223,905.2734918283668,899.9462479453314,885.0,928.4285714285714,928.1367595122531,908.9566666666667,916.51,892.1881553565971,902.1394379505435
2,2020-04-08,930.5,933.0,899.7176369880686,906.8168978240093,901.6459865913519,885.0,923.5714285714286,928.5480076213644,911.0433333333333,916.0,907.4998313584725,908.4533541719384
2,2020-04-09,933.0,930.5,902.157885392047,907.3441378479667,903.7352086292516,885.0,927.7857142857143,928.6200725807222,913.8066666666666,918.8,910.6647508807488,910.605185131794
2,2020-04-10,933.5,933.0,904.4685603503453,907.9086924572563,905.6729780576107,885.0,923.0714285714286,926.7540080490024,913.67,917.2,913.8639381208666,911.8142101927075
2,2020-04-11,933.5,933.5,906.7267486073538,909.9558194449244,907.8610746930248,934.5,927.5,929.6013103760222,916.2366666666667,920.36,909.9784055600204,912.0569638905372
2,2020-04-12,933.0,933.5,908.2461324988393,910.8631329984933,909.2098111594141,929.0,928.5714285714286,929.8122642866127,920.25,925.21,915.4163474772095,915.5098268252342
2,2020-04-13,933.5,933.0,909.2191872494269,911.2980455645376,910.051640520783,929.0,928.5714285714286,929.705167079794,920.9633333333334,923.68,921.505739691945,917.922372863272
2,2020-04-14,1000.0,933.5,910.5941222861218,912.6764255425683,911.3993519587864,928.1666666666666,928.5714285714286,930.1058504027321,915.8066666666666,923.71,876.7505233441914,901.7445385178088
2,2020-04-15,932.5,1000.0,916.5549511230666,921.5080500122477,917.2098849537788,929.0,931.2857142857143,912.2406923059086,918.3733333333333,920.58,894.0970201734222,911.3261345063344
2,2020-04-16,931.0,932.5,908.9562614782919,910.9418325125193,908.8521021170122,929.0,910.4285714285714,908.9798851683295,915.2366666666667,916.3,900.2269650461185,908.8018214084349
2,2020-04-17,933.0,931.0,910.7933962828596,912.9677539694757,910.6124499099909,935.5,935.2142857142857,929.2562049281123,920.8966666666666,919.71,920.4599215678423,918.1081140679948
2,2020-04-18,933.0,933.0,909.1780276004603,912.8217254843963,909.3310354115266,934.25,936.7857142857143,928.7324338428366,922.46,921.94,920.1351267324858,918.472284072294
2,2020-04-19,935.0,933.0,909.4952447197912,912.590960363628,909.5983435958018,935.5,935.0714285714286,926.5038866310936,925.2933333333333,922.12,920.2790524127704,919.3877820365773
2,2020-04-20,931.5,935.0,911.7110898666656,912.9375042761653,911.4823006053293,929.0,935.4285714285714,924.5401080477081,926.19,926.28,920.313341127981,919.8136151347154
2,2020-04-21,934.0,931.5,910.0120623388419,909.363876874789,909.3601176272407,931.5,932.8571428571429,919.9217745854486,926.7966666666666,924.75,919.3166846645046,918.4924094019867
2,2020-04-22,933.0,934.0,919.58310839647,918.9690126179759,919.7026238359451,928.1666666666666,925.5,919.7894699848797,924.5533333333333,920.5,919.3882205745265,920.9701888419453
2,2020-04-23,936.0,933.0,926.9989426035023,921.3930446164693,926.0705219356832,929.0,935.6428571428571,930.365618481318,926.2433333333333,921.94,918.2424468598956,921.9596082698994
2,2020-04-24,938.0,936.0,925.0106713915426,921.1766309928727,924.4339450765926,929.0,936.0,931.6188167487682,931.3766666666667,930.87,920.1289647129189,924.2274207908195
2,2020-04-25,937.0,938.0,923.4694687381331,921.2282783113909,923.265885649596,929.0,936.0,932.5865567291208,931.4433333333334,932.18,920.1289647129189,924.266858785881
2,2020-04-26,939.0,937.0,922.6033441028555,921.2404312171857,922.5739553503771,929.0,935.6428571428571,932.6002165275294,932.2233333333334,932.86,920.8153100336473,924.7596915280554
2,2020-04-27,937.5,939.0,924.8552714806996,924.8235120151206,925.0154672553606,929.0,933.6428571428571,933.9062242537867,932.63,932.51,920.5685790679331,926.0073636943513
2,2020-04-29,940.0,937.5,925.1303344872898,926.2824415097555,925.5388790010905,929.0,933.4285714285714,930.1727267829007,930.2066666666667,932.45,920.8772712522187,925.7887931428803
2,2020-04-30,939.5,940.0,923.5269567374833,925.0171771687569,924.0677640465453,921.5,933.2142857142857,934.3917079279353,929.02,928.17,917.0101422532769,923.6824398073446
2,2020-05-01,939.0,939.5,927.2766140883662,929.2361450567719,927.8994901933793,921.5,935.4285714285714,934.4475452358198,928.21,927.1,930.7996339117271,929.4152596561663
2,2020-05-02,937.0,939.0,927.3524977575473,929.4944937592636,928.0462663750428,921.5,934.0714285714286,934.3076586760545,928.22,926.91,931.134742855083,929.6164122047821
2,2020-05-03,933.5,937.0,927.5361781806234,929.4575367426229,928.1428720300199,921.5,931.4285714285714,933.9073294656123,927.15,926.91,930.7996339117271,929.13572355145
2,2020-05-04,938.0,933.5,927.8716020843926,929.5501291800031,928.4998934729638,921.5,931.8571428571429,933.2001192397562,926.7466666666667,928.01,928.6384587246288,928.3117515237662
2,2020-05-05,938.5,938.0,929.8367809597877,931.1012455591211,930.3341046358173,921.5,934.0714285714286,933.7607528081951,928.0866666666667,928.68,930.5330862771975,929.9069995009951
2,2020-05-06,940.0,938.5,929.3696068164744,930.6424177796086,929.8933222843564,921.5,933.2857142857143,934.3812672995033,927.68,927.4,930.5390773550591,929.6204983782227
2,2020-05-07,940.0,940.0,930.0891739953115,931.196671579153,930.5672826914832,921.5,934.2142857142857,934.8240166669253,927.3066666666666,927.42,930.5390773550591,929.6808052002929
2,2020-05-08,936.5,940.0,930.8382773045084,931.7305469393591,931.2320825660989,921.5,934.7142857142857,935.0008677246775,928.0466666666666,927.93,929.8027822587884,929.8599986216046
2,2020-05-09,929.04,936.5,930.997677839824,931.6647321992049,931.3160946327062,921.5,932.2857142857143,934.131055679822,926.38,928.34,930.1298412656716,929.3915244882922
2,2020-05-10,927.5,929.04,930.5509839223043,930.982492950474,930.8320480513363,921.5,932.7857142857143,932.1424121197144,926.8566666666667,927.41,930.3111287088324,929.3834294419911
2,2020-05-11,936.89,927.5,930.8875377660703,930.8459617965964,930.9458099396195,921.5,930.2142857142857,932.3102756961484,925.95,928.11,929.1999556278249,928.6653058081405
2,2020-05-12,940.35,936.89,931.83904887163,932.1610483629034,931.9418398366809,921.5,929.6428571428571,933.6938289743605,926.1633333333333,927.39,928.5830428173388,928.969141504525
2,2020-05-13,939.41,940.35,932.7718415634482,932.7877791337835,932.7801766807768,921.5,935.1428571428571,935.2315260378535,928.8266666666667,929.05,928.9368439869384,930.1837632624629
2,2020-05-14,933.71,939.41,933.2594997579446,932.9629728382831,933.2078126979277,921.5,935.5,935.3895129573194,927.8933333333333,928.93,929.2693881380671,930.0418981032277
2,2020-05-15,940.1,933.71,932.7638392844759,932.4058823678664,932.8070185041137,921.5,934.2857142857143,933.6253298789683,926.0133333333333,928.32,928.1770316618196,928.8654157876731
2,2020-05-16,917.83,940.1,931.1309743285743,931.3773678280044,931.16908371393,921.5,934.2142857142857,935.8089490325132,930.3,928.93,928.4027902953987,930.0267193744676
2,2020-05-17,939.56,917.83,927.4049400423313,927.5317355773074,927.6175267096335,931.0,928.7857142857143,925.6125022053238,920.0666666666667,923.5,923.7119782646427,923.7701268362056
2,2020-05-18,940.27,939.56,928.4646928953796,930.508363123681,929.1829754809783,921.5,924.4285714285714,931.4284673108227,923.8933333333333,920.87,916.0022262446424,923.4679742338855
2,2020-05-19,941.0,940.27,927.1244071302744,929.7936988248163,927.9521008233203,921.5,935.7142857142857,936.436093373071,928.1433333333333,928.04,929.0639645742966,929.0003322441488
2,2020-05-20,941.16,941.0,928.2874733254016,930.4125969724419,929.0046542844489,921.5,934.8571428571429,937.2058428621604,927.4833333333333,928.32,928.710163404697,928.8686979034907
2,2020-05-21,940.15,941.16,929.4746445651413,931.3411551833241,930.1020775770625,921.5,935.7142857142857,937.556947243169,927.6,927.11,928.7041723268354,929.2151091700531
2,2020-05-22,933.11,940.15,929.1671369428852,931.2342740482121,929.7304542808365,921.5,935.6428571428571,937.595100153136,929.7833333333333,927.96,929.750309895025,930.2559724255235
2,2020-05-23,940.35,933.11,928.5722889553431,930.9369516187337,929.2767712692644,921.5,934.7142857142857,934.6436788289118,926.27,925.64,929.3090538385892,928.8386684857743
2,2020-05-24,935.46,940.35,928.5200712894306,930.1250584246726,929.0459997264905,921.5,936.1428571428571,933.9947078544976,929.04,928.42,930.8928785246587,930.0193123164439
2,2020-05-25,941.94,935.46,925.7368879530311,928.5614067370116,926.4878151919128,921.5,933.7142857142857,934.7454029599874,928.0066666666667,928.05,930.2205210863762,928.9295314966848
2,2020-05-26,941.63,941.94,927.7477057734895,930.0051634483843,928.3701561799469,921.5,933.1428571428571,935.9524003716078,927.7866666666666,927.99,929.8879769352474,929.2266023500994
2,2020-05-27,938.56,941.63,928.5268849137819,930.177494060993,928.9945645477546,921.5,934.7142857142857,936.5480100148766,927.2866666666666,927.94,930.2205210863762,929.2282272713452
2,2020-05-28,932.95,938.56,928.923622354163,929.9584364745418,929.285717050768,921.5,934.5,936.0904506755741,928.3866666666667,928.43,931.6320700425161,929.9923910612415
2,2020-05-29,939.41,932.95,930.208135618713,930.194485238165,930.1485148896624,921.5,933.4285714285714,934.6546693394948,924.29,923.51,929.5348119768572,928.0064324050073
2,2020-05-30,939.93,939.41,930.0947513425285,930.3868617651934,930.2487466778113,921.5,934.2857142857143,935.6709018847391,929.2733333333333,928.73,931.2995258913874,930.3199069966381
2,2020-05-31,939.91,939.93,929.8302284911933,930.8024478599117,930.1508385866423,921.5,934.0,936.3755800807792,927.4733333333334,928.25,929.9348320545148,929.4035377492534
2,2020-06-01,941.73,939.91,932.3179173042809,933.4231758846771,932.8099032360252,921.5,934.7142857142857,936.8741514221578,928.3533333333334,929.11,930.5632307951166,930.779913337709
2,2020-06-02,938.04,941.73,932.4185274437775,933.7937538271458,932.9396648655035,921.5,933.5714285714286,937.1877050804535,927.71,928.03,929.9408231323764,930.4815256531741
2,2020-06-03,941.93,938.04,932.2452107195955,933.3256391512696,932.7527230781203,921.5,933.2857142857143,936.3070583432543,927.87,928.79,930.6271684531048,930.6076025347915
3,2020-06-04,942.75,941.93,939.2207641928313,939.4634344571863,939.3392493115939,938.04,936.3142857142856,938.1958819296075,939.372733333332,939.0844000000004,938.7337835375961,939.189983776038
3,2020-06-05,933.16,942.75,939.30708368471,939.2913310940323,939.3059394081464,932.8533333333334,938.3199999999999,937.9997110030555,936.3419333333331,935.8076000000001,936.0515685111244,937.2282776461633
3,2020-06-06,940.43,933.16,937.3977236835707,937.7236771175621,937.5332899517907,941.93,936.4685714285714,936.7436519548908,938.2668666666665,936.8736000000001,938.566818367902,938.1857873840436
3,2020-06-07,942.33,940.43,937.9537483661973,938.3252391109461,938.130730142474,935.46,934.657142857143,937.9713994902414,936.7496666666664,936.7701999999999,934.8700545659771,936.6483201145298
3,2020-06-10,936.85,942.33,939.0202330643099,939.4362646838291,939.174382354402,938.56,940.29,938.4257549308301,938.896199999999,938.9796000000001,944.6197141552061,940.9840596130115
3,2020-06-11,931.43,936.85,938.1641246677282,938.1920599465027,938.1755765869577,941.93,938.112857142857,937.4807827109524,937.801999999999,937.9982000000003,942.3048559095339,939.4329719520119
3,2020-06-12,940.11,931.43,937.8904337538903,937.3012341200213,937.6541143547048,941.94,936.4685714285715,937.1589993982753,935.3280666666674,934.3584000000001,933.0320706808718,935.2204571558535
3,2020-06-13,942.87,940.11,937.9378991876172,937.7051973888377,937.8476071457138,940.2214285714284,934.1357142857142,937.8480400347149,936.0671999999995,934.5657999999999,935.7976977484466,936.5233650457612
3,2020-06-14,942.03,942.87,938.913822506008,938.7853286686087,938.8282446058225,940.15,939.6471428571429,938.4946359823518,937.7899999999994,937.5744000000002,939.7739944530459,938.7831077072179
3,2020-06-15,936.27,942.03,940.5908413282713,940.053545619004,940.4442567794972,938.56,937.4571428571429,938.2132337635396,938.2758666666662,938.3036000000003,940.9387963833501,939.7560695563401
3,2020-06-16,942.29,936.27,938.9574246440752,938.6469687787976,938.8599724040688,941.73,935.6099999999999,937.2308468979486,938.8168,938.8020000000002,940.7625042155736,939.4087576647904
3,2020-06-17,940.71,942.29,938.2783201735183,938.4259190623221,938.3351369045755,938.56,933.9157142857142,938.2191117783809,938.6683333333326,938.8050000000003,940.9387963833501,939.3443495930015
3,2020-06-18,936.24,940.71,938.344554556544,938.6055388496759,938.4427499387779,927.0,937.1714285714287,937.6463281175545,932.6399333333329,931.7160000000005,931.9811457972415,934.4088726600835
3,2020-06-19,942.25,936.24,937.1819562404908,937.1048634374931,937.1155618987381,941.73,937.8085714285714,936.8075575467491,937.6097999999998,937.2762000000002,947.8059460780406,940.8402031718446
3,2020-06-20,939.76,942.25,937.8017072313178,938.2529950993387,937.8848159181225,938.04,936.6157142857143,937.1152291061225,937.1845333333329,936.9828000000002,949.3929592604796,941.6101625643837
3,2020-06-21,942.66,939.76,937.7955829295428,937.8488369070554,937.7505858457873,927.0,936.6128571428573,937.0265573271388,933.2955999999996,933.2754000000002,934.7421565914008,935.295531166152
3,2020-06-22,942.24,942.66,938.756974696915,938.7021331750083,938.6812233969608,938.04,936.1771428571428,937.3001969814229,937.3557333333329,937.1628000000004,949.8689782932811,941.9756149338741
3,2020-06-23,923.8,942.24,938.0720130865747,938.2302574927312,938.1693899314149,938.04,936.9628571428572,937.1996586039193,937.398733333333,937.1174000000005,950.153981546183,941.9276574574156
3,2020-06-24,894.7,923.8,934.5850780858091,934.6711841580474,934.6956804552756,939.56,930.0085714285714,932.7010345446092,930.0157333333339,929.17,931.037391024242,931.9081028385411
3,2020-06-30,936.18,894.7,929.2937699787819,928.6730364251589,929.249677888918,903.5,914.2942857142856,919.8018960277155,903.0708,901.75,913.7948030842704,915.1795465031431
3,2020-07-01,936.3,936.18,939.2226539134532,938.834192284728,939.1809519967169,937.5,926.7857142857143,928.7335502876367,914.8373333333336,919.008,924.9422264607937,926.204584026285
3,2020-07-02,932.5,936.3,940.2418295217127,939.5622667780771,940.0533252212218,930.0,929.2700000000001,938.3024537666884,927.7766666666672,932.4152,928.1740721095258,931.83766851809
3,2020-07-03,932.31,932.5,939.0555413190036,937.587589934636,938.7700537981218,930.0,927.7857142857143,937.9424243122805,928.2736000000004,933.5238,931.8517734186534,932.57098778443
3,2020-07-04,937.17,932.31,936.5339033826442,935.2414412341943,936.4262986511567,930.0,931.0,937.8627137061842,930.2815333333336,930.1447999999998,934.8990344412337,933.4740030029205
3,2020-07-05,934.06,937.17,936.783694069831,936.077770377003,936.6566165717489,930.0,935.2857142857143,937.9237378861344,936.6850000000007,935.2225999999999,940.8715996565812,937.8781233445284
3,2020-07-08,935.89,934.06,933.7891152089338,933.9096432677144,933.9231153523314,937.5,937.0714285714286,936.8506164184225,936.7632000000007,935.4785999999999,939.0818929852273,936.584912084314
3,2020-07-09,938.88,935.89,933.3205052113735,932.5761463413696,933.0969679526454,934.3068421052632,934.9228571428572,931.0494616378966,934.5452000000001,934.6895999999999,935.1453142830532,934.0888868748076
3,2020-07-10,939.81,938.88,933.1556126208634,934.7066665400237,933.5452214436579,937.5,930.8571428571429,936.0910867296013,937.0787333333341,937.0066,944.4660160416947,938.7504719716841
3,2020-07-11,939.02,939.81,933.8397579692447,934.9380400624018,934.0653125200707,939.41,931.4285714285714,936.4791655871742,937.5309333333342,937.2282000000002,938.9623808914872,937.1437847624078
3,2020-07-12,939.38,939.02,934.346608228041,935.29669670299,934.5819714922137,939.41,932.5,936.2865556390933,936.8868666666673,935.6316000000003,944.4660160416947,938.8831931371174
3,2020-07-13,938.69,939.38,935.0916292041557,936.0219195307316,935.3469908509835,939.41,932.4285714285714,936.1542683947971,938.4712000000005,938.5644000000004,943.7313927041221,939.4081707449513
3,2020-07-14,936.35,938.69,934.6247020338865,935.4283587191824,934.8700638168023,937.1363636363636,930.1428571428571,936.1159275769734,934.6468666666668,934.9423999999999,929.2953667363942,933.1235307074144
3,2020-07-15,936.53,936.35,932.9961723595125,933.2185692094072,933.1223557012461,892.5,929.5714285714286,934.9946239450542,931.5807333333335,931.4856,931.6950788884423,932.1647938103943
3,2020-07-16,938.43,936.53,933.934102015107,934.3886776793569,934.0669812455425,892.5,932.6428571428571,935.5647351569006,932.2998,931.1868,933.7244991221406,933.4709922671658
3,2020-07-17,935.43,938.43,934.5220266477997,934.7859512969524,934.5981634634583,892.5,929.1428571428571,935.8166311734406,933.4092,932.6642000000002,932.8097086420498,933.668286646334
3,2020-07-18,923.36,935.43,934.2451990177937,934.0983746834768,934.2128987099568,892.5,928.9285714285714,935.2002948763294,931.6996000000004,930.2012,933.6551778029013,933.1510508287929
3,2020-07-19,936.71,923.36,931.8631225356675,931.4333628414564,931.8412868123538,903.5,928.4285714285714,932.4858184580833,929.6738666666665,928.2847999999999,930.6372211502704,930.5814835527977
3,2020-07-20,939.06,936.71,933.5500727724339,933.2347967884915,933.5650148069657,923.5,923.5714285714286,935.7538285194682,932.4537333333333,931.3484,934.0376401878515,933.2420567698922
3,2020-07-21,938.78,939.06,935.0264165933143,934.5286216840034,934.968361650681,923.5,931.0,936.8511256986573,930.4434666666666,931.4256000000001,931.9004710417671,932.2908531308125
3,2020-07-22,937.55,938.78,935.4970491422421,934.6641128128729,935.3174806999875,923.5,931.1428571428571,936.8884081647087,930.1266666666667,930.0524,932.2696782842519,932.3534859212638
3,2020-07-23,925.82,937.55,934.6821131594961,934.0583407229237,934.5793050113834,892.5,929.7857142857143,936.5811012803075,926.4060666666667,925.9952000000002,932.605969791405,931.0234590603318
3,2020-07-24,907.58,925.82,932.1011860764168,931.1576068511464,931.7594821937903,717.0,925.2857142857143,932.3486738121015,923.4898666666668,925.5552000000002,920.7893528409165,925.1456087862431
3,2020-07-25,937.88,907.58,927.0271640929949,926.4880554797483,926.9777243763793,919.5,929.3571428571429,926.2557206554392,901.5278666666666,901.5189999999999,896.4957867918744,908.1705696460964
3,2020-07-26,934.04,937.88,931.4752960917564,931.2845023420749,931.5244862171968,934.0,926.7528571428572,933.3773690076825,921.4597333333335,920.8642,921.6162417837401,924.7868258197162
3,2020-07-27,895.09,934.04,932.8169668907493,932.7970191627003,932.8581336622057,892.5,929.4285714285714,936.306253546747,919.6045333333335,917.35,917.0870846595473,923.1628790518603
3,2020-07-28,935.31,895.09,926.011660700713,924.0660289752061,925.356052921962,903.5,912.2857142857143,912.9706181740901,903.3637333333334,904.29,908.7347393351815,912.0548338812404
3,2020-07-29,917.02,935.31,929.9255921393487,928.65399824424,929.5315224517187,935.6190476190476,928.8571428571429,931.8819436249565,930.3972000000001,930.8778,935.1187400412276,931.3899794284893
3,2020-07-30,930.51,917.02,928.6284846014235,926.627295224722,927.9495400287705,919.5,929.3571428571429,925.1418015756692,906.1170666666667,908.4878,918.5861202662135,917.1101607192007
3,2020-07-31,939.91,930.51,930.2919499759734,928.5674540860772,929.7564113363452,935.6190476190476,935.0714285714286,936.1064795631465,930.3866666666667,932.7912,930.2021390279481,929.7187532602306
3,2020-08-01,939.12,939.91,931.3145070432299,930.7172197910322,931.2930497144025,935.6190476190476,935.1371428571429,935.4020447959007,931.9586,934.9838000000001,935.3107046626709,932.662174817901
3,2020-08-02,939.28,939.12,931.1376891726534,932.2838803981871,931.5439442161377,935.6190476190476,934.2142857142857,937.2745155436825,932.3594666666668,933.3422,932.5243004941932,932.3892158530157
3,2020-08-04,924.82,939.28,929.8222468380691,931.4650676506604,930.3363753096113,935.6190476190476,935.0,936.7725936030047,931.9636000000003,933.5812,934.4817333712715,932.6368003406442
3,2020-08-05,938.72,924.82,928.6286147303798,928.7112953644097,928.6336969166122,919.5,904.1428571428571,929.9549272974996,917.4073333333332,919.55,908.7739489390166,918.2975258789198
3,2020-08-06,936.11,938.72,927.4665651190464,930.5586908940585,928.3435463150688,892.5,926.7857142857143,937.2749450782152,926.1318666666666,929.2634000000002,933.6020602329443,930.0975392645565
3,2020-08-08,938.14,936.11,928.096705694762,930.0894529883739,928.7033324193204,892.5,936.0,934.7211731743482,926.8574666666666,929.1673999999999,932.6575028604525,929.8681408384977
3,2020-08-09,939.66,938.14,928.8238860071177,930.7987146979895,929.5123515683493,892.5,930.5714285714286,935.4400790174545,925.7038666666667,927.2936,930.8589733761303,929.1205182469288
3,2020-08-10,939.99,939.66,931.9252319724911,933.679917972018,932.4797129208827,892.5,929.8571428571429,935.8976951205376,926.5603333333335,927.9630000000002,930.2026812699308,930.1476441917607
3,2020-08-11,937.78,939.99,932.5413953265478,933.7027269486927,932.9492086694826,892.5,933.3571428571429,936.1448803306388,927.6912000000001,929.0391999999999,931.1350754590542,930.8430008025822
3,2020-08-12,938.47,937.78,929.6521393421475,930.4084233839434,930.0460015655362,892.5,930.7857142857143,935.0197617626391,925.4837333333331,925.789,930.7875972296006,928.8932513156257
3,2020-08-13,937.78,938.47,931.1244063994677,931.39229644916,931.2894551401707,892.5,934.0,934.9298971443457,926.3279333333334,928.6172,932.5513238349397,930.0905178724776
3,2020-08-14,928.7,937.78,931.2582849946061,931.68470005972,931.4688959140153,892.5,931.1428571428571,934.6653937303861,924.6227333333334,925.2808,931.4317915549022,929.2464083159851
3,2020-08-15,931.48,928.7,929.2774944002824,929.5343420677611,929.4869487464402,892.5,928.2857142857143,933.0422721763512,923.9330000000001,925.5656,930.1257585746913,927.8643668808176
3,2020-08-16,927.8,931.48,929.7514692251818,929.6479811407817,929.7651008524839,939.9549999999999,932.8571428571429,934.1304645042578,926.683266666667,928.1489999999999,933.8016300093832,930.0442926056106
3,2020-08-17,909.12,927.8,929.2382550022057,928.6248356160688,929.0472775089091,892.5,926.0,933.2770262728387,923.3300666666668,925.324,929.2046748714937,927.053192384743
3,2020-08-18,934.43,909.12,925.7067259234918,924.4340919765598,925.4820321124686,919.5,929.3571428571429,924.9952198190653,897.3731333333334,898.1978,899.8596267053645,907.2222840050858
3,2020-08-19,933.06,934.43,928.221697522596,927.0151495754851,928.1143631974386,922.0,925.4285714285714,932.6839619544311,924.08,925.01,920.5098111158535,923.8683202304463
3,2020-08-20,933.84,933.06,929.5853436097007,928.4379421593686,929.4835711091118,922.0,928.2857142857143,934.6075749447303,927.8820666666667,926.0169999999999,921.6380460203302,925.9860182821218
3,2020-08-21,935.35,933.84,930.6404512746245,928.9471279066673,930.2960183287214,922.0,930.7142857142857,934.7817049276182,927.7233333333334,928.73,931.2204783604038,929.2969798668015
3,2020-08-22,937.23,935.35,929.9139357743088,928.5631886792233,929.6876602830763,906.5,934.0,936.1575947563841,929.32,928.84,930.5371432770825,929.4734439854352
3,2020-08-24,936.74,937.23,930.3462246054386,929.9177876543685,930.3946576103566,934.0,934.1428571428571,936.4863818755296,934.5683333333335,933.8041999999998,936.1330035987498,933.539708195484
3,2020-08-25,928.03,936.74,927.5506856347985,928.0298352757651,927.8483121899121,934.0,936.7142857142857,936.6983675332187,934.5856000000002,933.5197999999999,936.8213926357573,933.1456093038408
3,2020-08-26,938.41,928.03,925.3931403886361,925.192668870422,925.466475082544,906.5,904.2142857142857,932.3024983607537,928.1623333333333,929.93,931.1782044792674,928.1777355610075
3,2020-08-27,938.82,938.41,926.2272953694658,927.568349625926,926.7190519220759,936.6666666666666,937.0714285714286,935.0265353175415,929.1290666666667,928.5842,930.5657730931431,929.0877297952452
3,2020-08-28,936.97,938.82,927.679737466876,928.7127663036202,928.0637309843319,923.5,933.7142857142857,935.2609188306459,929.8170666666666,930.1554,930.5657730931431,929.6985353544766
3,2020-08-29,939.39,936.97,927.5610553504365,928.170958341927,927.8588078168291,923.5,932.6428571428571,934.9224739987571,929.6300666666667,931.06,931.4094905746898,929.736838527761
3,2020-08-30,938.26,939.39,929.0103353793444,929.5729069347334,929.2733571027035,923.5,933.5,934.9918845757941,929.5477999999999,930.4742,931.4045580381407,930.1750883242913
3,2020-08-31,918.6,938.26,927.8968272842187,928.5705326466315,928.2211524007989,892.5,932.0714285714286,934.7323834290922,926.5660666666665,928.4199999999998,931.5128755037663,928.8831582723548
3,2020-09-01,896.45,918.6,925.557965503315,925.7164542813172,925.7115624195228,937.5,926.4285714285714,927.6751995928512,922.1519999999999,923.9588,931.4364591744534,926.4349711519235
3,2020-09-02,938.07,896.45,920.962190764893,920.8458990857727,921.0319345307186,923.0,919.6428571428571,922.6406074913932,907.6837333333333,906.0512,915.8438317646268,914.7911547279109
3,2020-09-04,938.57,938.07,927.6116168370993,928.1737968264848,927.8412983734011,892.5,916.0,929.3797904182493,923.6525999999999,926.2223999999999,921.9256893359396,924.5840287208081
3,2020-09-05,938.86,938.57,931.725272014564,931.4512229274972,931.6131385331555,892.5,928.2142857142857,936.5317606857637,922.0391333333331,925.867,932.6134355207,928.7012639271767
3,2020-09-06,938.9,938.86,932.6997887488163,931.5357281056705,932.3402946627504,892.5,933.1428571428571,937.4210179192037,927.8482666666667,929.7345999999999,935.3050219067401,931.5630055596924
3,2020-09-07,928.45,938.9,933.3975394510043,932.4095335737846,933.0672630952414,892.5,934.5,937.0651597121534,930.279,931.7986000000002,934.2853953162656,932.3246429633501
3,2020-09-08,937.69,928.45,929.5743197558181,929.4494641352746,929.5979363301716,892.5,931.1928571428572,930.4585438135125,925.6877333333333,928.401,935.0299855303992,930.0557276663358
3,2020-09-09,940.36,937.69,925.9763338854862,927.0333908139238,926.4464225441244,892.5,934.5714285714286,938.1174647617329,929.4549333333333,932.0892,937.5355662638457,931.341296803701
3,2020-09-10,941.21,940.36,927.8230974201728,928.4711841124656,928.1345495120569,892.5,934.2142857142857,930.7026405040167,928.8035333333337,929.1278,927.6611074956775,928.311941647159
3,2020-09-11,942.48,941.21,927.0416475234088,929.4966724547818,927.852560657314,892.5,932.0,935.4903158611237,930.4475333333334,929.599,933.0740256806044,931.0060771562398
3,2020-09-12,941.7,942.48,928.1426805279158,929.9247186644113,928.7850427325134,892.5,933.5,936.0779256755701,929.5881999999999,930.7962000000001,933.0341303496518,930.8490163380211
3,2020-09-13,940.4,941.7,928.5501084057144,930.0784353023737,929.1214318156374,941.93,933.5,935.7555085321653,934.8534000000001,933.0496000000002,935.7792368362612,933.5703573795449
3,2020-09-14,922.29,940.4,929.1014582593382,930.3888694488112,929.5991030304879,892.5,932.9285714285714,935.5588775190482,929.4939999999998,930.2142000000002,931.4394861414816,930.4407851967643
3,2020-09-15,942.66,922.29,924.8630405382171,925.4131753605631,925.2245595993401,937.5,926.8571428571429,930.6378982722437,925.7309333333334,927.5618,929.6130303573211,926.9190463504059
3,2020-09-16,932.47,942.66,927.329331177194,928.2214876200002,927.8070458351337,892.5,927.2857142857143,934.8974825430588,920.9933333333333,924.4452,932.0920460093239,927.1022889875525
3,2020-09-17,940.85,932.47,928.4904624473116,929.0271159851205,928.7109189236612,892.5,926.7857142857143,933.740049837622,913.4826666666668,917.4473999999999,917.023902740474,919.8445617974204
3,2020-09-18,940.21,940.85,929.9762630351248,930.0108387732057,930.0780545049971,892.5,935.7857142857143,936.2972568975869,919.6242000000001,920.6238000000001,916.1537701508003,921.9296029746687
3,2020-10-31,862.35,940.21,929.9617231154969,929.9919165110258,930.0367105116374,863.5,921.4285714285714,935.360835114242,915.5191333333331,911.7006,920.6032391333184,922.0380963258925
3,2020-11-01,925.88,862.35,917.0091039917439,916.7904280734505,917.2846378948185,919.5,910.8571428571429,917.7212262051053,896.97,897.8378,906.4823359006966,906.7475879913824
3,2020-11-02,934.33,925.88,922.004084789093,922.3659253719416,922.5379926738498,887.5,911.6428571428571,920.2499232291124,909.1737333333333,908.7112,921.5648638114849,917.7015075055866
3,2020-11-03,934.83,934.33,930.8629450101814,930.5066922830864,930.9257770060648,913.5,921.5714285714286,932.3468975209746,922.3629333333333,923.62,916.2419638549226,923.0371964904475
3,2020-11-04,931.4,934.83,931.8432136770331,931.3457211685378,931.8847314395788,924.0,920.7857142857143,935.9934209100313,914.7727333333336,915.2406,918.6798404401962,921.5994316473558
3,2020-11-05,931.4,931.4,930.7135260617796,929.6495163590927,930.6505620478567,924.0,923.0,934.9924374540249,915.2874,917.0994000000001,916.4101653632227,920.4490272407719
3,2020-11-06,936.59,931.4,927.1079934959581,927.3695795954674,927.5097998290859,924.0,924.4285714285714,933.8925562261385,916.4204,917.2413999999999,922.9759717981583,922.2553171312085
3,2020-11-07,931.25,936.59,930.7759840963449,931.9813279529837,931.2347755309456,863.5,931.3571428571429,932.538328221922,920.3928000000001,921.2017999999999,923.3714141244577,925.2485140258137
3,2020-11-08,927.7,931.25,923.738289325106,922.5812257583846,923.5001320138001,914.0,917.4285714285714,922.079154132057,922.7672666666668,919.9251999999999,915.3806995703519,920.2430639984677
3,2020-11-09,929.81,927.7,920.2106039262273,922.5527600528051,920.9274035726155,914.0,901.6428571428571,930.7157451008337,929.1733333333333,929.81,930.2154885819667,927.3138606560351
3,2020-11-10,902.44,929.81,921.4338048004784,923.6705193148296,922.0940356464596,927.0,928.5714285714286,931.2900151388992,922.2511333333334,916.2042,920.6844433098807,922.2020319860145
3,2020-11-11,909.09,902.44,916.5025821093202,918.3912545951958,917.33174585815,874.5,918.8571428571429,918.2752895150086,911.8241333333333,913.32,918.629033970074,916.2814739662011
3,2020-11-12,937.41,909.09,917.5125155372365,917.9933162211238,917.6709925477734,717.0,928.7142857142857,927.6496940207805,898.81,901.7078,902.6659584541966,906.4897582251068
3,2020-11-13,936.46,937.41,925.0813556895016,925.2026530297217,924.9667608380183,863.5,929.8571428571429,933.3495511546691,910.3125333333334,912.3924,920.1245705098822,918.5465856243123
3,2020-11-14,935.26,936.46,926.3770143280859,925.1795708832987,925.9280496739983,863.5,924.5,930.8789613488427,922.5166666666667,923.47,929.2720527436529,925.6560967645395
3,2020-11-15,904.95,935.26,928.4658109477546,927.1635362010736,927.855293950097,913.5,919.3571428571429,933.2815889359259,926.8988666666668,928.5266,931.0583173524275,928.3735734067226
3,2020-11-16,886.0,904.95,921.7766261055581,919.9306732586705,920.7459025326658,903.75,931.4371428571428,915.1277017419186,914.0504,913.89,917.0740140576331,917.0183624387679
3,2020-11-17,871.38,886.0,916.8950509095534,914.3022397018328,915.6495088276795,903.5,913.8571428571429,912.7536210872785,913.1833333333333,911.23,917.6725458258098,915.0527062869919
3,2020-11-18,910.44,871.38,912.3219008838213,909.3095268587565,910.9321637941662,903.5,914.3571428571429,911.5556753697952,917.6733333333333,918.38,921.3089254745047,916.0972618888649
3,2020-11-19,934.39,910.44,917.9702737636708,915.7112967295071,916.7656026492351,903.5,923.6428571428571,919.9482858135179,922.97,924.14,923.4480765184522,920.7097910826532
3,2020-11-21,936.94,934.39,927.3172662733572,924.9982546418689,925.975308674403,936.0,929.1428571428571,928.2614676025188,924.4390000000001,924.9169999999999,915.4879055853507,921.64172007574
3,2020-11-22,938.67,936.94,932.4326975924081,928.4984415983724,930.6312498390233,863.5,931.2857142857143,929.6553169116704,921.3666666666667,922.08,922.5332687894468,924.1327923514951
3,2020-11-23,926.8,938.67,931.3388466122583,928.0689443110277,929.7922141583314,863.5,932.5,929.0020839256281,921.1866666666666,921.84,921.739598813301,923.6650699303318
3,2020-11-24,932.04,926.8,925.0221793700065,924.5989077602816,924.5675308615344,920.0,929.0714285714286,925.0566115537351,926.73,925.66,929.4601039274493,926.929670562577
3,2020-11-25,937.09,932.04,916.5507498923998,920.273946821427,917.9431983470188,936.0,927.3571428571429,927.9754933447036,927.7766666666666,929.95,926.1656858339961,924.7387664406966
3,2020-11-26,939.34,937.09,916.3125306939176,920.8168615664325,917.8182133202738,863.5,917.4285714285714,925.7739458380457,921.8566666666667,923.03,925.548408233804,922.7406454889677
3,2020-11-27,927.65,939.34,919.8727933661525,925.9900609280318,921.674604202752,863.5,932.2142857142857,932.4527644018264,916.1201333333335,911.74,915.8878731277609,919.3326891297087
3,2020-11-28,896.18,927.65,919.3860412866396,924.5257772715395,920.7905198204792,933.0,901.0,929.7826238815469,922.5837333333333,919.0578,917.0310862135057,921.3801989394595
3,2020-11-29,926.34,896.18,913.7695497906885,917.6630852751837,915.1260325690747,903.75,913.0714285714286,915.4079752457659,904.8604,903.12,908.9203306519664,910.4812719757168
3,2020-11-30,939.0,926.34,917.6747434008726,920.5284729975289,918.8632948712411,923.4098360655738,927.7857142857143,930.0175647341922,922.9833333333333,921.1111999999999,928.3567544396076,923.95618692349
3,2020-12-01,938.66,939.0,925.4170261876664,927.0326852632801,926.118591401495,863.5,932.0714285714286,934.5194424797038,922.4951333333332,923.0754,924.375044535029,924.6342877105475
3,2020-12-02,938.08,938.66,927.0436046986682,928.1238333361719,927.5890654048317,863.5,924.4285714285714,934.5689828238558,923.3651333333332,924.56,925.751467681016,925.7468114501738
3,2020-12-03,934.88,938.08,927.801494737274,929.0404183921214,928.3791000639138,863.5,919.8571428571429,935.6422993206211,917.0233333333333,917.53,927.5829657420993,924.548905822518
3,2020-12-04,939.35,934.88,927.2781988607413,928.8246393073646,927.9288941092852,936.0,921.5,933.101137728148,927.5826000000001,929.329,928.5229660102598,928.3100684392081
3,2020-12-05,939.31,939.35,929.4898115866862,931.5850552915514,930.2576967576866,863.5,932.2142857142857,936.145702266225,920.2950666666667,920.5922,918.2990613884601,923.3930611155594
3,2020-12-06,934.09,939.31,927.5915504601362,928.9986452195199,928.128292434875,863.5,932.0714285714286,931.8337406385639,914.1391999999998,911.6074000000001,924.1922884638044,922.4433778944414
3,2020-12-07,912.13,934.09,925.4114267612139,927.9063526418914,926.2049685049412,914.0,931.2142857142857,932.8136413995536,921.4651333333333,921.51,932.1120844833225,927.161190152849
3,2020-12-08,884.13,912.13,921.7598253139189,924.243494750785,922.6885464844501,909.0,928.1428571428571,924.0322608006917,908.6078666666666,902.8611999999999,918.3264917340252,917.0592843838257
3,2020-12-09,916.61,884.13,916.6560464323068,917.7704368761832,917.14239138175,903.75,911.7142857142857,916.853431942476,912.31,910.19,916.8221501838573,915.6341956866803
3,2020-12-10,936.43,916.61,920.3104667479735,921.2923161267449,920.8576572370581,717.0,925.9285714285714,924.9871060283965,892.6,900.1878,906.2265944778292,906.706303534858
3,2020-12-11,937.18,936.43,928.059006232756,927.873576880042,928.1433184312478,863.5,929.4285714285714,933.2353370655279,919.3566666666667,920.39,922.2117460050155,923.1473298505747
3,2020-12-12,899.65,937.18,929.4937266547167,928.2291141696943,929.3520485312132,863.5,921.9285714285714,935.3770671481699,917.32,917.16,922.1301981429772,922.5597707708906
3,2020-12-13,799.73,899.65,924.357273200089,920.3559380101434,923.0162522024619,927.75,899.6428571428571,908.2232607513135,911.6733333333333,908.48,911.9039589073419,914.6444100836062
3,2020-12-14,771.85,799.73,898.5355076311054,896.3207550685063,898.6545789544762,919.5,903.9285714285714,916.054051897796,899.3166666666667,898.6078,901.1297849787246,898.9224022379659
3,2020-12-15,863.77,771.85,893.0449397245985,886.2244326455864,890.3344770278236,913.5,896.6428571428571,913.7644909562379,895.59,888.66,891.2589731075867,891.024468584391
3,2020-12-16,927.1,863.77,907.0484350116573,900.5347340693083,904.2555610478671,913.5,899.4285714285714,914.0552952591786,904.5533333333333,903.39,908.3818048155039,904.4899574060486
3,2020-12-17,931.35,927.1,930.8824586334006,923.2863433730708,927.1835273300748,913.5,911.0,917.0981027125225,888.82,885.0,882.096184604766,898.0675093259457
3,2020-12-18,914.73,931.35,936.5871178852418,927.5689855932578,932.5850935393047,897.0,926.2142857142857,926.0247099851659,891.0633333333334,894.2941999999999,891.1913039713257,903.2745409659724
3,2020-12-19,837.73,914.73,928.3852946815284,920.9727901887708,925.2043637939859,907.0,914.0,916.5876077618391,883.5666666666667,892.61,904.5531976518961,903.0308848357778
3,2020-12-20,863.81,837.73,911.4861087286105,902.7112590721414,907.4553826600344,907.0,883.0714285714286,914.1270351907208,898.84,892.96,895.2611056412135,898.9374549044516
3,2020-12-21,882.72,863.81,901.587422679898,898.3097348392758,900.3636570029269,897.0,905.7142857142857,912.5705394386229,899.5033333333333,896.79,896.3813802128392,898.0648161284829
3,2020-12-22,914.72,882.72,899.7216674173932,899.4394754707583,898.8964630441687,913.5,901.0714285714286,913.0133906045911,897.0566666666666,894.26,891.5196712422962,896.0052711265738
3,2020-12-23,924.81,914.72,902.2180401529326,910.9177530767993,904.4545989063616,930.5,908.7857142857143,915.8446751196641,912.9633333333334,910.33,917.4677270856896,913.7829378319408
3,2020-12-24,926.78,924.81,910.1828880756522,918.3725235213175,912.2548602377633,856.0,913.8571428571429,923.5716811222725,912.6933333333334,914.6,901.2518144824019,910.772557112351
3,2020-12-25,934.46,926.78,914.8501244894508,920.5188421679682,916.1403652273116,922.0,916.8571428571429,920.7834668227895,910.9066666666666,913.64,908.7167418105967,913.3807502150772
3,2020-12-26,927.87,934.46,919.2146095489416,924.2883463951728,920.3695102394806,922.0,917.7142857142857,920.3053197095743,907.259,906.45,886.1665610898623,905.904635828345
3,2020-12-27,929.7,927.87,913.9769501622693,917.8870639997283,915.2052461669625,922.0,908.6428571428571,912.8033402334046,902.8733333333333,899.78,895.1222428204727,905.2942133845114
3,2020-12-28,883.56,929.7,909.9253667201253,917.8126236374941,912.6965666172281,922.0,909.6428571428571,915.1297004605705,898.91,897.17,868.9378401730743,895.2201546035227
3,2020-12-29,827.59,883.56,902.9786667622718,911.9418186462358,905.9484811786954,911.5,899.3571428571429,910.2812331249744,900.23,901.0,902.4894601593072,904.887092935181
3,2020-12-30,882.14,827.59,894.2928152254804,902.8597858987831,897.0363861825197,915.5,903.9285714285714,914.7978358676629,913.3066666666666,915.59,925.9265475312113,914.0310000322203
3,2020-12-31,915.49,882.14,902.025544910816,908.9714974730362,904.3258111394493,915.5,912.7142857142857,917.5433243389807,913.74,911.92,929.8673771144281,917.5262915291547
3,2021-01-01,917.88,915.49,905.4104335168694,906.9966997811466,905.9486639672571,911.5,918.3571428571429,920.0095109920578,903.8566666666667,903.52,917.8520690181617,909.5684784886583
3,2021-01-02,933.45,917.88,909.1899651134344,907.1014755664796,908.8828125111079,911.5,911.2142857142857,916.7445507321897,912.0933333333334,912.78,894.0718599184347,904.4222229394159
4,2021-01-03,930.94,933.45,913.2609320943583,911.9232288993165,912.5493228747271,914.73,913.9214285714286,928.700193957135,920.5025333333326,918.8997999999999,911.3733364614436,914.5996995646975
4,2021-01-04,927.77,930.94,910.5243382989842,909.7248604584498,910.0080616066082,868.0,925.6671428571428,922.3542224148139,909.7811999999996,912.6475999999999,913.9134844694997,911.1398483093163
4,2021-01-05,936.47,927.77,917.9993707565144,917.7045596835563,917.7035242716131,837.73,918.63,917.8392146840936,904.5003333333328,907.9309999999999,915.6380504544239,912.6143144904377
4,2021-01-06,911.69,936.47,921.4340511977165,921.4869891347628,921.392679429471,932.5,920.7914285714286,913.3415578318146,904.8820666666661,906.4248000000001,906.6098266440725,910.9929608151671
4,2021-01-07,938.22,911.69,910.0416005590778,911.0591618101938,910.442710012071,877.0,922.6428571428571,915.7739487252078,895.2979999999997,891.4004000000001,898.4594742074146,901.6055453392028
4,2021-01-08,938.41,938.22,919.9599214048218,921.6864363565566,920.8798733715596,932.5,924.7142857142857,929.9069722975585,906.3239999999995,904.9784000000001,892.917613967257,906.9760167746044
4,2021-01-09,934.13,938.41,921.6930604217912,923.0798802189876,922.5355055352451,913.5,922.7857142857143,928.4434065259079,901.5468666666661,902.2342000000001,890.385454665363,905.0040671836722
4,2021-01-10,938.09,934.13,920.1290732079451,921.0880414717941,920.7593784296287,868.0,922.7142857142857,925.6571479626774,900.9147333333327,898.2202000000001,887.9975560418435,903.3334436156568
4,2021-01-12,845.55,938.09,920.2180942073063,920.3881333704702,920.453242925724,913.5,922.0714285714286,926.6510038430897,900.2297999999994,901.1494000000001,888.9962678924583,903.2047337543094
4,2021-01-13,829.58,845.55,895.5946801366722,894.7996015574503,895.1902324923564,874.5,890.5328571428572,911.2734989903862,869.4042666666663,864.3565999999997,852.6370452836177,872.2803045025781
4,2021-01-14,859.46,829.58,891.8848986632981,889.5325959133713,889.8676064377094,874.5,902.3214285714286,908.8882056945195,883.0457333333333,887.4871999999999,883.940064402831,885.5061312165118
4,2021-01-15,866.22,859.46,913.2305308087074,909.4507034465545,909.9089279483126,874.5,905.41,910.4602639536708,900.1048666666667,903.0901999999999,895.2473562604225,901.6009754578812
4,2021-01-16,913.44,866.22,899.7115055175966,896.1843117055455,898.1382330095295,912.0,891.1342857142857,907.0959932830575,891.0140666666667,893.0005999999998,894.3558265805019,893.8514016509047
4,2021-01-17,931.62,913.44,908.4695082606084,904.980737815079,907.0761537293506,877.0,911.3242857142858,913.3583567738717,911.0910666666668,908.7153999999999,905.5442307417019,907.2053450744826
4,2021-01-18,937.41,931.62,908.1477928272967,904.5714288951245,906.7238582705138,914.73,921.1999999999999,916.4873325490152,908.6957333333335,909.4534000000002,909.0237755258842,907.4303125847806
4,2021-01-19,935.33,937.41,907.590518250928,904.5447412889481,906.2996464365448,927.87,906.5628571428571,914.2201116547997,902.9079999999994,903.6128000000001,906.2215902223702,904.5581105037726
4,2021-01-20,931.15,935.33,921.7811196559127,918.9025685253838,919.5812887268758,868.0,917.2299999999999,913.879533931038,908.1016666666661,909.6292,909.5858347090423,912.1966899670307
4,2021-01-21,935.18,931.15,922.3250536091879,920.980274630989,920.7923233716745,868.0,919.6842857142857,914.9941717637718,916.5209333333327,915.8853999999999,916.1996611094003,917.9002896912407
4,2021-01-22,922.49,935.18,921.231816208842,923.6652906406455,922.4604157201221,932.5,919.6557142857143,917.8277274787158,918.9909999999994,921.612,925.3390256643672,922.6651054350041
4,2021-01-23,931.07,922.49,914.6734129315996,917.0656255770486,915.9523651323005,877.0,924.3985714285715,920.4647568905795,915.5921999999995,916.5728,919.561909495276,917.4065783574415
4,2021-01-24,933.86,931.07,915.7949672706834,918.6748834525589,917.5060549927866,913.5,928.4499999999999,928.3724442523433,920.4281999999997,918.3325999999996,921.0044203627966,920.0358346051185
4,2021-01-25,934.34,933.86,918.7025646717259,920.9700167529018,920.0603771977947,913.5,942.5714285714286,928.5505344447283,916.230533333333,919.1505999999998,925.8520722293073,921.0175407718474
4,2021-01-26,932.5,934.34,917.5758704797219,918.2551314233663,918.1134061594105,913.5,926.1542857142857,929.439371691987,918.1132000000001,918.3231999999999,920.6691868887335,919.0125061040332
4,2021-01-27,926.66,932.5,916.8756851171124,916.7950542616406,917.0590679922802,868.0,926.1542857142857,927.9092140429037,919.5316000000001,921.4734,920.7823615497434,919.0363386037947
4,2021-01-28,922.56,926.66,915.863317160726,915.4618960360428,915.8409713922247,923.4539655172414,923.0714285714286,926.7531194776449,918.5099999999996,919.7263999999999,914.4260715474246,916.1326558611557
4,2021-01-29,929.74,922.56,916.3310532702116,915.4869607088648,915.9629794075549,923.4539655172414,923.0714285714286,925.6336644353041,919.8306666666665,920.8766,917.6598796173698,917.6591689976336
4,2021-01-30,927.64,929.74,920.5856215513909,920.0834028300618,920.4165263832906,902.44,924.3571428571429,929.3075320883302,914.6671999999999,912.1036,920.4567989482966,918.4024672594528
4,2021-01-31,933.72,927.64,920.362315137399,919.9152649941846,920.2158245568111,923.4539655172414,927.8571428571429,926.0464707891316,918.6210666666665,918.9047999999999,920.3295531551169,919.6219616053226
4,2021-02-01,932.92,933.72,922.0468778486105,921.5930052304188,921.9608225488498,913.5,943.6428571428571,930.0803118539977,920.1837999999999,921.1187999999999,924.3332236833028,922.0366763045737
4,2021-02-02,936.54,932.92,921.3835218680892,920.7912858660835,921.2257832181864,868.0,939.7857142857143,928.8326260009693,921.6906,921.6754,924.3353220426911,922.2724026362581
4,2021-02-03,930.82,936.54,921.9159588627239,921.3383860414557,921.787358814176,913.5,931.0,932.5373405371777,919.1703333333335,921.2465999999997,924.7200272351948,921.7429155366613
4,2021-02-04,936.72,930.82,920.7096179719862,920.1875776689741,920.6028799384032,868.0,925.2857142857143,928.9439949308774,918.8319333333336,918.7463999999999,924.3353220426911,921.1182776816663
4,2021-02-05,931.61,936.72,922.8140075165153,922.193487430001,922.6366710140588,913.5,931.0,933.1355692886364,921.0492,923.0978,926.281414032734,923.1747004875783
4,2021-02-06,925.34,931.61,921.5449374062978,921.1613715178806,921.5048458393962,868.0,922.9285714285714,928.8826771828107,920.0418000000001,920.6655999999998,926.1443004816908,922.4491573331906
4,2021-02-07,936.48,925.34,919.226776192318,918.8625671794341,919.2333334175606,877.0,920.0714285714286,926.3631161191541,916.2253333333331,917.1510000000001,918.7870850712545,917.9583285280072
4,2021-02-08,929.2,936.48,923.4435764467286,923.144498429888,923.5026609568814,913.5,925.1428571428571,931.8976688631815,916.5107333333336,920.1652,922.9904392914173,920.8818903515463
4,2021-02-09,921.44,929.2,921.0054432337997,920.4447019585643,920.9186844609727,877.0,920.7142857142857,926.3419873141037,912.7548666666663,910.7719999999999,914.6428749250907,915.9474811834406
4,2021-02-11,897.18,921.44,916.9189914379888,916.2540715867101,916.7826046345236,877.0,918.2857142857143,923.9475342273485,911.1289333333331,906.1714,915.4091946498737,914.2640665233057
4,2021-02-12,923.4,897.18,909.9224659487274,909.2908600505981,909.860333485545,921.5,901.9399999999999,913.277506728375,898.3163999999999,896.8385999999998,920.2878735099581,909.2983778535187
4,2021-02-13,925.04,923.4,917.682048576751,917.4200865660364,917.8520428332484,877.0,930.0957142857143,929.2064157173642,916.4342666666665,919.0806000000001,915.2821357914514,916.3788296747181
4,2021-02-14,797.89,925.04,917.6525236773858,917.3495315495235,917.7348733130589,877.0,917.5714285714286,927.2998356892739,918.8759999999995,916.0418,915.581504571996,917.2690120405064
4,2021-02-15,870.02,797.89,880.8576214487921,880.270685878058,880.6662145284714,921.5,884.3385714285714,909.4591227518573,879.0602666666671,893.0676,898.5023250146942,885.9444258531397
4,2021-02-16,924.73,870.02,903.2756214418428,902.5180439330603,902.7883943467122,921.5,915.0128571428571,911.4910558428566,902.4635333333335,914.3848000000002,915.5097611247917,906.8304461303951
4,2021-02-17,926.36,924.73,926.4217291254172,925.420663817647,925.631883025369,923.4539655172414,911.5171428571429,923.595496593453,919.3065333333332,921.2264,923.2727512650288,922.666649472003
4,2021-02-18,926.11,926.36,930.3083525363851,928.4271469918059,928.8538276687915,923.4539655172414,913.4928571428571,921.4513611344249,921.1833333333337,921.9423999999999,915.1086742281902,921.5730515177765
4,2021-02-19,929.72,926.11,925.3954889179594,923.5475677638821,924.1079478898372,923.4539655172414,915.9085714285715,923.3285173995722,920.4046,921.0490000000001,924.8058512902109,922.9193396846977
4,2021-02-20,930.35,929.72,915.7361024470003,915.5717935093371,915.4843900359074,917.5,921.1085714285715,925.1838724830774,915.6176666666669,917.834,924.8621405089642,918.6838668949895
4,2021-02-23,925.4,930.35,906.3244700101034,907.6952787621241,906.9423247853656,914.73,917.7128571428572,922.3447936413451,921.5401333333331,922.0173999999997,929.2126942966803,919.4827021307125
4,2021-02-24,936.12,925.4,915.1346186794274,915.3077055119828,915.2884153208228,923.4539655172414,918.0771428571428,914.972799561378,920.6619999999999,920.7284,928.5544010166127,921.5080355095319
4,2021-02-25,927.48,936.12,918.2606971224498,919.9834472535283,919.1631047287426,913.5,916.0771428571428,924.6717878303051,924.2864666666667,924.1439999999997,927.4230294163702,923.8976477788551
4,2021-02-26,922.42,927.48,914.4835077724853,916.6689423965885,915.6445397491468,877.0,886.9285714285714,922.6314176131071,920.0406666666665,920.3459999999998,922.0487802267207,919.5861297633252
4,2021-02-27,931.92,922.42,912.8904725370782,914.3267262269687,913.7078647040552,877.0,928.5,923.6260386027515,922.1989333333331,921.0606,921.7111982467657,919.412285935689
4,2021-03-31,935.76,931.92,923.6360078599897,924.9000773470741,924.3130949640008,931.1,925.8571428571429,931.5826065591975,928.7604,927.2675999999998,929.7659382616466,927.8088052029069
4,2021-04-01,935.32,935.76,927.0978261943202,927.9382737390273,927.5517719674941,934.6585964912281,925.8571428571429,932.3781486508367,927.3419333333331,927.3551999999999,927.0572823034211,927.4458297919273
4,2021-04-02,941.7,935.32,924.5240484877888,923.9618420514865,924.23412393088,934.6585964912281,927.8342857142858,928.1554372251164,926.0449333333332,925.2156,923.4710592674692,924.492611550763
4,2021-04-03,947.36,941.7,929.2541904344924,929.2598681071613,929.2791833759142,937.3811111111112,935.2142857142857,936.8830899393075,927.9850666666665,927.3408000000002,930.7587641743014,929.3345663160432
4,2021-04-04,946.82,947.36,931.5227352793235,932.1060978890549,931.874663478503,937.3811111111112,935.2142857142857,939.0664332341562,926.3072666666662,924.4064,927.9262230791147,928.7798625449453
4,2021-04-05,930.88,946.82,932.7868707835744,933.272994790409,933.157446115643,937.3811111111112,934.3785714285714,938.2612985497128,928.3414666666666,927.9110000000001,932.7647196264672,931.4597270278476
4,2021-04-06,920.76,930.88,929.2683172513566,929.2605850320184,929.2791358513716,931.0133333333333,926.5442857142856,929.1198726291683,931.3633333333336,930.7886,931.1799331219568,930.601283829103
4,2021-04-07,910.19,920.76,924.9479406552622,925.4348926273278,925.3366557486967,884.13,928.1685714285715,927.9059989750066,915.5958666666666,914.5499999999998,926.2453497296575,922.4253696745506
4,2021-04-08,884.32,910.19,923.7737314278878,923.9170119343792,923.8708881085167,885.0,916.3742857142857,924.9204559228475,909.7183999999999,910.6533999999998,922.8048002146538,918.8134040496776
4,2021-04-09,880.57,884.32,915.9546251915181,915.7569722829683,915.9203316801937,903.0,913.8757142857145,915.8470508753732,913.6069333333334,913.5455999999999,924.0745066116576,917.8128040759863
4,2021-04-10,884.34,880.57,914.9160512874823,913.4643251313879,914.0291063831404,917.5,922.9228571428572,916.6981807470441,913.1356,914.9548,930.0083763519762,918.8694338277879
4,2021-04-11,876.14,884.34,911.7480259711004,909.5732934110896,910.4945606220708,934.0,919.4357142857143,916.2528275817994,912.5192666666668,911.5531999999998,923.8268485053048,915.3064695276871
4,2021-04-12,893.53,876.14,903.4833573641823,900.6563050217542,902.3556343887682,934.0,905.4185714285715,906.4477394997206,904.0025333333334,901.339,906.4072757814727,903.6887047121867
4,2021-04-13,856.98,893.53,906.7227601257727,903.845554167923,905.5540904074459,917.5,895.2857142857143,907.4245252558441,903.3725333333335,900.6284,903.3997209268393,903.5392694760318
4,2021-04-14,861.36,856.98,890.0952493368052,887.813276866046,889.3109306533711,917.5,877.84,896.2613029414755,889.8660666666665,896.3767999999999,884.1261003614618,887.2684812980582
4,2021-04-15,872.93,861.36,892.5119589226462,889.7523460044665,891.2610615365005,917.5,895.2857142857143,897.8480307124687,899.3783333333336,899.6628,909.5735412411094,899.5680735263031
4,2021-04-16,884.15,872.93,896.3233120887157,893.999788927168,895.3362607533023,917.5,893.7142857142857,897.5074363684181,891.0209333333338,891.0124,894.7069969216903,893.2425730607307
4,2021-04-17,845.53,884.15,899.933778996275,898.1785195869936,899.2280699638098,917.5,892.1428571428571,900.1903752728307,892.1708000000003,889.8746000000001,893.3579552611469,894.569091616047
4,2021-04-18,905.25,845.53,884.5382971328713,883.1272683045084,883.987454708155,1000.0,895.5714285714286,900.269504516834,883.2552000000002,887.2001999999998,866.2434425949467,877.5419702998184
4,2021-04-19,918.7,905.25,900.905241403286,900.3775065954477,900.9981725910887,917.5,915.972857142857,913.4678973101526,900.2442666666667,898.2947999999998,895.6657950373223,898.7625227664789
4,2021-04-20,931.97,918.7,908.1515038745138,908.1004878542866,908.2872158595106,904.0,907.7328571428571,912.6772541484036,912.2116000000001,905.091,921.0813108862594,913.7977995801821
4,2021-04-21,902.16,931.97,915.3543536246325,915.4745435337845,915.5651762515719,934.6585964912281,916.4942857142858,913.5919450285936,917.5769333333332,910.581,921.3375430627507,918.1296733099562
4,2021-04-22,909.33,902.16,904.2198569820523,905.542510234627,904.960876169636,917.5,900.0057142857142,913.1704687645412,903.0383999999999,901.6977999999998,897.3477627164757,901.9762243170343
4,2021-04-23,878.45,909.33,903.4512743118268,906.3735810215485,905.3430370871293,904.0,897.7271428571429,918.0389197990028,910.9024000000001,910.0517999999997,918.9408232036906,912.0722680750796
4,2021-04-24,853.34,878.45,900.1651849517343,903.0683955311961,901.8105517661893,917.5,886.2857142857143,907.903256550654,901.9440000000001,900.8281999999999,899.1939949825666,901.4021301712542
4,2021-04-25,882.82,853.34,892.5699101031588,894.6621936534351,893.8888001057745,934.0,884.7185714285715,902.7060509788726,895.8827333333337,897.0365999999999,903.3104170701347,897.9517813523012
4,2021-04-26,902.29,882.82,902.7110194780053,905.2383589596978,904.2596469542584,934.0,915.3228571428572,913.5733278457492,902.783266666667,903.727,913.2546366689301,907.092087431765
4,2021-04-27,909.36,902.29,907.3670546547173,908.9166422074865,908.409202547568,933.5,911.0471428571428,914.8355877422408,903.5218000000003,907.7395999999998,903.8643508574709,905.4342643549859
4,2021-04-28,891.94,909.36,915.0669113044912,914.9745994952295,915.0069777889024,904.0,900.7071428571428,910.6065173272981,909.6731333333331,907.1145999999999,916.5097182281663,913.719150352243
4,2021-04-29,858.59,891.94,903.6013629494973,903.0268256015065,903.5747292113942,917.5,897.3571428571429,903.9715866160302,898.0855333333334,899.4295999999999,909.2305417891035,903.4476335746477
4,2021-04-30,849.48,858.59,888.9308269971045,888.1534167784454,888.6645740801799,917.5,899.8571428571429,903.568038982546,893.2238666666668,898.0242,901.4099708261361,894.2624180904162
4,2021-05-01,869.06,849.48,890.4157884870391,888.7116426432407,889.3583634159955,917.5,901.4285714285714,901.6667659727424,885.1156666666669,890.4867999999998,873.4767772508982,882.4346955202686
4,2021-05-02,869.69,869.06,899.7842602553679,899.254024142476,899.5720732808645,933.5,888.9285714285714,899.1189239563022,899.9219333333338,897.7352000000001,914.9438984192407,904.7066186316835
4,2021-05-03,873.82,869.69,897.1668928520859,897.078822980464,897.4588011888029,934.0,904.6428571428571,896.8736203789294,900.7344666666669,897.9924000000001,912.9611416423962,903.591477096509
4,2021-05-04,878.26,873.82,892.8610213898993,892.980566360238,893.282113441008,917.5,909.4285714285714,899.4230859535757,898.2048000000002,895.8315999999999,905.7072206418073,898.9641956673486
4,2021-05-05,857.93,878.26,891.4050653302877,891.0657275757841,891.5360850230746,1000.0,910.0714285714286,898.0943152203993,898.4580000000003,900.485,902.211275655419,897.2450010770677
4,2021-05-06,842.41,857.93,887.0234574374349,885.9375790170787,886.4833843239666,1000.0,908.1428571428571,901.6980922476075,901.6477333333336,912.8430000000001,914.0015811753851,900.5289645085992
4,2021-05-07,877.13,842.41,883.051492193262,881.5646617348395,882.1796464382685,1000.0,903.2857142857143,899.3704401966348,899.1456000000002,906.5454,910.9597073654696,897.2233230334364
4,2021-05-08,848.79,877.13,894.1951901994291,893.5392681175931,893.9926990950607,1000.0,888.1428571428571,899.2537352584336,900.439866666667,910.4404,921.9738109348312,905.3176485730305
4,2021-05-09,852.95,848.79,887.2562793087878,886.5810275673063,886.7483182591911,1000.0,891.5714285714286,900.2133973448456,899.7564666666668,905.271,900.9168240388357,895.7514394242695
4,2021-05-10,821.79,852.95,884.8515442231852,884.3010232837843,884.6943920698993,1000.0,896.0714285714286,896.2744026421344,906.1784666666667,912.5828,910.6834626483641,900.3876508662717
4,2021-05-11,856.34,821.79,870.3589960118863,870.325841561644,870.5855005334155,1000.0,891.1428571428571,904.8390776062107,931.7639333333333,923.9049999999999,912.2528947089597,904.780889867979
4,2021-05-12,852.19,856.34,879.1311536291239,879.5029840885744,879.6371723578334,1000.0,880.0,901.1389177901847,935.0734000000001,928.6708,936.5775045206407,917.0512962030717
4,2021-05-13,850.22,852.19,880.6109929874432,880.2545176826657,880.608007355192,1000.0,902.5,904.8196676856658,931.9309333333334,927.4853999999999,928.9232905667775,913.7029138609256
4,2021-05-14,838.73,850.22,875.7449101559821,875.514751048253,875.9784220220232,1000.0,905.6428571428571,903.5250314508309,927.5289999999999,921.7045999999999,919.5778862271135,907.5405457584556
4,2021-05-15,844.27,838.73,874.2785680341768,874.0109876651577,874.2606834759474,1000.0,889.7142857142857,909.836665540884,931.7176666666667,923.7516,925.9685839863153,910.5657461060465
4,2021-05-16,839.82,844.27,875.4300039345851,875.0011339368307,875.3226502782742,1000.0,904.2857142857143,908.9059688640883,932.6571333333334,926.0454,912.8802932596436,906.8461868432693
4,2021-05-17,830.06,839.82,875.3325136883966,875.2262885524626,875.4097079073077,1000.0,907.4285714285714,911.0077849235248,933.2163999999999,927.3008,914.4153377378882,907.6193420967835
4,2021-05-18,871.21,830.06,871.62487753682,871.1633268483889,871.519563057231,1000.0,902.5,910.6613980296521,932.3064000000002,924.557,912.0530955016566,905.1742741166819
4,2021-05-19,883.35,871.21,881.7506281983772,882.2787167473346,882.2368209194393,1000.0,891.5714285714286,909.4455076964542,935.8365333333334,929.7016,945.1270410334396,921.0807637047025
4,2021-05-20,902.55,883.35,887.6493319458065,887.6536295708614,887.7302137296241,1000.0,891.5,908.4137165328123,931.1841333333333,923.7128,945.5651737279213,921.4676455440386
4,2021-05-21,922.6,902.55,895.2969431801105,895.6828305416354,895.5706896844944,1000.0,904.8571428571429,907.4942098262242,937.1338666666668,925.8451999999999,933.7764699981336,922.1977224021452
4,2021-05-23,931.57,922.6,906.9072117460619,907.5031898512526,906.8562257559355,837.73,908.3857142857142,910.0714964875183,909.0189333333332,903.1094,924.9774235082108,913.8331822309323
4,2021-05-24,933.66,931.57,914.8039121671766,916.4069738019549,915.2982646885118,934.6585964912281,909.5814285714285,912.1734404096113,919.876,909.7828000000002,941.4800518292157,925.9210085437235
4,2021-05-25,788.0,933.66,913.2833096900632,916.4719936065558,914.9277585446213,934.6585964912281,910.6928571428572,914.5660451431331,916.9572000000001,915.1156000000001,914.0056984794246,915.8116306953267
4,2021-05-26,868.57,788.0,869.0015766493639,872.9411085062957,871.1040485633503,917.5,883.2471428571429,911.9389085398035,898.1678,897.6427999999999,861.0077745524543,877.37222768625
4,2021-05-27,904.42,868.57,895.3798530001594,900.3221632143739,898.2747186603918,934.0,910.6742857142857,912.9135131073922,919.8805333333335,910.4691999999999,899.3963458282369,906.5330141253147
4,2021-05-28,942.23,904.42,918.2601907289554,922.364215109494,920.6348200552832,934.0,902.6814285714287,913.1125286322704,919.6653333333335,912.2173999999999,911.798041683975,917.9425300422675
4,2021-05-29,940.93,942.23,937.5152492011545,940.0578589021244,938.7427537065995,934.04,921.5942857142857,918.798036066056,924.6605333333334,924.7161999999998,931.0323555380095,931.9169159244892
4,2021-05-31,948.5,940.93,936.7595728377486,938.0313741675648,937.1482634428942,937.3811111111112,908.85,921.9948089109328,927.6477333333333,930.1856,918.7823697879902,928.1538257629628
4,2021-06-01,941.22,948.5,951.0728812394411,951.4402397669578,950.7361229458419,937.3811111111112,917.16,913.7154995709543,926.9512666666667,927.4245999999999,928.3913872980487,935.5942979105577
4,2021-06-02,947.97,941.22,926.5900133161743,928.5012262634632,927.271692692806,922.29,925.8871428571429,914.1318291128285,923.6025333333332,923.541,928.5808576434279,926.894872413408
4,2021-06-03,942.25,947.97,939.2524765484892,939.4682464977144,939.3054084105861,922.29,918.657142857143,912.78560309644,922.6758666666664,922.6234000000001,934.2273128507651,932.1238086717153
4,2021-06-04,931.38,942.25,931.7062676910094,935.0686664232489,933.8485573210613,922.29,929.7757142857143,917.6222295949696,924.1934666666664,922.2780000000001,931.1476987946263,930.1366106281806
4,2021-06-05,944.28,931.38,931.6710212856726,934.6987445962867,933.5946716318258,922.29,921.8571428571429,919.8439132005723,923.417333333333,920.1845999999999,924.8145158728122,927.6435312674772
4,2021-06-06,940.44,944.28,939.1560058614607,941.9145981448715,940.9881909204853,922.29,922.2857142857143,920.640390364725,924.6792666666665,921.1516000000001,934.7026765864944,933.7655137993441
4,2021-06-07,939.27,940.44,938.3491893083683,940.1385678965831,939.7204279854948,922.29,924.0,918.7870291410134,922.7435999999997,920.7330000000002,930.0602817020409,930.9808165328745
4,2021-06-08,919.59,939.27,938.3497172539593,939.3985564811807,939.3474673353048,922.29,924.0,918.8541592073374,924.1711999999995,921.5558000000003,929.2944518821274,930.9547361211025
4,2021-06-10,931.34,919.59,928.9142003478737,928.0417988977329,928.9136156748789,884.13,913.2142857142857,914.2423946120251,908.1019999999993,905.4557999999997,907.5066348465517,914.550144581428
4,2021-06-11,943.31,931.34,935.992406640861,935.289956540869,936.010215356571,922.29,920.4285714285714,917.8854180641468,924.0767333333332,921.5808000000002,925.9076248368947,928.4247715703656
4,2021-06-12,941.67,943.31,940.2343833231498,939.5638272801484,940.2848656469247,922.29,922.0714285714286,919.9368800927115,927.9718666666661,926.5874,934.2380782475401,933.9245907314515
4,2021-06-13,945.29,941.67,943.4312920813804,942.624751883915,943.3473722263112,922.29,923.6428571428571,920.7926262703855,930.2789333333329,930.7850000000002,936.4356872946505,936.4464575039661
4,2021-06-16,944.78,945.29,943.6378640527256,942.9413584370924,943.6234749411404,922.29,922.2142857142857,921.7340944254133,930.9165999999991,929.6346000000001,940.0985627993438,937.9855070788117
4,2021-06-17,943.24,944.78,942.8908887308417,942.2081143545996,942.8471847453795,922.29,924.1428571428571,922.0808933320847,930.958466666666,928.9112000000001,936.9252846954191,936.6972885722283
4,2021-06-18,930.57,943.24,939.3316214077371,938.882015735218,939.4123365654627,922.29,924.1428571428571,923.0035592210609,928.7367999999993,927.6678000000002,934.5272226428038,934.0486794593404
4,2021-06-19,920.42,930.57,938.0696589787999,937.16226960261,937.7536956495364,922.29,923.6428571428571,922.3001184823158,928.0904666666661,922.0962000000003,936.0633165775382,933.7720176156048
4,2021-06-20,906.05,920.42,934.8012322180837,934.3342640124831,934.7389663246139,896.18,915.8571428571429,921.5896893041008,914.0975999999991,912.5233999999999,916.88564908987,921.7725043674508
4,2021-06-22,946.71,906.05,932.843412354563,931.9790611387451,932.3664113107563,903.0,910.4528571428572,918.1452062275902,912.1363333333333,919.9504,917.871287590907,920.6622273543285
4,2021-06-23,940.92,946.71,946.6553807159961,945.9105803863941,946.1938578302575,922.29,931.8042857142857,931.2728831574905,926.3187999999992,924.7672000000001,935.890876904369,936.0400857635874
4,2021-06-24,944.12,940.92,944.559970377611,943.475388880493,943.8962751960087,922.29,932.8571428571429,931.6569765387742,931.2643999999995,934.2740000000003,937.5662657058435,937.4353515287788
4,2021-06-25,947.04,944.12,944.423053358023,943.1292158206186,943.6367577375322,922.29,944.0714285714286,937.1720994109763,934.9991999999991,937.4530000000002,934.7447680389691,937.6243946198623
4,2021-06-26,946.67,947.04,943.5072896041702,942.2209992211154,942.7157305356036,922.29,934.472857142857,938.6131293942785,931.7463999999992,933.0866000000002,935.3915161505561,936.452971790557
4,2021-06-27,930.64,946.67,945.922022151622,944.8551991609864,945.163078616742,922.29,932.9014285714285,936.8548605578477,929.5007333333331,930.8690000000003,933.619353279836,935.9917619247185
4,2021-06-28,917.98,930.64,936.5217247643935,936.3513885063435,936.4407357899788,922.29,930.2328571428571,929.8183702614144,932.8729333333325,933.9402000000002,940.3589866490025,936.5277694962261
4,2021-06-29,947.7,917.98,933.6104457998525,933.2469721036305,933.4134923796464,896.18,924.6157142857144,926.3454709881169,916.7591333333326,918.2913999999998,922.5997562256557,924.2019538875396
4,2021-07-01,944.64,947.7,943.2959205164645,944.0552202462383,943.7382218942121,922.29,932.1214285714285,939.6297450668358,932.7567333333328,934.9248000000002,941.2467942321152,939.3529159372288
4,2021-07-03,944.92,944.64,944.5624454205636,944.8314579150028,944.6970109571026,931.43,930.2100000000002,940.331043139863,935.5726666666662,937.7208,933.8822953959437,938.0954733258709
4,2021-07-04,944.24,944.92,946.1516777297594,946.0164646931759,946.0077748470106,936.27,936.8557142857143,941.1936164208689,936.7527333333336,937.7181999999998,936.2294331224604,939.6662103829899
4,2021-07-05,946.67,944.24,945.2337005220385,944.9245851298916,944.9926877615432,933.16,934.1085714285715,940.7296693602246,932.5230000000003,934.9148000000001,931.0724277375242,936.173337622472
4,2021-07-06,943.95,946.67,939.0293833500001,939.0710256366948,939.1042268135295,942.87,935.887142857143,939.0664972378775,933.3090666666668,934.7919999999999,932.4560843035448,934.9453922023022
4,2021-07-07,933.59,943.95,940.5820517371577,940.5911471081843,940.6907084127218,923.8,936.7600000000001,941.1184828107408,931.976733333334,932.9956000000003,933.1817962386975,935.2498922267387
4,2021-07-08,932.5,933.59,938.2709267484023,938.3770354028443,938.4184775348974,923.8,937.5428571428572,937.6368937923401,928.8673333333331,931.7282,933.3582875796417,933.5342187719398
4,2021-07-10,839.18,932.5,937.1798827396948,937.3260028968471,937.2467401019354,923.8,926.2600000000001,938.2764351207805,928.2713999999997,929.6512000000001,931.6515443887206,932.4163157618558
4,2021-07-12,812.57,839.18,910.3625172066845,910.6401662028894,910.561876258306,903.0,892.41,917.55274025423,898.4630666666671,903.1845999999999,917.0960015253345,908.7330781316304
4,2021-07-13,813.07,812.57,906.4206546182801,904.0501139663451,904.579235426012,917.5,899.1457142857142,906.560596227287,890.0513333333338,908.4933999999998,913.4214284623962,902.5076252540251
4,2021-07-14,837.27,813.07,916.3179275103504,910.5092210950286,911.49307318783,917.5,897.6999999999999,909.4021823767266,888.9276000000004,902.4349999999998,916.1049641165969,905.180595070542
4,2021-07-15,891.46,837.27,901.2786108588333,895.4639658321545,898.703821872875,1000.0,899.9628571428573,911.8419948669009,901.7732000000003,901.6365999999999,888.9424424675758,895.3932027665769
4,2021-07-16,944.12,891.46,912.5455304706953,906.461894652954,909.8800249316246,1000.0,912.0314285714286,912.3190825097116,913.4807333333334,909.9606,903.8459996928965,907.9295425597279
4,2021-07-17,954.58,944.12,934.4703750419748,928.2800113915473,931.5273929112523,1000.0,914.0328571428572,912.9739828175107,914.372066666667,916.2545999999998,895.7014203877666,912.7844994819937
4,2021-07-18,949.17,954.58,907.4190126755999,903.3336951526215,905.9622935111875,1000.0,916.9799999999999,914.2922377567792,910.7489333333335,908.4949999999999,877.7714975138853,897.2847086666134
4,2021-07-19,933.36,949.17,935.8016723366718,930.6991402673364,932.2296247539374,1000.0,914.6842857142857,912.9150641452807,909.8808666666669,907.4090000000001,903.6440529116732,914.7413532818922
4,2021-07-20,874.51,933.36,934.0688206419209,933.2705332876368,932.7187859718232,1000.0,915.1900000000002,912.947738642151,927.5683333333335,922.6080000000001,943.1491899141349,934.6626855117016
4,2021-07-21,919.75,874.51,911.1716010482255,913.3475581709117,911.8619447074025,903.1086956521739,906.9785714285715,912.1759753749607,888.1548,898.2832000000001,898.3093947033022,899.9372509580713
4,2021-07-22,925.36,919.75,926.0496802282464,929.9104104840137,928.0837525623444,913.875,915.4814285714285,918.2193619417718,922.0779333333334,921.3126,925.9172673878215,925.9685370683895
4,2021-07-23,938.22,925.36,926.7888039689171,931.9484151592039,930.0027579951,913.875,917.85,923.2528827622259,925.1858666666664,925.1482000000001,932.5521687969751,929.8954835409486
5,2021-07-24,949.56,938.22,933.766092570258,934.5606438452444,934.5393401651459,933.0306666666667,928.8557142857143,939.2020089636217,926.0831333333327,927.0347999999999,936.7761101203429,932.4732957663067
5,2021-07-25,951.8,949.56,934.0546290482166,934.5411164831568,934.7613295500263,939.0,937.62,939.4987806730992,938.1126666666667,938.8731999999998,940.2820368286399,937.6452733261544
5,2021-07-26,949.56,951.8,931.0635880726453,931.6319858987054,931.9140842101286,939.0,937.2628571428571,931.7378693236707,933.1964666666669,933.2239999999998,922.3981153022124,929.0755226225282
5,2021-07-27,950.47,949.56,934.8411429883658,935.0011226662048,935.323554441833,947.1719999999999,926.2800000000001,927.6810953642141,930.6960666666669,931.531,911.9131439199023,925.8701110842579
5,2021-07-28,939.94,950.47,934.9024408291214,934.9511058066565,935.2136997733396,930.6966666666667,924.4957142857141,928.8005065971263,932.1411333333336,927.8815999999997,935.5542795085047,934.215506216165
5,2021-07-29,952.02,939.94,932.7648353367791,933.0606240968119,933.2016215189906,940.0587037037035,933.2699999999999,938.6917837594252,929.9146666666661,926.8478,933.7081571414642,932.2278159683141
5,2021-07-30,945.0,952.02,943.3026631105885,943.4461788868297,943.5713950241387,940.0587037037035,936.5199999999999,944.6318419186554,933.2697333333341,932.5272,931.9245556232111,936.2134892811249
5,2021-07-31,951.99,945.0,940.640493846885,940.948440866886,941.0689060832142,940.0587037037035,936.4314285714287,938.2308422189772,931.7433333333341,933.2072000000001,929.9916605348074,934.2278115783425
5,2021-08-01,951.27,951.99,943.2102458160855,943.5787087316792,943.7802221032224,940.0587037037035,933.8957142857142,942.0231504925608,933.4134000000006,934.1309999999999,930.9737797434705,935.9886294917168
5,2021-08-02,949.64,951.27,942.1143074508076,942.5043098415332,942.7517742995,940.0587037037035,931.2585714285714,940.4676336962699,933.1032666666669,934.6787999999999,932.089003177792,935.8988598953307
5,2021-08-03,949.8,949.64,937.659689184862,937.9893851707931,938.3497730321625,940.0587037037035,924.6342857142856,940.2484480791962,932.8063999999999,934.1724,932.7143715164877,934.503385562427
5,2021-08-04,950.12,949.8,940.3895940403262,940.7767114311342,941.0871744334028,940.0587037037035,934.3828571428572,940.27681655733,934.9785333333335,935.0169999999999,932.5409101519035,936.098718305457
5,2021-08-05,947.21,950.12,940.0651060176048,940.5330558991907,940.8562113674601,940.0587037037035,938.6642857142857,939.6499559060233,930.6668666666668,931.8256,926.6656581704656,932.621860245441
5,2021-08-07,951.85,947.21,938.1046171841487,938.6523112803695,938.938774406148,940.0587037037035,932.7900000000001,936.3072505037503,931.4523333333334,933.0618,924.496325435536,931.5336566830797
5,2021-08-08,954.09,951.85,941.6951336739401,942.2349331000958,942.5347539273675,940.0587037037035,933.4957142857144,937.460710982055,931.8450666666671,932.0721999999997,924.6717098803617,932.9172365490416
5,2021-08-09,954.41,954.09,942.5347056068063,943.1589121995152,943.4491431046722,940.0587037037035,934.7371428571429,936.1424457211065,932.6640666666674,931.9427999999998,924.6717098803617,933.4982295821814
5,2021-08-10,955.41,954.41,942.8130224237902,943.3544974585715,943.6787515685168,940.0587037037035,934.7371428571429,935.3556007689713,932.936866666667,932.2755999999998,927.4552388377829,934.5822009876738
5,2021-08-11,952.5,955.41,942.9029022424969,943.497164389662,943.8221211051224,923.8,934.7371428571429,934.7884230736616,930.3638000000007,930.6049999999999,927.4552388377829,933.7720677424818
5,2021-08-12,944.81,952.5,941.7931544750786,942.3120851942267,942.5931961478045,923.8,934.7371428571429,935.3871634845381,930.9408666666669,930.5177999999999,926.5889120968363,933.2806213192433
5,2021-08-14,952.98,944.81,939.3417299640431,939.6975217550848,939.8349083759454,923.8,930.5542857142856,933.6894181539114,930.1916000000006,932.2675999999999,926.8658416812378,932.2516544787744
5,2021-08-15,949.18,952.98,944.7731117630108,945.0495156772134,945.1490617726345,923.8,932.7957142857142,939.4504388662598,929.2677333333337,929.8695999999998,930.2061441321057,934.8411310475509
5,2021-08-16,943.23,949.18,944.8442900019317,945.0299814475973,945.1064296738568,923.8,918.5500000000001,937.5691525747311,925.9235333333337,928.8042,925.1705088365492,932.0413412058268
5,2021-08-17,905.46,943.23,941.5392936721163,941.6427156476849,941.6529038104932,923.8,918.4071428571427,936.6536254929583,920.2659333333335,922.9262000000001,915.2811535099779,925.7299341636653
5,2021-08-18,949.34,905.46,923.776920481558,924.0884241567782,924.1584562695004,938.07,916.9142857142857,926.1316643965612,908.0692666666665,900.7151999999999,880.5007780348673,904.2194896194374
5,2021-08-19,951.48,949.34,945.2841048146555,945.6030563123908,945.6871267236621,923.8,934.9357142857143,937.0147722828763,931.3339999999998,931.8547999999996,928.7429020289596,935.2266527804501
5,2021-08-20,952.7,951.48,950.1466265616924,950.4067589358741,950.4896292750424,923.8,939.4628571428572,941.6628090197061,933.2477333333331,933.9113999999995,931.2759803285462,938.3101575325845
5,2021-08-21,948.7,952.7,948.4765754939185,948.650755357406,948.782913134465,923.8,939.4628571428572,941.779853617047,931.1560666666667,931.5821999999997,925.6877319871268,935.1648513370665
5,2021-08-22,951.15,948.7,944.6920150735012,944.922127120315,945.0257526720734,923.8,937.6171428571428,938.8495386494286,932.9775333333332,932.8215999999996,925.6821993805502,934.5272866113995
5,2021-08-23,946.85,951.15,945.1139983959577,945.2686195208264,945.3435126200341,932.5,936.6685714285713,939.8182787338385,933.2423333333331,930.5678,932.826790125098,937.1125809930859
5,2021-08-24,930.07,946.85,946.908981825433,946.8371031103468,946.8962554191756,932.5,933.762857142857,938.3964300790113,932.8742666666666,930.1384000000002,933.2223563522639,937.6445753764257
5,2021-08-25,927.34,930.07,935.3176894800124,935.4320932174785,935.460346382548,894.7,936.5385714285715,934.8860344907619,892.2295999999989,883.82,890.1096416435292,905.9237782870023
5,2021-08-26,940.08,927.34,933.4298381947141,933.3279415541981,933.306214540021,894.7,915.4514285714286,935.6901314692806,883.2168666666653,876.291,876.6843224625379,897.7430435611337
5,2021-08-27,949.09,940.08,938.5866121309857,938.6409284373684,938.6142039436137,923.8,915.8928571428571,938.5695079544206,920.6162666666664,918.4585999999998,901.3209112839864,920.1927021293404
5,2021-08-28,951.09,949.09,944.0406808575048,944.1184739461484,944.087255685151,923.8,938.4257142857142,940.4561549726047,933.2970666666669,931.7965999999999,923.8834091564283,933.7663165897478
5,2021-08-29,950.43,951.09,944.5802827856522,944.5760414695751,944.5755040540146,923.8,939.9357142857142,940.4303222117252,933.8295333333335,931.863,927.1898488471919,935.1984745500336
5,2021-08-30,926.04,950.43,942.1895532424813,942.207121772214,942.2031955321663,923.8,937.2685714285715,939.0997152375282,933.8724000000001,931.5326,926.3235221062454,934.1343479594865
5,2021-08-31,944.85,926.04,928.836747305305,928.4509916124705,928.5449223658271,894.7,917.1271428571429,928.0838827237673,909.4096666666661,907.8027999999999,927.5881240220908,921.816260767076
5,2021-09-01,948.33,944.85,940.0733725914895,939.9889162524897,940.0396716249816,923.8,931.5799999999999,940.9805729756409,932.7924666666669,930.8986,931.8469463214299,934.8761097468622
5,2021-09-02,952.84,948.33,943.3459024760604,943.5601214263274,943.5910868013355,923.8,940.147142857143,940.8353427974073,931.7483333333337,930.9831999999998,930.600595085056,935.3030166149057
5,2021-09-03,951.0,952.84,946.0993301116116,946.3192040693651,946.3586132452932,923.8,941.6757142857142,941.1978789044665,931.7818666666668,931.2033999999999,924.7565811199453,934.2858839519923
5,2021-09-04,949.09,951.0,944.0508503846513,944.2916157909507,944.3233946705884,923.8,937.4071428571427,939.4372304593528,933.5954666666669,931.322,928.8648003190666,935.5839609255613
5,2021-09-05,950.82,949.09,941.9065541008167,942.1591187662025,942.1927750916794,923.8,939.9971428571428,938.4999069285237,933.2447333333337,931.8971999999999,928.5100372527114,934.6379631174159
5,2021-09-07,939.42,950.82,941.9305127700845,942.156692878938,942.1903331504622,923.8,940.2471428571428,939.1602000190148,933.9907333333337,931.8933999999998,940.3762053298942,938.8412105140552
5,2021-09-10,947.98,939.42,935.9482443423456,936.0962052440381,936.142908455518,923.8,938.4628571428572,936.6038457515741,925.9909999999998,926.0906000000002,922.569873188052,928.21902614403
5,2021-09-11,910.81,947.98,940.7220817513358,940.8662927472632,940.9075898492213,923.8,939.7728571428571,940.0071367951813,932.1010000000007,933.1224000000001,927.9984735781201,933.6552554417946
5,2021-09-12,943.48,910.81,924.770215476011,924.9795240758127,925.0329183411528,894.7,920.1285714285714,927.8647340918448,892.4493999999993,886.1787999999999,883.0296329159703,900.1528523305942
5,2021-09-14,946.35,943.48,940.9676284830699,941.2255060995878,941.267250863202,923.8,934.0471428571428,938.2341812985703,929.6101999999996,932.732,931.561651630272,934.1324525766198
5,2021-09-15,949.48,946.35,945.1966917066104,945.4362507678724,945.4785456771717,923.8,938.0114285714286,940.2152358959319,932.6204,934.9499999999998,931.8288397746428,936.6284968475051
5,2021-09-16,949.97,949.48,945.5635494260542,945.810721107054,945.8634694720349,923.8,938.7585714285715,941.0492161861896,933.497,935.3689999999998,932.9509318004208,937.4195509691582
5,2021-09-17,949.88,949.97,940.6823063999768,940.9331563040706,941.0221702654462,923.8,935.4742857142857,939.3227873939393,931.9531999999999,931.7985999999997,927.9435220185667,933.6099594408792
5,2021-09-21,949.05,949.88,941.9619432017967,942.1038078056486,942.173799789659,923.8,936.8214285714286,939.5749791624239,930.3292666666667,930.1231999999997,926.5376922203095,932.9902555642083
5,2021-09-22,945.54,949.05,939.248302121866,939.4364926205011,939.4644378981951,932.5,934.352857142857,937.1160571404963,931.0148,929.5109999999996,927.404018961256,932.618437193919
5,2021-09-23,936.46,945.54,938.5246712053388,938.6559050811625,938.6550219658035,923.8,937.0014285714286,937.3941139121912,926.4060000000005,926.0585999999998,912.8269813332819,925.9629621381482
5,2021-09-24,944.93,936.46,935.0245828067408,935.1289029621731,935.0745678973885,938.3705263157896,917.1914285714286,935.2187896744986,916.7159999999996,916.28,890.6989329189354,914.181278627036
5,2021-09-25,949.68,944.93,941.7682865085883,941.8058785223916,941.756886872312,923.8,938.8028571428573,939.1262438556698,929.4265333333337,928.1890000000001,930.9108726387243,934.04776149815
5,2021-10-11,951.53,949.68,944.2853406130454,944.3104802383316,944.2646817182609,862.35,927.6671428571427,938.8479892997599,906.7128000000007,907.7252000000001,924.437275337463,925.1535185252651
5,2021-10-12,951.73,951.53,943.9669514940557,944.0625462351443,944.0287989542135,862.35,927.6671428571428,939.0065517779561,906.7660666666673,907.0889999999998,925.0730654565816,925.3005594527976
5,2021-10-13,950.63,951.73,944.0882186528823,944.1574787526655,944.1232678980083,862.35,928.5899999999999,938.368753715716,907.0972666666672,907.5645999999999,925.9393921975282,925.7313792056202
5,2021-10-14,948.31,950.63,940.9380036625058,940.9358957407167,940.9572585924757,862.35,927.2785714285714,937.8184362234741,904.1960666666674,906.8615999999998,925.0730654565816,923.4016759546552
5,2021-10-15,952.21,948.31,941.2430904666265,941.2731065753288,941.2503495623903,862.35,928.5899999999999,937.35845899693,904.1453333333341,908.6965999999998,925.0730654565816,923.4971684550816
5,2021-10-16,944.54,952.21,944.404738762575,944.3882006706298,944.3565189292378,862.35,926.1814285714285,938.6841612771918,904.1848666666675,908.1451999999996,915.88417707858,921.4857481386258
5,2021-10-17,948.23,944.54,941.6541293699481,941.6064634576629,941.5466833828101,862.35,927.5585714285714,935.6578346544312,902.9495333333342,905.2431999999998,931.2752335498074,925.2770767802682
5,2021-10-18,948.35,948.23,940.7621503178217,940.8094593651329,940.7409465341758,862.35,929.1071428571429,937.3841381241612,901.8300666666674,905.7995999999999,926.3764380325605,923.005321354787
5,2021-10-19,938.46,948.35,941.3005364624661,941.3020466444003,941.2543086109409,862.35,929.8442857142857,936.6968241295792,901.5968666666677,905.2481999999998,924.6865386128337,922.528483974634
5,2021-10-20,916.54,938.46,935.3452280610495,935.4881699009621,935.4201181112619,899.65,912.2614285714286,933.7443180504872,895.061733333333,901.9853999999999,890.7719039677271,907.1072690673408
5,2021-10-21,947.36,916.54,923.6193419291885,923.9707662979507,923.9115673515395,894.7,917.9,929.7946886908504,883.105799999999,880.4938000000001,880.5602758641661,895.878947387372
5,2021-10-22,929.32,947.36,938.4161706103162,938.7650265569515,938.7262935290394,862.35,936.1771428571429,939.1447671013597,901.9441333333343,906.9875999999997,927.4958239133592,922.734994601215
5,2021-10-23,944.97,929.32,931.7231831117014,931.8211495269372,931.7778120403776,894.7,924.4800000000001,930.977384851813,883.2918666666654,881.8452000000001,901.2655014033486,905.4595058656504
5,2021-10-24,950.36,944.97,937.9620403865666,938.1273295541479,938.0878821956993,862.35,932.4142857142858,939.3258521040234,904.4130666666675,910.0339999999998,924.431733503255,922.3240432413568
5,2021-10-25,949.75,950.36,939.8225286937318,940.0854186767715,940.0207718414566,862.35,930.2985714285714,939.0972985747852,904.0626000000004,909.3483999999999,926.048273774292,923.3987641503546
5,2021-10-26,943.52,949.75,938.9361863534027,939.1222346198283,939.0602935044117,862.35,928.2014285714286,937.2133530077726,903.2370666666674,908.7951999999998,930.1497178343659,924.1696730402873
5,2021-10-27,930.2,943.52,937.6279165435495,937.6528535780255,937.6090048221909,862.35,925.5014285714286,935.7012270877615,902.2400666666679,907.8473999999999,931.1558420733973,923.6829207726969
5,2021-10-28,946.79,930.2,929.3160323043406,929.2258442768631,929.1894006807405,894.7,897.0528571428573,933.1378605772335,885.6248666666658,882.5142,894.1863663032663,903.012359082265
5,2021-10-29,938.15,946.79,938.9072584503778,938.7817688590419,938.7068506356597,862.35,928.5899999999999,939.6956704874497,903.3999333333343,904.8691999999999,931.6470998547558,924.6096006823773
5,2021-10-30,943.23,938.15,934.8140708921363,934.8940466955855,934.847013102758,912.13,925.3542857142858,935.0681754734413,902.5747333333337,904.72,910.0126084338019,915.8271294875736
5,2021-10-31,949.51,943.23,937.2258797964033,937.2621446493719,937.2006020659154,862.35,930.6128571428571,937.3942906807025,901.0692000000008,905.9308,926.1316296824365,921.4876581106031
5,2021-11-01,942.89,949.51,939.8646534590623,939.9344580118793,939.9264415667345,862.35,929.8471428571428,937.7111864512451,903.4102000000006,907.3276000000001,926.2460530934084,923.1969037017628
5,2021-11-02,944.24,942.89,934.2301330531853,934.4633796578119,934.4408963390638,862.35,927.5328571428571,934.000505304229,903.8097333333338,906.4304,930.3107993601665,922.8613041171042
5,2021-11-03,954.86,944.24,934.3958173301032,934.540659001799,934.5609888447947,862.35,927.4628571428573,936.7648087766073,906.7216000000008,907.0606,932.0220276495903,924.4280955504634
5,2021-11-04,934.28,954.86,941.2918053312283,941.4691214536348,941.4527556808791,862.35,936.9,939.2736929093733,907.6286000000005,915.3507999999998,928.8863935078597,925.9947049871649
5,2021-11-05,948.93,934.28,930.3547581942869,930.4914362807393,930.4732261966444,899.65,916.9785714285715,929.795255218236,903.8988666666665,911.1465999999999,926.9237057595569,920.4380029023209
5,2021-11-06,781.8,948.93,938.4668288527516,938.6559752523613,938.6501565133996,862.35,929.99,939.7444527582641,907.5218000000007,914.2222000000002,931.705665357924,925.9611468700954
5,2021-11-07,884.41,781.8,867.3317803149414,867.2969854985323,867.2994603824837,771.85,870.0557142857143,909.1880084956424,831.1013333333349,835.3943999999995,794.2875870918474,830.8953019745715
5,2021-11-16,927.33,884.41,907.803678047998,908.6216242992354,908.4806449483309,903.0,921.9885714285714,918.0540304892576,908.3994000000002,901.6901999999995,896.5997704553135,904.540264918183
5,2021-11-17,944.12,927.33,938.8413993126825,939.5142011407471,939.4544223966417,930.1362068965516,925.4957142857144,926.4696814442532,919.3358000000002,922.8004000000004,929.5929583389645,929.4809864932373
5,2021-11-18,945.77,944.12,945.4616725485635,946.1494034619056,946.1501423108008,862.35,930.0071428571429,935.2392291043053,929.5502666666665,931.5486,937.3109306800465,937.6702002695396
5,2021-11-19,891.53,945.77,940.1157849126919,940.7009085468422,940.7064460217695,862.35,930.4214285714287,932.5323327571156,929.1450666666669,929.0202000000002,939.2823082154172,936.3760944763088
5,2021-11-20,943.46,891.53,899.904624333498,900.8888409372558,900.8090514474292,799.73,864.9057142857143,902.9060755257248,884.0001999999998,884.052,900.833405117545,895.2408153516002
5,2021-11-21,947.85,943.46,914.7090766507858,915.7560631044068,915.6141694103214,862.35,930.0114285714286,921.7818717113586,927.7489333333338,928.8682000000001,935.6850738064788,926.3966900814065
5,2021-11-22,944.8,947.85,932.7401903028189,932.6927546573912,932.6032276573527,862.35,928.4214285714286,920.1111072836558,918.3468666666666,919.8627999999997,928.7332628728892,926.5909613989824
5,2021-11-23,940.96,944.8,936.0391195503508,936.1648082513274,936.0351256426825,862.35,930.3971428571429,932.3081749065018,918.9215999999998,923.7325999999995,928.3004192296488,927.7956091603254
5,2021-11-24,883.0,940.96,933.9298282921551,933.990716411885,933.8840049576196,862.35,916.8257142857141,934.7876311768875,918.3415333333332,928.3873999999996,928.732644441252,927.0216313954901
5,2021-11-25,939.99,883.0,902.92326895468,902.5271910530456,902.3371923182003,925.88,921.3614285714286,909.965583044824,890.0897999999996,887.0022000000004,882.5732548286686,891.7300819605713
5,2021-11-26,922.45,939.99,933.0083425266087,932.5533125684632,932.4354271481862,862.35,918.3171428571428,933.3982916565215,924.7970666666671,924.2034000000001,929.6061390038952,928.9855060796752
5,2021-11-27,927.21,922.45,927.4313784044556,927.7112032572722,927.6463869883474,896.18,898.6714285714286,923.780130028943,917.9683999999999,918.9453999999998,916.2300908906753,920.6365647159824
5,2021-11-30,948.18,927.21,917.5888712858558,917.8885776916741,918.013622676614,896.18,932.3557142857143,930.1784994103973,916.8849999999994,918.7426,912.7588868500035,915.8441548472256
5,2021-12-01,948.29,948.18,937.7393444249128,938.109851805265,938.1558135084832,862.35,936.0,938.4429712658367,928.3196666666671,928.2589999999998,930.4441040540154,932.2912075086492
5,2021-12-02,949.2,948.29,932.3750159257407,932.9353458410648,932.9441452553182,862.35,932.3557142857143,936.472179092333,925.5535999999998,929.9319999999996,932.5018902596371,930.330278700234
5,2021-12-03,929.92,949.2,933.3365057612602,933.7063565000224,933.7301438877778,862.35,929.5457142857142,935.4712360587562,924.6674666666669,926.0075999999997,931.294377646686,929.889400271125
5,2021-12-04,948.97,929.92,927.1340519114102,927.0092645636904,927.0733223599831,902.44,930.1757142857142,927.895531595899,907.1697333333335,905.5522,921.9104156062633,918.6964711677624
5,2021-12-05,949.97,948.97,931.423561266655,931.3433580325204,931.374050943927,862.35,938.9671428571429,942.2994619418308,916.0176000000005,920.1765999999996,930.8262281912832,926.0623954079347
5,2021-12-16,930.28,949.97,939.1450899817398,939.0355934700659,939.1499439444478,862.35,920.2242857142857,938.0528784540933,908.5650666666669,916.1899999999996,915.8831509662056,921.1612703676461
5,2021-12-17,946.21,930.28,931.1593292117634,930.9865245996684,931.1049486074743,917.5,921.7314285714285,925.1834308435949,883.7518666666657,888.6432,883.9169875455286,899.5517929372876
5,2021-12-18,945.33,946.21,937.510485516239,937.4340995504613,937.5576742963816,862.35,922.6942857142858,940.0011188171827,905.3435333333338,909.7977999999997,900.8651295018907,914.5475874618952
5,2021-12-19,944.87,945.33,937.5884511603876,937.4977881627075,937.6643721371966,862.35,914.5285714285714,935.2132798409812,903.877666666667,908.6643999999998,902.546114559399,914.6405231295912
5,2021-12-20,946.17,944.87,932.5046763201494,932.4466308363704,932.7105449442437,862.35,926.1771428571428,937.1654792351745,901.7435333333337,905.6701999999998,902.7388240579548,912.309662742553
5,2021-12-21,937.19,946.17,936.9018044532353,937.1902626701855,937.4096985861692,862.35,929.2428571428571,937.1785991197029,902.9447333333337,909.8717999999997,901.2091234025849,913.781373135368
5,2021-12-22,899.25,937.19,929.604842459064,929.934326842459,930.1437927665243,934.8412000000001,923.5228571428571,930.6237948003209,899.6859999999998,898.2169999999999,902.033078367116,910.5511350698583
5,2021-12-23,922.59,899.25,910.4224742450382,910.8064546065772,911.033121178487,930.0,892.2442857142859,914.4825780160852,881.4579333333328,874.2439999999999,855.7878413996382,882.684076446516
5,2021-12-24,902.6,922.59,921.990418457786,922.4434138649343,922.651569493609,896.18,935.4585714285714,933.1606064116987,891.6871999999989,887.8867999999999,852.239912850874,888.7901755719358
5,2021-12-25,890.8,902.6,914.0514013550949,914.0251982145795,914.2304854931754,930.0,908.0257142857143,915.6240037577669,899.0926000000001,898.0173999999997,876.3812272766297,896.4996751637364
5,2021-12-26,746.61,890.8,905.9473498659427,905.9042842153034,906.1732032483876,895.6227272727273,900.8842857142856,909.8678471450696,894.0115333333334,894.2411999999997,860.9796121569836,886.9651432352069
5,2021-12-27,826.45,746.61,834.9252981189078,836.0678714634503,836.4093236672921,771.85,863.1214285714286,910.3845947685813,859.406800000001,860.4853999999995,863.5278421701505,853.0008378778672
5,2021-12-28,829.62,826.45,860.0664964700835,862.0919400344451,862.1854992080382,837.27,900.9128571428571,913.0635898982179,862.3367333333343,857.2425999999995,860.6748724235326,861.7011819304374
5,2021-12-29,921.41,829.62,861.875678964815,864.2730800575596,864.2556157129991,850.22,871.2471428571429,895.5074469174315,866.1262666666672,861.0675999999996,856.5041088171216,862.3011518471161
5,2021-12-30,928.0,921.41,910.1847508984212,911.7986221338167,912.0340235684797,916.5920833333334,921.1328571428572,921.2738744259209,907.268,907.0886,929.7019574323323,916.2561931887163
5,2021-12-31,910.18,928.0,909.9104289930797,911.7302889460707,911.8665587831899,883.56,914.88,924.8831832788185,905.4435333333333,906.9372000000002,919.7733407111256,912.3157209968432
5,2022-01-01,932.42,910.18,894.9957534717831,896.1563707636295,895.8007613392756,916.5920833333334,917.0828571428572,917.2104007741233,877.6265333333329,881.7306000000003,888.1452109799981,887.30937169232
5,2022-01-02,935.49,932.42,911.7488723369053,912.3063362738254,911.8020931558976,930.7893750000001,933.5971428571429,918.8110962108194,904.2235999999997,908.9086,909.9303947437504,908.8201103391917
5,2022-01-03,937.49,935.49,925.133820797734,923.9902793232797,923.7813088641404,911.69,927.01,913.3938516602287,909.2970666666672,904.1028000000002,916.9361772376756,916.7411744092075
5,2022-01-04,928.58,937.49,930.7090830593924,930.5651373175423,930.3024226805352,911.69,916.1857142857143,919.892121259523,913.8440000000004,912.2920000000001,923.8332175848474,922.74745163413
5,2022-01-05,927.91,928.58,918.9185683857937,918.7062058667574,918.4342285048299,930.1362068965516,918.1442857142857,921.7214796931518,916.0914666666666,913.7178000000001,913.4144332550338,916.070701929486
5,2022-01-06,915.68,927.91,920.076987903561,919.9124377958562,919.5510714110496,930.1362068965516,920.9685714285714,925.2001992936811,922.3781999999999,917.3773999999999,910.7574798278372,917.6827058745645
5,2022-01-07,915.0,915.68,915.5022709417846,915.1311111665202,914.8237702430345,916.5920833333334,916.3457142857143,914.9244319248091,918.5233333333333,911.3883999999999,908.2026335558298,913.9523593518944
5,2022-01-08,915.0,915.0,915.2640720548761,914.8540912570196,914.6299031357075,916.5920833333334,931.0,920.4128683495883,920.1751999999998,915.4285999999998,908.5677426540723,914.5323446370306
5,2022-01-09,943.0,915.0,907.8832295778768,907.2609319657339,907.2430519033945,916.5920833333334,928.8299999999999,920.8541400953281,910.6979999999995,904.071,899.5087200906584,905.8225506854639
5,2022-01-10,929.0,943.0,925.611565969701,925.2557274264733,925.145097864617,862.35,934.8157142857143,932.2991715234532,913.8173333333335,918.1007999999997,903.1122979505302,914.061786236779
5,2022-01-11,936.0,929.0,916.9012460557781,916.8605349153805,916.715370999877,930.1362068965516,926.5114285714286,922.9499542786099,918.5257333333333,917.8079999999999,909.9521302240385,915.1127994909175
5,2022-01-12,859.0,936.0,924.5237632752351,924.4294156230526,924.2177247501644,934.8412000000001,933.6971428571429,933.9867821676008,924.3236666666666,928.6215999999997,918.6598731328851,922.470985140868
5,2022-01-13,935.0,859.0,889.2561319666038,889.5025688520703,889.4158492099556,829.58,914.36,899.7306944413182,870.0690000000005,868.9810000000002,875.7264089388033,878.4326592636247
5,2022-01-14,927.0,935.0,924.1655244516016,924.6858708921241,924.5694114143577,934.8412000000001,912.7414285714285,926.6104685377811,913.9622666666662,913.1974,913.6905104126682,917.4462159904862
5,2022-01-15,938.0,927.0,929.3171031468703,929.5929163345049,929.4917031389474,930.1362068965516,929.6514285714286,926.2280340103885,924.7863333333336,920.5148000000002,920.314422728033,924.8978907986238
5,2022-01-16,956.0,938.0,933.1011629031369,933.4095744483141,933.3516169703518,935.4666666666667,931.9985714285714,937.3369745273906,916.3213333333334,917.6811999999998,914.7332005867903,921.4880361228126
5,2022-01-17,921.0,956.0,937.0652331894557,938.06148820877,937.8999859758495,862.35,938.7542857142856,940.6848582901081,918.2366666666672,922.0905999999999,930.4743884744764,928.9241811166379
5,2022-01-18,914.0,921.0,914.7078958970355,915.8159070221789,915.6390232219001,916.5920833333334,923.4085714285713,918.8263725815935,915.4763333333332,907.3023999999996,900.1370237259993,910.4764213605039
5,2022-01-19,926.0,914.0,913.8699457730166,914.6871129621004,914.5225614431483,916.5920833333334,936.4514285714287,923.5075631759845,913.3579999999997,906.7482000000002,918.7562230200227,915.6004453273744
5,2022-01-20,944.0,926.0,919.3275544835006,919.5700744859618,919.5049087220312,930.1362068965516,930.2814285714286,927.4409974511577,925.4736666666664,926.3656,910.3753399967752,918.4730270498012
5,2022-01-21,941.35,944.0,932.5383883278373,932.4339292002871,932.3702723803892,862.35,923.4328571428571,937.7295462870957,923.1473333333338,923.1806,928.7211771147989,928.10081321614
5,2022-01-31,850.0,941.35,930.8162868937222,931.0873776693023,931.0190097960669,862.35,922.2442857142858,935.9300977198108,916.3022666666668,917.7142000000002,926.0552460049144,924.4816301136278
5,2022-02-01,855.0,850.0,887.4345179361737,888.1139066307122,888.1766574270939,812.57,870.7685714285716,901.1725064659953,855.6179333333345,855.2320000000001,855.9144095835337,866.5487498491934
5,2022-02-02,784.0,855.0,882.7204868077206,882.4619890152674,882.5105838541067,829.58,889.2828571428571,898.2620376339113,876.7787333333341,870.8354,873.883150352811,877.7079575671374
5,2022-02-03,849.0,784.0,846.0747272780458,847.0029392728235,846.997874483503,863.77,838.9828571428571,896.4509504881397,854.8104000000017,858.3839999999999,867.7195641677304,856.5109678135185
5,2022-02-04,855.0,849.0,890.4336979457848,889.078047398243,889.8387743406414,863.77,911.7942857142856,913.4666618082575,869.113733333334,867.2328,884.8647601375097,881.0188469563623
5,2022-02-05,857.0,855.0,887.9731752693831,888.2779043243435,888.5489094071744,863.77,899.7728571428572,900.6349417115714,874.2722666666674,876.1390000000001,881.8614835743291,881.4705515217801
5,2022-02-06,860.0,857.0,857.9985829931137,861.5956265637622,861.3203927621124,863.77,901.4928571428572,902.620683156748,872.1192666666674,876.0512000000001,886.2900860174232,873.3349930826175
5,2022-02-07,853.0,860.0,869.0557680552744,870.0958057725879,870.3067579527894,885.3369999999999,844.172857142857,890.9292001522385,892.4592666666666,890.8992000000002,898.6320277095106,887.062366716255
5,2022-02-08,840.09,853.0,863.2601870885219,864.2924161773019,864.5216726470273,867.0,855.2842857142857,891.2304507452412,861.997466666667,864.0312000000001,866.9451215222533,864.411668122074
5,2022-02-09,852.5,840.09,856.9453434467291,857.8069729959728,857.9960773491232,877.13,850.7314285714285,893.6639889774791,866.5187333333336,868.2043999999999,870.8795246302628,865.0684103198564
5,2022-02-10,834.76,852.5,858.8994106144953,859.7525682564128,859.9407971819327,839.82,870.4928571428571,905.9878432478923,860.0886666666671,861.5204000000001,867.7147447324779,862.5186598851859
5,2022-02-11,849.09,834.76,851.6256346210769,852.3141035772497,852.3779558708202,871.21,850.2057142857142,882.5677947473587,865.6290666666673,865.1761999999998,871.2163873554878,863.0531858664682
5,2022-02-12,819.43,849.09,858.1978001171685,859.0167119991523,859.030329875067,839.82,848.1642857142857,884.6651572525801,859.2167333333335,861.9416,860.0115420972191,859.4149958099016
5,2022-02-13,817.65,819.43,841.8816350649216,842.9583683329047,842.9512917806971,869.06,857.1285714285714,891.4503984204431,866.1196666666672,862.832,872.1999757456556,860.4260035817424
5,2022-02-23,853.19,817.65,829.0654549833631,829.5912417492198,829.8367990451014,870.02,843.1742857142857,893.563583022153,864.2020000000005,864.2597999999999,882.0365067613067,858.6099161701756
5,2022-02-24,858.5,853.19,847.555758501878,848.095333976317,848.3442437052012,870.02,859.7014285714286,896.9063653097159,865.2978666666672,868.6912,885.3135755380098,866.2355920603313
5,2022-02-25,811.94,858.5,847.4284757316328,848.0689444917401,848.3366917354169,870.02,859.4200000000001,899.1380157469355,866.9715333333339,867.1872,878.8330960687765,864.6245246312834
5,2022-02-26,859.78,811.94,824.9735662668702,825.4374373086789,825.6651243767903,870.02,858.5085714285714,901.3782131643884,865.0069333333336,865.0648000000001,871.7215468664605,854.0553058361576
5,2022-02-27,867.7,859.78,847.700052629096,848.2050599100156,848.3441346374693,907.5,869.1614285714285,904.0637145463305,895.1739333333339,896.1948,898.1942379899492,880.5244104110997
