Date,Consumption,consumption_lag_1,consumption_lag_7,consumption_lag_14,consumption_lag_30,consumption_lag_365,rolling_mean_7,rolling_median_7,rolling_std_7,rolling_min_7,rolling_max_7,rolling_slope_7,rolling_mean_30,rolling_median_30,rolling_std_30,rolling_min_30,rolling_max_30,rolling_slope_30,ema_7,ema_30,day_over_day_change,growth_7d,day_of_week,month,is_weekend,season,day_of_year_sin,day_of_year_cos,day_of_week_sin,day_of_week_cos,fourier_weekly_sin_1,fourier_weekly_cos_1,fourier_weekly_sin_2,fourier_weekly_cos_2,fourier_yearly_sin_1,fourier_yearly_cos_1,fourier_yearly_sin_2,fourier_yearly_cos_2,is_india_holiday,same_weekday_previous_week,same_period_previous_year
2018-04-01,885.0,,,,,,,,,,,,,,,,,,,,,,6,4,1,spring,0.9997458409224182,0.022544479553245424,-0.7818314824680299,0.6234898018587334,0.4338837391184081,-0.9009688679020098,-0.7818314824692063,0.6234898018572583,0.9998662862983982,0.01635266106325093,0.032700948976818245,-0.9994651809523009,0,,
2018-12-31,914.5,885.0,,,,,,,,,,,,,,,,,,,,,0,12,0,winter,-0.021372823010177244,0.999771575129327,0.0,1.0,-0.4338837391161233,-0.9009688679031101,0.781831482466044,0.6234898018612237,-0.015180867617603623,0.9998847639895193,-0.03035823646996747,0.9995390825167536,0,,
2019-01-01,916.0,914.5,,,,,,,,,,,,,,,,,,,29.5,,1,1,0,winter,0.0,1.0,0.7818314824680298,0.6234898018587336,-0.9749279121816637,-0.22252093395701497,0.433883739118853,-0.9009688679017955,0.002021324930284918,0.9999979571206764,0.004042641601924023,0.9999918284910524,0,,
2019-01-03,912.0,916.0,,,,,,,,,,,,,,,,,,,1.5,,3,1,0,winter,0.03439876667506451,0.999408187304484,0.43388373911755823,-0.900968867902419,-7.897092023087794e-13,1.0,-1.5794184046175589e-12,1.0,0.036418825087041126,0.9993366145495118,0.07278933073670903,0.997347338358559,0,,
2019-01-04,877.0,912.0,,,,,,,,,,,,,,,,,,,-4.0,,4,1,0,winter,0.05158542517783902,0.9986685856224885,-0.433883739117558,-0.9009688679024191,0.7818314824669482,0.6234898018600898,0.9749279121825957,-0.22252093395293185,0.05360395350424464,0.9985622745571329,0.10705377147290665,0.9942532323374296,0,,
2019-01-05,894.5,877.0,,,,,,,,,,,,,,,,,,,-35.0,,5,1,1,winter,0.06875681809647223,0.9976334497024689,-0.9749279121818236,-0.2225209339563146,0.9749279121820151,-0.22252093395547515,-0.433883739116007,-0.9009688679031661,0.07077321899776952,0.997492431787176,0.14119150064698294,0.9899823029453875,0,,
2019-01-06,874.5,894.5,,,,,,,,,,,,,,,,,,,17.5,,6,1,1,winter,0.08590786393085985,0.9963030858703775,-0.7818314824680299,0.6234898018587334,0.4338837391175463,-0.9009688679024248,-0.7818314824680135,0.623489801858754,0.0879215406970766,0.9961274028363302,0.17516211197589523,0.9845396053629046,0,,
2019-01-07,884.0,874.5,885.0,,,,896.2142857142857,894.5,18.001984017641725,874.5,916.0,-3.9464285714285867,,,,,,,890.0811767578125,,-20.0,,0,1,0,winter,0.1030334872021744,0.9946778878184431,0.0,1.0,-0.43388373911671846,-0.9009688679028235,0.7818314824668676,0.6234898018601908,0.10504384392943039,0.994467591655218,0.20892539698141446,0.9779315817050589,0,914.5,
2019-01-09,838.5,884.0,914.5,,,,896.0714285714286,894.5,18.109455567531025,874.5,916.0,-6.857142857142896,,,,,,,888.5608825683594,,9.5,-0.0011299435028248588,2,1,0,winter,0.13718820325629746,0.9905449999304973,0.9749279121818236,-0.22252093395631434,-0.7818314824675211,0.6234898018593714,-0.9749279121821868,-0.2225209339547235,0.13919013630030122,0.9902656744312122,0.2756704283951803,0.9612522119134072,0,,
2019-01-10,880.0,838.5,916.0,,,,885.2142857142857,884.0,26.19614657231277,838.5,916.0,-10.392857142857096,,,,,,,876.0456619262695,,-45.5,-0.08310552214324768,3,1,0,winter,0.15420718869405753,0.9880385331327293,0.43388373911755823,-0.900968867902419,-1.948138790957572e-12,1.0,-3.896277581915144e-12,1.0,0.15620402058646277,0.9877248118543058,0.3085731736893001,0.9512006079052479,0,912.0,
2019-01-11,887.5,880.0,912.0,,,,880.0714285714286,880.0,22.404293806151962,838.5,912.0,-6.5535714285713995,,,,,,,877.0342464447021,,41.5,-0.039301310043668124,4,1,0,winter,0.17118053986969634,0.9852396778296737,-0.433883739117558,-0.9009688679024191,0.78183148246736,0.6234898018595734,0.9749279121823017,-0.22252093395421985,0.17317167969160951,0.9848916536110897,0.3411106839401585,0.9400231387055732,0,877.0,
2019-01-12,887.0,887.5,877.0,,,,876.5714285714286,880.0,18.08182460241165,838.5,894.5,-1.1964285714285527,,,,,,,879.6506848335266,,7.5,-0.0268640350877193,5,1,1,winter,0.18810323388925426,0.9821492622816578,-0.9749279121818236,-0.2225209339563146,0.9749279121818681,-0.22252093395611916,-0.43388373911719724,-0.9009688679025929,0.19008809240616992,0.9817670381131073,0.37324444692435216,0.9277330342507668,0,894.5,
2019-01-13,886.5,887.0,894.5,,,,878.0,884.0,18.51125783588638,838.5,894.5,-0.017857142857125374,,,,,,,881.488013625145,,-0.5,0.011402508551881414,6,1,1,winter,0.20497026284965483,0.9787682010299187,-0.7818314824680299,0.6234898018587334,0.43388373911859,-0.9009688679019222,-0.781831482469458,0.6234898018569426,0.2069482526858274,0.978351890022339,0.4049364283039997,0.9143448414205658,0,874.5,
2019-01-14,887.5,886.5,874.5,,,,876.8571428571429,884.0,17.54450124140102,838.5,887.5,3.2500000000000053,,,,,,,882.7410102188587,,-0.5,-0.008943543879262158,0,1,0,winter,0.2217766353206845,0.9750974946259662,0.0,1.0,-0.4338837391173136,-0.9009688679025368,0.7818314824676914,0.6234898018591579,0.22374717113311646,0.9746472199775301,0.43614911664545725,0.8998744068198558,0,884.0,
2019-01-15,859.5,887.5,884.0,885.0,,,878.7142857142857,886.5,17.937059269514986,838.5,887.5,4.053571428571414,,,,,,,883.930757664144,,1.0,0.014865637507146942,1,1,0,winter,0.23851737782209795,0.9711382293354899,0.7818314824680298,0.6234898018587336,-0.974927912181553,-0.22252093395750036,0.4338837391197501,-0.9009688679013635,0.24047987647359215,0.9706541242951816,0.46684556781817604,0.8843388580224917,0,,
2019-01-16,883.0,859.5,838.5,914.5,,,875.2142857142857,886.5,19.087205886965915,838.5,887.5,2.750000000000003,,,,,,,877.823068248108,,-28.0,-0.02771493212669683,2,1,0,winter,0.2551875362954114,0.9668915768169035,0.9749279121818236,-0.22252093395631434,-0.7818314824682434,0.6234898018584657,-0.9749279121816712,-0.22252093395698228,0.2571414170271935,0.9663737846450756,0.4969894487231334,0.8677565832984939,0,838.5,
2019-01-17,892.0,883.0,880.0,916.0,,,881.5714285714286,886.5,10.130106002359806,859.5,887.5,-1.6607142857143125,,,,,,,879.117301186081,,23.5,0.05307096004770424,3,1,0,winter,0.27178217756994844,0.9623587937746176,0.43388373911755823,-0.900968867902419,-1.2875789760605086e-12,1.0,-2.5751579521210172e-12,1.0,0.27372686217347525,0.9618074677006118,0.5265450802974092,0.8501472098493266,0,880.0,
2019-01-18,879.5,892.0,887.5,912.0,,,883.2857142857143,887.0,10.812250547631642,859.5,892.0,-0.7678571428571532,,,,,,,882.3379758895608,,9.0,0.013636363636363636,4,1,0,winter,0.28829639082270425,0.9575412215871454,-0.433883739117558,-0.9009688679024191,0.7818314824677719,0.6234898018590569,0.9749279121820077,-0.22252093395550784,0.29023130381093626,0.9569565247639017,0.5554774797452193,0.8315315805764081,0,887.5,
2019-01-19,877.0,879.5,887.0,877.0,,,882.1428571428571,886.5,10.714920616109223,859.5,892.0,-0.5714285714285124,,,,,,,881.6284819171706,,-12.5,-0.009014084507042254,5,1,1,winter,0.3047252890315972,0.9524402859101507,-0.9749279121818236,-0.2225209339563146,0.9749279121817211,-0.22252093395676315,-0.4338837391183875,-0.9009688679020197,0.30664985780913684,0.9518223913659712,0.5837524019438554,0.8119317294112723,0,887.0,
2019-01-20,898.5,877.0,886.5,894.5,,,880.7142857142857,883.0,10.625665245280429,859.5,892.0,-0.4285714285713933,,,,,,,880.4713614378779,,-2.5,-0.011273957158962795,6,1,1,winter,0.32106401042167637,0.9470574962545567,-0.7818314824680299,0.6234898018587334,0.43388373911963374,-0.9009688679014196,-0.7818314824709025,0.6234898018551313,0.32297766545421647,0.9464065868419049,0.6113363799773833,0.7913708552354884,0,886.5,
2019-01-21,875.0,898.5,887.5,874.5,,,882.4285714285714,883.0,12.514753198487217,859.5,898.5,2.3035714285714297,,,,,,,884.9785210784084,,21.5,0.01353637901861252,0,1,0,winter,0.33730771990385844,0.9413944455398386,0.0,1.0,-0.4338837391162699,-0.9009688679030395,0.7818314824662469,0.6234898018609693,0.33920989488688497,0.9407107138811742,0.6381967647491993,0.769873294421657,0,887.5,
2019-01-22,885.5,875.0,859.5,884.0,,,880.6428571428571,879.5,12.562226069034198,859.5,898.5,2.232142857142859,,,,,,,882.4838908088063,,-23.5,-0.014084507042253521,1,1,0,winter,0.3534516105057668,0.9354528096226339,0.7818314824680298,0.6234898018587336,-0.9749279121816999,-0.22252093395685635,0.4338837391185598,-0.9009688679019368,0.3553417425319824,0.9347364580534635,0.6643017636257821,0.7474644920286686,0,859.5,
2019-01-23,856.0,885.5,883.0,838.5,,,884.3571428571429,883.0,8.434622525214456,875.0,898.5,-0.26785714285714335,,,,,,,883.2379181066048,,10.5,0.030250145433391506,2,1,0,winter,0.3694909047942504,0.929234346800809,0.9749279121818236,-0.22252093395631434,-0.7818314824678315,0.6234898018589822,-0.9749279121819652,-0.22252093395569428,0.37136843452020896,0.9284855873097919,0.6896204780676285,0.7241709716840186,0,883.0,
2019-01-24,849.0,856.0,892.0,880.0,,,880.5,879.5,13.693063937629084,856.0,898.5,-3.4999999999999867,,,,,,,876.4284385799535,,-29.5,-0.030577576443941108,3,1,0,winter,0.3854208562891614,0.9227408972931294,0.43388373911755823,-0.900968867902419,-6.270191611634449e-13,1.0,-1.2540383223268897e-12,1.0,0.3872852281007408,0.9219599514593664,0.7141229402013771,0.7000203041899143,0,892.0,
2019-01-25,849.5,849.0,879.5,887.5,,,874.3571428571429,877.0,16.935451686020137,849.0,898.5,-5.232142857142873,,,,,,,869.5713289349651,,-7.0,-0.04820627802690583,4,1,0,winter,0.4012367508679725,0.9159743826946868,-0.433883739117558,-0.9009688679024191,0.7818314824681838,0.6234898018585405,0.9749279121817137,-0.22252093395679584,0.40308741304495416,0.9151614816220832,0.7377801482908657,0.6750410748894531,0,879.5,
2019-01-26,867.0,849.5,877.0,887.0,,,870.0714285714286,875.0,19.07753602938229,849.0,898.5,-7.160714285714297,,,,,,,864.5534967012238,,0.5,-0.03411028993746447,5,1,1,winter,0.4169339081608189,0.9089368054082451,-0.9749279121818236,-0.2225209339563146,0.9749279121819789,-0.22252093395563377,-0.4338837391163001,-0.900968867903025,0.4187703130399996,0.908092189657185,0.7605641010638361,0.6492628498327614,1,877.0,
2019-01-27,869.5,867.0,898.5,886.5,,,868.6428571428571,867.0,18.84523433504756,849.0,898.5,-6.500000000000036,,,,,,,865.1651225259179,,17.5,-0.011402508551881414,6,1,1,winter,0.43250768293555203,0.9016302480516722,-0.7818314824680299,0.6234898018587334,0.4338837391190386,-0.9009688679017062,-0.7818314824700788,0.6234898018561641,0.43432928707281454,0.9007541675678334,0.7824478308552073,0.6227161407816413,0,898.5,
2019-01-28,882.0,869.5,875.0,887.5,,,864.5,867.0,13.66260102127939,849.0,885.5,-2.1428571428571432,,,,,,,866.2488418944384,,2.5,-0.032276015581524764,0,1,0,winter,0.44795346647239487,0.8940568728416358,0.0,1.0,-0.433883739116865,-0.9009688679027529,0.7818314824670706,0.6234898018599364,0.4497597308036822,0.8931495868819508,0.8034054355268923,0.5954323690947987,0,875.0,
2019-01-29,890.0,882.0,885.5,859.5,,,865.5,867.0,14.770466027402948,849.0,885.5,1.2321428571429063,,,,,,,870.1866314208288,,12.5,0.008,1,1,0,winter,0.4632666879277925,0.8862189209537411,0.7818314824680298,0.6234898018587336,-0.9749279121818469,-0.22252093395621236,0.4338837391173695,-0.90096886790251,0.46505707792847767,0.8852806980097475,0.8234121091257925,0.5674438285372516,0,885.5,
2019-01-30,889.5,890.0,856.0,883.0,,,866.1428571428571,867.0,15.844857961165886,849.0,890.0,6.714285714285703,,,,,,,875.1399735656216,,8.0,0.005081874647092038,2,1,0,winter,0.4784428156870534,0.8781187118593045,0.9749279121818236,-0.22252093395631434,-0.7818314824685538,0.6234898018580765,-0.9749279121814496,-0.22252093395795305,0.4802168015301225,0.8771498295776948,0.8424441712449852,0.538783647056358,0,856.0,
2019-02-01,909.0,889.5,849.0,892.0,885.0,,870.9285714285714,869.5,17.266124279033978,849.0,890.0,7.767857142857108,880.9,883.5,18.21632462267351,838.5,916.0,-0.8209121245828821,878.7299801742163,878.72673416095,-0.5,0.039135514018691586,4,2,0,winter,0.5083658678369077,0.8611411872732762,-0.433883739117558,-0.9009688679024191,0.7818314824674615,0.6234898018594461,0.9749279121822293,-0.2225209339545371,0.5101054754571211,0.8601118554633835,0.8774955339549119,0.4795848078173288,0,849.5,
2019-02-02,897.0,909.0,849.5,879.5,914.5,,879.5,882.0,19.334770061558373,849.5,909.0,8.71428571428578,881.7,883.5,18.91614891184707,838.5,916.0,-0.6113459399332821,886.2974851306622,880.67984808605,19.5,0.0706713780918728,5,2,1,winter,0.523103937151309,0.852268895910674,-0.9749279121818236,-0.2225209339563146,0.974927912181832,-0.22252093395627776,-0.4338837391174904,-0.9009688679024518,0.5248255808797195,0.8512097917988638,0.8934733468626875,0.44911621930853,0,867.0,
2019-02-03,903.5,897.0,867.0,877.0,916.0,,886.2857142857143,889.5,14.871273042505948,867.0,909.0,6.30357142857149,881.1166666666667,883.5,18.122991367099267,838.5,916.0,-0.2864293659622042,888.9731138479966,881.7327611127565,-12.0,0.055915244261330196,6,2,1,winter,0.5376872052376563,0.8431443941127276,-0.7818314824680299,0.6234898018587334,0.43388373911844347,-0.9009688679019928,-0.7818314824692552,0.623489801857197,0.5393903755912152,0.8420558311178469,0.9083936220308566,0.4181160454391356,0,869.5,
2019-02-04,895.5,903.5,869.5,898.5,912.0,,891.5,890.0,13.297869503545922,869.5,909.0,5.392857142857122,880.7,883.5,17.42352749430574,838.5,912.0,0.09855394883202388,892.6048353859975,883.1370991054819,6.5,0.04209919261822376,0,2,0,winter,0.5521113564950746,0.8337703820772051,0.0,1.0,-0.4338837391174602,-0.9009688679024663,0.7818314824678942,0.6234898018589035,0.553795549457623,0.8326526823357561,0.9222386994429872,0.3866209788018589,0,882.0,
2019-02-05,878.5,895.5,882.0,875.0,877.0,,895.2142857142857,895.5,9.096048330901702,882.0,909.0,2.678571428571478,880.15,883.5,16.644430568977647,838.5,909.0,0.40989988876528516,893.3286265394981,883.9347056148057,-8.0,0.029902242668200116,1,2,0,winter,0.5663721224098525,0.8241496338390009,0.7818314824680298,0.6234898018587336,-0.9749279121819939,-0.22252093395556838,0.4338837391161792,-0.9009688679030832,0.5680368395811288,0.8230031281099015,0.9349921917138626,0.3546682977573658,0,890.0,
2019-02-06,897.0,878.5,890.0,885.5,894.5,,894.7142857142857,895.5,9.995236960911239,878.5,909.0,-0.9999999999999758,880.2,883.5,16.636892945996617,838.5,909.0,0.37753058954391,889.6214699046236,883.5840794461086,-17.0,-0.003968253968253968,2,2,0,winter,0.5804652828186154,0.8142849964492191,0.9749279121818236,-0.22252093395631434,-0.781831482469276,0.6234898018571708,-0.974927912180934,-0.22252093396021183,0.5821100315617488,0.813110024015926,0.94663900348617,0.32229582231035975,0,889.5,
2019-02-07,893.5,897.0,889.5,856.0,874.5,,895.7142857142857,897.0,9.79309766645705,878.5,909.0,-1.4285714285714328,880.2833333333333,883.5,16.71705887622774,838.5,909.0,0.5845383759732858,891.4661024284677,884.4496227076501,18.5,0.007865168539325843,3,2,0,winter,0.5943866671571916,0.8041793891326524,0.43388373911755823,-0.900968867902419,-1.124888934915174e-12,1.0,-2.249777869830348e-12,1.0,0.5960109607446257,0.8029762977026584,0.957165349297848,0.2895418693445366,0,,
2019-02-08,817.0,893.5,909.0,849.0,884.0,,896.2857142857143,897.0,9.48181216354589,878.5,909.0,-2.553571428571385,880.9166666666666,884.75,16.849784268205273,838.5,909.0,0.6299221357063166,891.9745768213508,885.0335180168339,-3.5,0.004496908375491849,4,2,0,winter,0.6081321556947994,0.7938358024238994,-0.433883739117558,-0.9009688679024191,0.7818314824678734,0.6234898018589298,0.9749279121819353,-0.22252093395582506,0.6097355134521896,0.7926049480259348,0.9665587698986787,0.2564452072703896,0,909.0,
2019-02-09,855.0,817.0,897.0,849.5,838.5,,883.1428571428571,895.5,30.151995906454644,817.0,903.5,-9.232142857142845,878.6833333333333,884.25,20.476851241868438,817.0,909.0,0.23882091212456968,873.2309326160131,880.6442587899414,-76.5,-0.10121012101210121,5,2,1,winter,0.6216976807531925,0.7832572972823819,-0.9749279121818236,-0.2225209339563146,0.974927912181685,-0.22252093395692177,-0.43388373911868067,-0.9009688679018786,0.6232796282016971,0.7819990441610234,0.9748081469975304,0.22304501013750833,0,897.0,
2019-02-10,875.0,855.0,903.5,867.0,880.0,,877.1428571428571,893.5,31.098920514108773,817.0,903.5,-10.267857142857178,879.2333333333333,884.25,19.561456354592917,817.0,909.0,-0.1911012235817827,868.6731994620098,878.9897904809129,38.0,-0.046822742474916385,6,2,1,winter,0.6350792279104001,0.7724470041865203,-0.7818314824680299,0.6234898018587334,0.4338837391178483,-0.9009688679022794,-0.7818314824684315,0.6234898018582299,0.6366392969070491,0.7711617246944367,0.9819037164221871,0.1893808112673964,0,903.5,
2019-02-11,861.0,875.0,895.5,869.5,887.5,,873.0714285714286,878.5,28.858026860575745,817.0,897.0,-6.732142857142824,879.0666666666667,884.25,19.575993978081545,817.0,909.0,-0.21312569521693098,870.2548995965074,878.7323846434348,20.0,-0.03154399557277255,0,2,0,winter,0.6482728371887081,0.7614081222073368,0.0,1.0,-0.4338837391164165,-0.9009688679029689,0.7818314824664497,0.6234898018607149,0.6498105660650715,0.7600961966949916,0.9878370796765608,0.15549245646038287,0,895.5,
2019-02-12,1000.0,861.0,878.5,882.0,887.0,,868.1428571428571,875.0,27.292725352057662,817.0,897.0,-4.8214285714285365,878.1833333333333,882.5,19.779161506116914,817.0,909.0,-0.27152391546164056,867.9411746973806,877.5883598277293,-14.0,-0.038525963149078725,1,2,0,winter,0.6612746042265288,0.7501439180617594,0.7818314824680298,0.6234898018587336,-0.9749279121817361,-0.22252093395669775,0.43388373911826666,-0.9009688679020779,0.6627895379252042,0.7488057347649618,0.9926012138812241,0.12142005683378854,0,878.5,
2019-02-13,871.0,1000.0,897.0,890.0,886.5,,885.5,875.0,57.21232384722721,817.0,1000.0,10.785714285714297,881.95,882.5,29.758322510193523,817.0,1000.0,0.5751946607341256,900.9558810230354,885.4858850001339,139.0,0.13830392714854867,2,2,0,winter,0.6740806814338108,0.738657725145909,0.9749279121818236,-0.22252093395631434,-0.7818314824688642,0.6234898018576872,-0.974927912181228,-0.22252093395892383,0.6755723716430913,0.7372936800709261,0.9961904800859561,0.08720394134505813,0,897.0,
2019-02-14,874.5,871.0,893.5,889.5,887.5,,881.7857142857143,871.0,57.185267000380115,817.0,1000.0,10.875000000000037,881.4333333333333,880.75,29.81111032569192,817.0,1000.0,0.535928809788635,893.4669107672765,884.5513117743188,-129.0,-0.028985507246376812,3,2,0,winter,0.6866872791306503,0.7269529425486524,0.43388373911755823,-0.900968867902419,-4.643291200181102e-13,1.0,-9.286582400362204e-13,1.0,0.6881552844173179,0.725563439354906,0.9986006299441654,0.0528846090570406,0,893.5,
2019-02-15,885.0,874.5,817.0,909.0,859.5,,879.0714285714286,871.0,56.98715394091649,817.0,1000.0,11.767857142857187,881.0,879.0,29.814368209374123,817.0,1000.0,0.5330367074527058,888.7251830754574,883.9028400469434,3.5,-0.021264689423614997,4,2,0,winter,0.6990906666687643,0.7150330340457165,-0.433883739117558,-0.9009688679024191,0.7818314824682852,0.6234898018584133,0.9749279121816413,-0.22252093395711306,0.7005345526085961,0.7136184839264423,0.9998288107412698,0.018502681202948235,0,817.0,
2019-02-16,893.0,885.0,855.0,897.0,883.0,,888.7857142857143,874.5,50.01154628588049,855.0,1000.0,3.535714285714288,881.85,880.75,29.5425321679871,817.0,1000.0,0.4105672969966395,887.793887306593,883.973624560044,10.5,0.0832313341493268,5,2,1,winter,0.7112871735354942,0.7029015270746591,-0.9749279121818236,-0.2225209339563146,0.9749279121823475,-0.22252093395401898,-0.43388373911331557,-0.9009688679044623,0.7127065128418234,0.7014623486352263,0.9998735687712951,-0.015901146894304486,0,855.0,
2019-02-17,896.5,893.0,875.0,903.5,892.0,,894.2142857142857,875.0,47.74398491158967,861.0,1000.0,-0.8392857142857323,882.1833333333333,880.75,29.612288727455063,817.0,1000.0,0.49043381535036573,889.0954154799447,884.5559713626218,8.0,0.044444444444444446,6,2,1,winter,0.723273190440015,0.6905620116910007,-0.7818314824680299,0.6234898018587334,0.433883739118892,-0.9009688679017768,-0.781831482469876,0.6234898018564186,0.7246675630902973,0.6890986308249131,0.9987348510575005,-0.05028615399046021,0,875.0,
2019-02-18,894.0,896.5,861.0,895.5,879.5,,897.2857142857143,885.0,46.987460333278676,861.0,1000.0,-3.339285714285678,882.3333333333334,880.75,29.675060158360257,817.0,1000.0,0.6505005561735054,890.9465616099585,885.326553855356,3.5,0.02457142857142857,0,2,0,winter,0.7350451703814259,0.6780181395058251,0.0,1.0,-0.4338837391170116,-0.9009688679026823,0.7818314824672734,0.6234898018596821,0.7364141637414151,0.6765309892688083,0.9964140054150833,-0.08461164111793536,0,861.0,
2019-02-19,890.0,894.0,1000.0,878.5,877.0,,902.0,893.0,44.31986010808259,871.0,1000.0,-8.874999999999952,882.8166666666667,883.5,29.74532224404874,817.0,1000.0,0.706229143492756,891.7099212074688,885.8861310259782,-2.5,0.03832752613240418,1,2,0,winter,0.7465996296984081,0.6652736226051653,0.7818314824680298,0.6234898018587336,-0.9749279121818831,-0.22252093395605374,0.43388373911707634,-0.9009688679026512,0.7479428386443066,0.6637631430869726,0.9929137788558746,-0.11883697975860623,0,1000.0,
2019-02-20,904.0,890.0,871.0,897.0,898.5,,886.2857142857143,890.0,9.974371921985917,871.0,896.5,3.8392857142857464,883.25,885.25,29.75235429687706,817.0,1000.0,0.7124582869855123,891.2824409056016,886.151541927528,-4.0,-0.11,2,2,0,winter,0.7579331491001386,0.6523322324514917,0.9749279121818236,-0.22252093395631434,-0.7818314824684524,0.6234898018582037,-0.974927912181522,-0.22252093395763584,0.759250176138448,0.6507988706457132,0.9882383143369216,-0.15292165993252863,0,871.0,
2019-02-21,905.0,904.0,874.5,893.5,875.0,,891.0,893.0,9.3229108472984,874.5,904.0,3.553571428571501,883.4333333333333,885.25,29.86629207482665,817.0,1000.0,0.9515016685205636,894.4618306792012,887.3030553515586,14.0,0.03788748564867968,3,2,0,winter,0.769042374678155,0.6391977987676305,0.43388373911755823,-0.900968867902419,1.9623069487895352e-13,1.0,3.9246138975790704e-13,1.0,0.7703328300634177,0.6376420084392854,0.9823931458567127,-0.18682533814702862,0,874.5,
2019-02-22,904.0,905.0,885.0,817.0,885.5,,895.3571428571429,894.0,7.215228604107588,885.0,905.0,2.6964285714286187,884.4333333333333,887.5,30.075689957784594,817.0,1000.0,1.0324805339265626,897.0963730094008,888.4447937159741,1.0,0.03487707261292167,4,2,0,winter,0.7799240188988715,0.62587420840344,-0.433883739117558,-0.9009688679024191,0.781831482467563,0.623489801859319,0.9749279121821569,-0.2225209339548543,0.7811875207488946,0.6242964499548235,0.9753851919050898,-0.22050788514760924,0,885.0,
2019-02-23,907.5,904.0,893.0,855.0,856.0,,898.0714285714286,896.5,6.167310133739278,890.0,905.0,2.1428571428571326,885.05,889.75,30.287231291591326,817.0,1000.0,1.1660734149054286,898.8222797570506,889.4483554117178,-1.0,0.021468926553672316,5,2,1,winter,0.7905748615764532,0.6123654041855825,-0.9749279121818236,-0.2225209339563146,0.9749279121822005,-0.222520933954663,-0.43388373911450584,-0.900968867903889,0.7918110359853214,0.6107661445200218,0.9672227472743179,-0.25392943341629587,0,893.0,
2019-02-24,907.5,907.5,896.5,875.0,849.0,,900.1428571428571,904.0,6.599963924866018,890.0,907.5,2.428571428571442,886.7666666666667,890.0,30.04242211335144,817.0,1000.0,1.1105672969966527,900.991709817788,890.6129776432199,3.5,0.016237402015677492,6,2,1,winter,0.8009917508257599,0.5986753837507299,-0.7818314824680299,0.6234898018587334,0.43388373911829686,-0.9009688679020633,-0.7818314824690523,0.6234898018574514,0.8022002319745897,0.5970550961342802,0.957915473241061,-0.28705042436017086,0,896.5,
2019-02-25,848.5,907.5,894.0,861.0,849.5,,901.7142857142857,904.0,6.891160659722305,890.0,907.5,2.6964285714286196,888.7166666666667,891.5,29.39818295268516,817.0,1000.0,0.9838709677419133,902.618782363341,891.7024629565606,0.0,0.012269938650306749,0,2,0,winter,0.8111716039950779,0.5848081983625508,0.0,1.0,-0.43388373911760675,-0.9009688679023957,0.7818314824680971,0.6234898018586491,0.8123520342601679,0.5831673622840762,0.9474743861312113,-0.319831655133266,0,894.0,
2019-02-26,855.5,848.5,890.0,1000.0,867.0,,895.2142857142857,904.0,21.453160495323388,848.5,907.5,-4.107142857142812,888.6833333333333,891.5,29.444712461731243,817.0,1000.0,0.4539488320355772,889.0890867725058,888.9152072819438,-59.0,-0.05089485458612975,1,2,0,winter,0.8211114085783636,0.5707679517128266,0.7818314824680298,0.6234898018587336,-0.9749279121820301,-0.22252093395540976,0.43388373911588607,-0.9009688679032244,0.8222634386370614,0.5691070527420615,0.9359118442805819,-0.35223432503848884,0,890.0,
2019-02-27,887.0,855.5,904.0,871.0,869.5,,890.2857142857143,904.0,26.2723827476326,848.5,907.5,-9.107142857142861,888.3,891.5,29.80933665354105,817.0,1000.0,0.09032258064514671,880.6918150793794,886.7593874573024,7.0,-0.03876404494382023,2,2,0,winter,0.8308082231067296,0.5565587987070535,0.9749279121818236,-0.22252093395631434,-0.7818314824691747,0.623489801857298,-0.9749279121810065,-0.22252093395989458,0.8319315120407741,0.554878328350956,0.923241533407336,-0.3842200814528973,0,904.0,
2019-02-28,895.0,887.0,905.0,874.5,882.0,,887.8571428571429,904.0,25.569699329666182,848.5,907.5,-7.500000000000018,888.8833333333333,891.5,29.59924373839754,817.0,1000.0,-0.04771968854284441,882.2688613095345,886.7749108471539,31.5,-0.018805309734513276,3,2,0,winter,0.8402591780189079,0.5421849442348885,0.43388373911755823,-0.900968867902419,-9.621988937698393e-13,1.0,-1.9243977875396785e-12,1.0,0.8413533934154124,0.5404853997920483,0.9094784504130514,-0.4157510652232592,0,905.0,
2019-03-01,894.5,895.0,904.0,885.0,890.0,,886.4285714285714,895.0,24.7174509396173,848.5,907.5,-4.285714285714282,889.3166666666667,893.25,29.59015543809433,817.0,1000.0,-0.05572858731926564,885.4516459821509,887.3055617602408,8.0,-0.011049723756906077,4,3,0,spring,0.849461476510434,0.5276506419258042,-0.433883739117558,-0.9009688679024191,0.7818314824679747,0.6234898018588025,0.9749279121818629,-0.2225209339561423,0.8505262945601604,0.5259325263394187,0.8946388856322595,-0.44678995547647327,0,904.0,
2019-03-02,903.0,894.5,907.5,893.0,889.5,,885.0714285714286,894.5,23.83699605555171,848.5,907.5,-0.9107142857142815,889.4666666666667,893.75,29.605140901811307,817.0,1000.0,-0.01757508342604971,887.7137344866132,887.7697190660318,-0.5,-0.010508849557522125,5,3,1,spring,0.8584123953613012,0.5129601928903189,-0.9749279121818236,-0.2225209339563146,0.9749279121820535,-0.22252093395530698,-0.4338837391156961,-0.9009688679033158,0.8594475009544872,0.5112240145993602,0.8787404035506807,-0.47730001379382636,0,907.5,
2019-03-03,905.5,903.0,907.5,896.5,909.0,,884.4285714285714,894.5,23.183019237200057,848.5,907.5,4.214285714285713,889.9166666666666,894.25,29.708086479927648,817.0,1000.0,0.06996662958841082,891.5353008649599,888.7523178359653,8.5,-0.0049586776859504135,6,3,1,spring,0.8671092857418372,0.498117944447177,-0.7818314824680299,0.6234898018587334,0.4338837391177017,-0.90096886790235,-0.7818314824682285,0.6234898018584843,0.8681143725615346,0.49636421723578456,0.8618018220152808,-0.5072451276958138,0,907.5,
2019-03-04,906.5,905.5,848.5,894.0,897.0,,884.1428571428571,894.5,22.861383535185794,848.5,905.5,9.767857142857126,889.8,894.25,29.63734829219903,817.0,1000.0,0.3021134593993098,895.02647564872,889.8328134594515,2.5,-0.0022038567493112946,0,3,0,spring,0.8755495739965682,0.4831282888368553,0.0,1.0,-0.4338837391182019,-0.9009688679021091,0.7818314824689209,0.6234898018576163,0.8765243446092019,0.4813575316824378,0.8438431899613038,-0.5365898533851818,1,848.5,
2019-03-05,904.5,906.5,855.5,890.0,903.5,,892.4285714285714,895.0,17.723403951246485,855.5,906.5,7.071428571428616,890.1166666666667,894.25,29.767398080882995,817.0,1000.0,0.459510567296971,897.89485673654,890.9081158169063,1.0,0.06835592221567471,1,3,0,spring,0.8837307624058365,0.4679956619217736,0.7818314824680298,0.6234898018587336,-0.9749279121813675,-0.22252093395831252,0.4338837391212512,-0.9009688679006407,0.8846749283492265,0.46620839884143117,0.8248857636817015,-0.565299457699418,0,855.5,
2019-03-06,905.0,904.5,887.0,904.0,895.5,,899.4285714285714,903.0,7.345228447937934,887.0,906.5,3.089285714285691,890.15,894.25,29.783456991169395,817.0,1000.0,0.6446051167964122,899.546142552405,891.7850115706543,-2.0,0.05727644652250146,2,3,0,spring,0.8916504299249455,0.4527245418735987,0.9749279121818236,-0.22252093395631434,-0.7818314824687628,0.6234898018578144,-0.9749279121813005,-0.2225209339586066,0.8925637117937518,0.4509213017689011,0.8049519816674416,-0.5933399592220792,0,887.0,
2019-03-07,903.5,905.0,895.0,905.0,878.5,,902.0,904.5,5.0662280511918985,894.5,906.5,1.9107142857143185,890.4666666666667,894.25,29.89260470571214,817.0,1000.0,0.7773081201334552,900.9096069143037,892.6375914693218,0.5,0.020293122886133032,3,3,0,spring,0.8993062329006161,0.4373194478480267,0.43388373911755823,-0.900968867902419,-3.0163907887277555e-13,1.0,-6.032781577455511e-13,1.0,0.9001883604289409,0.43550076434864626,0.7840654380491169,-0.6206781685034898,0,895.0,
2019-03-08,899.5,903.5,894.5,904.0,897.0,,903.2142857142857,904.5,4.019298683200782,894.5,906.5,1.0714285714285554,891.3,894.75,29.89596905131613,817.0,1000.0,0.7788654060066466,901.5572051857278,893.3383920196882,-1.5,0.009497206703910615,4,3,0,spring,0.9066959057645391,0.42178493864743694,-0.433883739117558,-0.9009688679024191,0.7818314824683866,0.6234898018582861,0.9749279121815689,-0.2225209339574303,0.907546617905934,0.41995134995318273,0.7622508546700846,-0.6472817273449989,0,894.5,
2019-03-09,903.5,899.5,903.0,907.5,893.5,,903.9285714285714,904.5,2.2808728488013195,899.5,906.5,-0.5714285714285384,891.3833333333333,894.75,29.91588303011086,817.0,1000.0,0.8710789766407004,901.0429038892958,893.7359151151921,-4.0,0.005589714924538848,5,3,1,spring,0.9138172617038212,0.4061256113718145,-0.9749279121818236,-0.2225209339563146,0.9749279121819066,-0.222520933955951,-0.43388373911688644,-0.9009688679027426,0.9146363067085151,0.40427766009341537,0.7395340518252037,-0.6731191470987858,0,903.0,
2019-03-10,903.5,903.5,905.5,907.5,817.0,,904.0,904.5,2.254624876415472,899.5,906.5,-0.7499999999999427,891.7166666666667,895.75,29.995885733206,817.0,1000.0,0.9638487208008711,901.6571779169718,894.3658560755024,4.0,0.0005537098560354374,6,3,1,spring,0.9206681933081248,0.3903461000583373,-0.7818314824680299,0.6234898018587334,0.43388373911874545,-0.9009688679018474,-0.7818314824696732,0.6234898018566729,0.9214553287975934,0.3884843330567129,0.7159419176989744,-0.6981598459389619,0,905.5,
2019-03-11,899.0,903.5,906.5,848.5,855.0,,903.7142857142857,903.5,2.1574897229835903,899.5,906.5,-0.589285714285712,894.6,898.0,26.52240432228,848.5,1000.0,0.524582869855384,902.1178834377289,894.9551556835345,0.0,-0.0022087244616234127,0,3,0,spring,0.92724667319331,0.3744510743100344,0.0,1.0,-0.4338837391171582,-0.9009688679026118,0.7818314824674762,0.6234898018594276,0.9280016662319319,0.37257604253461873,0.6915023765404507,-0.7223741850584839,0,906.5,
2019-03-12,902.5,899.0,904.5,855.5,875.0,,902.6428571428571,903.5,2.3929459827182513,899.0,905.0,-0.6964285714285046,896.0666666666667,899.25,25.452028349945945,848.5,1000.0,0.27986651835371024,901.3384125782967,895.216113381371,-4.5,-0.00827357970215113,1,3,0,spring,0.9335507546013952,0.3584452379139183,0.7818314824680298,0.6234898018587336,-0.9749279121815145,-0.22252093395766853,0.4338837391200609,-0.9009688679012139,0.9342733817653875,0.3565574962396197,0.6662443556111779,-0.7457335037506672,0,904.5,
2019-03-13,902.0,902.5,905.0,887.0,861.0,,902.3571428571429,903.5,2.2493385271098045,899.0,905.0,-0.4464285714285673,896.9833333333333,901.0,25.160684757599114,848.5,1000.0,0.17608453837595459,901.6288094337225,895.6860415503148,3.5,-0.002211166390270868,2,3,0,spring,0.9395785719766574,0.34233332744900147,0.9749279121818236,-0.22252093395631434,-0.7818314824683509,0.6234898018583309,-0.9749279121815944,-0.2225209339573186,0.9402686194202551,0.3404334345118405,0.6401977509458882,-0.7682101533329447,0,905.0,
2019-03-14,903.0,902.0,903.5,895.0,1000.0,,901.9285714285714,902.5,1.9241572057390042,899.0,903.5,-0.10714285714285146,898.35,902.25,24.2352514695664,848.5,1000.0,-0.03971078976642634,901.7216070752919,896.0933937083591,-0.5,-0.0033149171270718232,3,3,0,spring,0.9453283415177025,0.3261201108846096,0.43388373911755823,-0.900968867902419,3.5892073602428815e-13,1.0,7.178414720485763e-13,1.0,0.9459856050363787,0.32420862891656116,0.6133933919672958,-0.789777529872087,0,903.5,
2019-03-15,899.0,903.0,899.5,894.5,871.0,,901.8571428571429,902.5,1.8644544714759859,899.0,903.5,0.23214285714285515,895.1166666666667,902.25,14.865305205430168,848.5,907.5,0.69132369299219,902.0412053064689,896.5389812110457,1.0,-0.0005534034311012728,4,3,0,spring,0.9507983617053434,0.30981038616940365,-0.433883739117558,-0.9009688679024191,0.7818314824665302,0.623489801860614,0.974927912182894,-0.22252093395162476,0.9514226467962431,0.30788788083201835,0.5858630049953705,-0.8104101056735378,0,899.5,
2019-03-16,904.0,899.0,903.5,903.0,874.5,,901.7857142857143,902.5,1.976047040122827,899.0,903.5,-0.4107142857142664,896.05,902.25,14.16123289976528,848.5,907.5,0.550055617352602,901.2809039798517,896.6977566167847,-4.0,-0.0005558643690939411,5,3,1,spring,0.9559870138061269,0.29340897981153197,-0.9749279121818236,-0.2225209339563146,0.9749279121821643,-0.22252093395482161,-0.433883739114799,-0.9009688679037479,0.9565781357256793,0.29147602002837897,0.557639175694975,-0.830083459496832,0,903.5,
2019-03-17,903.0,904.0,903.5,905.5,885.0,,901.8571428571429,902.5,2.055770044583492,899.0,904.0,0.07142857142863422,897.0333333333333,902.75,13.627389593258599,848.5,907.5,0.4527252502780683,901.9606779848888,897.1688690931212,5.0,0.0005534034311012728,6,3,1,spring,0.9608927623513632,0.27692074545033024,-0.7818314824680299,0.6234898018587334,0.4338837391181503,-0.9009688679021339,-0.7818314824688494,0.6234898018577057,0.9614505461698974,0.2749779032387982,0.5287553105071915,-0.8487743054607882,0,903.5,
2019-03-18,904.0,903.0,899.0,906.5,893.0,,901.7857142857143,902.5,1.9970215917990277,899.0,904.0,0.4285714285714516,897.6333333333333,903.0,13.474710241484617,848.5,907.5,0.4082313681868503,902.2205084886666,897.5450710871135,-1.0,-0.0005534034311012728,0,3,0,spring,0.9655141555915137,0.2603505624199925,0.0,1.0,-0.43388373911775335,-0.9009688679023251,0.7818314824683,0.6234898018583948,0.9660384362450449,0.25839841272195974,0.49924559710824745,-0.8664605206055435,0,899.0,
2019-03-19,905.5,904.0,902.5,904.5,896.5,,902.5,903.0,1.7078251276648473,899.0,904.0,0.2678571428571448,898.0,903.0,13.493932225136172,848.5,907.5,0.4173526140155552,902.6653813665,897.9615181137514,1.0,0.0055617352614015575,1,3,0,spring,0.969849825925805,0.24370333430563806,0.7818314824680298,0.6234898018587336,-0.9749279121816615,-0.22252093395702452,0.4338837391188706,-0.9009688679017871,0.9703404482648674,0.24174245481738638,0.4691449639443043,-0.8831211710777278,0,902.5,
2019-03-20,903.0,905.5,902.0,905.0,894.0,,902.9285714285714,903.0,2.049970963793915,899.0,905.5,0.5892857142857281,898.3,903.25,13.559320499708308,848.5,907.5,0.4553948832035404,903.3740360248751,898.4478717838319,1.5,0.0033240997229916896,2,3,0,spring,0.9738984903069413,0.22698398749220305,0.9749279121818236,-0.22252093395631434,-0.7818314824679391,0.6234898018588473,-0.9749279121818883,-0.22252093395603062,0.9743553091425431,0.22501495849329523,0.4384890388888623,-0.8987365369085213,0,902.0,
2019-03-21,905.5,903.0,903.0,903.5,890.0,,903.0714285714286,903.0,2.008908730065065,899.0,905.5,0.4642857142857013,898.6,903.25,13.560464848100478,848.5,907.5,0.4560622914349069,903.2805270186564,898.7415574751976,-2.5,0.0011086474501108647,3,3,0,spring,0.977658950620793,0.21019746970658276,0.43388373911755823,-0.900968867902419,-7.995088526245047e-13,1.0,-1.5990177052490093e-12,1.0,0.9780818307673391,0.20822087388830704,0.4073141070733012,-0.9132881353543795,1,903.0,
2019-03-22,904.0,905.5,899.0,899.5,904.0,,903.4285714285714,904.0,2.206591856022617,899.0,905.5,0.7142857142857109,899.1166666666667,903.5,13.516709539737342,848.5,907.5,0.44126807563957154,903.8353952639923,899.1775860251848,2.5,0.0027685492801771874,4,3,0,spring,0.9811300940409537,0.19334874855346035,-0.433883739117558,-0.9009688679024191,0.7818314824669421,0.6234898018600975,0.9749279121826,-0.22252093395291275,0.9815189103562547,0.19136517084639634,0.37565706793858694,-0.9267587427738591,0,899.0,
2019-03-23,903.5,904.0,904.0,903.5,905.0,,904.1428571428571,904.0,1.0293317295907325,903.0,905.5,0.14285714285710688,899.1166666666667,903.5,13.516709539737342,848.5,907.5,0.5064516129032115,903.8765464479942,899.488709507431,-1.5,0.0055617352614015575,5,3,1,spring,0.9843108933580564,0.17644281004525206,-0.9749279121818236,-0.2225209339563146,0.9749279121820174,-0.2225209339554656,-0.4338837391159893,-0.9009688679031747,0.9846655307803952,0.17445283744600612,0.3435553915598352,-0.9391324150140747,0,904.0,
2019-03-24,903.0,903.5,903.0,903.5,904.0,,904.0714285714286,904.0,1.0578504710335965,903.0,905.5,0.0535714285714265,899.0666666666667,903.5,13.496955808328456,848.5,907.5,0.5753058954393567,903.7824098359956,899.7475024424355,-0.5,-0.0005530973451327434,6,3,1,spring,0.9872004072837537,0.15948465712660548,-0.7818314824680299,0.6234898018587334,0.4338837391175551,-0.9009688679024206,-0.7818314824680257,0.6234898018587387,0.987520760865901,0.15748887852426868,0.31104707429640654,-0.9503945062823362,0,903.0,
2019-03-25,900.0,903.0,904.0,899.0,907.5,,904.0714285714286,904.0,1.0578504710335965,903.0,905.5,-0.21428571428571982,899.0333333333333,903.25,13.485581913297146,848.5,907.5,0.6347052280311243,903.5868073769967,899.9573409945365,-0.5,0.0,0,3,0,spring,0.9897977807292717,0.14247930819388652,0.0,1.0,-0.4338837391183485,-0.9009688679020386,0.7818314824691237,0.6234898018573618,0.9900837556695551,0.1404783141957105,0.27817059381803366,-0.9605316864814625,0,904.0,
2019-03-26,906.5,900.0,905.5,902.5,907.5,,903.5,903.5,1.8708286933917595,900.0,905.5,-0.6607142857142165,898.7833333333333,903.0,13.392408640547801,848.5,907.5,0.6993325917686019,902.6901055327476,899.9600931884374,-3.0,-0.004424778761061947,1,3,0,spring,0.9921022450584553,0.1254317956100953,0.7818314824680298,0.6234898018587336,-0.9749279121814037,-0.22252093395815392,0.43388373912095807,-0.9009688679007818,0.9923537567288059,0.12342617836677056,0.24496486356188887,-0.9695319569875482,0,905.5,
2019-03-27,888.0,906.5,903.0,902.0,848.5,,903.6428571428571,903.5,2.0759392595983766,900.0,906.5,-0.053571428571424023,898.75,903.0,13.37119265822856,848.5,906.5,0.8092324805339067,903.6425791495607,900.3820226601512,6.5,0.0011043622308117063,2,3,0,spring,0.9941131183152286,0.10834716421564623,0.9749279121818236,-0.22252093395631434,-0.7818314824686613,0.6234898018579417,-0.9749279121813729,-0.22252093395828937,0.9943300922862478,0.10633751724589967,0.21146918667321177,-0.977384664851956,0,903.0,
2019-03-28,903.5,888.0,905.5,903.0,855.5,,901.5,903.5,6.29814787589835,888.0,906.5,-1.82142857142857,900.0666666666667,903.0,9.690675693795379,855.5,906.5,0.39332591768628833,899.7319343621705,899.5831824885286,-18.5,-0.016611295681063124,3,3,0,spring,0.9958298054254058,0.09123046983545845,0.43388373911755823,-0.900968867902419,-1.3894903772744095e-13,1.0,-2.778980754548819e-13,1.0,0.9960121774883671,0.08921738785058306,0.17772320948576684,-0.9840805154102372,0,905.5,
2019-03-29,899.5,903.5,904.0,899.0,887.0,,901.2142857142857,903.5,6.129553700837002,888.0,906.5,-1.0357142857142716,901.6666666666666,903.25,4.81437025160701,887.0,906.5,0.10812013348163131,900.6739507716279,899.8358803924945,15.5,-0.0022087244616234127,4,3,0,spring,0.9972517983727895,0.07408677778279397,-0.433883739117558,-0.9009688679024191,0.7818314824673539,0.623489801859581,0.974927912182306,-0.22252093395420075,0.9973995145586447,0.07207085651065744,0.14376687459511095,-0.9896115832836404,0,904.0,
2019-03-30,903.5,899.5,903.5,904.0,895.0,,900.5714285714286,903.0,6.0237624692321425,888.0,906.5,-0.8214285714285424,902.0833333333334,903.25,3.9677217760287173,888.0,906.5,-0.0070077864293821455,900.3804630787209,899.8142106897529,-4.0,-0.00497787610619469,5,3,1,spring,0.9983786763495082,0.05692116136028858,-0.9749279121818236,-0.2225209339563146,0.9749279121818704,-0.22252093395610958,-0.4338837391171796,-0.9009688679026014,0.9984916929448706,0.05490299736887059,0.10964037358118275,-0.9939713217598276,0,903.5,
2019-03-31,906.0,903.5,903.0,903.0,894.5,,900.5714285714286,903.0,6.0237624692321425,888.0,906.5,-0.0892857142856993,902.3666666666667,903.5,3.741503785208722,888.0,906.5,-0.04671857619580205,901.1603473090407,900.0520035484785,4.0,0.0,6,3,1,spring,0.999210105880544,0.03973870035861803,-0.7818314824680299,0.6234898018587334,0.43388373911696,-0.9009688679027071,-0.781831482467202,0.6234898018597715,0.9992883894406108,0.03771889087963908,0.07538409943720137,-0.9971545705416197,0,903.0,
2019-04-04,901.5,906.0,900.0,904.0,903.0,,901.0,903.5,6.324555320338004,888.0,906.5,0.8392857142857276,902.75,903.5,3.488280872907812,888.0,906.5,-0.0775305895439533,902.3702604817805,900.4357452550283,2.5,0.0033222591362126247,3,4,0,spring,0.9995777314991241,-0.029057850764724318,0.43388373911755823,-0.900968867902419,5.216107771696227e-13,1.0,1.0432215543392455e-12,1.0,0.9995169541242725,-0.03107826279148906,-0.06212650112964571,-0.9980682831637263,0,903.5,
2019-04-05,908.0,901.5,906.5,905.5,905.5,,901.2142857142857,903.5,6.310422218159772,888.0,906.5,0.7500000000000601,902.7,903.5,3.4953170642058997,888.0,906.5,-0.08387096774194405,902.1526953613354,900.5044068514782,-4.5,0.0016666666666666668,4,4,0,spring,0.99892997878485,-0.046248216018556436,-0.433883739117558,-0.9009688679024191,0.7818314824677658,0.6234898018590646,0.974927912182012,-0.22252093395548875,0.9988344554194326,-0.04826728360872904,-0.09642205187580036,-0.9953405386660691,0,899.5,
2019-04-06,907.5,908.0,888.0,903.0,906.5,,901.4285714285714,903.5,6.541078984825841,888.0,908.0,2.232142857142893,902.7833333333333,903.5,3.592816907852662,888.0,908.0,-0.03036707452727023,903.6145215210015,900.9879935062216,6.5,0.001654715940430226,5,4,1,spring,0.9979866144789332,-0.06342489511916614,-0.9749279121818236,-0.2225209339563146,0.9749279121821282,-0.2225209339549802,-0.43388373911509215,-0.9009688679036066,0.9978563733910091,-0.06544202077368291,-0.13060347503321262,-0.9914346838341137,0,903.5,
2019-04-07,908.5,907.5,903.5,905.5,904.5,,904.2142857142857,903.5,3.1339158526428266,899.5,908.0,0.964285714285706,902.8166666666667,903.5,3.6329035915870067,888.0,908.0,0.025695216907648994,904.5858911407511,901.4081229574332,-0.5,0.02195945945945946,6,4,1,spring,0.9967479177495133,-0.08058280500211881,-0.7818314824680299,0.6234898018587334,0.4338837391180037,-0.9009688679022045,-0.7818314824686465,0.6234898018579602,0.9965829974810979,-0.08259739179653262,-0.16463031260141828,-0.9863553417368202,0,906.0,
2019-04-08,908.0,908.5,899.5,904.0,905.0,,904.9285714285714,906.0,3.493190655031414,899.5,908.5,1.321428571428612,902.95,903.5,3.7677167695026004,888.0,908.5,0.07397107897662769,905.5644183555632,901.8656634117924,1.0,0.005534034311012728,0,4,0,spring,0.9952142551619348,-0.09771686815732115,0.0,1.0,-0.43388373911626105,-0.9009688679030438,0.7818314824662346,0.6234898018609846,0.9950147045175983,-0.0997283199184487,-0.1984622895513835,-0.9801085244124871,0,,
2019-04-09,909.0,908.0,903.5,903.5,903.5,,906.1428571428571,907.5,2.6726124191277107,901.5,908.5,0.8750000000000664,903.05,903.5,3.862619264984011,888.0,908.5,0.1206896551723939,906.1733137666724,902.2614270626447,-0.5,0.009449694274596998,1,4,0,spring,0.9933860805702698,-0.11482201413160008,0.7818314824680298,0.6234898018587336,-0.9749279121816977,-0.22252093395686592,0.43388373911857747,-0.9009688679019282,0.9931519586026781,-0.11682973561411616,-0.23205936149638506,-0.9727016257526714,0,,
2019-04-10,914.0,909.0,906.0,903.0,899.5,,906.9285714285714,908.0,2.57275098271609,901.5,909.0,0.8035714285714161,903.2333333333333,903.5,4.012337295733181,888.0,909.0,0.16218020022244273,906.8799853250043,902.6961737037644,1.0,0.006087437742114001,2,4,0,spring,0.9912639349830097,-0.13189318102919323,0.9749279121818236,-0.22252093395631434,-0.7818314824678376,0.6234898018589745,-0.9749279121819607,-0.22252093395571337,0.9909953109754643,-0.13389657809161054,-0.26538176208889225,-0.9641434127507145,0,,
2019-04-11,916.5,914.0,901.5,900.0,903.5,,908.0714285714286,908.0,3.6449573777664313,901.5,914.0,1.428571428571468,903.7166666666667,903.5,4.401573647541487,888.0,914.0,0.20589543937705776,908.6599889937532,903.4254528196507,5.0,0.008830022075055188,3,4,0,spring,0.9888484464029655,-0.14892531700970596,0.43388373911755823,-0.900968867902419,1.1821705920666864e-12,1.0,2.3643411841333728e-12,1.0,0.988545399848896,-0.15092379679025564,-0.2983900500894736,-0.9544440151248272,0,901.5,
2019-04-12,898.5,916.5,908.0,906.5,903.5,,910.2142857142857,908.5,3.5456210417146163,907.5,916.5,1.3928571428571406,904.15,903.5,4.981257977107984,888.0,916.5,0.28687430478307274,910.6199917453149,904.2689719925764,2.5,0.016638935108153077,4,4,0,spring,0.9861403296414243,-0.16591338178309495,-0.433883739117558,-0.9009688679024191,0.7818314824670435,0.6234898018599703,0.9749279121825276,-0.22252093395322997,0.9858029502208733,-0.1679063528751145,-0.3310451560502297,-0.9436149133283551,0,908.0,
2019-04-13,917.5,898.5,907.5,888.0,899.0,,908.8571428571429,908.5,5.698788509517653,898.5,916.5,-0.1785714285714237,903.9833333333333,903.5,5.086295537900808,888.0,916.5,0.24593993325913735,907.5899938089862,903.8967802511199,-18.0,-0.010462555066079295,5,4,1,spring,0.983140386106616,-0.18285234810123144,-0.9749279121818236,-0.2225209339563146,0.9749279121819812,-0.22252093395562422,-0.4338837391162825,-0.9009688679030334,0.982768773659673,-0.18483922072834702,-0.36330842855881434,-0.9316689249610748,1,907.5,
2019-04-14,920.0,917.5,908.5,903.5,902.5,,910.2857142857143,909.0,6.499084184569093,898.5,917.5,0.5535714285714681,904.6,903.75,5.560637522370233,888.0,917.5,0.2987764182424659,910.0674953567396,904.7744073316929,19.0,0.011019283746556474,6,4,1,spring,0.9798495035665545,-0.1997372032456062,-0.7818314824680299,0.6234898018587334,0.4338837391174086,-0.9009688679024912,-0.7818314824678229,0.623489801858993,0.9794437680638366,-0.2017173894360958,-0.39514167998658,-0.9186201895981729,1,908.5,
2019-04-15,918.0,920.0,908.0,899.5,902.0,,911.9285714285714,914.0,7.367883976131552,898.5,920.0,1.339285714285717,905.1833333333333,904.0,6.2124504207200415,888.0,920.0,0.38364849833146875,912.5506215175548,905.7567036328741,2.5,0.012658227848101266,0,4,0,spring,0.9762686558863216,-0.21656295051073468,0.0,1.0,-0.4338837391168562,-0.9009688679027571,0.7818314824670584,0.6234898018599517,0.9758289173964344,-0.21853586427152602,-0.4265072316887547,-0.9044841520541943,0,908.0,
2019-04-16,919.0,918.0,909.0,903.5,903.0,,913.3571428571429,916.5,7.448234050848104,898.5,920.0,1.4285714285714486,905.7166666666667,904.0,6.60418275678961,888.0,920.0,0.44438264738596006,913.9129661381661,906.5465937210759,-2.0,0.011013215859030838,1,4,0,spring,0.9723989027398732,-0.23332461068282243,0.7818314824680298,0.6234898018587336,-0.9749279121818447,-0.2225209339562219,0.4338837391173872,-0.9009688679025014,0.9719252913938424,-0.23528966817307212,-0.45736795860214724,-0.8892775441020112,0,909.0,
2019-04-17,918.0,919.0,914.0,906.0,899.0,,914.7857142857143,917.5,7.4322335295736535,898.5,920.0,1.4107142857142603,906.25,904.75,7.010767580585269,888.0,920.0,0.5113459399332316,915.1847246036245,907.3500392874581,1.0,0.011001100110011002,2,4,0,spring,0.9682413892964514,-0.25001722351325634,0.9749279121818236,-0.22252093395631434,-0.7818314824685599,0.6234898018580688,-0.9749279121814453,-0.22252093395797215,0.9677340452492493,-0.2519738432169575,-0.4876873331866927,-0.8730183646689523,1,914.0,
2019-04-18,916.0,918.0,916.5,901.5,904.0,,915.3571428571429,918.0,7.515064236333213,898.5,920.0,1.6428571428571606,906.8833333333333,905.5,7.189172094359607,888.0,920.0,0.5371523915461449,915.8885434527184,908.0371335269771,-1.0,0.00437636761487965,3,4,0,spring,0.9637973458816972,-0.2666358491864816,0.43388373911755823,-0.900968867902419,-1.7952484001279627e-12,1.0,-3.5904968002559254e-12,1.0,0.9632564192707547,-0.26858345208460643,-0.5174294686607925,-0.8557258585326318,0,916.5,
2019-04-19,923.0,916.0,898.5,908.0,903.0,,915.2857142857143,918.0,7.504760394006763,898.5,920.0,1.874999999999992,907.2833333333333,905.75,7.355133479806283,888.0,920.0,0.5760845383759552,915.9164075895388,908.5508668478174,-2.0,-0.0005455537370430987,4,4,0,spring,0.9590680876135618,-0.2831755697818324,-0.433883739117558,-0.9009688679024191,0.7818314824674554,0.6234898018594538,0.9749279121822336,-0.22252093395451797,0.958493738514355,-0.2851135795236263,-0.5465591614776208,-0.8374204935424496,1,898.5,
2019-04-20,926.5,923.0,917.5,907.5,904.0,,918.7857142857143,918.0,2.233404405413732,916.0,923.0,0.3035714285714467,907.95,906.25,7.843677445056581,888.0,923.0,0.6479421579532616,917.6873056921542,909.4830689866678,7.0,0.027267668336115748,5,4,1,spring,0.9540550140131263,-0.2996314907288842,-0.9749279121818236,-0.2225209339563146,0.9749279121818342,-0.2225209339562682,-0.43388373911747274,-0.9009688679024602,0.9534474123917583,-0.30155933380258754,-0.5750419329933191,-0.8181239363930792,0,917.5,
2019-04-21,926.5,926.5,920.0,908.5,905.5,,920.0714285714286,919.0,3.5640399762640147,916.0,926.5,0.946428571428561,908.7,907.0,8.501115545460022,888.0,926.5,0.7403781979977485,919.8904792691156,910.5809355036571,3.5,0.009809264305177113,6,4,1,spring,0.948759608590444,-0.3159987422558949,-0.7818314824680299,0.6234898018587334,0.43388373911681344,-0.9009688679027777,-0.7818314824669991,0.623489801860026,0.9481189342533933,-0.3179158481582973,-0.6028440702762169,-0.7978590269795809,0,920.0,
2019-04-22,920.0,926.5,918.0,908.0,903.0,,921.0,919.0,4.310839052129053,916.0,926.5,1.6250000000000282,909.4,907.75,9.073835063447076,888.0,926.5,0.8331479421579269,921.5428594518368,911.607971922776,0.0,0.007065217391304348,0,4,0,spring,0.9431834384055279,-0.3322724808309075,0.0,1.0,-0.4338837391158125,-0.9009688679032598,0.7818314824656137,0.6234898018617632,0.9425098809464427,-0.3341782822361776,-0.629932666010613,-0.7766497513633552,0,918.0,
2019-04-23,928.0,920.0,919.0,909.0,905.5,,921.2857142857143,920.0,4.141830743136377,916.0,926.5,1.0892857142857215,909.9666666666667,908.0,9.19044981576598,888.0,926.5,0.8573971078976386,921.1571445888776,912.1493930890485,-6.5,0.002178649237472767,1,4,0,spring,0.937328153604613,-0.3484478905950889,0.7818314824680298,0.6234898018587336,-0.9749279121815869,-0.2225209339573513,0.4338837391194746,-0.9009688679014962,0.9366219123481488,-0.35034182352282267,-0.6562756574469677,-0.7545212133814068,0,919.0,
2019-04-24,924.5,928.0,918.0,914.0,904.0,,922.5714285714286,923.0,4.676435353886094,916.0,928.0,1.4821428571428985,910.7166666666667,908.25,9.716395079110073,888.0,928.0,0.9429365962179915,922.8678584416582,913.1720128897551,8.0,0.009793253536452665,2,4,0,spring,0.9311954869318319,-0.3645201847878779,0.9749279121818236,-0.22252093395631434,-0.781831482468148,0.6234898018585853,-0.9749279121817392,-0.22252093395668415,0.930456770874721,-0.3664016887698349,-0.6818418643516503,-0.731499604933226,0,918.0,
2019-04-25,929.0,924.5,916.0,916.5,903.5,,923.5,924.5,4.2426406871226385,916.0,928.0,1.0357142857143191,911.4,908.75,9.945888077753224,888.0,928.0,0.9855394883203279,923.2758938312436,913.9028507678355,-3.5,0.007080610021786492,3,4,0,spring,0.9247872532164463,-0.380484607163523,0.43388373911755823,-0.900968867902419,-1.134688585230899e-12,1.0,-2.269377170461798e-12,1.0,0.9240162809656317,-0.38235312540953903,-0.7066010259130161,-0.7076121749791147,0,916.0,
2019-04-26,920.0,929.0,923.0,898.5,903.0,,925.3571428571429,926.5,3.105295017045245,920.0,929.0,0.5535714285714605,912.25,911.5,10.32969439078031,888.0,929.0,1.0446051167964197,924.7069203734327,914.8768603957171,4.5,0.014192139737991267,4,4,0,spring,0.9181053488357886,-0.39633643339858987,-0.433883739117558,-0.9009688679024191,0.7818314824678673,0.6234898018589374,0.9749279121819396,-0.22252093395580597,0.9173023485437547,-0.3981914129612943,-0.7305238365587026,-0.682887197287776,0,923.0,
2019-04-27,926.0,920.0,926.5,917.5,900.0,,924.9285714285714,926.5,3.6449573777676836,920.0,929.0,-0.3571428571428081,912.8166666666667,915.0,10.270885646040698,888.0,929.0,1.0308120133481442,923.5301902800745,915.2073855314774,-9.0,-0.0032502708559046588,5,4,1,spring,0.9111517511540698,-0.4120709724900216,-0.9749279121818236,-0.2225209339563146,0.9749279121816872,-0.22252093395691222,-0.433883739118663,-0.900968867901887,0.9103169604512581,-0.41391186442862754,-0.7535819806427628,-0.657353936970435,0,926.5,
2019-04-28,927.5,926.0,926.5,920.0,906.5,,924.8571428571429,926.0,3.6137963154489725,920.0,929.0,-0.017857142857084583,913.6833333333333,916.25,10.249039764386525,888.0,929.0,1.0274749721912995,924.1476427100558,915.903683239124,6.0,-0.0005396654074473826,6,4,1,spring,0.9039285179372211,-0.42768356814333996,-0.7818314824680299,0.6234898018587334,0.433883739119496,-0.9009688679014859,-0.7818314824707119,0.6234898018553703,0.9030621838617757,-0.4295098276859336,-0.7757481659603084,-0.6310426158423992,0,926.5,
2019-04-29,922.0,927.5,920.0,918.0,888.0,,925.0,926.0,3.708099243551715,920.0,929.0,0.5000000000000153,914.3833333333333,917.0,10.456546648684466,888.0,929.0,1.0670745272524846,924.9857320325418,916.6518327075677,1.5,0.0010793308148947653,0,4,0,spring,0.896437786743944,-0.44316960015057344,0.0,1.0,-0.43388373911640765,-0.9009688679029731,0.7818314824664375,0.6234898018607302,0.8955401656686087,-0.44498068685532954,-0.7969961560515062,-0.6039843766515183,0,920.0,
2019-04-30,935.5,922.0,928.0,919.0,903.5,,925.2857142857143,926.0,3.314829594130614,920.0,929.0,-0.5357142857142709,915.5166666666667,917.75,9.27406778783485,898.5,929.0,0.9342602892102032,924.2392990244064,916.9968757586925,-5.5,0.002173913043478261,1,4,0,spring,0.8886817742931451,-0.4585244857575084,0.7818314824680298,0.6234898018587336,-0.9749279121817339,-0.2225209339567073,0.4338837391182843,-0.9009688679020694,0.8877531318493211,-0.46031986367277467,-0.8173008012559165,-0.5762112462165563,0,928.0,
2019-05-01,934.5,935.5,924.5,918.0,899.5,,926.3571428571429,926.0,5.0803074522663385,920.0,935.5,0.9464285714285838,916.5833333333334,918.0,9.675852749851279,898.5,935.5,0.9803114571746198,927.0544742683048,918.1906257097446,13.5,0.008081896551724138,2,5,0,spring,0.8806627758079475,-0.47374368101985365,0.9749279121818236,-0.22252093395631434,-0.7818314824677361,0.6234898018591017,-0.9749279121820332,-0.22252093395539616,0.8797033868071592,-0.47552281884260145,-0.8366380684798475,-0.5477560975199729,0,924.5,
2019-05-02,934.0,934.5,929.0,916.0,903.5,,927.7857142857143,927.5,5.822779568624547,920.0,935.5,1.5535714285714424,917.75,918.5,9.655041563153937,898.5,935.5,0.978086763070058,928.9158557012286,919.2428434058901,-1.0,0.01081665765278529,3,5,0,spring,0.8723831643364682,-0.48882268214792435,0.43388373911755823,-0.900968867902419,-4.741287703338354e-13,1.0,-9.482575406676708e-13,1.0,0.871393312689015,-0.4905850533810264,-0.8549850696428197,-0.518652610798271,0,929.0,
2019-05-03,932.0,934.0,920.0,923.0,906.0,,928.5,927.5,6.284902544990636,920.0,935.5,2.392857142857156,918.7666666666667,919.5,9.7084511117134,898.5,935.5,0.9846496106785073,930.1868917759214,920.1949180248649,-0.5,0.005382131324004306,4,5,0,spring,0.8638453900495676,-0.5037570268394381,-0.433883739117558,-0.9009688679024191,0.781831482467145,0.623489801859843,0.9749279121824552,-0.2225209339535472,0.8628253686805346,-0.505502109947426,-0.8723200887683519,-0.488935233677401,0,920.0,
2019-05-05,939.0,932.0,926.0,926.5,901.5,,930.2142857142857,932.0,5.106018857334827,922.0,935.5,1.553571428571452,919.6333333333333,920.0,9.689963998843044,898.5,935.5,0.981979977753026,930.6401688319411,920.9565362168091,-2.0,0.013043478260869565,6,5,1,spring,0.8460055349535993,-0.5331741130511443,-0.7818314824680299,0.6234898018587334,0.4338837391189008,-0.9009688679017726,-0.7818314824698882,0.6234898018564032,0.844926088539484,-0.5348830759197452,-0.9038733303256764,-0.4278001901892642,0,927.5,
2019-05-06,937.5,939.0,927.5,926.5,908.0,,932.0714285714286,934.0,5.652643713556677,922.0,939.0,1.8928571428572047,920.8833333333333,920.0,9.688851870822296,898.5,939.0,0.9818687430478067,932.7301266239558,922.1206306544344,7.0,0.014038876889848811,0,5,0,spring,0.8367087334614722,-0.5476481492247545,0.0,1.0,-0.4338837391170028,-0.9009688679026866,0.7818314824672612,0.6234898018596974,0.8356000493094629,-0.5493382906679848,-0.9180542055394881,-0.3964548848119534,0,922.0,
2019-05-07,935.0,937.5,922.0,920.0,907.5,,933.5,934.5,5.567764362832837,922.0,939.0,1.8214285714286027,921.8666666666667,921.0,9.8321546147241,898.5,939.0,1.000222469410434,933.9225949679669,923.1128480315678,-1.5,0.01078167115902965,1,5,0,spring,0.8271643262255062,-0.561960120844802,0.7818314824680298,0.6234898018587336,-0.9749279121818809,-0.22252093395606332,0.43388373911709405,-0.9009688679026426,0.8260267324265229,-0.5636309407021243,-0.9311484484853261,-0.36464032536647684,0,935.5,
2019-05-08,934.5,935.0,935.5,928.0,908.5,,935.3571428571429,935.0,2.3042403975183863,932.0,939.0,0.33928571428569,922.7833333333333,922.5,9.727922248064711,898.5,939.0,0.9858731924360157,934.1919462259752,923.8797610617893,-2.5,0.014099783080260303,2,5,0,spring,0.8173751377053472,-0.5761057925946976,0.9749279121818236,-0.22252093395631434,-0.7818314824673244,0.6234898018596181,-0.9749279121823272,-0.22252093395410816,0.8162089709055217,-0.5777567964233301,-0.9431405604847145,-0.33239416837330144,0,934.5,
2019-05-09,936.0,934.5,934.5,924.5,908.0,,935.2142857142857,934.5,2.324814380718118,932.0,939.0,0.2678571428571831,923.65,923.75,9.568401660928142,898.5,939.0,0.9629588431590442,934.2689596694814,924.5649377674803,-0.5,-0.0010689470871191875,3,5,0,spring,0.8073440647983365,-0.5900809783706804,0.43388373911755823,-0.900968867902419,-1.6325583589826282e-12,1.0,-3.2651167179652565e-12,1.0,0.806149670099358,-0.5917116775919639,-0.9540163473693988,-0.2997545812026077,0,934.0,
2019-05-10,934.5,936.0,934.0,929.0,909.0,,935.4285714285714,935.0,2.317120544788189,932.0,939.0,0.2500000000000329,924.5833333333334,925.25,9.352376918356835,898.5,939.0,0.9347052280311207,934.7017197521111,925.3026837179655,1.5,0.0016051364365971107,4,5,0,spring,0.7970740759822359,-0.6038815425206047,-0.433883739117558,-0.9009688679024191,0.7818314824675568,0.6234898018593267,0.9749279121821612,-0.2225209339548352,0.7958518068392612,-0.6054914545645408,-0.9637629362818444,-0.2667601968986332,0,932.0,
2019-05-11,940.5,934.5,932.0,920.0,914.0,,935.5,935.0,2.2730302828379956,932.0,939.0,-0.0535714285713639,925.4333333333333,926.25,9.040839651781294,898.5,939.0,0.8912124582869657,934.6512898140834,925.8960589619677,-1.5,0.0005353319057815846,5,5,1,spring,0.7865682104367726,-0.6175034010677941,-0.9749279121818236,-0.2225209339563146,0.974927912181798,-0.22252093395642683,-0.4338837391177659,-0.9009688679023191,0.7853184285537248,-0.6190920495159893,-0.9723687909120031,-0.23345006845218366,0,,
2019-05-12,940.0,940.5,939.0,926.0,916.5,,936.7142857142857,936.0,2.3603873774151327,934.5,940.5,-0.01785714285710196,926.3166666666667,926.5,9.178764222034683,898.5,940.5,0.9095661846496027,936.1134673605625,926.8382487063569,6.0,0.009120171673819743,6,5,1,spring,0.7758295771442586,-0.6309425229196086,-0.7818314824680299,0.6234898018587334,0.4338837391183057,-0.9009688679020591,-0.7818314824690645,0.6234898018574361,0.7745526523668922,-0.632509437646121,-0.979823725151789,-0.1998636225771754,0,939.0,
2019-05-13,937.5,940.0,937.5,927.5,898.5,,936.8571428571429,936.0,2.544836041127725,934.5,940.5,0.6607142857143171,927.1,927.0,9.313875448066453,898.5,940.5,0.9301446051167748,937.0851005204219,927.6873939511081,-0.5,0.0010649627263045794,0,5,0,spring,0.7648613539695567,-0.6441949310603557,0.0,1.0,-0.4338837391175979,-0.9009688679023999,0.7818314824680849,0.6234898018586644,0.7635576641760112,-0.6457396483708225,-0.9861189151517283,-0.16604061304385284,0,937.5,
2019-05-14,937.5,937.5,935.0,922.0,917.5,,936.8571428571429,936.0,2.544836041127725,934.5,940.5,0.8214285714285887,928.4,927.75,7.779726083292467,916.0,940.5,0.7999999999999869,937.1888253903164,928.3204653091012,-2.5,0.0,1,5,0,spring,0.7536667867196597,-0.6572567037282032,0.7818314824680298,0.6234898018587336,-0.9749279121816231,-0.2225209339571927,0.43388373911918143,-0.9009688679016373,0.7523367177085262,-0.6587787664971917,-0.9912469097651375,-0.13202107362487722,0,935.0,
2019-05-15,929.0,937.5,934.5,935.5,920.0,,937.2142857142857,937.5,2.412763679157331,934.5,940.5,0.6249999999999981,929.0666666666667,928.5,7.669614625636295,916.0,940.5,0.7835372636262368,937.2666190427374,928.9126933536754,0.0,0.00267379679144385,2,5,0,spring,0.7422491881831635,-0.6701239755757398,0.9749279121818236,-0.22252093395631434,-0.7818314824691808,0.6234898018572903,-0.974927912181002,-0.2225209339599137,0.7408931335594249,-0.6716229333818912,-0.9952016393673644,-0.09784527071100761,0,934.5,
2019-05-16,935.5,929.0,936.0,934.5,918.0,,936.4285714285714,937.5,3.88832195414419,929.0,940.5,-0.6428571428571588,929.3666666666667,929.0,7.4763227792062175,916.0,940.5,0.7205784204671615,935.1999642820531,928.918326040535,-8.5,-0.005885500267522739,3,5,0,spring,0.7306119371499218,-0.682792938813839,0.43388373911755823,-0.900968867902419,-9.719985440855644e-13,1.0,-1.9439970881711288e-12,1.0,0.729230298208437,-0.6842683480732059,-0.997978423040037,-0.0635536556503318,0,936.0,
2019-05-17,934.0,935.5,934.5,934.0,919.0,,936.3571428571429,937.5,3.902075149996798,929.0,940.5,-0.8035714285713942,929.95,930.5,7.2377720900573905,916.0,940.5,0.6817575083425809,935.2749732115399,929.3429501669522,6.5,-0.0005341880341880342,4,5,0,spring,0.7187584774111638,-0.6952598443384931,-0.433883739117558,-0.9009688679024191,0.7818314824679686,0.6234898018588102,0.9749279121818673,-0.22252093395612318,0.7173516630179542,-0.6967112684357671,-0.9995739741114916,-0.029186816869248844,0,934.5,
2019-05-18,931.5,934.0,940.5,932.0,918.0,,936.2857142857143,937.5,3.9460649476992353,929.0,940.5,-1.321428571428547,930.45,933.0,6.968339732010593,916.0,940.5,0.6323692992213326,934.9562299086549,929.6434049948908,-1.5,-0.0005350454788657035,5,5,1,spring,0.7066923167403818,-0.7075210028402775,-0.9749279121818236,-0.2225209339563146,0.974927912181651,-0.22252093395707082,-0.43388373911895617,-0.9009688679017459,0.705260743211517,-0.7089480122581195,-0.9999864040469779,0.005214568169477483,1,940.5,
2019-05-19,931.5,931.5,940.0,939.0,916.0,,935.0,935.5,3.8078865529360946,929.0,940.0,-1.232142857142859,930.9,933.0,6.560592908447596,916.0,940.5,0.5532814238042147,934.0921724314912,929.7631853178012,-2.5,-0.009569377990430622,6,5,1,spring,0.6944170258552806,-0.7195727858961222,-0.7818314824680299,0.6234898018587334,0.4338837391193494,-0.9009688679015565,-0.781831482470509,0.6234898018556246,0.6929611168337964,-0.7209749583421449,-0.9992152246839451,0.03960978111291514,0,940.0,
2019-05-22,935.5,931.5,937.5,937.5,923.0,,933.7857142857143,934.0,3.264163277900335,929.0,937.5,-0.8928571428571026,931.4166666666666,933.0,5.926392362711899,920.0,940.5,0.45439377085648125,933.4441293236184,929.8752378779432,0.0,-0.009042553191489361,2,5,0,spring,0.6563730009362144,-0.7544365338727892,0.9749279121818236,-0.22252093395631434,-0.7818314824687689,0.6234898018578068,-0.974927912181296,-0.2225209339586257,0.6548466986711384,-0.7557617357603593,-0.9898161552892811,0.1423516024790225,0,929.0,
2019-05-23,927.5,935.5,937.5,935.0,926.5,,933.5,934.0,2.9580398915550528,929.0,937.5,-0.17857142857143782,931.8333333333334,934.0,5.751061870968415,920.0,940.5,0.42269187986649265,933.9580969927138,930.2381257567856,4.0,-0.0021333333333333334,3,5,0,spring,0.6432981178891005,-0.7656157858353895,0.43388373911755823,-0.900968867902419,-3.1143872918850073e-13,1.0,-6.228774583770015e-13,1.0,0.641749245433726,-0.7669145362980436,-0.9843336499628508,0.17631581197048649,0,935.5,
2019-05-24,935.0,927.5,929.0,934.5,926.5,,932.0714285714286,931.5,3.1148645158998116,927.5,935.5,-0.24999999999995615,931.8666666666667,934.0,5.721907888553087,920.0,940.5,0.35795328142379146,932.3435727445353,930.0614724821544,-8.0,-0.010666666666666666,4,5,0,spring,0.630032864761432,-0.7765684704650989,-0.433883739117558,-0.9009688679024191,0.7818314824683805,0.6234898018582937,0.9749279121815733,-0.22252093395741118,0.628461880470904,-0.7778403851658611,-0.9776860623350987,0.21007132958995017,0,934.0,
2019-05-25,936.0,935.0,935.5,936.0,920.0,,932.9285714285714,934.0,2.949979822373686,927.5,935.5,-0.37499999999997746,932.15,934.25,5.657082835430759,920.0,940.5,0.341156840934352,933.0076795584015,930.3800871607252,7.5,0.006458557588805167,5,5,1,spring,0.6165811671162346,-0.7872913465532199,-0.9749279121818236,-0.2225209339563146,0.9749279121819088,-0.22252093395594144,-0.4338837391168688,-0.9009688679027511,0.6149885358891275,-0.7885360490966455,-0.9698812606594863,0.24357820144989478,0,931.5,
2019-05-26,930.0,936.0,934.0,934.5,928.0,,933.0,934.0,3.027650354102604,927.5,936.0,0.32142857142859543,932.6833333333333,934.5,5.20855286893921,920.0,940.5,0.28220244716349024,933.7557596688011,930.7426621826139,1.0,0.0005344735435595938,6,5,1,spring,0.6029470056907332,-0.797781240897891,-0.7818314824680299,0.6234898018587334,0.4338837391187543,-0.900968867901843,-0.7818314824696854,0.6234898018566576,0.6013331988316042,-0.7989983629413457,-0.9609284828974689,0.2767967679659008,0,931.5,
2019-05-27,930.0,930.0,931.5,940.5,924.5,,932.4285714285714,931.5,3.181045051406607,927.5,936.0,0.1428571428571735,932.75,934.5,5.159106444954785,920.0,940.5,0.23259176863179187,932.8168197516009,930.694748493413,-6.0,-0.004282655246252677,0,5,0,spring,0.5891344152183375,-0.80803504924313,0.0,1.0,-0.43388373911714934,-0.900968867902616,0.781831482467464,0.6234898018594429,0.5874999102982118,-0.8092242306058273,-0.950838325784126,0.3096877107991861,0,,
2019-05-30,934.5,930.0,931.5,940.0,929.0,,932.2142857142857,931.5,3.3022358947829162,927.5,936.0,-0.24999999999995953,932.9333333333333,934.5,4.949283008565972,920.0,940.5,0.15795328142377632,932.1126148137007,930.6499260099671,0.0,-0.001610305958132045,3,5,0,spring,0.546667201613826,-0.83734996905697,0.43388373911755823,-0.900968867902419,-1.4698683178372936e-12,1.0,-2.939736635674587e-12,1.0,0.5449735284708487,-0.8384532504952397,-0.9138696527604862,0.4060077065320662,0,927.5,
2019-05-31,937.5,934.5,935.5,937.5,920.0,,932.6428571428571,934.5,3.387652649877397,927.5,936.0,-0.10714285714285389,933.1166666666667,934.5,4.900181793487334,920.0,940.5,0.14093437152388713,932.7094611102755,930.8983178802918,4.5,0.00322061191626409,4,5,0,spring,0.5321822800963331,-0.8466298014784668,-0.433883739117558,-0.9009688679024191,0.7818314824676582,0.6234898018591994,0.9749279121820889,-0.2225209339551524,0.5304698789877136,-0.8477037852261605,-0.8993626487326962,0.437203414973521,0,935.0,
2019-06-01,936.5,937.5,927.5,937.5,926.0,,932.9285714285714,934.5,3.735288603630489,927.5,937.5,0.8214285714286619,933.7,934.5,4.28831612319374,922.0,940.5,0.07875417130141507,933.9070958327065,931.3242328557569,3.0,0.002137894174238375,5,6,1,summer,0.5175398708127256,-0.8556590922319165,-0.9749279121818236,-0.2225209339563146,0.9749279121821665,-0.22252093395481204,-0.43388373911478134,-0.9009688679037563,0.5158092484862645,-0.856703460466943,-0.8837911362380723,0.4678816383520701,0,936.0,
2019-06-02,936.0,936.5,935.0,929.0,927.5,,934.2142857142857,935.0,3.039423504239907,930.0,937.5,0.428571428571456,934.05,934.75,4.060639494399623,922.0,940.5,0.04371523915459958,934.5553218745299,931.6581533166758,-1.0,0.009703504043126684,6,6,1,summer,0.5027443068654295,-0.8644351692951872,-0.7818314824680299,0.6234898018587334,0.43388373911815914,-0.9009688679021297,-0.7818314824688616,0.6234898018576904,0.5009959754611474,-0.8654496129594914,-0.8671735461142256,0.49800606514346685,0,930.0,
2019-06-03,936.5,936.0,936.0,935.5,922.0,,934.3571428571429,936.0,3.1052950170455453,930.0,937.5,0.732142857142861,934.3333333333334,935.0,3.8803957613106586,922.0,940.5,0.011123470522781466,934.9164914058974,931.9382724575355,-0.5,0.0010695187165775401,0,6,0,summer,0.4877999666796597,-0.8729554355792298,0.0,1.0,-0.4338837391177445,-0.9009688679023293,0.7818314824682878,0.6234898018584101,0.486034443578194,-0.8739396544702817,-0.849529547362765,0.5275410393112707,0,930.0,
2019-06-04,936.0,936.5,930.0,934.0,935.5,,934.4285714285714,936.0,3.1547394428719002,930.0,937.5,1.1964285714285596,934.8166666666667,935.25,3.1196908924439954,927.5,940.5,-0.05995550611792279,935.3123685544231,932.2325774602751,0.5,0.0005341880341880342,1,6,0,summer,0.47271127270772273,-0.8812173696966288,0.7818314824680298,0.6234898018587336,-0.9749279121820641,-0.2225209339552607,0.43388373911561057,-0.9009688679033571,0.4709290803772694,-0.8821710725562357,-0.830880023868675,0.5564516025100387,0,,
2019-06-05,936.5,936.0,930.0,931.5,934.5,,935.2857142857143,936.0,2.497617912757255,930.0,937.5,0.7321428571428846,934.8333333333334,935.25,3.1247988441053547,927.5,940.5,-0.047608453837626054,935.4842764158172,932.4756369789671,-0.5,0.0064516129032258064,2,6,0,summer,0.4574826901202872,-0.8892185267077521,0.9749279121818236,-0.22252093395631434,-0.7818314824690793,0.6234898018574175,-0.9749279121810744,-0.2225209339595965,0.4556843559618376,-0.8901414313083316,-0.8112470496813708,0.5847035354632906,1,,
2019-06-06,935.0,936.5,934.5,931.5,934.0,,936.2142857142857,936.5,0.9063269671918163,934.5,937.5,0.10714285714290318,934.9,935.5,3.1387456312930615,927.5,940.5,-0.03915461624028279,935.7382073118629,932.7352733029047,0.5,0.006989247311827957,3,6,0,summer,0.4421187254850124,-0.8969565388442788,0.43388373911755823,-0.900968867902419,-8.093085029402298e-13,1.0,-1.6186170058804596e-12,1.0,0.4403047816764312,-0.897848372072295,-0.790653862887662,0.6122633984657404,0,934.5,
2019-06-07,930.0,935.0,937.5,935.5,932.0,,936.2857142857143,936.5,0.7559289460386459,935.0,937.5,-0.26785714285713713,934.9333333333333,935.5,3.134164722183151,927.5,940.5,-0.04471635150167906,935.5536554838972,932.8813847027175,-1.5,0.0005350454788657035,4,6,0,summer,0.42662392543293065,-0.904429116209887,-0.433883739117558,-0.9009688679024191,0.7818314824680701,0.623489801858683,0.9749279121817949,-0.2225209339564404,0.42479490877146947,-0.9052896141466767,-0.7691248381063928,0.6390985709636778,0,937.5,
2019-06-08,935.0,930.0,936.5,927.5,939.0,,935.2142857142857,936.0,2.360387377414821,930.0,936.5,-0.7678571428571133,934.8666666666667,935.5,3.2188382283457635,927.5,940.5,-0.09677419354841153,934.1652416129228,932.6954889154455,-5.0,-0.008,5,6,1,summer,0.4110028753129673,-0.9116340474579004,-0.9749279121818236,-0.2225209339563146,0.9749279121820196,-0.22252093395545605,-0.4338837391159716,-0.9009688679031831,0.40915932705625885,-0.9124629554578473,-0.7466854576377958,0.6651772901657388,0,936.5,
2019-06-09,936.5,935.0,936.0,935.0,937.5,,935.0,936.0,2.2912878474846163,930.0,936.5,-0.6071428571428598,934.7333333333333,935.25,3.1231431264890617,927.5,940.5,-0.06740823136821282,934.3739312096922,932.8441670499329,5.0,-0.001601708489054992,6,6,1,summer,0.3952601978350095,-0.9185692004456872,-0.7818314824680299,0.6234898018587334,0.43388373911756395,-0.9009688679024163,-0.7818314824680379,0.6234898018587234,0.39340266354104664,-0.9193662732115041,-0.7233622813024226,0.6904686886376201,0,936.0,
2019-06-10,937.0,936.5,936.5,936.0,935.0,,935.0714285714286,936.0,2.335033394281894,930.0,936.5,-0.3035714285713851,934.7,935.25,3.097830163867611,927.5,940.5,-0.03692992213572484,934.9054484072691,933.0800272402598,1.5,0.0005341880341880342,0,6,0,summer,0.37940055170191456,-0.9252325228656215,0.0,1.0,-0.4338837391167008,-0.900968867902832,0.7818314824668432,0.6234898018602214,0.37752958106755313,-0.9259975245209664,-0.6991829150039834,0.7149428308379157,0,936.5,
2019-06-11,937.0,937.0,936.0,930.0,934.5,,935.1428571428571,936.0,2.392945982721117,930.0,937.0,0.10714285714286913,934.7666666666667,935.5,3.1259021686300783,927.5,940.5,-0.02002224694106415,935.4290863054518,933.3329287086302,0.5,0.0005339028296849973,1,6,0,summer,0.36342863023086686,-0.9316220428524198,0.7818314824680298,0.6234898018587336,-0.9749279121814016,-0.22252093395816347,0.4338837391209757,-0.9009688679007734,0.3615447769292091,-0.9323547470116771,-0.674175978054452,0.7385707485504168,0,936.0,
2019-06-12,931.0,937.0,936.5,930.0,936.0,,935.2857142857143,936.5,2.4808792604221073,930.0,937.0,0.4285714285714186,934.85,935.75,3.151764694529932,927.5,940.5,-0.007452725250294215,935.8218147290888,933.5695139532348,0.0,0.0010683760683760685,2,6,0,summer,0.34734915996449583,-0.9377358695666702,0.9749279121818236,-0.22252093395631434,-0.7818314824686674,0.623489801857934,-0.9749279121813684,-0.2225209339583085,0.3454529814808826,-0.9384360594020079,-0.6483710692991886,0.761324475171938,0,936.5,
2019-06-13,934.0,931.0,935.0,934.5,934.5,,934.5,935.0,2.872281323274355,930.0,937.0,0.14285714285717815,934.6833333333333,935.5,3.2203109009660276,927.5,940.5,-0.024360400444960552,934.6163610468166,933.4037388594777,-6.0,-0.0058729311265349705,3,6,0,summer,0.331166899272155,-0.943572193754387,0.43388373911755823,-0.900968867902419,-1.4874868804316612e-13,1.0,-2.9749737608633224e-13,1.0,0.32925895673935,-0.944239662059858,-0.6217987320834906,0.7831770788138297,0,935.0,
2019-06-14,927.0,934.0,930.0,937.5,940.5,,934.3571428571429,935.0,2.868133622448777,930.0,937.0,0.16071428571430632,934.6666666666666,935.5,3.2225855258308367,927.5,940.5,-0.030033370411577092,934.4622707851124,933.4422073201566,3.0,-0.0010695187165775401,4,6,0,summer,0.3148866369417895,-0.9491292882824182,-0.433883739117558,-0.9009688679024191,0.781831482468482,0.6234898018581666,0.9749279121815009,-0.2225209339577284,0.3129674949739241,-0.9497638375352827,-0.5944904181004769,0.8041026941794935,0,930.0,
2019-06-15,935.5,927.0,935.0,936.5,940.0,,933.9285714285714,935.0,3.7241170254273954,927.0,937.0,-1.249999999999956,934.2166666666667,935.25,3.320997288245727,927.0,940.0,-0.03926585094550949,932.5967030888344,933.0265810414369,-7.0,-0.0032258064516129032,5,6,1,summer,0.2985131907627956,-0.9544055086495544,-0.9749279121818236,-0.2225209339563146,0.9749279121822773,-0.22252093395432665,-0.4338837391138842,-0.9009688679041884,0.29658341728812304,-0.9550069510687862,-0.5664784501637838,0.8240765531793982,0,935.0,
2019-06-16,921.5,935.5,936.5,936.0,937.5,,934.0,935.5,3.7527767497366433,927.0,937.0,-0.9285714285713637,934.0666666666667,935.25,3.147887450708566,927.0,937.5,0.008898776418225436,933.3225273166258,933.1861564581185,8.5,0.0005347593582887701,6,6,1,summer,0.28205140610030166,-0.959399293473183,-0.7818314824680299,0.6234898018587334,0.43388373911860767,-0.9009688679019137,-0.7818314824694824,0.6234898018569119,0.28011157219329275,-0.9599674510749839,-0.5377959839500032,0.8430750142468035,0,936.5,
2019-06-17,933.0,921.5,937.0,936.5,937.5,,931.8571428571429,934.0,5.807425460238012,921.5,937.0,-1.9107142857142936,933.5333333333333,935.0,3.8280573387209063,921.5,937.5,-0.048498331479442235,930.3668954874694,932.4322108801755,-14.0,-0.01601708489054992,0,6,0,summer,0.2655061544612901,-0.9641091649513439,0.0,1.0,-0.43388373911729594,-0.9009688679025454,0.781831482467667,0.6234898018591886,0.2635568341735804,-0.9646438696018339,-0.5084769687544229,0.8610755903207997,0,937.0,
2019-06-18,921.0,933.0,937.0,936.0,929.0,,931.2857142857143,933.0,5.399514969401603,921.5,937.0,-1.0535714285714668,933.3833333333333,935.0,3.7547288192060226,921.5,937.5,-0.02458286985541819,931.0251716156021,932.4688424362934,11.5,-0.004268943436499467,1,6,0,summer,0.24888233205297766,-0.9685337293000545,0.7818314824680298,0.6234898018587336,-0.9749279121815485,-0.22252093395751946,0.4338837391197854,-0.9009688679013466,0.24692410224354588,-0.9690348227650124,-0.47855610730796855,0.8780569754624378,0,937.0,
2019-06-19,933.0,921.0,931.0,936.5,935.5,,929.0,931.0,5.937171043521457,921.0,935.5,-1.3392857142856889,933.1166666666667,935.0,4.318531306324768,921.0,937.5,-0.13470522803117002,928.5188787117015,931.7289171178228,-12.0,-0.017075773745997867,2,6,0,summer,0.23218485833388977,-0.9726716771657699,0.9749279121818236,-0.22252093395631434,-0.7818314824682556,0.6234898018584504,-0.9749279121816624,-0.2225209339570205,0.23021829849818462,-0.973139011157502,-0.448068814701772,0.8939990700732016,0,931.0,
2019-06-20,918.0,933.0,934.0,935.0,934.0,,929.2857142857143,933.0,6.095470605686791,921.0,935.5,-0.6249999999999606,933.0333333333333,934.75,4.295011808692789,921.0,937.5,-0.11902113459401625,929.6391590337762,931.8109224650601,12.0,0.0021482277121374865,3,6,0,summer,0.21541867455805647,-0.9765217840128556,0.43388373911755823,-0.900968867902419,5.118111268538976e-13,1.0,1.0236222537077952e-12,1.0,0.21344436665667063,-0.9769552202340355,-0.41705117646956374,0.9088830046850656,0,934.0,
2019-06-21,928.0,918.0,927.0,930.0,931.5,,927.0,927.0,6.9701745554442205,918.0,935.5,-1.1607142857142732,932.5,934.75,5.09055921323746,918.0,937.5,-0.20934371523917636,926.7293692753321,930.9198952092498,-15.0,-0.017130620985010708,4,6,0,summer,0.19858874231275225,-0.9800829104859646,-0.433883739117558,-0.9009688679024191,0.7818314824677597,0.6234898018590722,0.9749279121820165,-0.22252093395546962,0.19660727059920652,-0.9804823206705618,-0.38553990587563025,0.9226911622950608,0,927.0,
2019-06-22,937.0,928.0,935.5,935.0,931.5,,927.1428571428571,928.0,6.980414778236264,918.0,935.5,-1.0535714285714635,932.3833333333333,934.75,5.1539796029044265,918.0,937.5,-0.2452725250278395,927.0470269564992,930.7315148731692,10.0,0.0010787486515641855,5,6,1,summer,0.18170004205022589,-0.983354002747203,-0.9749279121818236,-0.2225209339563146,0.9749279121821303,-0.22252093395497066,-0.4338837391150745,-0.9009688679036152,0.1797119928979032,-0.9837192686984758,-0.35357230045974203,0.935407199217328,0,935.5,
2019-06-23,937.0,937.0,921.5,936.5,935.5,,927.3571428571429,928.0,7.295628175573329,918.0,937.0,1.1964285714285732,932.5666666666667,935.0,5.218887008666118,918.0,937.5,-0.22157953281424903,929.5352702173743,931.1359332684488,9.0,0.0016034206306787815,6,6,1,summer,0.16475757161384025,-0.9863340927879916,-0.7818314824680299,0.6234898018587334,0.43388373911801253,-0.9009688679022003,-0.7818314824686587,0.6234898018579449,0.16276353334262994,-0.9866651064134287,-0.32118619789146324,0.9470160644276452,0,921.5,
2019-06-24,937.0,937.0,933.0,937.0,927.5,,929.5714285714286,933.0,7.568732673687455,918.0,937.0,1.3928571428571868,932.6166666666667,935.0,5.255019494263184,918.0,937.5,-0.1727474972191492,931.4014526630308,931.5142601543554,0.0,0.016820401519262073,0,6,0,summer,0.14776634475907305,-0.9890222987155258,0.0,1.0,-0.4338837391178911,-0.9009688679022588,0.7818314824684907,0.6234898018581556,0.1457669074612129,-0.989318962058847,-0.2884199311841103,0.9575040173783884,0,933.0,
2019-06-25,937.0,937.0,921.0,937.0,935.0,,930.1428571428571,933.0,8.008923594521743,918.0,937.0,2.678571428571463,932.9333333333333,935.0,5.22218961431362,918.0,937.5,-0.17975528364852367,932.8010894972731,931.8681788540745,0.0,0.004287245444801715,1,6,0,summer,0.13073138966980175,-0.991417825013754,0.7818314824680298,0.6234898018587336,-0.9749279121816955,-0.22252093395687547,0.4338837391185951,-0.9009688679019198,0.1287271450353109,-0.9916800502838897,-0.25531228332303735,0.9668586442621161,0,921.0,
2019-06-26,936.0,937.0,933.0,931.0,936.0,,932.4285714285714,937.0,7.207800007797913,918.0,937.0,2.1071428571428634,933.0,935.25,5.2620960816430165,918.0,937.5,-0.13926585094551702,933.8508171229548,932.1992640892955,0.0,0.01737242128121607,2,6,0,summer,0.11365774747032338,-0.993519962778792,0.9749279121818236,-0.22252093395631434,-0.7818314824689778,0.6234898018575448,-0.9749279121811469,-0.22252093395927927,0.11164928861173544,-0.9937476723758871,-0.22190244136067144,0.9750688727049868,0,933.0,
2019-06-27,936.5,936.0,918.0,934.0,930.0,,932.8571428571429,937.0,7.335497516157615,918.0,937.0,2.5714285714285934,933.0,935.25,5.2620960816430165,918.0,937.5,-0.09922135706342622,934.3881128422161,932.4444728577281,-1.0,0.003215434083601286,3,6,0,summer,0.09655047073354384,-0.9953280899287085,0.43388373911755823,-0.900968867902419,-6.466184617948952e-13,1.0,-1.2932369235897904e-12,1.0,0.09453839201055661,-0.9955212164670617,-0.18822995003437853,0.9821249848721166,0,918.0,
2019-06-28,935.5,936.5,928.0,927.0,930.0,,935.5,937.0,3.3291640592443783,928.0,937.0,0.8392857142856863,933.2166666666667,935.75,5.26812688909155,918.0,937.5,-0.0973303670745358,934.916084631662,932.7061197701328,0.5,0.020152505446623094,4,6,0,summer,0.07941462198577987,-0.9968416713876159,-0.433883739117558,-0.9009688679024191,0.7818314824670374,0.6234898018599779,0.9749279121825319,-0.22252093395321088,0.07739951882936662,-0.9970001577156257,-0.15433466495998413,0.9880186289699651,0,928.0,
2019-06-29,934.5,935.5,937.0,935.5,934.5,,936.5714285714286,937.0,0.6074928963198262,935.5,937.0,-0.23214285714287197,933.4,935.75,5.247988120258485,918.0,937.5,-0.10478309232483786,935.0620634737465,932.8863701075436,-1.0,0.008081896551724138,5,6,1,summer,0.06225527220861048,-0.9980602592440156,-0.9749279121818236,-0.2225209339563146,0.9749279121819833,-0.22252093395561465,-0.43388373911626477,-0.900968867903042,0.060237740944647816,-0.9981840584611064,-0.12025670545731465,0.992742829131771,0,937.0,
2019-06-30,935.0,934.5,937.0,921.5,937.5,,936.2142857142857,936.5,0.9511897312278287,934.5,937.0,-0.39285714285712725,933.4,935.75,5.247988120258485,918.0,937.5,-0.09010011123473029,934.9215476053099,932.9904752618957,-1.0,-0.0026680896478121665,6,6,1,summer,0.045077499338235225,-0.9989834928833466,-0.7818314824680299,0.6234898018587334,0.4338837391174174,-0.9009688679024869,-0.7818314824678351,0.6234898018589777,0.04305813701120104,-0.9990725683538332,-0.08603640706462373,0.9962919936742493,0,937.0,
2019-07-01,924.5,935.0,937.0,933.0,936.5,,935.9285714285714,936.0,0.9759000729645787,934.5,937.0,-0.410714285714241,933.3166666666667,935.5,5.200270771025611,918.0,937.0,-0.051501668520600924,934.9411607039824,933.1201220191928,0.5,-0.0021344717182497333,0,7,0,summer,0.027886386762765406,-0.9996110990947017,0.0,1.0,-0.4338837391184862,-0.9009688679019722,0.7818314824693143,0.6234898018571228,0.025865790959001798,-0.9996654244586362,-0.051714273795977775,0.9986619217161304,0,937.0,
2019-07-02,921.0,924.5,937.0,921.0,936.0,,934.1428571428571,935.5,4.336994790123067,924.5,937.0,-1.4821428571427941,932.9166666666666,935.25,5.404473455699658,918.0,937.0,-0.08642936596219472,932.3308705279868,932.5639851147288,-10.5,-0.013340448239060833,1,7,0,summer,0.010687021817909606,-0.9999428921516786,0.7818314824680298,0.6234898018587336,-0.9749279121814378,-0.22252093395800485,0.43388373912068257,-0.9009688679009145,0.008665790488835211,-0.9999624513326506,-0.017330930199901652,0.9998498081504072,0,937.0,
2019-07-03,916.5,921.0,936.0,933.0,936.5,,931.8571428571429,935.0,6.335839103298581,921.0,936.5,-2.4821428571428106,932.4166666666666,935.0,5.789531773895701,918.0,937.0,-0.14204671857623177,929.4981528959901,931.8179215589398,-3.5,-0.017075773745997867,2,7,0,summer,-0.006515505718515781,-0.9999787738673417,0.9749279121818236,-0.22252093395631434,-0.781831482468566,0.6234898018580611,-0.9749279121814409,-0.22252093395799127,-0.008536774433525645,-0.999963561077238,0.01707292672532285,0.9998542469645422,0,936.0,
2019-07-04,936.5,916.5,936.5,918.0,936.0,,929.0714285714286,934.5,8.218011577367344,916.5,936.5,-3.5357142857142994,931.75,935.0,6.420266940418802,916.5,937.0,-0.21657397107900467,926.2486146719925,930.8296685551373,-4.5,-0.020833333333333332,3,7,0,summer,-0.0237161051327942,-0.9997187336232778,0.43388373911755823,-0.900968867902419,1.3941353102168518e-14,1.0,2.7882706204337036e-14,1.0,-0.02573681308324338,-0.9996687533639922,0.05145657570097599,0.9986752329046363,0,936.5,
2019-07-05,930.0,936.5,935.5,928.0,936.5,,929.0714285714286,934.5,8.218011577367344,916.5,936.5,-1.6785714285714095,931.7666666666667,935.0,6.432317828256458,916.5,937.0,-0.15661846496108883,928.8114610039944,931.1954963902898,20.0,0.0,4,7,0,summer,-0.04090968628179356,-0.999162848372739,-0.433883739117558,-0.9009688679024191,0.7818314824674493,0.6234898018594615,0.974927912182238,-0.22252093395449887,-0.04292923548307607,-0.9990781154348436,0.08577931936698051,0.9963141614816772,0,935.5,
2019-07-06,939.0,930.0,934.5,937.0,935.0,,928.2857142857143,930.0,7.750576015462189,916.5,936.5,-0.6607142857142481,931.55,934.75,6.376614062069246,916.5,937.0,-0.13537263626253662,929.1085957529958,931.1183675909164,-6.5,-0.005879208979155532,5,7,1,summer,-0.05809116109928645,-0.99831128261787,-0.9749279121818236,-0.2225209339563146,0.9749279121818364,-0.22252093395625866,-0.4338837391174551,-0.9009688679024688,-0.060108953909815604,-0.9981918220762318,0.12000053245267014,0.9927738273197353,0,934.5,
2019-07-07,940.0,939.0,935.0,937.0,930.0,,928.9285714285714,930.0,8.50210058078259,916.5,939.0,1.3750000000000246,931.6833333333333,934.75,6.492015431885827,916.5,939.0,-0.06351501668522959,931.5814468147469,931.6268600044057,9.0,0.004815409309791332,6,7,1,summer,-0.07525544510164994,-0.9971642883610266,-0.7818314824680299,0.6234898018587334,0.4338837391184611,-0.9009688679019843,-0.7818314824692796,0.6234898018571664,-0.07727088439954787,-0.9970101355673932,0.15407970986121117,0.9880584208482234,0,935.0,
2019-07-08,939.0,940.0,924.5,937.0,935.0,,929.6428571428571,930.0,9.27233468314319,916.5,940.0,3.428571428571396,932.0166666666667,935.0,6.657227513082862,916.5,940.0,-0.021468298109033807,933.6860851110602,932.1670625847667,1.0,0.0053475935828877,0,7,0,summer,-0.09239745889250749,-0.9957222050302019,0.0,1.0,-0.43388373911744255,-0.9009688679024748,0.7818314824678698,0.6234898018589342,-0.09440994825236847,-0.9955334056027377,0.18797651461291726,0.9821735233419702,0,924.5,
2019-07-09,939.0,939.0,921.0,937.0,936.5,,931.7142857142857,936.5,9.54750029613995,916.5,940.0,3.6964285714285605,932.15,935.25,6.758328195643356,916.5,940.0,0.0441601779755126,935.0145638332951,932.6078972567173,-1.0,0.01568415359653867,1,7,0,summer,-0.10951212966586969,-0.9939854593785795,0.7818314824680298,0.6234898018587336,-0.9749279121815848,-0.22252093395736086,0.43388373911949224,-0.9009688679014877,-0.11152107353520019,-0.993762069188373,0.22165082558889848,0.9751261003151129,0,921.0,
2019-07-10,934.5,939.0,916.5,936.0,937.0,,934.2857142857143,939.0,8.553055705699192,916.5,940.0,2.9464285714286294,932.2333333333333,935.25,6.828860324634072,916.5,940.0,0.11835372636259454,936.0109228749714,933.0202909820904,0.0,0.019543973941368076,2,7,0,summer,-0.12659439270731607,-0.9919545653582456,0.9749279121818236,-0.22252093395631434,-0.7818314824681541,0.6234898018585776,-0.9749279121817348,-0.22252093395670328,-0.12859919658294722,-0.9916966505127566,0.2550627850198806,0.966924493276441,0,916.5,
2019-07-11,939.5,934.5,936.5,936.5,937.0,,936.8571428571429,939.0,3.5673786561315843,930.0,940.0,0.42857142857148767,932.15,934.75,6.783791534697604,916.5,940.0,0.16585094549497278,935.6331921562285,933.1157560800201,-4.5,0.019639934533551555,3,7,0,summer,-0.14363919289279092,-0.9896301239680952,0.43388373911755823,-0.900968867902419,6.745011679992322e-13,1.0,1.3490023359984644e-12,1.0,-0.1456392634966375,-0.9893377607916101,0.28817284566220525,0.9575784098563139,0,936.5,
2019-07-12,936.5,939.5,930.0,935.5,931.0,,937.2857142857143,939.0,3.695235027003671,930.0,940.0,0.6607142857143126,932.2333333333333,934.75,6.8603474996620974,916.5,940.0,0.2467185761957511,936.5998941171713,933.527642784535,5.0,0.003203416978109984,4,7,0,summer,-0.16064148618455396,-0.987012823075981,-0.433883739117558,-0.9009688679024191,0.781831482466727,0.6234898018603672,0.9749279121827535,-0.2225209339522401,-0.16263623163918428,-0.9866860980870287,0.3209418176072898,0.9470989123164112,0,930.0,
2019-07-13,936.0,936.5,939.0,934.5,934.0,,938.2142857142857,939.0,1.9760470401271402,934.5,940.0,-0.4642857142856824,932.4166666666666,935.25,6.899629342037111,916.5,940.0,0.26573971078974046,936.5749205878785,933.7194077661779,-3.0,0.006989247311827957,5,7,1,summer,-0.17759624112385647,-0.9841034372151523,-0.9749279121818236,-0.2225209339563146,0.9749279121820941,-0.22252093395512926,-0.43388373911536765,-0.900968867903474,-0.17958507112781275,-0.9837424471008753,0.3533309146681185,0.9354984044560368,0,939.0,
2019-07-14,935.5,936.0,940.0,935.0,927.0,,937.7857142857143,939.0,2.098752463916377,934.5,940.0,-0.5892857142856843,932.4833333333333,935.5,6.925071060677323,916.5,940.0,0.29977753058951373,936.431190440909,933.8665427490052,-0.5,-0.003194888178913738,6,7,1,summer,-0.19449844031989072,-0.9809028273550494,-0.7818314824680299,0.6234898018587334,0.433883739117866,-0.9009688679022709,-0.7818314824684559,0.6234898018581992,-0.19648076632220743,-0.980507678942617,0.38530180028690864,0.9227906169308763,0,940.0,
2019-07-15,937.0,935.5,939.0,924.5,935.5,,937.1428571428571,936.5,1.994038734885412,934.5,939.5,-0.517857142857116,932.7666666666667,935.5,6.866627608416819,916.5,940.0,0.28142380422690266,936.1983928306818,933.9719270877791,-0.5,-0.0047872340425531915,0,7,0,summer,-0.21134308193457638,-0.9774119406465193,0.0,1.0,-0.4338837391163988,-0.9009688679029774,0.7818314824664253,0.6234898018607455,-0.2133183173089511,-0.9769827508715175,0.41681663291156457,0.9089905910009554,0,939.0,
2019-07-16,923.5,937.0,939.0,921.0,921.5,,936.8571428571429,936.5,1.819209666189317,934.5,939.5,-0.26785714285710727,932.8166666666667,935.75,6.892628913075314,916.5,940.0,0.3275862068965276,936.3987946230113,934.1672866305032,1.5,-0.002129925452609159,1,7,0,summer,-0.22812518116274869,-0.9736318101415252,0.7818314824680298,0.6234898018587336,-0.9749279121817318,-0.22252093395671685,0.43388373911830197,-0.9009688679020609,-0.2300927413813064,-0.9731687060133177,0.44783811078620583,0.8941146607272705,0,939.0,
2019-07-17,936.0,923.5,934.5,916.5,933.0,,934.6428571428571,936.0,5.153593291050017,923.5,939.5,-1.3928571428571312,932.8833333333333,935.75,6.788280130229253,916.5,940.0,0.18943270300330975,933.1740959672585,933.4790745898257,-13.5,-0.01650692225772098,2,7,0,summer,-0.24483977170729954,-0.9695635544874391,0.9749279121818236,-0.22252093395631434,-0.7818314824677423,0.6234898018590941,-0.9749279121820288,-0.22252093395541528,-0.24679907451340574,-0.9690666730516154,0.47832951610184765,0.8781804336386528,0,934.5,
2019-07-18,938.5,936.0,939.5,936.5,921.0,,934.8571428571429,936.0,5.1777914026692695,923.5,939.5,-1.2678571428571037,932.9833333333333,936.0,6.812113112500395,916.5,940.0,0.21034482758618095,933.8805719754439,933.6417149388692,12.5,0.0016051364365971107,3,7,0,summer,-0.26148190724884907,-0.965208377596001,0.43388373911755823,-0.900968867902419,-4.839284206495605e-13,1.0,-9.67856841299121e-13,1.0,-0.26343237282946946,-0.9646778658938099,0.5082547584569501,0.8612067698908707,0,939.5,
2019-07-19,934.5,938.5,936.5,930.0,933.0,,934.7142857142857,936.0,5.040313671270256,923.5,938.5,-0.21428571428567633,933.5666666666667,936.0,6.492347396179022,916.5,940.0,0.16329254727473375,935.035428981583,933.9551526847487,2.5,-0.0010643959552953698,4,7,0,summer,-0.2780466629094963,-0.9605675682870481,-0.433883739117558,-0.9009688679024191,0.7818314824671388,0.6234898018598507,0.9749279121824596,-0.2225209339535281,-0.27998771406672796,-0.9600035833119,0.537578417574733,0.8432137599433763,0,936.5,
2019-07-20,937.0,934.5,936.0,939.0,918.0,,934.4285714285714,936.0,4.978525312353669,923.5,938.5,0.017857142857133336,933.6166666666667,936.0,6.493608705721139,916.5,940.0,0.16540600667406896,934.9015717361872,933.9903041244423,-4.0,-0.002135611318739989,5,7,1,summer,-0.2945291367102338,-0.9556424999071171,-0.9749279121818236,-0.2225209339563146,0.9749279121819471,-0.22252093395577327,-0.433883739116558,-0.9009688679029008,-0.2964601990322768,-0.9550452085580781,0.5662657852279004,0.8242227007794856,0,936.0,
2019-07-21,937.5,937.0,935.5,940.0,928.0,,934.5714285714286,936.0,5.045035277618266,923.5,938.5,0.5178571428571365,934.25,936.25,5.808361986442177,916.5,940.0,0.07953281423801603,935.4261788021404,934.1844780518977,2.5,0.0010683760683760685,6,7,1,summer,-0.3109244510215808,-0.9504346299230308,-0.7818314824680299,0.6234898018587334,0.4338837391172708,-0.9009688679025575,-0.7818314824676321,0.6234898018592322,-0.3128449530525582,-0.9498042089554787,0.5942829063195979,0.8042560706990853,0,935.5,
2019-07-22,921.5,937.5,937.0,939.0,937.0,,934.8571428571429,937.0,5.1616719329001315,923.5,938.5,0.9642857142857159,934.5666666666667,936.5,5.7140681403596485,916.5,940.0,0.057397107897648826,935.9446341016053,934.3983826937108,0.5,0.002137894174238375,0,7,0,summer,-0.3272277540070095,-0.9449454994905939,0.0,1.0,-0.43388373911699396,-0.9009688679026908,0.781831482467249,0.6234898018597127,-0.3291371274160797,-0.9442821354639149,0.6215966190738288,0.7833375027125826,0,937.0,
2019-07-23,919.5,921.5,923.5,939.0,937.0,,932.6428571428571,936.0,7.0634876047805815,921.5,938.5,-0.16071428571421978,934.05,936.25,6.169097066890647,916.5,940.0,-0.010122358175768289,932.3334755762039,933.566228971536,-16.0,-0.016542155816435433,1,7,0,summer,-0.343434221058743,-0.9391767329985206,0.7818314824680298,0.6234898018587336,-0.974927912181474,-0.22252093395784625,0.4338837391203894,-0.9009688679010557,-0.34533190080844517,-0.9384806222208459,0.6481745942868341,0.7614917565680523,0,923.5,
2019-07-24,938.0,919.5,936.0,934.5,937.0,,932.0714285714286,936.0,8.023032320705145,919.5,938.5,-2.8749999999999956,933.4666666666667,936.0,6.6862356469440645,916.5,940.0,-0.08364849833150544,929.1251066821529,932.6587303282112,-2.0,-0.004331348132106118,2,7,0,summer,-0.3595390562254921,-0.9331300375877322,0.9749279121818236,-0.22252093395631434,-0.7818314824684646,0.6234898018581884,-0.9749279121815133,-0.22252093395767403,-0.361424480738795,-0.9324013860578997,0.6739853735922182,0.7387446894453847,0,936.0,
2019-07-25,934.0,938.0,938.5,939.5,937.0,,932.3571428571429,937.0,8.219460068006637,919.5,938.5,-1.678571428571415,933.5,936.0,6.706918712845595,916.5,940.0,-0.030033370411583424,931.3438300116147,933.0033283715525,18.5,0.002136752136752137,3,7,0,summer,-0.3755374936317112,-0.9268072026461666,0.43388373911755823,-0.900968867902419,-1.6423580092983534e-12,1.0,-3.2847160185967067e-12,1.0,-0.37741010495820243,-0.9260462259927625,0.6989984066961515,0.7151232253508772,0,938.5,
2019-07-26,906.5,934.0,934.5,936.5,936.0,,931.7142857142857,934.5,7.8254773169517895,919.5,938.0,-0.6250000000000157,933.4,936.0,6.6752243924593175,916.5,940.0,-0.0026696329254958374,932.007872508711,933.0676297669362,-4.0,-0.004794885455514118,4,7,0,summer,-0.3914247988879585,-0.9202100992792468,-0.433883739117558,-0.9009688679024191,0.7818314824675507,0.6234898018593343,0.9749279121821656,-0.2225209339548161,-0.3932840428691142,-0.919417022696733,0.7231840875377106,0.6906553232490494,0,934.5,
2019-07-27,927.0,906.5,937.0,936.0,936.5,,927.7142857142857,934.0,12.13417056242934,906.5,938.0,-2.9285714285713453,932.4166666666666,935.75,8.263007857348475,906.5,940.0,-0.158286985539513,925.6309043815332,931.3535891368114,-27.5,-0.0299625468164794,5,7,1,summer,-0.4071962704919323,-0.9133406797561692,-0.9749279121818236,-0.2225209339563146,0.9749279121818001,-0.22252093395641726,-0.43388373911774825,-0.9009688679023276,-0.4090415969249515,-0.9125157379383029,0.746513789330868,0.665369943970171,0,937.0,
2019-07-28,937.5,927.0,937.5,935.5,935.5,,926.2857142857143,927.0,11.426785574756357,906.5,938.0,-1.6785714285714504,932.1,935.5,8.283136171017224,906.5,940.0,-0.1650723025584205,925.97317828615,931.0727124183074,20.5,-0.010672358591248666,6,7,1,summer,-0.42284724121978184,-0.9062009769321702,-0.7818314824680299,0.6234898018587334,0.43388373911667566,-0.9009688679028441,-0.7818314824668084,0.623489801860265,-0.4246781040204579,-0.9053444140025326,0.7689598984482161,0.6392970159311783,0,937.5,
2019-07-29,937.0,937.5,921.5,937.0,934.5,,926.2857142857143,927.0,11.426785574756357,906.5,938.0,1.125000000000012,932.1666666666666,935.75,8.319413661922855,906.5,940.0,-0.10678531701892943,928.8548837146125,931.4873761332555,10.5,0.0,0,7,0,summer,-0.4383730795072664,-0.8987931036469494,0.0,1.0,-0.43388373911595024,-0.9009688679031934,0.7818314824658045,0.623489801861524,-0.44018893687154,-0.897905173086726,0.790495847105004,0.6124673997118067,0,921.5,
2019-07-31,937.5,937.0,919.5,923.5,935.0,,928.5,934.0,11.839200423453372,906.5,938.0,1.5892857142857308,932.25,936.0,8.356032303796868,906.5,940.0,-0.05951056729702057,930.8911627859593,931.8430292859488,-0.5,0.016820401519262073,2,7,0,summer,-0.46903101901494954,-0.8831816931989691,0.9749279121818236,-0.22252093395631434,-0.7818314824680527,0.6234898018587048,-0.9749279121818073,-0.22252093395638606,-0.4708152580156467,-0.8822318248735193,0.8307364085148816,0.55666598563932,0,938.0,
2019-08-01,938.0,937.5,938.0,936.0,924.5,,931.0714285714286,937.0,11.508795808094494,906.5,938.0,1.2678571428571561,932.3333333333334,936.25,8.396770041299494,906.5,940.0,-0.006674082313718598,932.5433720894695,932.2079951384683,0.5,0.01957585644371941,3,8,0,summer,-0.4841540476850335,-0.8749827758934449,0.43388373911755823,-0.900968867902419,-9.817981944012897e-13,1.0,-1.9635963888025794e-12,1.0,-0.48592168311522144,-0.8740023557625405,0.8493933915176044,0.5277602357569406,0,934.0,
2019-08-02,925.5,938.0,934.0,938.5,921.0,,931.0714285714286,937.0,11.508795808094494,906.5,938.0,2.999999999999986,932.7833333333333,936.5,8.323919970674233,906.5,940.0,-0.024137931034500647,933.9075290671021,932.5816728714703,0.5,0.0,4,8,0,summer,-0.49913380149934533,-0.8665249264740237,-0.433883739117558,-0.9009688679024191,0.7818314824679625,0.6234898018588179,0.9749279121818716,-0.2225209339561041,-0.5008843102658305,-0.8655142446716422,0.8670450109352135,0.4982298154590465,0,906.5,
2019-08-03,923.0,925.5,906.5,934.5,916.5,,929.8571428571429,937.0,11.596386957851244,906.5,938.0,2.8214285714285463,932.9333333333333,936.5,8.142834096705233,906.5,940.0,-0.15239154616243045,931.8056468003266,932.1247907507304,-12.5,-0.009100642398286937,5,8,1,summer,-0.5139658475256869,-0.8578106478572077,-0.9749279121818236,-0.2225209339563146,0.9749279121820579,-0.22252093395528788,-0.4338837391156608,-0.9009688679033329,-0.5156987116034881,-0.856770003472637,0.88367037386271,0.46810967770100465,0,927.0,
2019-08-04,937.5,923.0,927.0,937.0,936.5,,932.2142857142857,937.0,6.701101544133995,923.0,938.0,-1.2500000000000107,933.15,936.5,7.768359787827299,906.5,940.0,-0.32981090100114974,929.604235100245,931.536094573264,-2.5,0.01820187534473249,6,8,1,summer,-0.5286457965427641,-0.8488425188441413,-0.7818314824680299,0.6234898018587334,0.4338837391177194,-0.9009688679023414,-0.781831482468253,0.6234898018584536,-0.5303605031284631,-0.847772219833443,0.8992498020983976,0.437435473442647,0,937.5,
2019-08-05,892.5,937.5,937.5,937.5,930.0,,933.7142857142857,937.5,6.511893880031797,923.0,938.0,-1.428571428571404,933.1833333333333,936.75,7.785356871025514,906.5,940.0,-0.27864293659622835,931.5781763251837,931.9208626653116,14.5,0.011326860841423949,0,8,0,summer,-0.5431693043390854,-0.8396231933574692,0.0,1.0,-0.4338837391165454,-0.9009688679029069,0.7818314824666281,0.6234898018604912,-0.5448653460025296,-0.8385235564523776,0.9137648554353928,0.4062435094510874,0,937.0,
2019-08-06,903.5,892.5,937.0,921.5,939.0,,927.2857142857143,937.0,16.580252166501964,892.5,938.0,-5.3035714285713995,931.9333333333333,936.75,10.757301716969389,892.5,940.0,-0.5630700778643091,921.8086322438878,929.3775812030335,-45.0,-0.048,1,8,0,summer,-0.5575320729985326,-0.8301553996559674,0.7818314824680298,0.6234898018587336,-0.974927912181768,-0.22252093395655825,0.4338837391180088,-0.9009688679022021,-0.5592089478331439,-0.8290267502700671,0.9271983534881095,0.3745707053266963,0,,
2019-08-07,933.5,903.5,937.5,919.5,940.0,,922.5,925.5,18.07622748252604,892.5,938.0,-6.464285714285668,930.75,936.25,11.850178232328716,892.5,940.0,-0.6977753058954658,917.2314741829159,927.7080598350959,11.0,-0.03575240128068303,2,8,0,summer,-0.571729852172239,-0.8204419395271731,0.9749279121818236,-0.22252093395631434,-0.7818314824676409,0.6234898018592212,-0.9749279121821013,-0.22252093395509806,-0.5733870639433964,-0.8192846116596915,0.9395343960271124,0.3424545498047429,0,937.5,
2019-08-08,937.0,933.5,938.0,938.0,939.0,,921.9285714285714,925.5,17.579411659260494,892.5,938.0,-3.142857142857111,930.5333333333333,936.0,11.734074558615713,892.5,939.5,-0.6162402669633118,921.2986056371869,928.081733394122,30.0,-0.004266666666666667,3,8,0,summer,-0.5857584403363858,-0.8104856874582578,0.43388373911755823,-0.900968867902419,-2.1402277830500825e-12,1.0,-4.280455566100165e-12,1.0,-0.587395498628278,-0.809300023595228,0.9507583817991923,0.30993305638247337,0,938.0,
2019-08-09,935.0,937.0,925.5,934.0,939.0,,921.7857142857143,925.5,17.43047413501589,892.5,937.5,0.767857142857145,930.4666666666667,936.0,11.68991116255944,892.5,939.5,-0.5161290322580845,925.2239542278902,928.657105433211,3.5,-0.0010660980810234541,4,8,0,summer,-0.5996136860355509,-0.800289589785385,-0.433883739117558,-0.9009688679024191,0.7818314824672403,0.6234898018597236,0.9749279121823872,-0.2225209339538453,-0.6012301063964437,-0.7990759407981953,0.9608570258098746,0.2770447183250419,0,925.5,
2019-08-10,935.5,935.0,923.0,906.5,934.5,,923.1428571428571,933.5,18.123912118420236,892.5,937.5,2.7142857142857615,930.3333333333334,935.75,11.611775632234686,892.5,939.5,-0.42803114571749257,927.6679656709176,929.06632443752,-2.0,0.010264721772015126,5,8,1,summer,-0.6132914891112445,-0.7898566638218052,-0.9749279121818236,-0.2225209339563146,0.9749279121819109,-0.22252093395593187,-0.43388373911685113,-0.9009688679027597,-0.6148867931967035,-0.7886153888634653,0.9698183750476548,0.24382846310454892,0,923.0,
2019-08-11,934.5,935.5,937.5,927.0,939.5,,924.9285714285714,935.0,18.71369501067094,892.5,937.5,4.017857142857175,930.3666666666667,935.75,11.625576243289263,892.5,939.5,-0.3659621802002433,929.6259742531882,929.4814002802608,0.5,0.013542795232936078,6,8,1,summer,-0.6267878019152604,-0.7791899969649484,-0.7818314824680299,0.6234898018587334,0.4338837391187631,-0.9009688679018388,-0.7818314824696976,0.6234898018566423,-0.6283615176297083,-0.7779214633638089,0.9776318226320129,0.21032360632417968,0,937.5,
2019-08-12,937.5,934.5,892.5,937.5,936.5,,924.5,934.5,18.409689477736887,892.5,937.0,6.8392857142857855,930.2,935.5,11.525533871995194,892.5,938.5,-0.2763070077864456,930.8444806898912,929.8051809073407,-1.0,-0.0032,0,8,0,summer,-0.6400986305074876,-0.768292745782777,0.0,1.0,-0.4338837391171405,-0.9009688679026202,0.7818314824674518,0.6234898018594582,-0.641650292144046,-0.7669973289337196,0.9842881203680482,0.17656980518292092,1,892.5,
2019-08-13,931.0,937.5,903.5,937.0,936.0,,930.9285714285714,935.0,12.173840024922715,903.5,937.5,3.660714285714339,930.2333333333333,935.5,11.545810804203514,892.5,938.5,-0.18576195773083487,932.5083605174184,930.3016208488027,3.0,0.05042016806722689,1,8,0,summer,-0.6532200358378337,-0.757168135079666,0.7818314824680298,0.6234898018587336,-0.974927912181915,-0.22252093395591424,0.43388373911681855,-0.9009688679027753,-0.6547491842160028,-0.7558462183331203,0.9897793896927224,0.14260701153695768,0,903.5,
2019-08-14,931.0,931.0,933.5,937.5,935.5,,934.8571428571429,935.0,2.193062655181801,931.0,937.5,-0.24999999999998668,930.0666666666667,935.25,11.495676348639487,892.5,938.5,-0.14104560622915763,932.1312703880637,930.3466775682348,-6.5,0.030437188710570006,2,8,0,summer,-0.6661481349118973,-0.7458194569420945,0.9749279121818236,-0.22252093395631434,-0.7818314824683631,0.6234898018583156,-0.9749279121815857,-0.2225209339573568,-0.667654317513487,-0.7444714314905575,0.9940991310002337,0.10847542461119976,0,933.5,
2019-08-15,927.0,931.0,937.0,938.0,937.0,,934.5,935.0,2.6140645235652813,931.0,937.5,-0.8571428571428114,929.9166666666666,934.75,11.451609835133112,892.5,938.5,-0.09755283648500562,931.8484527910477,930.3888274025423,0.0,-0.002678093197643278,3,8,0,summer,-0.6788791019400585,-0.7342500697644226,0.43388373911755823,-0.900968867902419,-1.4796679681530187e-12,1.0,-2.9593359363060374e-12,1.0,-0.6803618730430585,-0.7328763345267338,0.9972422313350796,0.07421544341868216,1,937.0,
2019-08-16,936.5,927.0,935.0,925.5,923.5,,933.0714285714286,934.5,3.5757117173709023,927.0,937.5,-1.3035714285714293,929.5833333333334,934.5,11.383656867552975,892.5,938.5,-0.0675194660734316,930.6363395932858,930.1701933765719,-4.0,-0.010672358591248666,4,8,0,summer,-0.6914091694696364,-0.7224633972550496,-0.433883739117558,-0.9009688679024191,0.7818314824676521,0.6234898018592071,0.9749279121820932,-0.2225209339551333,-0.6928680902802443,-0.7210643587582228,0.9992049704439178,0.03986761894281432,0,935.0,
2019-08-17,931.0,936.5,935.5,923.0,936.0,,933.2857142857143,934.5,3.7511902872898646,927.0,937.5,-0.6607142857143012,930.0166666666667,934.75,11.391529924598103,892.5,938.5,-0.06484983314796675,932.1022546949644,930.5785679974382,9.5,0.0016042780748663102,5,8,1,summer,-0.703734629499786,-0.7104629274232392,-0.9749279121818236,-0.2225209339563146,0.9749279121817639,-0.22252093395657588,-0.4338837391180414,-0.9009688679021864,-0.7051692682821318,-0.7090389996822761,0.9999850251788908,0.005472606140885681,0,935.5,
2019-08-18,922.0,931.0,934.5,937.5,938.5,,932.6428571428571,931.0,3.693623849674799,927.0,937.5,-0.5892857142857062,929.85,934.5,11.337418972832511,892.5,938.5,-0.017241379310364378,931.8266910212233,930.6057571588938,-5.5,-0.004810261892036344,6,8,1,summer,-0.7158518345787989,-0.6982522115469223,-0.7818314824680299,0.6234898018587334,0.43388373911816797,-0.9009688679021255,-0.7818314824688738,0.6234898018576751,-0.7172617667827113,-0.6968038159422949,0.9995814722474111,-0.028928884176512803,0,934.5,
2019-08-19,919.0,922.0,937.5,892.5,934.5,,930.8571428571429,931.0,5.312832622643063,922.0,937.5,-1.4642857142857497,929.3,934.25,11.303493509409659,892.5,938.0,-0.00823136818689438,929.3700182659175,930.0505470196103,-9.0,-0.01337613697164259,0,8,0,summer,-0.7277571988834893,-0.6858348631217702,0.0,1.0,-0.43388373911609684,-0.9009688679031228,0.7818314824660073,0.6234898018612697,-0.7291420072702502,-0.6843624282746024,0.9979947893049725,-0.06329613353217936,0,937.5,
2019-08-20,887.5,919.0,931.0,903.5,937.0,,928.2142857142857,931.0,6.01288299443727,919.0,936.5,-1.7857142857142965,928.7833333333333,933.75,11.411339893322959,892.5,938.0,-0.03882091212460511,926.777513699438,929.3376085022162,-3.0,-0.019733333333333332,1,8,0,summer,-0.7394471992803373,-0.6732145567918634,0.7818314824680298,0.6234898018587336,-0.9749279121816572,-0.22252093395704364,0.43388373911890593,-0.90096886790177,-0.7408064740460368,-0.6717185184372086,0.9952268543897925,-0.09758846397704293,0,931.0,
2019-08-21,904.5,887.5,931.0,933.5,937.5,,922.0,927.0,16.31206097749047,887.5,936.5,-5.7499999999999565,927.1333333333333,932.25,13.558896642461098,887.5,938.0,-0.24849833147944916,916.9581352745786,926.6384079536862,-31.5,-0.04672395273899033,2,8,0,summer,-0.7509183763680874,-0.6603950272622556,0.9749279121818236,-0.22252093395631434,-0.7818314824679513,0.623489801858832,-0.9749279121818797,-0.2225209339560688,-0.7522517152649342,-0.6588758281201128,0.9912809436999176,-0.1317652862380712,0,931.0,
2019-08-22,923.0,904.5,927.0,937.0,921.5,,918.2142857142857,922.0,16.938263249365257,887.5,936.5,-6.339285714285727,926.0333333333333,931.0,14.019649593077075,887.5,938.0,-0.3230255839822198,913.8436014559339,925.2101235695775,17.0,-0.028464017185821696,3,8,0,summer,-0.76216733550148,-0.6473800681937733,0.43388373911755823,-0.900968867902419,-8.19108153255955e-13,1.0,-1.63821630651191e-12,1.0,-0.7634743439568022,-0.6458381578381154,0.9861617277154496,-0.1657861477605391,0,927.0,
2019-08-23,908.5,923.0,936.5,935.0,919.5,,917.6428571428571,922.0,16.65761659050377,887.5,936.5,-4.571428571428531,926.0833333333334,931.0,14.005592068721151,887.5,938.0,-0.3738598442714408,916.1327010919505,925.0675349521854,18.5,-0.004314994606256742,4,8,0,summer,-0.7731907477958236,-0.6341735310803621,-0.433883739117558,-0.9009688679024191,0.781831482468064,0.6234898018586906,0.9749279121817992,-0.2225209339564213,-0.7744710390289454,-0.6326093658059654,0.9798752656703764,-0.19961078058914852,0,936.5,
2019-08-24,933.5,908.5,931.0,935.5,938.0,,913.6428571428571,919.0,14.610824428355448,887.5,931.0,-2.8571428571428528,925.7166666666667,931.0,14.324252001494566,887.5,938.0,-0.532703003337064,914.2245258189629,923.9986617294638,-14.5,-0.02989855846235985,5,8,1,summer,-0.7839853511121072,-0.6207793241093215,-0.9749279121818236,-0.2225209339563146,0.9749279121816169,-0.22252093395721986,-0.43388373911923167,-0.9009688679016132,-0.7852385462486952,-0.619193366796864,0.9724289983808092,-0.23319914902952846,1,931.0,
2019-08-25,933.5,933.5,922.0,934.5,934.0,,914.0,919.0,15.127238126418547,887.5,933.5,1.75000000000005,925.5666666666667,931.0,14.214328209127709,887.5,938.0,-0.3977753058954652,919.0433943642222,924.6116512953049,25.0,0.0026852846401718583,6,8,1,summer,-0.7945479510223573,-0.6072014110047618,-0.7818314824680299,0.6234898018587334,0.43388373911921163,-0.9009688679016228,-0.7818314824703184,0.6234898018558638,-0.7957736792065442,-0.6055941309838464,0.9638317394378105,-0.2665114970358398,0,922.0,
2019-08-26,934.0,933.5,919.0,937.5,906.5,,915.6428571428571,919.0,16.68510884420277,887.5,933.5,4.982142857142915,925.55,931.0,14.204388588476306,887.5,938.0,-0.2884315906562975,922.6575457731667,925.1850931472208,0.0,0.012472885032537961,0,8,0,summer,-0.8048754217549614,-0.5934438098546255,0.0,1.0,-0.433883739116692,-0.9009688679028363,0.781831482466831,0.6234898018602367,-0.8060733202591956,-0.5918156827647576,0.954093664775302,-0.29950839526736756,0,919.0,
2019-08-27,935.0,934.0,887.5,931.0,927.0,,917.7857142857143,923.0,18.092026657383176,887.5,934.0,7.428571428571477,926.4666666666667,932.25,13.81461827778612,887.5,938.0,-0.365294771968878,925.493159329875,925.7537968151421,0.5,0.01632208922742111,1,8,0,summer,-0.8149647071196691,-0.5795105919216249,0.7818314824680298,0.6234898018587336,-0.9749279121818042,-0.22252093395639963,0.43388373911771566,-0.9009688679023433,-0.8161344214519533,-0.5778620995715894,0.9432263006257403,-0.33215078775742884,0,887.5,
2019-08-28,929.5,935.0,904.5,931.0,937.5,,924.5714285714286,933.5,13.04296927923537,904.5,935.0,4.946428571428616,926.7333333333333,933.5,13.902203579571086,887.5,938.0,-0.30656284760847086,927.8698694974062,926.350326052875,1.0,0.05352112676056338,2,8,0,summer,-0.8248128214120083,-0.5654058804384355,0.9749279121818236,-0.22252093395631434,-0.7818314824686735,0.6234898018579264,-0.9749279121813641,-0.2225209339583276,-0.8259540054208051,-0.5637375106637208,0.9312425098773081,-0.36440003814134253,0,904.5,
2019-08-29,935.5,929.5,923.0,927.0,937.0,,928.1428571428571,933.5,9.599107101334182,908.5,935.0,2.6071428571428266,926.4666666666667,932.25,13.76460561789239,887.5,938.0,-0.2144605116796712,928.2774021230546,926.5535308236573,-5.5,0.027639579878385848,3,8,0,summer,-0.8344168502968383,-0.5511338493875183,0.43388373911755823,-0.900968867902419,-1.585483383588913e-13,1.0,-3.170966767177826e-13,1.0,-0.8355291662736033,-0.5494460959058106,0.9181564768489365,-0.3962179753877254,0,923.0,
2019-08-30,932.0,935.5,908.5,936.5,937.5,,929.9285714285714,933.5,9.645502282708781,908.5,935.5,2.660714285714341,926.4166666666666,932.25,13.727698738087927,887.5,938.0,-0.08353726362628254,930.083051592291,927.1307223834214,6.0,0.013542795232936078,4,8,0,summer,-0.8437739516707836,-0.536698722265919,-0.433883739117558,-0.9009688679024191,0.7818314824673417,0.6234898018595963,0.9749279121823148,-0.22252093395416253,-0.8448570704498055,-0.5349920845311381,0.9039836905016241,-0.4275669389780552,0,908.5,
2019-08-31,934.0,932.0,933.5,931.0,938.0,,933.2857142857143,933.5,2.017778127409661,929.5,935.5,-0.1785714285714152,926.2333333333333,931.5,13.61080537619021,887.5,938.0,0.028921023359264986,930.5622886942183,927.4448693264264,-3.5,0.025866813428728673,5,8,1,summer,-0.8528813565032917,-0.5221047708354187,-0.9749279121818236,-0.2225209339563146,0.9749279121818747,-0.2225209339560905,-0.4338837391171443,-0.9009688679026184,-0.8539349575591351,-0.5203797538898667,0.8887409261051529,-0.45840982348304365,0,933.5,
2019-09-01,918.0,934.0,933.5,922.0,925.5,,933.3571428571429,934.0,2.035400978402384,929.5,935.5,-0.0714285714285456,926.1,931.5,13.510787516291094,887.5,937.5,0.16017797552834626,931.4217165206637,927.867780982786,2.0,0.0005356186395286556,6,9,1,autumn,-0.8617363696560699,-0.507356313858394,-0.7818314824680299,0.6234898018587334,0.4338837391186165,-0.9009688679019094,-0.7818314824694946,0.6234898018568966,-0.8627601411983978,-0.505613428183351,0.8724462253825477,-0.48871012248135887,0,933.5,
2019-09-02,928.5,918.0,934.0,919.0,923.0,,931.1428571428571,934.0,6.142164966541949,918.0,935.5,-1.6964285714285186,925.85,931.5,13.591420975672605,887.5,937.5,0.10378197997772909,928.0662873904978,927.2311499516386,-16.0,-0.016604177825388325,0,9,0,autumn,-0.8703363706806498,-0.4924577158197792,0.0,1.0,-0.4338837391172871,-0.9009688679025496,0.7818314824676548,0.6234898018592039,-0.87133000974658,-0.49069747718428786,0.8551188751552156,-0.5184319717699506,0,934.0,
2019-09-03,934.5,928.5,935.0,887.5,937.5,,930.3571428571429,932.0,6.067085281216073,918.0,935.5,-1.5714285714285166,926.0333333333333,931.5,13.588746188980357,887.5,937.5,0.10122358175749027,928.1747155428734,927.3130112450813,10.5,-0.005888650963597431,1,9,0,autumn,-0.878678814593855,-0.4774133856354866,0.7818314824680298,0.6234898018587336,-0.9749279121819512,-0.22252093395575565,0.4338837391165254,-0.9009688679029165,-0.8796420271375258,-0.47563631494387,0.836779384514897,-0.5475401918132314,0,935.0,
2019-09-05,934.5,934.5,929.5,904.5,892.5,,930.2857142857143,932.0,6.0059494313100465,918.0,935.5,-0.4642857142856976,925.9333333333333,931.5,13.512276240346207,887.5,937.5,0.23492769744159017,929.756036657155,927.776687938947,6.0,-0.0005347593582887701,3,9,0,autumn,-0.8945812329761252,-0.44690537880732156,0.43388373911755823,-0.900968867902419,-1.316977927007684e-12,1.0,-2.633955854015368e-12,1.0,-0.8954827464382875,-0.4450962264851744,0.797151982644524,-0.6037786983373167,0,935.5,
2019-09-06,934.5,934.5,935.5,923.0,903.5,,931.0,934.0,6.191391873670903,918.0,935.5,-0.12500000000003836,927.3333333333334,932.75,12.022488506340162,887.5,937.5,0.05962180200218896,930.9420274928663,928.2104500074021,0.0,0.0053792361484669175,4,9,0,autumn,-0.9021365014704882,-0.4314507303442513,-0.433883739117558,-0.9009688679024191,0.7818314824677536,0.6234898018590799,0.9749279121820208,-0.22252093395545053,-0.9030067606319286,-0.429626337941508,0.7759109754134387,-0.6308424194939384,0,932.0,
2019-09-07,934.5,934.5,932.0,908.5,933.5,,930.8571428571429,934.0,6.0808050845439245,918.0,934.5,0.8928571428571438,928.3666666666667,933.5,11.208012322883572,887.5,937.5,-0.05850945494996894,931.8315206196497,928.6162274262794,0.0,-0.0010689470871191875,5,9,1,autumn,-0.9094248022967037,-0.4158684034254122,-0.9749279121818236,-0.2225209339563146,0.9749279121821325,-0.22252093395496111,-0.43388373911505684,-0.9009688679036236,-0.9102635496231352,-0.4140293108313591,0.7537515802507465,-0.6571594595450198,0,934.0,
2019-09-08,936.0,934.5,934.0,933.5,937.0,,931.2142857142857,934.5,6.230684438442793,918.0,934.5,1.4464285714285925,928.4,933.5,11.225279352949267,887.5,937.5,0.016462736373724054,932.4986404647373,928.995825656842,0.0,0.002682403433476395,6,9,1,autumn,-0.9164439786407274,-0.4001630093014021,-0.7818314824680299,0.6234898018587334,0.43388373911802136,-0.900968867902196,-0.781831482468671,0.6234898018579296,-0.9172509659231527,-0.39830976075542424,0.7307000255790655,-0.6826986689739134,0,918.0,
2019-09-09,933.0,936.0,918.0,933.5,935.0,,931.5,934.5,6.422616289334468,918.0,936.0,2.3571428571428545,928.3666666666667,933.5,11.200318139981853,887.5,937.5,0.12480533926583273,933.373980348553,929.4477078725297,1.5,0.0021413276231263384,0,9,0,autumn,-0.9231919533300499,-0.38433919564187974,0.0,1.0,-0.43388373911788225,-0.900968867902263,0.7818314824684784,0.6234898018581709,-0.9239669417581411,-0.3824723395725604,0.7067835958038797,-0.7074298189237842,0,928.5,
2019-09-10,934.5,933.0,928.5,934.0,935.5,,933.6428571428571,934.5,2.4275207811428796,928.5,936.0,0.5892857142856878,928.3,933.25,11.165371343641205,887.5,937.5,0.20044493882089193,933.2804852614147,929.6768880097859,-3.0,0.016339869281045753,1,9,0,autumn,-0.9296667294483894,-0.3684016451601911,0.7818314824680298,0.6234898018587336,-0.9749279121816934,-0.22252093395688502,0.4338837391186128,-0.9009688679019112,-0.9304094896811839,-0.36652173402296223,0.6820305990187338,-0.7313236369776018,1,934.5,
2019-09-11,934.0,934.5,934.5,935.0,934.5,,934.5,934.5,0.8660254037977196,933.0,936.0,-0.05357142857143686,928.2666666666667,933.25,11.144608510423305,887.5,937.5,0.29010011123469615,933.5853639460611,929.9880565252836,1.5,0.006462035541195477,2,9,0,autumn,-0.9358663909266379,-0.35235507422761664,0.9749279121818236,-0.22252093395631434,-0.7818314824689839,0.6234898018575371,-0.9749279121811425,-0.22252093395929837,-0.9365767031603858,-0.3504626643413285,0.6564703334992127,-0.7543518418055546,0,,
2019-09-12,936.0,934.0,934.5,929.5,937.5,,934.4285714285714,934.5,0.8864052604409145,933.0,936.0,-0.10714285714280451,928.25,933.25,11.135335183783075,887.5,937.5,0.37007786429363954,933.6890229595458,930.2468915881685,-0.5,-0.0005350454788657035,3,9,0,autumn,-0.9417891031098783,-0.3362042314776705,0.43388373911755823,-0.900968867902419,-6.564181121106203e-13,1.0,-1.3128362242212407e-12,1.0,-0.94246675714315,-0.3342998828597982,0.6301330530244179,-0.7764871766398503,0,934.5,
2019-09-13,933.5,936.0,934.5,935.5,931.0,,934.6428571428571,934.5,1.0690449676604066,933.0,936.0,0.07142857142856208,928.2,933.25,11.09566550971473,887.5,936.5,0.48387096774191996,934.2667672196594,930.6180598728029,2.0,0.0016051364365971107,4,9,0,autumn,-0.9474331133003114,-0.3199538964008396,-0.433883739117558,-0.9009688679024191,0.7818314824681655,0.6234898018585635,0.9749279121817268,-0.22252093395673853,-0.9480779085961403,-0.31803817260192013,0.6030499310683335,-0.7977034415360625,0,934.5,
2019-09-14,936.5,933.5,934.5,932.0,931.0,,934.5,934.5,1.1547005383892004,933.0,936.0,-0.07142857142858827,928.2833333333333,933.5,11.12676435705799,887.5,936.5,0.5373748609566043,934.0750754147446,930.8039914939125,-2.5,-0.001070090957731407,5,9,1,autumn,-0.9527967512759288,-0.3036088779302013,-0.9749279121818236,-0.2225209339563146,0.9749279121819855,-0.2225209339556051,-0.4338837391162471,-0.9009688679030504,-0.9534084970211593,-0.3016823458670629,0.5752530239018679,-0.8179755243842917,0,934.5,
2019-09-15,939.0,936.5,936.0,934.0,927.0,,934.7857142857143,934.5,1.380131118692989,933.0,936.5,0.14285714285719803,928.4666666666667,933.5,11.218006871140014,887.5,936.5,0.6091212458286813,934.6813065610584,931.1714759136601,3.0,0.002140181915462814,6,9,1,autumn,-0.9578784297847783,-0.287174013018322,-0.7818314824680299,0.6234898018587334,0.4338837391190651,-0.9009688679016934,-0.7818314824701155,0.6234898018561181,-0.9584569449465854,-0.2852372428061565,0.5467752326499522,-0.8372794306326835,0,936.0,
2019-09-16,934.0,939.0,933.0,918.0,936.5,,935.2142857142857,934.5,2.0987524639138853,933.0,939.0,0.7678571428572036,928.8666666666667,933.75,11.37672558592747,887.5,939.0,0.666963292547261,935.7609799207937,931.6765419837466,2.5,0.003205128205128205,0,9,0,autumn,-0.9626766450146765,-0.2706541652058703,0.0,1.0,-0.43388373911683853,-0.9009688679027656,0.7818314824670339,0.6234898018599824,-0.9632217583940854,-0.2687077299896789,0.5176502643494832,-0.8555923116875876,0,933.0,
2019-09-17,933.0,934.0,934.5,928.5,931.0,,935.3571428571429,934.5,1.951800145902866,933.5,939.0,0.3214285714285624,928.7833333333333,933.75,11.327935665283723,887.5,939.0,0.7527252502780549,935.3207349405952,931.8264425009243,-5.0,0.0010718113612004287,1,9,0,autumn,-0.9671899770382298,-0.25405422318235227,0.7818314824680298,0.6234898018587336,-0.9749279121818404,-0.22252093395624103,0.4338837391174225,-0.9009688679024844,-0.9677015273207965,-0.2520986989672849,0.4879125920524546,-0.8728924919580046,0,934.5,
2019-09-18,896.0,933.0,934.0,934.5,922.0,,935.1428571428571,934.0,2.1353041491896545,933.0,939.0,-0.053571428571395394,928.85,933.75,11.347299542031012,887.5,939.0,0.7952169076751737,934.7405512054464,931.9021558879615,-1.0,-0.0016051364365971107,2,9,0,autumn,-0.971417090233031,-0.23737909933941392,0.9749279121818236,-0.22252093395631434,-0.7818314824685721,0.6234898018580535,-0.9749279121814365,-0.22252093395801037,-0.9718949260365661,-0.23541506482036717,0.45759741402296833,-0.8891594945112447,0,934.0,
2019-09-19,874.5,896.0,936.0,934.5,919.0,,929.7142857142857,934.0,15.010710461915314,896.0,939.0,-4.410714285714259,927.9833333333333,933.75,12.789734119621064,887.5,939.0,0.5360400444938581,925.0554134040848,929.5858877661575,-37.0,-0.04068522483940043,3,9,0,autumn,-0.9753567336769071,-0.2206337283171249,0.43388373911755823,-0.900968867902419,4.141702786443339e-15,1.0,8.283405572886678e-15,1.0,-0.9758007135963156,-0.21866176470732437,0.42674061207527353,-0.9043740653101574,0,936.0,
2019-09-20,917.5,874.5,933.5,934.5,887.5,,920.9285714285714,933.5,25.234613416609786,874.5,939.0,-9.428571428571457,926.5,933.75,16.036058506185856,874.5,939.0,0.12903225806449478,912.4165600530636,926.0319595231796,-21.5,-0.06570512820512821,4,9,0,autumn,-0.9790077415181033,-0.2038230655436782,-0.433883739117558,-0.9009688679024191,0.7818314824685773,0.623489801858047,0.9749279121814328,-0.22252093395802652,-0.9794177341671878,-0.20184375640284727,0.39537870910374096,-0.918518196002376,0,933.5,
2019-09-21,919.0,917.5,936.5,934.5,904.5,,918.6428571428571,933.0,24.623353220257243,874.5,939.0,-7.999999999999991,927.5,933.75,14.368908004486743,874.5,939.0,-0.19799777530593154,913.6874200397976,925.4815105216842,43.0,-0.01713979646491698,5,9,1,autumn,-0.9823690333202907,-0.1869520857689416,-0.9749279121818236,-0.2225209339563146,0.9749279121822433,-0.22252093395447572,-0.4338837391141597,-0.9009688679040557,-0.9827449173706364,-0.18496601683060873,0.36354882585314463,-0.9315751452356379,0,936.5,
2019-09-22,923.5,919.0,939.0,936.0,923.0,,916.1428571428571,919.0,23.364350133117046,874.5,939.0,-5.410714285714211,927.9833333333333,933.75,13.801226415602967,874.5,939.0,-0.4114571746385041,915.0155650298482,925.0633485525433,1.5,-0.01868659903897491,6,9,1,autumn,-0.9854396143822979,-0.17002578159228698,-0.7818314824680299,0.6234898018587334,0.43388373911846995,-0.90096886790198,-0.7818314824692918,0.6234898018571511,-0.9857812785992102,-0.16803354059028325,0.3312886369812834,-0.9435294584733873,0,939.0,
2019-09-23,936.0,923.5,934.0,933.0,908.5,,913.9285714285714,919.0,21.496954380076204,874.5,934.0,-1.3571428571428468,928.0,933.75,13.795301548991624,874.5,939.0,-0.47474972191326786,917.1366737723861,924.962487355605,4.5,-0.01650692225772098,0,9,0,autumn,-0.9882185760324722,-0.1530491619851375,0.0,1.0,-0.43388373911743366,-0.9009688679024791,0.7818314824678576,0.6234898018589495,-0.9885259193078598,-0.15105133847983843,0.29863632646692995,-0.9543669862868985,0,934.0,
2019-09-24,936.5,936.0,933.0,934.5,933.5,,914.2142857142857,919.0,21.819061129467926,874.5,936.0,3.8750000000000533,928.9166666666666,934.0,13.361733403277269,874.5,939.0,-0.5576195773081405,921.8525053292896,925.674584945566,12.5,0.0021413276231263384,1,9,0,autumn,-0.9907050958975805,-0.13602725080867392,0.7818314824680298,0.6234898018587336,-0.9749279121815826,-0.2225209339573704,0.4338837391195099,-0.9009688679014792,-0.99097802727988,-0.1340244360125318,0.2656305424139946,-0.9640749011030455,0,933.0,
2019-09-25,935.0,936.5,896.0,934.0,933.5,,914.7142857142857,919.0,22.354822639379734,874.5,936.5,8.946428571428571,929.0166666666667,934.0,13.408362890462229,874.5,939.0,-0.4770856507230491,925.5143789969671,926.3729988200456,0.5,0.0037513397642015005,2,9,0,autumn,-0.9928984381461724,-0.11896508532713071,0.9749279121818236,-0.22252093395631434,-0.7818314824681603,0.62348980185857,-0.9749279121817305,-0.22252093395672237,-0.9931368768672881,-0.1169578719295501,0.23231035130631528,-0.9726417123874219,0,896.0,
2019-09-26,932.0,935.0,874.5,936.0,934.0,,920.2857142857143,923.5,21.765525383921307,874.5,936.5,8.44642857142862,929.0666666666667,934.0,13.428439540980664,874.5,939.0,-0.4075639599555186,927.8857842477254,926.929579541333,-1.5,0.04352678571428571,3,9,0,autumn,-0.994797953706334,-0.10186771471713056,0.43388373911755823,-0.900968867902419,-1.1542878858623495e-12,1.0,-2.308575771724699e-12,1.0,-0.9950018292055139,-0.09985669670924084,0.19871519176822972,-0.9800572802446373,0,874.5,
2019-09-27,934.5,932.0,917.5,933.5,935.0,,928.5,932.0,8.276472678624902,917.5,936.5,3.1607142857143398,929.0,934.0,13.408052135526297,874.5,939.0,-0.35461624026698185,928.914338185794,927.2567034418922,-3.0,0.06575185820468839,4,9,0,autumn,-0.9964030804577665,-0.08474019857348533,-0.433883739117558,-0.9009688679024191,0.781831482467855,0.6234898018589528,0.9749279121819484,-0.22252093395576775,-0.9965723324024923,-0.0827259710723084,0.164884827883583,-0.9863128274202871,0,917.5,
2019-09-29,926.5,934.5,919.0,936.5,929.5,,930.9285714285714,934.5,6.888568860975749,919.0,936.5,2.2321428571429145,928.9833333333333,934.0,13.400645463954357,874.5,939.0,-0.2777530589544188,930.3107536393455,927.724012897254,2.5,0.018528610354223433,6,9,1,autumn,-0.9987283547836282,-0.050415011169167266,-0.7818314824680299,0.6234898018587334,0.4338837391178748,-0.9009688679022666,-0.7818314824684681,0.6234898018581839,-0.9988282196210598,-0.04839615365526435,0.09667888798398987,-0.9953156246227521,0,923.5,
2019-09-30,717.0,926.5,923.5,939.0,935.5,,932.0,934.5,5.06622805119253,923.5,936.5,0.05357142857140987,928.8833333333333,934.0,13.407848533559594,874.5,939.0,-0.2902113459399599,929.3580652295092,927.6450443232377,-8.0,0.008161044613710556,0,9,0,autumn,-0.999447814243716,-0.03322749770082888,0.0,1.0,-0.43388373911802885,-0.9009688679021924,0.7818314824686813,0.6234898018579166,-0.9995129360619158,-0.031207221037582854,0.06238404225121525,-0.9980522187102229,0,936.0,
2019-10-01,919.0,717.0,936.0,934.0,932.0,,902.5,934.5,81.8687974749845,717.0,936.5,-24.196428571428587,921.6,934.0,40.88364482030825,717.0,939.0,-1.6115684093437446,876.2685489221319,914.055041463674,-209.5,-0.22360584731997835,1,10,0,autumn,-0.9998715088700244,-0.01603015127753844,0.7818314824680298,0.6234898018587336,-0.9749279121813248,-0.22252093395849978,0.43388373912159733,-0.9009688679004739,-0.999901868397606,-0.014009053321925697,0.028015357182150386,-0.9996074928500469,0,936.5,
2019-10-02,933.0,919.0,936.5,933.0,934.0,,900.0714285714286,932.0,80.95648448983202,717.0,936.5,-17.642857142857086,921.1666666666666,934.0,40.83848196487494,717.0,939.0,-1.5566184649610921,886.9514116915989,914.3740710466628,202.0,-0.018162393162393164,2,10,0,autumn,-0.9999993132793479,0.001171938920223869,0.9749279121818236,-0.22252093395631434,-0.7818314824688826,0.6234898018576642,-0.974927912181215,-0.22252093395898115,-0.9999949015320709,0.003193260068297865,-0.0063864875751276345,-0.9999796061802724,1,935.0,
2019-10-03,925.0,933.0,935.0,896.0,918.0,,899.5714285714286,932.0,80.7044136398525,717.0,935.0,-8.910714285714267,921.1333333333333,933.75,40.82805267285577,717.0,939.0,-1.3917686318131506,898.4635587686992,915.5757438823621,14.0,-0.0037373198077949813,3,10,0,autumn,-0.9998311896507523,0.018373682308162793,0.43388373911755823,-0.900968867902419,-4.937280709652858e-13,1.0,-9.874561419305715e-13,1.0,-0.9997920079341769,0.020394628482685914,-0.04078077312355221,-0.9991681182581065,0,932.0,
2019-10-05,933.5,925.0,932.0,874.5,928.5,,898.1428571428571,926.5,80.05868383344112,717.0,934.5,-1.1249999999999742,921.3666666666667,933.75,40.82953066975737,717.0,939.0,-1.3884315906563154,905.0976690765244,916.1837604060806,-8.0,-0.0106951871657754,5,10,1,autumn,-0.9986074448486638,0.05275576833695822,-0.9749279121818236,-0.2225209339563146,0.9749279121819493,-0.22252093395576372,-0.43388373911654027,-0.9009688679029093,-0.9984987682644068,0.05477417068712795,-0.10938388392760326,-0.9939995804510747,0,,
2019-10-06,934.0,933.5,934.5,917.5,934.5,,898.3571428571429,926.5,80.16634491569943,717.0,934.5,7.5000000000000755,921.5333333333333,933.75,40.86983824485893,717.0,939.0,-1.2609566184649783,912.1982518073933,917.3009371540755,8.5,0.001609442060085837,6,10,1,autumn,-0.9975521858158177,0.06992593634756863,-0.7818314824680299,0.6234898018587334,0.4338837391172796,-0.9009688679025533,-0.7818314824676444,0.6234898018592169,-0.9974088048986692,0.07194217059978299,-0.14351150879949146,-0.9896486481787834,0,926.5,
2019-10-07,935.0,934.0,926.5,919.0,934.5,,898.2857142857143,926.5,80.12898827456137,717.0,934.0,16.48214285714286,921.5166666666667,933.75,40.864469714624775,717.0,939.0,-1.0911012235817814,917.648688855545,918.378296047361,0.5,-0.0005350454788657035,0,10,0,autumn,-0.9962017229191789,0.08707541129882572,0.0,1.0,-0.43388373911698513,-0.900968867902695,0.7818314824672368,0.623489801859728,-0.9960236800996011,0.08908888079242867,-0.17746926980565894,-0.9841263426383049,0,717.0,
2019-10-08,936.0,935.0,717.0,923.5,934.5,,899.5,933.0,80.69025137317827,717.0,935.0,24.446428571428548,921.5333333333333,933.75,40.870049174673674,717.0,939.0,-0.9145717463848861,921.9865166416587,919.4506640443055,1.0,0.009174311926605505,1,10,0,autumn,-0.9945564557988568,0.10419911817677069,0.7818314824680298,0.6234898018587336,-0.9749279121814718,-0.2225209339578558,0.43388373912040706,-0.9009688679010471,-0.9943438037647536,0.10620922706921984,-0.21121697367784498,-0.9774392001707178,1,919.0,
2019-10-09,936.5,936.0,919.0,936.0,934.5,,930.7857142857143,933.5,6.3236140962363105,919.0,936.0,2.2857142857143318,921.5833333333334,933.75,40.88737334251968,717.0,939.0,-0.7318131256952346,925.4898874812441,920.5183631382214,1.0,0.3054393305439331,2,10,0,autumn,-0.9926168713358567,0.12129198959294538,0.9749279121818236,-0.22252093395631434,-0.7818314824684707,0.6234898018581807,-0.9749279121815089,-0.22252093395769315,-0.992369673016965,0.12329814303630823,-0.2447146757770804,-0.9695951358475962,0,933.0,
2019-10-10,863.5,936.5,933.0,936.5,936.0,,933.2857142857143,934.0,3.8714461429959766,925.0,936.5,1.21428571428572,921.65,933.75,40.910783925260155,717.0,939.0,-0.5464961067853392,928.242415610933,921.5494364841426,0.5,0.019042437431991296,3,10,0,autumn,-0.9903835435079973,0.13834896728397644,0.43388373911755823,-0.900968867902419,1.6683174393177797e-13,1.0,3.3366348786355593e-13,1.0,-0.9901018720572803,0.14035057160079212,-0.2779227273725073,-0.9606034341026618,0,925.0,
2019-10-11,903.0,863.5,925.0,935.0,933.0,,923.3571428571429,934.0,26.676635041603,863.5,936.5,-6.303571428571388,919.2333333333333,933.5,42.15626376604851,717.0,939.0,-0.8226918798665399,912.0568117081998,917.8043115496819,-73.0,-0.0744908896034298,4,10,0,autumn,-0.9878571332200545,0.1553650036084558,-0.433883739117558,-0.9009688679024191,0.7818314824675446,0.623489801859342,0.9749279121821699,-0.22252093395479697,-0.9875410719920575,0.15736146646742313,-0.31080182257096245,-0.9504747377424442,0,,
2019-10-12,934.0,903.0,933.5,932.0,934.5,,920.2142857142857,934.0,27.726126581946485,863.5,936.5,-8.249999999999956,918.2333333333333,933.5,42.17425537092461,717.0,939.0,-0.8324805339266118,909.7926087811499,916.8491946755089,39.5,-0.023783783783783784,5,10,1,autumn,-0.9850383881081815,0.17233506304068183,-0.9749279121818236,-0.2225209339563146,0.9749279121822071,-0.22252093395463432,-0.4338837391144529,-0.9009688679039145,-0.9846880306343391,0.17432579363211556,-0.34331304484075215,-0.9392210353490661,0,933.5,
2019-10-13,936.0,934.0,934.0,934.5,934.0,,920.2857142857143,934.0,27.76667238323886,863.5,936.5,-4.874999999999983,918.2166666666667,933.5,42.16770363542538,717.0,939.0,-0.6185761957731027,915.8444565858624,917.955698244831,31.0,0.0005356186395286556,6,10,1,autumn,-0.9819281423186611,0.18925412366081565,-0.7818314824680299,0.6234898018587334,0.43388373911832334,-0.9009688679020506,-0.781831482469089,0.6234898018574054,-0.9815435922796438,0.19123853287131318,-0.37541791307359496,-0.9268556470904553,0,934.0,
2019-10-14,924.0,936.0,935.0,926.5,936.0,,920.5714285714286,935.0,27.941051894164712,863.5,936.5,-1.2321428571428237,918.2833333333333,933.5,42.195089462076666,717.0,939.0,-0.39499443826475733,920.8833424393968,919.1198467451645,2.0,0.0021413276231263384,0,10,0,autumn,-0.9785273162610595,0.20611717864100626,0.0,1.0,-0.43388373911758027,-0.9009688679024085,0.7818314824680604,0.6234898018586951,-0.9781086874560835,0.20809467922784006,-0.4070784271322747,-0.9133932089541247,0,935.0,
2019-10-15,924.0,924.0,936.0,717.0,933.5,,919.0,934.0,27.296214633779492,863.5,936.5,1.1964285714285934,917.8833333333333,933.25,42.07806442491307,717.0,939.0,-0.23592880978867872,921.6625068295475,919.4346953422507,-12.0,-0.011764705882352941,1,10,0,autumn,-0.9748369163358501,0.22291923772705394,0.7818314824680298,0.6234898018587336,-0.9749279121816188,-0.2225209339572118,0.43388373911921674,-0.9009688679016203,-0.9743843326490137,0.22488924449189718,-0.43825711282835617,-0.8988496554237274,0,936.0,
2019-10-16,932.5,924.0,936.5,919.0,936.5,,917.2857142857143,924.0,26.413155091824724,863.5,936.5,4.160714285714324,917.5666666666667,933.0,41.99214485930751,717.0,939.0,-0.0887652947719884,922.2468801221606,919.7292311266217,0.0,-0.01282051282051282,2,10,0,autumn,-0.9708580346365923,0.23965532871516415,0.9749279121818236,-0.22252093395631434,-0.7818314824680588,0.6234898018586972,-0.9749279121818029,-0.22252093395640515,-0.9703716300001772,0.2416172586774362,-0.46891706627799645,-0.8832422006184018,0,936.5,
2019-10-17,930.0,932.5,863.5,933.0,939.0,,916.7142857142857,924.0,25.967699716598943,863.5,936.0,8.535714285714352,917.4333333333333,932.75,41.93626801126505,717.0,939.0,0.13815350389319797,924.8101600916204,920.5531516990977,8.5,-0.004271222637479978,3,10,0,autumn,-0.9665918486267487,0.2563204989233681,0.43388373911755823,-0.900968867902419,8.273915588288416e-13,1.0,1.6547831176576833e-12,1.0,-0.9660717669816231,0.2582737714925858,-0.4990219975817007,-0.8665893179179911,0,863.5,
2019-10-18,917.5,930.0,903.0,925.0,934.0,,926.2142857142857,930.0,11.2466926355316,903.0,936.0,2.3571428571429047,917.1333333333333,932.25,41.80866378893374,717.0,936.5,0.3679644048943055,926.1076200687153,921.162625783027,-2.5,0.07701215981470759,4,10,0,autumn,-0.962039620791242,0.2729098166571578,-0.433883739117558,-0.9009688679024191,0.7818314824668223,0.6234898018602477,0.9749279121826855,-0.22252093395253822,-0.9614860160442672,0.2748538538047505,-0.528536273778286,-0.8489107180973536,0,903.0,
2019-10-19,922.5,917.5,934.0,933.5,933.0,,928.2857142857143,930.0,6.657434083147525,917.5,936.0,-1.892857142857112,916.5833333333334,931.0,41.68748330575766,717.0,936.5,0.48665183537261836,923.9557150515365,920.9263273454125,-12.5,0.016057585825027684,5,10,1,autumn,-0.9572026982628482,0.28941837266891457,-0.9749279121818236,-0.2225209339563146,0.9749279121820601,-0.22252093395527833,-0.43388373911564315,-0.9009688679033413,-0.9566157342412883,0.2913525990994433,-0.5574249610212433,-0.8302273259959982,0,934.0,
2019-10-20,925.0,922.5,936.0,934.0,896.0,,926.6428571428571,924.0,6.427248541137128,917.5,936.0,-1.6964285714285636,916.2333333333333,928.25,41.58886068808979,717.0,936.5,0.6380422691879597,923.5917862886523,921.0278546134504,5.0,-0.012312633832976445,6,10,1,autumn,-0.9520825124235439,0.30584128161069496,-0.7818314824680299,0.6234898018587334,0.4338837391177282,-0.9009688679023372,-0.7818314824682652,0.6234898018584383,-0.9514623628266289,0.30776512493193303,-0.5856538659267393,-0.8105612557512633,0,936.0,
2019-10-21,926.0,925.0,924.0,935.0,874.5,,925.0714285714286,924.0,4.9280538030483845,917.5,932.5,-0.5357142857142246,917.2,928.25,41.439111959596914,717.0,936.5,0.5550611790878606,923.9438397164893,921.2841220577438,2.5,-0.011752136752136752,0,10,0,autumn,-0.9466805784809191,0.32217368347993974,0.0,1.0,-0.43388373911653655,-0.9009688679029111,0.7818314824666159,0.6234898018605065,-0.9460274268284462,0.32408657437226385,-0.6131895760460773,-0.7899357846233022,0,924.0,
2019-10-22,908.0,926.0,924.0,936.0,917.5,,925.3571428571429,925.0,4.913538149122535,917.5,932.5,-0.5892857142856729,918.9166666666666,928.25,40.66878056499467,717.0,936.5,0.31735261401555664,924.4578797873669,921.5883722475669,1.0,0.0021645021645021645,1,10,0,autumn,-0.9409984950197837,0.33841074505769186,0.7818314824680298,0.6234898018587336,-0.9749279121817658,-0.2225209339565678,0.43388373911802647,-0.9009688679021935,-0.9403125345977548,0.34031211744271783,-0.6399994994137816,-0.7683753254433077,0,924.0,
2019-10-23,909.5,908.0,932.5,936.5,919.0,,923.0714285714286,925.0,8.243323416705566,908.0,932.5,-2.642857142857109,918.6,928.25,40.71714880608122,717.0,936.5,0.23715239154614287,920.3434098405252,920.7117030703046,-18.0,-0.017316017316017316,2,10,0,autumn,-0.935037943529103,0.3545476613388757,0.9749279121818236,-0.22252093395631434,-0.7818314824687811,0.6234898018577915,-0.9749279121812874,-0.22252093395866393,-0.9343193773325784,0.35643695254681845,-0.6660519031237305,-0.7459053977182741,0,932.5,
2019-10-25,921.5,909.5,930.0,863.5,923.5,,919.7857142857143,922.5,8.44026630137466,908.0,930.0,-2.7499999999999853,918.2833333333333,928.25,40.75085853407725,717.0,936.5,0.18120133481644257,917.6325573803939,919.9883673883494,1.5,-0.024664879356568366,4,10,0,autumn,-0.9222885739257473,0.38650198758351995,-0.433883739117558,-0.9009688679024191,0.7818314824672342,0.6234898018597312,0.9749279121823915,-0.22252093395382622,-0.9215054436983865,0.3883654428939834,-0.7157617395422811,-0.6983445655315202,0,917.5,
2019-10-26,926.0,921.5,917.5,903.0,936.0,,918.5714285714286,921.5,7.253898787484785,908.0,926.0,-1.107142857142848,918.2166666666667,928.25,40.743665328095176,717.0,936.5,0.23793103448273434,918.5994180352955,920.0858920729721,12.0,-0.00913978494623656,5,10,1,autumn,-0.915503528711595,0.40230994135941717,-0.9749279121818236,-0.2225209339563146,0.9749279121819131,-0.22252093395592232,-0.4338837391168334,-0.9009688679027681,-0.9146884593341922,0.4041596495951097,-0.7393603344263957,-0.6733099552783163,0,922.5,
2019-10-27,927.5,926.0,922.5,934.0,936.5,,919.7857142857143,922.5,7.739816658344529,908.0,926.0,-0.46428571428566406,917.8833333333333,926.25,40.63391723529823,717.0,936.5,0.41078976640710463,920.4495635264716,920.467447423103,4.5,0.009264305177111716,6,10,1,autumn,-0.9084475601484346,0.41799884026197515,-0.7818314824680299,0.6234898018587334,0.43388373911713307,-0.9009688679026239,-0.7818314824674415,0.6234898018594712,-0.9076007928230364,0.41983425404199176,-0.7620838036455596,-0.6474783982660086,1,925.0,
2019-10-28,926.5,927.5,925.0,936.0,935.0,,920.5,925.0,8.246211251236872,908.0,927.5,0.750000000000013,917.5833333333334,926.25,40.52480792639581,717.0,936.5,0.6012235817574805,922.2121726448537,920.9211604925803,1.5,0.005420054200542005,0,10,0,autumn,-0.9011227562966325,0.43356404150293626,0.0,1.0,-0.43388373911549283,-0.9009688679034137,0.7818314824651714,0.6234898018623178,-0.9002445416056285,0.43538461767645387,-0.783905251124562,-0.6208804693814562,0,926.0,
2019-10-29,926.0,926.5,926.0,924.0,932.0,,920.7142857142857,926.0,8.400680244566757,908.0,927.5,2.0357142857142914,917.3,926.25,40.42843826676543,717.0,936.5,0.7788654060066565,923.2841294836403,921.2810856220913,-1.0,0.0016216216216216215,1,10,0,autumn,-0.8935312847725092,0.4490009388996743,0.7818314824680298,0.6234898018587336,-0.974927912181508,-0.22252093395769718,0.4338837391201139,-0.9009688679011884,-0.8926218826044038,0.45080613870683933,-0.8047988484442418,-0.5935476506084599,0,908.0,
2019-10-30,926.0,926.0,908.0,924.0,934.5,,920.7142857142857,926.0,8.400680244566757,908.0,927.5,3.3571428571428785,917.1,926.0,40.368005425943124,717.0,936.5,0.9363737486095559,923.9630971127302,921.5855317109887,-0.5,0.0,2,10,0,autumn,-0.8856753921068801,0.46430496423829476,0.9749279121818236,-0.22252093395631434,-0.7818314824683692,0.6234898018583079,-0.9749279121815814,-0.22252093395737593,-0.8847350715794572,0.46609425346950234,-0.8247398654122277,-0.5655122937654146,0,909.5,
2019-10-31,932.0,926.0,909.5,932.5,926.5,,923.2857142857143,926.0,6.369570517032883,909.5,927.5,2.107142857142798,916.8166666666667,926.0,40.27138184123195,717.0,936.5,1.1137931034482509,924.4723228345476,921.8703361167314,0.0,0.019823788546255508,3,10,0,autumn,-0.8775574030802451,0.4794715886254953,0.43388373911755823,-0.900968867902419,3.295217850771126e-13,1.0,6.590435701542252e-13,1.0,-0.8765864424609037,0.48124443777953085,-0.8437046993345134,-0.5368075822125264,0,,
2019-11-01,932.5,932.0,921.5,930.0,717.0,,926.5,926.0,3.082207001488789,921.5,932.0,1.0714285714286373,917.0,926.0,40.32946214917064,717.0,936.5,1.2785317018909759,926.3542421259108,922.5238628188779,6.0,0.02473886750962067,4,11,0,autumn,-0.8691797200348181,0.49449632382879777,-0.433883739117558,-0.9009688679024191,0.781831482467646,0.6234898018592148,0.9749279121820975,-0.2225209339551142,-0.8681784066582541,0.49625220826947974,-0.861670902952074,-0.5074674915753298,0,921.5,
2019-11-02,931.0,932.5,926.0,917.5,919.0,,928.0714285714286,926.5,2.907297878169299,926.0,932.5,0.9999999999999944,924.1833333333333,926.0,14.21478306099952,863.5,936.5,-0.0007786429366189384,927.8906815944331,923.1674845724987,0.5,0.011937059142702116,5,11,1,autumn,-0.8605448221636071,0.5093747236047407,-0.9749279121818236,-0.2225209339563146,0.9749279121817661,-0.22252093395656633,-0.43388373911802375,-0.9009688679021949,-0.8595134523466995,0.5111131237163237,-0.8786172110102461,-0.47752674952988405,0,926.0,
2019-11-03,933.5,931.0,927.5,922.5,933.0,,928.7857142857143,927.5,2.927700218850179,926.0,932.5,1.0178571428571652,924.5833333333334,926.25,14.232722940423786,863.5,936.5,0.007452725250248543,928.6680111958249,923.6728081484666,-1.5,0.005399568034557235,6,11,1,autumn,-0.8516552647767522,0.5241023850146458,-0.7818314824680299,0.6234898018587334,0.4338837391181768,-0.9009688679021212,-0.781831482468886,0.6234898018576598,-0.8505941437309561,0.5258227863554429,-0.8945235654284667,-0.44702079469879663,0,927.5,
2019-11-04,933.0,933.5,926.5,925.0,925.0,,929.6428571428571,931.0,3.3380918415891707,926.0,933.5,1.339285714285727,924.6,926.25,14.243207697609984,863.5,936.5,0.12302558398217293,929.8760083968687,924.306820525985,2.5,0.00646900269541779,0,11,0,autumn,-0.8425136785453353,0.5386749497275768,0.0,1.0,-0.433883739116088,-0.9009688679031271,0.7818314824659951,0.623489801861285,-0.8414231202863655,0.5403768431821969,-0.9093711390417202,-0.41598573470488676,0,926.5,
2019-11-06,932.0,933.0,926.0,926.0,933.5,,930.5714285714286,932.0,3.2201005603979125,926.0,933.5,1.2500000000000344,924.8666666666667,927.0,14.325606043227708,863.5,936.5,0.17997775305893596,930.6570062976515,924.8676708146312,-0.5,0.007015650296815974,2,11,0,autumn,-0.8234853143448451,0.5673375865024032,0.9749279121818236,-0.22252093395631434,-0.7818314824679574,0.6234898018588243,-0.9749279121818752,-0.22252093395608794,-0.822336858456228,0.5690009588958015,-0.9358209219939095,-0.35247581755131674,0,926.0,
2019-11-07,935.0,932.0,926.0,908.0,934.0,,931.4285714285714,932.0,2.523697212241447,926.0,933.5,0.7500000000000296,924.8166666666667,927.0,14.297023643314239,863.5,936.5,0.2855394883203371,930.9927547232386,925.327821084655,-1.0,0.0064794816414686825,3,11,0,autumn,-0.8136041674061217,0.5814191764806106,0.43388373911755823,-0.900968867902419,-8.289078035716801e-13,1.0,-1.6578156071433603e-12,1.0,-0.8124272682346375,0.5830625470983403,-0.9473918246980686,-0.32007613234239146,0,932.0,
2019-11-08,934.5,935.0,932.0,909.5,935.0,,932.7142857142857,932.5,1.2863754913672263,931.0,935.0,0.3571428571429022,924.85,927.0,14.320319539875953,863.5,936.5,0.4145717463848496,931.9945660424289,925.9518326275806,3.0,0.009719222462203024,4,11,0,autumn,-0.8034822520171546,0.5953287081045576,-0.433883739117558,-0.9009688679024191,0.7818314824669238,0.6234898018601205,0.9749279121826131,-0.22252093395285544,-0.8022772578404722,0.5969515906268886,-0.9578413703832966,-0.2872975968960552,0,932.5,
2019-11-09,929.0,934.5,932.5,921.5,936.0,,933.0714285714286,933.0,1.3972762620217716,931.0,935.0,0.4464285714285996,924.8333333333334,927.0,14.308385131016232,863.5,936.5,0.5468298109009808,932.6209245318216,926.503327296769,-0.5,0.002682403433476395,5,11,1,autumn,-0.7931225635385611,0.6090620651510165,-0.9749279121818236,-0.2225209339563146,0.9749279121820239,-0.22252093395543693,-0.4338837391159363,-0.9009688679032002,-0.791889830948488,0.6106639793211772,-0.9671571907019559,-0.2541790087192497,0,931.0,
2019-11-10,929.5,929.0,931.0,926.0,936.5,,932.5714285714286,933.0,2.0902266908342564,929.0,935.0,-0.07142857142849816,924.6,927.0,14.176473954870385,863.5,936.5,0.6507230255839597,931.7156933988663,926.6644029550421,-5.5,-0.0037533512064343165,6,11,1,autumn,-0.7825281676947325,0.62261518353179,-0.7818314824680299,0.6234898018587334,0.43388373911758166,-0.9009688679024078,-0.7818314824680623,0.6234898018586927,-0.7812680614916547,0.624195655298138,-0.9753282592125789,-0.22075956781385608,1,933.5,
2019-11-11,925.5,929.5,933.5,927.5,863.5,,932.3571428571429,933.0,2.340126166730893,929.0,935.0,-0.6249999999999644,924.3666666666667,927.0,14.030713436609155,863.5,936.0,0.764404894327006,931.1617700491497,926.8473446998781,0.5,-0.001611170784103115,0,11,0,autumn,-0.7717021996665964,0.6359840524963944,0.0,1.0,-0.43388373911668315,-0.9009688679028405,0.7818314824668188,0.623489801860252,-0.7704150927515621,0.6375426141526557,-0.9823449044309832,-0.1870788302787959,0,933.0,
2019-11-12,934.5,925.5,933.0,926.5,903.0,,931.2142857142857,932.0,3.4016802570870635,925.5,935.0,-1.196428571428517,926.4333333333333,927.0,8.04591707695348,903.0,936.0,0.3519466073414624,929.7463275368623,926.7604192353699,-4.0,-0.00856989823245849,1,11,0,autumn,-0.7606478631638292,0.649164715818952,0.7818314824680298,0.6234898018587336,-0.974927912181802,-0.22252093395640918,0.4338837391177333,-0.9009688679023348,-0.7593341364280884,0.6507009061427601,-0.9881988212777748,-0.15317666148998185,1,,
2019-11-18,925.0,934.5,932.0,926.0,934.0,,931.4285714285714,932.0,3.5757117173706554,925.5,935.0,-0.589285714285685,927.4833333333333,928.25,6.848714117079814,908.0,936.0,0.24238042269185947,930.9347456526467,927.2597470266364,9.0,0.001607717041800643,0,11,0,autumn,-0.6897139054659751,0.7240819902517062,0.0,1.0,-0.4338837391172783,-0.9009688679025539,0.7818314824676424,0.6234898018592192,-0.6882488914852394,0.7254746469514556,-0.9986142431299695,0.052626926738678255,0,925.5,
2019-11-19,934.5,925.0,935.0,926.0,936.0,,930.4285714285714,929.5,4.295623464924233,925.0,935.0,-1.1964285714285174,927.1833333333333,927.0,6.749819069521875,908.0,936.0,0.2713014460511563,929.4510592394851,927.1139568958857,-9.5,-0.0075107296137339056,1,11,0,autumn,-0.6771562458534738,0.7358392614570317,0.7818314824680298,0.6234898018587336,-0.9749279121815442,-0.22252093395753858,0.43388373911982075,-0.9009688679013295,-0.6756674922611101,0.737206511027665,-0.9962129491692496,0.08694687980316537,0,934.5,
2019-11-20,932.5,934.5,934.5,932.0,924.0,,930.3571428571429,929.5,4.210248267764875,925.0,934.5,-0.10714285714283305,927.1333333333333,927.0,6.687524841506299,908.0,935.0,0.3793103448275737,930.7132944296138,927.5904758058286,9.5,-0.0005347593582887701,2,11,0,autumn,-0.6643981965841613,0.7473787770439525,0.9749279121818236,-0.22252093395631434,-0.7818314824682678,0.623489801858435,-0.9749279121816538,-0.22252093395705871,-0.6628861439444008,0.7487202148777092,-0.9926325122670158,0.12116392033304627,0,,
2019-11-21,927.0,932.5,929.0,932.5,924.0,,930.0714285714286,929.5,3.9415370460951844,925.0,934.5,0.7142857142857921,927.4166666666666,928.25,6.730121858473446,908.0,935.0,0.3923248053392429,931.1599708222104,927.9072193022268,-2.0,-0.002140181915462814,3,11,0,autumn,-0.6514435331251178,0.7586971221439182,0.43388373911755823,-0.900968867902419,-1.3267775773234093e-12,1.0,-2.6535551546468186e-12,1.0,-0.6499086288970815,0.7600123512714222,-0.9878771703193141,0.1552375481702314,0,,
2019-11-22,933.0,927.0,929.5,931.0,932.5,,929.7857142857143,929.5,4.101393491419076,925.0,934.5,0.2321428571428862,927.5166666666667,928.25,6.699824152780282,908.0,935.0,0.3660734149054236,930.1199781166579,927.8486890246638,-5.5,-0.002152852529601722,4,11,0,autumn,-0.6382960891271152,0.7697909473389706,-0.433883739117558,-0.9009688679024191,0.7818314824677475,0.6234898018590875,0.9749279121820251,-0.22252093395543143,-0.6367387875322685,0.7710795785468167,-0.9819525518695855,0.18912743290387313,0,,
2019-11-23,914.0,933.0,925.5,933.5,930.0,,930.2857142857143,932.5,4.270608298371783,925.0,934.5,0.5357142857143059,927.5333333333333,928.25,6.7132567425930585,908.0,935.0,0.43581757508341185,930.8399835874934,928.181031668234,6.0,0.0037654653039268424,5,11,1,autumn,-0.6249597552901307,0.7806569696529327,-0.9749279121818236,-0.2225209339563146,0.9749279121817299,-0.22252093395672493,-0.4338837391183169,-0.9009688679020538,-0.6233805171779959,0.7819186215987532,-0.9748656694466731,0.2227934616057887,0,,
2019-11-24,931.0,914.0,934.5,933.0,917.5,,928.6428571428571,932.5,7.448234050848247,914.0,934.5,-1.8928571428570664,927.0,927.25,7.132973457461068,908.0,935.0,0.36551724137928715,926.62998769062,927.2661263993158,-19.0,-0.01242571582928147,6,11,1,autumn,-0.6114384782119812,0.791291973522932,-0.7818314824680299,0.6234898018587334,0.43388373911966904,-0.9009688679014025,-0.7818314824709515,0.62348980185507,-0.6098377709237591,0.7925262728482512,-0.9666249112645848,0.2561957863094813,0,,
2019-11-25,933.0,931.0,925.0,932.0,922.5,,928.1428571428571,931.0,7.098792653887093,914.0,934.5,-0.8035714285713409,927.45,928.25,6.9360999674628205,908.0,935.0,0.32580645161287847,927.722490767965,927.5070214703278,17.0,-0.003745318352059925,0,11,0,autumn,-0.5977362592204096,0.8016928117509794,0.0,1.0,-0.43388373911623457,-0.9009688679030565,0.7818314824661979,0.6234898018610306,-0.596114556450548,0.8028993931918036,-0.9572400312938922,0.2892948711755329,0,925.0,
2019-11-26,933.5,933.0,934.5,935.0,925.0,,929.2857142857143,932.5,7.152255721434147,914.0,934.5,-0.7321428571428354,927.8,929.25,6.942621983085175,908.0,935.0,0.32747497219130495,929.0418680759738,927.8614071819196,2.0,0.008648648648648649,1,11,0,autumn,-0.5838571531889813,0.8118564064353119,0.7818314824680298,0.6234898018587336,-0.9749279121816912,-0.22252093395689457,0.43388373911863043,-0.9009688679019027,-0.5822149348451288,0.8130349129301168,-0.9467221377168457,0.322051539286565,0,934.5,
2019-11-27,924.0,933.5,932.5,934.5,926.0,,929.1428571428571,932.5,7.039852541747533,914.0,933.5,0.4642857142857527,928.0833333333334,930.25,6.997639174965108,908.0,935.0,0.3449388209121046,930.1564010569803,928.2251873637314,0.5,-0.001070090957731407,2,11,0,autumn,-0.5698052673371349,0.8217797498812296,0.9749279121818236,-0.22252093395631434,-0.7818314824678559,0.6234898018589515,-0.9749279121819477,-0.22252093395577072,-0.5681430193980755,0.8229298326766614,-0.935083679779343,0.3544270190184759,0,932.5,
2019-11-28,925.5,924.0,927.0,929.0,908.0,,927.9285714285714,931.0,7.097115443549704,914.0,933.5,0.3928571428571641,928.0166666666667,930.25,7.02763428745255,908.0,935.0,0.30422691879865055,928.6173007927353,927.9525946305874,-9.5,-0.009115281501340482,3,11,0,autumn,-0.555584760014732,0.8314599054911623,0.43388373911755823,-0.900968867902419,-6.662177624263456e-13,1.0,-1.3324355248526911e-12,1.0,-0.5539029743866235,0.8325812242452093,-0.9223384330557556,0.386382989931303,0,927.0,
2019-11-29,928.5,925.5,933.0,929.5,909.5,,927.7142857142857,931.0,7.152255721434026,914.0,933.5,1.7100232374646058e-14,928.6,930.25,5.952976653280368,909.5,935.0,0.14994438264735563,927.8379755945514,927.7943627189368,1.5,-0.0016181229773462784,4,11,0,autumn,-0.5411998394714944,0.8408940086336855,-0.433883739117558,-0.9009688679024191,0.7818314824681594,0.6234898018585712,0.9749279121817311,-0.22252093395671943,-0.5394990138421525,0.8419862315164928,-0.9085014831436363,0.41788162812668994,0,933.0,
2019-11-30,920.0,928.5,914.0,925.5,921.5,,927.0714285714286,928.5,6.791100619124322,914.0,933.5,0.8392857142857284,929.2333333333333,930.25,4.73747592721468,914.0,935.0,0.017575083426013507,928.0034816959135,927.8398877048119,3.0,-0.00482315112540193,5,11,1,autumn,-0.5266547626116581,0.8500792674912487,-0.9749279121818236,-0.2225209339563146,0.9749279121819877,-0.22252093395559555,-0.43388373911622946,-0.900968867903059,-0.5249354003034186,0.8511420712832198,-0.8935892078082757,0.44888565101657935,0,914.0,
2019-12-01,923.0,920.0,931.0,934.5,926.0,,927.9285714285714,928.5,5.01189062321513,920.0,933.5,-1.7857142857142585,929.1833333333333,930.25,4.828941722669529,914.0,935.0,-0.09532814238044614,926.0026112719352,927.3340884980499,-8.5,0.006564551422319475,6,12,1,winter,-0.5119538337342339,0.8590129638863552,-0.7818314824680299,0.6234898018587334,0.4338837391190739,-0.9009688679016892,-0.7818314824701277,0.6234898018561028,-0.51021644355501,0.8600460340738032,-0.8776192575974535,0.4793583614521547,0,931.0,
2019-12-02,924.0,923.0,933.0,925.0,927.5,,926.7857142857143,925.5,5.1060188573341145,920.0,933.5,-1.8749999999999898,929.0833333333334,930.25,4.927199899597504,914.0,935.0,-0.15717463848723168,925.2519584539514,927.0544698852725,3.0,-0.008592910848549946,0,12,0,winter,-0.49710140325924973,0.8676924540859421,0.0,1.0,-0.4338837391168297,-0.9009688679027699,0.7818314824670217,0.6234898018599977,-0.49534649935181113,0.8686954849542537,-0.8606105349496271,0.5092636911598123,0,933.0,
2019-12-03,924.5,924.0,933.5,934.5,926.5,,925.5,924.0,4.358898943543178,920.0,933.5,-1.2857142857142236,928.9666666666667,930.25,5.006777016402155,914.0,935.0,-0.2008898776418543,924.9389688404635,926.8574073120292,1.0,-0.00964630225080386,1,12,0,winter,-0.4821018664403299,0.8761151695837427,0.7818314824680298,0.6234898018587336,-0.9749279121818382,-0.22252093395625058,0.43388373911744016,-0.900968867902476,-0.48032996813030454,0.877087864307756,-0.8425831718208426,0.5385662434318812,0,933.5,
2019-12-04,932.5,924.5,924.0,932.5,926.0,,924.2142857142857,924.0,2.5634797778506853,920.0,928.5,-0.25000000000003403,928.9,930.25,5.053847970642132,914.0,935.0,-0.24671857619579315,924.8292266303476,926.7053165177048,0.5,-0.0096411355115158,2,12,0,winter,-0.4669596620640253,0.8842786178603729,0.9749279121818236,-0.22252093395631434,-0.7818314824685783,0.6234898018580458,-0.9749279121814322,-0.22252093395802947,-0.46517129370621285,0.8852206885922224,-0.8235585058558973,0.5672313350233765,0,924.0,
2019-12-05,930.0,932.5,925.5,927.0,926.0,,925.4285714285714,924.5,4.035556254809984,920.0,932.5,0.6071428571428281,929.1166666666667,931.0,5.0645545355635315,914.0,935.0,-0.24349276974419895,926.7469199727607,927.0791670649496,8.0,0.0091991341991342,3,12,0,winter,-0.45167927113624246,0.892180383120943,0.43388373911755823,-0.900968867902419,-1.8246473510751385e-12,1.0,-3.649294702150277e-12,1.0,-0.44987496195929616,0.8930915510753206,-0.8035590551323573,0.5952250372042437,0,925.5,
2019-12-06,922.0,930.0,928.5,933.0,932.0,,926.0714285714286,924.5,4.391550328270928,920.0,932.5,1.107142857142876,929.25,931.0,5.032223749207509,914.0,935.0,-0.25928809788656887,927.5601899795705,927.267607899469,-2.5,0.004862236628849271,4,12,0,winter,-0.4362652155561949,0.8998181270099568,-0.433883739117558,-0.9009688679024191,0.7818314824674371,0.6234898018594768,0.9749279121822467,-0.22252093395446065,-0.43444549950615413,0.9006981225465324,-0.782608491507967,0.6225142159176964,0,928.5,
2019-12-07,932.5,922.0,920.0,914.0,932.5,,925.1428571428571,924.0,4.478785974965233,920.0,932.5,1.017857142857187,928.9166666666666,930.5,5.173012417468491,914.0,935.0,-0.28709677419357577,926.1701424846779,926.9277622285356,-8.0,-0.007000538502961767,5,12,1,winter,-0.4207220567782361,0.9071895893033003,-0.9749279121818236,-0.2225209339563146,0.9749279121818407,-0.22252093395623954,-0.4338837391174198,-0.9009688679024858,-0.41888747236047225,0.9080381520065413,-0.7607316126017888,0.6490665709989092,0,920.0,
2019-12-08,932.5,932.5,923.0,931.0,931.0,,926.9285714285714,924.5,4.57737708217316,922.0,932.5,1.0714285714285923,928.9166666666666,930.5,5.173012417468491,914.0,935.0,-0.23926585094551336,927.7526068635084,927.2872614395978,10.5,0.01358695652173913,6,12,1,winter,-0.4050543944620073,0.9142925885771013,-0.7818314824680299,0.6234898018587334,0.4338837391184788,-0.9009688679019757,-0.781831482469304,0.6234898018571358,-0.40320548458191136,0.9151094673333163,-0.7379543124432493,0.6748506744061321,0,923.0,
2019-12-09,916.0,932.5,924.0,933.0,933.5,,928.2857142857143,930.0,4.6265280616015305,922.0,932.5,1.1071428571429014,928.9666666666667,930.5,5.201016699902293,914.0,935.0,-0.20177975528366596,928.9394551476313,927.6235671531722,0.0,0.010292524377031419,0,12,0,winter,-0.3892668651112589,0.9211250228532786,0.0,1.0,-0.43388373911742484,-0.9009688679024833,0.7818314824678454,0.6234898018589649,-0.3874041769134287,0.9219099759249971,-0.7143035508230048,0.6998360074200577,0,924.0,
2019-12-10,933.0,916.0,924.5,933.5,933.0,,927.1428571428571,930.0,6.478903493355491,916.0,932.5,-0.8214285714285077,928.3833333333333,929.75,5.63805318156715,914.0,935.0,-0.2541713014460783,925.7045913607235,926.8736595949031,-16.5,-0.008658008658008658,1,12,0,winter,-0.3733641407017845,0.9276848702215738,0.7818314824680298,0.6234898018587336,-0.9749279121819852,-0.22252093395560657,0.4338837391162499,-0.9009688679030492,-0.37148822540826193,0.9284376653190134,-0.6898073213831002,0.7239929967660408,0,924.5,
2019-12-11,930.5,933.0,932.5,924.0,932.0,,928.3571428571429,932.5,6.693991620068575,916.0,933.0,-0.571428571428513,928.3833333333333,929.75,5.63805318156715,914.0,935.0,-0.19254727474975503,927.5284435205426,927.2689073629739,17.0,0.009194159004867496,2,12,0,winter,-0.35735092729884943,0.9339701894378923,0.9749279121818236,-0.22252093395631434,-0.7818314824693005,0.6234898018571401,-0.9749279121809166,-0.22252093396028824,-0.35546234004599914,0.9346906037877039,-0.6644946184827701,0.747293049618045,0,932.5,
2019-12-12,934.0,930.5,930.0,925.5,935.0,,928.0714285714286,930.5,6.5283265557929875,916.0,933.0,0.2500000000000406,928.3333333333334,929.75,5.611461997300254,914.0,935.0,-0.15394883203561693,928.271332640407,927.4773649524594,-2.5,-0.0021447721179624667,3,12,0,winter,-0.3412319636645278,0.9399791204987749,0.43388373911755823,-0.900968867902419,-1.1640875361780746e-12,1.0,-2.3281750723561493e-12,1.0,-0.3393312633386024,0.9406669409100269,-0.6383954028797157,0.7697085874420562,0,930.0,
2019-12-14,913.5,934.0,922.0,928.5,934.5,,928.6428571428571,932.5,6.890296835130929,916.0,934.0,1.1607142857142887,928.3,929.75,5.5733355331915675,914.0,934.5,-0.07141268075641163,929.7034994803053,927.8981801168169,3.5,0.004301075268817204,5,12,1,winter,-0.30869589581084605,0.9511607876219137,-0.9749279121818236,-0.2225209339563146,0.9749279121816937,-0.22252093395688355,-0.43388373911861006,-0.9009688679019126,-0.3067726601696308,0.9517828192252937,-0.5839618947149884,0.8117810699448964,0,932.5,
2019-12-15,933.0,913.5,932.5,920.0,929.0,,927.4285714285714,932.5,8.753230696095653,913.5,934.0,-1.4107142857142347,927.6,929.25,6.064879110147844,913.5,934.5,-0.1241379310345105,925.6526246102289,926.9692652705708,-20.5,-0.009219088937093275,6,12,1,winter,-0.2922884199328186,0.9563302147130855,-0.7818314824680299,0.6234898018587334,0.43388373911788364,-0.9009688679022624,-0.7818314824684803,0.6234898018581686,-0.29035476871828003,0.9569190709159026,-0.5556920310357966,0.8313882165651082,0,932.5,
2019-12-16,932.5,933.0,932.5,923.0,929.5,,927.5,932.5,8.803408430830848,913.5,934.0,-0.08928571428567668,927.7333333333333,929.75,6.140219772173701,913.5,934.5,-0.07964404894329524,927.4894684576717,927.358344930534,19.5,0.0005361930294906167,0,12,0,winter,-0.27579444765677436,0.9612166366858694,0.0,1.0,-0.4338837391163812,-0.9009688679029859,0.7818314824664009,0.6234898018607762,-0.2738509530908619,0.9617721432289597,-0.526764436158983,0.8500113109824531,0,916.0,
2019-12-17,868.0,932.5,916.0,924.0,925.5,,927.5,932.5,8.803408430830848,913.5,934.0,1.1607142857142978,927.8333333333334,930.25,6.194175981676031,913.5,934.5,-0.03670745272527281,928.7421013432538,927.6900646124351,-0.5,0.0,1,12,0,winter,-0.2592188600149208,0.9658186075100049,0.7818314824680298,0.6234898018587336,-0.9749279121817274,-0.22252093395673597,0.4338837391183373,-0.9009688679020439,-0.25726609723256116,0.966340600003294,-0.49721334952043794,0.8676283104294528,0,933.0,
2019-12-18,930.0,868.0,933.0,924.5,934.5,,920.6428571428571,932.5,24.30314500518142,868.0,934.0,-6.857142857142841,925.9166666666666,930.25,12.56300214871121,868.0,934.5,-0.43882091212459956,913.5565760074403,923.8390927019555,-64.5,-0.05240174672489083,2,12,0,winter,-0.24256656219175124,0.9701347653323611,0.9749279121818236,-0.22252093395631434,-0.7818314824688887,0.6234898018576566,-0.9749279121812106,-0.22252093395900024,-0.24060510907065677,0.970623089303514,-0.4670737485367396,0.8842183629781947,0,930.5,
2019-12-19,840.5,930.0,930.5,932.5,925.0,,920.2142857142857,930.5,24.07428978332374,868.0,934.0,-4.089285714285714,925.7666666666667,930.0,12.483598434949517,868.0,934.5,-0.3532814238042571,917.6674320055802,924.2365705921519,62.0,-0.003215434083601286,3,12,0,winter,-0.22584248207247404,0.9741638328799443,0.43388373911755823,-0.900968867902419,-5.035277212810109e-13,1.0,-1.0070554425620218e-12,1.0,-0.22387291906196094,0.9746183438201216,-0.436381307204689,0.8997618322213534,0,934.0,
2019-12-20,922.5,840.5,934.0,930.0,934.5,,907.3571428571429,930.0,37.79077740855383,840.5,934.0,-11.16071428571426,922.95,930.0,19.95786509901193,840.5,934.5,-0.9086763070078082,898.3755740041852,918.83421119911,-89.5,-0.09672219236969372,4,12,0,winter,-0.20905156878470177,0.9779046178378825,-0.433883739117558,-0.9009688679024191,0.7818314824682607,0.6234898018584439,0.9749279121816588,-0.22252093395703665,-0.20707447873408832,0.97832518124446,-0.4051723538772581,0.9142403205140112,0,,
2019-12-21,916.5,922.5,913.5,922.0,932.5,,905.7142857142857,922.5,36.67294318574343,840.5,933.0,-5.732142857142855,922.55,929.25,19.838290214146554,840.5,934.0,-0.831924360400461,904.4066805031389,919.0707137023933,82.0,-0.012312633832976445,5,12,1,winter,-0.1921987912338717,0.9813560132022622,-0.9749279121818236,-0.2225209339563146,0.9749279121823562,-0.2225209339539808,-0.4338837391132449,-0.9009688679044963,-0.19021475921999487,0.9817425046186395,-0.3734838282641384,0.9276366907497587,0,913.5,
2019-12-23,926.5,916.5,933.0,932.5,927.0,,906.1428571428571,922.5,36.796415456891914,840.5,933.0,-3.4642857142857064,922.0166666666667,927.75,19.77654625077918,840.5,934.0,-0.8023359288098123,907.4300103773542,918.9048612054647,-6.0,0.003284072249589491,0,12,0,winter,-0.15832760902584103,0.9873866356297114,0.0,1.0,-0.4338837391169763,-0.9009688679026994,0.7818314824672246,0.6234898018597433,-0.15633145635921109,0.9877046500612459,-0.308818612793679,0.9511209515052161,0,932.5,
2019-12-24,928.0,926.5,932.5,932.5,933.0,,905.2142857142857,922.5,36.08076258300857,840.5,932.5,2.553571428571448,922.0,927.5,19.772411988983073,840.5,934.0,-0.7390433815350566,912.1975077830157,919.3948701599509,10.0,-0.006966773847802787,1,12,0,winter,-0.14131922780801567,0.9899640780612932,0.7818314824680298,0.6234898018587336,-0.9749279121818744,-0.22252093395609196,0.433883739117147,-0.9009688679026171,-0.139317900038796,0.9902477077624467,-0.27591846232739087,0.9611810454575601,0,868.0,
2019-12-25,922.0,928.0,868.0,916.0,914.0,,904.5714285714286,922.5,35.54976391322053,840.5,930.0,8.892857142857164,921.8333333333334,927.25,19.69742383529224,840.5,934.0,-0.6244716351501951,916.1481308372618,919.9500398270509,1.5,-0.00482573726541555,2,12,0,winter,-0.1242690262396651,0.9922485621644637,0.9749279121818236,-0.22252093395631434,-0.7818314824684768,0.623489801858173,-0.9749279121815045,-0.22252093395771225,-0.12226311561731959,0.99249772320119,-0.2426917277633471,0.9701034611190918,1,930.0,
2019-12-26,897.5,922.0,930.0,933.0,931.0,,912.2857142857143,922.5,31.96985186971371,840.5,930.0,5.535714285714312,922.1,927.25,19.641792178923303,840.5,934.0,-0.6774193548387275,917.6110981279463,920.08229532208,-6.0,0.06221198156682028,3,12,0,winter,-0.10718204995695312,0.9942394118958598,0.43388373911755823,-0.900968867902419,-1.6619573099298036e-12,1.0,-3.3239146198596072e-12,1.0,-0.10517215008702602,0.9944540305343792,-0.20917773710801937,0.9778776376921442,0,840.5,
2019-12-31,903.0,897.5,840.5,930.5,933.0,,907.6428571428571,922.0,31.321869736807376,840.5,928.0,6.482142857142902,920.9833333333333,926.0,20.066047552216844,840.5,934.0,-0.7747497219132595,912.5833235959598,918.6253730432361,-24.5,-0.03494623655913978,1,12,0,winter,-0.021372823010177244,0.999771575129327,0.7818314824680298,0.6234898018587336,-0.9749279121820214,-0.22252093395544797,0.43388373911595673,-0.9009688679031903,-0.0193519161386577,0.9998127341366294,-0.03869658437074824,0.9992510066835247,0,928.0,914.5
2020-01-03,856.0,903.0,922.5,934.0,933.5,,916.5714285714286,922.0,11.844227044671404,897.5,928.0,-3.6071428571428474,919.9833333333333,925.0,20.193667210348632,840.5,934.0,-0.8078976640712157,910.1874926969698,917.6172844598016,5.5,0.074360499702558,4,1,0,winter,0.03439876667506451,0.999408187304484,-0.433883739117558,-0.9009688679024191,0.7818314824690844,0.6234898018574111,0.9749279121810708,-0.22252093395961264,0.03224961426937046,0.9994798459095995,0.06446567900118881,0.9979199247589536,0,,912.0
2020-01-04,911.5,856.0,916.5,913.5,924.0,,907.0714285714286,916.5,25.31045332701596,856.0,928.0,-9.249999999999945,917.4,924.25,23.146236753780887,840.5,934.0,-1.127474972191342,896.6406195227273,913.6419757849758,-47.0,-0.07208672086720867,5,1,1,winter,0.05158542517783902,0.9986685856224885,-0.9749279121818236,-0.2225209339563146,0.974927912182467,-0.2225209339534954,-0.4338837391123478,-0.9009688679049283,0.04943782343575964,0.9987772031909492,0.09875474204603196,0.9951118032278693,0,,877.0
2020-01-06,923.5,911.5,926.5,933.0,925.5,,906.3571428571429,911.5,25.0694274062292,856.0,928.0,-7.428571428571428,916.9833333333333,924.25,23.13583700718425,840.5,934.0,-1.1200222469410728,900.3554646420455,913.5037837988483,55.5,-0.005455537370430988,0,1,0,winter,0.08590786393085985,0.9963030858703775,0.0,1.0,-0.4338837391165277,-0.9009688679029153,0.7818314824666037,0.6234898018605218,0.08376526947718375,0.9964855140088162,0.16694175522211693,0.9859667592588296,0,,874.5
2020-01-07,915.5,923.5,928.0,932.5,928.5,,905.9285714285714,911.5,24.690464710471787,856.0,928.0,-2.714285714285706,916.9166666666666,923.75,23.113320287501995,840.5,934.0,-1.0192436040044723,906.1415984815342,914.1487009731162,12.0,-0.0032379924446842958,1,1,0,winter,0.1030334872021744,0.9946778878184431,0.7818314824680298,0.6234898018587336,-0.9749279121813589,-0.22252093395835074,0.43388373912132183,-0.9009688679006066,0.10089434789137545,0.9948971457208902,0.2007589974729999,0.9796406611271482,0,903.0,884.0
2020-01-08,900.5,915.5,922.0,868.0,920.0,,904.1428571428571,911.5,23.237387772213008,856.0,923.5,1.4642857142857892,916.4833333333333,923.25,23.01029879368627,840.5,934.0,-0.9484983314794441,908.4811988611507,914.2358815554958,-8.0,-0.013469827586206896,2,1,0,winter,0.12012861995484278,0.9927583364886667,0.9749279121818236,-0.22252093395631434,-0.7818314824676531,0.6234898018592059,-0.9749279121820925,-0.22252093395513625,0.11799356881871138,0.9930143592705113,0.23433861627710734,0.972155035434848,0,,
2020-01-09,904.5,900.5,897.5,930.0,923.0,,901.0714285714286,903.0,21.864027860522803,856.0,923.5,3.6250000000000164,915.8333333333334,923.25,23.182310933767834,840.5,934.0,-1.0273637374861084,906.485899145863,913.3496956486897,-15.0,-0.023318872017353578,3,1,0,winter,0.13718820325629746,0.9905449999304973,0.43388373911755823,-0.900968867902419,-3.408376801356763e-13,1.0,-6.816753602713526e-13,1.0,0.135057872116761,0.9908377118273671,0.2676408659448893,0.9635187423585853,0,,838.5
2020-01-10,868.0,904.5,903.0,840.5,924.0,,902.0714285714286,904.5,21.833515084667066,856.0,923.5,3.482142857142905,915.2166666666667,923.0,23.2311040504386,840.5,934.0,-1.051056729699695,905.9894243593972,912.7787475423227,4.0,0.007799442896935933,4,1,0,winter,0.15420718869405753,0.9880385331327293,-0.433883739117558,-0.9009688679024191,0.7818314824672281,0.6234898018597389,0.9749279121823959,-0.2225209339538071,0.15208220797626307,0.9883678475229072,0.3006263290880605,0.9537420040341293,0,856.0,880.0
2020-01-11,852.0,868.0,856.0,922.5,924.5,,897.0714285714286,904.5,25.315391516211033,856.0,923.5,-0.03571428571420306,913.35,922.25,24.704163407312056,840.5,934.0,-1.2951056729699817,896.4920682695479,909.8897960879793,-36.5,-0.03875968992248062,5,1,1,winter,0.17118053986969634,0.9852396778296737,-0.9749279121818236,-0.2225209339563146,0.97492791218232,-0.22252093395413938,-0.43388373911353806,-0.900968867904355,0.16906153841539406,0.9856054972597404,0.33325596327480234,0.9428363924572405,0,911.5,887.5
2020-01-12,873.5,852.0,911.5,916.5,932.5,,896.5,904.5,26.418112473578965,852.0,923.5,-10.732142857142877,910.9333333333333,922.0,27.013959779871346,840.5,934.0,-1.6140155728587495,885.3690512021609,906.1549705339162,-16.0,-0.004672897196261682,6,1,1,winter,0.18810323388925426,0.9821492622816578,-0.7818314824680299,0.6234898018587334,0.4338837391171419,-0.9009688679026195,-0.7818314824674537,0.6234898018594559,0.18599083877087363,0.9825514784953036,0.365491147241807,0.9308148157866137,0,,887.0
2020-01-13,913.5,873.5,923.5,926.5,930.0,,891.0714285714286,900.5,26.724565121857104,852.0,923.5,-11.053571428571432,908.9666666666667,919.25,27.53240514981087,840.5,934.0,-1.7067853170189344,882.4017884016207,904.0481982414055,21.5,-0.041689522764673616,0,1,0,winter,0.20497026284965483,0.9787682010299187,0.0,1.0,-0.43388373911712286,-0.9009688679026288,0.7818314824674274,0.6234898018594889,0.20286509918456763,0.9792066950000063,0.39729372660673795,0.917691503065671,0,923.5,886.5
2020-01-14,907.5,913.5,915.5,928.0,922.0,,889.6428571428571,900.5,24.907686707979472,852.0,915.5,-4.01785714285712,908.4166666666666,916.25,27.26121513386208,840.5,934.0,-1.532480533926604,890.1763413012155,904.6579919032504,40.0,-0.010828370330265295,1,1,0,winter,0.2217766353206845,0.9750974946259662,0.7818314824680298,0.6234898018587336,-0.9749279121815058,-0.22252093395770675,0.43388373912013156,-0.9009688679011798,0.2196793260862159,0.9755721365897583,0.42862605902905576,0.903481987380612,0,915.5,887.5
2020-01-15,907.0,907.5,900.5,922.0,932.5,,888.5,900.5,23.676641090605166,852.0,913.5,1.5892857142857357,907.9333333333333,915.75,27.140354650864648,840.5,934.0,-1.4447163515016888,894.5072559759117,904.841347264331,-6.0,-0.008738394320043691,2,1,0,winter,0.23851737782209795,0.9711382293354899,0.9749279121818236,-0.22252093395631434,-0.7818314824695095,0.6234898018568781,-0.9749279121807675,-0.2225209339609418,0.23642854367133642,0.9716488788330129,0.4594510587647521,0.888203087474902,0,900.5,859.5
2020-01-16,863.5,907.0,904.5,897.5,932.5,,889.4285714285714,904.5,24.343768147496135,852.0,913.5,5.285714285714293,907.0833333333334,914.5,26.740800330185472,840.5,934.0,-1.2813125695217138,897.6304419819337,904.9806151827613,-0.5,0.007218212104386452,3,1,0,winter,0.2551875362954114,0.9668915768169035,0.43388373911755823,-0.900968867902419,3.197221347613874e-13,1.0,6.394442695227748e-13,1.0,0.2531077953733731,0.9674380827325492,0.4897322405613569,0.8718728878424614,0,904.5,883.0
2020-01-18,910.5,863.5,868.0,903.0,916.0,,883.5714285714286,873.5,25.035688811888367,852.0,913.5,4.660714285714327,904.7833333333333,913.5,27.43760424010771,840.5,934.0,-1.387208008898797,889.0978314864503,902.304446461293,-43.5,-0.04532891100055279,5,1,1,winter,0.28829639082270425,0.9575412215871454,-0.9749279121818236,-0.2225209339563146,0.974927912182173,-0.2225209339547834,-0.4338837391147284,-0.9009688679037818,0.28623667984720313,0.9581589445963805,0.5485204701343365,0.8361371262200995,0,852.0,879.5
2020-01-19,919.5,910.5,852.0,856.0,933.0,,889.6428571428571,907.0,25.772586026167232,852.0,913.5,5.32142857142857,904.6,912.5,27.378383116410664,840.5,934.0,-1.2729699666296166,894.4483736148377,902.833191850887,47.0,0.048963133640553,6,1,1,winter,0.3047252890315972,0.9524402859101507,-0.7818314824680299,0.6234898018587334,0.43388373911654676,-0.9009688679029062,-0.78183148246663,0.6234898018604887,0.302676508846538,0.9530933485196881,0.5769579346695918,0.8167738619849432,0,873.5,877.0
2020-01-20,919.5,919.5,873.5,911.5,930.5,,899.2857142857143,907.5,21.636884292909762,863.5,919.5,3.1428571428571765,904.15,912.5,27.003879031698673,840.5,934.0,-0.9809788654060294,900.7112802111283,903.9084697959912,9.0,0.07922535211267606,0,1,0,winter,0.32106401042167637,0.9470574962545567,0.0,1.0,-0.433883739117718,-0.9009688679023421,0.7818314824682511,0.623489801858456,0.31902676731897567,0.9477457052047265,0.6047124971438135,0.7964438434680083,0,913.5,898.5
2020-01-21,903.5,919.5,913.5,923.5,934.0,,905.8571428571429,910.5,19.366453568207312,863.5,919.5,1.6250000000000648,903.7833333333333,912.5,26.706799900391186,840.5,934.0,-0.7002224694104805,905.4084601583462,904.9143749704435,0.0,0.05266170578133944,1,1,0,winter,0.33730771990385844,0.9413944455398386,0.7818314824680298,0.6234898018587336,-0.9749279121816528,-0.22252093395706274,0.43388373911894124,-0.900968867901753,0.3352826167612306,0.9421175971701949,0.6317513065520518,0.7751711337954835,0,907.5,875.0
2020-01-22,884.0,903.5,907.5,915.5,913.5,,904.4285714285714,907.5,19.075351834738278,863.5,919.5,2.464285714285748,902.7666666666667,911.0,26.09027211147037,840.5,933.0,-0.49365962180202155,904.9313451187596,904.8231249723505,-16.0,-0.010946907498631636,2,1,0,winter,0.3534516105057668,0.9354528096226339,0.9749279121818236,-0.22252093395631434,-0.7818314824690976,0.6234898018573946,-0.9749279121810615,-0.2225209339596538,0.3514392466084766,0.9362106899321682,0.6580423590731266,0.7529809118865327,0,907.0,885.5
2020-01-23,919.0,884.0,907.0,900.5,933.0,,901.0714285714286,907.0,20.462218378083655,863.5,919.5,0.714285714285734,901.7833333333333,909.0,26.227349286092675,840.5,933.0,-0.5407119021134824,899.6985088390697,903.4796975547795,-19.5,-0.025895316804407712,3,1,0,winter,0.3694909047942504,0.929234346800809,0.43388373911755823,-0.900968867902419,9.802819496584512e-13,1.0,1.9605638993169024e-12,1.0,0.3674918756576063,0.9300267315113337,0.6835545359496261,0.7298994426513088,0,863.5,856.0
2020-01-24,919.0,919.0,863.5,904.5,932.5,,902.7857142857143,910.5,21.51715815896932,863.5,919.5,3.4821428571429074,901.3166666666667,909.0,25.773376845554825,840.5,932.5,-0.21434927697443285,904.5238816293023,904.481007389955,35.0,0.013230429988974642,4,1,0,winter,0.3854208562891614,0.9227408972931294,-0.433883739117558,-0.9009688679024191,0.7818314824680518,0.623489801858706,0.974927912181808,-0.2225209339563831,0.3834357534822871,0.9235675519156521,0.7082576403211388,0.7059540459029415,0,,849.0
2020-01-25,921.0,919.0,910.5,868.0,868.0,,910.7142857142857,919.0,13.27546968050867,884.0,919.5,-0.392857142857139,900.8666666666667,909.0,25.324083308232336,840.5,930.0,0.1147942157953115,908.1429112219768,905.4177165906032,0.0,0.06427330631152287,5,1,1,winter,0.4012367508679725,0.9159743826946868,-0.9749279121818236,-0.2225209339563146,0.974927912182026,-0.22252093395542738,-0.43388373911591865,-0.9009688679032086,0.39926616183890273,0.9168350625987376,0.7321224329662562,0.6811730640208623,0,910.5,849.5
2020-01-26,922.0,921.0,919.5,852.0,930.0,,912.2142857142857,919.0,13.82888626166641,884.0,921.0,0.6785714285714042,902.6333333333333,911.0,24.795346244855963,840.5,930.0,0.018020022246918413,911.3571834164826,906.423025197661,2.0,0.011532125205930808,6,1,1,winter,0.4169339081608189,0.9089368054082451,-0.7818314824680299,0.6234898018587334,0.43388373911922934,-0.9009688679016143,-0.7818314824703428,0.6234898018558331,0.4149784160624988,0.9098312558943332,0.7551206669103688,0.6555858284045193,1,919.5,867.0
2020-01-31,921.5,922.0,919.5,873.5,840.5,,912.5714285714286,919.0,14.078436736811081,884.0,922.0,2.767857142857173,902.3666666666667,911.0,24.53250248468169,840.5,928.0,0.3317018909899718,914.0178875623619,907.427991313941,1.0,0.0027188689505165853,4,1,0,winter,0.4934773587053823,0.8697586426389562,-0.433883739117558,-0.9009688679024191,0.7818314824661954,0.6234898018610339,0.974927912183133,-0.22252093395057754,0.4916059362240561,0.8708177785675194,0.8561983786264763,0.5166472069385387,0,919.0,
2020-02-01,912.0,921.5,903.5,913.5,922.5,,912.8571428571429,919.0,14.26158676805874,884.0,922.0,4.714285714285701,905.0666666666667,912.5,21.793202567794292,852.0,928.0,0.028476084538350873,915.8884156717714,908.3358628420739,-0.5,0.002175095160413268,5,2,1,winter,0.5083658678369077,0.8611411872732762,-0.9749279121818236,-0.2225209339563146,0.9749279121818791,-0.2225209339560714,-0.4338837391171089,-0.9009688679026354,0.5065129414396043,0.8622323585636298,0.8734636962809436,0.48688928030839984,0,921.0,909.0
2020-02-02,921.5,912.0,884.0,907.5,916.5,,914.0714285714286,919.0,13.682192110637553,884.0,922.0,3.2857142857143407,904.7166666666667,911.75,21.5869066850691,852.0,928.0,0.1934371523915183,914.9163117538286,908.5722587877466,-9.5,0.009407858328721638,6,2,1,winter,0.523103937151309,0.852268895910674,-0.7818314824680299,0.6234898018587334,0.43388373911863415,-0.9009688679019009,-0.7818314824695191,0.623489801856866,0.521270055171278,0.8533917796544168,0.8896951601263461,0.4565550591634655,0,922.0,897.0
2020-02-03,920.5,921.5,919.0,907.0,926.5,,919.4285714285714,921.0,3.493190655030957,912.0,922.0,-0.21428571428570767,904.8833333333333,911.75,21.700025160216267,852.0,928.0,0.382981090100082,916.5622338153714,909.406306607892,9.5,0.04242081447963801,0,2,0,winter,0.5376872052376563,0.8431443941127276,0.0,1.0,-0.4338837391156306,-0.9009688679033474,0.781831482465362,0.6234898018620788,0.5358729103723182,0.8442986580168782,0.9048735581898941,0.4256804478582029,0,,903.5
2020-02-04,919.5,920.5,919.0,863.5,928.0,885.0,919.6428571428571,921.0,3.5084930966924466,912.0,922.0,-0.1607142857142382,904.6833333333333,911.75,21.520833263789115,852.0,928.0,0.6328142380422531,917.5466753615285,910.1220287622216,-1.0,0.001632208922742111,1,2,0,winter,0.5521113564950746,0.8337703820772051,0.7818314824680298,0.6234898018587336,-0.9749279121819467,-0.22252093395577474,0.4338837391165607,-0.9009688679028994,0.550317185645566,0.8349556845624465,0.918980924934345,0.3943019903662874,0,,895.5
2020-02-05,919.0,919.5,921.0,910.5,922.0,914.5,919.7142857142857,921.0,3.4982989063414824,912.0,922.0,-0.2678571428570944,904.4,911.75,21.257615268334956,852.0,923.5,0.8892102335928587,918.0350065211464,910.727059164659,-1.0,0.000544069640914037,2,2,0,winter,0.5663721224098525,0.8241496338390009,0.9749279121818236,-0.22252093395631434,-0.7818314824682739,0.6234898018584274,-0.9749279121816493,-0.2225209339570778,0.5645986065219968,0.8253656241408528,0.9320005625221672,0.36245682702683885,0,,878.5
2020-02-06,920.5,919.0,922.0,919.5,897.5,916.0,919.4285714285714,920.5,3.457221565418624,912.0,922.0,-0.16071428571427027,904.3,911.75,21.17887691985112,852.0,923.5,1.1047830923247788,918.2762548908598,911.2607972830681,-0.5,-0.002171552660152009,3,2,0,winter,0.5804652828186154,0.8142849964492191,0.43388373911755823,-0.900968867902419,-1.3365772276391344e-12,1.0,-2.673154455278269e-12,1.0,0.5787129467258497,0.81553131472181,0.94391706057973,0.33018265058376767,0,,897.0
2020-02-07,923.5,920.5,921.5,919.5,903.0,912.0,919.2142857142857,920.5,3.3148295941284482,912.0,921.5,0.3214285714285767,905.0666666666667,912.75,21.33991457393831,852.0,923.5,1.1624026696329064,918.8321911681448,911.856874877709,1.5,-0.0016268980477223427,4,2,0,winter,0.5943866671571916,0.8041793891326524,-0.433883739117558,-0.9009688679024191,0.7818314824666073,0.6234898018605174,0.974927912182839,-0.22252093395186553,0.5926560294252076,0.8054556665552409,0.9547163144373261,0.29751766157189496,0,921.5,893.5
2020-02-08,924.0,923.5,912.0,903.5,856.0,877.0,919.5,920.5,3.6170890690371365,912.0,923.5,1.1071428571428912,905.75,914.5,21.598112146108015,852.0,923.5,1.2670745272524855,919.9991433761086,912.6080442404375,3.0,0.002170374389582203,5,2,1,winter,0.6081321556947994,0.7938358024238994,-0.9749279121818236,-0.2225209339563146,0.9749279121817321,-0.22252093395671538,-0.43388373911829925,-0.9009688679020622,0.6064237284682232,0.7951416613099195,0.9643855418239571,0.2645005231013973,0,912.0,817.0
2020-02-09,923.5,924.0,921.5,884.0,911.5,894.5,921.2142857142857,920.5,1.9117431586844762,919.0,924.0,0.5178571428571511,908.0166666666667,917.25,19.679975527972775,852.0,924.0,1.041713014460488,920.9993575320814,913.3430091281513,0.5,0.013157894736842105,6,2,1,winter,0.6216976807531925,0.7832572972823819,-0.7818314824680299,0.6234898018587334,0.433883739118039,-0.9009688679021876,-0.7818314824686954,0.6234898018578989,0.6200119696038879,0.7845923511913098,0.9729132979965387,0.231170315095815,0,921.5,855.0
2020-02-10,922.5,923.5,920.5,919.0,923.5,874.5,921.5,920.5,2.101586702156651,919.0,924.0,0.8035714285714349,908.4166666666666,919.0,19.874209302568424,852.0,924.0,1.165628476084523,921.624518149061,913.998298861819,-0.5,0.002170374389582203,0,2,0,winter,0.6350792279104001,0.7724470041865203,0.0,1.0,-0.43388373911622574,-0.9009688679030607,0.7818314824661857,0.623489801861046,0.6334167316878584,0.7738108580382363,0.9802894892863141,0.19756648803574328,0,920.5,875.0
2020-02-11,923.0,922.5,919.5,919.0,915.5,884.0,921.7857142857143,922.5,2.0788046015543626,919.0,924.0,0.7678571428571926,908.3833333333333,919.0,19.84886139934916,852.0,924.0,1.3605116796440186,921.8433886117957,914.5467957094436,-1.0,0.0021727322107550242,1,2,0,winter,0.6482728371887081,0.7614081222073368,0.7818314824680298,0.6234898018587336,-0.9749279121812843,-0.2225209339586775,0.4338837391219258,-0.9009688679003157,0.6466340478725566,0.7628003723989338,0.9865053850460324,0.16372881626390434,0,919.5,861.0
2020-02-12,921.5,923.0,919.0,921.0,900.5,838.5,922.2857142857143,923.0,1.845199692384806,919.0,924.0,0.5714285714285581,908.6333333333333,919.0,19.98832992856912,852.0,924.0,1.503893214682964,922.1325414588468,915.0921637281891,0.5,0.0038064165307232192,2,2,0,winter,0.6612746042265288,0.7501439180617594,0.9749279121818236,-0.22252093395631434,-0.781831482467862,0.6234898018589439,-0.9749279121819433,-0.2225209339557898,0.6596600067808069,0.7515641525870866,0.9915536279836181,0.12969735090789147,0,919.0,1000.0
2020-02-13,898.0,921.5,920.5,922.0,904.5,880.0,922.6428571428571,923.0,1.2488089563816192,920.5,924.0,0.017857142857210025,909.3333333333334,919.25,20.061256764931375,852.0,924.0,1.530812013348132,921.9744060941351,915.5055725199189,-1.5,0.002720348204570185,3,2,0,winter,0.6740806814338108,0.738657725145909,0.43388373911755823,-0.900968867902419,-6.760174127420707e-13,1.0,-1.3520348254841414e-12,1.0,0.6724907536635005,0.7401055237174609,0.9954282428705501,0.0955123724741941,0,920.5,871.0
2020-02-14,882.0,898.0,923.5,921.5,868.0,887.5,919.4285714285714,923.0,9.484322904266607,898.0,924.0,-2.92857142857144,909.1166666666667,919.25,20.15016186010685,852.0,924.0,1.424360400444917,915.9808045706013,914.3761807444403,-23.5,-0.024443237370994023,4,2,0,winter,0.6866872791306503,0.7269529425486524,-0.433883739117558,-0.9009688679024191,0.7818314824670191,0.6234898018600009,0.974927912182545,-0.22252093395315353,0.6851224915402384,0.7284278767219826,0.9981246436142608,0.06121434317139182,0,923.5,874.5
2020-02-15,921.5,882.0,924.0,912.0,852.0,887.0,913.5,922.5,16.723237326148364,882.0,924.0,-6.3571428571428354,909.5833333333334,919.25,19.309673890232474,852.0,924.0,0.9658509454949722,907.485603427951,912.2873948899603,-16.0,-0.04493773687060097,5,2,1,winter,0.6990906666687643,0.7150330340457165,-0.9749279121818236,-0.2225209339563146,0.9749279121815851,-0.2225209339573594,-0.4338837391194895,-0.900968867901489,0.6975514823231318,0.7165346673461107,0.9996396386863834,0.026843859017603222,0,924.0,885.0
2020-02-16,922.5,921.5,923.5,921.5,873.5,886.5,913.1428571428571,921.5,16.486646833408518,882.0,923.5,-3.9999999999999494,911.9,919.5,16.05829896088755,863.5,924.0,0.6456062291434681,910.9892025709632,912.881756509963,39.5,-0.0027056277056277055,6,2,1,winter,0.7112871735354942,0.7029015270746591,-0.7818314824680299,0.6234898018587334,0.4338837391174439,-0.9009688679024741,-0.7818314824678717,0.6234898018589318,0.7097740479227569,0.7044294151264157,0.9999714349002723,-0.007558398209311961,0,923.5,893.0
2020-02-17,921.0,922.5,922.5,920.5,913.5,887.5,913.0,921.5,16.385969608174403,882.0,923.0,-1.517857142857108,913.5333333333333,919.5,14.426946371606068,863.5,924.0,0.4491657397107656,913.8669019282224,913.50228834803,1.0,-0.0010828370330265296,0,2,0,winter,0.723273190440015,0.6905620116910007,0.0,1.0,-0.4338837391168209,-0.9009688679027742,0.7818314824670094,0.623489801860013,0.7217865713367344,0.6921157023489362,0.9991196395335089,-0.04195170912407747,0,922.5,896.5
2020-02-18,917.0,921.0,923.0,919.5,907.5,859.5,912.7857142857143,921.5,16.25027472295296,882.0,923.0,0.6964285714286094,913.7833333333333,920.0,14.49118836499917,863.5,924.0,0.4971078976640541,915.6501764461668,913.9860116804151,-1.5,-0.0016260162601626016,1,2,0,winter,0.7350451703814259,0.6780181395058251,0.7818314824680298,0.6234898018587336,-0.9749279121814313,-0.22252093395803352,0.4338837391207355,-0.9009688679008889,0.7335854977202181,0.6795971729889553,0.9970852607927118,-0.0762953649308401,0,923.0,894.0
2020-02-19,922.5,917.0,921.5,919.0,907.0,883.0,911.9285714285714,921.0,15.772942473924434,882.0,922.5,2.607142857142891,914.1,920.0,14.452896142176979,863.5,924.0,0.4745272525027653,915.9876323346251,914.1804625397432,-4.0,-0.0065005417118093175,2,2,0,winter,0.7465996296984081,0.6652736226051653,0.9749279121818236,-0.22252093395631434,-0.7818314824674503,0.6234898018594603,-0.9749279121822373,-0.22252093395450182,0.7451673354376359,0.6668775316328882,0.9938707066202142,-0.11054871560645237,0,921.5,890.0
2020-02-20,923.0,922.5,898.0,920.5,863.5,892.0,912.0714285714286,921.0,15.878257071198423,882.0,922.5,5.107142857142952,914.6166666666667,920.5,14.467373122217941,863.5,924.0,0.47975528364847253,917.6157242509688,914.7172068920179,5.5,0.0010851871947911015,3,2,0,winter,0.7579331491001386,0.6523322324514917,0.43388373911755823,-0.900968867902419,-1.5457597845007018e-14,1.0,-3.0915195690014037e-14,1.0,0.756528657096123,0.6539605423818295,0.9894797818439556,-0.1446712180153266,0,898.0,904.0
2020-02-21,923.0,923.0,882.0,923.5,910.5,879.5,915.6428571428571,921.5,14.971401308590737,882.0,923.0,4.267857142857187,916.6,920.75,10.842445327953442,882.0,924.0,0.18131256952166058,918.9617931882266,915.25158064092,0.5,0.02783964365256125,4,2,0,winter,0.769042374678155,0.6391977987676305,-0.433883739117558,-0.9009688679024191,0.781831482467431,0.6234898018594844,0.974927912182251,-0.22252093395444153,0.7676661005597076,0.6408500277377328,0.9839176836740116,-0.17862248389709415,0,882.0,905.0
2020-02-22,921.5,923.0,921.5,924.0,919.5,877.0,921.5,922.5,2.121320343563305,917.0,923.0,0.25000000000003164,917.0166666666667,921.0,10.840126075527808,882.0,924.0,0.18053392658507553,919.9713448911699,915.7514786640864,0.0,0.046485260770975055,5,2,1,winter,0.7799240188988715,0.62587420840344,-0.9749279121818236,-0.2225209339563146,0.9749279121822476,-0.2225209339544566,-0.4338837391141244,-0.9009688679040727,0.7785763699444082,0.6275498674720504,0.9771909955509669,-0.21236232767162397,0,921.5,904.0
2020-02-23,922.5,921.5,922.5,923.5,919.5,898.5,921.5,922.5,2.121320343563305,917.0,923.0,0.24999999999998399,917.0833333333334,921.25,10.86205300126562,882.0,924.0,0.22658509454948433,920.3535086683775,916.122351008339,-1.5,0.0,6,2,1,winter,0.7905748615764532,0.6123654041855825,-0.7818314824680299,0.6234898018587334,0.43388373911684874,-0.9009688679027608,-0.781831482467048,0.6234898018599647,0.7892562365933583,0.6140639974778596,0.9693076793536979,-0.2458508140030225,0,922.5,907.5
2020-02-24,925.5,922.5,921.0,922.5,903.5,875.0,921.5,922.5,2.121320343563305,917.0,923.0,0.5000000000000027,917.1833333333333,921.5,10.89881623857855,882.0,924.0,0.2781979977752976,920.8901315012831,916.5338122336075,1.0,0.0,0,2,0,winter,0.8009917508257599,0.5986753837507299,0.0,1.0,-0.433883739117416,-0.9009688679024875,0.7818314824678332,0.6234898018589802,0.7997025400323708,0.6003964086049935,0.960277065975453,-0.2790483050684514,0,921.0,907.5
2020-02-25,928.0,925.5,917.0,923.0,884.0,885.5,922.1428571428571,922.5,2.577374078955673,917.0,925.5,0.8571428571429208,917.9166666666666,921.5,10.684409632516314,882.0,925.5,0.2374860956618308,922.0425986259623,917.1122759604716,3.0,0.004885993485342019,1,2,0,winter,0.8111716039950779,0.5848081983625508,0.7818314824680298,0.6234898018587336,-0.9749279121815783,-0.2225209339573895,0.43388373911954525,-0.9009688679014621,0.8099121889053116,0.5865511454788975,0.9501098442794635,-0.31191550747478636,0,917.0,848.5
2020-02-26,927.5,928.0,922.5,921.5,919.0,856.0,923.7142857142857,923.0,2.2519832529225696,921.5,928.0,0.7500000000000226,919.3833333333333,921.5,8.704619595298611,882.0,928.0,0.06863181312566981,923.5319489694717,917.8147097694734,2.5,0.011995637949836423,2,2,0,winter,0.8211114085783636,0.5707679517128266,0.9749279121818236,-0.22252093395631434,-0.7818314824670384,0.6234898018599768,-0.9749279121825313,-0.22252093395321382,0.8198821618887121,0.5725323053039816,0.9388180484475133,-0.3444135187666168,0,922.5,855.5
2020-02-27,925.5,927.5,923.0,898.0,919.0,849.0,924.4285714285714,923.0,2.572750982715328,921.5,928.0,0.9821428571429122,919.6666666666666,921.5,8.829157546930055,882.0,928.0,0.11835372636258946,924.5239617271038,918.439567203701,-0.5,0.005420054200542005,3,2,0,winter,0.8308082231067296,0.5565587987070535,0.43388373911755823,-0.900968867902419,-2.9928765900396562e-12,1.0,-5.9857531800793125e-12,1.0,0.8296095085860032,0.5583440366509614,0.926415043735859,-0.37650387347261954,0,923.0,887.0
2020-02-28,925.0,925.5,923.0,882.0,921.0,849.5,924.7857142857143,925.5,2.514245129545566,921.5,928.0,0.8928571428571629,919.8833333333333,921.75,8.89176617703889,882.0,928.0,0.15139043381532816,924.7679712953279,918.8950789970107,-2.0,0.0027085590465872156,4,2,0,winter,0.8402591780189079,0.5421849442348885,-0.433883739117558,-0.9009688679024191,0.7818314824678428,0.6234898018589681,0.9749279121819571,-0.22252093395572953,0.8390913504005548,0.5439905382292721,0.9129155106558493,-0.4081485886340535,0,923.0,895.0
2020-02-29,928.0,925.0,921.5,921.5,922.0,867.0,925.0714285714286,925.5,2.3879658608103993,921.5,928.0,0.6607142857143223,920.0166666666667,922.25,8.938953241710001,882.0,928.0,0.19210233592877998,924.825978471496,919.2889448681714,-0.5,0.0021668472372697724,5,2,1,winter,0.849461476510434,0.5276506419258042,-0.9749279121818236,-0.2225209339563146,0.9749279121821006,-0.2225209339551006,-0.4338837391153147,-0.9009688679034995,0.8483248813876588,0.5294760576443609,0.8983354275975154,-0.4393102087627707,0,921.5,895.0
2020-03-01,924.5,928.0,922.5,922.5,921.5,869.5,926.0,925.5,2.0000000000037614,922.5,928.0,0.4642857142857378,920.2166666666667,922.5,9.051274756223584,882.0,928.0,0.25728587319241936,925.619483853622,919.8509484250636,3.0,0.00705371676614216,6,3,1,spring,0.8584123953613012,0.5129601928903189,-0.7818314824680299,0.6234898018587334,0.4338837391195313,-0.9009688679014689,-0.7818314824707607,0.623489801855309,0.8573073690846987,0.5148048901409855,0.8826920519174113,-0.46995185017385566,0,922.5,894.5
2020-03-02,926.5,924.5,925.5,921.0,912.0,882.0,926.2857142857143,925.5,1.496026483091222,924.5,928.0,-0.19642857142859196,920.3166666666667,922.5,9.082460677263054,882.0,928.0,0.2937708565072049,925.3396128902165,920.1508872363498,-3.5,0.002168021680216802,0,3,0,spring,0.8671092857418372,0.498117944447177,0.0,1.0,-0.4338837391180112,-0.900968867902201,0.7818314824686569,0.6234898018579472,0.866036155319861,0.49998137733198983,0.8660038995122503,-0.5000372446424128,0,925.5,903.0
2020-03-03,923.5,926.5,928.0,917.0,921.5,890.0,926.4285714285714,926.5,1.455694892160666,924.5,928.0,-0.28571428571422053,920.8,922.5,9.010147536011639,882.0,928.0,0.2763070077863986,925.6297096676624,920.5605074146499,2.0,0.0010804970286331713,1,3,0,spring,0.8755495739965682,0.4831282888368553,0.7818314824680298,0.6234898018587336,-0.9749279121817253,-0.22252093395674552,0.4338837391183549,-0.9009688679020353,0.8745086569988455,0.485009905913349,0.8482907229028385,-0.5295307823318487,0,928.0,905.5
2020-03-04,925.5,923.5,927.5,922.5,920.5,889.5,925.7857142857143,925.5,1.6293440105689818,923.5,928.0,-0.3749999999999238,920.8666666666667,922.75,9.022895526280237,882.0,928.0,0.29855394883202446,925.0972822507467,920.7501520975758,-3.0,-0.004849137931034483,2,3,0,spring,0.8837307624058365,0.4679956619217736,0.9749279121818236,-0.22252093395631434,-0.7818314824688948,0.6234898018576489,-0.9749279121812062,-0.22252093395901937,0.8827223668691029,0.469894906366316,0.8295734878548199,-0.5583975539419822,0,927.5,906.5
2020-03-05,925.5,925.5,925.5,923.0,919.5,909.0,925.5,925.5,1.4433756729793041,923.5,928.0,-0.16071428571428936,921.0333333333333,923.0,9.061983239329685,882.0,928.0,0.32591768631810636,925.1979616880601,921.0565938977322,2.0,-0.00215633423180593,3,3,0,spring,0.8916504299249455,0.4527245418735987,0.43388373911755823,-0.900968867902419,-2.3323167751425926e-12,1.0,-4.664633550285185e-12,1.0,0.8906748542619183,0.45464085164612156,0.8098743485628473,-0.5866033920289786,0,925.5,904.5
2020-03-06,927.0,925.5,925.0,923.0,919.0,897.0,925.5,925.5,1.4433756729793041,923.5,928.0,-0.16071428571428936,921.2333333333333,923.0,9.093132434495363,882.0,928.0,0.3441601779755028,925.2734712660451,921.3432652591689,0.0,0.0,4,3,0,spring,0.8993062329006161,0.4373194478480267,-0.433883739117558,-0.9009688679024191,0.7818314824682546,0.6234898018584516,0.9749279121816631,-0.22252093395701752,0.8983637658116597,0.43925225585840033,0.7892166214284383,-0.6141149114466128,0,925.0,905.0
2020-03-07,922.0,927.0,928.0,921.5,920.5,903.5,925.7857142857143,925.5,1.5236235005550665,923.5,928.0,-0.07142857142861066,921.5,923.25,9.14254925590008,882.0,928.0,0.3659621802001903,925.7051034495339,921.7082158876096,1.5,0.002162162162162162,5,3,1,spring,0.9066959057645391,0.42178493864743694,-0.9749279121818236,-0.2225209339563146,0.9749279121819536,-0.2225209339557446,-0.43388373911650496,-0.9009688679029263,0.9057868261523067,0.42373367292313574,0.7676247574618135,-0.6408995488621381,0,928.0,903.5
2020-03-08,919.0,922.0,924.5,922.5,923.5,895.5,924.9285714285714,925.5,1.7423301310972856,922.0,927.0,-0.1607142857142407,921.55,923.25,9.140993306019707,882.0,928.0,0.3622914349276766,924.7788275871504,921.7270406690542,-5.0,-0.00646551724137931,6,3,1,spring,0.9138172617038212,0.4061256113718145,-0.7818314824680299,0.6234898018587334,0.4338837391189362,-0.9009688679017555,-0.7818314824699371,0.6234898018563418,0.912941838590643,0.40808969522733135,0.7451243133414701,-0.6669256012985276,0,924.5,899.5
2020-03-09,929.5,919.0,926.5,925.5,924.0,878.5,924.1428571428571,925.5,2.8535691936366825,919.0,927.0,-0.8571428571428428,921.4,923.0,9.144811983135789,882.0,928.0,0.3592880978865143,923.3341206903629,921.5511025613733,-3.0,-0.005949161709031909,0,3,0,spring,0.9206681933081248,0.3903461000583373,0.0,1.0,-0.4338837391153286,-0.9009688679034928,0.781831482464944,0.6234898018626029,0.9198266857564004,0.39232495226584346,0.7217419211644575,-0.6921622636592073,0,926.5,903.5
2020-03-10,928.0,929.5,923.5,928.0,923.5,897.0,924.5714285714286,925.5,3.4330328116301843,919.0,929.5,0.05357142857144659,921.5833333333334,923.0,9.253222489316308,882.0,929.5,0.4294771968854093,924.8755905177721,922.0639346541881,10.5,0.0032379924446842958,1,3,0,spring,0.92724667319331,0.3744510743100344,0.7818314824680298,0.6234898018587336,-0.9749279121818722,-0.22252093395610154,0.43388373911716466,-0.9009688679026087,0.9264393302289117,0.37644410927122446,0.6975052569237049,-0.7165796651899888,1,923.5,903.5
2020-03-11,909.0,928.0,925.5,927.5,922.5,893.5,925.2142857142857,925.5,3.6154430671003195,919.0,929.5,0.2678571428571156,921.7333333333333,923.0,9.321585381414263,882.0,929.5,0.48409343715237635,925.6566928883291,922.4469066119824,-1.5,0.004872766648619383,2,3,0,spring,0.9335507546013952,0.3584452379139183,0.9749279121818236,-0.22252093395631434,-0.7818314824684829,0.6234898018581654,-0.9749279121815002,-0.22252093395773137,0.9327778151399058,0.3604518658334615,0.6724430077504774,-0.7401489048343526,0,925.5,899.0
2020-03-12,908.5,909.0,925.5,925.5,923.0,817.0,922.8571428571429,925.5,7.098792653886436,909.0,929.5,-1.4285714285714188,921.2833333333333,923.0,9.604850905638648,882.0,929.5,0.40723025583979,921.4925196662468,921.5793642499191,-19.0,-0.017828200972447326,3,3,0,spring,0.9395785719766574,0.34233332744900147,0.43388373911755823,-0.900968867902419,-1.671756960245529e-12,1.0,-3.343513920491058e-12,1.0,0.9388402647526916,0.344352954509027,0.6465848379592528,-0.762842085441808,0,925.5,902.5
2020-03-13,924.0,908.5,927.0,925.0,921.5,855.0,920.4285714285714,922.0,8.757989549685202,908.5,929.5,-2.5892857142856895,920.8,923.0,9.876478501278376,882.0,929.5,0.33659621802000683,918.2443897496851,920.7355342983114,-0.5,-0.018368449486763912,4,3,0,spring,0.9453283415177025,0.3261201108846096,-0.433883739117558,-0.9009688679024191,0.7818314824686665,0.6234898018579351,0.9749279121813691,-0.22252093395830552,0.9446248850171994,0.32815213942048704,0.6199613539364511,-0.7846323467875145,0,927.0,902.0
2020-03-15,926.5,924.0,922.0,928.0,898.0,875.0,920.0,922.0,8.450838222725652,908.5,929.5,-1.2678571428571186,920.8833333333333,923.25,9.893121376730386,882.0,929.5,0.36206896551721557,919.6832923122638,920.9461449887431,15.5,-0.003236245954692557,6,3,1,spring,0.9559870138061269,0.29340897981153197,-0.7818314824680299,0.6234898018587334,0.433883739118341,-0.9009688679020421,-0.7818314824691134,0.6234898018573748,0.9553538728956043,0.2954640038031192,0.564545360669103,-0.8254020449132607,0,919.0,899.0
2020-03-16,870.5,926.5,919.0,924.5,882.0,861.0,920.6428571428571,924.0,8.792583454795196,908.5,929.5,-0.2857142857143037,921.8333333333334,923.75,8.942665395049934,882.0,929.5,0.24048943270298334,921.3874692341979,921.3044582152758,2.5,0.004880694143167028,0,3,0,spring,0.9608927623513632,0.27692074545033024,0.0,1.0,-0.43388373911592376,-0.9009688679032062,0.7818314824657678,0.62348980186157,0.9602950654989537,0.27898635661687865,0.5358184432014399,-0.8443332256432796,0,929.5,904.0
2020-03-17,925.5,870.5,929.5,926.5,921.5,1000.0,913.7142857142857,924.0,20.973906691524448,870.5,929.5,-5.892857142857124,921.45,923.75,10.769008855235718,870.5,929.5,-0.3654060066741021,908.6656019256484,918.0267512336451,-56.0,-0.05277475516866159,1,3,0,spring,0.9655141555915137,0.2603505624199925,0.7818314824680298,0.6234898018587336,-0.9749279121820191,-0.22252093395545752,0.4338837391159744,-0.9009688679031819,0.9649520796726119,0.2624261494887682,0.5064573174193252,-0.8622650321289974,0,928.0,903.0
2020-03-18,925.5,925.5,928.0,923.5,922.5,871.0,913.1428571428571,924.0,20.521765448978044,870.5,928.0,-2.3749999999999134,921.5833333333334,924.25,10.794381786880015,870.5,929.5,-0.33893214682984263,912.8742014442363,918.5088963153455,55.0,-0.004303388918773534,2,3,0,spring,0.969849825925805,0.24370333430563806,0.9749279121818236,-0.22252093395631434,-0.781831482468071,0.6234898018586819,-0.9749279121817942,-0.22252093395644337,0.9693235372745486,0.2457882830518105,0.47649673589683783,-0.8791762398288862,0,909.0,904.0
2020-03-19,915.0,925.5,909.0,925.5,921.0,874.5,912.7857142857143,924.0,20.23992988883049,870.5,926.5,1.0714285714286136,921.6833333333333,924.75,10.817039028003034,870.5,929.5,-0.30734149054507204,916.0306510831772,918.9599352627426,0.0,-0.0026939655172413795,3,3,0,spring,0.9738984903069413,0.22698398749220305,0.43388373911755823,-0.900968867902419,-1.011197145348465e-12,1.0,-2.02239429069693e-12,1.0,0.9734081446670043,0.22907768092055655,0.445972160738998,-0.8950468322081193,0,908.5,905.5
2020-03-28,939.5,915.0,908.5,925.5,917.0,885.0,913.6428571428571,924.0,20.179846145999296,870.5,926.5,0.7678571428571525,921.4833333333333,924.75,10.885361360746385,870.5,929.5,-0.3551724137931254,915.772988312383,918.7044555683722,-10.5,0.006600660066006601,5,3,1,spring,0.9972517983727895,0.07408677778279397,-0.9749279121818236,-0.2225209339563146,0.9749279121815126,-0.2225209339576766,-0.43388373912007583,-0.9009688679012067,0.9970901805635503,0.07623104238921787,0.1520184476408258,-0.9883776563525065,0,,903.5
2020-03-31,934.5,939.5,924.0,927.0,922.5,893.0,918.0714285714286,925.5,22.166845684920126,870.5,939.5,2.8035714285714715,922.2333333333333,925.25,11.331778121826536,870.5,939.5,-0.2698553948832325,921.7047412342872,920.0461035962192,24.5,0.0341221794166208,1,3,0,spring,0.9997458409224182,0.022544479553245424,0.7818314824680298,0.6234898018587336,-0.9749279121815037,-0.2225209339577163,0.4338837391201492,-0.9009688679011714,0.9996950510948699,0.02469422637835616,0.04937339180211809,-0.998780390367149,0,,906.0
2020-04-02,934.5,934.5,926.5,922.0,923.0,896.5,919.5714285714286,925.5,22.975400924011378,870.5,939.5,5.4107142857143655,922.6333333333333,925.5,11.55118543948971,870.5,939.5,-0.1888765294772214,924.9035559257154,920.9786130416244,-5.0,0.011363636363636364,3,4,0,spring,0.9999296809334339,-0.01185888647222434,0.43388373911755823,-0.900968867902419,3.099224844456622e-13,1.0,6.198449688913244e-13,1.0,0.9999528698033974,-0.009708664787182852,-0.019416414431805366,-0.9998114836561003,1,,
2020-04-03,932.0,934.5,870.5,919.0,923.0,894.0,920.7142857142857,925.5,23.568794946668596,870.5,939.5,8.000000000000028,923.0166666666667,925.5,11.752830424562147,870.5,939.5,-0.10978865406009918,927.3026669442866,921.8509605873261,0.0,0.008634646519158122,4,4,0,spring,0.9995777314991241,-0.029057850764724318,-0.433883739117558,-0.9009688679024191,0.7818314824676338,0.6234898018592301,0.9749279121821063,-0.222520933955076,0.9996379048978805,-0.026908346128588872,-0.05379720549649915,-0.9985518818172481,0,,
2020-04-04,932.0,932.0,925.5,929.5,921.5,890.0,929.5,932.0,8.14964211893308,915.0,939.5,2.035714285714349,923.3166666666667,925.5,11.866704604098288,870.5,939.5,-0.051946607341506794,928.4770002082149,922.5057373236277,-2.5,0.07064905226881103,5,4,1,spring,0.99892997878485,-0.046248216018556436,-0.9749279121818236,-0.2225209339563146,0.9749279121821752,-0.22252093395477382,-0.43388373911471073,-0.9009688679037904,0.9990271189053903,-0.04410006453050992,-0.08811432082291425,-0.9961103686168097,0,939.5,901.5
2020-04-05,932.5,932.0,925.5,928.0,922.5,904.0,930.4285714285714,932.0,7.986595913512602,915.0,939.5,1.7321428571429138,923.6666666666666,925.5,11.965707706590038,870.5,939.5,-0.00845383759734653,929.3577501561612,923.1182703995228,0.0,0.007023230686115613,6,4,1,spring,0.9979866144789332,-0.06342489511916614,-0.7818314824680299,0.6234898018587334,0.4338837391198333,-0.9009688679013235,-0.7818314824711787,0.6234898018547849,0.9981206925747517,-0.06127873247790032,-0.1223271418018896,-0.9924898338918039,0,,908.0
2020-04-06,933.5,932.5,915.0,909.0,925.5,905.0,931.4285714285714,932.5,7.699721701836805,915.0,939.5,1.2500000000000362,924.0,925.5,12.070911173218539,870.5,939.5,0.040489432702976814,930.1433126171208,923.7235432769729,0.5,0.007563479200432199,0,4,0,spring,0.9967479177495133,-0.08058280500211881,0.0,1.0,-0.43388373911770917,-0.9009688679023464,0.7818314824682389,0.6234898018584714,0.9969188941431188,-0.0784392663177126,-0.15639517326970326,-0.9876945629990779,1,,907.5
2020-04-07,933.0,933.5,939.5,908.5,928.0,904.0,934.0714285714286,933.5,2.620886800125359,932.0,939.5,-0.8749999999999623,924.2666666666667,926.0,12.192941240404718,870.5,939.5,0.1121245828698318,930.9824844628406,924.354282420394,1.0,0.020218579234972677,1,4,0,spring,0.9952142551619348,-0.09771686815732115,0.7818314824680298,0.6234898018587336,-0.9749279121816506,-0.2225209339570723,0.4338837391189589,-0.9009688679017446,0.9954220792565799,-0.09557658776346394,-0.19027809143951255,-0.9817302317429858,0,934.5,908.5
2020-04-08,930.5,933.0,934.5,924.0,927.5,907.5,933.1428571428571,933.0,1.0690449676605547,932.0,934.5,-0.21428571428572155,924.4333333333333,926.0,12.279597132932926,870.5,939.5,0.19421579532812275,931.4868633471305,924.9120706513364,-0.5,-0.006918573709419904,2,4,0,spring,0.9933860805702698,-0.11482201413160008,0.9749279121818236,-0.22252093395631434,-0.7818314824691037,0.6234898018573869,-0.974927912181057,-0.2225209339596729,0.9936306908649352,-0.11268562539770431,-0.22393579162893643,-0.9746038996574565,0,,908.0
2020-04-09,933.0,930.5,934.5,926.5,925.5,907.5,932.5714285714286,932.5,1.2724180205697002,930.5,934.5,-0.3035714285714131,924.5333333333333,926.0,12.31758858323151,870.5,939.5,0.2545050055617129,931.2401475103478,925.2725822222179,-2.5,-0.004280363830925628,3,4,0,spring,0.9912639349830097,-0.13189318102919323,0.43388373911755823,-0.900968867902419,9.704822993427259e-13,1.0,1.9409645986854518e-12,1.0,0.9915452590906003,-0.12976131617301903,-0.25732843572942693,-0.9663240016500916,0,934.5,909.0
2020-04-10,933.5,933.0,932.0,870.5,925.0,848.5,932.3571428571429,932.5,0.9880235200708815,930.5,933.5,0.017857142857152487,924.7833333333333,926.5,12.413621087569704,870.5,939.5,0.31579532814235456,931.6801106327608,925.7711253046556,2.5,-0.0016051364365971107,4,4,0,spring,0.9888484464029655,-0.14892531700970596,-0.433883739117558,-0.9009688679024191,0.7818314824680457,0.6234898018587136,0.9749279121818123,-0.222520933956364,0.989166401071741,-0.14679860691021449,-0.29041649935944414,-0.9569003380184407,1,932.0,914.0
2020-04-11,933.5,933.5,932.0,925.5,928.0,855.5,932.5714285714286,933.0,1.0578504710357286,930.5,933.5,0.089285714285678,925.0666666666667,926.75,12.515323940407674,870.5,939.5,0.37352614015570795,932.1350829745707,926.2697623817746,0.5,0.001609442060085837,5,4,1,spring,0.9861403296414243,-0.16591338178309495,-0.9749279121818236,-0.2225209339563146,0.9749279121820282,-0.22252093395541783,-0.433883739115901,-0.9009688679032172,0.9864948207796107,-0.16379245579392163,-0.32316081864695406,-0.9463440628499925,0,932.0,916.5
2020-04-12,933.0,933.5,932.5,925.5,924.5,887.0,932.7857142857143,933.0,1.0745984853818227,930.5,933.5,0.10714285714285449,925.25,926.75,12.599774218010246,870.5,939.5,0.44816462736370666,932.476312230928,926.736229324886,0.0,0.001609442060085837,6,4,1,spring,0.983140386106616,-0.18285234810123144,-0.7818314824680299,0.6234898018587334,0.43388373911923817,-0.90096886790161,-0.781831482470355,0.6234898018558178,0.9835313088102738,-0.18073783386427372,-0.355522636584126,-0.9346676708201004,0,932.5,898.5
2020-04-13,933.5,933.0,933.5,915.0,926.5,895.0,932.8571428571429,933.0,1.0690449676604694,930.5,933.5,0.08928571428576935,925.5333333333333,927.5,12.67765705900563,870.5,939.5,0.4929922135706143,932.607234173196,927.1403435619902,-0.5,0.0005361930294906167,0,4,0,spring,0.9798495035665545,-0.1997372032456062,0.0,1.0,-0.43388373911830436,-0.9009688679020598,0.7818314824690626,0.6234898018574384,0.9802767421506262,-0.1976297265052873,-0.3874636489014446,-0.9218849824028907,0,933.5,917.5
2020-04-14,1000.0,933.5,933.0,939.5,923.5,894.5,932.8571428571429,933.0,1.0690449676604694,930.5,933.5,0.25000000000005773,925.7666666666667,928.75,12.760211146597666,870.5,939.5,0.5510567296996473,932.830425629897,927.5506439773458,0.5,0.0,1,4,0,spring,0.9762686558863216,-0.21656295051073468,0.7818314824680298,0.6234898018587336,-0.9749279121817976,-0.2225209339564283,0.4338837391177686,-0.9009688679023178,0.9767320839188337,-0.21446313492899516,-0.4189460494059269,-0.9080111275128553,1,933.0,920.0
2020-04-15,932.5,1000.0,930.5,934.5,925.5,903.0,942.4285714285714,933.5,25.40903476362443,930.5,1000.0,7.464285714285731,928.3166666666667,930.0,18.599445363131135,870.5,1000.0,1.0143492769743812,949.6228192224228,932.2247959788074,66.5,0.07181136120042872,2,4,0,spring,0.9723989027398732,-0.23332461068282243,0.9749279121818236,-0.22252093395631434,-0.7818314824686918,0.6234898018579034,-0.974927912181351,-0.2225209339583849,0.9728983830793825,-0.2312330776543942,-0.44993257472885884,-0.8930625275969538,0,930.5,918.0
2020-04-16,931.0,932.5,933.0,934.5,925.5,905.5,942.7142857142857,933.5,25.263374581360313,932.5,1000.0,4.696428571428616,928.55,931.25,18.606797979085258,870.5,1000.0,1.021913236929893,945.3421144168171,932.2425510769489,-67.5,0.0021493820526598604,3,4,0,spring,0.9682413892964514,-0.25001722351325634,0.43388373911755823,-0.900968867902419,-2.0069366928519232e-12,1.0,-4.0138733857038464e-12,1.0,0.9687767741326191,-0.24793459198182968,-0.48038654843208817,-0.8770568761976073,0,933.0,919.0
2020-04-17,933.0,931.0,933.5,932.0,927.0,906.5,942.4285714285714,933.5,25.402474570122916,931.0,1000.0,2.053571428571422,928.7333333333333,931.5,18.602805374891723,870.5,1000.0,1.0166852057841858,941.7565858126129,932.1623864913392,-1.5,-0.0021436227224008574,4,4,0,spring,0.9637973458816972,-0.2666358491864816,-0.433883739117558,-0.9009688679024191,0.7818314824684575,0.6234898018581972,0.9749279121815183,-0.222520933957652,0.9643684767790448,-0.2645627354614875,-0.5102719244189842,-0.8600131180102699,0,933.5,918.0
2020-04-18,933.0,933.0,933.5,932.0,922.0,904.5,942.3571428571429,933.0,25.432450212465785,931.0,1000.0,-0.2321428571428324,928.9333333333333,932.0,18.61577627811395,870.5,1000.0,1.032258064516091,939.5674393594597,932.2164260725433,2.0,-0.0005356186395286556,5,4,1,spring,0.9590680876135618,-0.2831755697818324,-0.9749279121818236,-0.2225209339563146,0.9749279121818812,-0.22252093395606182,-0.43388373911709127,-0.900968867902644,0.9596747955583127,-0.28111258735622424,-0.5395533295999055,-0.8419514264597784,0,933.5,916.0
2020-04-19,935.0,933.0,933.0,932.5,919.0,905.0,942.2857142857143,933.0,25.46215679339548,931.0,1000.0,-2.5000000000000178,929.3,932.25,18.582806291170904,870.5,1000.0,1.0106785317018594,937.9255795195947,932.2669792291535,0.0,-0.0005356186395286556,6,4,1,spring,0.9540550140131263,-0.2996314907288842,-0.7818314824680299,0.6234898018587334,0.433883739118643,-0.9009688679018967,-0.7818314824695314,0.6234898018568507,0.9546971194632651,-0.2975792500974224,-0.5681961057600954,-0.8228931798229114,0,933.0,923.0
2020-04-20,931.5,935.0,933.5,933.5,929.5,903.5,942.5714285714286,933.0,25.351575512232138,931.0,1000.0,-4.607142857142819,929.8333333333334,932.5,18.50644497863204,870.5,1000.0,0.9764182424916384,937.194184639696,932.4433031498535,2.0,0.0021436227224008574,0,4,0,spring,0.948759608590444,-0.3159987422558949,0.0,1.0,-0.4338837391188995,-0.9009688679017731,0.7818314824698863,0.6234898018564056,0.9494369215288514,-0.3139578507344857,-0.5961663505823295,-0.8028609359243648,0,933.5,926.5
2020-04-21,934.0,931.5,1000.0,933.0,928.0,899.5,942.2857142857143,933.0,25.481786212341074,931.0,1000.0,-7.089285714285685,929.9,932.5,18.508804987599124,870.5,1000.0,0.9848720800889642,935.7706384797721,932.382444882121,-3.5,-0.0021424745581146223,1,4,0,spring,0.9431834384055279,-0.3322724808309075,0.7818314824680298,0.6234898018587336,-0.9749279121811351,-0.22252093395933106,0.43388373912313377,-0.9009688678997341,0.9438957583961599,-0.33024354237704334,-0.6234309577748275,-0.781878405436524,0,1000.0,926.5
2020-04-22,933.0,934.0,932.5,930.5,909.0,903.5,932.8571428571429,933.0,1.37581144888418,931.0,935.0,0.26785714285720913,930.1,932.75,18.51997989125319,870.5,1000.0,0.9982202447163339,935.327978859829,932.4868032768229,2.5,-0.066,2,4,0,spring,0.937328153604613,-0.3484478905950889,0.9749279121818236,-0.22252093395631434,-0.78183148246828,0.6234898018584197,-0.974927912181645,-0.22252093395709693,0.9380752698518672,-0.34643150562895775,-0.6499576562561463,-0.7599704238153069,0,932.5,920.0
2020-04-23,936.0,933.0,931.0,933.0,908.5,903.5,932.9285714285714,933.0,1.367131163813948,931.0,935.0,0.23214285714287727,930.9,933.0,18.090481398829272,870.5,1000.0,0.8714126807563671,934.7459841448717,932.5199127428344,-1.0,0.0005361930294906167,3,4,0,spring,0.9311954869318319,-0.3645201847878779,0.43388373911755823,-0.900968867902419,-1.3463768779548596e-12,1.0,-2.692753755909719e-12,1.0,0.9319771783429106,-0.362516950014736,-0.6757150483524232,-0.7371629219040269,0,931.0,928.0
2020-04-24,938.0,936.0,933.0,933.5,924.0,899.0,933.6428571428571,933.0,1.4920423841883053,931.5,936.0,0.2857142857142963,931.8166666666667,933.0,17.606563888335266,870.5,1000.0,0.7498331479421312,935.0594881086538,932.7444345013613,3.0,0.0053705692803437165,4,4,0,spring,0.9247872532164463,-0.380484607163523,-0.433883739117558,-0.9009688679024191,0.7818314824688694,0.6234898018576808,0.9749279121812243,-0.22252093395893996,0.9256032884668063,-0.3784951153970605,-0.700672646960285,-0.7134828952411317,0,933.0,924.5
2020-04-25,937.0,938.0,933.0,933.5,926.5,902.5,934.3571428571429,934.0,2.173980330227171,931.5,938.0,0.6607142857142723,932.2833333333333,933.0,17.57775010775222,870.5,1000.0,0.7358175750834004,935.7946160814904,933.083503243209,2.0,0.0053590568060021436,5,4,1,spring,0.9181053488357886,-0.39633643339858987,-0.9749279121818236,-0.2225209339563146,0.9749279121817342,-0.22252093395670583,-0.4338837391182816,-0.9009688679020708,0.9189554864375324,-0.3943612733856586,-0.7248009116324852,-0.6889583721072837,0,933.0,929.0
2020-04-26,939.0,937.0,935.0,933.0,870.5,902.0,934.9285714285714,935.0,2.280872848802704,931.5,938.0,0.7500000000000522,932.6333333333333,933.0,17.563153697901193,870.5,1000.0,0.7263626251390227,936.0959620611178,933.3361804533246,-1.0,0.004287245444801715,6,4,1,spring,0.9111517511540698,-0.4120709724900216,-0.7818314824680299,0.6234898018587334,0.43388373911804784,-0.9009688679021833,-0.7818314824687076,0.6234898018578836,0.9120357395274715,-0.4101107287362501,-0.7480712835422322,-0.6636183803508439,0,935.0,920.0
2020-04-27,937.5,939.0,931.5,933.5,925.5,903.0,935.5,936.0,2.753785273647538,931.5,939.0,1.1964285714285936,934.9166666666666,933.0,13.089929883991918,915.0,1000.0,0.3389321468297776,936.8219715458383,933.7015881660134,2.0,0.0042780748663101605,0,4,0,spring,0.9039285179372211,-0.42768356814333996,0.0,1.0,-0.4338837391162169,-0.900968867903065,0.7818314824661735,0.6234898018610613,0.90484609548518,-0.4257388207401628,-0.7704562192864025,-0.6374929130295511,0,931.5,926.0
2020-04-29,940.0,937.5,934.0,1000.0,925.5,899.0,936.3571428571429,937.0,2.1739803302274003,933.0,939.0,0.8392857142857596,935.3166666666667,933.25,12.975097722928673,915.0,1000.0,0.29065628476082195,936.9914786593788,933.9466469940126,-1.5,0.00644122383252818,2,4,0,spring,0.8886817742931451,-0.4585244857575084,0.9749279121818236,-0.22252093395631434,-0.7818314824678682,0.6234898018589362,-0.974927912181939,-0.22252093395580894,0.8896657057192107,-0.4566124528165421,-0.8124648801504174,-0.5830101358657221,0,933.0,922.0
2020-04-30,939.5,940.0,933.0,932.5,915.0,904.0,937.2142857142857,937.5,2.2704100741468354,933.0,940.0,0.8928571428571752,935.8,933.5,12.866422485921081,915.0,1000.0,0.2531701890989808,937.743608994534,934.3371858976246,2.5,0.006423982869379015,3,4,0,spring,0.8806627758079475,-0.47374368101985365,0.43388373911755823,-0.900968867902419,-6.858170630577959e-13,1.0,-1.3716341261155918e-12,1.0,0.8816794523015993,-0.471848856509319,-0.8320388827525446,-0.5547173132216962,0,936.0,935.5
2020-05-01,939.0,939.5,936.0,931.0,939.5,903.0,938.1428571428571,938.0,1.43510411104897,936.0,940.0,0.5357142857143123,936.6166666666667,933.5,12.26410752290366,930.5,1000.0,0.1335928809788506,938.1827067459005,934.6702706784231,-0.5,0.006966773847802787,4,5,0,spring,0.8723831643364682,-0.48882268214792435,-0.433883739117558,-0.9009688679024191,0.781831482467013,0.6234898018600086,0.9749279121825494,-0.22252093395313444,0.8734322850344471,-0.4869456267998557,-0.8506280630066582,-0.5257679130809914,0,938.0,934.5
2020-05-02,937.0,939.0,938.0,933.0,934.5,904.0,938.5714285714286,939.0,1.0965313275994333,937.0,940.0,0.32142857142861275,936.6,933.5,12.260393198397802,930.5,1000.0,0.16885428253612525,938.3870300594253,934.9496080540088,-0.5,0.003205128205128205,5,5,1,spring,0.8638453900495676,-0.5037570268394381,-0.9749279121818236,-0.2225209339563146,0.9749279121823968,-0.22252093395380307,-0.43388373911291644,-0.9009688679046545,0.8649266444874033,-0.501898296127573,-0.8682104182871336,-0.4961962006884781,0,937.0,934.0
2020-05-03,933.5,937.0,937.0,933.0,934.5,905.5,938.4285714285714,939.0,1.2392393980745768,937.0,940.0,0.07142857142856379,936.6833333333333,933.5,12.254121990054415,930.5,1000.0,0.15695216907671378,938.040272544569,935.0818914053631,-2.0,-0.0010660980810234541,6,5,1,spring,0.8550519795157738,-0.5185422956000375,-0.7818314824680299,0.6234898018587334,0.4338837391174527,-0.9009688679024699,-0.7818314824678839,0.6234898018589164,0.8561650477197417,-0.5167024395752864,-0.884765137671764,-0.46603717787389515,0,939.0,932.0
2020-05-04,938.0,933.5,939.0,935.0,932.0,903.0,937.9285714285714,939.0,2.225394561062521,933.5,940.0,-0.6607142857142428,936.65,933.5,12.261623619778591,930.5,1000.0,0.1213570634037672,936.9052044084267,934.9798338953398,-3.5,-0.003735325506937033,0,5,0,spring,0.8460055349535993,-0.5331741130511443,0.0,1.0,-0.43388373911681205,-0.9009688679027784,0.7818314824669972,0.6234898018600283,0.8471500875354133,-0.5313536761788155,-0.9002726265742944,-0.435326541622517,0,937.5,
2020-05-05,938.5,938.0,937.5,931.5,932.0,905.5,937.7857142857143,938.0,2.1767166186991056,933.5,940.0,-0.4999999999999609,936.85,933.5,12.232059346736252,930.5,1000.0,0.09799777530587232,937.1789033063201,935.1746833214469,4.5,-0.0010649627263045794,1,5,0,spring,0.8367087334614722,-0.5476481492247545,0.7818314824680298,0.6234898018587336,-0.974927912181429,-0.22252093395804307,0.4338837391207532,-0.9009688679008805,0.8378844317156701,-0.5458476702235786,-0.9147145299372114,-0.40410064182298266,0,,939.0
2020-05-06,940.0,938.5,940.0,934.0,932.5,904.0,937.9285714285714,938.5,2.187627547307808,933.5,940.0,-0.4642857142856854,937.0666666666667,933.5,12.20071601441393,930.5,1000.0,0.07519466073411145,937.5091774797401,935.3892198813536,0.5,0.0010666666666666667,2,5,0,spring,0.8271643262255062,-0.561960120844802,0.9749279121818236,-0.22252093395631434,-0.7818314824674564,0.6234898018594527,-0.974927912182233,-0.22252093395452094,0.8283708222297709,-0.5601801325273624,-0.9280737539569465,-0.37239643824325336,0,940.0,937.5
2020-05-07,940.0,940.0,939.5,933.0,933.5,903.5,937.9285714285714,938.5,2.187627547307808,933.5,940.0,0.053571428571401174,937.3166666666667,933.75,12.180738988208361,930.5,1000.0,0.06262513904335819,938.131883109805,935.6866895664276,1.5,0.0,3,5,0,spring,0.8173751377053472,-0.5761057925946976,0.43388373911755823,-0.900968867902419,-2.5257248160732197e-14,1.0,-5.051449632146439e-14,1.0,0.818612074423438,-0.574346821709806,-0.9403344863167455,-0.3402514567836885,1,939.5,935.0
2020-05-08,936.5,940.0,939.0,936.0,933.0,903.0,938.0,938.5,2.2546248764171537,933.5,940.0,0.5000000000000436,937.5333333333333,934.5,12.168311965591723,930.5,1000.0,0.05361512791989321,938.5989123323537,935.9649676589162,0.0,0.0005321979776476849,4,5,0,spring,0.8073440647983365,-0.5900809783706804,-0.433883739117558,-0.9009688679024191,0.7818314824674248,0.6234898018594921,0.9749279121822554,-0.22252093395442243,0.8086110761857787,-0.588343545447451,-0.9514822149024399,-0.3077037450606463,0,939.0,934.5
2020-05-09,929.04,936.5,937.0,938.0,930.5,900.0,937.6428571428571,938.0,2.2677868380609905,933.5,940.0,0.48214285714287064,937.65,935.5,12.140094585781974,930.5,1000.0,0.015684093437123296,938.0741842492653,935.99948587447,-3.5,-0.0026624068157614484,5,5,1,spring,0.7970740759822359,-0.6038815425206047,-0.9749279121818236,-0.2225209339563146,0.9749279121822498,-0.22252093395444705,-0.4338837391141067,-0.9009688679040813,0.7983707870945451,-0.6021661617145524,-0.9615037449794968,-0.274791827371927,0,937.0,936.0
2020-05-10,927.5,929.04,933.5,937.0,933.0,906.5,936.5057142857142,938.0,3.9875090685104966,929.04,940.0,-0.5314285714285469,937.6013333333334,935.5,12.172628348863235,929.04,1000.0,-0.089174638487231,935.815638186949,935.5504867857946,-7.460000000000036,-0.008495197438633978,6,5,1,spring,0.7865682104367726,-0.6175034010677941,-0.7818314824680299,0.6234898018587334,0.43388373911685757,-0.9009688679027565,-0.7818314824670602,0.6234898018599494,0.7878942375405095,-0.6158105800085438,-0.9703872148104212,-0.24155465909908155,0,933.5,934.5
2020-05-11,936.89,927.5,938.0,939.0,933.5,888.0,935.6485714285715,938.0,5.201395417168219,927.5,940.0,-1.925714285714255,937.418,935.5,12.285216627565655,927.5,1000.0,-0.1860778642936773,933.7367286402117,935.0311005415499,-1.5399999999999636,-0.006427423674343867,0,5,0,spring,0.7758295771442586,-0.6309425229196086,0.0,1.0,-0.4338837391174072,-0.9009688679024918,0.781831482467821,0.6234898018589955,0.7771845278305902,-0.6292727625606741,-0.9781221096947372,-0.20803158059851498,0,938.0,940.5
2020-05-12,940.35,936.89,938.5,937.5,933.5,903.5,935.49,936.89,5.1342477540555205,927.5,940.0,-1.456785714285716,937.5310000000001,936.25,12.263507500177315,927.5,1000.0,-0.21650500556176216,934.5250464801587,935.1510295388694,9.389999999999986,-0.0011833688699360487,1,5,0,spring,0.7648613539695567,-0.6441949310603557,0.7818314824680298,0.6234898018587336,-0.974927912181576,-0.22252093395739908,0.4338837391195629,-0.9009688679014537,0.7662448272702742,-0.6425487255310275,-0.9846992744145139,-0.17426227063690466,0,938.5,940.0
2020-05-13,939.41,940.35,940.0,940.0,933.0,899.5,935.7542857142856,936.89,5.357760281882682,927.5,940.35,-0.5060714285714332,937.7593333333333,936.6949999999999,12.249628547031069,927.5,1000.0,-0.22611790878755672,935.981284860119,935.4864469879745,3.4600000000000364,0.0019712306872669396,2,5,0,spring,0.7536667867196597,-0.6572567037282032,0.9749279121818236,-0.22252093395631434,-0.7818314824693127,0.6234898018571248,-0.9749279121809079,-0.22252093396032646,0.7550783732259417,-0.6556345401871879,-0.9901109240705604,-0.1402866994270692,0,940.0,937.5
2020-05-14,933.71,939.41,940.0,939.5,933.5,903.5,935.67,936.89,5.283969467489157,927.5,940.35,0.492142857142871,937.973,936.9449999999999,12.219617396234359,927.5,1000.0,-0.24829143492772024,936.8384636450892,935.7395794403634,-0.9400000000000546,-0.0006276595744681189,3,5,0,spring,0.7422491881831635,-0.6701239755757398,0.43388373911755823,-0.900968867902419,6.353025667363315e-13,1.0,1.270605133472663e-12,1.0,0.743688470166698,-0.6685263340670405,-0.9943506532969366,-0.10614508131776745,0,940.0,937.5
2020-05-15,940.1,933.71,936.5,939.0,1000.0,906.0,934.7714285714285,936.5,4.949119209758893,927.5,940.35,0.9007142857143158,937.98,936.9449999999999,12.2170265584979,927.5,1000.0,-0.30664293659623304,936.0563477338169,935.6086388313078,-5.699999999999932,-0.0066914893617020885,4,5,0,spring,0.7306119371499218,-0.682792938813839,-0.433883739117558,-0.9009688679024191,0.7818314824678366,0.6234898018589757,0.9749279121819615,-0.22252093395571043,0.7320784886865609,-0.6812202921246555,-0.9974134438424705,-0.07187782719519797,0,936.5,929.0
2020-05-16,917.83,940.1,929.04,937.0,932.5,901.5,935.2857142857143,936.89,5.330993832121658,927.5,940.35,1.7185714285714335,935.9833333333333,936.9449999999999,3.5565872186251544,927.5,940.35,0.13475862068963562,937.0672608003626,935.8984040679976,6.389999999999986,0.003844100373732005,5,5,1,spring,0.7187584774111638,-0.6952598443384931,-0.9749279121818236,-0.2225209339563146,0.9749279121821028,-0.22252093395509107,-0.43388373911529704,-0.900968867903508,0.7202518645068525,-0.6937126578594358,-0.9992956705105257,-0.03752549665119484,0,929.04,935.5
2020-05-17,939.56,917.83,927.5,933.5,931.0,908.0,933.6842857142857,936.89,8.349231216392598,917.83,940.35,-1.0439285714285638,935.4943333333334,936.9449999999999,4.831885248790693,917.83,940.35,-0.006382647386009998,932.257945600272,934.7327005797398,-22.269999999999982,-0.012066218892620257,6,5,1,spring,0.7066923167403818,-0.7075210028402775,-0.7818314824680299,0.6234898018587334,0.43388373911626243,-0.9009688679030431,-0.7818314824662365,0.6234898018609822,0.7082120974597031,-0.7059997344275194,-0.9999951054498138,-0.003128749976544169,0,927.5,934.0
2020-05-18,940.27,939.56,936.89,938.0,933.0,907.5,935.407142857143,939.41,8.101017866676639,917.83,940.35,-1.2978571428570922,935.7796666666667,937.0,4.810027230071852,917.83,940.35,-0.011147942157976943,934.083459200204,935.0441392520147,21.729999999999905,0.013002695417789699,0,5,0,spring,0.6944170258552806,-0.7195727858961222,0.0,1.0,-0.43388373911472466,-0.9009688679037836,0.7818314824641082,0.6234898018636511,0.6959627504522397,-0.7180778857359094,-0.999510920791385,0.031271699965907306,0,936.89,931.5
2020-05-19,941.0,940.27,940.35,938.5,933.0,908.5,935.89,939.56,8.302363117411646,917.83,940.35,-0.5649999999999343,936.022,937.25,4.848139636091776,917.83,940.35,-0.0013481646273890003,935.630094400153,935.3812915583363,0.7100000000000364,0.0036076807309289196,1,5,0,spring,0.6819362373611009,-0.7314116270430655,0.7818314824680298,0.6234898018587336,-0.974927912181723,-0.22252093395675507,0.4338837391183726,-0.9009688679020269,0.683507448412096,-0.7299435375186125,-0.9978436896284917,0.06563513593037201,0,940.35,931.5
2020-05-20,941.16,941.0,939.41,940.0,935.0,908.0,935.9828571428571,939.56,8.363965794379345,917.83,941.0,0.6196428571428824,936.2886666666667,937.75,4.895965780063189,917.83,941.0,0.00992658509453278,936.9725708001147,935.7437888771534,0.7300000000000182,0.0006912319880895169,2,5,0,spring,0.6692536446756302,-0.743034022833669,0.9749279121818236,-0.22252093395631434,-0.7818314824689009,0.6234898018576412,-0.9749279121812019,-0.22252093395903846,0.6708498772149378,-0.7415931783941265,-0.9949953853382706,0.09992088448140553,0,939.41,
2020-05-21,940.15,941.16,933.71,940.0,931.5,909.0,936.2328571428571,940.1,8.508383540732899,917.83,941.16,1.6639285714286065,936.494,938.0,4.9686892741907025,917.83,941.16,0.032467185761930493,938.019428100086,936.093221852821,0.15999999999996817,0.0018628713767151724,3,5,0,spring,0.6563730009362144,-0.7544365338727892,0.43388373911755823,-0.900968867902419,1.2958623816333952e-12,1.0,2.5917247632667905e-12,1.0,0.6579937825935469,-0.7530233609047173,-0.9909693792460011,0.13408836413647224,0,933.71,
2020-05-22,933.11,940.15,940.1,936.5,934.0,914.0,937.1528571428572,940.15,8.538246725345997,917.83,941.16,1.723214285714331,936.7823333333333,938.25,4.91963180801634,917.83,941.16,0.02161290322579787,938.5520710750645,936.3549494752197,-1.009999999999991,0.006897216480491738,4,5,0,spring,0.6432981178891005,-0.7656157858353895,-0.433883739117558,-0.9009688679024191,0.7818314824682485,0.6234898018584593,0.9749279121816675,-0.22252093395699843,0.6449429690294357,-0.7642307025365419,-0.9857704366347376,0.1680971333989927,0,940.1,935.5
2020-05-23,940.35,933.11,917.83,929.04,933.0,916.5,936.1542857142857,940.15,8.544871477760944,917.83,941.16,1.7110714285714193,936.7526666666668,938.25,4.939631379053391,917.83,941.16,-0.021268075639616586,937.1915533062985,936.1455978961733,-7.039999999999964,-0.007435379214977139,5,5,1,spring,0.630032864761432,-0.7765684704650989,-0.9749279121818236,-0.2225209339563146,0.9749279121819558,-0.22252093395573505,-0.4338837391164873,-0.9009688679029348,0.6317012986268215,-0.7752118867207773,-0.9794047111049269,0.20190693862637468,0,917.83,927.5
2020-05-24,935.46,940.35,939.56,927.5,936.0,898.5,939.3714285714286,940.27,2.812575501636708,933.11,941.16,-0.4571428571428357,936.9976666666666,938.75,4.929350298753915,917.83,941.16,-0.023939933259202403,937.9811649797239,936.4168496448073,7.240000000000009,0.02453613414248824,6,5,1,spring,0.6165811671162346,-0.7872913465532199,-0.7818314824680299,0.6234898018587334,0.433883739118945,-0.9009688679017512,-0.7818314824699493,0.6234898018563265,0.618272689969979,-0.785963663814865,-0.9718797372909538,0.23547776167457243,0,939.56,935.0
2020-05-25,941.94,935.46,940.27,936.89,938.0,917.5,938.7857142857143,940.27,3.170850869738412,933.11,941.16,-0.8492857142856525,936.9796666666666,938.75,4.934102638837578,917.83,941.16,-0.04074082313684498,937.3508737347929,936.3551174096585,-4.889999999999986,-0.004363744731576386,0,5,0,spring,0.6029470056907332,-0.797781240897891,0.0,1.0,-0.4338837391153198,-0.9009688679034971,0.7818314824649318,0.6234898018626183,0.6046611169634943,-0.796482852064286,-0.9632044219429217,0.26876986726491875,1,940.27,936.0
2020-05-26,941.63,941.94,941.0,940.35,937.0,920.0,939.0242857142857,940.35,3.3584165770177723,933.11,941.94,-0.2992857142856691,937.1110000000001,939.0,5.0139875727129075,917.83,941.94,-0.0017018909900151286,938.4981553010947,936.715432415487,6.480000000000018,0.0017760855924362925,1,5,0,spring,0.5891344152183375,-0.80803504924313,0.7818314824680298,0.6234898018587336,-0.97492791218187,-0.22252093395611108,0.4338837391171823,-0.9009688679026001,0.5908706076561365,-0.806766338544233,-0.9533890333842947,0.30174385001613585,0,941.0,930.0
2020-05-27,938.56,941.63,941.16,939.41,939.0,918.0,939.1142857142858,940.35,3.4279092614577507,933.11,941.94,0.2621428571429288,937.2653333333333,939.2049999999999,5.081258826745277,917.83,941.94,0.02668743047829261,939.281116475821,937.0325012919072,-0.3100000000000591,0.0006695005313496232,2,5,0,spring,0.5751474832346518,-0.8180497371974677,0.9749279121818236,-0.22252093395631434,-0.781831482468489,0.6234898018581577,-0.9749279121814959,-0.22252093395775047,0.5769052430491141,-0.8168110800806039,-0.9424451893582202,0.33436068108488537,0,941.16,930.0
2020-05-28,932.95,938.56,940.15,933.71,937.5,919.0,938.7428571428572,940.15,3.3080694988995454,933.11,941.94,0.4950000000000647,937.2506666666667,939.2049999999999,5.076712168007025,917.83,941.94,0.04700333704113667,939.1008373568658,937.1310495956552,-3.07000000000005,-0.0027625483445960545,3,5,0,spring,0.5609903488678573,-0.8278223411319121,0.43388373911755823,-0.900968867902419,-1.681556610561254e-12,1.0,-3.363113221122508e-12,1.0,0.5627691558882587,-0.8266141041506713,-0.9303858432764048,0.3665817543616335,0,940.15,
2020-05-29,939.41,932.95,933.11,940.1,940.0,918.0,937.7142857142857,938.56,3.8693533359102963,932.95,941.94,0.07535714285716845,937.099,939.2049999999999,5.136618604652707,917.83,941.94,0.020976640711886582,937.5631280176494,936.8613044604517,-5.6099999999999,-0.0076583523905759,4,5,0,spring,0.546667201613826,-0.83734996905697,-0.433883739117558,-0.9009688679024191,0.7818314824663921,0.6234898018607871,0.9749279121829926,-0.22252093395119288,0.5484665294408874,-0.8361725097628289,-0.9172252688869906,0.3983689321661364,0,933.11,
2020-05-30,939.93,939.41,940.35,917.83,939.5,916.0,938.6142857142858,939.41,3.3125360734821796,932.95,941.94,-0.40071428571423434,937.0793333333334,939.2049999999999,5.126247490449765,917.83,941.94,0.0558932146829635,938.024846013237,937.0257364307453,6.459999999999923,0.006751615565153041,5,5,1,spring,0.5321822800963331,-0.8466298014784668,-0.9749279121818236,-0.2225209339563146,0.9749279121818089,-0.22252093395637906,-0.4338837391176776,-0.9009688679023616,0.5340015962581347,-0.8454834683148832,-0.9029790433800233,0.4296845903875282,0,940.35,934.5
2020-05-31,939.91,939.93,935.46,939.56,939.0,923.0,938.5542857142856,939.41,3.279496186629993,932.95,941.94,-0.011785714285671675,937.0936666666668,939.2049999999999,5.1338447535966765,917.83,941.94,0.09097886540598783,938.5011345099277,937.213108273923,0.5199999999999818,-0.00044664220768870393,6,5,1,spring,0.5175398708127256,-0.8556590922319165,-0.7818314824680299,0.6234898018587334,0.4338837391183498,-0.9009688679020379,-0.7818314824691256,0.6234898018573595,0.5193786369222356,-0.8545442244312464,-0.8876640289497396,0.46049166301760114,0,935.46,937.5
2020-06-01,941.73,939.91,941.94,940.27,937.0,926.5,939.1899999999999,939.91,2.9990276201950286,932.95,941.94,-0.30857142857143,937.124,939.41,5.148165123414372,917.83,941.94,0.12229588431589714,938.8533508824457,937.3871012885087,-0.01999999999998181,0.004757017937699027,0,6,0,summer,0.5027443068654295,-0.8644351692951872,0.0,1.0,-0.43388373911591493,-0.9009688679032104,0.7818314824657555,0.6234898018615853,0.5046019787798757,-0.8633520967782692,-0.8712983528361388,0.49075368602286773,0,941.94,936.5
2020-06-02,938.04,941.73,941.63,941.0,933.5,926.5,939.16,939.91,2.96782187246684,932.95,941.73,0.3564285714286084,937.2816666666666,939.4849999999999,5.216216810687685,917.83,941.94,0.15115684093434048,939.5725131618343,937.6672883021533,1.82000000000005,-0.00022294413656924684,1,6,0,summer,0.4877999666796597,-0.8729554355792298,0.7818314824680298,0.6234898018587336,-0.974927912182017,-0.22252093395546707,0.43388373911599204,-0.9009688679031733,0.4896759946614114,-0.8719044788578376,-0.8539013858689023,0.5204348405047148,0,941.63,936.0
2020-06-03,941.93,938.04,938.56,941.16,938.0,920.0,938.6471428571429,939.41,2.773690167066721,932.95,941.73,0.5892857142857207,937.4330000000001,939.4849999999999,5.168357405972489,917.83,941.94,0.1299688542825132,939.1893848713758,937.6913342181435,-3.6900000000000546,-0.0038125378333315973,2,6,0,summer,0.47271127270772273,-0.8812173696966288,0.9749279121818236,-0.22252093395631434,-0.7818314824680772,0.6234898018586742,-0.9749279121817898,-0.22252093395646247,0.4746051015871186,-0.880198839778536,-0.835493719539912,0.5494999950949616,0,938.56,936.5
2020-06-04,942.75,941.93,932.95,940.15,938.5,928.0,939.1285714285714,939.91,3.0360963345069782,932.95,941.93,0.9285714285714708,937.564,939.7349999999999,5.232630775011226,917.83,941.94,0.16289210233590354,939.8745386535318,937.9647965266504,3.8899999999999864,0.0035906068871462715,3,6,0,summer,0.4574826901202872,-0.8892185267077521,0.43388373911755823,-0.900968867902419,-1.0209967956641904e-12,1.0,-2.041993591328381e-12,1.0,0.45939375945992783,-0.8882327250046994,-0.8160971416304902,0.577914747538548,0,932.95,936.0
2020-06-05,933.16,942.75,939.41,933.11,940.0,924.5,940.5285714285714,939.93,1.6596829875233594,938.04,942.75,0.4339285714286556,937.7056666666666,939.92,5.315717542205746,917.83,942.75,0.20280533926582714,940.5934039901488,938.2735193313828,0.82000000000005,0.010504314271933065,4,6,0,summer,0.4421187254850124,-0.8969565388442788,-0.433883739117558,-0.9009688679024191,0.781831482466804,0.6234898018602707,0.9749279121826986,-0.22252093395248088,0.44404646974545947,-0.8960037570828566,-0.7957346104226215,0.6056454654131894,0,939.41,936.5
2020-06-06,940.43,933.16,939.93,940.35,940.0,929.0,939.6357142857142,939.93,3.2657712572665374,933.16,942.75,-0.515357142857095,937.4776666666666,939.7349999999999,5.360417947765003,917.83,942.75,0.18930144605114702,938.7350529926116,937.9436148583904,-9.590000000000032,-0.006653112059697044,5,6,1,summer,0.42662392543293065,-0.904429116209887,-0.9749279121818236,-0.2225209339563146,0.9749279121816619,-0.22252093395702305,-0.4338837391188679,-0.9009688679017884,0.4285677741402152,-0.9035096363451258,-0.7744302275253316,0.632659325937003,0,939.93,935.0
2020-06-07,942.33,940.43,939.91,935.46,936.5,920.0,939.7071428571429,940.43,3.2787228930713566,933.16,942.75,-0.38821428571425765,937.492,939.7349999999999,5.367964617798774,917.83,942.75,0.22574416017794496,939.1587897444587,938.1040268030105,7.269999999999982,0.0005319545072505399,6,6,1,summer,0.4110028753129673,-0.9116340474579004,-0.7818314824680299,0.6234898018587334,0.4338837391177547,-0.9009688679023244,-0.7818314824683019,0.6234898018583923,0.4129622532273604,-0.9107481415898587,-0.7522092093471583,0.6589243548187629,0,939.91,930.0
2020-06-10,936.85,942.33,941.73,941.94,929.04,926.0,940.0528571428571,941.73,3.4278696702496085,933.16,942.75,-0.07821428571425879,937.6863333333333,939.92,5.435913451985735,917.83,942.75,0.25011568409341195,939.951592308344,938.3766702350744,1.900000000000091,0.002574714600334152,2,6,0,summer,0.36342863023086686,-0.9316220428524198,0.9749279121818236,-0.22252093395631434,-0.7818314824676653,0.6234898018591906,-0.9749279121820837,-0.22252093395517447,0.36543109923221084,-0.9308383918349834,-0.6803145934716028,0.7329202234278761,0,941.93,937.0
2020-06-11,931.43,936.85,938.04,941.63,927.5,927.5,939.3557142857143,940.43,3.524797191062398,933.16,942.75,-0.1817857142856739,937.9466666666666,939.92,5.188955999796476,917.83,942.75,0.18509010011120777,939.1761942312579,938.2781753811987,-5.480000000000018,-0.005181952364265761,3,6,0,summer,0.34734915996449583,-0.9377358695666702,0.43388373911755823,-0.900968867902419,-3.6043698076712665e-13,1.0,-7.208739615342533e-13,1.0,0.3493648129811663,-0.9369867808302499,-0.6547004229011706,0.7558884549012694,0,942.75,937.0
2020-06-12,940.11,931.43,941.93,938.56,936.89,922.0,938.4114285714286,940.43,4.643800270511906,931.43,942.75,-1.2189285714284999,938.0776666666666,939.92,4.960714411379868,917.83,942.75,0.07100111234702638,937.2396456734434,937.8363576146699,-5.420000000000073,-0.0070466078205620375,4,6,0,summer,0.331166899272155,-0.943572193754387,-0.433883739117558,-0.9009688679024191,0.7818314824672159,0.6234898018597542,0.9749279121824046,-0.22252093395376887,0.33319513981544724,-0.942857888975515,-0.6283113322865883,0.7779619976067291,0,933.16,931.0
2020-06-13,942.87,940.11,942.75,932.95,940.35,935.5,938.1514285714285,940.11,4.461331746508694,931.43,942.75,-0.5342857142857346,938.185,940.015,4.9689593373823335,917.83,942.75,0.07592213570631694,937.9572342550827,937.9830442201751,8.680000000000064,-0.0019322030299490794,5,6,1,summer,0.3148866369417895,-0.9491292882824182,-0.9749279121818236,-0.2225209339563146,0.9749279121815149,-0.22252093395766703,-0.4338837391200582,-0.9009688679012151,0.3169268647980464,-0.948449978844051,-0.601178556425637,0.7991147247385617,0,940.43,934.0
2020-06-14,942.03,942.87,933.16,939.41,939.41,934.5,938.1685714285713,940.11,4.482129064675218,931.43,942.87,0.6282142857143238,938.269,940.015,5.027772763910918,917.83,942.87,0.12107897664069335,939.1854256913119,938.2983316898413,2.759999999999991,0.00012728719172633735,6,6,1,summer,0.2985131907627956,-0.9544055086495544,-0.7818314824680299,0.6234898018587334,0.43388373912043726,-0.9009688679010326,-0.7818314824720146,0.6234898018537367,0.30056480217103015,-0.9537613955785218,-0.573334210360848,0.8193215993917791,0,942.33,927.0
2020-06-15,936.27,942.03,940.43,939.93,933.71,934.0,939.4357142857143,940.43,4.064524806762546,931.43,942.87,0.32642857142861903,938.3563333333334,940.105,5.070846003913876,917.83,942.87,0.1532124582869585,939.896569268484,938.5390844840451,-0.8400000000000318,0.009505336705388149,0,6,0,summer,0.28205140610030166,-0.959399293473183,0.0,1.0,-0.4338837391171052,-0.9009688679026372,0.781831482467403,0.6234898018595195,0.284113793930705,-0.9587905673807502,-0.5448112513670365,0.8385587041966017,0,,935.5
2020-06-16,942.29,936.27,942.33,939.91,940.1,932.0,938.8414285714287,940.11,4.1968854665184105,931.43,942.87,0.12928571428573585,938.4416666666667,940.105,5.011149006747154,917.83,942.87,0.10770856507227139,938.9899269513629,938.3926919366874,-5.759999999999991,-0.004423508395095827,1,6,0,summer,0.2655061544612901,-0.9641091649513439,0.7818314824680298,0.6234898018587336,-0.9749279121815014,-0.22252093395772585,0.43388373912016687,-0.9009688679011628,0.26757870839505854,-0.9635360059767524,-0.5156434399427856,0.8568032696272645,0,,921.5
2020-06-17,940.71,942.29,936.85,941.73,917.83,939.0,938.8357142857142,940.11,4.191367545895694,931.43,942.87,0.99714285714293,938.5146666666666,940.13,5.051925364162086,917.83,942.87,0.1439733036707178,939.8149452135222,938.6441311665785,6.019999999999982,-4.2447974701089116e-05,2,6,0,summer,0.24888233205297766,-0.9685337293000545,0.9749279121818236,-0.22252093395631434,-0.7818314824672534,0.623489801859707,-0.9749279121823777,-0.22252093395388647,0.25096443876287033,-0.9679963070572313,-0.48586529985029825,0.874033700952875,0,936.85,933.0
2020-06-18,936.24,940.71,931.43,938.04,939.56,937.5,939.3871428571429,940.71,4.140184030879552,931.43,942.87,0.9142857142857426,939.2773333333333,940.21,3.214465079469981,931.43,942.87,0.015483870967727688,940.0387089101416,938.7774130267994,-1.5799999999999272,0.004120189998398904,3,6,0,summer,0.23218485833388977,-0.9726716771657699,0.43388373911755823,-0.900968867902419,3.0012283412993705e-13,1.0,6.002456682598741e-13,1.0,0.23427590166578566,-0.9721701506931197,-0.4555120772523867,0.8902296037973663,0,931.43,921.0
2020-06-19,942.25,936.24,940.11,941.93,940.27,935.0,940.0742857142857,940.71,2.7727835421206595,936.24,942.87,-0.5596428571428348,939.1666666666666,940.21,3.261208083046102,931.43,942.87,-0.0021624026696604026,939.0890316826062,938.6137089605543,-4.470000000000027,0.005164102509045295,4,6,0,summer,0.21541867455805647,-0.9765217840128556,-0.433883739117558,-0.9009688679024191,0.7818314824676277,0.6234898018592377,0.9749279121821106,-0.22252093395505687,0.21751803571312464,-0.9760563017262395,-0.424619698993817,0.9053718082790077,0,940.11,933.0
2020-06-20,939.76,942.25,942.87,942.75,941.0,934.5,940.38,942.03,2.892755318612378,936.24,942.87,-0.3214285714285419,939.2326666666667,940.25,3.3040611722379865,931.43,942.87,0.02533926585091945,939.8792737619547,938.848308382454,6.009999999999991,0.0022763293657125086,5,6,1,summer,0.19858874231275225,-0.9800829104859646,-0.9749279121818236,-0.2225209339563146,0.9749279121821774,-0.22252093395476427,-0.4338837391146931,-0.9009688679037988,0.2006958000307389,-0.9796536101347362,-0.3932247300779849,0.9194423917000434,0,942.87,918.0
2020-06-21,942.66,939.76,942.03,933.16,941.16,936.0,939.9357142857143,940.71,2.677398346303441,936.24,942.29,-0.03214285714280748,939.1913333333334,940.13,3.288911079971558,931.43,942.87,0.040929922135691854,939.8494553214659,938.9071271964892,-2.490000000000009,-0.0032984398697593663,6,6,1,summer,0.18170004205022589,-0.983354002747203,-0.7818314824680299,0.6234898018587334,0.4338837391198421,-0.9009688679013192,-0.7818314824711909,0.6234898018547695,0.1838141727933018,-0.9829610113734493,-0.3613643303873558,0.9324246997606284,0,942.03,928.0
2020-06-22,942.24,942.66,936.27,940.43,940.15,934.5,940.0257142857142,940.71,2.768566760038204,936.24,942.66,0.5589285714286192,939.2413333333334,940.13,3.3310045428328987,931.43,942.87,0.07688542825358581,940.5520914910994,939.1492480225222,2.8999999999999773,0.0006687685105569839,0,6,0,summer,0.16475757161384025,-0.9863340927879916,0.0,1.0,-0.43388373911770034,-0.9009688679023506,0.7818314824682266,0.6234898018584867,0.16687814975095783,-0.9859775266889692,-0.3290762106997616,0.9443033662713938,0,936.27,937.0
2020-06-23,923.8,942.24,942.29,942.33,933.11,940.5,940.8785714285714,942.24,2.2984011005641998,936.24,942.66,0.25964285714284757,939.3109999999999,940.23,3.372264510835411,931.43,942.87,0.1024983314794047,940.9740686183245,939.3486513759079,-0.4199999999999591,0.006376365791919027,1,6,0,summer,0.14776634475907305,-0.9890222987155258,0.7818314824680298,0.6234898018587336,-0.9749279121816484,-0.22252093395708186,0.4338837391189766,-0.900968867901736,0.1498927427512734,-0.9887022634092129,-0.2963985880535978,0.9550643313410011,0,942.29,937.0
2020-06-24,894.7,923.8,940.71,936.85,940.35,940.0,938.2371428571429,940.71,6.739700078110494,923.8,942.66,-1.3685714285714492,939.0006666666667,940.23,4.271163883480259,923.8,942.87,-0.04033815350392291,936.6805514637433,938.3455125774624,-18.440000000000055,-0.0196224092370714,2,6,0,summer,0.13073138966980175,-0.991417825013754,0.9749279121818236,-0.22252093395631434,-0.7818314824668416,0.6234898018602235,-0.9749279121826717,-0.22252093395259848,0.132862978255867,-0.9911344152076352,-0.263370140512747,0.9646948580179621,0,940.71,937.0
2020-06-30,936.18,894.7,936.24,931.43,935.46,937.5,931.6642857142857,939.76,17.60441219045521,894.7,942.66,-5.679999999999988,937.4789999999999,940.02,9.135581573696493,894.7,942.87,-0.31684315906564997,926.1854135978074,935.5296730563358,-29.09999999999991,-0.0489098659523126,1,6,0,summer,0.027886386762765406,-0.9996110990947017,0.7818314824680298,0.6234898018587336,-0.9749279121817954,-0.22252093395643785,0.43388373911778627,-0.9009688679023092,0.03003583149589704,-0.9995488226326666,-0.060044560017034114,0.9981956976527001,0,923.8,935.0
2020-07-01,936.3,936.18,942.25,940.11,941.94,937.5,931.6557142857143,939.76,17.601827421363044,894.7,942.66,-4.542499999999962,937.503,940.02,9.131039201348301,894.7,942.87,-0.33914794215797767,928.6840601983555,935.5716296333464,41.479999999999905,-6.408613176115004e-05,2,7,0,summer,0.010687021817909606,-0.9999428921516786,0.9749279121818236,-0.22252093395631434,-0.7818314824686979,0.6234898018578957,-0.9749279121813467,-0.22252093395840403,0.012837219785635304,-0.9999175994991664,-0.02567232398459131,0.9996704115763506,0,894.7,924.5
2020-07-02,932.5,936.3,939.76,942.87,941.63,929.0,930.8057142857143,936.3,17.14263190328274,894.7,942.66,-2.531428571428541,937.3149999999999,939.92,9.094523456265295,894.7,942.87,-0.3163092324805526,930.5880451487667,935.6186212699048,0.12000000000000455,-0.006314672326877204,3,7,0,summer,-0.006515505718515781,-0.9999787738673417,0.43388373911755823,-0.900968867902419,-2.0167363431676485e-12,1.0,-4.033472686335297e-12,1.0,-0.004365190820555538,-0.9999904725091635,0.008730298462479993,0.9999618902182003,0,,921.0
2020-07-03,932.31,932.5,942.66,942.03,938.56,935.5,929.7685714285715,936.18,16.725134208302553,894.7,942.66,-1.070714285714253,937.0106666666667,939.835,9.097909548952872,894.7,942.87,-0.3176151279199201,931.0660338615751,935.4174198976528,-3.7999999999999545,-0.007725376691921332,4,7,0,summer,-0.0237161051327942,-0.9997187336232778,-0.433883739117558,-0.9009688679024191,0.7818314824684514,0.6234898018582049,0.9749279121815226,-0.22252093395763287,-0.021566309643504616,-0.9997674200974747,0.0431225875066198,0.9990697885767209,0,,916.5
2020-07-04,937.17,932.31,942.24,936.27,932.95,934.0,928.29,932.5,15.829020816210237,894.7,942.24,1.0432142857143074,936.8023333333333,939.835,9.132700882121753,894.7,942.87,-0.3372569521691009,931.3770253961812,935.2169411945785,-0.19000000000005457,-0.01097956845522248,5,7,1,summer,-0.04090968628179356,-0.999162848372739,-0.9749279121818236,-0.2225209339563146,0.9749279121818835,-0.22252093395605227,-0.4338837391170736,-0.9009688679026524,-0.03876104638637302,-0.9992485082716078,0.07746383556125966,0.9969951625660669,0,,936.5
2020-07-05,934.06,937.17,923.8,942.29,939.41,931.5,927.5657142857142,932.5,15.187314725501839,894.7,937.17,3.9875000000000296,936.9429999999999,939.835,9.103772673818264,894.7,942.87,-0.36145272525029737,932.825269047136,935.3429449884767,4.860000000000014,-0.005380794701986808,6,7,1,summer,-0.05809116109928645,-0.99831128261787,-0.7818314824680299,0.6234898018587334,0.43388373911865186,-0.9009688679018925,-0.7818314824695436,0.6234898018568353,-0.05594431264090282,-0.9984338905922299,0.11171339545312933,0.9937404677662739,0,,930.0
2020-07-08,935.89,934.06,894.7,940.71,939.93,931.5,929.0314285714286,934.06,15.258244141634767,894.7,937.17,4.145357142857155,936.7646666666666,939.835,9.106180445107556,894.7,942.87,-0.3630389321468585,933.133951785352,935.2601743440589,-3.1100000000000136,0.011106300064949113,2,7,0,summer,-0.10951212966586969,-0.9939854593785795,0.9749279121818236,-0.22252093395631434,-0.7818314824682862,0.6234898018584121,-0.9749279121816407,-0.22252093395711603,-0.10737446433686994,-0.9942186502014385,0.21350738999821064,0.9769414488167405,0,936.3,939.0
2020-07-09,938.88,935.89,936.18,936.24,939.91,935.5,934.9157142857142,935.89,1.9537729068268834,932.31,937.17,-0.024285714285656523,936.6299999999999,938.9,9.08760960186291,894.7,942.87,-0.34685205784206424,933.8229638390139,935.3008082573455,1.830000000000041,0.04603777802615395,3,7,0,summer,-0.12659439270731607,-0.9919545653582456,0.43388373911755823,-0.900968867902419,-1.3561765282705847e-12,1.0,-2.7123530565411694e-12,1.0,-0.12446105500798986,-0.9922244936435999,0.24698661456730195,0.9690188915725962,0,932.5,939.0
2020-07-10,939.81,938.88,936.3,942.25,941.73,927.5,935.3014285714286,935.89,2.448778120969048,932.31,938.88,0.5810714285714262,936.5956666666666,938.46,9.076729504934919,894.7,942.87,-0.30971523915462834,935.0872228792605,935.5317238536459,2.990000000000009,0.002884060757546674,4,7,0,summer,-0.14363919289279092,-0.9896301239680952,-0.433883739117558,-0.9009688679024191,0.7818314824688632,0.6234898018576884,0.9749279121812287,-0.22252093395892086,-0.1415108141380109,-0.9899367098365417,0.28017349950814574,0.9599493789639947,0,932.31,934.5
2020-07-11,939.02,939.81,932.5,939.76,938.04,935.0,935.8028571428571,935.89,2.9874499398114955,932.31,939.81,1.2067857142857363,936.5316666666665,938.46,9.045995907252669,894.7,942.87,-0.2535684093437307,936.2679171594453,935.8077416695397,0.92999999999995,0.003748798462031391,5,7,1,summer,-0.16064148618455396,-0.987012823075981,-0.9749279121818236,-0.2225209339563146,0.9749279121817365,-0.22252093395669628,-0.43388373911826394,-0.9009688679020792,-0.15851869622170184,-0.9873559758001021,0.31302876398107676,0.9497436458963436,0,937.17,939.5
2020-07-12,939.38,939.02,932.31,942.66,941.93,936.0,936.7342857142856,937.17,2.7963479584602564,932.31,939.81,1.0796428571429044,936.5643333333333,938.95,9.053397031838433,894.7,942.87,-0.2271123470523091,936.955937869584,936.0149841424727,-0.7899999999999636,0.006991957104557621,6,7,1,summer,-0.17759624112385647,-0.9841034372151523,-0.7818314824680299,0.6234898018587334,0.43388373911805667,-0.900968867902179,-0.7818314824687198,0.6234898018578683,-0.1754796681463762,-0.9844830552463754,0.34551351966072896,0.9384137721344754,0,934.06,936.5
2020-07-13,938.69,939.38,937.17,942.24,942.75,930.0,937.7442857142858,938.88,2.129247575581221,934.06,939.81,0.7310714285714283,936.4793333333333,938.95,9.013164293117137,894.7,942.87,-0.17194215795329343,937.561953402188,936.2320819397327,0.36000000000001364,0.007583314562752787,0,7,0,summer,-0.19449844031989072,-0.9809028273550494,0.0,1.0,-0.4338837391162081,-0.9009688679030693,0.7818314824661613,0.6234898018610766,-0.19238871068155639,-0.9813187983536688,0.3775893167656731,0.9259731680045767,0,,936.0
2020-07-14,936.35,938.69,934.06,923.8,933.16,930.0,937.9614285714287,938.88,2.13840617105458,934.06,939.81,0.7503571428571835,936.3439999999999,938.7850000000001,8.94599336247175,894.7,942.87,-0.11443381535040706,937.843965051641,936.3906572984597,-0.6899999999999409,0.001621904243627192,1,7,0,summer,-0.21134308193457638,-0.9774119406465193,0.7818314824680298,0.6234898018587336,-0.9749279121820894,-0.22252093395514985,0.43388373911540573,-0.9009688679034557,-0.20924081996396943,-0.9778641415149681,0.40921818956791,0.9124365585216114,0,,935.5
2020-07-15,936.53,936.35,935.89,894.7,940.43,934.5,938.2885714285713,938.88,1.5309629711625914,935.89,939.81,0.02035714285715588,936.4503333333334,938.7850000000001,8.92577842962292,894.7,942.87,-0.13635372636264675,937.4704737887307,936.3880342469462,-2.340000000000032,0.002451662634092111,2,7,0,summer,-0.22812518116274869,-0.9736318101415252,0.9749279121818236,-0.22252093395631434,-0.7818314824678743,0.6234898018589285,-0.9749279121819346,-0.22252093395582803,-0.2260310089785006,-0.9741201070608085,0.4403627013303991,0.897819965960322,0,935.89,937.0
2020-07-16,938.43,936.53,938.88,936.18,942.33,937.5,938.38,938.88,1.3750151514401863,936.35,939.81,-0.5107142857142496,936.3203333333333,937.9300000000001,8.894162550306447,894.7,942.87,-0.10839377085652083,937.235355341548,936.3971933277884,0.17999999999994998,0.0006838410496959967,3,7,0,summer,-0.24483977170729954,-0.9695635544874391,0.43388373911755823,-0.900968867902419,-6.95616713373521e-13,1.0,-1.391233426747042e-12,1.0,-0.24275430903415732,-0.9700878029566957,0.4709859886184328,0.8821406908906977,0,938.88,923.5
2020-07-17,935.43,938.43,939.81,936.3,936.85,936.5,938.3157142857143,938.69,1.3581587676404452,936.35,939.81,-0.43392857142846614,936.1903333333333,937.8,8.831575984377055,894.7,942.87,-0.05333704115686304,937.534016506161,936.5283421453504,1.8999999999999773,-0.0004792944785276558,4,7,0,summer,-0.26148190724884907,-0.965208377596001,-0.433883739117558,-0.9009688679024191,0.7818314824670068,0.6234898018600162,0.9749279121825538,-0.22252093395311534,-0.2594057712341125,-0.9657684224753029,0.5010518049315164,0.8654172917008706,0,939.81,936.0
2020-07-18,923.36,935.43,939.02,932.5,931.43,936.0,937.6899999999999,938.43,1.5503440478454278,935.43,939.38,-0.5296428571428331,936.143,937.8,8.831723832982918,894.7,942.87,-0.053692992213594616,937.0080123796207,936.4574813617795,-3.0,-0.004660516487375103,5,7,1,summer,-0.2780466629094963,-0.9605675682870481,-0.9749279121818236,-0.2225209339563146,0.9749279121823989,-0.2225209339537935,-0.4338837391128988,-0.9009688679046629,-0.27598046794039033,-0.9611632438433146,0.5305245636059629,0.8476695626308064,0,939.02,938.5
2020-07-19,936.71,923.36,939.38,932.31,940.11,936.5,935.4528571428572,936.53,5.522193749728936,923.36,939.38,-1.875000000000037,935.874,937.8,9.099077103637534,894.7,942.87,-0.16866740823138643,933.5960092847156,935.6124825642455,-12.069999999999936,-0.016676961087090762,6,7,1,summer,-0.2945291367102338,-0.9556424999071171,-0.7818314824680299,0.6234898018587334,0.43388373911746153,-0.9009688679024657,-0.7818314824678961,0.6234898018589011,-0.29247349423225655,-0.956273629863113,0.5593693799364564,0.8289185103431485,0,939.38,934.5
2020-07-20,939.06,936.71,938.69,937.17,942.87,936.0,935.0714285714286,936.53,5.293191943657647,923.36,938.69,-1.179285714285675,935.7606666666667,936.94,9.065609108369774,894.7,942.87,-0.1340600667408565,934.3745069635368,935.6832901407458,13.350000000000023,-0.0028423002405841714,0,7,0,summer,-0.3109244510215808,-0.9504346299230308,0.0,1.0,-0.4338837391168032,-0.9009688679027826,0.781831482466985,0.6234898018600437,-0.30887996935739465,-0.9511010275095779,0.58755211246589,0.8091863290595499,0,938.69,937.0
2020-07-21,938.78,939.06,936.35,934.06,942.03,936.5,935.1242857142857,936.53,5.337014949524668,923.36,939.06,-0.23499999999998444,935.6336666666667,936.94,8.988943201793383,894.7,942.66,-0.0637441601779973,935.5458802226525,935.9011423897301,2.349999999999909,0.0003941663381946019,1,7,0,summer,-0.3272277540070095,-0.9449454994905939,0.7818314824680298,0.6234898018587336,-0.9749279121822364,-0.22252093395450587,0.4338837391142154,-0.9009688679040289,-0.3251950381764776,-0.9456469675018259,0.615039403396453,0.7884963742907986,0,936.35,937.5
2020-07-22,937.55,938.78,936.53,935.89,936.27,935.0,935.4714285714286,936.71,5.50637033677683,923.36,939.06,0.33178571428578607,935.5253333333333,936.94,8.928578963018735,894.7,942.66,0.000667408231332278,936.3544101669893,936.0868751387798,-0.2799999999999727,0.0025951834250012816,2,7,0,summer,-0.343434221058743,-0.9391767329985206,0.9749279121818236,-0.22252093395631434,-0.7818314824697307,0.6234898018566007,-0.9749279121806096,-0.22252093396163358,-0.34141387259983225,-0.9399130638502614,0.6417987180725823,0.766873135192771,0,936.53,921.5
2020-07-23,925.82,937.55,938.43,938.88,942.29,930.0,935.617142857143,937.55,5.552355999292437,923.36,939.06,0.7057142857143333,935.5679999999999,937.3599999999999,8.93531598345285,894.7,942.66,0.018865406006659178,936.653307625242,936.1812702911166,-1.2300000000000182,0.001089126883281883,3,7,0,summer,-0.3595390562254921,-0.9331300375877322,0.43388373911755823,-0.900968867902419,-3.505689847645738e-14,1.0,-7.011379695291476e-14,1.0,-0.3575316730164215,-0.9339010133788691,0.667798383490157,0.7443422055801573,0,938.43,919.5
2020-07-24,907.58,925.82,935.43,939.81,940.71,935.0,933.8157142857143,936.71,6.459202368568072,923.36,939.06,0.057857142857219206,935.019,936.94,9.013691635315823,894.7,942.66,0.0023337041156658786,933.9449807189316,935.5128012400769,-11.729999999999905,-0.013437336828532657,4,7,0,summer,-0.3755374936317112,-0.9268072026461666,-0.433883739117558,-0.9009688679024191,0.7818314824674187,0.6234898018594998,0.9749279121822598,-0.2225209339544033,-0.3735436697138633,-0.9276125952231892,0.6930076257849411,0.7209302536334004,0,935.43,938.0
2020-07-25,937.88,907.58,923.36,939.02,936.24,936.5,929.8371428571428,936.71,11.727683366414448,907.58,939.06,-2.522500000000013,933.9146666666667,936.62,10.238664289681225,894.7,942.66,-0.13544382647388337,927.3537355391986,933.7106850310397,-18.24000000000001,-0.029772404134996645,5,7,1,summer,-0.3914247988879585,-0.9202100992792468,-0.9749279121818236,-0.2225209339563146,0.9749279121822519,-0.2225209339544375,-0.43388373911408906,-0.9009688679040897,-0.38944512429008554,-0.921049670303768,0.7173966066575865,0.6966649903333596,0,923.36,934.0
2020-07-26,934.04,937.88,936.71,939.38,942.25,937.0,931.9114285714286,937.55,11.675093759183813,907.58,939.06,-2.5860714285713997,933.9693333333333,936.94,10.255871634752339,894.7,942.66,-0.09382424916575913,929.985301654399,933.9796730935533,30.299999999999955,0.015725177612198906,6,7,1,summer,-0.4071962704919323,-0.9133406797561692,-0.7818314824680299,0.6234898018587334,0.4338837391168664,-0.9009688679027522,-0.7818314824670725,0.6234898018599341,-0.40523133105570897,-0.9142141807753905,0.740936458691232,0.6715751366616368,0,936.71,906.5
2020-07-27,895.09,934.04,939.06,938.69,939.76,937.0,931.53,937.55,11.534968573863484,907.58,939.06,-1.6724999999999348,933.6956666666666,936.62,10.136130215577275,894.7,942.66,-0.03626028921025013,930.9989762407993,933.9835651520337,-3.840000000000032,-0.0028504019387004223,0,7,0,summer,-0.42284724121978184,-0.9062009769321702,0.0,1.0,-0.43388373911739836,-0.9009688679024961,0.7818314824678088,0.6234898018590108,-0.42089761842627843,-0.9071081494524713,0.7635993195192275,0.6456903896061739,0,939.06,927.0
2020-07-28,935.31,895.09,938.78,936.35,942.66,931.0,925.2485714285714,934.04,17.288297032551466,895.09,938.78,-4.5010714285714375,932.2066666666666,936.44,12.270796094044732,894.7,942.66,-0.2435061179088064,922.0217321805994,931.4743028841607,-38.94999999999993,-0.04682341916384461,1,7,0,summer,-0.4383730795072664,-0.8987931036469494,0.7818314824680298,0.6234898018587336,-0.9749279121815738,-0.22252093395740863,0.43388373911958056,-0.9009688679014451,-0.436439350304876,-0.8997336792103859,0.7853583648039931,0.6190413870109155,0,938.78,937.5
2020-07-29,917.02,935.31,937.55,936.53,942.24,934.0,924.7528571428571,934.04,16.88058027664344,895.09,937.88,-1.4899999999999751,931.9616666666666,936.325,12.127424630189797,894.7,942.24,-0.15139265850946815,925.3437991354496,931.7217672142149,40.219999999999914,-0.003696286669933347,2,7,0,summer,-0.45376919082036926,-0.8911192520994187,0.9749279121818236,-0.22252093395631434,-0.7818314824693188,0.6234898018571171,-0.9749279121809035,-0.22252093396034558,-0.4518519274542253,-0.892092952363094,0.8061878399871889,0.591659671311803,0,937.55,937.0
2020-07-30,930.51,917.02,925.82,938.43,923.8,927.0,921.8199999999999,925.82,16.049624086979257,895.09,937.88,-0.49035714285713056,931.121,936.24,12.263720071822245,894.7,939.81,-0.17690545050057618,923.2628493515872,930.7732661036204,-18.289999999999964,-0.021897498800063968,3,7,0,summer,-0.46903101901494954,-0.8831816931989691,0.43388373911755823,-0.900968867902419,6.255029164206064e-13,1.0,1.2510058328412127e-12,1.0,-0.4671307888574276,-0.8841882300174763,0.8260630907730325,0.5635776522028748,0,925.82,
2020-07-31,939.91,930.51,907.58,935.43,894.7,935.5,922.49,930.51,16.339708279730043,895.09,937.88,1.012142857142896,931.3446666666666,936.24,12.186540832872955,894.7,939.81,-0.2313370411568648,925.0746370136903,930.7562811937094,13.490000000000009,0.005065779525177616,4,7,0,summer,-0.4841540476850335,-0.8749827758934449,-0.433883739117558,-0.9009688679024191,0.7818314824678305,0.6234898018589834,0.9749279121819658,-0.2225209339556913,-0.4822714130679011,-0.876021851404113,0.844960592310041,0.5348285682749798,0,907.58,937.5
2020-08-01,939.12,939.91,937.88,923.36,936.18,921.5,927.1085714285715,934.04,15.988257595885699,895.09,939.91,0.7485714285715044,932.8516666666667,936.325,10.118680942840433,895.09,939.91,-0.4287986651835509,928.7834777602677,931.346843697341,9.399999999999977,0.03562220410321947,5,8,1,summer,-0.49913380149934533,-0.8665249264740237,-0.9749279121818236,-0.2225209339563146,0.9749279121821051,-0.2225209339550815,-0.4338837391152794,-0.9009688679035165,-0.49726931954730424,-0.8675962331850923,0.8628579770355103,0.505446447673922,1,937.88,938.0
2020-08-02,939.28,939.12,934.04,936.71,936.3,933.0,927.2857142857143,934.04,16.133698539747307,895.09,939.91,3.574285714285756,932.9496666666666,936.44,10.166153269495013,895.09,939.91,-0.36540378198000273,931.3676083202008,931.8483376523513,-0.7899999999999636,0.001322130762997408,6,8,1,summer,-0.5139658475256869,-0.8578106478572077,-0.7818314824680299,0.6234898018587334,0.433883739119549,-0.9009688679014604,-0.7818314824707853,0.6234898018552784,-0.5121200699916509,-0.8589138687387383,0.8797340611505646,0.47546606782349315,0,934.04,925.5
2020-08-04,924.82,939.28,895.09,939.06,932.5,921.0,928.0342857142857,935.31,16.613736141261093,895.09,939.91,5.824285714285718,933.0490000000001,936.62,10.214462144262182,895.09,939.91,-0.30145717463850474,933.3457062401505,932.3277997392966,0.15999999999996817,0.00561003811399941,1,8,0,summer,-0.5431693043390854,-0.8396231933574692,0.7818314824680298,0.6234898018587336,-0.9749279121817208,-0.22252093395676462,0.43388373911839023,-0.9009688679020184,-0.5413625685973023,-0.8407892538096162,0.9103436601827659,0.4138531386434624,0,935.31,937.5
2020-08-05,938.72,924.82,935.31,938.78,932.31,933.0,932.2814285714285,935.31,8.706659192005523,917.02,939.91,0.7735714285715218,932.793,936.62,10.32434489864711,895.09,939.91,-0.3583337041157073,931.214279680113,931.8434255625677,-14.459999999999923,0.033214537085656214,2,8,0,summer,-0.5575320729985326,-0.8301553996559674,0.9749279121818236,-0.22252093395631434,-0.781831482468907,0.6234898018576336,-0.9749279121811975,-0.2225209339590576,-0.5557456630774764,-0.8313523669122354,0.9240409448013395,0.38229351594115213,0,917.02,892.5
2020-08-06,936.11,938.72,917.02,937.55,937.17,918.0,932.7685714285715,938.72,8.994973464055802,917.02,939.91,1.8960714285714977,933.0066666666667,936.94,10.380182156841414,895.09,939.91,-0.32342602892103717,933.0907097600848,932.2870755262732,13.899999999999977,0.003645850039024582,3,8,0,summer,-0.571729852172239,-0.8204419395271731,0.43388373911755823,-0.900968867902419,1.2860627313176701e-12,1.0,2.5721254626353402e-12,1.0,-0.5699642967210551,-0.821669459371147,0.9366445110952908,0.35028140092654614,0,930.51,903.5
2020-08-08,938.14,936.11,930.51,925.82,934.06,928.0,935.4957142857144,938.72,5.723398923552111,924.82,939.91,0.004285714285715272,932.9713333333333,936.62,10.367317923144528,895.09,939.91,-0.2746918798665291,933.8455323200636,932.5337158149007,-2.6100000000000136,0.020817430372292896,5,8,1,summer,-0.5996136860355509,-0.800289589785385,-0.9749279121818236,-0.2225209339563146,0.9749279121819581,-0.2225209339557255,-0.43388373911646966,-0.9009688679029433,-0.5978914006311803,-0.8015771160975627,0.9585121293149479,0.285051746102571,0,939.12,937.0
2020-08-09,939.66,938.14,939.91,907.58,935.89,937.0,936.5857142857142,938.72,5.328570343420901,924.82,939.91,-0.42464285714283057,933.1073333333334,937.13,10.408769821425379,895.09,939.91,-0.2338375973303726,934.9191492400477,932.8954115687781,2.0299999999999727,0.00819980440833521,6,8,1,summer,-0.6132914891112445,-0.7898566638218052,-0.7818314824680299,0.6234898018587334,0.43388373911895384,-0.900968867901747,-0.7818314824699615,0.6234898018563112,-0.6115916064790327,-0.7911736262568388,0.9677502981725237,0.25191141376879217,0,939.28,935.0
2020-08-10,939.99,939.66,939.12,937.88,938.88,937.0,936.55,938.72,5.3033542844778445,924.82,939.66,0.37964285714290547,933.2330000000001,937.7149999999999,10.466123726675614,895.09,939.91,-0.17237152391549068,936.1043619300357,933.331836628857,1.5199999999999818,-0.00026598291325765234,0,8,0,summer,-0.6267878019152604,-0.7791899969649484,0.0,1.0,-0.4338837391185887,-0.9009688679019229,0.7818314824694561,0.623489801856945,-0.6251108250984839,-0.7805360057964608,0.9758430132050012,0.21847291268938523,0,,935.5
2020-08-11,937.78,939.99,939.28,934.04,939.81,937.0,936.6742857142857,938.72,5.383214210684742,924.82,939.99,1.1153571428571807,933.27,937.7149999999999,10.488713145485917,895.09,939.99,-0.0898331479421768,937.0757714475267,933.7613955560275,0.3300000000000409,0.0009263991822131406,1,8,0,summer,-0.6400986305074876,-0.768292745782777,0.7818314824680298,0.6234898018587336,-0.9749279121818678,-0.22252093395612063,0.43388373911719996,-0.9009688679025916,-0.6384450557709028,-0.7696674026887775,0.982780695669365,0.18477582152337763,0,924.82,934.5
2020-08-12,938.47,937.78,924.82,895.09,939.02,937.0,936.46,938.14,5.291272688747904,924.82,939.99,1.6060714285714106,933.2023333333333,937.665,10.451548535103424,895.09,939.99,-0.015632925472774475,937.251828585645,934.0206603588646,-2.2100000000000364,-0.0015969678902989525,2,8,0,summer,-0.6532200358378337,-0.757168135079666,0.9749279121818236,-0.22252093395631434,-0.7818314824684951,0.6234898018581501,-0.9749279121814914,-0.2225209339577696,-0.6515903525209475,-0.7585710332603186,0.9885551339485408,0.15086002500325477,1,938.72,937.5
2020-08-13,937.78,938.47,938.72,935.31,939.38,936.0,938.41,938.47,1.2857164021239706,936.11,939.99,0.1585714285713931,933.184,937.665,10.441469245274504,895.09,939.99,0.05847385984424684,937.5563714392338,934.3077145292605,0.6900000000000546,0.01475962890075904,3,8,0,summer,-0.6661481349118973,-0.7458194569420945,0.43388373911755823,-0.900968867902419,-1.6913562608769792e-12,1.0,-3.3827125217539584e-12,1.0,-0.6645428252840272,-0.7472501812402075,0.9931594932707377,0.11676566672704596,0,936.11,931.0
2020-08-14,928.7,937.78,936.11,917.02,938.69,936.5,938.2757142857143,938.14,1.2969818444318182,936.11,939.99,0.1353571428572014,933.1306666666666,937.665,10.412776612490186,895.09,939.99,0.1308565072302307,937.6122785794253,934.5317329467276,-0.6900000000000546,-0.0010013635588887577,4,8,0,summer,-0.6788791019400585,-0.7342500697644226,-0.433883739117558,-0.9009688679024191,0.781831482466386,0.6234898018607947,0.9749279121829969,-0.22252093395117378,-0.6772986410576167,-0.7357081967883093,0.9965883237993431,0.08253310164301127,0,,931.0
2020-08-15,931.48,928.7,938.14,930.51,936.35,935.5,937.2171428571428,938.14,3.856875740312807,928.7,939.99,-1.1999999999999382,932.7976666666667,937.13,10.388570537668102,895.09,939.99,0.14061179087873327,935.384208934569,934.1554921114549,-9.079999999999927,-0.007915736398500142,5,8,1,summer,-0.6914091694696364,-0.7224633972550496,-0.9749279121818236,-0.2225209339563146,0.9749279121818111,-0.2225209339563695,-0.43388373911765993,-0.9009688679023701,-0.6898540250356744,-0.7239484955037058,0.9988375670835046,0.04820284828415818,1,938.14,927.0
2020-08-16,927.8,931.48,939.66,939.91,936.53,934.5,936.2657142857144,937.78,4.377586310375191,928.7,939.99,-1.6828571428571408,932.6353333333333,937.13,10.369178710315042,895.09,939.99,0.1566095661846295,934.4081567009267,933.9828797171676,2.7799999999999727,-0.007099153644445358,6,8,1,summer,-0.703734629499786,-0.7104629274232392,-0.7818314824680299,0.6234898018587334,0.43388373911835865,-0.9009688679020336,-0.7818314824691378,0.6234898018573442,-0.7022052617254603,-0.7119745574141522,0.999904560861747,0.013815540810155787,0,939.66,936.5
2020-08-17,909.12,927.8,939.99,939.12,938.43,935.0,934.5714285714286,937.78,5.083182823691191,927.8,939.99,-2.1049999999999103,932.3443333333333,937.13,10.378604877121807,895.09,939.99,0.15227363737483354,932.7561175256951,933.5839842515439,-3.6800000000000637,-0.01262158653129857,0,8,0,summer,-0.7158518345787989,-0.6982522115469223,0.0,1.0,-0.4338837391191838,-0.9009688679016362,0.7818314824702798,0.6234898018559121,-0.7143486960472247,-0.6997899259460869,0.9997880422131422,-0.020588119088740378,0,939.99,931.0
2020-08-18,934.43,909.12,937.78,939.28,935.43,924.5,930.1614285714285,931.48,10.3062285836802,909.12,938.47,-4.057857142857151,931.3673333333334,936.4100000000001,11.137767662586716,895.09,939.99,0.04440934371521592,926.8470881442713,932.0056626869282,-18.67999999999995,-0.032840774901860666,1,8,0,summer,-0.7277571988834893,-0.6858348631217702,0.7818314824680298,0.6234898018587336,-0.9749279121812053,-0.2225209339590234,0.4338837391225651,-0.9009688679000079,-0.7262807344157685,-0.6873982068761105,0.9984881490521278,-0.05496741036701596,0,937.78,922.0
2020-08-19,933.06,934.43,938.47,924.82,923.36,921.0,929.6828571428571,931.48,9.96564885709285,909.12,938.47,-2.5121428571428472,931.3340000000001,936.4100000000001,11.12668045425273,895.09,939.99,0.09218687430476177,928.7428161082034,932.162071545836,25.309999999999945,-0.003572266416430317,2,8,0,summer,-0.7394471992803373,-0.6732145567918634,0.9749279121818236,-0.22252093395631434,-0.7818314824680833,0.6234898018586665,-0.9749279121817854,-0.2225209339564816,-0.7379978458040428,-0.6748030672637702,0.9960064199652459,-0.0892816408228154,0,938.47,919.0
2020-08-20,933.84,933.06,937.78,938.72,936.71,916.5,928.91,931.48,9.362113365404472,909.12,937.78,-0.8950000000000087,931.6573333333332,936.4100000000001,11.027466627920482,895.09,939.99,0.04832925472745492,929.8221120811526,932.2200024138467,-1.3700000000000045,-0.005764702121538336,3,8,0,summer,-0.7509183763680874,-0.6603950272622556,0.43388373911755823,-0.900968867902419,-1.0307964459799155e-12,1.0,-2.061592891959831e-12,1.0,-0.7494965627878435,-0.6620082343666188,0.9923457923900599,-0.12349019526158374,0,937.78,887.5
2020-08-21,935.35,933.84,928.7,936.11,939.06,936.5,928.3471428571429,931.48,8.844069037658826,909.12,934.43,0.9003571428571764,931.5616666666666,935.71,10.994521545888366,895.09,939.99,0.09725695216904784,930.8265840608644,932.324518387147,0.7800000000000864,-0.004201411844995565,4,8,0,summer,-0.76216733550148,-0.6473800681937733,-0.433883739117558,-0.9009688679024191,0.7818314824667979,0.6234898018602784,0.9749279121827029,-0.22252093395246178,-0.7607734825720414,-0.6490174945370948,0.9875105991383328,-0.1575525835695844,0,928.7,904.5
2020-08-22,937.23,935.35,931.48,938.14,938.78,930.0,929.2971428571428,933.06,9.236732312324676,909.12,935.35,1.7010714285715072,931.438,935.3299999999999,10.927935224729202,895.09,939.99,0.17341045606227024,931.9574380456482,932.5197107492667,1.509999999999991,0.0071605470011844264,5,8,1,summer,-0.7731907477958236,-0.6341735310803621,-0.9749279121818236,-0.2225209339563146,0.9749279121816641,-0.2225209339570135,-0.43388373911885025,-0.9009688679017969,-0.7718252679976738,-0.6358346921019009,0.981506563267536,-0.19142848863936185,0,931.48,923.0
2020-08-24,936.74,937.23,927.8,939.66,937.55,939.0,930.1185714285714,933.84,9.706917513766516,909.12,937.23,2.86285714285714,931.3863333333334,935.3299999999999,10.895642116298243,895.09,939.99,0.261412680756374,933.2755785342362,932.8236003783463,1.8799999999999955,0.006172972044488341,0,8,0,summer,-0.7945479510223573,-0.6072014110047618,0.0,1.0,-0.43388373911650124,-0.9009688679029281,0.7818314824665671,0.6234898018605678,-0.7932404212228976,-0.608908559751068,0.9660217648463302,-0.2584607317237602,0,909.12,933.5
2020-08-25,928.03,936.74,909.12,939.99,925.82,940.0,931.3957142857143,934.43,9.936426012645706,909.12,937.23,3.2410714285714546,931.3593333333333,935.3299999999999,10.880835076134474,895.09,939.99,0.33846051167963187,934.1416839006772,933.0762713216789,-0.4900000000000091,0.009635697348566561,1,8,0,summer,-0.8048754217549614,-0.5934438098546255,0.7818314824680298,0.6234898018587336,-0.9749279121813523,-0.2225209339583794,0.4338837391213748,-0.9009688679005811,-0.8035974516738277,-0.5951731980384618,0.9565593304965406,-0.2915377286733397,0,934.43,933.5
2020-08-26,938.41,928.03,934.43,937.78,907.58,939.0,934.0971428571428,934.43,3.0668100380600616,928.03,937.23,-0.3017857142856565,931.4330000000001,935.3299999999999,10.849474848248365,895.09,939.99,0.2787786429365759,932.6137629255079,932.7507054299577,-8.710000000000036,0.020800334389299506,2,8,0,summer,-0.8149647071196691,-0.5795105919216249,0.9749279121818236,-0.22252093395631434,-0.7818314824676714,0.6234898018591829,-0.9749279121820794,-0.2225209339551936,-0.8137166749443343,-0.5812617077681418,0.9459646882351153,-0.3242696541649268,0,933.06,934.0
2020-08-27,938.82,938.41,933.06,938.47,937.88,939.0,934.6657142857142,935.35,3.479917897228481,928.03,938.41,0.20785714285716594,932.4606666666666,935.73,9.933662703789466,895.09,939.99,0.15928809788652482,934.0628221941308,933.1158212086701,10.379999999999995,0.0042592810590413605,3,8,0,summer,-0.8248128214120083,-0.5654058804384355,0.43388373911755823,-0.900968867902419,-3.7023663108285183e-13,1.0,-7.404732621657037e-13,1.0,-0.8235950964704386,-0.567178205743,0.9342503781496728,-0.3566177658603023,0,933.84,935.0
2020-08-28,936.97,938.82,933.84,937.78,934.04,934.5,935.4885714285714,936.74,3.710325361169489,928.03,938.82,0.4235714285714458,932.4920000000001,935.73,9.952810173254674,895.09,939.99,0.23769076751945148,935.2521166455982,933.4838327435947,0.41000000000008185,0.006173236447816973,4,8,0,summer,-0.8344168502968383,-0.5511338493875183,-0.433883739117558,-0.9009688679024191,0.7818314824672097,0.6234898018597619,0.9749279121824089,-0.22252093395374978,-0.8332297929482019,-0.5529268596690674,0.9214302655951131,-0.38854377571300686,0,935.35,929.5
2020-08-29,939.39,936.97,935.35,928.7,895.09,939.5,935.9357142857142,936.97,3.6668872228070453,928.03,938.82,0.3467857142857661,932.5896666666667,936.425,9.982855124501992,895.09,939.99,0.2772569521690467,935.6815874841986,933.708746760137,-1.8500000000000227,0.003351751906108108,5,8,1,summer,-0.8437739516707836,-0.536698722265919,-0.9749279121818236,-0.2225209339563146,0.9749279121823266,-0.22252093395411074,-0.4338837391134851,-0.9009688679043806,-0.8426179131989051,-0.5385118869220273,0.9075195247820869,-0.42000989528735533,0,937.23,935.5
2020-08-30,938.26,939.39,937.23,931.48,935.31,936.5,936.5128571428571,937.23,3.871557457003748,928.03,939.39,0.6332142857143563,934.0663333333334,936.855,7.106742055519581,909.12,939.99,0.06251167964404201,936.608690613149,934.075279227225,2.419999999999959,0.004319238787619569,6,8,1,summer,-0.8528813565032917,-0.5221047708354187,-0.7818314824680299,0.6234898018587334,0.4338837391171684,-0.9009688679026068,-0.7818314824674903,0.6234898018594099,-0.8517566790126028,-0.5239375532994576,0.8925346208166691,-0.450978880485156,1,,932.0
2020-08-31,918.6,938.26,936.74,927.8,917.02,936.0,936.66,938.26,3.922592680021422,928.03,939.39,0.9228571428572135,934.1646666666667,937.1,7.144850440429412,909.12,939.99,0.09814460511677629,937.0215179598617,934.3452612125653,-1.1299999999999955,0.0010989831738206978,0,8,0,summer,-0.8617363696560699,-0.507356313858394,0.0,1.0,-0.4338837391170964,-0.9009688679026415,0.7818314824673908,0.6234898018595348,-0.8606433859703724,-0.509208171758322,0.8764932902117303,-0.48141407562909455,0,936.74,934.0
2020-09-01,896.45,918.6,928.03,909.12,930.51,935.5,934.0685714285713,938.26,7.868387019315705,918.6,939.39,-1.0007142857142812,934.2173333333334,937.1,7.018826374699209,909.12,939.99,-0.12051167964406807,932.4161384698963,933.3294379085289,-19.659999999999968,-0.019365031919209158,1,9,0,autumn,-0.8703363706806498,-0.4924577158197792,0.7818314824680298,0.6234898018587336,-0.9749279121814993,-0.2225209339577354,0.4338837391201845,-0.9009688679011543,-0.8692754042447131,-0.49432810113849557,0.8594145198933743,-0.5112794568496186,0,928.03,918.0
2020-09-02,938.07,896.45,938.41,934.43,939.91,937.0,929.5571428571429,938.26,16.36913122749259,896.45,939.39,-5.893928571428498,933.082,937.1,9.830654869968102,896.45,939.99,-0.3897397107897831,923.4246038524223,930.9501193337852,-22.149999999999977,-0.03402907233602354,2,9,0,autumn,-0.878678814593855,-0.4774133856354866,0.9749279121818236,-0.22252093395631434,-0.7818314824672595,0.6234898018596994,-0.9749279121823734,-0.2225209339539056,-0.8776501793776098,-0.4793017448731534,0.8413185247278488,-0.5405396747231012,0,938.41,928.5
2020-09-04,938.57,938.07,938.82,933.06,939.12,923.5,929.5085714285715,938.07,16.338961032423807,896.45,939.39,-3.717142857142833,933.0206666666668,937.1,9.792250959334558,896.45,939.99,-0.3104694104560827,927.0859528893167,931.409466473541,41.620000000000005,-0.0003623149795930544,4,9,0,autumn,-0.8945812329761252,-0.44690537880732156,-0.433883739117558,-0.9009688679024191,0.7818314824676216,0.6234898018592454,0.9749279121821149,-0.22252093395503778,-0.8936181637480645,-0.44882800427283664,0.8021617140340014,-0.597106845160925,0,936.97,
2020-09-05,938.86,938.57,936.97,933.84,939.28,936.0,929.472857142857,938.07,16.315471915011827,896.45,939.39,-1.416071428571399,933.0023333333335,937.1,9.780946179226907,896.45,939.99,-0.23260289210235793,929.9569646669876,931.8714363784738,0.5,-0.0002662917279137641,5,9,1,autumn,-0.9021365014704882,-0.4314507303442513,-0.9749279121818236,-0.2225209339563146,0.9749279121821796,-0.22252093395475472,-0.43388373911467537,-0.9009688679038074,-0.9012066476081195,-0.4333896379782685,0.7811472455009839,-0.6243468433861307,0,939.39,934.5
2020-09-06,938.9,938.86,939.39,935.35,924.82,938.5,929.7428571428572,938.26,16.475075836230314,896.45,939.39,0.6607142857143444,932.9883333333332,937.1,9.771947211219702,896.45,939.99,-0.15151724137933673,932.1827235002407,932.3223114508305,0.2899999999999636,0.0020171403566816293,6,9,1,autumn,-0.9094248022967037,-0.4158684034254122,-0.7818314824680299,0.6234898018587334,0.43388373911657324,-0.9009688679028934,-0.7818314824666667,0.6234898018604428,-0.9085284389700446,-0.4178230194504054,0.7592081912540548,-0.6508478488346923,0,938.26,934.5
2020-09-07,928.45,938.9,938.26,937.23,938.72,934.5,929.6728571428572,938.26,16.42822947884342,896.45,938.9,3.020000000000039,933.4576666666667,937.505,9.703990534767843,896.45,939.99,-0.1697107897664316,933.8620426251806,932.7466784540028,0.03999999999996362,-0.0005216150906439382,0,9,0,autumn,-0.9164439786407274,-0.4001630093014021,0.0,1.0,-0.4338837391176915,-0.9009688679023549,0.7818314824682144,0.623489801858502,-0.9155813711089772,-0.40213275529134074,0.7363705189149531,-0.6765784942435894,0,918.6,934.5
2020-09-08,937.69,928.45,918.6,936.74,936.11,937.0,928.2714285714285,938.07,15.98608085030211,896.45,938.9,4.115714285714343,933.1153333333333,937.1,9.693090939119307,896.45,939.99,-0.16572636262516793,932.5090319688854,932.4694733924542,-10.449999999999932,-0.010455524055165888,1,9,0,autumn,-0.9231919533300499,-0.38433919564187974,0.7818314824680298,0.6234898018587336,-0.9749279121816463,-0.2225209339570914,0.43388373911899425,-0.9009688679017275,-0.9223633568631611,-0.38632348869324645,0.7126612597323805,-0.7015083241677582,0,896.45,936.0
2020-09-09,940.36,937.69,896.45,928.03,938.14,937.5,930.9985714285715,938.07,15.686727328723858,896.45,938.9,3.7432142857143758,933.168,937.46,9.714192745136826,896.45,939.99,-0.11555951056732375,933.8042739766641,932.806281560683,9.240000000000009,0.020781624210755533,2,9,0,autumn,-0.9296667294483894,-0.3684016451601911,0.9749279121818236,-0.22252093395631434,-0.7818314824691159,0.6234898018573716,-0.9749279121810484,-0.22252093395971112,-0.9288723892514569,-0.37039989806463225,0.688108476587582,-0.7256078310274201,0,938.07,933.0
2020-09-10,941.21,940.36,938.07,938.41,939.66,921.5,937.2714285714285,938.57,3.9797798455532214,928.45,940.36,-0.18928571428567184,933.242,937.46,9.761713529626673,896.45,940.36,-0.03486985539489537,935.4432054824981,933.2936182341874,2.669999999999959,0.04898209604551282,3,9,0,autumn,-0.9358663909266379,-0.35235507422761664,0.43388373911755823,-0.900968867902419,-2.6870958083804375e-12,1.0,-5.374191616760875e-12,1.0,-0.9351065420673382,-0.35436669564571865,0.6627412307781937,-0.7488484900342692,0,,934.5
2020-09-11,942.48,941.21,938.57,938.82,939.99,919.5,937.72,938.86,4.25241108078987,928.45,941.21,0.34678571428568955,933.2936666666666,937.46,9.800877329953439,896.45,941.21,0.06079866518352854,936.8849041118735,933.8043525416592,0.8500000000000227,0.0033472981760422848,4,9,0,autumn,-0.9417891031098783,-0.3362042314776705,-0.433883739117558,-0.9009688679024191,0.7818314824680335,0.6234898018587289,0.9749279121818211,-0.22252093395632577,-0.9410639704489685,-0.3382286261137914,0.6365895476202884,-0.7712027929543542,0,938.57,934.0
2020-09-12,941.7,942.48,938.86,936.97,937.78,938.0,938.2785714285716,938.9,4.623294022563638,928.45,942.48,0.9782142857143072,933.3766666666667,937.46,9.869842374919706,896.45,942.48,0.16624694104557775,938.2836780839051,934.36407173252,1.2699999999999818,0.0041659119724687214,5,9,1,autumn,-0.9474331133003114,-0.3199538964008396,-0.9749279121818236,-0.2225209339563146,0.9749279121820326,-0.2225209339553987,-0.4338837391158657,-0.9009688679032342,-0.9467429114250241,-0.3219904651794352,0.6096843809101526,-0.7926442806670618,0,938.86,936.0
2020-09-13,940.4,941.7,938.9,939.39,938.47,934.0,938.6842857142857,940.36,4.80390416620906,928.45,942.48,1.4278571428571623,933.5073333333333,937.46,9.95572298880892,896.45,942.48,0.2503136818687233,939.1377585629289,934.8373574271961,-0.7799999999999727,0.00302494514624122,6,9,1,autumn,-0.9527967512759288,-0.3036088779302013,-0.7818314824680299,0.6234898018587334,0.4338837391159781,-0.90096886790318,-0.781831482465843,0.6234898018614757,-0.9521416844364902,-0.3056570181730548,0.5820575762862545,-0.8131475744831137,0,938.9,933.5
2020-09-14,922.29,940.4,928.45,938.26,937.78,906.5,938.8985714285715,940.4,4.84837920880852,928.45,942.48,1.642500000000055,933.5716666666667,937.46,9.995055357986201,896.45,942.48,0.32900778642934353,939.4533189221967,935.1962375931835,-1.3000000000000682,0.0015976142294174033,0,9,0,autumn,-0.9578784297847783,-0.287174013018322,0.0,1.0,-0.433883739115009,-0.9009688679036467,0.7818314824645016,0.6234898018631577,-0.957258691833949,-0.28923311862294887,0.5537418335361147,-0.8326884061832864,0,928.45,936.5
2020-09-15,942.66,922.29,937.69,918.6,928.7,927.0,938.0185714285715,940.4,7.09802655337426,922.29,942.48,-1.629642857142858,933.0553333333335,937.1,10.16874987513227,896.45,942.48,0.2852458286985426,935.1624891916475,934.3635771033007,-18.110000000000014,-0.006634713770262353,1,9,0,autumn,-0.9626766450146765,-0.2706541652058703,0.7818314824680298,0.6234898018587336,-0.9749279121817932,-0.2225209339564474,0.4338837391178039,-0.9009688679023008,-0.9620924193504351,-0.2727236268247154,0.5247706678916313,-0.8512436467431468,0,937.69,939.0
2020-09-16,932.47,942.66,940.36,896.45,931.48,937.5,938.7285714285715,941.21,7.305227417341205,922.29,942.66,-1.179285714285681,933.5206666666668,937.46,10.281361419758163,896.45,942.66,0.31717463848719685,937.0368668937356,934.8988301934105,20.370000000000005,0.0053002591474793515,2,9,0,autumn,-0.9671899770382298,-0.25405422318235227,0.9749279121818236,-0.22252093395631434,-0.7818314824687042,0.623489801857888,-0.9749279121813423,-0.22252093395842312,-0.9666414365494491,-0.25613342840327846,0.49517837036016116,-0.8687913337087653,0,940.36,934.0
2020-09-17,940.85,932.47,941.21,938.07,927.8,937.0,937.6014285714285,941.21,7.613727577151167,922.29,942.66,-1.6167857142857478,933.5536666666667,937.46,10.276173138276206,896.45,942.66,0.2963225806451423,935.8951501703018,934.742131471255,-10.18999999999994,-0.00839040367518821,3,9,0,autumn,-0.971417090233031,-0.23737909933941392,0.43388373911755823,-0.900968867902419,-2.0265359934833735e-12,1.0,-4.053071986966747e-12,1.0,-0.9709043972483188,-0.2394674328669323,0.46499996713654235,-0.8853106971922425,0,941.21,933.0
2020-09-18,940.21,940.85,942.48,938.57,909.12,937.5,937.5500000000001,940.85,7.586457232025882,922.29,942.66,-0.7532142857143022,933.9886666666666,937.8800000000001,10.300397291746993,896.45,942.66,0.30371523915458937,937.1338626277263,935.1361875053677,8.379999999999995,-0.00038248637392294347,4,9,0,autumn,-0.9753567336769071,-0.2206337283171249,-0.433883739117558,-0.9009688679024191,0.7818314824684452,0.6234898018582126,0.9749279121815271,-0.22252093395761377,-0.9748800399166108,-0.22273057215431272,0.4342711781448918,-0.900782184455625,0,942.48,896.0
2020-10-31,862.35,940.21,941.7,938.86,934.43,938.0,937.2257142857143,940.4,7.386480571836586,922.29,942.66,0.23607142857149527,935.025,938.165,9.219324064534645,896.45,942.66,0.17234482758618958,937.9028969707947,935.4635302469569,-0.6399999999999864,-0.0024085391732450363,5,10,1,autumn,-0.8691797200348181,0.49449632382879777,-0.9749279121818236,-0.2225209339563146,0.9749279121818132,-0.22252093395635994,-0.4338837391176423,-0.9009688679023786,-0.8702410484288904,0.49262614387523695,-0.8574069838589352,-0.5146389647412287,0,,932.0
2020-11-01,925.88,862.35,940.4,938.9,933.06,925.5,925.89,940.21,28.908548332053577,862.35,942.66,-7.147142857142786,932.6223333333332,938.165,16.159762221563973,862.35,942.66,-0.3006295884316035,919.014672728096,930.7465282955404,-77.86000000000001,-0.08426250398215994,6,11,1,autumn,-0.8605448221636071,0.5093747236047407,-0.7818314824680299,0.6234898018587334,0.43388373911836753,-0.9009688679020293,-0.78183148246915,0.6234898018573288,-0.8616381642211899,0.5075230772659879,-0.8746025051907097,-0.4848406520849242,0,,932.5
2020-11-02,934.33,925.88,922.29,928.45,933.84,923.0,923.8157142857143,932.47,28.206282903603306,862.35,942.66,-5.075357142857096,932.383,938.165,16.206159567616563,862.35,942.66,-0.34111012235820354,920.731004546072,930.4325587280863,63.52999999999997,-0.015440238196512104,0,11,0,autumn,-0.8516552647767522,0.5241023850146458,0.0,1.0,-0.4338837391158973,-0.900968867903219,0.7818314824657311,0.623489801861616,-0.8527802969470526,0.5222698202451457,-0.8907628247902782,-0.45446846972220634,0,,931.0
2020-11-03,934.83,934.33,942.66,937.69,935.35,937.5,925.5357142857143,934.33,28.46366095986435,862.35,942.66,-4.1667857142856715,932.3993333333334,938.165,16.207925463059958,862.35,942.66,-0.31850055617354706,924.130753409554,930.6840065520807,8.450000000000045,0.013054462262412124,1,11,0,autumn,-0.8425136785453353,0.5386749497275768,0.7818314824680298,0.6234898018587336,-0.9749279121820127,-0.2225209339554862,0.43388373911602734,-0.9009688679031563,-0.8436700678995613,0.5368620088349981,-0.9058688148930355,-0.42355836693930077,0,,933.5
2020-11-04,931.4,934.83,932.47,940.36,937.23,892.5,924.417142857143,934.33,27.825240768222184,862.35,940.85,-0.7246428571428242,932.382,938.165,16.204938881030884,862.35,942.66,-0.28246941045607404,926.8055650571655,930.9514900003337,0.5,-0.008306282222646476,2,11,0,autumn,-0.8331227687228905,0.55308810531009,0.9749279121818236,-0.22252093395631434,-0.7818314824680894,0.6234898018586589,-0.9749279121817811,-0.2225209339565007,-0.8343101730528057,0.5512953247947939,-0.9199025956654946,-0.3921469297188053,0,,933.0
2020-11-05,931.4,931.4,940.85,941.21,936.74,903.5,924.2642857142857,934.33,27.776525974968596,862.35,940.85,1.1739285714285979,932.1876666666667,938.165,16.179733530761638,862.35,942.66,-0.2553704115684319,927.9541737928741,930.9804261293446,-3.4300000000000637,-0.0011474899996783275,3,11,0,autumn,-0.8234853143448451,0.5673375865024032,0.43388373911755823,-0.900968867902419,-1.0405960962956407e-12,1.0,-2.0811921925912813e-12,1.0,-0.8247033822639432,0.5655654968988227,-0.9328475563684936,-0.36027133743517553,0,,
2020-11-06,936.59,931.4,940.21,942.48,928.03,933.5,922.9142857142857,931.4,27.056383631928774,862.35,940.21,4.307857142857147,932.0096666666667,938.165,16.157282650362163,862.35,942.66,-0.22905672969968724,928.8156303446557,931.0074954113225,0.0,-0.01004410905032688,4,11,0,autumn,-0.8136041674061217,0.5814191764806106,-0.433883739117558,-0.9009688679024191,0.78183148246906,0.6234898018574417,0.9749279121810882,-0.2225209339595362,-0.8148525384537056,0.579668302200105,-0.9446883750178106,-0.3279693188488955,0,,932.0
2020-11-07,931.25,936.59,862.35,941.7,938.41,937.0,922.3971428571429,931.4,26.702992163354992,862.35,936.59,8.243928571428647,932.295,938.165,16.16016275737479,862.35,942.66,-0.22695216907677696,930.7592227584918,931.3676569976888,5.190000000000055,-0.00385020367790175,5,11,1,autumn,-0.8034822520171546,0.5953287081045576,-0.9749279121818236,-0.2225209339563146,0.9749279121824758,-0.22252093395345718,-0.4338837391122772,-0.9009688679049623,-0.8047605567650089,0.5935995672802271,-0.9554110365198079,-0.29527910744945435,0,862.35,935.0
2020-11-08,927.7,931.25,925.88,940.4,938.82,935.0,932.24,931.4,3.4842407111663634,925.88,936.59,0.6142857142857128,932.0563333333333,937.8800000000001,16.119558581133376,862.35,942.66,-0.19152169076753517,930.8819170688688,931.3600662236444,-5.340000000000032,0.07989795326723485,6,11,1,autumn,-0.7931225635385611,0.6090620651510165,-0.7818314824680299,0.6234898018587334,0.43388373911777234,-0.900968867902316,-0.7818314824683263,0.6234898018583617,-0.7944304237001774,0.607355169484509,-0.965002849260143,-0.26223939620088665,0,925.88,934.5
2020-11-09,929.81,927.7,934.33,922.29,936.97,935.5,932.5,931.4,2.9588398627416774,927.7,936.59,-0.7807142857142841,931.6856666666666,937.33,16.08648344232655,862.35,942.66,-0.17298109010012278,930.0864378016515,931.1239329188932,-3.5499999999999545,0.0019656974985959846,0,11,0,autumn,-0.7825281676947325,0.62261518353179,0.0,1.0,-0.4338837391164924,-0.9009688679029323,0.7818314824665549,0.6234898018605831,-0.7838651962373524,0.6209310381417383,-0.9734524601256734,-0.22888929174444606,0,934.33,929.0
2020-11-10,902.44,929.81,934.83,942.66,939.39,934.5,931.8542857142858,931.4,2.9859942908145736,927.7,936.59,-0.8074999999999477,931.447,937.1400000000001,16.05846927690364,862.35,942.66,-0.14863848720802833,930.0173283512387,931.0391630531582,2.1099999999999,-0.004837691179775984,1,11,0,autumn,-0.7717021996665964,0.6359840524963944,0.7818314824680298,0.6234898018587336,-0.9749279121813501,-0.22252093395838896,0.43388373912139244,-0.9009688679005726,-0.7730680009257505,0.6343231557689376,-0.980749867942412,-0.19526826811067233,0,934.83,929.5
2020-11-11,909.09,902.44,931.4,932.47,938.26,937.5,927.2271428571429,931.25,11.254400197679763,902.44,936.59,-3.5339285714285404,930.2153333333333,935.71,16.826870287673206,862.35,942.66,-0.28100111234708064,923.1229962634291,929.1940557594061,-27.36999999999989,-0.0346480108682862,2,11,0,autumn,-0.7606478631638292,0.649164715818952,0.9749279121818236,-0.22252093395631434,-0.7818314824676775,0.6234898018591752,-0.9749279121820751,-0.2225209339552127,-0.762042032960318,0.6475275592603805,-0.9868864353132263,-0.16141611999658886,0,931.4,925.5
2020-11-12,937.41,909.09,931.4,940.85,918.6,931.0,924.04,929.81,12.912572684532726,902.44,936.59,-4.881071428571375,929.243,934.58,17.18496077669575,862.35,942.66,-0.36181312569523677,919.6147471975719,927.8970199039605,6.649999999999977,-0.02395318874812105,3,11,0,autumn,-0.7493684294767903,0.6621532729689469,0.43388373911755823,-0.900968867902419,-3.80036281398577e-13,1.0,-7.60072562797154e-13,1.0,-0.7507905552363972,0.660540341060122,-0.9918548988411364,-0.12737291566435516,0,931.4,934.5
2020-11-13,936.46,937.41,936.59,940.21,896.45,931.0,924.8985714285716,929.81,13.661591450207723,902.44,937.41,-2.3971428571428466,929.87,935.71,17.126301611748243,862.35,942.66,-0.38252280311459247,924.0635603981789,928.510760555318,28.319999999999936,0.0064526519218380835,4,11,0,autumn,-0.7378672365084513,0.6749458802655078,-0.433883739117558,-0.9009688679024191,0.7818314824672036,0.6234898018597695,0.9749279121824134,-0.22252093395373065,-0.7393168973840011,0.673357650318532,-0.9956493777265564,-0.09317894951501104,0,936.59,
2020-11-14,935.26,936.46,931.25,862.35,938.07,927.0,924.88,929.81,13.64312525291308,902.44,937.41,0.5117857142857409,931.2036666666667,936.5250000000001,15.951616172217914,862.35,942.66,-0.570489432703026,927.1626702986341,929.0236147130395,-0.9499999999999318,-0.0001388013965555851,5,11,1,autumn,-0.7261476877866176,0.6875387520148583,-0.9749279121818236,-0.2225209339563146,0.9749279121823288,-0.22252093395410116,-0.43388373911346745,-0.9009688679043891,-0.7276244547825562,0.685975694031784,-0.9982653807279249,-0.05887469439522454,1,931.25,
2020-11-15,904.95,935.26,927.7,925.88,938.57,936.5,925.4528571428572,929.81,14.033766083136728,902.44,937.41,2.533928571428602,931.1100000000001,935.86,15.918122181749974,862.35,942.66,-0.49696551724139826,929.1870027239756,929.4259621509079,-1.2000000000000455,0.004306040268456366,6,11,1,autumn,-0.7142132514567308,0.6999281616306096,-0.7818314824680299,0.6234898018587334,0.4338837391171772,-0.9009688679026026,-0.7818314824675027,0.6234898018593946,-0.7157166875559593,0.6983907381644786,-0.9996998114776838,-0.024500753692149265,0,927.7,
2020-11-16,886.0,904.95,929.81,934.33,938.86,931.0,922.2028571428572,929.81,15.932459230855185,902.44,937.41,0.658214285714317,929.9893333333333,935.0450000000001,16.545891235639974,862.35,942.66,-0.6142914349277165,923.1277520429817,927.8468678185914,-30.309999999999945,-0.024523013905357334,0,11,0,autumn,-0.7020674592555421,0.7121104427365658,0.0,1.0,-0.43388373911708755,-0.9009688679026457,0.7818314824673785,0.6234898018595502,-0.7035971195488596,0.7105991087544001,-0.9999509721471654,0.009902186725095515,0,929.81,
2020-11-17,871.38,886.0,902.44,934.83,938.9,922.0,915.9442857142858,909.09,20.419148576065286,886.0,937.41,-2.133928571428559,928.2273333333335,934.58,18.29119100839987,862.35,942.66,-0.8369165739710945,913.8458140322363,925.1470698948112,-18.950000000000045,-0.04711715296673508,1,11,0,autumn,-0.6897139054659751,0.7240819902517062,0.7818314824680298,0.6234898018587336,-0.9749279121814971,-0.22252093395774494,0.43388373912020217,-0.9009688679011458,-0.6912693372837421,0.7225971929998732,-0.9990185654562292,0.044293406662592134,0,902.44,
2020-11-18,910.44,871.38,909.09,931.4,928.45,919.0,911.5071428571428,909.09,26.354765359282837,871.38,937.41,-8.837857142857096,925.9766666666667,933.4000000000001,20.90059466788658,862.35,942.66,-1.1300689655172755,903.2293605241772,921.6782266757913,-14.620000000000005,-0.03441780062940479,2,11,0,autumn,-0.6771562458534738,0.7358392614570317,0.9749279121818236,-0.22252093395631434,-0.7818314824695339,0.6234898018568474,-0.97492791218075,-0.22252093396101824,-0.678736988899448,0.7343814403290095,-0.9969036950251031,0.07863219979942118,0,909.09,925.0
2020-11-19,934.39,910.44,937.41,931.4,937.69,887.5,911.7,910.44,26.339064144346466,871.38,937.41,-9.297499999999943,925.3763333333334,933.4000000000001,21.084942737174092,862.35,942.66,-1.2132480533926884,905.0320203931329,920.9531797934823,39.06000000000006,0.00148500148500151,3,11,0,autumn,-0.6643981965841613,0.7473787770439525,0.43388373911755823,-0.900968867902419,2.805235334984867e-13,1.0,5.610470669969734e-13,1.0,-0.6660037830718326,0.7459483634501837,-0.9936088640681293,0.11287792186801474,0,937.41,934.5
2020-11-21,936.94,934.39,936.46,936.59,940.36,904.5,911.2685714285714,910.44,25.868278146906334,871.38,936.46,-3.1935714285713916,925.2663333333334,933.4000000000001,21.027015706948415,862.35,942.66,-1.070173526140178,912.3715152948497,921.8200714197093,23.949999999999932,-0.003221642611023972,5,11,1,autumn,-0.6382960891271152,0.7697909473389706,-0.9749279121818236,-0.2225209339563146,0.9749279121821818,-0.22252093395474518,-0.4338837391146577,-0.9009688679038159,-0.639949929871798,0.7684166104770777,-0.9834963119742611,0.18092817451416163,0,935.26,927.0
2020-11-22,938.67,936.94,935.26,931.25,941.21,923.0,911.3371428571429,910.44,25.946702240224187,871.38,936.94,3.155714285714275,925.1523333333333,933.4000000000001,20.951497466576935,862.35,942.66,-0.8907652947719834,918.5136364711373,922.795550682954,2.550000000000068,0.000512568609444096,6,11,1,autumn,-0.6249597552901307,0.7806569696529327,-0.7818314824680299,0.6234898018587334,0.43388373911658207,-0.9009688679028892,-0.7818314824666789,0.6234898018604275,-0.6266369925702883,0.7793112853940103,-0.9766905603107764,0.21465215908492913,0,904.95,933.0
2020-11-23,926.8,938.67,904.95,927.7,942.48,908.5,911.8242857142858,910.44,26.496883374680618,871.38,938.67,9.501785714285736,925.0676666666667,933.4000000000001,20.889409737841518,862.35,942.66,-0.6928120133481845,923.552727353353,923.8197087034085,1.7299999999999045,0.003646044950067327,0,11,0,autumn,-0.6114384782119812,0.791291973522932,0.0,1.0,-0.4338837391176827,-0.9009688679023591,0.7818314824682022,0.6234898018585173,-0.6131386156857341,0.7899753400929561,-0.9687287729009242,0.24812207590996332,0,886.0,914.0
2020-11-24,932.04,926.8,886.0,929.81,941.7,933.5,914.9457142857143,926.8,26.836920996482217,871.38,938.67,10.124285714285717,924.5450000000001,931.935,20.63331082296944,862.35,942.66,-0.5615506117909062,924.3645455150147,924.0119855612531,-11.870000000000005,0.024144980385656566,1,11,0,autumn,-0.5977362592204096,0.8016928117509794,0.7818314824680298,0.6234898018587336,-0.9749279121816441,-0.22252093395710096,0.4338837391190119,-0.900968867901719,-0.5994587937691108,0.8004056187789305,-0.959620373518473,0.28129830914576526,0,871.38,931.0
2020-11-25,937.09,932.04,871.38,902.44,940.4,933.5,921.5228571428572,932.04,24.058506959968675,871.38,938.67,7.820714285714252,924.2230000000001,931.72,20.430742918624457,862.35,942.66,-0.39488542825363226,926.2834091362611,924.5299219766562,5.240000000000009,0.051963882618510114,2,11,0,autumn,-0.5838571531889813,0.8118564064353119,0.9749279121818236,-0.22252093395631434,-0.781831482469122,0.6234898018573639,-0.974927912181044,-0.22252093395973024,-0.585601575065967,0.8105990348379762,-0.949376143096143,0.3141415905605173,0,910.44,933.0
2020-11-26,939.34,937.09,910.44,909.09,922.29,934.0,930.9100000000001,934.39,9.866367112570375,910.44,938.67,2.3253571428571633,924.1126666666667,931.72,20.349143493512628,862.35,942.66,-0.20030700778646024,928.9850568521958,925.3402495910656,5.050000000000068,0.0754091211641305,3,11,0,autumn,-0.5698052673371349,0.8217797498812296,0.43388373911755823,-0.900968867902419,9.410833483955505e-13,1.0,1.882166696791101e-12,1.0,-0.5715710603187052,0.820552571750373,-0.9380082069652023,0.3466130460123021,0,934.39,933.5
2020-11-27,927.65,939.34,934.39,937.41,942.66,935.0,935.0385714285713,936.94,4.4120948485264995,926.8,939.34,0.30428571428572565,924.681,932.255,20.533741004872898,862.35,942.66,-0.11463626251392246,931.5737926391469,926.2434592948679,2.25,0.03174289354597774,4,11,0,autumn,-0.555584760014732,0.8314599054911623,-0.433883739117558,-0.9009688679024191,0.7818314824680274,0.6234898018587366,0.9749279121818254,-0.22252093395630665,-0.5573714015529243,0.8302632839834174,-0.9255300205035419,0.3786742414618577,0,,924.0
2020-11-28,896.18,927.65,936.94,936.46,932.47,929.5,934.0757142857143,936.94,5.235777106101308,926.8,939.34,-0.5799999999999907,924.1806666666666,931.72,20.261617856453285,862.35,940.85,0.0285116796440285,930.5928444793602,926.3342038564894,-11.690000000000055,-0.007213262128233403,5,11,1,autumn,-0.5411998394714944,0.8408940086336855,-0.9749279121818236,-0.2225209339563146,0.9749279121820348,-0.22252093395538916,-0.43388373911584804,-0.9009688679032427,-0.5430068008485737,0.8397282978631824,-0.9119563532094096,0.4102872284643949,0,936.94,925.5
2020-11-29,926.34,896.18,938.67,935.26,940.85,935.5,928.2528571428571,932.04,15.027871566177788,896.18,939.34,-4.231071428571433,922.971,931.4,20.825123313788858,862.35,940.85,-0.09496996662961542,921.9896333595201,924.3887713496192,-31.470000000000027,-0.04350331931607158,6,11,1,autumn,-0.5266547626116581,0.8500792674912487,-0.7818314824680299,0.6234898018587334,0.43388373911926464,-0.9009688679015974,-0.7818314824703917,0.6234898018557719,-0.5284815090967211,0.8489448124247255,-0.8973032712201034,0.44141458908570463,0,938.67,928.5
2020-11-30,939.0,926.34,926.8,904.95,940.21,932.0,926.4914285714285,927.65,14.308769372395085,896.18,939.34,-2.9478571428570968,922.4873333333333,931.325,20.56240341066722,862.35,940.21,0.05006896551721238,923.0772250196401,924.5146570689986,30.160000000000082,-0.013135606762759999,0,11,0,autumn,-0.5119538337342339,0.8590129638863552,0.0,1.0,-0.4338837391182778,-0.9009688679020725,0.7818314824690259,0.6234898018574844,-0.5137998247414067,0.8579101002411031,-0.881588118295523,0.4720194801913995,1,926.8,920.0
2020-12-01,938.66,939.0,932.04,886.0,862.35,934.0,928.2342857142856,932.04,15.075098515038174,896.18,939.34,-1.5635714285714046,922.447,931.325,20.527598772855548,862.35,939.34,0.2788275862068653,927.0579187647301,925.4491953226117,12.659999999999968,0.01316357358653436,1,12,0,winter,-0.49710140325924973,0.8676924540859421,0.7818314824680298,0.6234898018587336,-0.9749279121817911,-0.22252093395645697,0.4338837391178216,-0.9009688679022922,-0.49896609250770807,0.8666215082304324,-0.8648294952897508,0.5020656770551786,0,932.04,923.0
2020-12-02,938.08,938.66,937.09,871.38,925.88,918.0,929.18,937.09,15.553686594074014,896.18,939.34,0.09714285714287317,924.9906666666667,931.4,17.297789161771004,871.38,939.34,-0.031034482758646537,929.9584390735475,926.301505301798,-0.34000000000003183,0.00710269945495902,2,12,0,winter,-0.4821018664403299,0.8761151695837427,0.9749279121818236,-0.22252093395631434,-0.7818314824687103,0.6234898018578804,-0.9749279121813379,-0.22252093395844225,-0.48398470211581657,0.8750764584411264,-0.8470472381343845,0.5315176162357286,0,937.09,924.0
2020-12-03,934.88,938.08,939.34,910.44,934.33,928.5,929.3214285714286,938.08,15.641850304628035,896.18,939.34,2.180714285714331,925.3973333333334,931.72,17.462047700229245,871.38,939.34,0.05954616240264331,931.9888293051606,927.061408185553,-0.5799999999999272,0.0010564620260594064,3,12,0,winter,-0.4669596620640253,0.8842786178603729,0.43388373911755823,-0.900968867902419,1.6016431632926142e-12,1.0,3.2032863265852283e-12,1.0,-0.4688600869822895,0.8832724488146112,-0.8282623943605569,0.5603404376699198,0,939.34,924.5
2020-12-04,939.35,934.88,927.65,934.39,934.83,934.5,928.6842857142857,934.88,15.25171668713961,896.18,939.0,4.207500000000041,925.4156666666665,931.72,17.472035328082733,871.38,939.34,0.1823292547274483,932.7116219788704,927.5658334639045,-3.2000000000000455,-0.004748014563416906,4,12,0,winter,-0.45167927113624246,0.892180383120943,-0.433883739117558,-0.9009688679024191,0.781831482466171,0.6234898018610645,0.9749279121831504,-0.22252093395050113,-0.45359672290793185,0.8912070539258455,-0.808497198186392,0.5885000259343698,0,927.65,932.5
2020-12-05,939.31,939.35,896.18,936.94,931.4,934.5,930.3557142857143,938.08,15.752360518499229,896.18,939.35,5.202500000000001,925.5663333333334,931.72,17.57520147200688,871.38,939.35,0.33715461624024695,934.3712164841528,928.3261022726849,4.470000000000027,0.012612515496146224,5,12,1,winter,-0.4362652155561949,0.8998181270099568,-0.9749279121818236,-0.2225209339563146,0.9749279121818878,-0.22252093395603317,-0.4338837391170383,-0.9009688679026695,-0.43819912675312717,0.898877925701147,-0.7877750441998099,0.6159630506255935,0,896.18,930.0
2020-12-06,934.09,939.31,926.34,938.67,931.4,934.5,936.517142857143,938.66,4.748307467881203,926.34,939.35,1.279642857142844,925.8299999999999,933.2149999999999,17.724437250928222,871.38,939.35,0.4660556173525862,935.6059123631146,929.0347408357376,-0.04000000000007731,0.04812649244571403,6,12,1,winter,-0.4207220567782361,0.9071895893033003,-0.7818314824680299,0.6234898018587334,0.4338837391186695,-0.9009688679018839,-0.781831482469568,0.6234898018568047,-0.42267185510147354,0.9062827941128966,-0.7661204596684896,0.6426970058101579,0,926.34,922.0
2020-12-07,912.13,934.09,939.0,926.8,936.59,934.5,937.6242857142857,938.66,2.199051743693528,934.09,939.35,-0.43428571428563306,925.9196666666667,934.24,17.76035501418561,871.38,939.35,0.5577597330366727,935.2269342723359,929.3608865882707,-5.219999999999914,0.008366258609149987,0,12,0,winter,-0.4050543944620073,0.9142925885771013,0.0,1.0,-0.4338837391155953,-0.9009688679033644,0.7818314824653132,0.6234898018621401,-0.40701950291121247,0.9134194678513862,-0.7435590755085908,0.668670248499819,0,939.0,932.5
2020-12-08,884.13,912.13,938.66,932.04,931.25,936.0,933.7857142857143,938.08,9.780410450049622,912.13,939.35,-2.969285714285596,925.1043333333333,933.065,17.814980074574763,871.38,939.35,0.5423826473859616,929.452700704252,928.2492164858016,-21.960000000000036,-0.028615548455804052,1,12,0,winter,-0.3892668651112589,0.9211250228532786,0.7818314824680298,0.6234898018587336,-0.9749279121819381,-0.22252093395581296,0.4338837391166313,-0.9009688679028655,-0.39124670215529384,0.9202858349733559,-0.7201175959471129,0.6938520361052136,0,938.66,932.5
2020-12-09,916.61,884.13,938.08,937.09,927.7,933.0,925.9957142857144,934.88,20.78092543427194,884.13,939.35,-7.593214285714244,923.5336666666667,933.065,19.272053105976234,871.38,939.35,0.32041601779753537,918.122025528189,925.4028154222016,-28.0,-0.058093452368269634,2,12,0,winter,-0.3733641407017845,0.9276848702215738,0.9749279121818236,-0.22252093395631434,-0.7818314824682984,0.6234898018583968,-0.9749279121816319,-0.22252093395715425,-0.37535812045095474,0.9268798635268363,-0.6958237669145414,0.7182125628230531,0,938.08,916.0
2020-12-10,936.43,916.61,934.88,939.34,929.81,934.5,922.9285714285714,934.09,20.27844210696969,884.13,939.35,-6.872500000000012,923.1640000000001,933.065,19.29572770294595,871.38,939.35,0.3044805339265716,917.7440191461418,924.835537007866,32.48000000000002,-0.022887173801807978,3,12,0,winter,-0.35735092729884943,0.9339701894378923,0.43388373911755823,-0.900968867902419,-1.3757758289020351e-12,1.0,-2.7515516578040703e-12,1.0,-0.35935845967823316,0.9331996021525554,-0.6707063432037645,0.7417229949153754,0,934.88,933.0
2020-12-11,937.18,936.43,939.35,927.65,902.44,934.0,923.15,934.09,20.438525713302816,884.13,939.35,-3.7185714285713996,923.3846666666667,934.24,19.4118562656483,871.38,939.35,0.4359021134593839,922.4155143596063,925.5835668783263,19.819999999999936,0.001657966797877754,4,12,0,winter,-0.3412319636645278,0.9399791204987749,-0.433883739117558,-0.9009688679024191,0.7818314824665827,0.623489801860548,0.9749279121828565,-0.22252093395178912,-0.3432524545886537,0.9392431806613579,-0.6447950544353309,0.7643555048377284,0,939.35,930.5
2020-12-12,899.65,937.18,939.31,896.18,909.09,936.0,922.84,934.09,20.16650771287235,884.13,939.31,0.09892857142856347,924.5426666666666,934.635,19.153812969338343,871.38,939.35,0.3804582869855081,926.1066357697047,926.3317238539182,0.75,-0.002310108053441287,5,12,1,winter,-0.32501201985537936,0.9457098851918206,-0.9749279121818236,-0.2225209339563146,0.9749279121817408,-0.22252093395667716,-0.4338837391182286,-0.9009688679020963,-0.327044871403868,0.9450088105877253,-0.6181205698683698,0.7860833041768549,0,939.31,934.0
2020-12-13,799.73,899.65,934.09,926.34,937.41,933.5,917.1742857142856,916.61,20.33855604276679,884.13,937.18,-0.03285714285713256,924.228,934.635,19.49100365420679,871.38,939.35,0.11329032258061772,919.4924768272786,924.6103223149557,-37.52999999999997,-0.04222248246052951,6,12,1,winter,-0.30869589581084605,0.9511607876219137,-0.7818314824680299,0.6234898018587334,0.4338837391180743,-0.9009688679021706,-0.7818314824687442,0.6234898018578376,-0.31074050640551404,0.9504947857189142,-0.5907144621001919,0.8068806753576894,0,934.09,
2020-12-14,771.85,799.73,912.13,939.0,936.46,936.5,897.9800000000001,912.13,47.27581446504463,799.73,937.18,-10.199642857142818,919.6386666666666,934.24,29.775716179850722,799.73,939.35,-0.5990122358176034,889.5518576204589,916.5535273268941,-99.91999999999996,-0.14384052928518667,0,12,0,winter,-0.2922884199328186,0.9563302147130855,0.0,1.0,-0.43388373911619044,-0.9009688679030777,0.7818314824661369,0.6234898018611073,-0.29434418451570293,0.9556994825999362,-0.5626091696959149,0.8267230020835716,0,912.13,913.5
2020-12-15,863.77,771.85,884.13,938.66,935.26,939.0,877.9399999999999,899.65,66.21600889009628,771.85,937.18,-21.692142857142773,914.1516666666668,933.065,39.98556748967446,771.85,939.35,-1.4364783092325155,860.1263932153441,907.2178158864493,-27.879999999999995,-0.15379386710227705,1,12,0,winter,-0.27579444765677436,0.9612166366858694,0.7818314824680298,0.6234898018587336,-0.9749279121812755,-0.22252093395871572,0.43388373912199646,-0.9009688679002817,-0.2778607578690245,0.9606213610140321,-0.5338379587930654,0.8455867984729027,0,884.13,933.0
2020-12-16,927.1,863.77,916.61,938.08,904.95,934.0,875.0314285714286,899.65,66.34582790916362,771.85,937.18,-22.326071428571442,911.7686666666666,929.845,40.80606468899385,771.85,939.35,-1.6159466073415243,861.0372949115081,904.4147309905494,91.91999999999996,-0.02302828769524845,2,12,0,winter,-0.2592188600149208,0.9658186075100049,0.9749279121818236,-0.22252093395631434,-0.7818314824678865,0.6234898018589132,-0.9749279121819259,-0.22252093395586625,-0.2612951043769881,0.9652589644383619,-0.5044348837274905,0.8634497368572378,0,916.61,932.5
2020-12-17,931.35,927.1,936.43,934.88,886.0,933.0,876.53,899.65,67.5490584686417,771.85,937.18,-10.807499999999939,912.507,929.845,40.87875851327016,771.85,939.35,-1.5640600667408504,877.552971183631,905.8782967330947,63.33000000000004,0.01144434383216418,3,12,0,winter,-0.24256656219175124,0.9701347653323611,0.43388373911755823,-0.900968867902419,-7.152160140049714e-13,1.0,-1.4304320280099428e-12,1.0,-0.24465212628429503,0.9696109204751013,-0.4744347467254121,0.8802906742091468,0,936.43,868.0
2020-12-18,914.73,931.35,937.18,939.35,871.38,896.0,875.8042857142857,899.65,66.82163767751236,771.85,937.18,3.623214285714338,914.0186666666666,931.6949999999999,40.702875246515205,771.85,939.35,-1.6252992213570874,891.0022283877232,907.5216324277338,4.25,-0.005424858238202458,4,12,0,winter,-0.22584248207247404,0.9741638328799443,-0.433883739117558,-0.9009688679024191,0.7818314824669946,0.6234898018600316,0.9749279121825625,-0.22252093395307712,-0.22793674871823497,0.9736759412575419,-0.4438730567108225,0.8960896771675204,0,937.18,930.0
2020-12-19,837.73,914.73,899.65,939.31,910.44,874.5,872.5971428571429,899.65,63.85794148323422,771.85,931.35,16.5617857142857,915.4636666666667,931.6949999999999,39.89849487121726,771.85,939.35,-1.9147697441602065,896.9341712907924,907.9866884001382,-16.620000000000005,-0.023954843253163674,5,12,1,winter,-0.20905156878470177,0.9779046178378825,-0.9749279121818236,-0.2225209339563146,0.9749279121815938,-0.22252093395732117,-0.4338837391194189,-0.900968867901523,-0.21115391823098054,0.9774528238312601,-0.41278598727581384,0.9108280456314087,0,899.65,840.5
2020-12-20,863.81,837.73,799.73,934.09,934.39,917.5,863.7514285714286,863.77,63.774543100041235,771.85,931.35,16.690714285714265,913.0399999999998,931.6949999999999,42.34744131830099,771.85,939.35,-2.4509232480534204,882.1331284680942,903.4539988259357,-77.0,-0.06882676596454172,6,12,1,winter,-0.1921987912338717,0.9813560132022622,-0.7818314824680299,0.6234898018587334,0.4338837391174792,-0.9009688679024571,-0.7818314824679206,0.6234898018588705,-0.19430860133609426,0.980940450510025,-0.3812103338652023,0.9244883348936216,0,799.73,922.5
2020-12-21,882.72,863.81,771.85,912.13,936.94,919.0,872.9057142857143,863.81,57.326270259844556,771.85,931.35,7.55107142857144,910.6873333333333,929.5,43.074749378528516,771.85,939.35,-2.6212947719688797,877.5523463510707,900.896321482327,26.079999999999927,0.08012704287697088,0,12,0,winter,-0.17528913663280452,0.9845169976077234,0.0,1.0,-0.43388373911678557,-0.9009688679027912,0.7818314824669605,0.6234898018600743,-0.17740578303863228,0.9841377892065977,-0.34918347022420976,0.9370543762888994,0,771.85,916.5
2020-12-22,914.72,882.72,863.77,884.13,938.67,923.5,888.7442857142858,882.72,36.16132365624102,837.73,931.35,-5.8339285714285,908.88,927.375,43.07273823789709,771.85,939.35,-2.620676307007813,878.844259763303,899.7236555802415,18.910000000000082,0.1436418993327719,1,12,0,winter,-0.15832760902584103,0.9873866356297114,0.7818314824680298,0.6234898018587336,-0.9749279121814225,-0.22252093395807174,0.43388373912080613,-0.900968867900855,-0.1604504653597719,0.9870438937381826,-0.31674330416162527,0.9485112963316653,0,863.77,
2020-12-23,924.81,914.72,927.1,916.61,926.8,936.0,896.0228571428571,914.72,35.41663343415797,837.73,931.35,-6.618571428571415,908.0816666666666,926.95,42.72207860784365,771.85,939.35,-2.3775506117909053,887.8131948224773,900.6911616718388,32.0,0.05898560959514691,2,12,0,winter,-0.14131922780801567,0.9899640780612932,0.9749279121818236,-0.22252093395631434,-0.7818314824674747,0.6234898018594297,-0.9749279121822199,-0.22252093395457825,-0.14344766585690757,0.9896579041063659,-0.2839282326817949,0.95884553432041,0,927.1,926.5
2020-12-24,926.78,924.81,931.35,936.43,932.04,936.5,895.6957142857144,914.72,35.090808795249416,837.73,931.35,0.9053571428571584,908.0153333333333,926.72,42.69354838875598,771.85,939.35,-2.140533926585118,897.0623961168579,902.2472157575266,10.089999999999918,-0.002470067953834621,3,12,0,winter,-0.1242690262396651,0.9922485621644637,0.43388373911755823,-0.900968867902419,-5.4656199107907735e-14,1.0,-1.0931239821581547e-13,1.0,-0.12640241613864703,0.99197904675165,-0.25077709653664093,0.9680448583886246,0,931.35,928.0
2020-12-25,934.46,926.78,914.73,937.18,937.09,935.0,895.0428571428572,914.72,34.35163834728771,837.73,926.78,9.329285714285728,907.8399999999999,926.56,42.60218506618943,771.85,939.35,-1.853784204671882,904.4917970876434,903.8299760312347,1.9700000000000273,-0.0049068556396629085,4,12,0,winter,-0.10718204995695312,0.9942394118958598,-0.433883739117558,-0.9009688679024191,0.7818314824674065,0.6234898018595152,0.9749279121822685,-0.22252093395436512,-0.10931976037564653,0.9940066347823898,-0.2173291342524273,0.9760983799828225,1,914.73,922.0
2020-12-26,927.87,934.46,837.73,899.65,939.34,932.0,897.8614285714285,914.72,36.947547247673164,837.73,934.46,16.364999999999988,907.7523333333334,926.56,42.54258326570685,771.85,939.35,-1.4803181312569702,911.9838478157326,905.8061066098647,7.680000000000064,0.021569206213855475,5,12,1,winter,-0.09006335547871394,0.9959360381068229,-0.9749279121818236,-0.2225209339563146,0.9749279121822564,-0.22252093395441838,-0.43388373911405376,-0.9009688679041067,-0.09220475380823627,0.9957400681780173,-0.18362393568670096,0.9829965667503251,0,837.73,897.5
2020-12-27,929.7,927.87,863.81,799.73,927.65,934.5,910.7385714285714,924.81,26.81637399585776,863.81,934.46,10.990000000000054,907.37,926.56,42.2997614732012,771.85,939.35,-1.1326807563960166,915.9553858617994,907.2295836027768,-6.590000000000032,0.10760030081291107,6,12,1,winter,-0.07291800871009775,0.9973379387177418,-0.7818314824680299,0.6234898018587334,0.43388373911688405,-0.9009688679027438,-0.7818314824670969,0.6234898018599034,-0.07506246125020682,0.9971788339666366,-0.1497013951682942,0.9887312538221223,0,863.81,
2020-12-28,883.56,929.7,882.72,771.85,896.18,926.5,920.1514285714286,926.78,17.567675266970323,882.72,934.46,6.317500000000005,907.4383333333334,926.56,42.33529350833466,771.85,939.35,-0.848754171301464,919.3915393963496,908.6792878864686,1.830000000000041,0.0762783482478787,0,12,0,winter,-0.055751083443415735,0.9984446988666349,0.0,1.0,-0.4338837391173807,-0.9009688679025045,0.7818314824677842,0.6234898018590415,-0.057897955590100754,0.9983225063768154,-0.11560166427760588,0.9932956534769735,0,882.72,
2020-12-29,827.59,883.56,914.72,863.77,926.34,717.0,920.2714285714286,926.78,17.269719577506812,883.56,934.46,-2.9503571428571713,907.0176666666666,926.56,42.513345221872214,771.85,939.35,-1.0804516129032502,910.4336545472621,907.0586886679869,-46.1400000000001,0.000951604132680712,1,12,0,winter,-0.03856765985666961,0.9992559910319179,0.7818314824680298,0.6234898018587336,-0.9749279121815695,-0.22252093395742772,0.43388373911961586,-0.9009688679014282,-0.04071631628977464,0.9991707469635963,-0.08136510432172034,0.9966843631755821,0,914.72,
2020-12-30,882.14,827.59,924.81,927.1,939.0,919.0,907.8242857142858,926.78,39.29369875571355,827.59,934.46,-13.673571428571371,903.726,925.795,44.730804289816426,771.85,939.35,-1.4596307007786642,889.7227409104466,901.9316764958587,-55.969999999999914,-0.09525319223368899,2,12,0,winter,-0.021372823010177244,0.999771575129327,0.9749279121818236,-0.22252093395631434,-0.7818314824670628,0.6234898018599461,-0.9749279121825138,-0.22252093395329026,-0.02352262788158321,0.9997233047086301,-0.04703223856241546,0.9988933719550891,0,924.81,
2020-12-31,915.49,882.14,926.78,931.35,938.66,933.0,901.7285714285715,926.78,39.52853923794446,827.59,934.46,-13.99892857142858,901.8306666666667,920.71,44.387957510501565,771.85,939.35,-1.3556262513904505,887.827055682835,900.6547941412872,54.549999999999955,-0.046139206972242906,3,12,0,winter,-0.004171661341762418,0.9999912985829675,0.43388373911755823,-0.900968867902419,-3.032075191302557e-12,1.0,-6.064150382605114e-12,1.0,-0.006321978463552643,0.999980016094475,-0.012643704251464593,0.9999200651766128,0,926.78,903.0
2021-01-01,917.88,915.49,934.46,914.73,938.08,925.0,900.1157142857143,915.49,38.55434729363338,827.59,934.46,-8.945714285714221,901.0583333333333,916.05,43.92419607203737,771.85,939.35,-1.0135061179088094,894.7427917621262,901.6119041966881,33.35000000000002,-0.012181963356999465,4,1,0,winter,0.0,1.0,-0.433883739117558,-0.9009688679024191,0.7818314824678183,0.6234898018589987,0.9749279121819745,-0.22252093395565312,0.01088054180650199,0.9999408051529836,0.021759795468988596,0.9997632276199939,0,934.46,
2021-01-02,933.45,917.88,927.87,837.73,934.88,933.5,897.7471428571428,915.49,36.54995472604842,827.59,929.7,-2.1360714285713187,900.385,916.05,43.48978411551228,771.85,939.35,-0.6496573971079143,900.5270938215947,902.6614587646438,2.3899999999999864,-0.01774286753847146,5,1,1,winter,0.01720192860577051,0.9998520358794305,-0.9749279121818236,-0.2225209339563146,0.9749279121821094,-0.2225209339550624,-0.433883739115244,-0.9009688679035335,0.028079842216957182,0.9996056834877795,0.05613753974302098,0.9984230449221416,0,927.87,
2021-01-03,930.94,933.45,929.7,863.81,939.35,934.0,898.5442857142856,915.49,37.368111564604945,827.59,933.45,5.9925000000000175,900.3373333333334,916.05,43.451439159797026,771.85,939.35,-0.19843826473862183,908.757820366196,904.6478162636992,15.57000000000005,0.006013773481198919,6,1,1,winter,0.03439876667506451,0.999408187304484,-0.7818314824680299,0.6234898018587334,0.4338837391162889,-0.9009688679030303,-0.7818314824662732,0.6234898018609363,0.04527083300909363,0.9989747502708278,0.09044883819962332,0.9959011033573255,0,929.7,856.0
2021-01-04,927.77,930.94,883.56,882.72,939.31,935.0,898.7214285714286,915.49,37.54295026081081,827.59,933.45,13.914285714285777,900.057,916.05,43.21756381061072,771.85,939.31,0.2680511679643797,914.303365274647,906.3440861821703,-2.509999999999991,0.001333763579649359,0,1,0,winter,0.05158542517783902,0.9986685856224885,0.0,1.0,-0.43388373911797584,-0.900968867902218,0.781831482468608,0.6234898018580085,0.062448426883186046,0.9980481922130892,0.12465307911463022,0.9922003879596307,0,883.56,911.5
2021-01-05,936.47,927.77,827.59,914.72,934.09,936.0,905.0371428571428,917.88,38.278739840929,827.59,933.45,14.860714285714266,899.6723333333334,916.05,42.90637366714227,771.85,937.18,0.7175550611790498,917.6700239559852,907.7264032026754,-3.1700000000000728,0.0500362171216443,1,1,0,winter,0.06875681809647223,0.9976334497024689,0.7818314824680298,0.6234898018587336,-0.9749279121817165,-0.22252093395678374,0.4338837391184256,-0.9009688679020014,0.07960754050420576,0.9968262835092538,0.15870977748023965,0.9873252789897424,0,827.59,
2021-01-06,911.69,936.47,882.14,924.81,912.13,936.5,920.5914285714285,927.77,18.65469326878329,882.14,936.47,7.16464285714288,899.7516666666668,916.05,42.97435234178025,771.85,937.18,1.1923225806451452,922.370017966989,909.5808288025029,8.700000000000045,0.13156273033748594,2,1,0,winter,0.08590786393085985,0.9963030858703775,0.9749279121818236,-0.22252093395631434,-0.7818314824689192,0.6234898018576183,-0.9749279121811888,-0.22252093395909578,0.09674309600578264,0.9953093857566179,0.19257862292341804,0.9812815467504319,0,882.14,923.5
2021-01-07,938.22,911.69,915.49,926.78,884.13,863.5,924.8128571428572,927.77,9.695061825977835,911.69,936.47,0.7178571428571863,899.737,916.05,42.97005694827507,771.85,937.18,1.3547119021134428,919.7000134752418,909.7169043636318,-24.779999999999973,0.03349808420432139,3,1,0,winter,0.1030334872021744,0.9946778878184431,0.43388373911755823,-0.900968867902419,-2.371515376405493e-12,1.0,-4.743030752810986e-12,1.0,0.11385002249305964,0.9934979478480717,0.2262195274186231,0.9740763447566596,0,915.49,915.5
2021-01-08,938.41,938.22,917.88,934.46,916.61,903.0,928.0600000000001,930.94,9.857261282933022,911.69,938.22,0.8225000000000169,901.5400000000001,917.245,43.42499939451771,771.85,938.22,1.495354838709657,924.3300101064315,911.5558137595266,26.529999999999973,0.024828234060448522,4,1,0,winter,0.12012861995484278,0.9927583364886667,-0.433883739117558,-0.9009688679024191,0.7818314824682302,0.6234898018584822,0.9749279121816806,-0.2225209339569411,0.13092325754348316,0.9913925058392377,0.25959267273733927,0.9657182012684056,0,917.88,900.5
2021-01-09,934.13,938.41,933.45,927.87,936.43,934.0,930.9928571428572,933.45,9.365469759149054,911.69,938.41,0.4771428571429342,902.2666666666667,921.345,43.86603322919041,771.85,938.41,1.837156840934352,927.8500075798236,913.2883419040733,0.18999999999994088,0.022366758181897387,5,1,1,winter,0.13718820325629746,0.9905449999304973,-0.9749279121818236,-0.2225209339563146,0.9749279121819624,-0.22252093395570638,-0.43388373911643435,-0.9009688679029603,0.14795774870457756,0.9889936827898715,0.292658557577277,0.9562170091965462,0,933.45,904.5
2021-01-10,938.09,934.13,930.94,929.7,937.18,936.0,931.0899999999999,934.13,9.398671891993304,911.69,938.41,1.1642857142857126,902.1899999999999,921.345,43.8062346373609,771.85,938.41,2.2783359288097693,929.4200056848676,914.6329650070363,-4.279999999999973,0.0007284803685253093,6,1,1,winter,0.15420718869405753,0.9880385331327293,-0.7818314824680299,0.6234898018587334,0.4338837391189715,-0.9009688679017385,-0.7818314824699859,0.6234898018562806,0.16494845498933483,0.9863021885794594,0.3253780443175628,0.9455840143932628,0,930.94,868.0
2021-01-12,845.55,938.09,927.77,883.56,899.65,924.0,932.1114285714285,936.47,9.761185769109202,911.69,938.41,1.8928571428571157,902.2203333333333,921.345,43.83160641106806,771.85,938.41,2.751259176863163,931.5875042636508,916.1463221033566,3.9600000000000364,0.007680409048918273,1,1,0,winter,0.18810323388925426,0.9821492622816578,0.7818314824680298,0.6234898018587336,-0.9749279121818635,-0.22252093395613973,0.43388373911723527,-0.9009688679025746,0.19877841525559356,0.980044459006057,0.38962336888249904,0.9209742832569496,0,936.47,873.5
2021-01-13,829.58,845.55,936.47,827.59,799.73,924.0,920.3657142857144,936.47,34.35109113121108,845.55,938.41,-8.001785714285713,900.417,921.345,45.03731848375265,771.85,938.41,2.367917686318119,910.0781281977381,911.5917206773336,-92.54000000000008,-0.08862110221283295,2,1,0,winter,0.20497026284965483,0.9787682010299187,0.9749279121818236,-0.22252093395631434,-0.7818314824685073,0.6234898018581347,-0.9749279121814828,-0.2225209339578078,0.21560765799651146,0.9764800754819626,0.42107316430984537,0.9070266756265187,0,911.69,913.5
2021-01-14,859.46,829.58,911.69,882.14,771.85,932.5,905.0957142857143,934.13,47.31185963270477,829.58,938.41,-15.428214285714299,901.412,921.345,43.02074458709027,771.85,938.41,1.2165116796440254,889.9535961483036,906.3006419239572,-15.969999999999914,-0.11414140335515284,3,1,0,winter,0.2217766353206845,0.9750974946259662,0.43388373911755823,-0.900968867902419,-1.7109555615084296e-12,1.0,-3.4219111230168593e-12,1.0,0.23237309634236694,0.9726267239266362,0.4520245668483299,0.8920054881925221,0,938.22,907.5
2021-01-15,866.22,859.46,938.22,915.49,863.77,930.0,897.6342857142856,934.13,50.13298277486344,829.58,938.41,-19.375714285714256,904.3323333333333,921.345,36.38423187110926,827.59,938.41,0.052322580645132316,882.3301971112278,903.2786650256375,29.879999999999995,-0.05728921014818635,4,1,0,winter,0.23851737782209795,0.9711382293354899,-0.433883739117558,-0.9009688679024191,0.7818314824686421,0.6234898018579658,0.9749279121813866,-0.22252093395822908,0.2490697689265892,0.9684855446556007,0.4824409416322247,0.875928500413711,0,938.41,907.0
2021-01-16,913.44,866.22,938.41,917.88,927.1,917.5,887.3485714285714,866.22,47.747567975961196,829.58,938.41,-16.943571428571385,904.4140000000001,921.345,36.2926821349951,827.59,938.41,-0.47330367074528734,878.3026478334209,900.8877834110802,6.759999999999991,-0.07674106286372066,5,1,1,winter,0.2551875362954114,0.9668915768169035,-0.9749279121818236,-0.2225209339563146,0.9749279121818154,-0.2225209339563504,-0.4338837391176246,-0.9009688679023871,0.2656927347321719,0.9640577631607661,0.5122862870679289,0.8588147414210794,0,934.13,863.5
2021-01-17,931.62,913.44,934.13,933.45,931.35,922.5,883.7814285714285,866.22,44.08968716475206,829.58,938.09,-6.8535714285714135,903.9586666666667,916.685,36.08333207082464,827.59,938.41,-0.2586162402669832,887.0869858750657,901.697603836172,47.22000000000003,-0.026608838354237396,6,1,1,winter,0.27178217756994844,0.9623587937746176,-0.7818314824680299,0.6234898018587334,0.43388373911837635,-0.9009688679020251,-0.7818314824691622,0.6234898018573135,0.2822370745540818,0.9593446897477224,0.5415252774467808,0.8406844674943073,0,938.09,
2021-01-18,937.41,931.62,938.09,930.94,914.73,925.0,883.4228571428573,866.22,43.61966938369484,829.58,938.09,5.464642857142877,903.9676666666668,916.685,36.09043264981237,827.59,938.41,0.10874972191322407,898.2202394062992,903.6280810080319,18.17999999999995,-0.002686992174536725,0,1,0,winter,0.28829639082270425,0.9575412215871454,0.0,1.0,-0.43388373911588846,-0.9009688679032232,0.7818314824657189,0.6234898018616313,0.2986978924548803,0.954347719148012,0.5701233047572664,0.8215591380860255,0,,910.5
2021-01-19,935.33,937.41,845.55,927.77,837.73,926.0,883.3257142857144,866.22,43.47815997990348,829.58,937.41,19.058571428571465,904.7236666666668,921.345,36.55816164201567,827.59,938.41,0.3987296996662718,908.0176795547244,905.8075596526751,5.789999999999964,-0.0007248771439841206,1,1,0,winter,0.3047252890315972,0.9524402859101507,0.7818314824680298,0.6234898018587336,-0.9749279121820105,-0.22252093395549574,0.433883739116045,-0.9009688679031478,0.31507031721378703,0.9490683301063225,0.5980465196483165,0.8014613904216072,0,845.55,919.5
2021-01-20,931.15,935.33,829.58,936.47,863.81,908.0,896.1514285714286,913.44,43.71889539187493,829.58,937.41,19.233928571428628,907.9770000000001,925.795,34.685556583645976,827.59,938.41,0.1341646273637318,914.8457596660433,907.7122332234703,-2.0799999999999272,0.106179409851576,2,1,0,winter,0.32106401042167637,0.9470574962545567,0.9749279121818236,-0.22252093395631434,-0.7818314824680955,0.6234898018586512,-0.9749279121817768,-0.2225209339565198,0.33134950376788547,0.9435080849429834,0.625261871493691,0.7804150127055521,0,829.58,919.5
2021-01-21,935.18,931.15,859.46,911.69,882.72,909.5,910.6614285714286,931.15,33.633849729387805,859.46,937.41,13.473571428571477,910.2216666666667,927.275,33.89876175984365,827.59,938.41,-0.020932146829839734,918.9218197495325,909.224347209053,-4.180000000000064,0.12243544926348264,3,1,0,winter,0.33730771990385844,0.9413944455398386,0.43388373911755823,-0.900968867902419,-1.0503957466113658e-12,1.0,-2.1007914932227316e-12,1.0,0.34753063464607803,0.937668629091586,0.6517371475118336,0.7584449159649884,0,859.46,903.5
2021-01-22,922.49,935.18,866.22,938.22,914.72,921.5,921.4785714285715,931.62,25.65123481665244,866.22,937.41,8.78607142857139,911.9703333333333,927.8199999999999,33.78404902984006,827.59,938.41,-0.049577308120165024,922.9863648121493,910.8989054536303,4.029999999999973,0.08810183138249589,4,1,0,winter,0.3534516105057668,0.9354528096226339,-0.433883739117558,-0.9009688679024191,0.7818314824667857,0.6234898018602937,0.9749279121827117,-0.22252093395242356,0.3636089213948713,0.9315516906119908,0.6774410108939897,0.7355771045641166,0,866.22,884.0
2021-01-23,931.07,922.49,913.44,938.41,924.81,926.0,929.5171428571429,931.62,8.59358232303928,913.44,937.41,1.0003571428571632,912.2293333333332,927.8199999999999,33.83560020037479,827.59,938.41,0.03725472747495945,922.862273609112,911.646718005009,-12.68999999999994,0.06496040266906788,5,1,1,winter,0.3694909047942504,0.929234346800809,-0.9749279121818236,-0.2225209339563146,0.9749279121816684,-0.22252093395699438,-0.4338837391188149,-0.9009688679018139,0.37957960599509355,0.9251590796790623,0.7023430378947236,0.7118386454252191,0,913.44,919.0
2021-01-24,933.86,931.07,931.62,934.13,926.78,927.5,932.0357142857143,931.62,4.875660150662488,922.49,937.41,-1.129999999999942,912.438,928.7850000000001,33.935018369292216,827.59,938.41,0.24557063403779522,924.914205206834,912.8998329724279,8.580000000000041,0.01930066561569451,6,1,1,winter,0.3854208562891614,0.9227408972931294,-0.7818314824680299,0.6234898018587334,0.43388373911778116,-0.9009688679023117,-0.7818314824683386,0.6234898018583463,0.3954379622701412,0.91849268804691,0.7264137538425891,0.6872576359912768,0,931.62,919.0
2021-01-25,934.34,933.86,937.41,938.09,934.46,926.5,932.3557142857143,933.86,4.917159942970958,922.49,937.41,-0.9939285714285182,912.6740000000001,930.32,34.06257776707442,827.59,938.41,0.48268743047829277,927.1506539051255,914.2521018129165,2.7899999999999636,0.0024044138167922642,0,1,0,winter,0.4012367508679725,0.9159743826946868,0.0,1.0,-0.4338837391164836,-0.9009688679029366,0.7818314824665427,0.6234898018605984,0.4111792972844826,0.9115544884891078,0.7496246680269347,0.6618631709692782,0,937.41,921.0
2021-01-26,932.5,934.34,935.33,845.55,927.87,926.0,931.9171428571428,933.86,4.511391929643607,922.49,935.33,-0.059285714285719764,912.67,930.32,34.05993814156095,827.59,938.41,0.772716351501644,928.9479904288442,915.5480952443413,0.4800000000000182,-0.0032749810648488244,1,1,0,winter,0.4169339081608189,0.9089368054082451,0.7818314824680298,0.6234898018587336,-0.9749279121821575,-0.22252093395485173,0.4338837391148547,-0.900968867903721,0.42679895273263785,0.9043465342148017,0.771948307420536,0.6356853078926471,1,935.33,922.0
2021-01-27,926.66,932.5,931.15,829.58,929.7,926.0,931.5128571428571,932.5,4.275198686554823,922.49,935.18,0.4907142857142909,912.8243333333334,931.0050000000001,34.14157973471161,827.59,938.41,1.0054794215795053,929.8359928216331,916.6417665189,-1.8400000000000318,-0.0030256700843552978,2,1,0,winter,0.43250768293555203,0.9016302480516722,0.9749279121818236,-0.22252093395631434,-0.7818314824699518,0.6234898018563233,-0.9749279121804516,-0.22252093396232533,0.4422923063173907,0.8968709582612447,0.7933582491969083,0.6087550315448869,0,931.15,
2021-01-28,922.56,926.66,935.18,859.46,883.56,932.0,930.8714285714286,932.5,4.658370346560105,922.49,935.18,-0.08107142857138146,912.723,931.0050000000001,34.09424363892543,827.59,938.41,1.2111256952168998,929.0419946162248,917.2881041628419,-5.840000000000032,-0.004821994308113633,3,1,0,winter,0.44795346647239487,0.8940568728416358,0.43388373911755823,-0.900968867902419,-3.898359317143022e-13,1.0,-7.796718634286044e-13,1.0,0.45765477311781494,0.8891299728625064,0.8138291520052786,0.5811042172849626,0,935.18,
2021-01-29,929.74,922.56,922.49,866.22,827.59,932.5,929.0685714285713,931.07,5.131057163883868,922.49,934.34,-0.3560714285714335,914.023,931.0050000000001,33.684997187431996,827.59,938.41,1.0734660734148829,927.4214959621686,917.6282264749167,-4.100000000000023,-0.013494728287602393,4,1,0,winter,0.4632666879277925,0.8862189209537411,-0.433883739117558,-0.9009688679024191,0.7818314824671975,0.6234898018597772,0.9749279121824177,-0.22252093395371156,0.4728818069462323,0.8811258687947292,0.8333367859654406,0.5527655933185326,0,922.49,
2021-01-30,927.64,929.74,931.07,913.44,882.14,931.0,930.1042857142858,931.07,4.235382143887172,922.56,934.34,-1.2239285714285326,917.428,931.0050000000001,29.55662705314456,829.58,938.41,0.5787764182424732,928.0011219716264,918.4096312184705,7.180000000000064,0.007859163784973278,5,1,1,winter,0.4784428156870534,0.8781187118593045,-0.9749279121818236,-0.2225209339563146,0.9749279121815214,-0.2225209339576384,-0.4338837391200052,-0.9009688679012406,0.4879689016932531,0.872861014698377,0.8518580613464509,0.5237727019605606,0,931.07,
2021-01-31,933.72,927.64,933.86,931.62,915.49,933.5,929.6142857142856,929.74,4.302909314803751,922.56,934.34,-1.3500000000000052,918.9446666666666,931.0050000000001,28.842177895352854,829.58,938.41,0.40129477196884206,927.9108414787198,919.0051388817951,-2.1000000000000227,-0.003683933538831735,6,1,1,winter,0.4934773587053823,0.8697586426389562,-0.7818314824680299,0.6234898018587334,0.43388373911718603,-0.9009688679025983,-0.7818314824675149,0.6234898018593793,0.502911592661465,0.8643378563771859,0.8693710558964942,0.4941598599334173,0,933.86,921.5
2021-02-01,932.92,933.72,934.34,937.41,917.88,933.0,929.5942857142857,929.74,4.28015131018655,922.56,934.34,-0.3035714285713938,919.5523333333333,931.11,28.95868849232396,829.58,938.41,0.4727942157953086,929.3631311090398,919.954484760389,6.080000000000041,-0.00014991540487866098,0,2,0,winter,0.5083658678369077,0.8611411872732762,0.0,1.0,-0.4338837391170787,-0.90096886790265,0.7818314824673663,0.6234898018595655,0.5177054578865633,0.855558916074436,0.8858550407904954,0.4639621177489276,0,934.34,912.0
2021-02-02,936.54,932.92,932.5,935.33,933.45,932.0,929.3914285714285,929.74,4.044928629660091,922.56,933.72,0.7307142857143453,920.0536666666667,931.385,29.05875219611908,829.58,938.41,0.5475038932146593,930.2523483317799,920.7909696145575,-0.8000000000000682,-0.001519789370036681,1,2,0,winter,0.523103937151309,0.852268895910674,0.7818314824680298,0.6234898018587336,-0.9749279121814949,-0.22252093395775452,0.4338837391202198,-0.9009688679011373,0.53234611944613,0.8465267917264324,0.9012905051654972,0.43321521822129333,0,932.5,921.5
2021-02-03,930.82,936.54,926.66,931.15,930.94,935.0,929.9685714285714,929.74,4.783232618816565,922.56,936.54,1.9407142857143262,920.1566666666665,931.385,29.11329857681952,829.58,938.41,0.7462558398219967,931.8242612488349,921.8070360910377,3.6200000000000045,0.004332439678284144,2,2,0,winter,0.5376872052376563,0.8431443941127276,0.9749279121818236,-0.22252093395631434,-0.78183148246954,0.6234898018568398,-0.9749279121807456,-0.22252093396103734,0.5468292447548916,0.8372441561938757,0.915659179213887,0.40195555416158985,0,926.66,920.5
2021-02-04,936.72,930.82,922.56,935.18,927.77,934.5,930.5628571428571,930.82,4.556715609170043,922.56,936.54,1.5592857142857641,920.1526666666667,931.385,29.111774123947363,829.58,938.41,0.8894193548386866,931.5731959366262,922.3885176335514,-5.719999999999914,0.00448924092979095,3,2,0,winter,0.5521113564950746,0.8337703820772051,0.43388373911755823,-0.900968867902419,2.707238831827615e-13,1.0,5.41447766365523e-13,1.0,0.561150547847002,0.827713756470804,0.9289440558081834,0.370220125302019,0,922.56,919.5
2021-02-05,931.61,936.72,929.74,922.49,936.47,929.0,932.5857142857143,932.92,3.4108398630580994,927.64,936.72,1.0757142857143924,920.4509999999999,932.06,29.23811227337356,829.58,938.41,1.0488387096773881,932.8598969524696,923.3131293991287,5.899999999999977,0.015348595213319549,4,2,0,winter,0.5663721224098525,0.8241496338390009,-0.433883739117558,-0.9009688679024191,0.7818314824676094,0.6234898018592607,0.9749279121821237,-0.22252093395499956,0.5753057906445213,0.8179384128715819,0.9411294106312205,0.3380464945017646,0,929.74,919.0
2021-02-06,925.34,931.61,927.64,931.07,911.69,929.5,932.852857142857,932.92,3.21862659264086,927.64,936.72,0.5646428571428878,920.289,931.615,29.159653674449668,829.58,938.41,1.231308120133453,932.5474227143523,923.8484113733786,-5.110000000000014,0.0020113149912878918,5,2,1,winter,0.5804652828186154,0.8142849964492191,-0.9749279121818236,-0.2225209339563146,0.974927912182184,-0.22252093395473563,-0.43388373911464007,-0.9009688679038244,0.5892907842112975,0.8079210181964781,0.9522008207875853,0.3054727432872678,0,927.64,920.5
2021-02-07,936.48,925.34,933.72,933.86,938.22,925.5,932.5242857142857,932.92,3.8873892573413227,925.34,936.72,-0.9849999999999557,920.744,931.615,29.127327919398827,829.58,938.41,1.2045917686317957,930.7455670357642,923.9446428976768,-6.269999999999982,-0.002479410115993224,6,2,1,winter,0.5943866671571916,0.8041793891326524,-0.7818314824680299,0.6234898018587334,0.4338837391198686,-0.9009688679013065,-0.7818314824712276,0.6234898018547236,0.6031013899927825,0.7976645368754798,0.962145181875102,0.2725374267775472,0,933.72,923.5
2021-02-08,929.2,936.48,932.92,934.34,938.41,934.5,932.9185714285715,932.92,4.15933660003355,925.34,936.72,-0.3903571428571186,920.6859999999999,931.615,29.093040950099912,829.58,938.41,1.4266384872079907,932.1791752768232,924.7533756139557,11.139999999999986,0.0029559182624341244,0,2,0,winter,0.6081321556947994,0.7938358024238994,0.0,1.0,-0.43388373911767386,-0.9009688679023634,0.78183148246819,0.6234898018585326,0.6167335210406534,0.7871720040910996,0.9709507234954627,0.23927952804959599,0,932.92,924.0
2021-02-09,921.44,929.2,936.54,932.5,934.13,925.0,932.3871428571429,931.61,4.390355772545225,925.34,936.72,-0.7885714285713427,920.379,931.38,28.947792763216366,829.58,938.09,1.6038020022246668,931.4343814576175,925.0402546066038,-7.279999999999973,-0.0039874801697893855,1,2,0,winter,0.6216976807531925,0.7832572972823819,0.7818314824680298,0.6234898018587336,-0.9749279121816419,-0.2225209339571105,0.43388373911902955,-0.9009688679017105,0.6301831432224361,0.77644652488004,0.9786070231860821,0.20573841199658113,0,936.54,923.5
2021-02-11,897.18,921.44,930.82,926.66,938.09,934.5,930.2300000000001,930.82,5.562855981118219,921.44,936.72,-1.368214285714288,919.956,931.11,28.832413704025083,829.58,938.09,1.7054816462736184,928.9357860932131,924.8079801158552,-7.759999999999991,-0.016123176799709472,3,2,0,winter,0.6482728371887081,0.7614081222073368,0.43388373911755823,-0.900968867902419,9.312836980798252e-13,1.0,1.8625673961596503e-12,1.0,0.6565189956827723,0.7543094910629748,0.9904370190132946,0.1379656166153682,0,936.72,923.0
2021-02-12,923.4,897.18,936.72,922.56,845.55,932.5,925.4242857142857,929.2,13.637951773320754,897.18,936.72,-4.825000000000005,918.5923333333334,930.945,28.912502328916393,829.58,937.41,1.6836017797552618,920.9968395699098,923.0255297858001,-24.260000000000105,-0.036140177477922794,4,2,0,winter,0.6612746042265288,0.7501439180617594,-0.433883739117558,-0.9009688679024191,0.7818314824680213,0.6234898018587443,0.9749279121818297,-0.22252093395628755,0.6693974324388716,0.7429044874304142,0.9945967128664703,0.10381415488849272,0,931.61,921.5
2021-02-13,925.04,923.4,931.61,929.74,829.58,927.0,923.5214285714285,925.34,12.695936920357918,897.18,936.48,-3.4282142857142635,921.1873333333333,930.945,25.412433412683534,829.58,937.41,1.2108787541712815,921.5976296774323,923.0496891544583,26.220000000000027,-0.014219830899308278,5,2,1,winter,0.6740806814338108,0.738657725145909,-0.9749279121818236,-0.2225209339563146,0.974927912182037,-0.2225209339553796,-0.4338837391158304,-0.9009688679032511,0.6820777755901659,0.7312796373795535,0.997579176796458,0.06953981609194244,0,925.34,898.0
2021-02-14,797.89,925.04,925.34,927.64,859.46,933.0,922.5828571428572,925.04,12.232712583186512,897.18,936.48,-2.1100000000000496,924.3693333333334,930.945,18.613257406064506,859.46,937.41,0.6039599555061008,922.4582222580742,923.1780963057836,1.6399999999999864,-0.007052307295971544,6,2,1,winter,0.6866872791306503,0.7269529425486524,-0.7818314824680299,0.6234898018587334,0.43388373911927347,-0.900968867901593,-0.7818314824704039,0.6234898018557565,0.6945562726650095,0.7194383810318219,0.9993808806832222,0.03518316820337788,0,936.48,882.0
2021-02-15,870.02,797.89,936.48,933.72,866.22,914.0,904.3757142857143,923.4,48.507803446848435,797.89,936.48,-15.076071428571412,922.3170000000001,930.945,27.35752133231968,797.89,937.41,-0.659686318131278,891.3161666935556,915.0949933183138,-127.14999999999998,-0.13773315754209267,0,2,0,winter,0.6990906666687643,0.7150330340457165,0.0,1.0,-0.433883739118269,-0.9009688679020768,0.7818314824690137,0.6234898018574997,0.7068292309236707,0.7073842225494235,0.9999996919842954,0.000784876623704451,0,929.2,921.5
2021-02-16,924.73,870.02,929.2,932.92,913.44,931.0,894.8814285714286,921.44,47.67368541399295,797.89,929.2,-14.17071428571429,922.4436666666667,930.945,27.096383965818006,797.89,937.41,-1.383962180200249,885.9921250201667,912.1869292332613,72.13,-0.07096787971980185,1,2,0,winter,0.7112871735354942,0.7029015270746591,0.7818314824680298,0.6234898018587336,-0.9749279121817889,-0.22252093395646652,0.4338837391178393,-0.9009688679022837,0.7188930184512794,0.6951207290981966,0.9994348782589133,-0.033614343955983235,0,921.44,922.5
2021-02-17,926.36,924.73,921.44,936.54,931.62,933.0,894.2428571428571,921.44,47.164605625505935,797.89,925.04,-6.069999999999986,922.82,930.945,27.04537642938154,797.89,937.41,-1.4313058954393991,895.676593765125,912.9961596053089,54.710000000000036,-0.004810589754627666,2,2,0,winter,0.723273190440015,0.6905620116910007,0.9749279121818236,-0.22252093395631434,-0.7818314824687164,0.6234898018578727,-0.9749279121813336,-0.22252093395846134,0.7307440652323705,0.682651529792228,0.9976871080349387,-0.06797377774466166,0,,921.0
2021-02-18,926.11,926.36,897.18,930.82,937.41,933.5,894.9457142857144,923.4,47.67138969275049,797.89,926.36,1.256428571428638,922.6446666666667,930.28,27.003376893977748,797.89,937.41,-1.3477775305895718,903.3474453238438,913.8583428565793,1.6299999999999955,0.005339468657753038,3,2,0,winter,0.7350451703814259,0.6780181395058251,0.43388373911755823,-0.900968867902419,-2.046135294114824e-12,1.0,-4.092270588229648e-12,1.0,0.7423788642074759,0.669980314619779,0.9947584500175978,-0.10225275604396389,0,897.18,917.0
2021-02-19,929.72,926.11,923.4,936.72,935.33,924.0,899.0785714285714,924.73,49.12912490860891,797.89,926.36,4.914642857142848,922.2679999999999,929.47,26.868790817601955,797.89,936.72,-1.2235906562847765,909.0380839928829,914.6487723497032,-0.25,0.03224548028266353,4,2,0,winter,0.7465996296984081,0.6652736226051653,-0.433883739117558,-0.9009688679024191,0.781831482468433,0.6234898018582279,0.9749279121815357,-0.22252093395757555,0.753793972311076,0.6571108333511849,0.9906523706408624,-0.13641070538502265,0,923.4,922.5
2021-02-20,930.35,929.72,925.04,931.61,931.15,925.5,899.9814285714285,925.04,49.705272499863604,797.89,929.72,11.672142857142852,922.081,929.46,26.794166291217767,797.89,936.72,-1.0854304783092499,914.2085629946621,915.6211096174644,3.6100000000000136,0.006844271171756606,5,2,1,winter,0.7579331491001386,0.6523322324514917,-0.9749279121818236,-0.2225209339563146,0.97492791218189,-0.22252093395602363,-0.43388373911702066,-0.9009688679026779,0.7649860114902686,0.6440468944294434,0.985373729964548,-0.1704071955515788,0,925.04,923.0
2021-02-23,925.4,930.35,797.89,925.34,935.18,928.5,900.7399999999999,926.11,50.189598523996814,797.89,930.35,18.50571428571437,922.0543333333334,929.46,26.78522581487926,797.89,936.72,-0.9695372636262823,918.2439222459965,916.5713606098861,0.6299999999999955,0.005740292311683883,1,2,0,winter,0.7905748615764532,0.6123654041855825,0.7818314824680298,0.6234898018587336,-0.9749279121811264,-0.22252093395936928,0.4338837391232044,-0.9009688678997,0.7971909309995807,0.6037272724765892,0.9625718128308993,-0.2710267609359564,0,924.73,922.5
2021-02-24,936.12,925.4,870.02,936.48,922.49,920.0,918.9557142857144,926.11,21.68441134174681,870.02,930.35,6.455000000000008,921.7283333333332,928.4200000000001,26.679272218184778,797.89,936.72,-0.8574304783092529,920.0329416844974,917.1409502479581,-4.9500000000000455,0.15980899622755015,2,2,0,winter,0.8009917508257599,0.5986753837507299,0.9749279121818236,-0.22252093395631434,-0.7818314824683045,0.6234898018583891,-0.9749279121816276,-0.22252093395717334,0.8074582487830579,0.5899247210214175,0.9526791642995756,-0.30397764705560554,0,926.36,925.5
2021-02-25,927.48,936.12,924.73,929.2,931.07,923.0,928.3985714285715,926.36,4.02115003687124,924.73,936.12,1.3032142857143054,922.1826666666667,929.46,26.808433301705744,797.89,936.72,-0.7593281423804522,924.054706263373,918.3654050706706,10.720000000000027,0.07597526493643827,3,2,0,winter,0.8111716039950779,0.5848081983625508,0.43388373911755823,-0.900968867902419,-1.3855754792177603e-12,1.0,-2.7711509584355205e-12,1.0,0.8174866168671465,0.5759475941811956,0.9416589005199156,-0.33656873751378574,0,926.11,928.0
2021-02-26,922.42,927.48,926.36,921.44,933.86,924.0,928.7914285714286,927.48,3.7265463393106444,925.4,936.12,0.6807142857142944,922.0630000000001,928.4200000000001,26.77538642626682,797.89,936.72,-0.6638598442714345,924.9110296975297,918.953443453208,-8.639999999999986,0.0029738410130524585,4,2,0,winter,0.8211114085783636,0.5707679517128266,-0.433883739117558,-0.9009688679024191,0.7818314824688449,0.6234898018577114,0.9749279121812418,-0.22252093395886355,0.827273067574584,0.5618000281823932,0.9295240653558723,-0.3687614566685245,0,929.72,927.5
2021-02-27,931.92,922.42,926.11,897.18,934.34,924.5,928.2285714285715,927.48,4.39295810956161,922.42,936.12,-0.34928571428571376,921.6816666666667,927.56,26.682884877807926,797.89,936.72,-0.5801979977753219,924.2882722731473,919.1770922626786,-5.060000000000059,-0.004253206096981794,5,2,1,winter,0.8308082231067296,0.5565587987070535,-0.9749279121818236,-0.2225209339563146,0.974927912181743,-0.2225209339566676,-0.43388373911821093,-0.9009688679021047,0.836814704818192,0.5474862096893786,0.9162890219064962,-0.4005177003999156,0,930.35,925.5
2021-03-31,935.76,931.92,929.72,923.4,932.5,932.5,929.0585714285714,929.72,4.474082507698795,922.42,936.12,-0.2564285714285919,921.601,927.56,26.64693090304728,797.89,936.72,-0.4268453837597564,926.1962042048605,919.9992153425059,9.5,0.006273552817699782,2,3,0,spring,0.999210105880544,0.03973870035861803,0.9749279121818236,-0.22252093395631434,-0.7818314824685134,0.6234898018581271,-0.9749279121814783,-0.2225209339578269,0.9995833363817788,0.028864400701759642,0.05770474791225092,-0.9983336927442565,0,,934.5
2021-04-01,935.32,935.76,930.35,925.04,926.66,930.0,929.9214285714286,930.35,5.153712023292493,922.42,936.12,0.5560714285714734,921.7096666666667,927.56,26.699505159219306,797.89,936.72,-0.2603314794216078,928.5871531536454,921.0160401591185,3.840000000000032,0.006496579615368029,3,4,0,spring,0.9997458409224182,0.022544479553245424,0.43388373911755823,-0.900968867902419,1.917223595267558e-12,1.0,3.834447190535116e-12,1.0,0.9999319572725947,0.011665368618177024,0.02332914974936011,-0.9997278383500041,0,,
2021-04-02,941.7,935.32,925.4,797.89,922.56,922.0,930.6314285714286,931.92,5.54972500391052,922.42,936.12,1.1957142857143552,921.9983333333333,928.4200000000001,26.801491991838017,797.89,936.72,-0.1383826473860027,930.2703648652341,921.9388762778851,-0.4399999999999409,0.005342075562960205,4,4,0,spring,0.9999857229360024,0.00534358719969123,-0.433883739117558,-0.9009688679024191,0.7818314824663677,0.6234898018608177,0.97492791218301,-0.22252093395111647,0.9999846700580373,-0.005537115577479838,-0.011074061387638789,-0.9999386807021633,1,,934.5
2021-04-03,947.36,941.7,936.12,870.02,929.74,932.5,932.9599999999999,935.32,6.350674504857627,922.42,941.7,1.6342857142857343,922.6363333333334,929.46,27.042054156231487,797.89,941.7,-0.007401557285894376,933.1277736489255,923.2137874857635,6.3799999999999955,0.017614004754700745,5,4,1,spring,0.9999296809334339,-0.01185888647222434,-0.9749279121818236,-0.2225209339563146,0.9749279121818176,-0.22252093395634084,-0.43388373911760697,-0.9009688679023956,0.999741459138903,-0.02273796118426287,-0.0454641649843974,-0.9989659702423659,0,,932.0
2021-04-04,946.82,947.36,927.48,924.73,927.64,932.5,934.5657142857143,935.32,8.379663591382643,922.42,947.36,3.6285714285714588,923.2236666666668,929.46,27.390759136833072,797.89,947.36,0.20109677419353958,936.6858302366942,924.7716076479724,5.659999999999968,0.01200700764859207,6,4,1,spring,0.9995777314991241,-0.029057850764724318,-0.7818314824680299,0.6234898018587334,0.4338837391183852,-0.9009688679020208,-0.7818314824691744,0.6234898018572982,0.9992023964881716,-0.03993207798618554,-0.07980045604109831,-0.9968108582954104,0,,932.0
2021-04-05,930.88,946.82,922.42,926.36,933.72,916.0,937.3285714285714,935.76,8.830242406206246,922.42,947.36,3.929285714285742,923.8629999999999,930.0350000000001,27.71926843215461,797.89,947.36,0.38378865406003776,939.2193726775207,926.1940845739097,-0.5399999999999636,0.02085220166472596,0,4,0,spring,0.99892997878485,-0.046248216018556436,0.0,1.0,-0.43388373911587963,-0.9009688679032275,0.7818314824657067,0.6234898018616466,0.9983676416297081,-0.057114377758447965,-0.1140422932516999,-0.9934758957065306,0,,932.5
2021-04-06,920.76,930.88,931.92,926.11,932.92,933.0,938.5371428571428,935.76,6.793785675858917,930.88,947.36,1.1085714285714356,923.7683333333334,930.0350000000001,27.689277407209158,797.89,947.36,0.4970389321468112,937.1345295081405,926.4964016981736,-15.940000000000055,0.00917152707009826,1,4,0,spring,0.9979866144789332,-0.06342489511916614,0.7818314824680298,0.6234898018587336,-0.9749279121820082,-0.2225209339555053,0.43388373911606265,-0.9009688679031393,0.9972374415910443,-0.07427977577341334,-0.14814914710847032,-0.9889650298221029,0,,933.5
2021-04-07,910.19,920.76,935.76,929.72,936.54,930.5,936.9428571428572,935.76,9.410819507859337,920.76,947.36,-1.7414285714285924,923.3629999999999,929.46,27.63964832727115,797.89,947.36,0.5407452725250076,933.0408971311053,926.1263112660334,-10.120000000000005,-0.011975276847798061,2,4,0,spring,0.9967479177495133,-0.08058280500211881,0.9749279121818236,-0.22252093395631434,-0.7818314824681016,0.6234898018586436,-0.9749279121817723,-0.2225209339565389,0.9958121308302919,-0.09142319230498186,-0.18208064787306305,-0.9832835998175327,0,935.76,933.0
2021-04-08,884.32,910.19,935.32,930.35,930.82,934.0,933.29,935.32,13.8581732802938,910.19,947.36,-4.776785714285716,922.4846666666667,928.34,27.625141688928668,797.89,947.36,0.546634037819773,927.328172848329,925.0981621520958,-10.569999999999936,-0.027325382576729007,3,4,0,spring,0.9952142551619348,-0.09771686815732115,0.43388373911755823,-0.900968867902419,-1.0601953969270911e-12,1.0,-2.1203907938541822e-12,1.0,0.9940921311371635,-0.10853955413199569,-0.21579663335950625,-0.9764383303776552,0,935.32,930.5
2021-04-09,880.57,884.32,941.7,925.4,936.72,913.5,926.0042857142859,930.88,23.002399771286417,884.32,947.36,-9.73357142857139,920.9346666666665,926.9200000000001,28.43400959430886,797.89,947.36,0.3578954393770589,916.5761296362468,922.4673129809929,-25.870000000000005,-0.05452679296925116,4,4,0,spring,0.9933860805702698,-0.11482201413160008,-0.433883739117558,-0.9009688679024191,0.7818314824667796,0.6234898018603013,0.974927912182716,-0.22252093395240446,0.9920779515081319,-0.12562379603971777,-0.24925719647151715,-0.9684373237371428,0,941.7,933.0
2021-04-10,884.34,880.57,947.36,936.12,931.61,933.0,917.2714285714286,920.76,27.260293730730336,880.57,947.36,-12.359285714285658,919.063,926.235,29.19691152183477,797.89,947.36,0.20634260289208844,907.5745972271851,919.7642605306064,-3.75,-0.06491451630030795,5,4,1,spring,0.9912639349830097,-0.13189318102919323,-0.9749279121818236,-0.2225209339563146,0.9749279121816706,-0.22252093395698483,-0.43388373911879724,-0.9009688679018224,0.9897701879958372,-0.14267086231843254,-0.2824227324368863,-0.9592900500906297,0,947.36,933.5
2021-04-11,876.14,884.34,946.82,927.48,925.34,932.5,908.2685714285715,910.19,26.04655602862617,880.57,946.82,-11.589285714285687,917.4873333333333,925.755,29.766393562996225,797.89,947.36,0.06885428253613163,901.7659479203888,917.4788243673415,3.769999999999982,-0.06652170241513256,6,4,1,spring,0.9888484464029655,-0.14892531700970596,-0.7818314824680299,0.6234898018587334,0.43388373911779,-0.9009688679023075,-0.7818314824683508,0.623489801858331,0.9871695235326764,-0.15967570825979954,-0.3152539856851379,-0.9490073363834628,0,946.82,933.5
2021-04-12,893.53,876.14,930.88,922.42,936.48,868.0,898.1714285714287,884.34,21.99585144867919,876.14,930.88,-9.52428571428565,915.8473333333334,925.755,30.660744860527405,797.89,947.36,-0.14374638487209532,895.3594609402916,914.8118034404163,-8.200000000000045,-0.07464988065313372,0,4,0,spring,0.9861403296414243,-0.16591338178309495,0.0,1.0,-0.43388373911647476,-0.9009688679029408,0.7818314824665303,0.6234898018606138,0.9842767277287201,-0.17663330164961255,-0.34771209631120115,-0.9376013534967139,0,930.88,933.0
2021-04-13,856.98,893.53,920.76,931.92,929.2,930.0,892.8357142857143,884.34,16.60977709778421,876.14,920.76,-5.348928571428525,914.4156666666667,925.22,30.66685469894977,797.89,947.36,-0.14543492769746283,894.9020957052187,913.4387838636153,17.389999999999986,-0.040123324166380224,1,4,0,spring,0.983140386106616,-0.18285234810123144,0.7818314824680298,0.6234898018587336,-0.9749279121813458,-0.22252093395840805,0.4338837391214278,-0.9009688679005556,0.9810926566439233,-0.19353862425719784,-0.3797586460714086,-0.9250856018412624,0,920.76,933.5
2021-04-14,861.36,856.98,910.19,935.76,921.44,840.5,883.7242857142857,884.32,16.227793911622,856.98,910.19,-5.201428571428519,912.0083333333333,924.885,32.25953214738057,797.89,947.36,-0.4140266963292817,885.421571778914,909.796281678866,-36.549999999999955,-0.06926886485077542,2,4,0,spring,0.9798495035665545,-0.1997372032456062,0.9749279121818236,-0.22252093395631434,-0.7818314824676897,0.6234898018591599,-0.9749279121820663,-0.2225209339552509,0.9776182525348509,-0.21038667332011413,-0.41135570385566106,-0.9114748953785912,1,910.19,1000.0
2021-04-15,872.93,861.36,884.32,935.32,897.18,922.5,876.7485714285715,880.57,13.16023610296159,856.98,893.53,-3.816785714285657,910.0056666666667,924.885,33.495044479933306,797.89,947.36,-0.675744160178001,879.4061788341855,906.6713602802296,4.3799999999999955,-0.05364813939946609,3,4,0,spring,0.9762686558863216,-0.21656295051073468,0.43388373911755823,-0.900968867902419,-3.9963558203002735e-13,1.0,-7.992711640600547e-13,1.0,0.9738545435758129,-0.22717246302478022,-0.4424658705839812,-0.8967853440865097,0,884.32,932.5
2021-04-16,884.15,872.93,880.57,941.7,923.4,916.5,875.1214285714285,876.14,12.766314305717213,856.98,893.53,-3.1442857142857177,909.1973333333334,924.885,34.1023446391172,797.89,947.36,-1.0033948832035835,877.7871341256391,904.4944983266664,11.569999999999936,-0.012879952958205288,4,4,0,spring,0.9723989027398732,-0.23332461068282243,-0.433883739117558,-0.9009688679024191,0.7818314824671914,0.6234898018597849,0.974927912182422,-0.22252093395369243,0.9698026435545567,-0.24389102598208362,-0.47305232347331555,-0.8810343348908132,0,880.57,931.0
2021-04-17,845.53,884.15,884.34,947.36,925.04,926.5,875.6328571428572,876.14,13.08860791462698,856.98,893.53,-1.39857142857138,907.8889999999999,924.885,34.29106069798912,797.89,947.36,-1.0670411568409637,879.3778505942294,903.1819500475267,11.220000000000027,0.004065548451571059,5,4,1,spring,0.9682413892964514,-0.25001722351325634,-0.9749279121818236,-0.2225209339563146,0.9749279121815236,-0.22252093395762884,-0.43388373911998757,-0.9009688679012492,0.965463751542741,-0.26053741469703845,-0.5030788596212992,-0.8642405110859669,0,884.34,933.0
2021-04-18,905.25,845.53,876.14,946.82,797.89,928.0,870.0885714285714,872.93,16.548231958501173,845.53,893.53,-3.379999999999969,905.2386666666666,923.575,35.95216580050777,797.89,947.36,-1.3510745272525246,870.915887945672,899.4624693992992,-38.620000000000005,-0.043885835764525025,6,4,1,spring,0.9637973458816972,-0.2666358491864816,-0.7818314824680299,0.6234898018587334,0.43388373912047257,-0.9009688679010156,-0.7818314824720636,0.6234898018536754,0.9608391515410629,-0.27710670303305623,-0.5325099388572461,-0.8464237502682992,0,876.14,933.0
2021-04-19,918.7,905.25,893.53,930.88,870.02,922.0,874.2471428571428,872.93,21.29833382707444,845.53,905.25,1.2517857142857092,908.8173333333333,923.575,29.697466968882807,845.53,947.36,-2.0913370411568626,879.4994159592541,899.8358584703121,59.72000000000003,0.03322528363047003,0,4,0,spring,0.9590680876135618,-0.2831755697818324,0.0,1.0,-0.4338837391170699,-0.9009688679026543,0.7818314824673541,0.6234898018595808,0.9559302120992363,-0.2935939876698924,-0.5613107258086817,-0.8276051408081821,0,893.53,935.0
2021-04-20,931.97,918.7,856.98,920.76,924.73,897.5,877.842857142857,872.93,26.56889767772659,845.53,918.7,8.769285714285706,910.44,923.575,28.82150143257032,845.53,947.36,-2.2951457174638827,889.2995619694404,901.0528998593243,13.450000000000045,0.02816917171219777,1,4,0,spring,0.9540550140131263,-0.2996314907288842,0.7818314824680298,0.6234898018587336,-0.9749279121814928,-0.22252093395776407,0.4338837391202375,-0.9009688679011288,0.9507383859110912,-0.30999438955434827,-0.5894471311327902,-0.807806956889654,0,856.98,931.5
2021-04-21,902.16,931.97,861.36,910.19,926.36,903.0,888.5557142857143,884.15,31.428674729267204,845.53,931.97,11.588214285714304,910.6813333333333,923.91,28.97518495175781,845.53,947.36,-2.057690767519479,899.9671714770805,903.0475514813033,13.269999999999982,0.0875049592755957,2,4,0,spring,0.948759608590444,-0.3159987422558949,0.9749279121818236,-0.22252093395631434,-0.7818314824672778,0.6234898018596764,-0.9749279121823603,-0.2225209339539629,0.9452652093846194,-0.3263030553443402,-0.6168858518658176,-0.7870526321458969,1,861.36,934.0
2021-04-22,909.33,902.16,872.93,884.32,926.11,856.0,894.3842857142856,902.16,29.25244597017624,845.53,931.97,9.160714285714382,909.8746666666666,921.5899999999999,28.86027585278627,845.53,947.36,-2.004538375973312,900.5153786078104,902.9902900954129,-29.81000000000006,0.047366954583449375,3,4,0,spring,0.9431834384055279,-0.3322724808309075,0.43388373911755823,-0.900968867902419,2.6092423286703635e-13,1.0,5.218484657340727e-13,1.0,0.9395123021873436,-0.34251515884503214,-0.6435944108411197,-0.7653667319227248,0,872.93,933.0
2021-04-23,878.45,909.33,884.15,880.57,929.72,911.5,899.5842857142858,905.25,28.012025903852095,845.53,931.97,7.6971428571428735,909.3153333333335,919.73,28.696915097132344,845.53,947.36,-1.8960845383759883,902.7190339558578,903.3993036376444,7.170000000000073,0.0416986470851043,4,4,0,spring,0.937328153604613,-0.3484478905950889,-0.433883739117558,-0.9009688679024191,0.7818314824676033,0.6234898018592684,0.974927912182128,-0.22252093395498043,0.9334813667669338,-0.35862590243725717,-0.6695411951303119,-0.7427749242021258,0,884.15,936.0
2021-04-24,853.34,878.45,845.53,884.34,930.35,923.5,898.7699999999999,905.25,28.611888554701377,845.53,931.97,3.227857142857172,907.6063333333334,914.445,28.96524260550001,845.53,947.36,-1.9544938820912363,896.6517754668932,901.7896711448932,-30.879999999999995,-0.00644686987502113,5,4,1,spring,0.9311954869318319,-0.3645201847878779,-0.9749279121818236,-0.2225209339563146,0.9749279121821861,-0.22252093395472605,-0.4338837391146224,-0.9009688679038329,0.9271741878475203,-0.3746305184969469,-0.6946954934606043,-0.7193039492214175,0,845.53,938.0
2021-04-25,882.82,853.34,905.25,876.14,925.4,915.5,899.8857142857142,905.25,26.244093212976754,853.34,931.97,-9.245357142857111,905.0393333333334,909.76,30.263468923182657,845.53,947.36,-2.147746384872099,885.82383160017,898.6638859097388,-25.110000000000014,0.00923681004813556,6,4,1,spring,0.9247872532164463,-0.380484607163523,-0.7818314824680299,0.6234898018587334,0.43388373911987743,-0.9009688679013022,-0.7818314824712398,0.6234898018547083,0.9205926319014891,-0.39052427080616825,-0.7190275325657206,-0.6949815878226211,1,905.25,937.0
2021-04-26,902.29,882.82,918.7,893.53,936.12,900.5,896.6814285714287,902.16,26.842458548954934,853.34,931.97,-10.307499999999937,903.6200000000001,907.29,30.274124492595654,845.53,947.36,-2.15067853170192,885.0728737001276,897.6416997220139,29.480000000000018,-0.02477768572217614,0,4,0,spring,0.9181053488357886,-0.39633643339858987,0.0,1.0,-0.43388373911766503,-0.9009688679023676,0.7818314824681778,0.623489801858548,0.9137386465970719,-0.40630245595486036,-0.742508512426521,-0.6698366285700975,0,918.7,939.0
2021-04-27,909.36,902.29,931.97,856.98,927.48,904.5,894.3371428571429,902.16,25.26946227780689,853.34,931.97,-6.561071428571387,902.4923333333334,903.77,29.645332095585463,845.53,947.36,-1.9351212458287057,889.3771552750957,897.9415900625291,19.469999999999914,-0.017862196582127007,1,4,0,spring,0.9111517511540698,-0.4120709724900216,0.7818314824680298,0.6234898018587336,-0.9749279121816398,-0.22252093395712005,0.4338837391190472,-0.900968867901702,0.9066142602221061,-0.42196040473239105,-0.7651106403589544,-0.6438988336761535,0,931.97,937.5
2021-04-28,891.94,909.36,902.16,861.36,922.42,868.0,891.1071428571429,902.16,20.68694573419442,853.34,909.36,0.4246428571429272,901.8883333333332,903.77,29.301266664787693,845.53,947.36,-1.7184849833148168,894.3728664563217,898.6782616713982,7.07000000000005,-0.02426043756773288,2,4,0,spring,0.9039285179372211,-0.42768356814333996,0.9749279121818236,-0.22252093395631434,-0.7818314824668661,0.6234898018601929,-0.9749279121826543,-0.22252093395267492,0.8992215810837207,-0.4374934835095187,-0.7868071639105082,-0.617198903773413,0,902.16,
2021-04-29,858.59,891.94,909.33,872.93,931.92,852.0,889.647142857143,891.94,20.130015494517252,853.34,909.36,2.092857142857166,900.8723333333334,902.2249999999999,29.092489217161443,845.53,947.36,-1.6410700778643241,893.7646498422413,898.2435351119532,-17.41999999999996,-0.011328367473618775,3,4,0,spring,0.896437786743944,-0.44316960015057344,0.43388373911755823,-0.900968867902419,-2.7164947593276127e-12,1.0,-5.432989518655225e-12,1.0,0.8915627968844761,-0.4528970956095107,-0.8075724025249428,-0.5897684415769394,0,909.33,940.0
2021-04-30,849.48,858.59,878.45,884.15,935.76,873.5,882.3985714285715,882.82,20.97873481136775,853.34,909.36,1.577142857142901,898.428,897.845,29.47202652662842,845.53,947.36,-1.69973748609569,884.970987381681,895.6852425240853,-33.35000000000002,-0.0557993247775835,4,4,0,spring,0.8886817742931451,-0.4585244857575084,-0.433883739117558,-0.9009688679024191,0.7818314824680151,0.6234898018587519,0.974927912181834,-0.22252093395626843,0.8836401740748593,-0.46816668266863287,-0.8273817779387203,-0.5616399144780952,0,878.45,939.5
2021-05-01,869.06,849.48,853.34,845.53,935.32,913.5,878.2600000000001,882.82,24.45673254273034,849.48,909.36,-2.5139285714285267,895.552,892.735,29.909920669952363,845.53,947.36,-1.7580689655172719,876.0982405362607,892.7042591354347,-9.110000000000014,-0.03297854174967275,5,5,1,spring,0.8806627758079475,-0.47374368101985365,-0.9749279121818236,-0.2225209339563146,0.9749279121820391,-0.22252093395537006,-0.4338837391158127,-0.9009688679032597,0.8754560571827281,-0.48329772598479276,-0.8462118432720505,-0.5328466161158564,0,853.34,939.0
2021-05-02,869.69,869.06,882.82,905.25,941.7,907.5,880.5057142857142,882.82,22.42439732162437,849.48,909.36,-7.0596428571428556,893.3433333333334,888.1400000000001,29.3125154314608,845.53,947.36,-1.6547230255840035,874.3386804021956,891.1788230621808,19.579999999999927,0.018421731080225833,6,5,1,spring,0.8723831643364682,-0.48882268214792435,-0.7818314824680299,0.6234898018587334,0.4338837391192823,-0.9009688679015888,-0.7818314824704161,0.6234898018557412,0.8670128681194282,-0.4982857478549059,-0.8640403107814325,-0.5034226269693542,0,882.82,937.0
2021-05-03,873.82,869.69,902.29,918.7,947.36,907.0,878.63,869.69,22.745392207360265,849.48,909.36,-7.8878571428571105,890.943,884.33,28.141114987837817,845.53,947.36,-1.4738309232480733,873.1765103016467,889.7924473807498,0.6300000000001091,-0.014872794001042109,0,5,0,spring,0.8638453900495676,-0.5037570268394381,0.0,1.0,-0.43388373911826017,-0.9009688679020811,0.7818314824690015,0.623489801857515,0.858313105462993,-0.5131263129001212,-0.880846078240157,-0.47340277401905373,0,902.29,933.5
2021-05-04,878.26,873.82,909.36,931.97,946.82,863.5,874.5628571428571,869.69,20.214129311189765,849.48,909.36,-5.023214285714261,888.4916666666667,884.235,26.192784223949744,845.53,946.82,-1.1952191323693098,873.337382726235,888.7619669045724,4.1299999999999955,-0.03155304835474173,1,5,0,spring,0.8550519795157738,-0.5185422956000375,0.7818314824680298,0.6234898018587336,-0.9749279121817868,-0.22252093395647607,0.43388373911785694,-0.9009688679022753,0.849359343718911,-0.5278150293780776,-0.8966092539150834,-0.4428225895252381,0,909.36,938.0
2021-05-05,857.93,878.26,891.94,902.16,930.88,910.5,870.12,869.69,13.640142961126733,849.48,891.94,0.3439285714286161,886.2063333333333,883.485,23.81075278442522,845.53,931.97,-0.8589655172414016,874.5680370446762,888.0844206526646,4.439999999999941,-0.034199876836456436,2,5,0,spring,0.8460055349535993,-0.5331741130511443,0.9749279121818236,-0.22252093395631434,-0.7818314824687225,0.623489801857865,-0.9749279121813292,-0.22252093395848047,0.8401542325581776,-0.5423475504826953,-0.9113111801111926,-0.4117182689708405,0,891.94,938.5
2021-05-06,842.41,857.93,858.59,909.33,920.76,919.5,865.2614285714286,869.06,10.194481233442938,849.48,878.26,2.1550000000000438,883.7746666666666,881.695,22.794457089895435,845.53,931.97,-0.7332992213570886,870.4085277835071,886.1389741589444,-20.33000000000004,-0.03813036751350999,3,5,0,spring,0.8367087334614722,-0.5476481492247545,0.43388373911755823,-0.900968867902419,-2.055934944430549e-12,1.0,-4.111869888861098e-12,1.0,0.8307004960330873,-0.5567195756306607,-0.9249344552554392,-0.3801266282192343,0,858.59,940.0
2021-05-07,877.13,842.41,849.48,878.45,910.19,919.5,862.95,869.06,13.315689993386446,842.41,878.26,-1.246428571428611,881.163,879.51,22.898974250481967,842.41,931.97,-0.7450967741935759,863.4088958376303,883.3177500196578,-15.519999999999982,-0.018844850277781086,4,5,0,spring,0.8271643262255062,-0.561960120844802,-0.433883739117558,-0.9009688679024191,0.7818314824684269,0.6234898018582355,0.9749279121815401,-0.22252093395755643,0.8210009317712921,-0.5709268517338015,-0.9374629544934028,-0.34808505993865957,0,849.48,940.0
2021-05-08,848.79,877.13,869.06,853.34,884.32,903.5,866.9,869.69,12.742707718533508,842.41,878.26,-1.6514285714285493,880.061,878.355,22.239909660883,842.41,931.97,-0.570929922135732,866.8391718782227,882.9185403409703,34.72000000000003,0.03254932429250833,5,5,1,spring,0.8173751377053472,-0.5761057925946976,-0.9749279121818236,-0.2225209339563146,0.9749279121818921,-0.22252093395601405,-0.433883739117003,-0.9009688679026865,0.8110584101477839,-0.5849651744578895,-0.9488818487752739,-0.3156314893429017,0,869.06,936.5
2021-05-09,852.95,848.79,869.69,882.82,880.57,884.0,864.0042857142859,869.69,14.3693537979758,842.41,878.26,-3.2832142857142927,878.8766666666668,877.6949999999999,22.940290461039986,842.41,931.97,-0.7433058954393924,862.326878908667,880.7166990286496,-28.340000000000032,-0.02332405127379005,6,5,1,spring,0.8073440647983365,-0.5900809783706804,-0.7818314824680299,0.6234898018587334,0.43388373911868716,-0.9009688679018755,-0.7818314824695924,0.623489801856774,0.8008758734355332,-0.5988303894667268,-0.9591776224078108,-0.28280432930225663,0,869.69,929.04
2021-05-10,821.79,852.95,873.82,902.29,884.34,919.0,861.6128571428571,857.93,14.655529916820804,842.41,878.26,-3.6553571428571536,877.956,876.635,23.41922782083644,842.41,931.97,-0.89889655172416,859.9826591815004,878.9252990913174,4.160000000000082,-0.019248237877864536,0,5,0,spring,0.7970740759822359,-0.6038815425206047,0.0,1.0,-0.43388373911557765,-0.9009688679033728,0.7818314824652888,0.6234898018621707,0.7904563349346525,-0.6125183936517143,-0.9683380890519897,-0.24964243487664703,0,873.82,927.5
2021-05-11,856.34,821.79,878.26,909.36,876.14,919.0,854.1800000000001,852.95,19.74344363748736,821.79,878.26,-6.178214285714244,875.871,874.98,25.521319059794465,821.79,931.97,-1.2172302558398391,850.4344943861253,875.2391507628453,-31.160000000000082,-0.05954315534091699,1,5,0,spring,0.7865682104367726,-0.6175034010677941,0.7818314824680298,0.6234898018587336,-0.9749279121819336,-0.22252093395583206,0.4338837391166666,-0.9009688679028485,0.7798028780808769,-0.6260251363458029,-0.9763524061468609,-0.21618505732643784,0,878.26,936.89
2021-05-12,852.19,856.34,857.93,891.94,893.53,921.0,851.0485714285714,852.95,16.80773475573141,821.79,877.13,-2.506785714285712,875.2109999999999,873.375,25.76894259401999,821.79,931.97,-1.3413815350389469,851.910870789594,874.0198507136295,34.55000000000007,-0.024958440552911392,2,5,0,spring,0.7758295771442586,-0.6309425229196086,0.9749279121818236,-0.22252093395631434,-0.7818314824683106,0.6234898018583814,-0.9749279121816232,-0.22252093395719247,0.7689186555329915,-0.6393466205223397,-0.9832110877431984,-0.18247179765332658,0,857.93,940.35
2021-05-13,850.22,852.19,842.41,858.59,856.98,922.0,850.2285714285714,852.19,16.55416204319491,821.79,877.13,-1.4014285714284913,873.8330000000001,871.31,25.860719667562307,821.79,931.97,-1.3635661846496283,851.9806530921956,872.6114732482341,-4.149999999999977,-0.006690522536803581,3,5,0,spring,0.7648613539695567,-0.6441949310603557,0.43388373911755823,-0.900968867902419,-1.3953751295334856e-12,1.0,-2.790750259066971e-12,1.0,0.7578068882397593,-0.6524789039780312,-0.9889060157313612,-0.1485425597272542,0,842.41,939.41
2021-05-14,838.73,850.22,877.13,849.48,861.36,921.5,851.3442857142857,852.19,16.198754949215576,821.79,877.13,-2.5192857142857017,873.6076666666667,871.31,26.041448882217818,821.79,931.97,-1.6321357063404067,851.5404898191466,871.1668620709288,-1.9700000000000273,0.009271020049619615,4,5,0,spring,0.7536667867196597,-0.6572567037282032,-0.433883739117558,-0.9009688679024191,0.7818314824688388,0.6234898018577191,0.9749279121812462,-0.22252093395884442,0.7464708644869669,-0.6654181004992878,-0.9934304494499576,-0.11443750305583937,1,877.13,933.71
2021-05-15,844.27,838.73,848.79,869.06,872.93,912.0,845.8585714285715,850.22,11.95800767766191,821.79,856.34,-0.18714285714283332,872.8533333333332,871.31,26.727185221889044,821.79,931.97,-1.94161957730815,848.33786736436,869.0741612921593,-11.490000000000009,-0.043779143342491965,5,5,1,spring,0.7422491881831635,-0.6701239755757398,-0.9749279121818236,-0.2225209339563146,0.9749279121817451,-0.22252093395665806,-0.4338837391181933,-0.9009688679021133,0.7349139389241849,-0.6781603810124412,-0.9967790336643584,-0.08019699525012108,0,848.79,940.1
2021-05-16,839.82,844.27,852.95,869.69,884.15,921.5,845.2128571428572,850.22,11.895204515945244,821.79,856.34,0.061428571428619926,871.8979999999999,869.375,27.231796627955237,821.79,931.97,-2.125499443826498,847.32090052327,867.4738928216974,5.539999999999964,-0.005325227677046127,6,5,1,spring,0.7306119371499218,-0.682792938813839,-0.7818314824680299,0.6234898018587334,0.433883739118092,-0.900968867902162,-0.7818314824687688,0.623489801857807,0.7231395315721073,-0.69070197471679,-0.998947804905258,-0.04586156424465366,0,852.95,917.83
2021-05-17,830.06,839.82,821.79,873.82,845.53,920.5,843.3371428571428,844.27,11.50048363372156,821.79,856.34,0.5889285714286294,870.4203333333334,863.825,27.74199685567602,821.79,931.97,-2.2479577308120366,845.4456753924525,865.6897707041685,-4.449999999999932,-0.015393633858960074,0,5,0,spring,0.7187584774111638,-0.6952598443384931,0.0,1.0,-0.4338837391161728,-0.9009688679030863,0.7818314824661124,0.6234898018611379,0.7111511268103147,-0.7030391702006509,-0.9999341961599629,-0.011471850327160383,0,821.79,939.56
2021-05-18,871.21,830.06,856.34,878.26,905.25,919.5,844.5185714285715,844.27,9.09028314295111,830.06,856.34,-3.911785714285733,869.9046666666667,863.825,28.35755919817976,821.79,931.97,-2.680004449388239,841.5992565443394,863.3910758200286,-9.760000000000105,0.01006339819175213,1,5,0,spring,0.7066923167403818,-0.7075210028402775,0.7818314824680298,0.6234898018587336,-0.9749279121820806,-0.22252093395518807,0.43388373911547634,-0.9009688679034217,0.6989522723463805,-0.7151683165394221,-0.9997370399107294,0.022931441963662265,0,856.34,940.27
2021-05-19,883.35,871.21,852.19,857.93,918.7,919.0,846.6428571428571,844.27,13.145959726959093,830.06,871.21,0.6367857142857898,868.77,863.825,27.564451744957843,821.79,931.97,-2.4278220244716557,849.0019424082545,863.8955225413172,41.15000000000009,0.017364598173622632,2,5,0,spring,0.6944170258552806,-0.7195727858961222,0.9749279121818236,-0.22252093395631434,-0.7818314824678987,0.6234898018588979,-0.9749279121819172,-0.22252093395590447,0.6865465781658917,-0.7270858243761221,-0.9983565695167064,0.05730759201741019,0,852.19,941.0
2021-05-20,902.55,883.35,850.22,842.41,931.97,920.5,851.0942857142857,844.27,19.212992875605483,830.06,883.35,5.362142857142879,867.5916666666667,863.825,26.071578141373017,821.79,931.97,-1.989412680756427,857.5889568061908,865.1506501192968,12.139999999999986,0.036564615872047276,3,5,0,spring,0.6819362373611009,-0.7314116270430655,0.43388373911755823,-0.900968867902419,-7.348153146364218e-13,1.0,-1.4696306292728437e-12,1.0,0.6739377154640253,-0.7387881669836966,-0.9957944189376947,0.09161591135026093,0,850.22,941.16
2021-05-21,922.6,902.55,838.73,877.13,902.16,923.5,858.5699999999999,844.27,27.296387428863813,830.06,902.55,10.750357142857183,866.6110000000001,863.825,24.040735881504304,821.79,909.36,-1.3198865406006859,868.8292176046432,867.5635114019228,19.199999999999932,0.061548775611018236,4,5,0,spring,0.6692536446756302,-0.743034022833669,-0.433883739117558,-0.9009688679024191,0.7818314824669824,0.6234898018600469,0.9749279121825712,-0.2225209339530389,0.661129415559384,-0.750271881308441,-0.9920536208001782,0.12581579176421473,0,838.73,940.15
2021-05-23,931.57,922.6,844.27,848.79,909.33,924.0,870.5514285714287,871.21,34.573326630303846,830.06,922.6,14.776428571428553,867.2923333333333,863.825,25.337625515855258,821.79,922.6,-0.7135016685206035,882.2719132034823,871.1142526017989,20.050000000000068,0.09999642316359257,6,5,1,spring,0.6432981178891005,-0.7656157858353895,-0.7818314824680299,0.6234898018587334,0.43388373911749684,-0.9009688679024487,-0.781831482467945,0.6234898018588398,0.6349297233899043,-0.772569897391828,-0.9810551825007202,0.19372849271203918,0,839.82,940.35
2021-05-24,933.66,931.57,839.82,852.95,878.45,923.5,883.0228571428571,883.35,38.977956041111405,830.06,931.57,17.55964285714292,868.0336666666666,863.825,26.887908124907057,821.79,931.57,-0.008892102335937643,894.5964349026118,875.0146234016829,8.970000000000027,0.10340293981783087,0,5,0,spring,0.630032864761432,-0.7765684704650989,0.0,1.0,-0.4338837391167679,-0.9009688679027996,0.7818314824669361,0.6234898018601049,0.6215460843538448,-0.783377600537827,-0.9738105603695935,0.22736093004880648,0,830.06,935.46
2021-05-25,788.0,933.66,830.06,821.79,853.34,922.5,896.4285714285714,902.55,37.76093105692258,830.06,933.66,16.813214285714327,869.8739999999999,863.825,29.397712390477096,821.79,933.66,0.4863403781979821,904.3623261769588,878.7981960854454,2.089999999999918,0.11173822962063289,1,5,0,spring,0.6165811671162346,-0.7872913465532199,0.7818314824680298,0.6234898018587336,-0.9749279121822276,-0.2225209339545441,0.43388373911428607,-0.9009688679039949,0.6079785122782553,-0.7939534801283508,-0.965413311333156,0.2607242572158388,0,871.21,941.94
2021-05-26,868.57,788.0,871.21,856.34,882.82,923.0,890.42,902.55,51.07930892249768,788.0,933.66,-4.285357142857082,867.6959999999999,863.825,32.879197657801804,788.0,933.66,-0.15590656284763224,875.2717446327191,872.9402479509006,-145.65999999999997,-0.05067103582873521,2,5,0,spring,0.6029470056907332,-0.797781240897891,0.9749279121818236,-0.22252093395631434,-0.7818314824697551,0.6234898018565701,-0.974927912180592,-0.22252093396171,0.5942310221909223,-0.8042944064619196,-0.9558733745886153,0.29377898453186324,1,883.35,941.63
2021-05-27,904.42,868.57,883.35,852.19,902.29,921.5,890.0428571428572,902.55,51.25423160230586,788.0,933.66,-9.370714285714303,867.2209999999999,863.58,32.75587195056009,788.0,933.66,-0.045964404894346896,873.5963084745393,872.6582964701973,80.57000000000005,-0.0030302682476096307,3,5,0,spring,0.5891344152183375,-0.80803504924313,0.43388373911755823,-0.900968867902419,-7.425549973935809e-14,1.0,-1.4851099947871618e-13,1.0,0.5803076823623167,-0.8143973193664604,-0.9452020418472682,0.3264859875825532,0,902.55,938.56
2021-05-28,942.23,904.42,902.55,850.22,909.36,898.0,893.0528571428573,904.42,51.41411081090617,788.0,933.66,-8.78642857142854,867.292,863.58,32.83671561551038,788.0,933.66,0.4358843159065315,881.3022313559045,874.7074386334104,35.84999999999991,0.0238523801437708,4,5,0,spring,0.5751474832346518,-0.8180497371974677,-0.433883739117558,-0.9009688679024191,0.7818314824673943,0.6234898018595305,0.9749279121822773,-0.2225209339543269,0.5662126131019498,-0.8242592291046924,-0.9334119439695331,0.3588065535285235,0,922.6,932.95
2021-05-29,940.93,942.23,922.6,838.73,891.94,882.0,898.7214285714286,922.6,54.717047139068015,788.0,942.23,-2.160714285714311,868.3876666666667,863.58,34.779710462928904,788.0,942.23,1.209479421579508,896.5341735169284,879.0637329151259,37.81000000000006,0.043964323306188095,5,5,1,spring,0.5609903488678573,-0.8278223411319121,-0.9749279121818236,-0.2225209339563146,0.9749279121822607,-0.22252093395439929,-0.43388373911401845,-0.9009688679041238,0.5519499855389239,-0.8338772172589809,-0.9205170360146653,0.3907024269271632,0,,939.41
2021-05-31,948.5,940.93,931.57,844.27,858.59,921.5,901.34,931.57,56.46106387000933,788.0,942.23,5.772857142857112,870.0206666666667,863.58,37.002747608452246,788.0,942.23,1.8399243604004287,907.6331301376962,883.0551049851179,-1.3000000000000682,0.019867765011922747,0,5,0,spring,0.5321822800963331,-0.8466298014784668,0.0,1.0,-0.43388373911736305,-0.9009688679025131,0.7818314824677598,0.6234898018590721,0.5229389866980201,-0.8523701169041815,-0.8914751304510911,0.45306963238249603,0,933.66,939.91
2021-06-01,941.22,948.5,933.66,839.82,849.48,922.5,903.7585714285715,933.66,58.30434044121974,788.0,948.5,15.144285714285726,873.0176666666666,868.815,39.59527224332585,788.0,948.5,2.2674104560622816,917.8498476032721,887.2773562764007,7.57000000000005,0.018173620876584636,1,6,0,summer,0.5175398708127256,-0.8556590922319165,0.7818314824680298,0.6234898018587336,-0.9749279121815652,-0.22252093395744685,0.43388373911965117,-0.9009688679014112,0.5081992005940984,-0.8612395558237669,-0.8753625075793094,0.4834671450310386,0,788.0,941.73
2021-06-02,947.97,941.22,788.0,830.06,869.06,921.0,904.8385714285715,940.93,59.016205522599066,788.0,948.5,23.42964285714287,876.0756666666667,869.375,41.22385379794229,788.0,948.5,2.5450967741935373,923.6923857024542,890.7575268392137,-7.279999999999973,0.008097165991902898,2,6,0,summer,0.5027443068654295,-0.8644351692951872,0.9749279121818236,-0.22252093395631434,-0.7818314824693433,0.6234898018570865,-0.974927912180886,-0.222520933960422,0.493309023994548,-0.8698541296364273,-0.8582137834171459,0.5132924136910929,0,868.57,938.04
2021-06-03,942.25,947.97,868.57,871.21,869.69,917.0,927.6914285714286,941.22,30.140703060020048,868.57,948.5,11.359642857142852,878.706,870.45,43.229457357782906,788.0,948.5,2.960547274749704,929.7617892768408,894.4486541399096,6.75,0.20300761421319802,3,6,0,summer,0.4877999666796597,-0.8729554355792298,0.43388373911755823,-0.900968867902419,5.863043151577056e-13,1.0,1.1726086303154111e-12,1.0,0.4782728633231886,-0.8782112890464564,-0.8400492556299942,0.5425101364172771,0,904.42,941.93
2021-06-04,931.38,942.25,904.42,883.35,873.82,922.5,938.2171428571428,942.23,15.230703326157899,904.42,948.5,4.473571428571412,881.1246666666666,872.5150000000001,44.71204680167856,788.0,948.5,3.308329254727461,932.8838419576306,897.5326119373349,-5.720000000000027,0.08482908688994548,4,6,0,summer,0.47271127270772273,-0.8812173696966288,-0.433883739117558,-0.9009688679024191,0.7818314824678061,0.623489801859014,0.9749279121819833,-0.2225209339556149,0.46309516820460117,-0.886308560934369,-0.8208904242141593,0.5710857303711043,0,942.23,942.75
2021-06-05,944.28,931.38,942.23,902.55,878.26,923.0,942.0685714285713,942.23,5.664378249401296,931.38,948.5,-1.087142857142777,883.0433333333333,874.1700000000001,45.613688457662946,788.0,948.5,3.5821802002224428,932.507881468223,899.7163143929907,-10.870000000000005,0.029809159461312264,5,6,1,summer,0.4574826901202872,-0.8892185267077521,-0.9749279121818236,-0.2225209339563146,0.9749279121821137,-0.22252093395504327,-0.4338837391152087,-0.9009688679035506,0.44778043014745755,-0.894143549088712,-0.8007599660490355,0.5989853727539158,0,940.93,933.16
2021-06-06,940.44,944.28,940.93,922.6,857.93,923.0,942.3614285714285,942.25,5.72676589524636,931.38,948.5,-0.8271428571428269,885.244,874.1700000000001,46.94803059289933,788.0,948.5,3.944266963292539,935.4509111011673,902.5913908837655,12.899999999999977,0.00217568958746798,6,6,1,summer,0.4421187254850124,-0.8969565388442788,-0.7818314824680299,0.6234898018587334,0.4338837391195843,-0.9009688679014434,-0.7818314824708341,0.6234898018552171,0.4323331812151533,-0.9017139349152732,-0.7796817080559074,0.6261760408407708,0,,940.43
2021-06-07,939.27,940.44,948.5,931.57,842.41,921.5,942.2914285714286,942.25,5.750125878531433,931.38,948.5,-1.237500000000018,887.9943333333334,880.24,47.70347472946235,788.0,948.5,4.11199777530588,936.6981833258754,905.0332366332,-3.839999999999918,-0.0005207613743848059,0,6,0,summer,0.42662392543293065,-0.904429116209887,0.0,1.0,-0.4338837391179582,-0.9009688679022264,0.7818314824685836,0.6234898018580391,0.41675799268494573,-0.9090174781230638,-0.7576805989961992,0.6526255510664294,0,948.5,942.33
2021-06-08,919.59,939.27,941.22,933.66,877.13,922.5,940.972857142857,941.22,5.112011066377681,931.38,947.97,-0.6742857142857085,891.2230000000001,892.95,47.78960983238006,788.0,948.5,4.128433815350362,937.3411374944066,907.2420600762194,-1.1700000000000728,-0.009731154454401706,1,6,0,summer,0.4110028753129673,-0.9116340474579004,0.7818314824680298,0.6234898018587336,-0.9749279121817122,-0.22252093395680284,0.4338837391184609,-0.9009688679019844,0.40105947369503414,-0.9160520173873655,-0.7347826799413022,0.6783025971189244,0,941.22,
2021-06-10,931.34,919.59,947.97,788.0,848.79,925.5,937.8828571428572,940.44,9.549212383373343,919.59,947.97,-2.9300000000000397,892.6383333333334,903.4849999999999,47.986182068803,788.0,948.5,4.21425361512791,932.9033531208049,908.0387013616247,-19.67999999999995,-0.022980812137438637,3,6,0,summer,0.37940055170191456,-0.9252325228656215,0.43388373911755823,-0.900968867902419,1.2468641300547692e-12,1.0,2.4937282601095384e-12,1.0,0.36931106199848346,-0.9293058374321945,-0.6864058514869475,0.7272186789711047,0,942.25,936.85
2021-06-11,943.31,931.34,942.25,868.57,852.95,928.0,935.5071428571429,939.27,8.647496196940846,919.59,944.28,-2.189999999999969,895.39,912.005,47.75134192012295,788.0,948.5,4.161539488320325,932.5125148406037,909.5420109511974,11.75,-0.017542749243119504,4,6,0,summer,0.36342863023086686,-0.9316220428524198,-0.433883739117558,-0.9009688679024191,0.781831482468218,0.6234898018584976,0.9749279121816893,-0.2225209339569029,0.3532705645435283,-0.9355211960330438,-0.6609842021300604,0.7503998164541936,0,931.38,931.43
2021-06-12,941.67,943.31,931.38,904.42,821.79,927.5,935.6585714285715,939.27,8.793303187784241,919.59,944.28,-0.39071428571425687,898.402,921.095,47.83179489375968,788.0,948.5,4.1780111234704895,935.2118861304527,911.72059088983,11.969999999999914,0.0011249668347041077,5,6,1,summer,0.34734915996449583,-0.9377358695666702,-0.9749279121818236,-0.2225209339563146,0.9749279121819667,-0.22252093395568728,-0.43388373911639905,-0.9009688679029774,0.337125524351815,-0.9414597074917831,-0.6347801950885474,0.7726927616610276,0,944.28,940.11
2021-06-13,945.29,941.67,944.28,942.23,856.34,925.5,937.1285714285714,940.44,8.818899078246373,919.59,944.28,-0.3578571428571194,902.398,926.97,46.1900938327249,788.0,948.5,3.9288008898776186,936.8264145978396,913.6528108324217,-1.6399999999999864,0.01104812214133862,6,6,1,summer,0.331166899272155,-0.943572193754387,-0.7818314824680299,0.6234898018587334,0.43388373911898914,-0.90096886790173,-0.7818314824700104,0.6234898018562499,0.32088071919658373,-0.9471196144352007,-0.6078248460903165,0.7940711280957664,0,940.44,942.87
2021-06-16,944.78,945.29,940.44,940.93,852.19,925.0,937.2728571428571,940.44,8.962497260405199,919.59,945.29,1.5382142857142656,905.3629999999999,931.36,45.986079539132,788.0,948.5,3.887882091212428,938.9423109483797,915.6939198109752,3.6200000000000045,0.001069598000593035,2,6,0,summer,0.28205140610030166,-0.959399293473183,0.9749279121818236,-0.22252093395631434,-0.7818314824685195,0.6234898018581194,-0.974927912181474,-0.222520933957846,0.2715959259886751,-0.9624113740944431,-0.5227740166584269,0.8524713059727083,0,,942.29
2021-06-17,943.24,944.78,939.27,948.5,850.22,928.0,937.8928571428571,941.67,9.359431454034471,919.59,945.29,2.795000000000057,908.4493333333334,931.475,45.39764318152258,788.0,948.5,3.775474972191299,940.4017332112849,917.5704411134931,-0.5099999999999909,0.004614861128833225,3,6,0,summer,0.2655061544612901,-0.9641091649513439,0.43388373911755823,-0.900968867902419,-1.7305548621398799e-12,1.0,-3.4611097242797598e-12,1.0,0.2550004077897658,-0.9669409454703287,-0.493140670807111,0.8699495840541063,0,931.34,940.71
2021-06-18,930.57,943.24,919.59,941.22,838.73,924.5,938.46,943.24,9.574598337958895,919.59,945.29,3.5646428571428257,911.55,932.615,44.45018342927969,788.0,948.5,3.5983492769743974,941.1112999084637,919.2265416868162,-1.5399999999999636,0.004226686682210682,4,6,0,summer,0.24888233205297766,-0.9685337293000545,-0.433883739117558,-0.9009688679024191,0.7818314824663616,0.6234898018608254,0.9749279121830143,-0.22252093395109734,0.23832942776874455,-0.9711843717129218,-0.4629236311365767,0.8863981677188456,0,943.31,936.24
2021-06-19,920.42,930.57,931.34,947.97,844.27,926.5,940.0285714285714,943.24,6.311231862240317,930.57,945.29,0.0235714285714341,914.6113333333334,932.615,42.37622973362351,788.0,948.5,3.218852057842012,938.4759749313479,919.9583777070216,-12.669999999999959,0.01194010374188499,5,6,1,summer,0.23218485833388977,-0.9726716771657699,-0.9749279121818236,-0.2225209339563146,0.9749279121818197,-0.22252093395633127,-0.4338837391175893,-0.9009688679024042,0.22158791933929695,-0.9751403970725863,-0.43215866330202046,0.9017975880057625,0,941.67,942.25
2021-06-20,906.05,920.42,943.31,942.25,839.82,923.5,938.4685714285714,943.24,9.407084969264377,920.42,945.29,-3.3185714285714147,917.1496666666667,932.615,40.244572946041416,788.0,948.5,2.771214682981058,933.9619811985109,919.9881597904396,-10.150000000000091,-0.011725041338286847,6,6,1,summer,0.21541867455805647,-0.9765217840128556,-0.7818314824680299,0.6234898018587334,0.433883739118394,-0.9009688679020166,-0.7818314824691867,0.6234898018572829,0.20478083678662148,-0.9788078508496809,-0.40088218150062443,0.9161296177699422,0,945.29,939.76
2021-06-22,946.71,906.05,941.67,931.38,830.06,925.5,933.1457142857142,941.67,15.056306383196421,906.05,945.29,-6.100357142857092,919.3573333333334,932.615,37.58496369682969,788.0,948.5,2.166295884315889,926.9839858988832,919.0889236749274,-14.370000000000005,-0.039499210227814815,1,6,0,summer,0.18170004205022589,-0.983354002747203,0.7818314824680298,0.6234898018587336,-0.9749279121811966,-0.2225209339590616,0.4338837391226357,-0.9009688678999739,0.17098986200653649,-0.9852727881612207,-0.3369433161729652,0.9415249341819713,0,,942.24
2021-06-23,940.92,946.71,945.29,944.28,871.21,925.5,933.8657142857144,943.24,15.641034553528762,906.05,946.71,-3.429285714285712,923.2456666666666,936.4649999999999,33.87952078838516,788.0,948.5,1.7269210233592769,931.9154894241624,920.8709285991257,40.66000000000008,0.005352193443563114,2,6,0,summer,0.16475757161384025,-0.9863340927879916,0.9749279121818236,-0.22252093395631434,-0.7818314824681077,0.6234898018586359,-0.974927912181768,-0.222520933956558,0.15401596948280422,-0.9880683585381489,-0.304356612311072,0.9525581622885438,0,944.78,923.8
2021-06-24,944.12,940.92,944.78,940.44,883.35,927.0,933.2414285714286,940.92,15.189756886982554,906.05,946.71,-1.041428571428537,925.5693333333334,939.855,32.55209330981065,788.0,948.5,1.4820823136818457,934.1666170681218,922.1644170766016,-5.790000000000077,-0.004622919950491388,3,6,0,summer,0.14776634475907305,-0.9890222987155258,0.43388373911755823,-0.900968867902419,-1.0699950472428162e-12,1.0,-2.1399900944856325e-12,1.0,0.13699649928411547,-0.9905715315836092,-0.2714096642349182,0.9624639183677947,0,943.24,894.7
2021-06-25,947.04,944.12,943.24,939.27,902.55,922.0,933.1471428571429,940.92,15.108026249076246,906.05,946.71,1.7725000000000404,927.5949999999999,940.6800000000001,31.714284799516925,788.0,948.5,1.3105962180200084,936.6549628010913,923.580906297466,3.2000000000000455,-0.000698575329706353,4,6,0,summer,0.13073138966980175,-0.991417825013754,-0.433883739117558,-0.9009688679024191,0.7818314824667735,0.623489801860309,0.9749279121827203,-0.22252093395238534,0.11993648795240776,-0.9927815665379983,-0.23814146878891426,0.9712304777152839,0,930.57,
2021-06-26,946.67,947.04,930.57,919.59,922.6,919.0,933.6899999999999,940.92,15.591651612318657,906.05,947.04,4.702857142857158,929.078,940.925,31.542504044215505,788.0,948.5,1.2633236929921963,939.2512221008185,925.0943962137585,2.919999999999959,0.0040286671472795415,5,6,1,summer,0.11365774747032338,-0.993519962778792,-0.9749279121818236,-0.2225209339563146,0.9749279121816727,-0.22252093395697528,-0.4338837391187796,-0.9009688679018308,0.1028409840267155,-0.9946978093895738,-0.20459140305368412,0.9788474640088337,0,920.42,
2021-06-27,930.64,946.67,920.42,931.34,931.57,929.5,935.99,944.12,16.22915894308501,906.05,947.04,5.647857142857198,929.8803333333333,941.075,31.677882579375222,788.0,948.5,1.3321446051167798,941.105916575614,926.4863706515806,-0.37000000000000455,0.017301223981000792,6,6,1,summer,0.09655047073354384,-0.9953280899287085,-0.7818314824680299,0.6234898018587334,0.4338837391177989,-0.9009688679023032,-0.781831482468363,0.6234898018583157,0.08571504654950317,-0.9963196930679512,-0.1707991777390123,0.985305861590033,0,906.05,
2021-06-28,917.98,930.64,906.05,943.31,933.66,928.0,937.4499999999999,944.12,15.008830733935087,906.05,947.04,2.8503571428571344,929.8493333333333,941.075,31.67662707720862,788.0,948.5,1.3486985539488119,938.4894374317104,926.7543467385755,-16.029999999999973,0.011103626605245462,0,6,0,summer,0.07941462198577987,-0.9968416713876159,0.0,1.0,-0.43388373911646594,-0.9009688679029451,0.7818314824665181,0.6234898018606291,0.06856374356932624,-0.9976467376119463,-0.13680479018080077,0.9905980261355194,0,,
2021-06-29,947.7,917.98,946.71,941.67,788.0,909.0,939.1542857142857,944.12,10.987711100953085,917.98,947.04,-3.721428571428565,929.3266666666667,941.075,31.740878063310195,788.0,948.5,1.2984026696329016,933.3620780737828,926.1882598522159,-12.659999999999968,0.013167043761381893,1,6,0,summer,0.06225527220861048,-0.9980602592440156,0.7818314824680298,0.6234898018587336,-0.9749279121813436,-0.22252093395841763,0.43388373912144546,-0.9009688679005471,0.05139215064116566,-0.9986785503115984,-0.10264847699942921,0.9947176937049514,0,946.71,
2021-07-01,944.64,947.7,940.92,945.29,868.57,908.5,939.2957142857142,944.12,11.106898542707928,917.98,947.7,-1.7264285714285557,934.65,941.4449999999999,17.351570732835327,868.57,948.5,0.4422736373748617,936.9465585553371,927.5761140552987,29.720000000000027,0.0010457267801121876,3,7,0,summer,0.027886386762765406,-0.9996110990947017,0.43388373911755823,-0.900968867902419,-4.0943523234575253e-13,1.0,-8.188704646915051e-13,1.0,0.017008425678372772,-0.9998553462656202,-0.03401193069216495,0.9994214269118865,0,944.12,936.3
2021-07-03,944.92,944.64,944.12,944.78,904.42,924.0,939.8271428571428,944.64,11.285132866273017,917.98,947.7,-0.9217857142856293,937.1856666666666,941.95,12.136548871313494,904.42,948.5,0.05100111234703357,938.8699189165028,928.6770099226989,-3.060000000000059,0.0039535773498278574,5,7,1,summer,-0.006515505718515781,-0.9999787738673417,-0.9749279121818236,-0.2225209339563146,0.9749279121823353,-0.22252093395407252,-0.4338837391134145,-0.9009688679044145,-0.017395430888857723,-0.9998486880444415,0.0347855975043843,0.9993947979683819,0,946.67,932.31
2021-07-04,944.24,944.92,947.04,943.24,942.23,926.5,939.9414285714286,944.92,11.3397713506766,917.98,947.7,0.23714285714289038,938.5356666666667,942.24,10.50965850796568,906.05,948.5,-0.12507007786432217,940.3824391873771,929.7249447663958,0.2799999999999727,0.0008473499131465858,6,7,1,summer,-0.0237161051327942,-0.9997187336232778,-0.7818314824680299,0.6234898018587334,0.4338837391172037,-0.9009688679025898,-0.7818314824675393,0.6234898018593487,-0.034592182737554725,-0.9994015113523952,0.06914295941778084,0.9976067617869032,0,930.64,937.17
2021-07-05,946.67,944.24,946.67,930.57,940.93,870.5,939.5414285714286,944.64,11.094371588886546,917.98,947.7,1.711785714285716,938.6026666666668,942.745,10.54038438523653,906.05,948.5,-0.06278976640714207,941.3468293905328,930.6613999427574,-0.67999999999995,-0.002956580503463375,0,7,0,summer,-0.04090968628179356,-0.999162848372739,0.0,1.0,-0.4338837391170611,-0.9009688679026585,0.7818314824673419,0.6234898018595961,-0.051778697782400254,-0.998658583528905,0.10341848196868618,0.9946379329119177,0,917.98,934.06
2021-07-06,943.95,946.67,930.64,920.42,948.5,925.5,939.5414285714286,944.64,11.094371588886546,917.98,947.7,3.4939285714285893,938.794,943.275,10.635753819564316,906.05,948.5,0.005308120133451757,942.6776220428997,931.6942128496763,2.42999999999995,0.0,1,7,0,summer,-0.05809116109928645,-0.99831128261787,0.7818314824680298,0.6234898018587336,-0.9749279121814906,-0.22252093395777361,0.43388373912025513,-0.9009688679011203,-0.06894989004833935,-0.9976201244272902,0.13757159577854455,0.9904918253246439,0,947.7,
2021-07-07,933.59,943.95,917.98,906.05,941.22,925.5,941.4428571428571,944.64,10.43553658464354,917.98,947.7,2.694642857142888,938.6423333333333,943.275,10.524431898285128,906.05,947.97,0.1055105672969739,942.9957165321748,932.4849087948585,-2.7199999999999136,0.014301985730250214,2,7,0,summer,-0.07525544510164994,-0.9971642883610266,0.9749279121818236,-0.22252093395631434,-0.781831482467284,0.6234898018596687,-0.974927912182356,-0.22252093395398204,-0.08610067809458967,-0.9962864413569281,0.17156187635455433,0.9851733464633037,0,,
2021-07-08,932.5,933.59,947.7,946.71,947.97,915.0,943.6728571428572,944.64,4.650339465325578,933.59,947.7,-1.4985714285713605,938.388,943.275,10.552148792448088,906.05,947.97,0.09069187986649345,940.6442873991311,932.5562050016418,-10.360000000000014,0.017004727771846896,3,7,0,summer,-0.09239745889250749,-0.9957222050302019,0.43388373911755823,-0.900968867902419,2.5112458255131117e-13,1.0,5.022491651026223e-13,1.0,-0.10322598651861054,-0.9946579289923042,0.20534909193757733,0.9786887914145193,0,944.64,935.89
2021-07-10,839.18,932.5,944.64,940.92,942.25,939.5,941.5014285714286,944.24,5.850400067712535,932.5,946.67,-2.120357142857118,937.8723333333334,942.745,10.445200080069167,906.05,947.7,0.11878754171298551,938.6082155493484,932.5525788725037,-1.0900000000000318,-0.016038830853645717,5,7,1,summer,-0.12659439270731607,-0.9919545653582456,-0.9749279121818236,-0.2225209339563146,0.9749279121821883,-0.2225209339547165,-0.43388373911460476,-0.9009688679038413,-0.13737990209016743,-0.9905184311771771,0.27215465018725365,0.962253525003392,0,944.92,939.81
2021-07-12,812.57,839.18,944.92,944.12,931.38,934.5,926.4357142857143,943.95,38.89378050414604,839.18,946.67,-12.635000000000048,934.4366666666667,942.4549999999999,20.78698404644513,839.18,947.7,-0.48774638487211125,913.7511616620112,926.5285415258905,-93.32000000000005,-0.11164041327913284,0,7,0,summer,-0.16064148618455396,-0.987012823075981,0.0,1.0,-0.4338837391176562,-0.9009688679023719,0.7818314824681656,0.6234898018585633,-0.1713712113213931,-0.9852065305966249,0.3376720731001815,0.9412638158604768,0,946.67,939.38
2021-07-13,813.07,812.57,944.24,947.04,944.28,934.5,907.5285714285714,933.59,56.565196434017594,812.57,946.67,-22.19428571428569,930.4763333333334,942.4549999999999,30.45770187215995,812.57,947.7,-1.2950634037820032,888.4558712465084,919.1763775564783,-26.6099999999999,-0.14006476738771528,1,7,0,summer,-0.17759624112385647,-0.9841034372151523,0.7818314824680298,0.6234898018587336,-0.9749279121816375,-0.22252093395712963,0.43388373911906486,-0.9009688679016935,-0.1882933069320973,-0.9821128400365077,0.3698505488618959,0.92909126112915,0,943.95,938.69
2021-07-14,837.27,813.07,946.67,946.67,940.44,932.0,888.79,932.5,63.65857234758961,812.57,946.67,-27.070357142857134,926.1026666666668,941.295,37.102985095387595,812.57,947.7,-1.9573259176863547,869.6094034348813,912.3308048108992,0.5,-0.13891595357112593,2,7,0,summer,-0.19449844031989072,-0.9809028273550494,0.9749279121818236,-0.22252093395631434,-0.7818314824691404,0.6234898018573409,-0.9749279121810309,-0.22252093395978756,-0.20515968123566278,-0.9787285145510379,0.4015912601230893,0.9158190103905625,0,933.59,936.35
2021-07-15,891.46,837.27,943.95,930.64,939.27,932.0,873.1614285714286,839.18,60.427550678083634,812.57,943.95,-24.321785714285657,922.6636666666667,941.295,40.36608148393735,812.57,947.7,-2.431561735261423,861.524552576161,907.4881722424541,24.199999999999932,-0.11556297336981206,3,7,0,summer,-0.21134308193457638,-0.9774119406465193,0.43388373911755823,-0.900968867902419,-2.726294409643338e-12,1.0,-5.452588819286676e-12,1.0,-0.22196534299555196,-0.9750545556577165,0.4328566377718811,0.9014627730177339,0,932.5,936.53
2021-07-16,944.12,891.46,933.59,917.98,919.59,932.5,865.6628571428572,839.18,52.97664444963318,812.57,933.59,-12.248571428571417,921.0699999999999,941.295,40.63075987815042,812.57,947.7,-2.5183492769744356,869.0084144321207,906.4540966139087,54.190000000000055,-0.055606758832565294,4,7,0,summer,-0.22812518116274869,-0.9736318101415252,-0.433883739117558,-0.9009688679024191,0.781831482468009,0.6234898018587596,0.9749279121818385,-0.22252093395624933,-0.23870531894195018,-0.9710920505847125,0.46360967531363245,0.8860395414176436,0,,938.43
2021-07-17,954.58,944.12,932.5,947.7,931.34,933.5,867.1671428571428,839.18,55.32440019686474,812.57,944.12,5.861428571428577,921.8876666666666,942.4549999999999,40.84620251486192,812.57,947.7,-2.3798464961068158,887.7863108240905,908.8841548968824,52.65999999999997,0.011279041120834598,5,7,1,summer,-0.24483977170729954,-0.9695635544874391,-0.9749279121818236,-0.2225209339563146,0.9749279121820413,-0.22252093395536052,-0.43388373911579503,-0.9009688679032681,-0.2553746552431632,-0.9668421719491943,0.4938139726721533,0.869567570918871,0,839.18,935.43
2021-07-18,949.17,954.58,839.18,944.64,943.31,933.0,870.3214285714286,839.18,60.093974026400524,812.57,954.58,24.560357142857164,922.6623333333333,943.275,41.25003420548978,812.57,954.58,-2.1037397107897875,904.4847331180679,911.8322739357933,10.460000000000036,0.023678284182305675,6,7,1,summer,-0.26148190724884907,-0.965208377596001,-0.7818314824680299,0.6234898018587334,0.4338837391160134,-0.900968867903163,-0.7818314824658918,0.6234898018614144,-0.27196841897181856,-0.9623061774102717,0.5234337792741719,0.8520663581639387,0,,923.36
2021-07-19,933.36,949.17,812.57,944.92,941.67,930.5,886.0342857142857,891.46,64.79038736755676,812.57,954.58,28.55964285714282,922.8576666666667,943.595,41.364894301506034,812.57,954.58,-1.7903248053392826,915.6560498385509,914.2411594883229,-5.410000000000082,0.13106842393765344,0,7,0,summer,-0.2780466629094963,-0.9605675682870481,0.0,1.0,-0.43388373911497363,-0.9009688679036637,0.7818314824644528,0.623489801863219,-0.2884816995645476,-0.9574854092968467,0.5524340363644217,0.8335566180327002,0,812.57,936.71
2021-07-20,874.51,933.36,813.07,944.24,945.29,933.0,903.29,933.36,57.655832315559735,813.07,954.58,23.13535714285718,922.5806666666666,943.595,41.262270144422715,812.57,954.58,-1.592827586206911,920.0820373789132,915.4746330697214,-15.809999999999945,0.14865180845957882,1,7,0,summer,-0.2945291367102338,-0.9556424999071171,0.7818314824680298,0.6234898018587336,-0.9749279121817845,-0.22252093395648562,0.4338837391178746,-0.9009688679022667,-0.30490961027537833,-0.9523812942103163,0.5807804185024559,0.8140602591234338,0,813.07,939.06
2021-07-21,919.75,874.51,837.27,946.67,944.78,933.5,912.0671428571429,933.36,44.8971831760389,837.27,954.58,7.1632142857143,920.2213333333334,942.0799999999999,41.93704425587952,812.57,954.58,-1.7463448275862221,908.689028034185,912.8317535168362,-58.85000000000002,0.0755654494692953,2,7,0,summer,-0.3109244510215808,-0.9504346299230308,0.9749279121818236,-0.22252093395631434,-0.7818314824687286,0.6234898018578573,-0.9749279121813249,-0.22252093395849956,-0.32124728962153365,-0.9469953426024958,0.608439374190535,0.793600357821637,1,837.27,938.78
2021-07-22,925.36,919.75,891.46,943.95,943.24,933.5,923.85,933.36,30.515313095776207,874.51,954.58,-2.69892857142858,919.3870000000001,937.255,41.67979971740288,812.57,954.58,-1.5800155728587542,911.4542710256387,913.2780919996211,45.24000000000001,0.09851063575668544,3,7,0,summer,-0.3272277540070095,-0.9449454994905939,0.43388373911755823,-0.900968867902419,-2.0657345947462744e-12,1.0,-4.131469189492549e-12,1.0,-0.3374899028222469,-0.9413291483285909,0.6353781655863292,0.7722011309860607,0,891.46,937.55
2021-07-23,938.22,925.36,944.12,933.59,930.57,933.0,928.6928571428572,933.36,27.00648423020112,874.51,954.58,-7.164285714285686,918.7909999999999,933.475,41.454179137103814,812.57,954.58,-1.3769766407119148,914.9307032692291,914.0575699351295,5.610000000000014,0.03802750544051329,4,7,0,summer,-0.343434221058743,-0.9391767329985206,-0.433883739117558,-0.9009688679024191,0.7818314824684208,0.6234898018582432,0.9749279121815445,-0.22252093395753733,-0.3536326432296694,-0.9353843881754694,0.6615649072525168,0.7498879072847947,0,944.12,925.82
2021-07-24,949.56,938.22,954.58,932.5,920.42,933.5,927.85,933.36,26.532677965103947,874.51,954.58,-3.9396428571428066,919.046,935.905,41.552546923890574,812.57,954.58,-1.1703937708565262,920.7530274519218,915.6164363909277,12.860000000000014,-0.006249205609456401,5,7,1,summer,-0.3595390562254921,-0.9331300375877322,-0.9749279121818236,-0.2225209339563146,0.9749279121818943,-0.2225209339560045,-0.43388373911698536,-0.9009688679026949,-0.3696707337509715,-0.9291628213655658,0.6869686038966631,0.7266870972160367,0,954.58,907.58
2021-07-25,951.8,949.56,949.17,839.18,906.05,1000.0,927.1328571428572,933.36,25.745967784155443,874.51,949.56,2.204999999999981,920.0173333333333,939.5699999999999,41.92469529289815,812.57,954.58,-0.9640533926585348,927.9547705889413,917.8063437205453,11.339999999999918,-0.005258857298497868,6,7,1,summer,-0.3755374936317112,-0.9268072026461666,-0.7818314824680299,0.6234898018587334,0.433883739118696,-0.9009688679018711,-0.7818314824696047,0.6234898018567587,-0.3855994282622338,-0.9226662890362032,0.7115591870583938,0.7026261618476768,0,949.17,937.88
2021-07-26,949.56,951.8,933.36,812.57,946.71,932.5,927.5085714285714,933.36,26.13737198506435,874.51,951.8,7.996071428571406,921.5423333333333,942.435,42.230077913434734,812.57,954.58,-0.8553303670745603,933.9160779417059,919.9994828353489,2.240000000000009,0.002770841893443741,0,7,0,summer,-0.3914247988879585,-0.9202100992792468,0.0,1.0,-0.4338837391155688,-0.9009688679033772,0.7818314824652765,0.623489801862186,-0.401414013012854,-0.9158967136947901,0.7353075506990214,0.6777335803138325,0,933.36,934.04
2021-07-27,950.47,949.56,874.51,813.07,940.92,931.0,929.8228571428572,938.22,27.427201044633886,874.51,951.8,11.194642857142897,921.6373333333335,942.435,42.29180746729359,812.57,954.58,-0.5010011123470826,937.8270584562794,921.9066129750038,-2.240000000000009,0.01735664695294413,1,7,0,summer,-0.4071962704919323,-0.9133406797561692,0.7818314824680298,0.6234898018587336,-0.9749279121819315,-0.22252093395584163,0.43388373911668426,-0.9009688679028399,-0.41710980802068703,-0.9088560986498059,0.7581855856525022,0.6520388161058912,0,874.51,895.09
2021-07-28,939.94,950.47,919.75,837.27,944.12,933.0,940.6742857142857,949.56,13.266662299588448,919.75,951.8,5.5049999999999635,921.9556666666666,944.0350000000001,42.47748845450204,812.57,954.58,-0.18200000000003053,940.9877938422096,923.7494121379069,0.9100000000000819,0.08686007021074663,2,7,0,summer,-0.42284724121978184,-0.9062009769321702,0.9749279121818236,-0.22252093395631434,-0.7818314824683167,0.6234898018583738,-0.9749279121816188,-0.22252093395721156,-0.4326821684566704,-0.9015465274180993,0.7801662128956884,0.625572282199267,0,919.75,935.31
2021-07-29,952.02,939.94,925.36,891.46,947.04,933.0,943.5585714285714,949.56,9.665278800200367,925.36,951.8,2.437142857142867,921.8163333333334,941.945,42.40907917459228,812.57,954.58,0.08688542825360344,940.7258453816572,924.7939661935259,-10.529999999999973,0.021951617287306394,3,7,0,summer,-0.4383730795072664,-0.8987931036469494,0.43388373911755823,-0.900968867902419,-1.4051747798492107e-12,1.0,-2.8103495596984214e-12,1.0,-0.4481264860195191,-0.8939701631082537,0.8012234155999961,0.5983653050555955,0,925.36,917.02
2021-07-30,945.0,952.02,938.22,944.12,946.67,935.0,947.3671428571428,949.56,5.764502621742197,938.22,952.02,0.7439285714286097,921.9823333333333,941.945,42.5208149176897,812.57,954.58,0.4557041156840775,943.5493840362429,926.550484503621,12.079999999999927,0.02881040892193305,4,7,0,summer,-0.45376919082036926,-0.8911192520994187,-0.433883739117558,-0.9009688679024191,0.7818314824665644,0.623489801860571,0.9749279121828696,-0.22252093395173178,-0.46343819029960326,-0.8861292477803837,0.8213322699257795,0.5704500875436574,0,938.22,930.51
2021-07-31,951.99,945.0,949.56,954.58,930.64,931.5,948.3357142857143,949.56,4.373083798035731,939.94,952.02,-0.8164285714285301,921.9266666666666,941.945,42.48846109753608,812.57,954.58,0.7744649610678296,943.9120380271822,927.7407758259681,-7.019999999999982,0.0072264500863336665,5,7,1,summer,-0.46903101901494954,-0.8831816931989691,-0.9749279121818236,-0.2225209339563146,0.9749279121817473,-0.22252093395664851,-0.4338837391181756,-0.9009688679021217,-0.4786127501311551,-0.8780261017827958,0.8404689745224028,0.541859670823785,0,949.56,939.91
2021-08-01,951.27,951.99,951.8,949.17,917.98,934.0,948.6828571428571,950.47,4.5781099239828915,939.94,952.02,-0.24999999999998543,922.6383333333334,944.0350000000001,42.816971424355515,812.57,954.58,1.028513904338126,945.9315285203866,929.3052419017121,6.990000000000009,0.0025590799949450943,6,8,1,summer,-0.4841540476850335,-0.8749827758934449,-0.7818314824680299,0.6234898018587334,0.43388373911810085,-0.9009688679021578,-0.781831482468781,0.6234898018577917,-0.4936456749333243,-0.8696631230652607,0.8586108787003465,0.5126278952392456,0,951.8,939.12
2021-08-02,949.64,951.27,949.56,933.36,947.7,933.0,948.6071428571429,950.47,4.52200440174533,939.94,952.02,0.47250000000002496,923.7479999999999,944.1800000000001,43.122371855949794,812.57,954.58,1.181107897664048,947.2661463902899,930.7223230693436,-0.7200000000000273,-0.0005568396722000134,0,8,0,summer,-0.49913380149934533,-0.8665249264740237,0.0,1.0,-0.43388373911616396,-0.9009688679030905,0.7818314824661002,0.6234898018611532,-0.5085325160392141,-0.8610427864693058,0.8757365092413038,0.4827893602616528,0,949.56,939.28
2021-08-03,949.8,949.64,950.47,874.51,944.64,936.0,948.6185714285714,950.47,4.524914100723675,939.94,952.02,0.7192857142856461,923.8126666666667,944.1800000000001,43.16096639592234,812.57,954.58,1.5133392658509224,947.8596097927174,931.9428183551925,-1.6299999999999955,8.424954715872713e-05,1,8,0,summer,-0.5139658475256869,-0.8578106478572077,0.7818314824680298,0.6234898018587336,-0.9749279121820785,-0.22252093395519762,0.433883739115494,-0.9009688679034131,-0.5232688680120703,-0.852167642996005,0.8918255958140671,0.4523793835387332,0,950.47,
2021-08-04,950.12,949.8,939.94,919.75,944.92,938.0,948.5228571428571,949.8,4.486144277224143,939.94,952.02,1.1103571428571384,923.9846666666667,944.1800000000001,43.25700172412521,812.57,954.58,1.8246362625138786,948.3447073445379,933.0948945903414,0.15999999999996817,-0.0007049144107652769,2,8,0,summer,-0.5286457965427641,-0.8488425188441413,0.9749279121818236,-0.22252093395631434,-0.7818314824679048,0.6234898018588902,-0.9749279121819128,-0.22252093395592357,-0.5378503699491725,-0.8430403190509563,0.9068590949672506,0.4214339590910766,0,939.94,924.82
2021-08-05,947.21,950.12,952.02,925.36,944.24,937.0,949.9771428571429,950.12,2.4094862127436874,945.0,952.02,0.0553571428571621,924.1579999999999,944.1800000000001,43.35409294602374,812.57,954.58,2.1376329254727264,948.7885305084035,934.1932884877388,0.32000000000005,0.010830478541183425,3,8,0,summer,-0.5431693043390854,-0.8396231933574692,0.43388373911755823,-0.900968867902419,-7.44614964952147e-13,1.0,-1.489229929904294e-12,1.0,-0.5522727067722519,-0.8336635156671126,0.920819212669496,0.38998971470890037,0,952.02,938.72
2021-08-07,951.85,947.21,945.0,938.22,946.67,939.0,949.29,949.8,2.415657260432279,945.0,951.99,0.05071428571430582,924.2570000000001,944.56,43.404893189117196,812.57,954.58,2.4248520578420303,948.3938978813026,935.0330763272395,-2.909999999999968,-0.005052414865233866,5,8,1,summer,-0.571729852172239,-0.8204419395271731,-0.9749279121818236,-0.2225209339563146,0.9749279121816004,-0.2225209339572925,-0.4338837391193659,-0.9009688679015485,-0.5806228615339711,-0.814172643033468,0.9454544995615373,0.3257541853282058,0,951.99,
2021-08-08,954.09,951.85,951.99,949.56,943.95,937.5,950.2685714285715,950.12,1.6562349729407186,947.21,951.99,-0.2878571428570844,924.4296666666667,944.56,43.50730992748791,812.57,954.58,2.7574438264738332,949.2579234109769,936.118039144837,4.639999999999986,0.007248677248677273,6,8,1,summer,-0.5857584403363858,-0.8104856874582578,-0.7818314824680299,0.6234898018587334,0.43388373911750566,-0.9009688679024443,-0.7818314824679572,0.6234898018588245,-0.5945422898610826,-0.8040643416833881,0.9561005098001711,0.29303893113348084,0,951.27,938.14
2021-08-09,954.41,954.09,951.27,951.8,933.59,940.0,950.5685714285713,950.12,2.1396528423067864,947.21,954.09,0.36750000000002436,924.7676666666666,946.105,43.70313613644873,812.57,954.58,3.083423804226897,950.4659425582327,937.2775204903314,2.240000000000009,0.0022059055242177154,0,8,0,summer,-0.5996136860355509,-0.800289589785385,0.0,1.0,-0.4338837391167591,-0.900968867902804,0.7818314824669239,0.6234898018601203,-0.6082857763341186,-0.793718094986878,0.9656148551990615,0.2599768286191972,0,949.64,939.66
2021-08-10,955.41,954.41,949.64,949.56,932.5,939.5,951.0171428571429,950.12,2.5924487412612294,947.21,954.41,0.8792857142857518,925.4616666666666,948.19,44.01228058115227,812.57,954.58,3.3355083426028687,951.4519569186745,938.3828417490198,0.31999999999993634,0.003300850442040626,1,8,0,summer,-0.6132914891112445,-0.7898566638218052,0.7818314824680298,0.6234898018587336,-0.974927912181416,-0.2225209339581004,0.43388373912085915,-0.9009688679008294,-0.6218492538672539,-0.7831369646905576,0.9739862743373784,0.22660701092947927,0,949.8,939.99
2021-08-11,952.5,955.41,949.8,950.47,839.18,939.0,951.8414285714287,951.85,2.971231106055098,947.21,955.41,1.1532142857142738,926.2253333333333,949.365,44.33618174757579,812.57,955.41,3.577263626251359,952.4414676890058,939.4813680877928,1.0,0.006075986689692918,2,8,0,summer,-0.6267878019152604,-0.7791899969649484,0.9749279121818236,-0.22252093395631434,-0.781831482467493,0.6234898018594067,-0.9749279121822068,-0.22252093395463557,-0.6352287086444383,-0.7723240820497049,0.9812048585908705,0.1929689754278388,0,950.12,937.78
2021-08-12,944.81,952.5,950.12,939.94,812.57,937.0,952.2271428571429,952.5,2.834141341346908,947.21,955.41,0.9321428571428687,930.0026666666666,949.56,41.39408336310045,812.57,955.41,3.14646496106783,952.4561007667544,940.3212798240644,-2.909999999999968,0.0028427037271004903,3,8,0,summer,-0.6400986305074876,-0.768292745782777,0.43388373911755823,-0.900968867902419,-8.405515005508327e-14,1.0,-1.6811030011016653e-13,1.0,-0.6484201813071088,-0.7612826469016984,0.9872620638599101,0.1591025369473123,0,947.21,938.47
2021-08-14,952.98,944.81,947.21,952.02,813.07,933.5,951.4685714285714,952.5,3.973665094794739,944.81,955.41,-0.16357142857140766,934.4106666666667,949.56,35.00568721609825,813.07,955.41,2.4321156840934184,950.5445755750658,940.6108746741248,-7.690000000000055,-0.005588767734602007,5,8,1,summer,-0.6661481349118973,-0.7458194569420945,-0.9749279121818236,-0.2225209339563146,0.9749279121814534,-0.2225209339579365,-0.4338837391205562,-0.9009688679009753,-0.674223622156354,-0.7385272556421774,0.9958650427205209,0.09084501465273191,0,951.85,928.7
2021-08-15,949.18,952.98,951.85,945.0,837.27,938.0,952.2928571428572,952.98,3.5150377631065486,944.81,955.41,-0.6100000000000079,939.0743333333334,949.5999999999999,26.590972759545412,837.27,955.41,1.7150856507229886,951.1534316812994,941.4088827596653,8.170000000000073,0.006091574202130448,6,8,1,summer,-0.6788791019400585,-0.7342500697644226,-0.7818314824680299,0.6234898018587334,0.43388373912018824,-0.9009688679011525,-0.78183148247167,0.6234898018541688,-0.6868279543759777,-0.7268200334936497,0.9984006336078458,0.05653472217542006,1,954.09,931.48
2021-08-16,943.23,949.18,954.09,951.99,891.46,938.5,951.9114285714285,952.98,3.7105319859722004,944.81,955.41,-1.0067857142857037,942.8046666666667,949.5999999999999,18.407134811101226,874.51,955.41,1.0781846496106644,950.6600737609745,941.9102451622676,-3.800000000000068,-0.002805063823081444,0,8,0,summer,-0.6914091694696364,-0.7224633972550496,0.0,1.0,-0.43388373911735423,-0.9009688679025173,0.7818314824677476,0.6234898018590874,-0.6992290348071392,-0.7148977247709469,0.999754492154818,0.02215751376535309,0,954.41,927.8
2021-08-17,905.46,943.23,954.41,951.27,944.12,940.0,950.3599999999999,952.5,4.767612959669702,943.23,955.41,-1.6257142857142162,944.5303333333334,949.5999999999999,15.647434621365727,874.51,955.41,0.7268275862068656,948.8025553207309,941.9953906356698,-5.949999999999932,-0.011382573971009039,1,8,0,summer,-0.703734629499786,-0.7104629274232392,0.7818314824680298,0.6234898018587336,-0.9749279121815629,-0.2225209339574564,0.4338837391196688,-0.9009688679014026,-0.7114231936198766,-0.702763857621958,0.9999250159000751,-0.012245920840608744,0,955.41,909.12
2021-08-18,949.34,905.46,955.41,949.64,954.58,940.0,943.3671428571428,949.18,17.290112506171738,905.46,955.41,-5.857857142857086,943.2416666666667,949.5999999999999,17.197560790021004,874.51,955.41,0.47193103448274265,937.9669164905482,939.638268659175,-37.76999999999998,-0.051288230425079295,2,8,0,summer,-0.7158518345787989,-0.6982522115469223,0.9749279121818236,-0.22252093395631434,-0.7818314824693494,0.6234898018570788,-0.9749279121808817,-0.22252093396044112,-0.7234068222181809,-0.6904220228006877,0.9989120030073877,-0.04663486086361347,0,952.5,934.43
2021-08-19,951.48,949.34,952.5,949.8,949.17,936.5,942.5,949.18,16.728563397172532,905.46,952.98,-3.497499999999967,943.0669999999999,949.56,17.104792058933125,874.51,955.41,0.589470522803101,940.8101873679112,940.264186810196,43.879999999999995,-0.006353293350498672,3,8,0,summer,-0.7277571988834893,-0.6858348631217702,0.43388373911755823,-0.900968867902419,5.765046648419804e-13,1.0,1.1530093296839609e-12,1.0,-0.7351763743079978,-0.6778758726045254,0.9967166525045303,-0.08096860268130636,1,944.81,933.06
2021-08-20,952.7,951.48,944.81,950.12,933.36,929.04,942.3542857142857,949.18,16.631099239215956,905.46,952.98,-1.1067857142856659,943.144,949.5999999999999,17.13837951539831,874.51,955.41,0.6858375973303444,943.4776405259335,940.9877876611511,2.1399999999999864,-0.0010708661417322643,4,8,0,summer,-0.7394471992803373,-0.6732145567918634,-0.433883739117558,-0.9009688679024191,0.7818314824678,0.6234898018590217,0.9749279121819876,-0.22252093395559577,-0.7467283669464383,-0.6651291197936724,0.9933415628641018,-0.11520650800498906,0,,933.84
2021-08-21,948.7,952.7,952.98,947.21,874.51,927.5,943.4814285714286,949.34,17.086402418851492,905.46,952.98,0.35250000000004084,943.7886666666667,949.72,17.121392292188713,874.51,955.41,0.6800133481646019,945.7832303944501,941.7434142636575,1.2200000000000273,0.008350885363194822,5,8,1,summer,-0.7509183763680874,-0.6603950272622556,-0.9749279121818236,-0.2225209339563146,0.9749279121821159,-0.22252093395503372,-0.43388373911519107,-0.900968867903559,-0.7580593815726393,-0.6521855364922682,0.9887907289278975,-0.14930805198058467,0,952.98,935.35
2021-08-22,951.15,948.7,949.18,951.85,919.75,936.89,942.87,949.18,16.763375753903325,905.46,952.7,2.2685714285714758,946.2616666666667,949.72,11.051970984566756,905.46,955.41,0.2339154616240104,946.5124227958377,942.1922262466475,-4.0,-0.00449117505089296,6,8,1,summer,-0.76216733550148,-0.6473800681937733,-0.7818314824680299,0.6234898018587334,0.4338837391195931,-0.9009688679014392,-0.7818314824708463,0.6234898018552018,-0.7691660650193358,-0.6390489530721968,0.9830695371785357,-0.1832328711546584,0,949.18,937.23
2021-08-23,946.85,951.15,943.23,954.09,925.36,940.35,943.1514285714286,949.34,16.902921274706763,905.46,952.7,4.057142857142877,947.3083333333333,949.96,9.879267417813402,905.46,955.41,0.08261401557284949,947.6718170968783,942.7701471339606,2.449999999999932,0.0020754756737394672,0,8,0,summer,-0.7731907477958236,-0.6341735310803621,0.0,1.0,-0.43388373911794936,-0.9009688679022307,0.7818314824685714,0.6234898018580545,-0.7800451305053041,-0.6257232570193976,0.9761847593637999,-0.21694081125007375,0,943.23,
2021-08-24,930.07,946.85,905.46,954.41,938.22,939.41,943.6685714285715,949.34,16.961002750002738,905.46,952.7,4.464642857142874,948.0246666666667,949.96,8.970227665329393,905.46,955.41,-0.07171078976642463,947.4663628226587,943.0333634478986,-4.2999999999999545,0.003837876233792399,1,8,0,summer,-0.7839853511121072,-0.6207793241093215,0.7818314824680298,0.6234898018587336,-0.9749279121817099,-0.2225209339568124,0.43388373911847855,-0.9009688679019758,-0.7906933586077923,-0.6122123917837086,0.9681445444815403,-0.25039197469294194,0,905.46,936.74
2021-08-25,927.34,930.07,949.34,955.41,949.56,933.71,947.1842857142857,949.34,7.794850559053502,930.07,952.7,-2.4507142857142483,947.753,949.96,9.390951312393717,905.46,955.41,-0.2551657397107983,943.1172721169941,942.197017419002,-16.779999999999973,0.027179555143242124,2,8,0,summer,-0.7945479510223573,-0.6072014110047618,0.9749279121818236,-0.22252093395631434,-0.7818314824689375,0.6234898018575953,-0.9749279121811757,-0.22252093395915312,-0.8011075982153532,-0.5985203556117606,0.9589584091342731,-0.28354676783674326,0,949.34,928.03
2021-08-26,940.08,927.34,951.48,952.5,951.8,940.1,944.0414285714286,948.7,10.68147840667509,927.34,952.7,-4.268928571428583,947.0123333333333,949.96,10.093488403963514,905.46,955.41,-0.37440044493885416,939.1729540877456,941.2385001661632,-2.730000000000018,-0.02317399456464491,3,8,0,summer,-0.8048754217549614,-0.5934438098546255,0.43388373911755823,-0.900968867902419,-2.4009143273526687e-12,1.0,-4.801828654705337e-12,1.0,-0.8112847674604452,-0.5846512003636453,0.9486372262649803,-0.3163659478266974,0,951.48,938.41
2021-08-27,949.09,940.08,952.7,944.81,949.56,917.83,942.4128571428572,946.85,10.217295327502827,927.34,952.7,-3.6307142857142476,946.6216666666667,949.72,10.128542150377864,905.46,955.41,-0.3861067853170392,939.3997155658092,941.1637582199592,12.740000000000009,-0.01198133434228778,4,8,0,summer,-0.8149647071196691,-0.5795105919216249,-0.433883739117558,-0.9009688679024191,0.7818314824682119,0.6234898018585052,0.9749279121816936,-0.22252093395688377,-0.8212218546312394,-0.5706090303141262,0.9371932122877997,-0.34881066904794517,0,952.7,938.82
2021-08-28,951.09,949.09,948.7,952.98,950.47,939.56,941.897142857143,946.85,9.688962301303388,927.34,951.15,-1.445714285714213,946.606,949.72,10.124203025254818,905.46,955.41,-0.3499176863181484,941.822286674357,941.6751286573813,9.009999999999991,-0.003789230607746419,5,8,1,summer,-0.8248128214120083,-0.5654058804384355,-0.9749279121818236,-0.2225209339563146,0.974927912181969,-0.22252093395567774,-0.43388373911638134,-0.9009688679029858,-0.8309159190629757,-0.5563980009379351,0.9246399126282936,-0.380842529104539,0,948.7,936.97
2021-08-29,950.43,951.09,951.15,949.18,939.94,940.27,942.2385714285714,946.85,10.005579157929922,927.34,951.15,0.5110714285714303,946.6266666666667,949.72,10.13299163822101,905.46,955.41,-0.29434037819803605,944.1392150057677,942.2825397117439,2.0,0.0025192368504268854,6,8,1,summer,-0.8344168502968383,-0.5511338493875183,-0.7818314824680299,0.6234898018587334,0.43388373911899797,-0.9009688679017257,-0.7818314824700227,0.6234898018562346,-0.8403640920082811,-0.5420223176799063,0.9109921856905971,-0.41242361427380547,0,951.15,939.39
2021-08-30,926.04,950.43,946.85,943.23,952.02,941.0,942.1357142857144,946.85,9.901864903709603,927.34,951.09,2.6617857142857844,946.9763333333333,949.96,10.075121111049997,905.46,955.41,-0.31591768631815675,945.7119112543257,942.8081823109862,-0.6600000000000819,-0.0007569783945750169,0,8,0,summer,-0.8437739516707836,-0.536698722265919,0.0,1.0,-0.4338837391185445,-0.9009688679019441,0.781831482469395,0.6234898018570216,-0.8495635774859217,-0.5274862347107481,0.8962661852708833,-0.4435165443813553,1,946.85,938.26
2021-08-31,944.85,926.04,930.07,905.46,945.0,941.16,939.1628571428571,940.08,11.278770196379933,926.04,951.09,1.6107142857142764,946.1103333333334,949.72,10.722401134633136,905.46,955.41,-0.4162068965517456,940.7939334407442,941.7263640973742,-24.389999999999986,-0.021978138036647894,1,8,0,summer,-0.8528813565032917,-0.5221047708354187,0.7818314824680298,0.6234898018587336,-0.9749279121818569,-0.2225209339561684,0.4338837391172883,-0.900968867902549,-0.8585116531083407,-0.5127940536679265,0.8804793414371573,-0.4740845170456315,0,930.07,918.6
2021-09-01,948.33,944.85,927.34,949.34,951.99,940.15,941.2742857142857,944.85,10.659272734946969,926.04,951.09,0.9210714285714359,946.1053333333334,949.72,10.722971710252644,905.46,955.41,-0.4319955506118054,941.8079500805582,941.927888994318,18.81000000000006,0.015891277000655835,2,9,0,autumn,-0.8617363696560699,-0.507356313858394,0.9749279121818236,-0.22252093395631434,-0.7818314824685256,0.6234898018581118,-0.9749279121814697,-0.22252093395786512,-0.867205670887229,-0.4979501223827854,0.8636503398986825,-0.504091351237938,0,927.34,896.45
2021-09-02,952.84,948.33,940.08,951.48,951.27,933.11,944.2728571428571,948.33,8.891937760845034,926.04,951.09,-0.3135714285714176,945.9833333333333,949.49,10.674421355014799,905.46,955.41,-0.37705895439379905,943.4384625604187,942.3409284140394,3.480000000000018,0.022634632389414894,3,9,0,autumn,-0.8703363706806498,-0.4924577158197792,0.43388373911755823,-0.900968867902419,-1.7403545124556052e-12,1.0,-3.4807090249112104e-12,1.0,-0.8756430580172547,-0.4829588335937036,0.8457990998888741,-0.5335015301076186,0,940.08,938.07
2021-09-03,951.0,952.84,949.09,952.7,949.64,940.35,946.0957142857143,949.09,9.19198538064424,926.04,952.84,0.005357142857152212,946.0356666666667,949.49,10.705038672911643,905.46,955.41,-0.29636262513907513,945.788846920314,943.0182878711981,4.509999999999991,0.013573312909539604,4,9,0,autumn,-0.878678814593855,-0.4774133856354866,-0.433883739117558,-0.9009688679024191,0.7818314824686238,0.6234898018579887,0.9749279121813996,-0.22252093395817177,-0.8838213176372552,-0.46782462364645355,0.8269467505887232,-0.5622802430201082,0,949.09,
2021-09-04,949.09,951.0,951.09,948.7,949.8,935.46,946.3685714285714,950.43,9.323095745812985,926.04,952.84,0.9585714285714376,946.081,949.5699999999999,10.723691898365159,905.46,955.41,-0.23947719688545005,947.0916351902355,943.5332370407983,-1.8400000000000318,0.0020124540349176242,5,9,1,autumn,-0.8867612326309313,-0.46222777534768655,-0.9749279121818236,-0.2225209339563146,0.974927912181822,-0.22252093395632172,-0.43388373911757167,-0.9009688679024126,-0.89173802956922,-0.45255197118121676,0.8071156061176094,-0.5903934267599903,0,951.09,938.57
2021-09-05,950.82,949.09,950.43,951.15,950.12,941.94,946.0828571428572,949.09,9.18389480609431,926.04,952.84,1.924642857142943,946.0573333333334,949.26,10.715981919813753,905.46,955.41,-0.19441601779757378,947.5912263926766,943.8917378768759,-1.9099999999999682,-0.002102850413735819,6,9,1,autumn,-0.8945812329761252,-0.44690537880732156,-0.7818314824680299,0.6234898018587334,0.43388373911840283,-0.9009688679020124,-0.7818314824691989,0.6234898018572675,-0.8993908510345637,-0.4371453958070738,0.7863291391215306,-0.6178078058493536,0,950.43,938.86
2021-09-07,939.42,950.82,926.04,946.85,947.21,941.63,946.1385714285714,949.09,9.215789762807269,926.04,952.84,3.053214285714311,946.0806666666666,949.26,10.725890665802106,905.46,955.41,-0.13567074527255177,948.3984197945075,944.3387225299808,1.7300000000000182,0.0004103405826837327,1,9,0,autumn,-0.9094248022967037,-0.4158684034254122,0.7818314824680298,0.6234898018587336,-0.9749279121820039,-0.2225209339555244,0.43388373911609796,-0.9009688679031223,-0.9138958425841502,-0.40594875157759275,0.7419897527379761,-0.6704112221851878,0,944.85,928.45
2021-09-10,947.98,939.42,944.85,930.07,951.85,938.56,948.0500000000001,949.09,4.567938995493113,939.42,952.84,-0.5378571428571456,945.821,949.26,10.791700946114718,905.46,955.41,-0.17085428253618204,946.1538148458807,944.0213855925628,-11.400000000000091,0.014448619930024617,4,9,0,autumn,-0.9296667294483894,-0.3684016451601911,-0.433883739117558,-0.9009688679024191,0.7818314824690356,0.6234898018574724,0.9749279121811057,-0.22252093395945977,-0.9336201074703262,-0.3582645599652532,0.6689659939551377,-0.743293010145807,0,951.0,941.21
2021-09-11,910.81,947.98,948.33,927.34,954.09,932.95,948.4971428571429,949.09,4.350512285092019,939.42,952.84,-1.0024999999999544,945.6920000000001,949.135,10.740154561272787,905.46,955.41,-0.11534593993328728,946.6103611344105,944.276780070462,8.56000000000006,0.0033126951367941954,5,9,1,autumn,-0.9358663909266379,-0.35235507422761664,-0.9749279121818236,-0.2225209339563146,0.9749279121824844,-0.22252093395341896,-0.4338837391122065,-0.9009688679049963,-0.9396448065746646,-0.3421514832311282,0.6430017285598961,-0.765864725045478,0,949.09,942.48
2021-09-12,943.48,910.81,952.84,940.08,954.41,939.41,943.1371428571429,949.09,14.903843703647157,910.81,952.84,-5.064285714285687,944.2493333333333,949.09,12.35811277114749,905.46,955.41,-0.2824738598442932,937.6602708508078,942.1176329691419,-37.17000000000007,-0.03956428669345069,6,9,1,autumn,-0.9417891031098783,-0.3362042314776705,-0.7818314824680299,0.6234898018587334,0.4338837391178077,-0.9009688679022989,-0.7818314824683752,0.6234898018583004,-0.945391438244118,-0.3259371542103142,0.6162763899921676,-0.7875299430105637,0,950.82,941.7
2021-09-14,946.35,943.48,951.0,949.09,955.41,939.93,941.8000000000001,947.98,14.295709146449756,910.81,951.0,-3.6414285714285515,943.885,948.895,12.208442740086157,905.46,955.41,-0.21736373748611873,939.1152031381058,942.2055276162941,32.67000000000007,-0.009823265186180275,1,9,0,autumn,-0.9527967512759288,-0.3036088779302013,0.7818314824680298,0.6234898018587336,-0.9749279121813413,-0.22252093395842718,0.4338837391214631,-0.9009688679005385,-0.956043779707141,-0.2932239609637717,0.5606698878810069,-0.828039417433433,0,939.42,922.29
2021-09-15,949.48,946.35,949.09,951.09,952.5,939.91,941.1357142857142,946.35,13.89950461603998,910.81,950.82,-1.8396428571428796,943.5830000000001,948.5150000000001,12.02418630124003,905.46,952.98,-0.12197775305897915,940.9239023535794,942.472912931372,2.8700000000000045,-0.004889589905362752,2,9,0,autumn,-0.9578784297847783,-0.287174013018322,0.9749279121818236,-0.22252093395631434,-0.781831482467702,0.6234898018591446,-0.9749279121820577,-0.22252093395528913,-0.9609463371720555,-0.27673477749572856,0.5318545416052882,-0.8468357258487792,0,,942.66
2021-09-16,949.97,949.48,950.82,950.43,944.81,941.73,941.1914285714286,946.35,13.937432126672483,910.81,950.82,0.19071428571428464,943.4823333333334,948.5150000000001,11.959426143347885,905.46,952.98,-0.022436040044506885,943.0629267651846,942.9249830648318,3.1299999999999955,0.0004109199338313399,3,9,0,autumn,-0.9626766450146765,-0.2706541652058703,0.43388373911755823,-0.900968867902419,-4.192348826614777e-13,1.0,-8.384697653229554e-13,1.0,-0.9655645234775809,-0.260163700391719,0.5024096787897886,-0.8646296979969758,0,,932.47
2021-09-17,949.88,949.97,939.42,926.04,952.98,938.04,941.07,946.35,13.842945255010635,910.81,949.97,2.5067857142857415,943.6543333333334,948.895,12.016149960993713,905.46,952.98,0.028576195773061742,944.7896950738884,943.3795002864556,0.4900000000000091,-0.000893965208977538,4,9,0,autumn,-0.9671899770382298,-0.25405422318235227,-0.433883739117558,-0.9009688679024191,0.7818314824671792,0.6234898018598002,0.9749279121824308,-0.22252093395365424,-0.9698969719719669,-0.24351563350144415,0.4723701511217719,-0.8814002724807807,0,947.98,940.85
2021-09-21,949.05,949.88,947.98,944.85,949.18,941.93,942.5642857142858,947.98,14.195223207285194,910.81,949.97,3.214999999999998,943.5509999999999,948.895,11.94631449443852,905.46,952.84,0.13305672969963273,946.0622713054163,943.7988873647488,-0.09000000000003183,0.011134529816269653,1,9,0,autumn,-0.9823690333202907,-0.1869520857689416,0.7818314824680298,0.6234898018587336,-0.9749279121814883,-0.22252093395778316,0.43388373912027284,-0.9009688679011117,-0.9843450221206699,-0.17625231183237858,0.3469861715789238,-0.937870245147484,0,946.35,
2021-09-22,945.54,949.05,910.81,948.33,943.23,942.75,942.7171428571428,949.05,14.268830499007612,910.81,949.97,4.6835714285715095,943.5466666666667,948.875,11.94422565245707,905.46,952.84,0.20735483870966118,946.8092034790623,944.1376688250876,-0.8300000000000409,0.0011287157956918251,2,9,0,autumn,-0.9854396143822979,-0.17002578159228698,0.9749279121818236,-0.22252093395631434,-0.7818314824695584,0.6234898018568168,-0.9749279121807325,-0.22252093396109465,-0.98723125405988,-0.1592936000200782,0.3145192410230695,-0.9492510979852867,0,949.48,
2021-09-23,936.46,945.54,943.48,952.84,905.46,933.16,947.6785714285714,949.05,2.5556957863291836,943.48,949.97,0.4278571428571293,943.6236666666666,948.875,11.949558492302188,905.46,952.84,0.21803114571743373,946.4919026092966,944.2281418041143,-3.509999999999991,0.0381308944785411,3,9,0,autumn,-0.9882185760324722,-0.1530491619851375,0.43388373911755823,-0.900968867902419,2.41324932235586e-13,1.0,4.82649864471172e-13,1.0,-0.9898253363904782,-0.1422877487328991,0.28168003750757137,-0.9595083931210467,0,949.97,
2021-09-24,944.93,936.46,946.35,951.0,949.34,940.43,946.6757142857142,949.05,4.836971701175859,936.46,949.97,-1.3739285714285312,944.657,948.875,9.655775170226448,910.81,952.84,-0.09138375973306966,943.9839269569725,943.7269713651392,-9.079999999999927,-0.007440539280111906,4,9,0,autumn,-0.9907050958975805,-0.13602725080867392,-0.433883739117558,-0.9009688679024191,0.781831482467591,0.6234898018592837,0.9749279121821368,-0.22252093395494224,-0.9921265014502431,-0.12523979048250175,0.2485074303475318,-0.9686299897597981,0,949.88,
2021-09-25,949.68,944.93,949.48,949.09,951.48,942.33,946.4728571428572,949.05,4.8824710761462695,936.46,949.97,-1.6074999999999657,944.51,948.5150000000001,9.615507589666146,910.81,952.84,-0.05732591768633372,944.2204452177293,943.8045861157755,8.469999999999914,-0.0015005019284620624,5,9,1,autumn,-0.9928984381461724,-0.11896508532713071,-0.9749279121818236,-0.2225209339563146,0.9749279121821905,-0.22252093395470696,-0.4338837391145871,-0.9009688679038499,-0.9941340682594395,-0.10815477024124275,0.21504068348318323,-0.976605091348128,0,,
2021-10-11,951.53,949.68,949.97,950.82,952.7,936.85,946.5014285714286,949.05,4.903540994586999,936.46,949.97,-0.8342857142857385,944.45,948.5150000000001,9.5760505861037,910.81,952.84,0.024097886540573203,945.585333913297,944.183645076048,4.75,0.00021064161435726059,0,10,0,autumn,-0.9878571332200545,0.1553650036084558,0.0,1.0,-0.43388373911555994,-0.9009688679033814,0.7818314824652642,0.6234898018622014,-0.9861082017511531,0.16610422763767083,-0.32759348243809555,-0.9448187711217857,0,,
2021-10-12,951.73,951.53,949.88,939.42,948.7,931.43,946.7242857142857,949.05,5.118205600726617,936.46,951.53,0.19999999999998533,944.4110000000001,948.5150000000001,9.543620129303376,910.81,952.84,0.1266718576195581,947.0715004349727,944.6576034582386,1.8500000000000227,0.0016421571207511242,1,10,0,autumn,-0.9850383881081815,0.17233506304068183,0.7818314824680298,0.6234898018587336,-0.9749279121819293,-0.22252093395585118,0.43388373911670197,-0.9009688679028315,-0.9831049800533517,0.18304261305580996,-0.35990020891429086,-0.9329908036114021,0,,
2021-10-13,950.63,951.73,949.05,947.98,951.15,940.11,946.9885714285714,949.05,5.350792553656089,936.46,951.73,1.187142857142819,944.5120000000001,948.69,9.60640246272728,910.81,952.84,0.20347052280308991,948.2361253262295,945.1138871060941,0.20000000000004547,0.0019476144355076671,2,10,0,autumn,-0.9819281423186611,0.18925412366081565,0.9749279121818236,-0.22252093395631434,-0.7818314824683228,0.6234898018583661,-0.9749279121816145,-0.2225209339572307,-0.9798108298279475,0.1999268309954139,-0.3917809483649766,-0.9200585244962625,0,,
2021-10-14,948.31,950.63,945.54,910.81,946.85,942.87,947.2142857142857,949.68,5.483912402471028,936.46,951.73,1.8717857142857905,944.4946666666667,948.69,9.594473888412692,910.81,952.84,0.28872080088984525,948.8345939946721,945.4697653573139,-1.1000000000000227,0.0016648227174543397,3,10,0,autumn,-0.9785273162610595,0.20611717864100626,0.43388373911755823,-0.900968867902419,-1.4149744301649358e-12,1.0,-2.8299488603298717e-12,1.0,-0.976226725907023,0.21675188493956474,-0.42319796593745407,-0.9060372407502914,0,,
2021-10-15,952.21,948.31,936.46,943.48,930.07,942.03,947.61,949.68,5.4427474679503485,936.46,951.73,1.750000000000069,944.5433333333333,948.69,9.6105223702937,910.81,952.84,0.3295795328142112,948.7034454960041,945.6530063020033,-2.32000000000005,0.0029295429066987983,4,10,0,autumn,-0.9748369163358501,0.22291923772705394,-0.433883739117558,-0.9009688679024191,0.7818314824665583,0.6234898018605787,0.9749279121828739,-0.22252093395171268,-0.9723537289281605,0.23351279587958645,-0.45411407565191253,-0.8909435483209972,1,,
2021-10-16,944.54,952.21,944.93,946.35,927.34,936.27,949.86,950.63,2.554114327879302,944.93,952.21,0.6500000000000477,945.2813333333332,949.0699999999999,9.30602909254501,910.81,952.84,0.27922580645159867,949.5800841220031,946.0760381534869,3.900000000000091,0.016818657497383763,5,10,1,autumn,-0.9708580346365923,0.23965532871516415,-0.9749279121818236,-0.2225209339563146,0.9749279121817496,-0.22252093395663894,-0.433883739118158,-0.9009688679021303,-0.9681929850205185,0.2502046037886954,-0.4844926844161063,-0.8747953124858838,0,,
2021-10-17,948.23,944.54,949.68,949.48,940.08,942.29,949.8042857142857,950.63,2.680695538718805,944.54,952.21,-0.6242857142856819,945.8546666666666,949.0699999999999,8.670719547493935,910.81,952.84,0.15070967741933067,948.3200630915023,945.9769389177782,-7.670000000000073,-0.0004127289852158217,6,10,1,autumn,-0.9665918486267487,0.2563204989233681,-0.7818314824680299,0.6234898018587334,0.4338837391181097,-0.9009688679021535,-0.7818314824687932,0.6234898018577764,-0.9637457254657357,0.2668223690894802,-0.5142978353372548,-0.8576116467069544,0,,
2021-10-18,948.35,948.23,951.53,949.97,949.09,940.71,949.5971428571429,950.63,2.7470997693450525,944.54,952.21,-0.8107142857142545,946.1263333333333,949.0699999999999,8.611022000034966,910.81,952.84,0.1262091212457991,948.2975473186267,946.1222976972764,3.6900000000000546,-0.001526830090135553,0,10,0,autumn,-0.962039620791242,0.2729098166571578,0.0,1.0,-0.43388373911615513,-0.9009688679030948,0.781831482466088,0.6234898018611685,-0.9590132663335261,0.2833611741158291,-0.5434942502818486,-0.8394128900073975,0,951.53,
2021-10-19,938.46,948.35,951.73,949.88,951.09,936.24,949.1428571428571,948.35,2.6348353160560256,944.54,952.21,-0.6682142857142344,946.1016666666667,948.7,8.603296113875034,910.81,952.84,0.16099443826471904,948.31066048897,946.2660204264844,0.12000000000000455,-0.0033419860645486216,1,10,0,autumn,-0.9572026982628482,0.28941837266891457,0.7818314824680298,0.6234898018587336,-0.9749279121812668,-0.22252093395875394,0.43388373912206707,-0.9009688679002478,-0.9539970080921658,0.2998161245683695,-0.5720473716320251,-0.8202205828976079,1,951.73,
2021-10-20,916.54,938.46,950.63,949.05,950.43,942.25,947.2471428571429,948.31,4.544743169428962,938.46,952.21,-1.4432142857142474,945.6806666666668,948.34,8.659614522494072,910.81,952.84,0.14609566184646433,945.8479953667276,945.7624062054209,-9.889999999999986,-0.013943030061046706,2,10,0,autumn,-0.9520825124235439,0.30584128161069496,0.9749279121818236,-0.22252093395631434,-0.7818314824679109,0.6234898018588826,-0.9749279121819084,-0.2225209339559427,-0.9486984351941484,0.316182350962501,-0.5999234031882635,-0.8000574418796517,0,950.63,
2021-10-21,947.36,916.54,948.31,945.54,926.04,939.76,942.3771428571429,948.23,12.175075241769285,916.54,952.21,-4.2500000000000115,944.551,948.3199999999999,10.108065523171115,910.81,952.84,-0.009154616240290224,938.5209965250457,943.877089676039,-21.920000000000073,-0.03586042939945092,3,10,0,autumn,-0.9466805784809191,0.32217368347993974,0.43388373911755823,-0.900968867902419,-7.544146152678722e-13,1.0,-1.5088292305357444e-12,1.0,-0.9431191156368322,0.3324550100696329,-0.6270893501718126,-0.7789473325592006,0,948.31,
2021-10-22,929.32,947.36,952.21,936.46,944.85,942.66,942.2414285714285,947.36,12.103001595428058,916.54,952.21,-2.868571428571428,945.2616666666668,948.3199999999999,9.492462738963198,910.81,952.84,-0.11869410456064533,940.7307473937843,944.1017935679075,30.82000000000005,-0.001001782117661874,4,10,0,autumn,-0.9409984950197837,0.33841074505769186,-0.433883739117558,-0.9009688679024191,0.7818314824669702,0.6234898018600622,0.9749279121825799,-0.22252093395300068,-0.9372607004984601,0.34862928635032353,-0.6535130582779649,-0.7569152413977283,0,952.21,
2021-10-23,944.97,929.32,944.54,944.93,948.33,942.24,938.9714285714284,944.54,12.052914486502333,916.54,948.35,-2.8289285714285337,944.744,948.3199999999999,9.929104762230123,910.81,952.84,-0.22438264738600888,937.8780605453383,943.1481294667523,-18.039999999999964,-0.024038814967286614,5,10,1,autumn,-0.935037943529103,0.3545476613388757,-0.9749279121818236,-0.2225209339563146,0.9749279121816026,-0.22252093395728295,-0.43388373911934824,-0.9009688679015571,-0.9311249234494815,0.36470039337954835,-0.6791632517350554,-0.7339872461376054,0,944.54,
2021-10-24,950.36,944.97,948.23,949.68,952.84,923.8,939.0328571428571,944.97,12.087072590557817,916.54,948.35,-1.3907142857142138,944.632,948.27,9.906183857607346,910.81,952.84,-0.19819354838712355,939.6510454090037,943.2656695011555,15.649999999999977,0.000455248057255451,6,10,1,autumn,-0.9288006879043954,0.3705796569542396,-0.7818314824680299,0.6234898018587334,0.43388373911751454,-0.9009688679024401,-0.7818314824679694,0.6234898018588092,-0.9247136002396251,0.38066357526281747,-0.7040095703227349,-0.7101904849362586,0,948.23,
2021-10-25,949.75,950.36,948.35,951.53,951.0,894.7,939.3371428571429,944.97,12.380445218545807,916.54,950.36,1.136785714285771,944.5493333333333,948.27,9.845488353533867,910.81,952.21,-0.10463181312571117,942.3282840567528,943.7233682430165,5.389999999999986,0.0022462904569566407,0,10,0,autumn,-0.9222885739257473,0.38650198758351995,0.0,1.0,-0.43388373911675027,-0.9009688679028082,0.7818314824669117,0.6234898018601356,-0.9180286281605147,0.396514108043741,-0.7280226053073713,-0.6855531242445531,0,948.35,
2021-10-26,943.52,949.75,938.46,951.73,949.09,936.18,939.5371428571428,944.97,12.560311453519507,916.54,950.36,3.539999999999977,944.5076666666666,948.27,9.819859077343288,910.81,952.21,-0.026591768631839485,944.1837130425646,944.11218319508,-0.6100000000000136,0.0014762482205936387,1,10,0,autumn,-0.915503528711595,0.40230994135941717,0.7818314824680298,0.6234898018587336,-0.9749279121814138,-0.22252093395810996,0.4338837391208768,-0.900968867900821,-0.9110719854841353,0.41224730110213664,-0.7511739342511995,-0.6601043254680086,0,938.46,
2021-10-27,930.2,943.52,916.54,950.63,950.82,936.3,940.26,944.97,12.633380386891254,916.54,950.36,3.8128571428572076,944.322,948.105,9.782818999973266,910.81,952.21,-0.0013615127920161706,944.0177847819234,944.0739778276555,-6.230000000000018,0.005391812117724725,2,10,0,autumn,-0.9084475601484346,0.41799884026197515,0.9749279121818236,-0.22252093395631434,-0.7818314824674991,0.6234898018593991,-0.9749279121822024,-0.2225209339546547,-0.9038457308775399,0.4278584985418026,-0.7734361546533648,-0.6338742104511086,0,916.54,
2021-10-28,946.79,930.2,947.36,948.31,939.42,932.5,942.2114285714285,944.97,8.846114831887117,929.32,950.36,-0.6535714285714146,943.6346666666667,947.6700000000001,10.031737475713816,910.81,952.21,-0.04765739710792458,940.5633385864426,943.1788824839359,-13.319999999999936,0.014903877626726693,3,10,0,autumn,-0.9011227562966325,0.43356404150293626,0.43388373911755823,-0.900968867902419,-9.385480037080845e-14,1.0,-1.877096007416169e-13,1.0,-0.8963520027935697,0.44334308056848754,-0.7947829163844694,-0.6068938258240871,0,947.36,
2021-10-29,938.15,946.79,929.32,952.21,947.98,932.31,942.13,944.97,8.793289107792315,929.32,950.36,0.5725000000000159,943.8803333333333,947.6700000000001,10.015193796509415,910.81,952.21,-0.056367074527266796,942.1200039398319,943.411857807553,16.589999999999918,-0.0006016720148624071,4,10,0,autumn,-0.8935312847725092,0.4490009388996743,-0.433883739117558,-0.9009688679024191,0.7818314824673821,0.6234898018595458,0.9749279121822859,-0.22252093395428868,-0.8885930188379465,0.4586964648571698,-0.8151889528754531,-0.5791951062550704,0,929.32,
2021-10-30,943.23,938.15,944.97,944.54,910.81,937.17,943.3914285714287,944.97,7.124341907778683,930.2,950.36,-1.6839285714286303,943.5526666666666,947.075,10.037219677311372,910.81,952.21,-0.06506340378199453,941.127502954874,943.0723831102915,-8.639999999999986,0.00950157104119133,5,10,1,autumn,-0.8856753921068801,0.46430496423829476,-0.9749279121818236,-0.2225209339563146,0.974927912182265,-0.2225209339543802,-0.43388373911398315,-0.9009688679041408,-0.8805710751131698,0.4739141079077899,-0.8346301110233226,-0.5508108366519273,0,944.97,
2021-10-31,949.51,943.23,950.36,948.23,943.48,934.06,943.1428571428571,943.52,7.0903589807621765,930.2,950.36,-1.4757142857142764,944.6333333333333,947.075,7.91030377085209,916.54,952.21,-0.29295661846498666,941.6531272161554,943.0825519418856,5.080000000000041,-0.0018413282961363949,6,10,1,autumn,-0.8775574030802451,0.4794715886254953,-0.7818314824680299,0.6234898018587334,0.43388373911691935,-0.9009688679027267,-0.7818314824671457,0.623489801859842,-0.8722885455389363,0.4889915063900057,-0.8530833797796631,-0.521774613356866,0,950.36,862.35
2021-11-01,942.89,949.51,949.75,948.35,946.35,935.89,943.0214285714285,943.52,6.952089442673489,930.2,949.75,0.23749999999999863,944.8343333333335,947.7950000000001,7.956463294765433,916.54,952.21,-0.2694482758620918,943.6173454121165,943.4972260101512,6.279999999999973,-0.0008943979123700732,0,11,0,autumn,-0.8691797200348181,0.49449632382879777,0.0,1.0,-0.4338837391173454,-0.9009688679025216,0.7818314824677354,0.6234898018591027,-0.863747881149684,0.5039241984757542,-0.870526917386971,-0.4921208043811374,0,949.75,925.88
2021-11-02,944.24,942.89,943.52,938.46,949.48,938.88,942.0414285714286,943.23,6.298281322625524,930.2,949.51,1.1846428571428482,944.7189999999999,947.7950000000001,7.958812227273348,916.54,952.21,-0.27153948832037944,943.4355090590874,943.4580501385286,-6.6200000000000045,-0.0072229534087918015,1,11,0,autumn,-0.8605448221636071,0.5093747236047407,0.7818314824680298,0.6234898018587336,-0.9749279121815608,-0.22252093395746594,0.4338837391196865,-0.9009688679013942,-0.8549516093691473,0.5187077651598296,-0.8869400772313402,-0.46188450872579007,0,943.52,934.33
2021-11-03,954.86,944.24,930.2,916.54,949.97,939.81,942.1442857142857,943.23,6.332239880535772,930.2,949.51,1.6314285714286334,944.5443333333333,947.075,7.908060350413217,916.54,952.21,-0.24179532814241536,943.6366317943155,943.5084985166881,1.3500000000000227,0.000763099881295603,2,11,0,autumn,-0.8516552647767522,0.5241023850146458,0.9749279121818236,-0.22252093395631434,-0.7818314824670872,0.6234898018599154,-0.9749279121824964,-0.2225209339533667,-0.8459023332625905,0.5333378315672959,-0.9023034322799722,-0.43110151483818937,0,930.2,934.83
2021-11-04,934.28,954.86,946.79,947.36,949.88,939.02,945.6671428571428,944.24,5.365527977382262,938.15,954.86,1.287500000000019,944.7073333333333,947.075,8.072437538694382,916.54,954.86,-0.13782424916576366,946.4424738457366,944.2408534510954,10.620000000000005,0.02651042786497524,3,11,0,autumn,-0.8425136785453353,0.5386749497275768,0.43388373911755823,-0.900968867902419,-3.0712737925654576e-12,1.0,-6.142547585130915e-12,1.0,-0.8366027307664066,0.5478100682482857,-0.9165987980756948,-0.3998082582516171,1,946.79,931.4
2021-11-05,948.93,934.28,938.15,929.32,949.05,939.38,943.88,943.23,6.816431128766518,934.28,954.86,0.22785714285715322,944.1873333333334,946.165,8.228679842724109,916.54,954.86,-0.1694238042269394,943.4018553843025,943.5982177445732,-20.58000000000004,-0.01321306731165305,4,11,0,autumn,-0.8331227687228905,0.55308810531009,-0.433883739117558,-0.9009688679024191,0.7818314824677939,0.6234898018590294,0.974927912181992,-0.22252093395557668,-0.8270555538955441,0.5621201924593484,-0.9298092542606724,-0.3680417784589303,0,938.15,931.4
2021-11-06,781.8,948.93,943.23,944.97,945.54,938.69,945.42,944.24,6.5172949398669155,934.28,954.86,-0.04964285714286597,944.1833333333333,946.165,8.226263379896936,916.54,954.86,-0.10529032258065528,944.7838915382268,943.9422036965362,14.649999999999977,0.01149069978148481,5,11,1,autumn,-0.8234853143448451,0.5673375865024032,-0.9749279121818236,-0.2225209339563146,0.974927912182118,-0.22252093395502417,-0.4338837391151734,-0.9009688679035676,-0.8172636279292925,0.5762639694305475,-0.9419191646034882,-0.3358396750722981,0,943.23,936.59
2021-11-07,884.41,781.8,949.51,950.36,936.46,936.35,922.3585714285715,944.24,62.3147289781394,781.8,954.86,-17.893214285714258,938.7253333333334,945.88,30.757832950585648,781.8,954.86,-1.1435684093437433,904.0379186536702,933.4814163612759,-167.13,-0.17114595591743273,6,11,1,autumn,-0.8136041674061217,0.5814191764806106,-0.7818314824680299,0.6234898018587334,0.4338837391163242,-0.9009688679030133,-0.7818314824663221,0.623489801860875,-0.8072298505750805,0.5902372136188409,-0.9529141955067776,-0.3032400633189336,0,949.51,931.25
2021-11-16,927.33,884.41,942.89,949.75,944.93,936.53,913.0585714285714,942.89,62.44493132047612,781.8,954.86,-18.08035714285711,936.9903333333333,945.88,32.318459173255405,781.8,954.86,-1.5096129032258438,899.1309389902526,930.3155185315162,102.61000000000001,-0.06856167918189385,1,11,0,autumn,-0.7142132514567308,0.6999281616306096,0.7818314824680298,0.6234898018587336,-0.9749279121818547,-0.22252093395617795,0.43388373911730593,-0.9009688679025406,-0.7065553760883942,0.7076577566314014,-0.9999987847571384,0.001559001041175368,0,,886.0
2021-11-17,944.12,927.33,944.24,943.52,949.68,938.43,910.8357142857142,934.28,61.475453870397445,781.8,954.86,-12.28964285714282,936.4036666666667,945.88,32.32910490599813,781.8,954.86,-1.5171813125695335,906.1807042426894,930.1229044327088,42.92000000000007,-0.016502455217469635,2,11,0,autumn,-0.7020674592555421,0.7121104427365658,0.9749279121818236,-0.22252093395631434,-0.7818314824685317,0.6234898018581041,-0.9749279121814654,-0.22252093395788422,-0.6942777530366326,0.7197071638092847,-0.9993533450677557,0.035956803276808946,0,,871.38
2021-11-18,945.77,944.12,954.86,930.2,951.53,935.43,910.8185714285713,934.28,61.46460212419544,781.8,954.86,-3.951428571428558,936.2183333333335,944.755,32.266246918876845,781.8,954.86,-1.375837597330393,915.665528182017,931.025942856405,16.789999999999964,-0.00012708633398289052,3,11,0,autumn,-0.6897139054659751,0.7240819902517062,0.43388373911755823,-0.900968867902419,-1.7501541627713303e-12,1.0,-3.5003083255426607e-12,1.0,-0.6817946735905942,0.7315435893120076,-0.9975250453845437,0.07031204612699027,0,,910.44
2021-11-19,891.53,945.77,934.28,946.79,951.73,923.36,909.5200000000001,934.28,60.466981072316955,781.8,948.93,6.085000000000063,936.0263333333332,944.755,32.18903823732115,781.8,954.86,-1.2086162402669818,923.1916461365128,931.9771723495402,1.6499999999999773,-0.009519720168401684,4,11,0,autumn,-0.6771562458534738,0.7358392614570317,-0.433883739117558,-0.9009688679024191,0.7818314824686177,0.6234898018579964,0.9749279121814041,-0.22252093395815267,-0.6691098318459408,0.7431635304070678,-0.9945160497294178,0.1045840658541937,1,,934.39
2021-11-20,943.46,891.53,948.93,938.15,950.63,936.71,903.4128571428572,927.33,59.703485301469655,781.8,948.93,7.694642857142914,934.0196666666667,944.39,33.04146219559656,781.8,954.86,-1.3873882091212761,915.2762346023846,929.3676773592473,-54.24000000000001,-0.0457571605942544,5,11,1,autumn,-0.6643981965841613,0.7473787770439525,-0.9749279121818236,-0.2225209339563146,0.9749279121818241,-0.22252093395631217,-0.433883739117554,-0.9009688679024211,-0.65622698160562,0.7545635484256957,-0.9903299196260408,0.1387322972255545,0,,
2021-11-21,947.85,943.46,781.8,943.23,948.31,939.06,902.6314285714286,927.33,59.04055934371723,781.8,945.77,18.4878571428572,933.7806666666667,944.1800000000001,32.94295570489632,781.8,954.86,-1.2119288097886691,922.3221759517885,930.2768594651023,51.930000000000064,-0.0057643872572264694,6,11,1,autumn,-0.6514435331251178,0.7586971221439182,-0.7818314824680299,0.6234898018587334,0.43388373911841166,-0.9009688679020081,-0.7818314824692111,0.6234898018572522,-0.6431499352688879,0.7657402697805734,-0.9849716098843131,0.17271632152725064,0,,936.94
2021-11-22,944.8,947.85,884.41,949.51,952.21,938.78,926.3528571428571,943.46,27.142426024143646,884.41,947.85,6.071071428571444,933.7653333333333,944.1800000000001,32.93606614842431,781.8,954.86,-1.0209566184649823,928.7041319638414,931.4106104673539,4.389999999999986,0.21239447429009986,0,11,0,autumn,-0.6382960891271152,0.7697909473389706,0.0,1.0,-0.43388373911585315,-0.9009688679032402,0.78183148246567,0.6234898018616926,-0.6298825627029797,0.7766903869642825,-0.9784474627356624,0.20649591440545365,0,,938.67
2021-11-23,940.96,944.8,927.33,942.89,944.54,937.55,934.9799999999999,944.12,20.33211089221291,891.53,947.85,2.0557142857143265,933.5183333333334,944.1800000000001,32.8205554895667,781.8,954.86,-0.8225606229143702,932.7280989728811,932.2744420501053,-3.050000000000068,0.06828281000893249,1,11,0,autumn,-0.6249597552901307,0.7806569696529327,0.7818314824680298,0.6234898018587336,-0.9749279121820017,-0.22252093395553396,0.4338837391161156,-0.9009688679031138,-0.6164287900981664,0.7874106595278672,-0.9707652003263247,0.24003109347622148,0,927.33,926.8
2021-11-24,883.0,940.96,944.12,944.24,948.23,925.82,936.9271428571428,944.12,20.129028552717042,891.53,947.85,1.6035714285714728,933.399,943.8199999999999,32.78558928070087,781.8,954.86,-0.6985383759733307,934.7860742296608,932.834800627518,-3.839999999999918,0.014698111783291811,2,11,0,autumn,-0.6114384782119812,0.791291973522932,0.9749279121818236,-0.22252093395631434,-0.78183148246812,0.6234898018586206,-0.9749279121817592,-0.22252093395659622,-0.6027925988057115,0.7978979150399232,-0.9619339155771482,0.27328216565011315,0,944.12,932.04
2021-11-25,939.99,883.0,945.77,954.86,948.35,907.58,928.1957142857143,943.46,28.147828132403856,883.0,947.85,-3.1467857142856634,931.2246666666667,943.49,33.91176174084545,781.8,954.86,-0.9214104560623153,921.8395556722456,929.6196521999362,-57.960000000000036,-0.06473753336440284,3,11,0,autumn,-0.5977362592204096,0.8016928117509794,0.43388373911755823,-0.900968867902419,-1.0895943478742667e-12,1.0,-2.1791886957485334e-12,1.0,-0.588978024159766,0.8081490500253391,-0.9519640614210323,0.3062097741137162,0,945.77,937.09
2021-11-26,922.45,939.99,891.53,934.28,938.46,937.88,927.37,940.96,27.6263111302719,883.0,947.85,0.6275000000000566,930.9459999999999,943.345,33.80034906981632,781.8,954.86,-0.746754171301476,926.3771667541841,930.2887068967145,56.99000000000001,-0.0061114224388593135,4,11,0,autumn,-0.5838571531889813,0.8118564064353119,-0.433883739117558,-0.9009688679024191,0.7818314824667613,0.6234898018603243,0.9749279121827291,-0.22252093395234712,-0.5749891542830157,0.8181610308838367,-0.9408674384304351,0.3387749449138047,0,891.53,939.34
2021-11-27,927.21,922.45,943.46,948.93,916.54,934.04,931.7871428571428,940.96,23.030418808091692,883.0,947.85,-5.01964285714282,930.4123333333333,943.345,33.804010237854534,781.8,954.86,-0.7497463848720971,925.3953750656381,929.7829838711201,-17.539999999999964,0.03468195125234156,5,11,1,autumn,-0.5698052673371349,0.8217797498812296,-0.9749279121818236,-0.2225209339563146,0.9749279121816772,-0.22252093395695616,-0.4338837391187443,-0.9009688679018479,-0.5608301288771641,0.8279308947874958,-0.9286571808501142,0.370939133087247,0,943.46,927.65
2021-11-30,948.18,927.21,947.85,781.8,947.36,895.09,929.4657142857143,939.99,22.46987825003385,883.0,947.85,-3.8424999999999305,930.7679999999999,943.345,33.70901878705847,781.8,954.86,-0.8660778642936715,925.8490312992285,929.6169849116931,4.759999999999991,-0.017223835668708793,1,11,0,autumn,-0.5266547626116581,0.8500792674912487,0.7818314824680298,0.6234898018587336,-0.9749279121821487,-0.22252093395488995,0.43388373911492534,-0.900968867903687,-0.5173742643547597,0.855759236341257,-0.8854956107336975,0.46464774116674246,0,940.96,939.0
2021-12-01,948.29,948.18,944.8,884.41,929.32,935.31,929.5128571428571,939.99,22.515178372439614,883.0,948.18,0.7889285714285182,930.7953333333332,943.345,33.723265961743536,781.8,954.86,-0.6393147942158155,931.4317734744213,930.814598788358,20.969999999999914,0.0003481563538533811,2,12,0,winter,-0.5119538337342339,0.8590129638863552,0.9749279121818236,-0.22252093395631434,-0.7818314824699764,0.6234898018562927,-0.9749279121804342,-0.22252093396240177,-0.5025770022394438,0.8645324498363344,-0.8689882539549346,0.4948327136400282,0,883.0,938.66
2021-12-02,949.2,948.29,940.96,927.33,944.97,917.02,930.0114285714286,939.99,22.94465764149967,883.0,948.29,4.984642857142875,931.4276666666666,943.49,33.872169807547266,781.8,954.86,-0.5366206896552012,935.646330105816,931.9420440278188,0.11000000000001364,0.003693903471634218,3,12,0,winter,-0.49710140325924973,0.8676924540859421,0.43388373911755823,-0.900968867902419,-4.290345329772029e-13,1.0,-8.580690659544058e-13,1.0,-0.4876310133958676,0.873049823764096,-0.8514523406143396,0.5244319895490384,0,939.99,938.08
2021-12-03,929.92,949.2,883.0,944.12,950.36,930.51,931.1885714285715,939.99,23.795567814594413,883.0,949.2,8.604642857142885,931.5686666666667,943.49,33.939224254372085,781.8,954.86,-0.3285650723025849,939.0347475793619,933.0554605421531,0.9100000000000819,0.008757014113246055,4,12,0,winter,-0.4821018664403299,0.8761151695837427,-0.433883739117558,-0.9009688679024191,0.781831482467173,0.6234898018598078,0.9749279121824351,-0.22252093395363512,-0.47254072076412296,0.8813088375931125,-0.8329086266640815,0.5534105344394464,0,922.45,934.88
2021-12-04,948.97,929.92,939.99,945.77,949.75,939.91,937.8914285714287,939.99,11.271993950448813,922.45,949.2,1.5846428571428908,930.8873333333333,943.345,33.75363826451909,781.8,954.86,-0.2096062291435197,936.7560606845215,932.8531727652401,-19.280000000000086,0.05313703284258206,5,12,1,winter,-0.4669596620640253,0.8842786178603729,-0.9749279121818236,-0.2225209339563146,0.9749279121815302,-0.22252093395760017,-0.43388373911993455,-0.9009688679012747,-0.4573105899880157,0.8893070472479193,-0.8133790609148923,0.581734048569626,0,927.21,939.35
2021-12-05,949.97,948.97,922.45,891.53,943.52,939.12,939.1742857142856,948.18,12.035764561145864,922.45,949.2,3.0714285714286182,930.8613333333334,943.345,33.7389047645696,781.8,954.86,0.037143492769708165,939.8095455133912,933.8929680707085,19.050000000000068,0.009553293120139595,6,12,1,winter,-0.45167927113624246,0.892180383120943,-0.7818314824680299,0.6234898018587334,0.43388373911722133,-0.9009688679025813,-0.7818314824675637,0.623489801859318,-0.4419451280934098,0.8970420858323759,-0.7928867590567378,0.6093690075089992,0,,939.31
2021-12-16,930.28,949.97,927.21,943.46,930.2,939.28,943.1057142857143,948.29,9.981738087026663,927.21,949.97,1.8389285714285954,931.0763333333333,943.345,33.84274470031395,781.8,954.86,0.2477263626251125,942.3496591350433,934.9301959371145,1.0,0.029833595316819318,3,12,0,winter,-0.27579444765677436,0.9612166366858694,0.43388373911755823,-0.900968867902419,8.920850968169245e-13,1.0,1.784170193633849e-12,1.0,-0.26531956424607145,0.9641605306318418,-0.5116213037010026,0.8592110576565495,0,,927.1
2021-12-17,946.21,930.28,948.18,947.85,946.79,924.82,943.5442857142856,948.29,9.204069493327326,929.92,949.97,-1.80607142857138,931.079,943.345,33.842676419595314,781.8,954.86,0.23654505005559878,939.3322443512825,934.6301832960104,-19.690000000000055,0.0033110082936982305,4,12,0,winter,-0.2592188600149208,0.9658186075100049,-0.433883739117558,-0.9009688679024191,0.7818314824679968,0.6234898018587749,0.9749279121818472,-0.22252093395621111,-0.24869488585763108,0.9685818776687183,-0.4817627190211837,0.8763017074965197,0,,931.35
2021-12-18,945.33,946.21,948.29,944.8,938.15,938.72,943.262857142857,948.29,9.067810677120155,929.92,949.97,-0.8582142857143029,931.0596666666665,943.345,33.83355613255524,781.8,954.86,0.44251612903223514,941.0516832634619,935.3772682446549,15.930000000000064,-0.0020776645784554766,5,12,1,winter,-0.24256656219175124,0.9701347653323611,-0.9749279121818236,-0.2225209339563146,0.9749279121820457,-0.2225209339553414,-0.4338837391157597,-0.9009688679032852,-0.23199661162903842,0.9727165939741365,-0.4513339077546776,0.8923551443852903,0,,914.73
2021-12-19,944.87,945.33,949.2,940.96,943.23,936.11,942.8399999999999,946.21,8.860966839642142,929.92,949.97,0.08142857142856949,931.2990000000001,943.79,33.910748611308534,781.8,954.86,0.5834816462736202,942.1212624475963,936.0193799708063,-0.8799999999999955,-0.003121408008098707,6,12,1,winter,-0.22584248207247404,0.9741638328799443,-0.7818314824680299,0.6234898018587334,0.4338837391193088,-0.900968867901576,-0.7818314824704528,0.6234898018556952,-0.21522968305127155,0.9765634559687605,-0.4203708862152214,0.9073523670672984,0,,837.73
2021-12-20,946.17,944.87,929.92,883.0,949.51,938.14,942.2214285714286,945.33,8.486197477018347,929.92,949.97,1.2075000000000466,931.3536666666666,944.1800000000001,33.93196077379078,781.8,954.86,0.7533192436039704,942.8084468356972,936.5903877146253,-0.4600000000000364,-0.004561736198904384,0,12,0,winter,-0.20905156878470177,0.9779046178378825,0.0,1.0,-0.4338837391182337,-0.9009688679020937,0.7818314824689648,0.6234898018575611,-0.19839906193190301,0.9801213252575116,-0.3889103030210878,0.9212756244490818,0,,863.81
2021-12-21,937.19,946.17,948.97,939.99,942.89,939.66,944.5428571428571,946.17,6.565517786848658,930.28,949.97,-0.1267857142857756,931.2423333333334,944.1800000000001,33.875767117751664,781.8,954.86,0.9741245828698403,943.6488351267728,937.2084272169076,1.2999999999999545,0.017474621472814866,1,12,0,winter,-0.1921987912338717,0.9813560132022622,0.7818314824680298,0.6234898018587336,-0.9749279121817802,-0.22252093395650474,0.4338837391179099,-0.9009688679022497,-0.18150972892709322,0.983389148966376,-0.3569893957174636,0.9341084366096263,0,,882.72
2021-12-22,899.25,937.19,949.97,922.45,944.24,939.99,942.86,945.33,6.748790015000537,930.28,949.97,-0.28214285714287474,931.0523333333333,944.1800000000001,33.824131324915214,781.8,954.86,1.0928253615127668,942.0341263450797,937.2072383642039,-8.979999999999905,-0.012413458802701848,2,12,0,winter,-0.17528913663280452,0.9845169976077234,0.9749279121818236,-0.22252093395631434,-0.7818314824687408,0.623489801857842,-0.9749279121813161,-0.22252093395853778,-0.16456668206745229,0.9863659600540309,-0.3246459467007381,0.9458356143066201,0,,914.72
2021-12-23,922.59,899.25,930.28,927.21,954.86,937.78,935.6142857142858,944.87,17.112638465123034,899.25,946.21,-3.93892857142854,929.5526666666667,943.79,34.21437880163345,781.8,954.86,0.9785984427141077,931.3380947588098,934.7583842761908,-37.940000000000055,-0.05339115972083332,3,12,0,winter,-0.15832760902584103,0.9873866356297114,0.43388373911755823,-0.900968867902419,-2.0853338953777246e-12,1.0,-4.170667790755449e-12,1.0,-0.1475749352790932,0.9890508775979987,-0.29191823849851,0.9564432769547428,0,930.28,924.81
2021-12-24,902.6,922.59,946.21,948.18,934.28,938.47,934.5157142857144,944.87,17.74722406193927,899.25,946.21,-6.0964285714285955,928.4770000000001,942.21,33.897102729412325,781.8,949.97,1.1082113459399197,929.1510710691074,933.973327226114,23.340000000000032,-0.008266328417250658,4,12,0,winter,-0.14131922780801567,0.9899640780612932,-0.433883739117558,-0.9009688679024191,0.7818314824684086,0.6234898018582585,0.9749279121815532,-0.2225209339574991,-0.13053951689964463,0.9914431070553708,-0.2588450084569815,0.9659188690552148,0,946.21,926.78
2021-12-25,890.8,902.6,945.33,948.29,948.93,937.78,928.2857142857143,937.19,20.412210281381828,899.25,946.17,-7.845357142857141,927.4209999999999,942.21,34.20217973997527,781.8,949.97,0.981283648498312,922.5133033018305,931.9492415986228,-19.99000000000001,-0.04608913454729924,5,12,1,winter,-0.1242690262396651,0.9922485621644637,-0.9749279121818236,-0.2225209339563146,0.9749279121818987,-0.2225209339559854,-0.43388373911695,-0.900968867902712,-0.11346546819056072,0.993541940497882,-0.22546540289110079,0.9742511750565938,1,945.33,934.46
2021-12-26,746.61,890.8,944.87,949.2,781.8,928.7,920.4957142857144,922.59,23.057292307887323,890.8,946.17,-9.426785714285698,925.4833333333333,940.475,34.586078456346655,781.8,949.97,0.8933570634037606,914.5849774763728,929.2944518180666,-11.800000000000068,-0.057683560238223776,6,12,1,winter,-0.10718204995695312,0.9942394118958598,-0.7818314824680299,0.6234898018587334,0.43388373911871364,-0.9009688679018627,-0.7818314824696291,0.6234898018567281,-0.09635784184510168,0.9953467568214378,-0.19181893074966996,0.9814303326299088,0,944.87,927.87
2021-12-27,826.45,746.61,946.17,929.92,884.41,931.48,892.1728571428572,902.6,67.3506725317287,746.61,946.17,-24.575357142857147,924.3103333333332,940.475,39.826866298962855,746.61,949.97,-1.2515839822024688,872.5912331072797,917.5083581523849,-144.18999999999994,-0.20982780699990475,0,12,0,winter,-0.09006335547871394,0.9959360381068229,0.0,1.0,-0.4338837391188288,-0.9009688679018072,0.7818314824697885,0.6234898018565281,-0.07922170049292894,0.9968570219299299,-0.157945416851212,0.9874478443420174,0,946.17,929.7
2021-12-28,829.62,826.45,937.19,948.97,927.33,927.8,875.07,899.25,66.54938892782302,746.61,937.19,-23.903214285714323,922.3783333333333,940.475,43.10045548069929,746.61,949.97,-2.1581156840934685,861.0559248304598,911.6336253683602,79.84000000000003,-0.12653117304501296,1,12,0,winter,-0.07291800871009775,0.9973379387177418,0.7818314824680298,0.6234898018587336,-0.9749279121811176,-0.2225209339594075,0.433883739123275,-0.900968867899666,-0.062062115202269244,0.9980722888932546,-0.12388495474697143,0.9922965877132405,0,937.19,883.56
2021-12-29,921.41,829.62,899.25,949.97,944.12,909.12,859.7028571428572,890.8,62.08420564423929,746.61,922.59,-19.898571428571426,919.1213333333333,940.475,46.287399248558664,746.61,949.97,-2.7224071190211596,853.1969436228449,906.3424237316918,3.169999999999959,-0.11477928701757385,2,12,0,winter,-0.055751083443415735,0.9984446988666349,0.9749279121818236,-0.22252093395631434,-0.7818314824683289,0.6234898018583585,-0.9749279121816101,-0.22252093395724978,-0.04488416397901633,0.998992198079597,-0.0896778592647252,0.9959708236478095,0,899.25,827.59
2021-12-30,928.0,921.41,922.59,930.28,945.77,934.43,862.8685714285714,890.8,64.93629478921922,746.61,922.59,-7.637499999999998,918.3643333333333,938.59,46.04955716461928,746.61,949.97,-2.535236929922178,870.2502077171337,907.3145254264215,91.78999999999996,0.024642757853766992,3,12,0,winter,-0.03856765985666961,0.9992559910319179,0.43388373911755823,-0.900968867902419,-1.424774080480661e-12,1.0,-2.849548160961322e-12,1.0,-0.02769293026411892,0.999616477261848,-0.05536461879135314,0.9984662032267733,0,922.59,882.14
2021-12-31,910.18,928.0,902.6,946.21,891.53,933.06,863.6414285714285,890.8,65.79210576469168,746.61,928.0,7.872500000000041,917.7720000000002,933.735,45.79848645293181,746.61,949.97,-2.284066740823161,884.6876557878502,908.6490721731041,6.590000000000032,0.005863926554590846,4,12,0,winter,-0.021372823010177244,0.999771575129327,-0.433883739117558,-0.9009688679024191,0.7818314824688205,0.623489801857742,0.9749279121812592,-0.2225209339587871,-0.010493501429019654,0.9999449416981713,-0.020985847349301468,0.9997797728555183,0,902.6,915.49
2022-01-01,932.42,910.18,890.8,945.33,943.46,933.84,864.7242857142857,890.8,66.59763180402706,746.61,928.0,18.42428571428575,918.3936666666666,933.735,45.555930495747766,746.61,949.97,-2.514026696329271,891.0607418408875,908.7478417103232,-17.82000000000005,0.008397961444715185,5,1,1,winter,0.0,1.0,-0.9749279121818236,-0.2225209339563146,0.9749279121817517,-0.2225209339566294,-0.4338837391181403,-0.9009688679021387,0.0067090327295008965,0.9999774941866614,0.013417763474525208,0.9999099777596689,0,890.8,917.88
2022-01-02,935.49,932.42,746.61,944.87,947.85,935.35,870.6700000000001,910.18,71.02437797451417,746.61,932.42,29.40249999999997,918.0256666666667,931.3499999999999,45.390753857445404,746.61,949.97,-2.250662958843186,901.4005563806656,910.2750777290121,22.24000000000001,0.046722047597665024,6,1,1,winter,0.01720192860577051,0.9998520358794305,-0.7818314824680299,0.6234898018587334,0.4338837391181185,-0.9009688679021493,-0.7818314824688054,0.623489801857761,0.023909581495766056,0.9997141250941177,0.04780549269281254,0.9988566638253946,0,746.61,933.45
2022-01-03,937.49,935.49,826.45,946.17,944.8,937.23,897.6528571428571,921.41,48.271800503083355,826.45,935.49,18.62464285714284,917.6136666666666,931.3499999999999,45.16625048245368,746.61,949.97,-1.932304783092345,909.9229172854991,911.9018469077855,3.07000000000005,0.25298348535379916,0,1,0,winter,0.03439876667506451,0.999408187304484,0.0,1.0,-0.4338837391161463,-0.900968867903099,0.7818314824660758,0.6234898018611839,0.041103054741575995,0.999154912358895,0.08213663811600445,0.996621077781822,0,826.45,930.94
2022-01-04,928.58,937.49,829.62,937.19,940.96,936.74,913.5157142857142,928.0,38.159183629082406,829.62,937.49,12.72107142857149,917.37,931.3499999999999,45.034050718739486,746.61,949.97,-1.61657842046721,916.8146879641242,913.55269549438,2.0,0.13435779538992068,1,1,0,winter,0.05158542517783902,0.9986685856224885,0.7818314824680298,0.6234898018587336,-0.9749279121812646,-0.2225209339587635,0.4338837391220847,-0.9009688679002392,0.05828436443274763,0.9983000214678304,0.11637056452890161,0.9932058657253413,0,829.62,927.77
2022-01-05,927.91,928.58,921.41,899.25,883.0,928.03,927.6528571428571,928.58,9.364560346119285,910.18,937.49,2.350000000000051,916.9573333333334,930.0999999999999,44.86684252497594,746.61,949.97,-1.3815661846496314,919.7560159730931,914.5221990108716,-8.909999999999968,0.11928352739808591,2,1,0,winter,0.06875681809647223,0.9976334497024689,0.9749279121818236,-0.22252093395631434,-0.781831482467917,0.6234898018588749,-0.9749279121819041,-0.22252093395596179,0.07544842613446673,0.9971497054072833,0.15046675178685337,0.9886150699876638,0,921.41,936.47
2022-01-06,915.68,927.91,928.0,922.59,939.99,938.41,928.5814285714285,928.58,8.955697308732153,910.18,937.49,1.4857142857142838,918.4543333333334,930.0999999999999,44.44198206909716,746.61,949.97,-1.5450923248053636,921.7945119798198,915.3859281069444,-0.6700000000000728,0.007054405747712745,3,1,0,winter,0.08590786393085985,0.9963030858703775,0.43388373911755823,-0.900968867902419,-7.642142655835973e-13,1.0,-1.5284285311671946e-12,1.0,0.09259016051608653,0.9957043045882675,0.18438484277677197,0.9828541243512107,0,928.0,911.69
2022-01-07,915.0,915.68,910.18,902.6,922.45,938.82,926.8214285714286,928.58,10.211535027554287,910.18,937.49,0.020357142857206877,917.644,929.25,44.25701429697701,746.61,949.97,-1.4144694104560835,920.2658839848649,915.4049004871417,-12.230000000000018,-0.01327586206896557,4,1,0,winter,0.1030334872021744,0.9946778878184431,-0.433883739117558,-0.9009688679024191,0.7818314824692323,0.6234898018572256,0.9749279121809653,-0.2225209339600751,0.10970449485441464,0.9939642467456954,0.21808469118517051,0.9759298476174755,0,910.18,938.22
2022-01-08,915.0,915.0,932.42,890.8,927.21,936.97,927.51,928.58,8.992059460059894,915.0,937.49,-3.623571428571447,917.3956666666668,929.25,44.25001817130688,746.61,949.97,-1.3983826473860093,918.9494129886486,915.3787778750681,-0.67999999999995,0.005295655804346449,5,1,1,winter,0.12012861995484278,0.9927583364886667,-0.9749279121818236,-0.2225209339563146,0.9749279121824143,-0.22252093395372663,-0.43388373911277517,-0.9009688679047224,0.12678636453453537,0.9919300468118283,0.2515264090156864,0.9678504355362318,0,932.42,938.41
2022-01-09,943.0,915.0,935.49,746.61,948.18,939.39,925.0214285714285,927.91,9.782500410714873,915.0,937.49,-4.2625,916.9886666666667,929.25,44.212772279554564,746.61,949.97,-1.346153503893232,917.9620597414864,915.3543405928057,0.0,-0.018682567941485553,6,1,1,winter,0.13718820325629746,0.9905449999304973,-0.7818314824680299,0.6234898018587334,0.43388373911752337,-0.9009688679024359,-0.7818314824679817,0.6234898018587939,0.14383071454879892,0.9896023067638747,0.2846704138019756,0.9586254511047638,0,935.49,934.13
2022-01-10,929.0,943.0,937.49,826.45,948.29,938.26,926.0942857142857,927.91,11.400034878807007,915.0,943.0,-0.8407142857142291,916.8160000000001,929.25,44.096721091647545,746.61,949.97,-0.9632258064516379,924.2215448061148,917.1379315223022,28.0,0.00802787843803781,0,1,0,winter,0.15420718869405753,0.9880385331327293,0.0,1.0,-0.43388373911674144,-0.9009688679028124,0.7818314824668995,0.6234898018601509,0.1608325009926281,0.9869817154458619,0.31747747545830474,0.9482658132489126,0,937.49,938.09
2022-01-11,936.0,929.0,928.58,829.62,949.2,918.6,924.8814285714286,927.91,10.392693633139748,915.0,943.0,1.0985714285714805,916.1730000000001,928.79,43.761318626512,746.61,949.97,-0.6675572858732187,925.4161586045861,917.9032262627989,-14.0,-0.009056096598363726,1,1,0,winter,0.17118053986969634,0.9852396778296737,0.7818314824680298,0.6234898018587336,-0.9749279121814116,-0.2225209339581195,0.43388373912089445,-0.9009688679008124,0.1777866925573767,0.9840690483647521,0.3499087627137089,0.9367837838990176,0,928.58,
2022-01-12,859.0,936.0,927.91,921.41,929.92,896.45,925.9414285714286,927.91,11.181282616600939,915.0,943.0,2.818214285714355,915.733,928.79,43.48327321293117,746.61,949.97,-0.3118687430478399,928.0621189534396,919.0707600522958,7.0,0.007990695470503306,2,1,0,winter,0.18810323388925426,0.9821492622816578,0.9749279121818236,-0.22252093395631434,-0.7818314824675052,0.6234898018593914,-0.9749279121821981,-0.2225209339546738,0.19468827201889877,0.9808651674609998,0.38192588907301966,0.9241929534765906,0,927.91,845.55
2022-01-13,935.0,859.0,915.68,928.0,948.97,938.07,916.0971428571429,915.68,27.534936422833024,859.0,943.0,-4.072857142857115,913.369,928.29,44.59888813752562,746.61,949.97,-0.5800467185762325,910.7965892150797,915.1952271456961,-77.0,-0.07426366781261111,3,1,0,winter,0.20497026284965483,0.9787682010299187,0.43388373911755823,-0.900968867902419,-1.0365445068653363e-13,1.0,-2.0730890137306726e-13,1.0,0.21153223772245625,0.9773710208534578,0.41349095825242677,0.9105082248082605,0,915.68,829.58
2022-01-14,927.0,935.0,915.0,910.18,949.97,938.57,918.8571428571429,929.0,28.43957671642554,859.0,943.0,-2.107142857142825,912.9033333333333,928.29,44.28618818963642,746.61,949.97,-0.19496774193550784,916.8474419113098,916.472954426619,76.0,0.021099073912283824,4,1,0,winter,0.2217766353206845,0.9750974946259662,-0.433883739117558,-0.9009688679024191,0.781831482467376,0.6234898018595535,0.9749279121822904,-0.22252093395426956,0.22831360506301593,0.9735876425587627,0.4445666090347882,0.8957457954862583,0,915.0,859.46
2022-01-15,938.0,927.0,915.0,932.42,930.28,938.86,920.5714285714286,929.0,28.529850699790018,859.0,943.0,-1.7857142857142438,912.1376666666666,927.9549999999999,43.81934635589111,746.61,946.21,0.1516106785316892,919.3855814334823,917.1521186571597,-8.0,0.013114754098360656,5,1,1,winter,0.23851737782209795,0.9711382293354899,-0.9749279121818236,-0.2225209339563146,0.9749279121822673,-0.22252093395437061,-0.4338837391139655,-0.9009688679041492,0.2450274079600011,0.9695161521854101,0.47511605949068997,0.8799231386968064,0,915.0,866.22
2022-01-16,956.0,938.0,943.0,935.49,946.21,938.9,923.8571428571429,935.0,29.099991818030617,859.0,943.0,-0.7142857142856402,912.395,927.9549999999999,43.9520301794653,746.61,946.21,0.44358398220243156,924.0391860751117,918.4971432599236,11.0,0.025136612021857924,6,1,1,winter,0.2551875362954114,0.9668915768169035,-0.7818314824680299,0.6234898018587334,0.4338837391169282,-0.9009688679027225,-0.781831482467158,0.6234898018598267,0.26166870032711764,0.9651577546023847,0.5051031505148904,0.8630589825382342,0,943.0,913.44
2022-01-17,921.0,956.0,929.0,937.49,945.33,928.45,925.7142857142857,935.0,30.885348660889118,859.0,956.0,5.464285714285755,912.7213333333333,927.9549999999999,44.24710968416327,746.61,956.0,0.9581134593993155,932.0293895563339,920.9166824044447,18.0,0.013785790031813362,0,1,0,winter,0.27178217756994844,0.9623587937746176,0.0,1.0,-0.4338837391173366,-0.9009688679025258,0.7818314824677232,0.6234898018591181,0.27823255753593057,0.9605137395826335,0.5344923886249537,0.8451732878540302,0,929.0,931.62
2022-01-18,914.0,921.0,936.0,928.58,944.87,937.69,924.5714285714286,935.0,30.891515247485657,859.0,956.0,5.428571428571471,911.9103333333333,927.4549999999999,43.85000857023032,746.61,956.0,1.2364115684093149,929.2720421672504,920.9220577331902,-35.0,-0.008611410118406888,1,1,0,winter,0.28829639082270425,0.9575412215871454,0.7818314824680298,0.6234898018587336,-0.9749279121815586,-0.2225209339574755,0.4338837391197042,-0.9009688679013856,0.2947140778734189,0.9555854814213224,0.5632489879726242,0.8262872246064408,0,936.0,937.41
2022-01-19,926.0,914.0,859.0,927.91,946.17,940.36,921.4285714285714,927.0,30.65320615562058,859.0,956.0,5.928571428571476,910.8813333333334,924.7950000000001,43.409889285923896,746.61,956.0,1.4772013348164428,925.4540316254379,920.4754733633071,-7.0,-0.023504273504273504,2,1,0,winter,0.3047252890315972,0.9524402859101507,0.9749279121818236,-0.22252093395631434,-0.7818314824693616,0.6234898018570635,-0.9749279121808729,-0.22252093396047934,0.31110838399220314,0.9503744385292356,0.5913389115166559,0.8064231468195198,0,859.0,935.33
2022-01-20,944.0,926.0,935.0,915.68,937.19,941.21,931.0,927.0,13.662601021276423,914.0,956.0,-2.5000000000000187,910.209,924.2950000000001,42.99874066720555,746.61,956.0,1.8181112347051984,925.5905237190784,920.8318944366422,12.0,0.0779976717112922,3,1,0,winter,0.32106401042167637,0.9470574962545567,0.43388373911755823,-0.900968867902419,5.569053642105301e-13,1.0,1.1138107284210602e-12,1.0,0.3274106243540551,0.9448821530011495,0.6187289113102203,0.7856045661201757,0,935.0,931.15
2022-01-21,941.35,944.0,927.0,915.0,899.25,942.48,932.2857142857143,927.0,14.499589485154766,914.0,956.0,-0.5357142857142695,910.436,924.2950000000001,43.163750244533816,746.61,956.0,2.222193548387083,930.1928927893089,922.3266109246008,18.0,0.009625668449197862,4,1,0,winter,0.33730771990385844,0.9413944455398386,-0.433883739117558,-0.9009688679024191,0.7818314824677878,0.623489801859037,0.9749279121819964,-0.22252093395555755,0.34361597466576554,0.9391102501594241,0.6453865678542827,0.7638561239089919,0,927.0,935.18
2022-01-31,850.0,941.35,938.0,915.0,922.59,941.7,934.3357142857143,938.0,14.641456959765828,914.0,956.0,-0.3196428571428435,911.8393333333333,926.5,43.47081430215025,746.61,956.0,2.3444938820911774,932.9821695919817,923.5539263488201,-2.6499999999999773,0.015480043149946087,0,1,0,winter,0.4934773587053823,0.8697586426389562,0.0,1.0,-0.43388373911524913,-0.900968867903531,0.7818314824648341,0.6234898018627408,0.49930149179628014,0.8664283122624798,0.8652178976943788,0.5013960405800184,0,,933.72
2022-02-01,855.0,850.0,956.0,943.0,902.6,940.4,921.7642857142857,926.0,34.83062247368958,850.0,956.0,-8.832142857142827,909.4196666666667,926.5,44.8501420044148,746.61,956.0,2.019672969966603,912.2366271939862,918.8085117456706,-91.35000000000002,-0.09381663113006397,1,2,0,winter,0.5083658678369077,0.8611411872732762,0.7818314824680298,0.6234898018587336,-0.9749279121818526,-0.2225209339561875,0.4338837391173236,-0.9009688679025321,0.5141318510597191,0.8577111633445765,0.8819532561698644,0.4713368794518136,0,,932.92
2022-02-02,784.0,855.0,921.0,929.0,890.8,922.29,907.3357142857143,921.0,38.959666261892416,850.0,944.0,-11.094642857142857,907.8330000000001,926.5,45.92872620364883,746.61,956.0,1.6215461624026402,897.9274703954896,914.6918335685306,5.0,-0.10564853556485355,2,2,0,winter,0.523103937151309,0.852268895910674,0.9749279121818236,-0.22252093395631434,-0.7818314824685378,0.6234898018580964,-0.9749279121814609,-0.22252093395790334,0.5288100641887602,0.8487401934706988,0.897644712377642,0.4407198320253587,0,,936.54
2022-02-03,849.0,784.0,914.0,936.0,746.61,942.66,887.7642857142857,914.0,59.79246548329808,784.0,944.0,-22.35714285714282,904.2729999999999,926.5,51.13817307904299,746.61,956.0,0.7051546162402382,869.4456027966172,906.260102370561,-71.0,-0.1487513572204126,3,2,0,winter,0.5376872052376563,0.8431443941127276,0.43388373911755823,-0.900968867902419,1.8780249940046573e-12,1.0,3.7560499880093146e-12,1.0,0.5433317874855612,0.8395180574042139,0.9122736935116751,0.40958113741548985,0,,930.82
2022-02-04,855.0,849.0,926.0,859.0,826.45,932.47,878.4785714285715,855.0,60.085521392032156,784.0,944.0,-22.762499999999964,907.686,926.5,43.02617307703831,784.0,956.0,-0.7387764182425076,864.3342020974629,902.5659022176216,65.0,-0.0711159737417943,4,2,0,winter,0.5521113564950746,0.8337703820772051,-0.433883739117558,-0.9009688679024191,0.7818314824663433,0.6234898018608483,0.9749279121830274,-0.22252093395104003,0.5576927235621847,0.8300474842355663,0.9258228843385451,0.3779576521715853,0,,936.72
2022-02-05,857.0,855.0,944.0,935.0,829.62,940.85,868.3357142857143,855.0,56.619245213720504,784.0,944.0,-18.48928571428575,908.6376666666667,926.5,41.45444210491763,784.0,956.0,-1.6389343715239388,862.0006515730972,899.4971343326138,6.0,-0.07667386609071274,5,2,1,winter,0.5663721224098525,0.8241496338390009,-0.9749279121818236,-0.2225209339563146,0.9749279121818263,-0.22252093395630262,-0.43388373911753636,-0.9009688679024296,0.5718886226120281,0.8203312765748465,0.9382762476919112,0.3458868066538347,0,,931.61
2022-02-06,860.0,857.0,941.35,927.0,921.41,940.21,855.907142857143,855.0,45.74669777309456,784.0,941.35,-8.894642857142841,909.5503333333334,926.5,39.92809074974186,784.0,956.0,-2.5170300333704296,860.7504886798229,896.7553837305097,2.0,-0.09216101694915255,6,2,1,winter,0.5804652828186154,0.8142849964492191,-0.7818314824680299,0.6234898018587334,0.4338837391184205,-0.9009688679020038,-0.7818314824692234,0.6234898018572369,0.5859152836676541,0.8103723097222982,0.9496190434547048,0.3134065607293048,0,,925.34
2022-02-07,853.0,860.0,850.0,938.0,928.0,862.35,844.2857142857143,855.0,26.855876363248832,784.0,860.0,3.750000000000048,907.5033333333333,926.5,40.86234168297475,784.0,956.0,-2.7549187986652006,860.5628665098671,894.3840686511221,3.0,-0.08641844159983006,0,2,0,winter,0.5943866671571916,0.8041793891326524,0.0,1.0,-0.43388373911584427,-0.9009688679032445,0.7818314824656578,0.6234898018617079,0.5997685558438821,0.8001735308174996,0.9598378460058238,0.28055535884188804,0,850.0,936.48
2022-02-08,840.09,853.0,855.0,956.0,910.18,925.88,844.7142857142857,855.0,26.98588696408007,784.0,860.0,5.499999999999974,905.0033333333333,923.5,41.84750561786053,784.0,956.0,-2.9651968854282815,858.6721498824004,891.7141287381465,-7.0,0.0035294117647058825,1,2,0,winter,0.6081321556947994,0.7938358024238994,0.7818314824680298,0.6234898018587336,-0.9749279121819996,-0.2225209339555435,0.4338837391161333,-0.9009688679031053,0.6134443395663345,0.7897379579670865,0.96892056011117,0.24737208450804732,0,855.0,929.2
2022-02-09,852.5,840.09,784.0,921.0,932.42,934.33,842.5842857142858,853.0,26.624732773083544,784.0,860.0,6.473928571428555,902.667,923.5,43.473490705693514,784.0,956.0,-3.3482914349277224,854.0266124118003,888.3835397872984,-12.909999999999968,-0.017438596491228035,2,2,0,winter,0.6216976807531925,0.7832572972823819,0.9749279121818236,-0.22252093395631434,-0.7818314824681261,0.6234898018586129,-0.9749279121817549,-0.22252093395661535,0.626938587784342,0.779068679351811,0.9768564352396735,0.21389601429394978,0,784.0,921.44
2022-02-10,834.76,852.5,849.0,914.0,935.49,934.83,852.37,853.0,6.443857540324889,840.09,860.0,-0.8328571428571135,900.003,918.3399999999999,44.032498746518584,784.0,956.0,-3.4667563959955694,853.6449593088503,886.068472704247,12.409999999999968,0.08737244897959184,3,2,0,winter,0.6350792279104001,0.7724470041865203,0.43388373911755823,-0.900968867902419,-1.0993939981899918e-12,1.0,-2.1987879963799836e-12,1.0,0.6402473071687202,0.7681688523125644,0.9836360782880115,0.18016677132640468,0,849.0,
2022-02-11,849.09,834.76,855.0,926.0,937.49,931.4,850.3357142857142,853.0,9.29988146365852,834.76,860.0,-3.2010714285713804,896.6453333333334,915.3399999999999,45.061670977278055,784.0,956.0,-3.642941045606249,848.9237194816378,882.7582486588118,-17.74000000000001,-0.016772673733804488,4,2,0,winter,0.6482728371887081,0.7614081222073368,-0.433883739117558,-0.9009688679024191,0.7818314824667552,0.623489801860332,0.9749279121827334,-0.22252093395232803,0.6533665592936381,0.7570417024159191,0.9892514646985745,0.1462242783935859,0,855.0,897.18
2022-02-12,819.43,849.09,857.0,944.0,928.58,931.4,849.4914285714285,852.5,9.0713218966359,834.76,860.0,-2.6682142857143085,893.6986666666667,915.0,45.188802834433375,784.0,956.0,-3.6680622914349534,848.9652896112284,880.5861035840497,14.330000000000041,-0.006912280701754349,5,2,1,winter,0.6612746042265288,0.7501439180617594,-0.9749279121818236,-0.2225209339563146,0.9749279121816793,-0.2225209339569466,-0.43388373911872663,-0.9009688679018564,0.6662924618018446,0.7456905224998085,0.9936959479574025,0.11210871069207481,0,857.0,923.4
2022-02-13,817.65,819.43,860.0,941.35,927.91,936.59,844.1242857142857,849.09,13.78042434898525,819.43,860.0,-4.816428571428563,890.0603333333332,914.5,46.653828795335436,784.0,956.0,-3.906654060066764,841.5814672084213,876.6405485141111,-29.660000000000082,-0.043838973162193755,6,2,1,winter,0.6740806814338108,0.738657725145909,-0.7818314824680299,0.6234898018587334,0.43388373911782535,-0.9009688679022905,-0.7818314824683996,0.6234898018582697,0.6790211895537457,0.7341186716989401,0.99696426746126,0.07786044827403243,0,860.0,925.04
2022-02-23,853.19,817.65,853.0,850.0,915.68,931.25,838.0742857142857,840.09,14.89984659556751,817.65,853.0,-5.3850000000000176,886.385,887.0,47.89580262007095,784.0,956.0,-4.112785317018932,835.598600406316,872.834706674491,-1.7799999999999727,-0.04924418604651165,2,2,0,winter,0.7905748615764532,0.6123654041855825,0.9749279121818236,-0.22252093395631434,-0.7818314824673024,0.6234898018596458,-0.9749279121823429,-0.22252093395403935,0.7946654485853004,0.6070476297826417,0.9647995540677327,-0.26298635035055357,0,,925.4
2022-02-24,858.5,853.19,840.09,855.0,915.0,927.7,838.1014285714285,840.09,14.931707235021632,817.65,853.19,-1.6332142857142784,884.302,859.5,47.93665852293978,784.0,956.0,-4.124912124582895,839.996450304737,871.5673062438788,35.54000000000008,0.0002227432590856443,3,2,0,winter,0.8009917508257599,0.5986753837507299,0.43388373911755823,-0.900968867902419,2.2172563160413562e-13,1.0,4.4345126320827124e-13,1.0,0.8049902565988529,0.5932880302019525,0.9551821673385955,-0.29601862643817406,0,,936.12
2022-02-25,811.94,858.5,852.5,784.0,915.0,929.81,840.7314285714286,849.09,16.839755964751834,817.65,858.5,0.8364285714285503,882.4186666666666,858.75,47.79869474003118,784.0,956.0,-4.079666295884335,844.6223377285528,870.7242542281447,5.309999999999945,0.021914318703948346,4,2,0,winter,0.8111716039950779,0.5848081983625508,-0.433883739117558,-0.9009688679024191,0.7818314824675788,0.623489801859299,0.9749279121821455,-0.22252093395490402,0.81507684526167,0.5793528599379514,0.9444342027431033,-0.3287005273634329,0,,927.48
2022-02-26,859.78,811.94,834.76,849.0,943.0,902.44,834.9371428571429,834.76,18.960024362050348,811.94,858.5,-0.5671428571428219,878.9833333333333,857.75,49.06308221852478,784.0,956.0,-4.309668520578449,836.4517532964146,866.9317216972967,-46.559999999999945,-0.04757771260997061,5,2,1,winter,0.8211114085783636,0.5707679517128266,-0.9749279121818236,-0.2225209339563146,0.9749279121821949,-0.22252093395468783,-0.4338837391145518,-0.9009688679038669,0.8249222296672754,0.5652462428011097,0.932568381845083,-0.360993369998458,0,,922.42
2022-02-27,867.7,859.78,849.09,855.0,929.0,909.09,838.5114285714286,849.09,21.15263059178211,811.94,859.78,2.0692857142857113,876.2093333333333,857.75,47.65109442122338,784.0,956.0,-3.992066740823163,842.2838149723109,866.4703202974712,47.83999999999992,0.029972686760266404,6,2,1,winter,0.8308082231067296,0.5565587987070535,-0.7818314824680299,0.6234898018587334,0.43388373911991274,-0.9009688679012852,-0.7818314824712888,0.623489801854647,0.834523496288347,0.5509723533378724,0.9195987493314796,-0.39285893171465325,0,,931.92
